x0,y0,x1,y1,x2,y2,x3,y3,x4,y4,x5,y5,x6,y6,x7,y7,x8,y8,x9,y9,x10,y10,x11,y11,x12,y12,x13,y13,x14,y14,x15,y15,x16,y16
785.3223266601562,340.16168212890625,788.9117431640625,336.8665771484375,782.8328857421875,336.186767578125,794.0597534179688,339.4648132324219,778.3284912109375,337.63397216796875,799.6715698242188,358.14117431640625,771.7249145507812,355.0357360839844,806.6903686523438,376.79962158203125,758.77783203125,370.4808654785156,803.2527465820312,377.4267578125,755.5093994140625,372.4990539550781,787.898681640625,404.6951904296875,770.16357421875,402.73748779296875,785.54931640625,434.2177734375,766.6482543945312,432.843994140625,781.154541015625,463.1997985839844,762.2386474609375,461.435546875
782.358642578125,340.5682373046875,786.52880859375,337.5240478515625,779.3660888671875,336.66015625,793.2135009765625,339.8149108886719,775.1134033203125,337.8379211425781,800.3329467773438,360.40557861328125,769.385986328125,354.25628662109375,810.3612670898438,383.2424011230469,742.7997436523438,369.11944580078125,807.57470703125,389.7558288574219,716.2623291015625,383.0625,791.3779907226562,411.3470764160156,771.5315551757812,407.3150634765625,780.0333251953125,449.007080078125,751.5952758789062,442.68927001953125,802.8587036132812,479.8800048828125,764.3937377929688,469.8433837890625
779.823486328125,337.19598388671875,784.0321655273438,333.9463806152344,776.99365234375,333.0302734375,792.0034790039062,336.5173645019531,774.406494140625,334.31109619140625,800.6075439453125,357.3260498046875,772.131591796875,351.9205627441406,810.80126953125,379.7850036621094,752.9257202148438,374.556884765625,803.1663818359375,382.1492919921875,733.0643310546875,399.71014404296875,794.4212646484375,406.4499206542969,775.3899536132812,402.020751953125,783.6422119140625,448.43365478515625,752.4258422851562,440.23919677734375,807.2459106445312,481.5880126953125,764.1424560546875,467.75408935546875
777.8104248046875,327.9067687988281,781.548095703125,324.7135009765625,775.294677734375,324.0926208496094,789.3609619140625,327.9007568359375,772.33447265625,326.535400390625,800.16357421875,349.40155029296875,768.2652587890625,347.9322509765625,815.329833984375,372.46807861328125,758.0293579101562,373.0751037597656,807.4637451171875,386.2372741699219,750.5220336914062,401.0408935546875,799.2577514648438,400.4483642578125,777.549560546875,398.756591796875,796.021240234375,442.7347412109375,760.6602172851562,439.3983154296875,812.8118896484375,480.923583984375,767.04541015625,475.5315856933594
779.039794921875,323.3110046386719,782.909912109375,319.76812744140625,776.4776611328125,319.2969970703125,791.5548095703125,322.3532409667969,773.6497192382812,321.48956298828125,803.03173828125,344.5496520996094,771.197265625,343.57647705078125,818.9269409179688,368.6240234375,764.6215209960938,370.4085693359375,808.8436889648438,385.19818115234375,766.6943359375,400.23272705078125,800.564208984375,400.16119384765625,778.224609375,398.47882080078125,801.2451171875,443.63623046875,761.9949340820312,439.7486572265625,817.8787841796875,482.2259216308594,765.7122802734375,474.74615478515625
780.9032592773438,322.43115234375,784.1455078125,318.59326171875,777.4676513671875,318.6072082519531,791.1126708984375,321.22882080078125,773.3270263671875,321.60015869140625,803.868896484375,344.02276611328125,771.62451171875,344.4662170410156,820.965576171875,369.4906311035156,768.99951171875,372.2077331542969,806.8167114257812,388.17608642578125,774.330810546875,402.7096252441406,806.7936401367188,397.6143493652344,783.7822265625,396.74365234375,809.2033081054688,439.5999755859375,766.5189208984375,436.3636779785156,823.7401123046875,482.1211853027344,769.9320068359375,474.6208190917969
784.3895874023438,323.41876220703125,787.5862426757812,319.8087463378906,780.8292236328125,319.7610168457031,793.8184204101562,322.84893798828125,775.8631591796875,322.9479675292969,805.3822021484375,344.96417236328125,772.53173828125,347.18621826171875,826.689208984375,365.55755615234375,767.99072265625,376.5202331542969,821.1095581054688,375.76708984375,773.8936767578125,406.6277160644531,808.7799682617188,401.8100280761719,786.34912109375,402.2910461425781,812.1729736328125,444.827880859375,776.3743896484375,442.88885498046875,828.0054931640625,485.87713623046875,782.9368286132812,479.8079833984375
783.00341796875,323.7137451171875,786.279541015625,318.45037841796875,778.6549072265625,320.0277404785156,794.1446533203125,319.2493896484375,774.6571044921875,323.88275146484375,807.148193359375,341.5849609375,774.6607666015625,348.1872253417969,823.977294921875,369.7105407714844,773.2841796875,380.590087890625,824.9595336914062,402.9850158691406,775.14111328125,409.25531005859375,811.6170654296875,399.413330078125,789.9473876953125,402.03594970703125,820.0631103515625,439.54559326171875,785.3051147460938,441.37017822265625,829.8422241210938,477.8228759765625,788.9002685546875,479.3447570800781
788.5045166015625,326.89959716796875,791.822265625,323.15478515625,785.187255859375,323.28399658203125,799.04052734375,325.633544921875,780.559326171875,326.1784973144531,811.979736328125,347.339111328125,774.9937744140625,350.5708923339844,828.8223876953125,371.141357421875,773.1549072265625,381.279052734375,828.609130859375,391.0924072265625,778.9147338867188,411.4250793457031,816.9559936523438,402.3463439941406,792.1331176757812,404.12408447265625,824.5045166015625,441.7222900390625,787.32763671875,442.4771728515625,838.84423828125,478.05279541015625,799.3456420898438,477.4844970703125
786.75146484375,334.3592834472656,790.0933227539062,330.34417724609375,783.3507080078125,330.70904541015625,798.1617431640625,331.8951721191406,779.1619262695312,333.0950927734375,812.8028564453125,352.44488525390625,774.6051025390625,357.6197204589844,833.384033203125,375.1771545410156,774.3580322265625,388.9607849121094,838.85302734375,399.0166015625,779.98681640625,419.6816711425781,820.6312866210938,408.8914489746094,794.8388671875,411.94036865234375,832.271484375,448.21270751953125,791.2069702148438,450.8134460449219,847.7623291015625,486.64068603515625,802.2166748046875,488.48907470703125
794.6114501953125,339.0898132324219,797.6282958984375,335.01422119140625,790.59326171875,335.6058044433594,804.3099365234375,336.19879150390625,784.9634399414062,337.7840881347656,817.076904296875,355.53289794921875,779.6976928710938,361.4912109375,836.5806884765625,377.50543212890625,779.5308837890625,392.56280517578125,843.7230834960938,398.50811767578125,785.7645263671875,420.08514404296875,824.9381103515625,408.2644958496094,799.2236328125,411.9700927734375,839.86669921875,446.113037109375,795.0784912109375,449.677978515625,852.223388671875,485.6715087890625,800.3446655273438,489.1007995605469
802.2346801757812,343.0897216796875,804.8387451171875,339.062744140625,798.0211181640625,339.69512939453125,810.05322265625,340.08203125,791.6731567382812,341.6131286621094,822.260498046875,358.83685302734375,785.5001220703125,364.3160705566406,841.7481079101562,380.9286804199219,783.474609375,394.636474609375,849.986572265625,403.19940185546875,789.3447265625,422.23297119140625,830.3760986328125,409.4810791015625,804.7153930664062,412.968017578125,843.729736328125,445.585205078125,795.80224609375,449.0340576171875,854.6874389648438,484.9185791015625,797.07177734375,488.0902404785156
809.708251953125,343.178955078125,812.03466796875,339.1114501953125,805.685546875,339.8365173339844,816.7468872070312,339.9781188964844,799.6505126953125,341.7801208496094,829.3716430664062,359.04058837890625,792.2987060546875,363.79791259765625,846.7314453125,380.58404541015625,787.36083984375,391.98907470703125,853.4337158203125,403.089599609375,791.1567993164062,419.2940368652344,833.9485473632812,411.6356201171875,807.9036254882812,414.58502197265625,847.7542724609375,448.27349853515625,798.2887573242188,450.8788146972656,857.544921875,487.501708984375,797.5133056640625,489.0846862792969
818.5259399414062,343.1364440917969,821.1419677734375,339.0729675292969,814.4163208007812,339.6310729980469,826.5506591796875,340.2494201660156,807.9266357421875,341.561279296875,838.5721435546875,361.121826171875,801.125732421875,364.23388671875,853.4447021484375,383.97991943359375,796.2615966796875,392.475830078125,859.658447265625,409.2734069824219,796.44140625,421.8331298828125,839.3215942382812,412.8474426269531,812.8778686523438,414.1090087890625,852.7972412109375,451.5303039550781,801.4773559570312,452.2279357910156,860.5924072265625,489.7567138671875,796.1920166015625,489.4866027832031
825.9043579101562,347.42633056640625,828.7989501953125,343.3707580566406,821.77880859375,343.70599365234375,834.774169921875,343.5913391113281,815.083740234375,344.3394775390625,846.0947265625,362.75164794921875,808.7125244140625,364.2188415527344,860.171630859375,386.28240966796875,803.6190185546875,392.3661804199219,864.3484497070312,409.0113830566406,805.3778686523438,422.68829345703125,843.332275390625,411.74932861328125,817.0321044921875,411.799072265625,855.7674560546875,451.48358154296875,804.6527709960938,450.1835632324219,858.9404296875,490.6890563964844,795.3126220703125,487.43890380859375
834.9984130859375,346.2097473144531,837.6768798828125,342.11053466796875,830.9467163085938,342.5144348144531,843.23193359375,342.8249816894531,824.3347778320312,343.65948486328125,854.082275390625,363.7951354980469,817.2506103515625,364.79052734375,866.9180908203125,389.3480529785156,809.828369140625,393.28460693359375,872.1567993164062,416.99774169921875,811.0779418945312,425.5721740722656,849.8600463867188,415.5061340332031,823.94482421875,415.33203125,860.7425537109375,455.13427734375,809.6076049804688,453.80767822265625,861.9974365234375,493.72052001953125,797.4659423828125,490.32489013671875
842.9969482421875,345.1106872558594,845.3052978515625,341.121337890625,839.0269775390625,341.51947021484375,849.7362060546875,341.9943542480469,832.2227783203125,342.7853698730469,859.694091796875,363.0543212890625,824.9964599609375,364.00225830078125,874.0284423828125,386.8764953613281,814.0816040039062,390.4263610839844,877.6151733398438,413.18402099609375,813.464111328125,421.21881103515625,856.1231689453125,417.42303466796875,832.0523071289062,417.24725341796875,863.3944091796875,456.427001953125,817.53515625,455.309326171875,864.257568359375,493.51470947265625,804.8897705078125,490.22528076171875
848.5833740234375,345.69049072265625,851.999267578125,341.7581787109375,845.0769653320312,341.6758728027344,857.0716552734375,343.898193359375,839.975341796875,343.6829833984375,865.165771484375,364.434326171875,831.07177734375,364.3627624511719,877.7142333984375,390.0994873046875,818.2816772460938,390.34490966796875,883.2427368164062,416.1420593261719,818.374267578125,415.96630859375,858.7424926757812,415.4095458984375,835.7557373046875,415.28314208984375,867.9981079101562,454.08929443359375,823.4234619140625,453.93365478515625,868.83935546875,489.7191467285156,813.21728515625,489.7561340332031
851.3875122070312,347.15777587890625,854.3846435546875,343.06378173828125,847.885009765625,343.3145751953125,859.6074829101562,344.6863098144531,842.9345703125,345.4154052734375,869.50439453125,364.742431640625,834.3861083984375,365.7911682128906,883.3746337890625,390.2080078125,822.58447265625,392.02197265625,886.2586669921875,417.13543701171875,822.6923217773438,417.91021728515625,864.225830078125,415.858154296875,840.8109741210938,416.18084716796875,870.77392578125,454.6692810058594,828.9422607421875,454.721435546875,870.5912475585938,490.432373046875,820.152099609375,490.6432800292969
857.6006469726562,343.53204345703125,860.5384521484375,339.2080383300781,854.1866455078125,339.55712890625,865.0833740234375,340.4975891113281,849.117919921875,341.39813232421875,873.6962890625,362.02740478515625,839.55517578125,362.7822265625,884.9190673828125,388.3891296386719,821.1524047851562,388.54644775390625,889.9791870117188,418.19384765625,815.943115234375,419.1372985839844,867.3505859375,415.20806884765625,845.3291015625,415.4581298828125,872.0638427734375,456.8551025390625,836.3389892578125,457.25445556640625,871.1019287109375,496.06549072265625,828.1155395507812,496.6368408203125
858.7000732421875,338.2325439453125,861.6575317382812,333.72174072265625,854.903564453125,334.3255615234375,866.2210693359375,335.5008544921875,849.5968017578125,337.14056396484375,875.7684326171875,358.9554748535156,841.9691162109375,360.73876953125,887.71240234375,386.312744140625,826.6788330078125,387.9793701171875,891.5667724609375,417.50469970703125,821.6378173828125,419.079345703125,871.2474365234375,415.8866271972656,850.0177001953125,416.4752197265625,873.1444702148438,457.7525939941406,844.4912109375,458.3634338378906,871.3074951171875,496.57452392578125,839.139892578125,497.24334716796875
861.199462890625,340.36444091796875,863.9635009765625,335.59173583984375,857.2462158203125,336.42938232421875,868.882080078125,336.9901428222656,851.5125732421875,339.2238464355469,878.4223022460938,359.7131652832031,843.3936767578125,362.57843017578125,894.279541015625,385.85528564453125,830.2952880859375,390.3233642578125,899.6072387695312,416.513427734375,826.9213256835938,420.034912109375,874.0855712890625,419.059814453125,852.2953491210938,420.15557861328125,874.780029296875,461.61077880859375,850.5760498046875,462.33746337890625,873.3905639648438,500.84539794921875,848.9287109375,501.8363342285156
869.1773071289062,344.4734191894531,872.4087524414062,340.5910949707031,865.769775390625,340.60723876953125,877.5076904296875,341.73345947265625,859.4241943359375,341.8487548828125,885.7857666015625,361.78094482421875,847.9436645507812,364.1293029785156,896.3941040039062,386.0765075683594,836.7572021484375,392.02001953125,901.2916259765625,411.0240783691406,831.3876953125,421.667236328125,878.9503784179688,416.7584228515625,855.263916015625,418.19635009765625,880.4035034179688,459.6556396484375,854.959228515625,461.9586181640625,874.8762817382812,498.83099365234375,855.2257690429688,503.2020263671875
876.155029296875,347.0784912109375,878.8734741210938,342.8132629394531,872.3001708984375,343.10150146484375,882.0487060546875,343.8145751953125,865.9279174804688,344.2454833984375,889.6228637695312,363.1035461425781,853.6527099609375,363.5155029296875,901.3238525390625,389.246826171875,835.8616943359375,389.37567138671875,907.401123046875,416.32537841796875,835.7952880859375,417.78155517578125,884.6658325195312,416.823974609375,861.8458251953125,417.3387451171875,890.0205688476562,458.0193786621094,859.63232421875,458.3275451660156,887.8121337890625,497.56585693359375,855.25244140625,498.0466003417969
878.20556640625,349.3016052246094,881.3734130859375,344.7071533203125,873.915283203125,345.1157531738281,886.0372314453125,346.3392333984375,867.03125,347.2455139160156,894.5809936523438,367.9835205078125,856.0391845703125,369.11273193359375,908.4210205078125,394.93951416015625,839.6017456054688,396.3837890625,913.5098876953125,422.2802734375,840.0133056640625,424.061279296875,889.915283203125,424.6456604003906,865.205078125,425.37237548828125,896.3483276367188,465.94158935546875,864.0005493164062,466.3787841796875,895.2379760742188,507.1551513671875,860.8822631835938,507.65472412109375
881.572021484375,356.24835205078125,885.0465087890625,351.74896240234375,877.7407836914062,351.7647399902344,890.19970703125,353.18426513671875,870.9765625,353.0540771484375,898.19580078125,373.9395446777344,859.949951171875,374.09344482421875,912.9567260742188,400.7808837890625,844.9693603515625,401.26702880859375,919.0731201171875,427.29815673828125,844.46337890625,427.98876953125,891.4190673828125,429.05682373046875,866.524169921875,429.37493896484375,901.75146484375,469.6011962890625,865.4932250976562,469.8626403808594,904.5716552734375,512.8483276367188,863.577392578125,513.0775146484375
890.14453125,362.3735046386719,892.9806518554688,357.9078369140625,885.9164428710938,358.01824951171875,895.6427001953125,359.71368408203125,877.5677490234375,359.6451416015625,900.4642333984375,381.5032653808594,863.8862915039062,382.00933837890625,914.1502075195312,408.2778625488281,849.529052734375,410.1744689941406,922.612060546875,435.01214599609375,851.720947265625,437.62957763671875,894.2854614257812,435.88018798828125,870.51318359375,436.9247131347656,906.76806640625,472.5493469238281,873.0353393554688,473.4613952636719,906.5592041015625,515.9322509765625,869.22998046875,517.2825927734375
890.4615478515625,372.01373291015625,893.0009765625,367.5019226074219,886.150146484375,368.03875732421875,895.6400756835938,369.24810791015625,878.4298095703125,370.46881103515625,901.6031494140625,391.3607482910156,868.4251098632812,393.31695556640625,914.3310546875,417.9075622558594,856.8868408203125,421.5958557128906,919.9461669921875,443.9488525390625,855.871826171875,447.3280334472656,898.6007080078125,444.6546630859375,876.6809692382812,446.14056396484375,913.0224609375,478.02197265625,876.3524169921875,479.19183349609375,914.48779296875,520.9271850585938,871.4473876953125,522.4105224609375
894.8812255859375,378.12835693359375,898.0380249023438,373.5151062011719,889.9290771484375,374.1642150878906,901.690673828125,375.65716552734375,882.499267578125,377.090576171875,908.2538452148438,398.57720947265625,874.8280029296875,400.03228759765625,918.685546875,425.43548583984375,859.21923828125,426.7196044921875,925.5849609375,449.76068115234375,855.561767578125,451.3311767578125,905.737060546875,453.3525695800781,884.2840576171875,454.32476806640625,917.427734375,482.190673828125,885.43896484375,482.9435119628906,912.0122680664062,524.0979614257812,875.9287109375,524.9139404296875
900.2843017578125,384.21954345703125,903.902099609375,379.84320068359375,896.6577758789062,379.7903137207031,908.56640625,381.5111083984375,890.3922729492188,381.1087646484375,913.3017578125,402.8209228515625,881.70849609375,402.08868408203125,921.6661376953125,429.7105407714844,866.1703491210938,427.72760009765625,926.5746459960938,453.5960998535156,862.57421875,453.0282897949219,906.4681396484375,453.5263366699219,885.943115234375,453.36346435546875,916.1500854492188,485.9131164550781,885.3477783203125,485.8292236328125,918.6765747070312,526.6531982421875,883.3123779296875,526.3319702148438
904.0610961914062,386.900634765625,907.687744140625,382.78912353515625,900.989501953125,382.3970947265625,912.114013671875,384.43408203125,895.228271484375,383.0721130371094,917.1461181640625,404.84503173828125,884.9328002929688,403.35498046875,926.6834716796875,431.8686218261719,869.3785400390625,429.38397216796875,933.1505126953125,458.20172119140625,865.8438720703125,457.1697692871094,910.0172119140625,452.8468017578125,888.1027221679688,452.6503601074219,930.46435546875,485.8193664550781,886.7957763671875,485.8685302734375,938.25390625,526.962646484375,883.2321166992188,526.6141357421875
909.5359497070312,390.88726806640625,912.7457885742188,387.1641845703125,906.6729736328125,386.9781188964844,916.8125,387.69122314453125,900.814697265625,387.23876953125,920.7376708984375,407.35064697265625,888.287841796875,407.08380126953125,925.1940307617188,434.1453857421875,871.86328125,432.33648681640625,926.9756469726562,461.2173156738281,865.046875,458.291259765625,912.8804931640625,457.9540100097656,889.2496948242188,458.3043212890625,934.9118041992188,492.1582946777344,884.765380859375,493.3567199707031,949.65234375,527.9199829101562,881.8921508789062,531.7750244140625
910.91162109375,390.92352294921875,915.3060302734375,387.2109375,908.1080322265625,386.13037109375,920.8927001953125,388.83319091796875,902.5028076171875,385.747314453125,927.1480712890625,407.0166015625,890.9735107421875,403.71990966796875,936.9962158203125,433.59979248046875,875.9829711914062,428.6998291015625,941.7734985351562,459.3461608886719,873.8651123046875,456.28192138671875,919.0059814453125,454.20867919921875,893.1058959960938,452.9344482421875,941.0198364257812,490.94305419921875,881.9337158203125,490.1333312988281,954.0155029296875,529.30712890625,876.968017578125,528.0975341796875
912.12109375,391.4559631347656,916.2621459960938,387.6307067871094,910.0618896484375,387.0396423339844,921.940185546875,388.44720458984375,906.6954345703125,386.62542724609375,929.1047973632812,405.7087097167969,894.9119873046875,403.71038818359375,937.41259765625,431.5796813964844,877.9964599609375,428.3828125,940.06103515625,455.55389404296875,877.102294921875,454.6029052734375,918.0372314453125,452.0856628417969,893.6002197265625,451.21734619140625,940.6480712890625,488.7200927734375,882.8259887695312,488.41986083984375,953.584716796875,527.164306640625,878.1619873046875,526.5496826171875
910.2884521484375,389.63323974609375,914.6109619140625,385.7091979980469,908.0619506835938,385.2230529785156,921.9949951171875,386.6759948730469,904.9703979492188,385.42254638671875,932.0933837890625,404.50079345703125,895.437744140625,403.3710021972656,943.2654418945312,430.9114990234375,880.6182861328125,429.12664794921875,944.8346557617188,456.7919921875,880.3016357421875,455.4154357910156,923.3153686523438,451.2554626464844,897.0909423828125,450.52716064453125,944.2044067382812,487.39593505859375,881.83447265625,486.97796630859375,957.2158203125,525.985107421875,876.3418579101562,525.1561279296875
905.7973022460938,383.25274658203125,909.3037109375,379.4312744140625,903.2576293945312,379.3896789550781,917.7828369140625,380.33160400390625,899.8544311523438,380.39166259765625,930.1754150390625,400.552978515625,893.1516723632812,400.58843994140625,942.0035400390625,427.2384338378906,882.280029296875,426.45599365234375,942.316650390625,454.1020202636719,875.7496948242188,452.0731201171875,926.2871704101562,448.55780029296875,899.1116943359375,448.01226806640625,941.2154541015625,483.41412353515625,881.792724609375,482.7012634277344,956.5918579101562,523.630859375,876.0789184570312,522.987548828125
903.755126953125,379.737548828125,907.485595703125,375.74566650390625,900.8216552734375,375.6727294921875,916.3199462890625,376.8182373046875,897.0025634765625,376.8590087890625,929.6209716796875,398.75811767578125,891.7579345703125,398.09521484375,942.4949951171875,427.53387451171875,883.022705078125,424.6013488769531,941.259765625,457.1445007324219,877.1153564453125,451.6759033203125,926.8843994140625,448.997314453125,899.1696166992188,447.94647216796875,940.7757568359375,483.2377624511719,880.3092041015625,481.56292724609375,956.7540893554688,522.8392333984375,876.46484375,520.0335693359375
899.9033203125,372.55438232421875,903.6788330078125,368.5968933105469,896.8983764648438,368.48211669921875,912.649169921875,370.44512939453125,893.60498046875,370.3970947265625,926.5252075195312,393.9324645996094,889.93603515625,393.2961730957031,940.28369140625,422.6063232421875,884.15380859375,420.1835632324219,942.6835327148438,452.4513244628906,874.8880004882812,448.2364196777344,926.9979248046875,445.28912353515625,900.1203002929688,444.228759765625,939.8684692382812,481.8411865234375,880.0402221679688,479.98553466796875,956.10498046875,521.844970703125,875.795654296875,518.4874267578125
894.1983032226562,368.1325378417969,897.9644775390625,364.00701904296875,891.8394775390625,363.92108154296875,908.2348022460938,365.53131103515625,890.4361572265625,365.68487548828125,924.39453125,388.6562805175781,888.9788818359375,388.21124267578125,940.4196166992188,419.10699462890625,882.70263671875,416.67523193359375,937.0997314453125,449.84454345703125,875.3909912109375,445.54266357421875,927.1829223632812,441.0733337402344,901.336669921875,439.918701171875,936.4678344726562,477.9710693359375,880.7930908203125,475.8289489746094,956.0450439453125,517.833984375,881.3543701171875,513.4778442382812
891.91748046875,361.316650390625,895.5462646484375,357.349365234375,889.238037109375,357.24365234375,904.2138671875,358.8653564453125,886.8843994140625,358.9898681640625,919.6994018554688,381.1809997558594,883.75537109375,381.12548828125,936.2118530273438,411.3812255859375,879.5306396484375,408.7475280761719,931.8646240234375,438.15692138671875,873.9945068359375,430.83447265625,923.1388549804688,437.41424560546875,897.1873779296875,436.864013671875,931.4193115234375,474.40716552734375,881.0996704101562,473.56781005859375,954.6549072265625,515.6574096679688,888.0810546875,513.5477294921875
883.2632446289062,355.28204345703125,887.0645141601562,351.63397216796875,881.8580322265625,351.1213073730469,897.4004516601562,353.6832275390625,884.073486328125,352.6606750488281,913.651611328125,374.06024169921875,883.36865234375,371.7587585449219,927.3905639648438,403.14483642578125,878.25732421875,397.58721923828125,919.440673828125,428.3785400390625,868.45556640625,423.1854248046875,922.9630126953125,426.05877685546875,900.899658203125,424.3971862792969,929.8653564453125,466.6087646484375,886.0332641601562,464.20660400390625,953.8846435546875,509.4754638671875,894.7395629882812,504.8625183105469
879.0093994140625,354.7136535644531,882.2081909179688,350.83416748046875,877.3888549804688,350.573974609375,891.2667846679688,352.7327880859375,878.6764526367188,352.16485595703125,907.0848999023438,374.85052490234375,877.7883911132812,373.82806396484375,922.5990600585938,403.11474609375,871.817626953125,400.6317443847656,913.2718505859375,424.6899719238281,864.34814453125,424.53387451171875,915.2349243164062,431.49261474609375,893.9866943359375,430.8375244140625,927.1206665039062,469.8800048828125,886.4679565429688,468.3614501953125,953.69921875,511.9542236328125,897.92431640625,508.3157043457031
875.7423706054688,351.0914611816406,878.9525756835938,347.367919921875,875.2728881835938,346.5929260253906,885.7635498046875,349.4012451171875,878.9119873046875,347.7475280761719,896.3171997070312,369.71209716796875,877.81494140625,370.15704345703125,907.2080078125,398.56170654296875,873.7197265625,398.9354248046875,890.641845703125,423.19708251953125,859.8063354492188,419.7501525878906,909.468017578125,426.9407043457031,894.927978515625,427.31634521484375,916.781005859375,464.43157958984375,884.1809692382812,466.637451171875,948.7714233398438,504.50628662109375,897.2769775390625,508.42034912109375
869.3033447265625,342.9666748046875,873.0001220703125,339.12091064453125,868.609130859375,338.2828063964844,881.20361328125,340.9114990234375,871.6610107421875,339.6121826171875,891.4850463867188,359.6919250488281,871.6389770507812,362.10546875,898.1729736328125,393.197265625,869.962890625,397.1219787597656,874.008544921875,416.60711669921875,850.86083984375,418.6449279785156,905.8310546875,415.97235107421875,891.0964965820312,417.68572998046875,909.1488647460938,457.7324523925781,879.641357421875,461.6094970703125,941.381103515625,496.90863037109375,898.2530517578125,502.3360290527344
862.8535766601562,339.7073974609375,865.4580078125,335.32989501953125,862.788818359375,334.932373046875,874.2877197265625,336.26007080078125,870.9439697265625,335.3773193359375,886.431396484375,355.9954833984375,875.8118896484375,357.6883850097656,891.1873168945312,388.0606384277344,872.038818359375,392.6474609375,861.026123046875,412.5103759765625,849.6571044921875,416.243408203125,896.2967529296875,416.53338623046875,888.4449462890625,417.2824401855469,899.0802612304688,458.7468566894531,877.8819580078125,460.8807373046875,929.3955078125,496.8267517089844,898.0201416015625,498.413818359375
869.1429443359375,336.9716491699219,871.7471923828125,332.6101989746094,866.9324951171875,333.0888366699219,878.108154296875,335.86016845703125,869.9500732421875,337.09710693359375,885.68212890625,358.35723876953125,873.5843505859375,360.62005615234375,880.8173217773438,380.02362060546875,867.4817504882812,382.902099609375,848.6607666015625,381.2919616699219,846.2733154296875,382.5724182128906,892.2035522460938,417.77923583984375,883.564208984375,418.68353271484375,896.2432861328125,457.034912109375,881.6207885742188,458.5072021484375,918.3546752929688,493.5641784667969,899.8815307617188,493.9599609375
854.6083984375,322.9095458984375,858.7454833984375,318.4334716796875,853.9151611328125,317.7899169921875,870.001708984375,320.3529357910156,861.7969970703125,319.0340576171875,878.1223754882812,343.83746337890625,870.8792724609375,342.97125244140625,882.0386352539062,376.1163330078125,869.2108154296875,373.5824890136719,863.7984008789062,399.27484130859375,853.9200439453125,389.5826416015625,883.02783203125,405.09783935546875,879.3974609375,404.6236572265625,883.4053344726562,450.8628845214844,881.5877685546875,450.86309814453125,904.8316650390625,491.5589599609375,902.824462890625,489.4739685058594
852.0552978515625,321.5458068847656,854.80029296875,316.9247741699219,853.013671875,317.1402282714844,864.2613525390625,319.45245361328125,864.1931762695312,320.1051025390625,873.4000854492188,344.9003601074219,873.1937255859375,344.6640625,870.6273193359375,375.72906494140625,866.2977905273438,373.9862365722656,852.0775146484375,390.11676025390625,846.40185546875,389.1453552246094,876.5337524414062,405.71075439453125,876.660888671875,404.6463623046875,875.1988525390625,450.22723388671875,875.7178344726562,450.2017822265625,894.42431640625,494.9215393066406,892.0482788085938,492.4661865234375
847.54345703125,322.4800109863281,850.2681884765625,319.0467224121094,848.680419921875,317.95050048828125,858.8375244140625,321.051513671875,863.40673828125,318.14239501953125,869.8408813476562,341.35345458984375,871.4522705078125,334.3411560058594,865.0850830078125,374.623779296875,864.49365234375,360.66650390625,841.405517578125,391.81402587890625,835.8765869140625,373.1794738769531,879.0979614257812,401.1669616699219,879.4407958984375,396.77069091796875,871.3229370117188,450.70501708984375,860.754150390625,446.2247314453125,904.1446533203125,488.44537353515625,882.2411499023438,480.6763916015625
843.7805786132812,322.1988525390625,847.223388671875,318.60955810546875,843.20654296875,317.65972900390625,854.1942138671875,321.4994201660156,851.0026245117188,318.9143371582031,862.6466674804688,341.56817626953125,854.960693359375,335.3702392578125,857.75537109375,360.2308044433594,842.078857421875,346.53173828125,836.80419921875,368.3746337890625,816.02685546875,352.74322509765625,871.3826293945312,402.5953674316406,865.5302124023438,399.101806640625,857.518310546875,448.52239990234375,846.7996215820312,444.4652099609375,897.2398681640625,479.5773010253906,877.6455688476562,473.2099914550781
845.047119140625,321.07232666015625,847.1759033203125,317.87371826171875,843.7034912109375,317.8547058105469,851.2406005859375,320.0535583496094,845.3587646484375,320.101806640625,863.3385009765625,333.27471923828125,842.6026611328125,336.04443359375,883.5166015625,337.5035705566406,820.4060668945312,348.8898010253906,881.4019775390625,326.07940673828125,801.7283935546875,362.6172180175781,873.583740234375,392.08160400390625,861.158203125,393.2813415527344,856.7796020507812,438.60101318359375,849.6484375,438.3666687011719,887.931884765625,471.4578552246094,873.9871826171875,468.3853759765625
842.197021484375,320.5780029296875,844.780517578125,317.5969543457031,840.1693725585938,317.140380859375,848.312255859375,319.57855224609375,837.98974609375,318.4337158203125,858.7758178710938,333.3638610839844,831.904296875,332.72491455078125,876.6223754882812,344.0218505859375,815.7545166015625,347.0251770019531,878.8628540039062,339.0936584472656,811.0142822265625,359.24932861328125,867.4342041015625,387.3885498046875,849.140625,387.2384948730469,863.415283203125,435.7575988769531,839.9083251953125,433.78668212890625,890.0560302734375,473.57794189453125,854.2955322265625,468.5474853515625
827.4171752929688,319.74151611328125,830.700439453125,316.754638671875,825.8525390625,316.2221374511719,836.8465576171875,320.0340576171875,827.3973388671875,318.55731201171875,847.0010375976562,334.52569580078125,826.627685546875,333.5842590332031,868.4031982421875,339.21533203125,833.08984375,342.82977294921875,885.181884765625,332.14117431640625,849.1248779296875,342.96600341796875,857.0657958984375,387.11932373046875,839.3270263671875,386.3839416503906,865.4227294921875,435.2048034667969,820.98681640625,433.08197021484375,895.6591186523438,474.96484375,820.9630126953125,470.1346435546875
819.8516235351562,323.32330322265625,824.0338134765625,320.0509948730469,817.5562744140625,319.6119384765625,833.5731201171875,322.759033203125,819.2858276367188,321.3935546875,846.0755615234375,340.4681396484375,820.6246948242188,338.3013610839844,867.6021728515625,350.1585693359375,829.70361328125,351.96282958984375,881.33740234375,346.8875427246094,848.6910400390625,357.355224609375,852.489501953125,395.5379638671875,830.7723999023438,393.752197265625,866.8614501953125,437.9110107421875,813.2969970703125,433.775634765625,895.830322265625,473.3128967285156,810.5999755859375,464.4549865722656
819.507568359375,324.90362548828125,823.4920654296875,321.8680114746094,817.1358032226562,320.8865661621094,831.259033203125,325.3482666015625,816.2900390625,322.62432861328125,838.7081909179688,343.34466552734375,818.0982055664062,339.7563781738281,861.3531494140625,349.8252868652344,830.3223266601562,349.2025451660156,878.477783203125,343.5973205566406,852.1697998046875,350.5752868652344,841.3001708984375,396.83135986328125,822.1393432617188,394.93634033203125,856.9783935546875,437.1407775878906,799.704345703125,432.61346435546875,891.7157592773438,474.92010498046875,793.7268676757812,466.5742492675781
808.6871337890625,328.67974853515625,813.5673828125,324.8660583496094,806.372802734375,324.1299743652344,821.919677734375,327.6021423339844,808.193115234375,326.22601318359375,825.867431640625,344.0089111328125,814.5148315429688,346.888671875,847.8779296875,349.5213317871094,836.239501953125,364.72503662109375,873.4412841796875,351.5669860839844,848.596435546875,380.02410888671875,834.4813842773438,399.2976379394531,826.2365112304688,400.9518127441406,837.677734375,438.5820007324219,824.600830078125,439.2159423828125,862.9951171875,471.39178466796875,840.0946655273438,471.8065185546875
827.0696411132812,336.5751647949219,827.1747436523438,333.42462158203125,824.3017578125,333.2869873046875,823.0043334960938,337.4153747558594,820.6053466796875,336.41046142578125,820.83935546875,354.7493591308594,819.9813232421875,352.35784912109375,828.5864868164062,353.39056396484375,829.7327270507812,352.36688232421875,838.972900390625,328.700439453125,839.7139892578125,338.4266052246094,824.781982421875,404.63067626953125,817.0332641601562,404.52593994140625,853.5103759765625,439.71051025390625,794.00244140625,437.4066162109375,884.7606811523438,473.40826416015625,778.6492309570312,469.53668212890625
804.27294921875,335.27264404296875,805.94091796875,331.9626159667969,801.6595458984375,331.9390869140625,808.7850952148438,335.1119384765625,799.2447509765625,334.5008850097656,815.8507080078125,349.1686706542969,797.67822265625,351.166748046875,840.784912109375,341.2852783203125,785.6739501953125,357.4722900390625,852.9439086914062,322.7016296386719,781.9747924804688,358.83203125,822.34033203125,403.7691650390625,810.9094848632812,404.18548583984375,815.2014770507812,439.49932861328125,803.8765869140625,438.8271789550781,824.9701538085938,468.57708740234375,803.180419921875,465.7264709472656
791.4483642578125,343.27923583984375,793.2945556640625,339.83123779296875,791.20263671875,339.7102966308594,797.24951171875,342.44140625,799.2544555664062,341.6476135253906,795.606201171875,359.3131103515625,809.357177734375,356.8059997558594,767.5960083007812,371.0818176269531,811.55615234375,362.982421875,751.324951171875,370.1220703125,805.1651611328125,360.47265625,817.0733642578125,408.503662109375,820.081787109375,407.78485107421875,823.57568359375,438.7705993652344,787.8695068359375,437.68695068359375,850.286865234375,465.65411376953125,780.7831420898438,462.0703125
787.140869140625,345.720458984375,790.2745361328125,342.4608154296875,784.446533203125,342.32623291015625,797.8367919921875,343.6824035644531,782.825439453125,343.2076416015625,809.47705078125,360.186279296875,783.1982421875,358.1736145019531,823.462646484375,373.1763610839844,758.022705078125,368.4521484375,820.5107421875,372.7704162597656,734.3147583007812,376.58880615234375,821.6727905273438,408.3382873535156,801.888427734375,406.85076904296875,830.7782592773438,441.4669189453125,780.8596801757812,438.32122802734375,857.404541015625,468.2758483886719,776.7745971679688,461.56201171875
786.947998046875,343.0932922363281,789.2772216796875,339.56103515625,784.0191650390625,339.3307800292969,795.909912109375,340.3410949707031,782.7242431640625,339.36041259765625,808.263916015625,356.7890625,784.1852416992188,355.7225341796875,828.25634765625,371.3423767089844,767.5306396484375,377.12139892578125,827.513427734375,368.21966552734375,744.0759887695312,399.4382629394531,820.58349609375,398.9268798828125,803.3834838867188,397.51019287109375,824.9518432617188,431.0081787109375,778.80615234375,426.67254638671875,841.9154663085938,461.2438659667969,773.7080078125,452.06005859375
786.47998046875,337.5594482421875,789.6295166015625,333.9057312011719,783.907958984375,333.73876953125,797.3795166015625,335.0329284667969,782.323974609375,334.61865234375,809.7059326171875,351.9791564941406,782.7261962890625,354.2075500488281,827.1670532226562,368.00347900390625,774.801513671875,382.6330261230469,825.7527465820312,372.8694763183594,763.1417236328125,412.5845031738281,822.0009155273438,400.33123779296875,801.0730590820312,400.4344482421875,831.3551025390625,439.27392578125,779.2322998046875,437.4456787109375,861.38818359375,473.4158020019531,781.94775390625,468.8985900878906
787.355224609375,327.4224853515625,790.7579345703125,323.99737548828125,784.6217651367188,323.97760009765625,799.266357421875,326.9351501464844,782.9075317382812,326.97882080078125,811.629150390625,346.25225830078125,783.3333740234375,350.42864990234375,829.5152587890625,364.83392333984375,781.4159545898438,380.741455078125,830.1751098632812,370.2538146972656,781.1158447265625,409.4146728515625,824.158935546875,401.37640380859375,802.4246826171875,403.717529296875,835.538818359375,439.98614501953125,783.70654296875,440.6148681640625,867.239501953125,471.3875427246094,788.8668212890625,469.66796875
786.7095947265625,328.1882019042969,790.0361328125,324.22186279296875,784.4002075195312,324.38336181640625,800.544189453125,326.2164306640625,785.1209106445312,326.80364990234375,814.833984375,345.498291015625,789.01708984375,349.4207763671875,834.6148681640625,360.85382080078125,789.6854248046875,378.0856018066406,835.5833129882812,373.09991455078125,790.5177001953125,407.70941162109375,826.2753295898438,396.37896728515625,805.3936157226562,397.9280090332031,842.0589599609375,433.22918701171875,785.3934326171875,433.5226135253906,867.7633056640625,466.61358642578125,780.5289306640625,464.8915100097656
786.781494140625,327.6179504394531,789.843994140625,323.784423828125,784.4210205078125,323.67755126953125,799.0438842773438,326.23162841796875,786.1121826171875,325.6877746582031,810.8358764648438,344.88372802734375,792.1309204101562,346.495849609375,830.9763793945312,361.36279296875,794.99462890625,375.1738586425781,836.7588500976562,372.6094970703125,799.8619384765625,405.53466796875,826.7162475585938,388.86016845703125,809.974365234375,389.82147216796875,843.9429931640625,430.2036437988281,789.921142578125,429.1943359375,874.9652099609375,467.9112548828125,785.1298828125,463.9122619628906
792.13623046875,330.8768310546875,795.1591186523438,326.7594299316406,788.7075805664062,326.960205078125,803.45166015625,327.7605285644531,787.21044921875,328.2085876464844,818.0220947265625,345.8955078125,790.651123046875,346.0041198730469,835.6182861328125,368.5071716308594,794.4920654296875,372.83636474609375,835.83349609375,385.47021484375,801.7750244140625,401.69183349609375,831.94189453125,384.560546875,809.7030029296875,384.8812255859375,848.4307861328125,429.70477294921875,792.434814453125,427.12518310546875,876.3187866210938,472.28997802734375,793.619384765625,465.02606201171875
793.74755859375,336.63232421875,796.5552978515625,332.564453125,790.4725341796875,332.93023681640625,804.9197387695312,333.3756103515625,789.3722534179688,334.23724365234375,821.5665893554688,350.9233703613281,791.811279296875,352.013427734375,842.2230834960938,369.329345703125,793.6375732421875,377.50701904296875,849.2286987304688,381.6402282714844,799.1927490234375,404.0321044921875,835.8557739257812,393.5825500488281,812.8984375,394.21002197265625,850.60546875,434.883544921875,796.3668823242188,432.3827819824219,878.031005859375,476.992919921875,801.1187744140625,469.39801025390625
798.1181030273438,342.207763671875,800.4398193359375,337.9473876953125,794.0802612304688,339.01165771484375,807.8096923828125,338.0517578125,790.3211059570312,340.6292419433594,825.76416015625,354.14471435546875,789.1755981445312,358.3471984863281,846.0150146484375,370.154296875,790.10888671875,383.5104675292969,857.997802734375,384.951171875,800.8626708984375,408.90203857421875,841.1129150390625,394.51141357421875,814.1881713867188,396.99505615234375,858.2675170898438,434.5555419921875,803.590087890625,434.67486572265625,877.2572021484375,476.1638488769531,807.4925537109375,472.716064453125
803.439208984375,345.5625915527344,805.4171142578125,341.4889221191406,799.4830322265625,342.31878662109375,812.0143432617188,342.0812072753906,794.89453125,343.863037109375,828.7681884765625,359.93115234375,795.1939086914062,363.483642578125,853.0036010742188,377.22027587890625,797.3768920898438,388.6125183105469,865.8907470703125,394.7132568359375,807.5718383789062,414.93463134765625,845.0670166015625,405.505126953125,820.5439453125,407.22552490234375,860.954833984375,441.03948974609375,807.1917114257812,440.48040771484375,877.326416015625,481.33148193359375,806.070068359375,476.8880615234375
810.1016235351562,349.45849609375,812.3126220703125,345.51055908203125,806.6881103515625,346.1958312988281,819.4156494140625,346.2530822753906,802.5194091796875,347.9267272949219,836.363525390625,363.9110412597656,800.134521484375,367.5986328125,859.6995849609375,381.8258056640625,799.85498046875,393.7013854980469,869.778564453125,398.5126647949219,808.3905029296875,420.50048828125,847.2537231445312,407.8265075683594,821.1047973632812,409.44140625,863.700439453125,442.88458251953125,808.29931640625,442.3576354980469,878.2893676757812,483.11907958984375,807.610595703125,479.18798828125
818.197998046875,350.81298828125,820.639404296875,346.96441650390625,814.6207275390625,347.35687255859375,826.7994384765625,348.0727844238281,809.248779296875,349.0868225097656,840.94091796875,366.32977294921875,804.7540283203125,368.7810974121094,863.6405639648438,386.0580139160156,802.8385620117188,395.093505859375,871.094482421875,404.26214599609375,810.2269287109375,423.0772705078125,846.193359375,407.6631774902344,819.891845703125,408.6947021484375,864.5078125,442.0440673828125,807.871826171875,441.041748046875,879.2008666992188,484.5202331542969,806.05029296875,480.5235900878906
825.0679321289062,352.42120361328125,827.8753662109375,348.5799560546875,821.4912109375,348.86468505859375,834.7247314453125,349.35235595703125,816.8614501953125,350.1090087890625,848.751708984375,367.75762939453125,812.6661376953125,369.1244201660156,870.1995849609375,388.772705078125,808.6986694335938,394.56011962890625,875.625244140625,406.8138427734375,814.030517578125,421.29718017578125,851.2939453125,412.442138671875,825.142578125,412.8516540527344,868.3203125,445.39794921875,811.7454833984375,443.7695617675781,882.8687744140625,487.137939453125,807.9896850585938,481.9408264160156
833.79052734375,348.220458984375,836.6405639648438,344.25164794921875,830.2957763671875,344.717041015625,843.085205078125,345.21966552734375,826.083251953125,346.3531494140625,857.4278564453125,365.1393127441406,820.3339233398438,367.181640625,873.5663452148438,385.29901123046875,816.58740234375,392.24298095703125,879.223388671875,405.88433837890625,817.9227905273438,421.1904602050781,857.68505859375,415.77410888671875,830.23046875,416.13201904296875,873.2879638671875,450.218505859375,816.7115478515625,449.07794189453125,884.9943237304688,488.7953796386719,811.0204467773438,484.42645263671875
841.1883544921875,347.3453369140625,844.0751953125,342.77764892578125,837.46923828125,343.59722900390625,850.1749877929688,343.56805419921875,833.2574462890625,345.95513916015625,862.1318359375,363.9137878417969,828.2384033203125,367.62933349609375,880.6891479492188,388.12005615234375,819.8759765625,395.42303466796875,888.5216064453125,417.6236572265625,818.554443359375,421.5579528808594,861.8157348632812,414.63262939453125,838.4136962890625,416.08428955078125,877.0592041015625,451.99810791015625,823.4075927734375,452.9436950683594,885.4301147460938,487.28546142578125,814.8488159179688,488.38299560546875
850.685302734375,349.5140075683594,853.3140869140625,345.7471923828125,846.8212890625,346.1090393066406,857.9617919921875,347.05047607421875,840.6429443359375,347.89398193359375,868.7845458984375,367.7452697753906,834.1777954101562,370.0472412109375,885.21875,389.759521484375,827.8079223632812,396.8170166015625,891.7589721679688,412.838623046875,823.704833984375,425.3656005859375,865.841064453125,418.6668701171875,841.2271728515625,419.0966796875,874.2130126953125,455.07275390625,825.3901977539062,454.9404602050781,884.8097534179688,490.50946044921875,820.9019165039062,489.2306213378906
852.136474609375,348.8777160644531,855.0346069335938,344.5879211425781,849.1961669921875,345.1327209472656,861.0862426757812,345.88006591796875,845.26123046875,347.5489501953125,871.455810546875,366.27252197265625,839.288818359375,368.4275207519531,887.5471801757812,390.0975341796875,824.9443359375,392.82537841796875,894.88671875,420.847412109375,817.6119384765625,422.2444152832031,866.3369750976562,415.9617004394531,845.865966796875,416.6490478515625,872.615966796875,452.7642822265625,840.9625854492188,453.5526123046875,879.291259765625,488.0757751464844,840.5830078125,488.5560302734375
855.2814331054688,349.53985595703125,858.0232543945312,344.9364013671875,851.8287963867188,345.90155029296875,864.063232421875,345.4649963378906,847.492919921875,348.2525939941406,874.972412109375,364.74700927734375,842.6383666992188,368.3284606933594,892.0673217773438,387.96429443359375,829.881591796875,393.10150146484375,899.944091796875,419.6666259765625,822.940673828125,422.6455993652344,871.5346069335938,414.5377197265625,851.0799560546875,415.7691650390625,877.7265625,451.2259826660156,847.2523193359375,452.25823974609375,884.1842041015625,487.4618225097656,847.618896484375,488.178466796875
856.1493530273438,349.31707763671875,858.6172485351562,344.88372802734375,852.7073974609375,345.78753662109375,863.9146728515625,345.81439208984375,848.0758666992188,348.361083984375,875.1485595703125,364.95001220703125,842.19287109375,369.07049560546875,896.487548828125,386.84783935546875,833.5032958984375,394.8045959472656,907.1771850585938,418.37225341796875,829.7655029296875,423.119384765625,873.3582763671875,416.72747802734375,852.0316772460938,418.391845703125,883.7969970703125,451.3700866699219,847.3502197265625,452.580078125,890.6661987304688,484.98504638671875,845.7134399414062,486.47406005859375
858.8538818359375,351.4930114746094,862.142333984375,347.7887878417969,856.0316162109375,347.9530334472656,868.7752685546875,349.092529296875,851.839111328125,349.86376953125,880.2421875,368.2434997558594,842.3574829101562,372.10699462890625,896.1298828125,390.3948974609375,835.2733154296875,400.18560791015625,905.5980834960938,416.7008056640625,831.1182861328125,430.79254150390625,877.0845947265625,419.56817626953125,851.5819702148438,421.60595703125,887.8714599609375,454.7550048828125,846.53955078125,457.29681396484375,895.6986083984375,493.7559814453125,848.976806640625,497.28497314453125
861.74169921875,353.75006103515625,864.7194213867188,349.30352783203125,858.6800537109375,349.76507568359375,870.0719604492188,350.0435485839844,854.6844482421875,351.289306640625,881.354736328125,369.83843994140625,848.2930297851562,371.715087890625,896.979248046875,394.23779296875,834.693603515625,397.0892333984375,904.24853515625,421.4771728515625,828.7642822265625,423.1908874511719,878.8880615234375,420.982177734375,856.6375122070312,421.6109619140625,894.5477294921875,457.2626953125,847.10400390625,457.84539794921875,905.2410278320312,495.9342956542969,843.5780639648438,496.19268798828125
865.71630859375,360.9593811035156,869.2413940429688,356.2951354980469,862.0711669921875,356.5748291015625,874.880126953125,356.833251953125,856.7386474609375,357.44744873046875,884.537841796875,376.5445861816406,847.50732421875,377.8084716796875,897.4569091796875,402.27923583984375,835.0025024414062,404.936767578125,900.9812622070312,426.23779296875,837.0210571289062,428.4842529296875,882.215576171875,423.94036865234375,856.5130615234375,424.718017578125,900.3414306640625,460.33154296875,845.1747436523438,460.87823486328125,911.7838134765625,505.1954040527344,842.5025634765625,505.51141357421875
870.22998046875,368.900390625,873.34375,364.76153564453125,866.8680419921875,364.9276123046875,879.2568969726562,365.11541748046875,860.62060546875,365.510498046875,888.820068359375,383.79327392578125,849.72607421875,386.3316650390625,901.25146484375,409.362548828125,841.5911865234375,414.26129150390625,904.683837890625,438.8458251953125,842.3057861328125,439.0726318359375,885.4462280273438,429.51507568359375,857.3846435546875,431.40008544921875,904.0266723632812,466.362548828125,848.4622192382812,469.7093505859375,916.9798583984375,508.86639404296875,846.5692138671875,515.5416870117188
870.896728515625,374.54248046875,874.281982421875,370.7055358886719,867.663330078125,370.63592529296875,880.967041015625,372.2220153808594,861.9248657226562,371.9876403808594,889.8704223632812,392.4864807128906,852.553466796875,394.0762023925781,900.8338623046875,417.1546630859375,845.0528564453125,421.59759521484375,902.8846435546875,444.10980224609375,843.5283203125,449.1286926269531,887.4373168945312,437.568115234375,860.36962890625,438.75372314453125,905.919189453125,472.53155517578125,848.9200439453125,474.6407775878906,919.8035888671875,512.6466674804688,846.0679931640625,517.7763061523438
871.5770874023438,381.7322998046875,875.289794921875,377.32513427734375,868.177490234375,377.3046569824219,881.414794921875,378.1465759277344,863.2220458984375,378.03045654296875,890.5849609375,397.60150146484375,855.450927734375,397.96343994140625,903.0516357421875,424.9517822265625,843.9912109375,426.17681884765625,907.340087890625,454.3115234375,842.8336181640625,454.81982421875,887.1162109375,444.5439147949219,862.12353515625,444.77862548828125,908.238037109375,477.90142822265625,848.93994140625,478.07720947265625,919.1819458007812,518.9112548828125,842.0370483398438,518.817138671875
870.140869140625,385.5531005859375,873.4383544921875,380.91693115234375,866.3377075195312,381.3837890625,878.9248046875,381.37921142578125,860.9163208007812,382.5246276855469,887.7139892578125,400.76983642578125,853.912353515625,402.41998291015625,899.0571899414062,427.3885803222656,842.0165405273438,430.1166687011719,902.431396484375,456.3945007324219,839.4661865234375,458.5718078613281,886.271240234375,447.1282958984375,862.42626953125,447.9515075683594,904.9368896484375,480.177490234375,849.8582153320312,480.6806945800781,916.5953369140625,521.5174560546875,845.3955688476562,521.7569580078125
864.106201171875,382.6175537109375,867.2133178710938,378.5152587890625,860.7122802734375,378.83489990234375,873.5348510742188,379.66741943359375,855.0137329101562,380.5333557128906,883.2848510742188,399.80023193359375,846.6279296875,403.6286315917969,896.5783081054688,424.0106201171875,839.7171020507812,431.7152099609375,893.077880859375,451.335205078125,839.583984375,458.27044677734375,883.2369384765625,448.60003662109375,856.9400024414062,451.08697509765625,902.4229736328125,482.04461669921875,850.788330078125,485.912353515625,921.746337890625,520.8916015625,856.0400390625,528.4246826171875
857.3897094726562,384.0518798828125,860.480712890625,379.25726318359375,853.7572021484375,380.31591796875,867.0745239257812,379.40692138671875,849.5760498046875,382.367919921875,880.094970703125,399.12957763671875,844.0330810546875,403.27752685546875,893.283203125,425.4850158691406,834.72509765625,431.7440185546875,891.3280029296875,453.5523681640625,837.2137451171875,457.95697021484375,883.2555541992188,448.6202392578125,858.2493896484375,450.48968505859375,898.5560302734375,485.72772216796875,848.4867553710938,486.96783447265625,911.3421020507812,525.110595703125,850.1805419921875,525.8702392578125
855.3170166015625,382.93133544921875,858.622802734375,378.62591552734375,851.60302734375,379.157958984375,866.161376953125,379.60284423828125,846.1016235351562,381.0357666015625,877.912109375,400.7577209472656,839.1920166015625,405.813232421875,891.7030029296875,423.67242431640625,833.214111328125,435.5164489746094,889.7215576171875,447.0728759765625,830.2178955078125,462.83795166015625,878.250732421875,454.6670837402344,852.050048828125,457.3079833984375,891.6641235351562,491.15045166015625,849.5081176757812,494.7446594238281,900.9912109375,529.5283203125,855.0287475585938,535.9568481445312
852.66748046875,381.55120849609375,855.462158203125,376.50299072265625,848.0032958984375,377.92218017578125,861.589599609375,377.55194091796875,841.8463134765625,381.38177490234375,874.0714111328125,399.40167236328125,836.562744140625,404.63348388671875,891.1131591796875,425.46661376953125,828.2354736328125,433.8230895996094,892.2620849609375,454.87646484375,829.7515869140625,460.4808654785156,876.414794921875,456.18682861328125,851.8624877929688,458.5565185546875,886.4732666015625,494.02349853515625,852.509033203125,495.58294677734375,890.1710815429688,532.957275390625,853.5855712890625,534.4015502929688
849.887451171875,381.2002258300781,852.9688110351562,376.93145751953125,845.732177734375,377.3956604003906,859.3526611328125,378.34136962890625,839.6656494140625,379.2790832519531,871.58837890625,400.5458984375,831.5728759765625,404.2586975097656,885.6064453125,423.9249267578125,824.6035766601562,432.6103820800781,890.3935546875,446.4518737792969,824.2193603515625,460.0189208984375,872.503662109375,456.97705078125,847.350341796875,459.3685302734375,878.5296020507812,496.756591796875,851.3131103515625,499.70166015625,869.064208984375,533.4619140625,850.3712158203125,537.6362915039062
848.93505859375,382.90960693359375,851.70361328125,378.613037109375,844.7993774414062,379.20428466796875,857.2784423828125,379.8135681152344,838.5823974609375,381.14306640625,868.487548828125,401.10516357421875,830.0238037109375,405.67999267578125,884.993896484375,424.3861083984375,820.2493896484375,434.28125,894.6901245117188,445.2275390625,814.1339111328125,461.0256042480469,868.625,457.6597900390625,845.374755859375,460.7282409667969,875.795654296875,497.25054931640625,855.9266967773438,501.05401611328125,860.969970703125,534.8276977539062,852.2291259765625,540.0972290039062
843.4051513671875,386.71923828125,845.904541015625,381.612060546875,838.283935546875,383.33563232421875,851.6396484375,382.4997253417969,831.976318359375,387.03216552734375,863.8052978515625,403.4627685546875,826.6654052734375,409.2216796875,887.4281616210938,423.48101806640625,812.5059814453125,433.05938720703125,900.8033447265625,446.1114807128906,808.1636352539062,452.22979736328125,862.9925537109375,462.35369873046875,840.8179321289062,464.6631774902344,864.0313720703125,497.1123046875,845.8443603515625,498.6876220703125,858.6363525390625,534.8232421875,842.8714599609375,536.6322631835938
838.10888671875,390.0984191894531,841.2416381835938,385.9831237792969,834.4844970703125,386.4901123046875,848.8035888671875,387.76348876953125,829.3614501953125,389.0845642089844,860.6889038085938,409.1646423339844,821.1575927734375,413.602783203125,879.3040771484375,429.0746154785156,810.527587890625,441.54559326171875,898.3062744140625,450.193359375,799.6829223632812,464.9552307128906,855.0391845703125,467.9801330566406,832.0977172851562,469.9053039550781,856.299072265625,509.63671875,840.55224609375,512.2684326171875,836.328125,545.9920043945312,833.6719970703125,549.5025634765625
833.512939453125,396.77996826171875,836.1573486328125,392.4469299316406,829.8539428710938,393.43914794921875,842.803466796875,393.29083251953125,825.361572265625,395.84600830078125,856.03076171875,413.4214782714844,818.0311279296875,421.4169616699219,878.8525390625,430.5101623535156,806.2904052734375,449.2589111328125,896.602783203125,445.9263610839844,793.2232666015625,473.63153076171875,850.989013671875,470.9709777832031,828.2488403320312,474.7547607421875,847.344970703125,512.375732421875,827.0523681640625,517.5299072265625,827.7031860351562,549.0091552734375,816.7036743164062,556.296142578125
828.519775390625,404.2808532714844,831.85400390625,399.8075866699219,824.666015625,400.68505859375,839.591796875,400.10443115234375,819.8603515625,402.5113220214844,851.169921875,418.5947265625,813.1122436523438,426.091796875,874.91796875,434.9345703125,801.7992553710938,452.099609375,891.9869384765625,454.38226318359375,792.52880859375,471.63055419921875,845.8267822265625,477.2490234375,822.408447265625,480.5946350097656,846.5694580078125,518.8150634765625,819.492919921875,524.0197143554688,837.4498901367188,556.0731201171875,810.2867431640625,563.9319458007812
825.24755859375,412.4090881347656,828.018798828125,407.89935302734375,821.1304321289062,408.9932861328125,834.3052978515625,407.7301940917969,816.2266845703125,410.51116943359375,846.452880859375,424.739013671875,809.0110473632812,431.8779296875,869.8359375,438.27716064453125,795.6595458984375,456.1260986328125,883.9478759765625,455.6781921386719,785.5155029296875,478.1613464355469,841.8572998046875,480.6883544921875,817.64697265625,483.7681884765625,844.7607421875,523.4996337890625,809.4420166015625,527.5549926757812,841.6168212890625,564.8291015625,801.8999633789062,570.1863403320312
821.2916259765625,418.2071228027344,824.1405029296875,413.7440185546875,817.5401000976562,414.65789794921875,830.2307739257812,416.5560302734375,813.6407470703125,418.8251953125,838.7389526367188,439.47222900390625,808.01171875,445.1241455078125,853.2451171875,451.96820068359375,793.94384765625,466.7287902832031,863.2254638671875,467.4925537109375,781.461181640625,487.42694091796875,839.64111328125,494.21502685546875,818.4842529296875,496.7750244140625,845.1734619140625,535.1981201171875,807.250732421875,538.939697265625,846.07421875,573.7064208984375,795.5653076171875,580.0003662109375
816.5093994140625,430.80364990234375,819.8531494140625,426.5115966796875,812.3800048828125,427.20391845703125,827.22607421875,427.58209228515625,806.986083984375,429.494140625,837.788818359375,447.98760986328125,802.6675415039062,452.8062744140625,857.9493408203125,463.10260009765625,790.5435791015625,475.68585205078125,873.2115478515625,474.0794677734375,772.626708984375,493.4206237792969,836.8502197265625,504.25927734375,812.2106323242188,505.681884765625,847.2526245117188,541.7977294921875,795.1361083984375,543.3231201171875,855.933349609375,581.624755859375,782.14208984375,583.91259765625
808.96923828125,438.95166015625,811.7667846679688,434.71417236328125,805.8896484375,435.54693603515625,819.2774047851562,436.78662109375,803.8636474609375,438.94891357421875,829.1749877929688,457.81475830078125,800.877685546875,463.34246826171875,841.1217041015625,471.519287109375,787.5551147460938,484.77716064453125,843.717041015625,480.7156677246094,770.5460205078125,499.36102294921875,832.0147705078125,512.7172241210938,811.1793212890625,515.32421875,843.4981689453125,549.1773681640625,795.152587890625,552.8649291992188,855.49365234375,588.4693603515625,784.3676147460938,594.4324951171875
807.6387939453125,445.7012939453125,810.4759521484375,441.6015930175781,804.15283203125,442.5436706542969,817.9937744140625,443.34613037109375,800.39404296875,445.635986328125,829.1197509765625,464.33221435546875,794.7511596679688,469.85833740234375,841.920654296875,480.3555908203125,785.8269653320312,495.4697570800781,855.768798828125,493.774658203125,781.7557983398438,515.2067260742188,830.7843017578125,516.0314331054688,806.1915283203125,518.8096313476562,843.7637939453125,553.9161376953125,792.499267578125,556.9959716796875,852.5340576171875,593.5382080078125,783.9750366210938,598.3126220703125
808.9839477539062,453.00927734375,811.439208984375,448.87255859375,804.9686279296875,450.088134765625,817.5287475585938,449.51397705078125,799.2855834960938,452.52685546875,828.58203125,467.2381896972656,793.2552490234375,475.9338684082031,850.67822265625,481.3895263671875,786.9437255859375,504.140869140625,866.9259033203125,493.68426513671875,790.5082397460938,523.5084838867188,827.935791015625,518.703125,802.79541015625,522.6774291992188,846.169921875,556.4996337890625,795.80126953125,560.9624633789062,852.035400390625,594.198974609375,783.2984619140625,599.4273681640625
810.470947265625,452.3231506347656,812.8639526367188,448.1567687988281,806.9296875,449.4176025390625,819.9652099609375,448.16107177734375,802.437744140625,451.43927001953125,832.3187255859375,465.36614990234375,797.5850830078125,474.11517333984375,853.100830078125,481.1023864746094,794.0931396484375,503.60748291015625,867.60791015625,496.5802917480469,795.70751953125,526.076904296875,829.725830078125,518.178466796875,804.9776000976562,521.8357543945312,847.4384765625,557.1412963867188,798.1519775390625,561.127197265625,850.906982421875,594.141845703125,784.394775390625,598.5784912109375
816.8504638671875,453.66668701171875,819.4805908203125,449.79583740234375,813.3217163085938,450.60931396484375,826.3800659179688,450.26446533203125,808.2478637695312,452.28387451171875,837.9288330078125,467.06402587890625,802.529052734375,473.45172119140625,857.6590576171875,481.7937927246094,798.594970703125,500.9219970703125,871.2373046875,494.186279296875,802.388427734375,522.43798828125,834.0885009765625,516.7715454101562,809.049560546875,519.1715087890625,848.7076416015625,553.119384765625,799.528076171875,555.4100341796875,850.5091552734375,590.294677734375,785.5153198242188,592.6199340820312
823.7659912109375,448.68975830078125,826.2973022460938,444.37249755859375,820.018798828125,445.5317687988281,832.8128662109375,444.32135009765625,815.0267333984375,447.4140625,842.229736328125,462.4472351074219,811.1778564453125,470.19769287109375,861.7855224609375,477.60699462890625,805.2984008789062,498.65863037109375,873.416015625,496.0911865234375,805.0592651367188,521.4019775390625,836.9448852539062,512.1214599609375,814.9322509765625,514.7418823242188,849.241455078125,549.1896362304688,802.00048828125,552.570068359375,850.2064208984375,585.3915405273438,784.1436767578125,590.0657348632812
831.34521484375,442.51300048828125,834.3623046875,438.71630859375,828.1595458984375,439.18682861328125,842.041259765625,439.6268310546875,823.5194091796875,440.79193115234375,852.0917358398438,457.3023681640625,817.7257080078125,462.93194580078125,871.0164794921875,472.03497314453125,810.3802490234375,492.2099609375,887.30419921875,485.9293212890625,809.0426025390625,519.6282348632812,846.9609375,509.3423767089844,822.2272338867188,511.03326416015625,859.664794921875,547.2324829101562,805.260009765625,548.8096923828125,861.8442993164062,586.0252685546875,784.8751831054688,587.9052734375
843.439697265625,434.62060546875,846.2481079101562,429.9667053222656,839.3751220703125,431.20880126953125,852.7329711914062,430.18145751953125,833.9144287109375,433.3567199707031,860.3179931640625,449.78790283203125,827.8172607421875,457.2869567871094,875.496337890625,467.0495910644531,818.9511108398438,488.17767333984375,890.1260986328125,485.6444091796875,818.339111328125,512.961669921875,852.0975341796875,503.64031982421875,828.0390014648438,506.2583312988281,867.025634765625,540.9332275390625,810.1768798828125,544.41455078125,868.2420654296875,584.6785278320312,785.5376586914062,590.06689453125
851.4327392578125,426.90509033203125,854.6519775390625,422.72607421875,847.9055786132812,423.1585693359375,861.62890625,423.7962341308594,842.365234375,424.7276916503906,869.1112060546875,443.4945373535156,834.0439453125,449.0911865234375,884.04052734375,463.43182373046875,823.8162841796875,481.86309814453125,891.986083984375,479.21343994140625,824.0108642578125,512.4637451171875,859.767822265625,501.94683837890625,834.4263916015625,504.08233642578125,873.3204345703125,543.4649047851562,818.3043823242188,546.077392578125,871.125732421875,587.7565307617188,794.504150390625,591.953125
859.8289794921875,418.4459228515625,863.2723388671875,414.43377685546875,856.21484375,414.60589599609375,870.26416015625,416.8387451171875,850.4056396484375,417.0394592285156,877.0848999023438,440.196533203125,840.9468383789062,442.9159240722656,885.5570068359375,461.503662109375,829.810791015625,474.9555358886719,893.4207763671875,476.88885498046875,825.0260009765625,507.5765075683594,867.1595458984375,499.5090637207031,841.1112670898438,500.1126708984375,877.9659423828125,542.7335815429688,823.7237548828125,543.3211059570312,875.3995971679688,585.5155029296875,801.420654296875,587.8740234375
867.9717407226562,415.1388244628906,871.1480712890625,410.983642578125,864.17431640625,411.2666931152344,877.488037109375,412.6258850097656,857.8753662109375,413.1298828125,885.9110107421875,435.5345764160156,847.9185791015625,437.9461669921875,895.64453125,455.9110107421875,836.216796875,469.64190673828125,904.1329345703125,470.29736328125,833.3303833007812,503.303466796875,875.0147705078125,495.77301025390625,848.7625732421875,495.971923828125,879.226318359375,540.4520263671875,832.9512939453125,539.8756713867188,872.79296875,583.8418579101562,815.466796875,583.4012451171875
873.58642578125,414.99591064453125,876.99755859375,410.6536865234375,869.6087036132812,410.92877197265625,883.7598266601562,410.8893127441406,862.8781127929688,411.3381042480469,892.5787353515625,431.08660888671875,853.0076904296875,433.34503173828125,904.33056640625,453.96966552734375,842.6343383789062,464.11932373046875,912.92626953125,474.9119567871094,841.8407592773438,497.63690185546875,878.8399658203125,488.75201416015625,852.3781127929688,489.0467529296875,884.0635986328125,534.71630859375,843.80615234375,534.4616088867188,875.3230590820312,581.20849609375,829.9227905273438,580.832275390625
881.2301025390625,412.7266845703125,884.505126953125,408.5576477050781,877.4288330078125,408.7231750488281,890.8284912109375,408.8607177734375,870.610107421875,409.1252746582031,899.20166015625,428.060302734375,859.5859375,429.9227294921875,909.3832397460938,450.1658935546875,849.4864501953125,458.59222412109375,917.3988037109375,471.36981201171875,846.6053466796875,490.15411376953125,885.0142822265625,482.7651672363281,859.3804931640625,483.2857360839844,892.067626953125,527.2747802734375,859.1729736328125,527.52099609375,880.03857421875,571.7313842773438,848.943603515625,572.421875
886.852783203125,409.20953369140625,890.4041748046875,405.052490234375,883.318359375,405.10272216796875,896.9994506835938,405.7682189941406,876.69091796875,405.9072265625,904.5060424804688,425.30303955078125,865.193603515625,427.82391357421875,912.6160888671875,448.6083984375,854.4149780273438,458.51116943359375,912.6238403320312,467.676025390625,850.361083984375,491.167236328125,890.874267578125,481.1380615234375,865.5408935546875,482.11248779296875,898.0751953125,524.8521728515625,867.7234497070312,525.8572998046875,890.158935546875,568.7214965820312,862.3837890625,571.4330444335938
893.8931884765625,410.9266662597656,897.2442626953125,406.92822265625,890.6263427734375,407.02044677734375,903.6619873046875,407.40185546875,884.8836669921875,407.55645751953125,910.8011474609375,426.3046875,873.930908203125,428.0947265625,918.7398681640625,450.12066650390625,860.38916015625,456.97564697265625,917.3908081054688,469.2669982910156,857.6519165039062,487.88897705078125,899.3953857421875,480.0577392578125,875.426513671875,480.8643798828125,908.8343505859375,521.6411743164062,875.2994384765625,522.4909057617188,903.113037109375,565.6323852539062,868.1599731445312,568.170166015625
901.4794921875,413.00177001953125,904.959716796875,409.0384826660156,898.2691650390625,408.8724060058594,911.1578369140625,409.901611328125,892.0823974609375,409.4043273925781,918.5231323242188,430.0549621582031,879.206787109375,430.4571533203125,923.5984497070312,456.96478271484375,867.6629638671875,459.26519775390625,926.3743286132812,481.7327880859375,865.8712158203125,486.4549255371094,908.2808837890625,481.6790771484375,882.0349731445312,482.2248229980469,919.125732421875,519.60595703125,878.7281494140625,520.7485961914062,917.97607421875,564.27099609375,876.0029296875,567.8516235351562
907.724365234375,415.1336975097656,911.1311645507812,410.97503662109375,904.1982421875,410.98406982421875,916.121337890625,411.69305419921875,897.500732421875,411.5008544921875,921.8460693359375,431.8338317871094,883.79296875,434.0364990234375,927.64453125,459.83917236328125,873.100830078125,466.43731689453125,928.8602294921875,485.76025390625,874.108642578125,495.86566162109375,912.056640625,483.5950927734375,885.2669677734375,485.2588806152344,933.6514892578125,518.0877685546875,886.3504028320312,521.0493774414062,934.7796020507812,560.9440307617188,879.138671875,567.3902587890625
916.3796997070312,416.48095703125,920.1535034179688,412.53857421875,913.10302734375,412.2581787109375,925.5709228515625,413.9500732421875,906.5245361328125,413.1221008300781,929.220458984375,435.06317138671875,893.03271484375,436.2200927734375,934.6226806640625,461.4071044921875,878.8159790039062,468.28082275390625,936.9032592773438,485.51416015625,877.7125854492188,500.1142272949219,919.1083984375,485.8907775878906,892.7371826171875,486.7742919921875,942.54931640625,521.7119140625,888.1754150390625,523.46533203125,950.9686279296875,563.735107421875,878.556396484375,568.8353271484375
923.9653930664062,415.6722106933594,927.671630859375,411.89813232421875,920.92822265625,411.54974365234375,934.02294921875,413.38104248046875,914.9544067382812,412.364990234375,939.3590087890625,435.03948974609375,902.14501953125,434.55633544921875,947.948974609375,461.0349426269531,886.9940185546875,463.182373046875,953.6573486328125,485.8760986328125,885.5316162109375,493.3440856933594,927.5430908203125,484.4532470703125,899.9229125976562,484.5839538574219,954.96435546875,522.2884521484375,892.187744140625,522.6788330078125,968.7125244140625,564.4620971679688,881.3751220703125,567.1142578125
934.3369140625,413.96240234375,937.8078002929688,410.073974609375,931.0083618164062,409.8357238769531,943.6826171875,411.0205078125,924.37255859375,410.2781982421875,949.50146484375,432.5082092285156,912.2237548828125,432.86407470703125,959.0817260742188,459.5688171386719,897.7489013671875,462.0740661621094,964.2149047851562,487.1607971191406,895.278076171875,490.341796875,940.0045166015625,483.654052734375,911.636474609375,484.224365234375,965.6534423828125,521.44873046875,894.609375,522.93505859375,980.5594482421875,563.343017578125,878.6741943359375,567.2015380859375
945.0850830078125,409.23431396484375,948.3448486328125,405.2926025390625,941.56689453125,405.2591552734375,954.481689453125,406.4537658691406,934.8082275390625,406.0434265136719,960.87841796875,428.11981201171875,923.330078125,428.7259826660156,967.9623413085938,455.960693359375,906.3990478515625,458.4187316894531,968.738525390625,480.963134765625,903.439697265625,486.5735778808594,951.6168212890625,483.8733215332031,923.03759765625,484.29766845703125,974.9525146484375,518.8760986328125,903.275634765625,520.1058349609375,982.514892578125,560.3731689453125,879.091064453125,563.8440551757812
957.0994262695312,405.29608154296875,960.173828125,401.33221435546875,953.8349609375,401.26031494140625,965.7368774414062,402.1310119628906,947.2686767578125,401.689697265625,972.9039306640625,423.3489990234375,934.528564453125,423.40252685546875,977.1871337890625,452.07830810546875,919.6221923828125,452.25537109375,978.3486328125,478.44696044921875,916.424560546875,478.92388916015625,962.9939575195312,480.52984619140625,934.3200073242188,480.65960693359375,980.1192626953125,516.7381591796875,913.471923828125,517.8699951171875,981.3418579101562,559.2168579101562,889.3720092773438,562.7598876953125
968.0758056640625,398.34918212890625,970.970947265625,394.2170104980469,964.3521728515625,394.26885986328125,975.1234130859375,396.0284423828125,956.5365600585938,395.86834716796875,981.8406982421875,419.2774658203125,942.1701049804688,420.1307373046875,985.927490234375,448.985107421875,928.0951538085938,451.7864990234375,985.6576538085938,475.63995361328125,923.0704345703125,484.4920349121094,971.2108154296875,477.8954772949219,942.2596435546875,478.4491882324219,984.61376953125,514.1757202148438,923.3905029296875,515.5377197265625,982.044189453125,557.30322265625,901.743896484375,561.458251953125
975.6106567382812,393.0064697265625,979.343505859375,388.9552001953125,971.9346313476562,388.6000671386719,984.37890625,390.05474853515625,964.5697021484375,388.87091064453125,990.0448608398438,412.7374267578125,950.8020629882812,411.8189392089844,994.28955078125,441.42059326171875,936.0927734375,442.440673828125,999.1973876953125,468.8584899902344,931.5283813476562,477.1217041015625,978.8489990234375,471.716796875,951.2817993164062,470.829345703125,987.2122802734375,513.034423828125,934.2252197265625,512.3356323242188,985.8515625,555.6897583007812,918.0899658203125,556.452392578125
982.6878662109375,386.3228759765625,985.9298095703125,381.94610595703125,978.4810180664062,382.174072265625,990.3814086914062,382.6353759765625,970.5130004882812,382.87860107421875,996.2718505859375,404.484619140625,958.6466064453125,405.8993225097656,1002.164306640625,432.40753173828125,945.5416259765625,437.26470947265625,1006.3269653320312,458.49859619140625,943.6788940429688,468.1145324707031,985.3778076171875,464.1017761230469,959.564453125,464.2727966308594,989.4680786132812,507.5379638671875,944.3032836914062,508.2083740234375,986.3380126953125,552.5448608398438,929.98095703125,554.9429321289062
988.5760498046875,382.653076171875,992.076904296875,378.6735534667969,984.587158203125,378.5189208984375,997.392333984375,380.0642395019531,976.8670654296875,379.3873291015625,1003.5892333984375,402.35223388671875,964.9385375976562,402.7863464355469,1011.0440673828125,426.9496765136719,952.4351806640625,432.7138671875,1013.8430786132812,446.57574462890625,950.2132568359375,462.3153991699219,991.44091796875,462.2000732421875,965.59423828125,461.93316650390625,995.0498657226562,506.4899597167969,955.8663940429688,506.3209228515625,990.086669921875,549.38134765625,943.932373046875,550.5255126953125
994.8733520507812,379.8102722167969,998.2501831054688,375.68212890625,990.9329833984375,375.6898498535156,1003.2921752929688,376.5699462890625,983.5308837890625,376.42034912109375,1009.505859375,398.7742919921875,971.7387084960938,399.7671203613281,1018.040771484375,424.4244689941406,958.3111572265625,429.9115905761719,1025.0147705078125,450.1002502441406,955.5771484375,458.66741943359375,998.703125,457.373291015625,973.872314453125,457.70111083984375,1002.048583984375,500.54669189453125,965.129638671875,501.7499084472656,996.8209228515625,543.1016845703125,953.7071533203125,546.2022705078125
1001.5706176757812,373.9950256347656,1005.095947265625,369.9264221191406,997.693359375,369.92657470703125,1010.2069702148438,371.8170166015625,990.594970703125,371.7340087890625,1017.0911865234375,395.57012939453125,978.049072265625,396.2256774902344,1021.8525390625,422.6402893066406,967.734375,423.74444580078125,1028.4951171875,449.01678466796875,965.20654296875,446.5295104980469,1008.2711181640625,455.3614196777344,981.975341796875,455.89678955078125,1012.5181274414062,499.57427978515625,971.89404296875,501.1835632324219,1010.093505859375,540.3373413085938,964.9803466796875,544.130615234375
1008.7142944335938,374.23797607421875,1012.7059326171875,369.79974365234375,1004.6665649414062,369.2926025390625,1017.0752563476562,372.38018798828125,997.0336303710938,370.8314208984375,1021.2059326171875,396.4237060546875,984.2396240234375,394.7540283203125,1030.64697265625,426.41131591796875,970.9714965820312,424.6101379394531,1033.3675537109375,448.9884033203125,974.2278442382812,448.40716552734375,1009.599365234375,455.21826171875,984.9384765625,454.766845703125,1018.8872680664062,495.8918151855469,980.3607177734375,495.7532043457031,1014.7692260742188,541.0613403320312,970.7855224609375,541.3201293945312
1014.5740966796875,380.54278564453125,1018.1427612304688,376.25115966796875,1011.03173828125,376.2604064941406,1021.7697143554688,376.5181884765625,1003.7528076171875,376.8815002441406,1025.5340576171875,396.74664306640625,989.9493408203125,400.698486328125,1031.8094482421875,422.3929138183594,980.5062255859375,430.92681884765625,1038.1417236328125,450.76800537109375,976.068115234375,456.17633056640625,1018.7338256835938,452.5616455078125,994.3189086914062,455.1173400878906,1032.043701171875,492.1922607421875,990.4781494140625,497.3529968261719,1032.6376953125,531.7780151367188,983.45263671875,542.4536743164062
1017.98876953125,383.5390625,1021.7601928710938,379.39520263671875,1014.4356689453125,379.3775634765625,1027.697265625,380.70672607421875,1007.80859375,380.6748046875,1033.3621826171875,401.6192321777344,995.404052734375,404.03546142578125,1041.638671875,427.30499267578125,984.899169921875,433.26800537109375,1044.9052734375,453.27301025390625,982.6697998046875,459.47650146484375,1024.091552734375,455.9314270019531,997.5910034179688,457.60357666015625,1041.5286865234375,494.48321533203125,995.2823486328125,497.84442138671875,1046.8857421875,536.1505737304688,989.405517578125,544.0203857421875
1026.3385009765625,386.32647705078125,1029.62353515625,382.3466796875,1022.9262084960938,382.4045104980469,1034.7193603515625,383.43304443359375,1016.2124633789062,383.58416748046875,1040.54931640625,404.45654296875,1002.76171875,406.67340087890625,1047.84326171875,431.297607421875,992.5200805664062,436.1024169921875,1051.8779296875,458.6453857421875,989.4932861328125,462.9212646484375,1030.668212890625,459.2130126953125,1004.0667114257812,460.9836730957031,1052.4296875,496.97650146484375,1002.627197265625,500.3564453125,1058.7440185546875,537.9945068359375,995.9329833984375,545.8449096679688
1031.216796875,393.3709716796875,1034.2724609375,389.60382080078125,1027.778076171875,389.5787353515625,1039.091552734375,391.1029357910156,1020.8822021484375,390.98272705078125,1045.4539794921875,412.3948059082031,1008.0609130859375,414.41021728515625,1053.6768798828125,438.2314453125,998.7615966796875,443.44635009765625,1059.5966796875,464.93719482421875,994.111328125,471.2710876464844,1038.11474609375,465.6887512207031,1011.608642578125,467.3700256347656,1060.225830078125,500.3183898925781,1006.9813232421875,503.3125305175781,1065.5462646484375,538.0521240234375,997.52001953125,544.55908203125
1035.7685546875,399.51422119140625,1039.2203369140625,395.6678466796875,1032.2406005859375,395.5379333496094,1044.79345703125,396.911376953125,1025.3382568359375,396.5270690917969,1051.5855712890625,417.71221923828125,1012.9671630859375,419.2724609375,1060.1339111328125,442.264404296875,1002.8948974609375,447.3310546875,1066.50244140625,468.2735595703125,996.3226318359375,474.52166748046875,1044.547607421875,469.2528076171875,1017.4541015625,470.46685791015625,1060.765869140625,501.02105712890625,1006.5964965820312,503.66107177734375,1065.89306640625,537.9902954101562,997.81396484375,544.4631958007812
1042.379638671875,400.8021240234375,1045.27490234375,396.93023681640625,1038.78466796875,397.13232421875,1050.0587158203125,398.3846435546875,1032.658203125,398.74346923828125,1056.950439453125,418.9892578125,1021.8836669921875,420.873046875,1065.381103515625,444.8446044921875,1009.9466552734375,449.90008544921875,1073.4913330078125,469.25048828125,1008.1364135742188,475.41259765625,1050.82958984375,472.0298767089844,1026.1298828125,473.3456726074219,1068.1224365234375,506.3974609375,1017.619384765625,508.5123596191406,1067.973388671875,543.3098754882812,1002.2724609375,546.82373046875
1049.058837890625,397.77264404296875,1052.0230712890625,393.7127380371094,1045.2840576171875,394.0948791503906,1055.86865234375,395.4793701171875,1038.84130859375,396.4082336425781,1061.4820556640625,416.7388916015625,1027.752197265625,420.298828125,1070.8779296875,443.5006103515625,1017.9959716796875,451.68963623046875,1082.312255859375,468.24652099609375,1015.5565185546875,479.3236999511719,1053.2911376953125,471.9028015136719,1029.761962890625,473.7409973144531,1068.7493896484375,507.4134521484375,1025.61865234375,510.33050537109375,1059.974365234375,543.3582763671875,1005.874755859375,547.932373046875
1060.5574951171875,398.0562744140625,1063.441650390625,394.10247802734375,1057.0977783203125,394.1014404296875,1065.4696044921875,395.57672119140625,1049.989990234375,395.5357666015625,1066.443359375,415.6396484375,1037.55712890625,419.12646484375,1073.3419189453125,441.3183288574219,1026.09716796875,450.63330078125,1084.6951904296875,463.67095947265625,1022.3134765625,480.57373046875,1057.063232421875,474.24444580078125,1037.9599609375,476.22344970703125,1066.3531494140625,513.9376831054688,1036.907958984375,517.5238647460938,1045.7977294921875,542.5472412109375,1010.1260986328125,549.3236083984375
1067.00146484375,397.8677978515625,1069.714111328125,393.94573974609375,1063.238525390625,393.9337463378906,1071.1514892578125,395.8431701660156,1055.47314453125,395.5589904785156,1067.9581298828125,415.6705322265625,1043.607666015625,418.614501953125,1073.031494140625,439.57244873046875,1031.5380859375,450.71356201171875,1088.86083984375,458.55010986328125,1028.3909912109375,479.57977294921875,1056.7364501953125,474.76104736328125,1041.499267578125,476.39410400390625,1066.0595703125,515.216552734375,1047.2266845703125,518.2506713867188,1034.5391845703125,541.02587890625,1013.3801879882812,547.169677734375
1076.7840576171875,399.09478759765625,1078.35400390625,395.2848815917969,1073.21240234375,395.3741455078125,1077.1358642578125,397.261962890625,1065.0791015625,396.9989013671875,1072.27001953125,415.8399353027344,1052.10986328125,417.89630126953125,1078.52294921875,439.0450744628906,1037.629150390625,449.3594970703125,1091.2080078125,455.3839111328125,1033.9288330078125,478.89947509765625,1053.8724365234375,472.0121154785156,1042.594482421875,473.0320129394531,1064.71044921875,513.7052612304688,1059.6746826171875,515.5548706054688,1024.7216796875,537.5949096679688,1023.2000732421875,542.04541015625
1086.45068359375,403.2054443359375,1087.905517578125,399.2423095703125,1083.1561279296875,399.25555419921875,1084.857666015625,400.143310546875,1075.19482421875,400.02154541015625,1075.56689453125,417.8846740722656,1061.5592041015625,418.6444091796875,1082.0206298828125,443.6598815917969,1048.9197998046875,446.73101806640625,1097.8746337890625,466.8128662109375,1046.4923095703125,471.85919189453125,1050.8314208984375,469.18206787109375,1043.173583984375,469.8609924316406,1070.7886962890625,510.2430725097656,1065.062744140625,512.2195434570312,1035.2659912109375,536.5420532226562,1029.7196044921875,542.5360107421875
1092.445556640625,405.4926452636719,1093.9786376953125,401.64520263671875,1089.44091796875,401.6904602050781,1091.2344970703125,402.0555725097656,1081.53369140625,402.1242370605469,1081.591064453125,419.20556640625,1066.6236572265625,419.84033203125,1090.7196044921875,445.7824401855469,1053.3123779296875,448.62841796875,1109.6591796875,467.5380859375,1057.637451171875,474.9400634765625,1050.5562744140625,465.67181396484375,1042.4029541015625,466.4464111328125,1074.4703369140625,506.4033203125,1069.83984375,507.8154602050781,1043.6005859375,536.82373046875,1041.0811767578125,541.52978515625
1102.284912109375,414.05633544921875,1102.556640625,409.8796691894531,1100.0673828125,410.3507995605469,1096.466552734375,408.62628173828125,1092.9111328125,409.8802185058594,1084.09814453125,422.8168029785156,1076.0548095703125,424.58465576171875,1090.901611328125,448.13623046875,1057.7965087890625,452.62225341796875,1110.26025390625,470.1444396972656,1061.947509765625,480.1504211425781,1048.5400390625,465.02886962890625,1045.0625,466.337890625,1077.8411865234375,501.671142578125,1075.60498046875,503.3011474609375,1054.390380859375,535.6876220703125,1053.4161376953125,540.9939575195312
1111.047119140625,418.0798645019531,1111.0953369140625,414.28802490234375,1108.716796875,414.17730712890625,1101.2940673828125,414.0698547363281,1098.809814453125,413.34539794921875,1090.6942138671875,429.4449462890625,1083.878662109375,429.61749267578125,1102.196533203125,456.7909240722656,1086.28125,460.4315185546875,1118.6259765625,476.290283203125,1101.662353515625,479.57208251953125,1060.127685546875,472.6791687011719,1055.639404296875,473.457275390625,1082.5556640625,491.68182373046875,1081.4141845703125,493.05377197265625,1065.5675048828125,526.3095703125,1065.9754638671875,529.7860717773438
1113.18408203125,423.3633728027344,1115.13623046875,419.19671630859375,1111.1778564453125,418.9351501464844,1102.8797607421875,418.64544677734375,1103.752197265625,417.6895751953125,1090.0126953125,434.00335693359375,1089.7984619140625,434.5317077636719,1100.0628662109375,460.5202331542969,1094.890380859375,463.74237060546875,1122.070068359375,482.92462158203125,1108.8671875,486.00006103515625,1061.74853515625,474.6025085449219,1061.3531494140625,475.451171875,1085.51904296875,495.0079650878906,1086.177001953125,496.21875,1071.887451171875,530.4131469726562,1073.10400390625,533.62158203125
1120.0916748046875,430.9607849121094,1121.868896484375,426.6839599609375,1118.775634765625,426.50555419921875,1108.2587890625,423.89703369140625,1111.6658935546875,423.3431396484375,1095.916015625,435.3282470703125,1098.1929931640625,436.36737060546875,1109.5159912109375,462.26263427734375,1106.310546875,465.49371337890625,1131.864501953125,484.4605712890625,1121.0694580078125,486.7619934082031,1063.924560546875,474.2291564941406,1066.456787109375,475.0169677734375,1083.21533203125,500.62835693359375,1097.392333984375,501.61541748046875,1070.2772216796875,540.1705322265625,1092.8245849609375,542.82861328125
1130.869873046875,436.24432373046875,1129.5162353515625,431.3925476074219,1129.7857666015625,432.1632080078125,1116.9130859375,426.41912841796875,1124.177001953125,428.95196533203125,1098.1961669921875,436.7930603027344,1111.262451171875,439.83984375,1095.6717529296875,464.0605773925781,1106.8837890625,467.6182861328125,1115.1708984375,485.55596923828125,1117.57861328125,490.5769958496094,1059.886474609375,477.62408447265625,1072.6900634765625,479.68011474609375,1071.514892578125,512.580078125,1107.394775390625,514.8374633789062,1055.068359375,545.3490600585938,1114.907958984375,552.844970703125
1134.412109375,443.4824523925781,1133.2012939453125,438.89703369140625,1133.326904296875,439.286865234375,1119.984619140625,435.85577392578125,1126.7117919921875,437.3235168457031,1102.246337890625,448.49798583984375,1111.8739013671875,450.430908203125,1103.5950927734375,478.450927734375,1111.5765380859375,481.3211669921875,1126.888427734375,499.0635681152344,1129.7391357421875,505.0125732421875,1064.4820556640625,486.7460632324219,1076.0494384765625,488.56195068359375,1070.0123291015625,521.4932250976562,1113.18408203125,523.145263671875,1054.501953125,549.8292846679688,1130.28076171875,556.5650024414062
1145.0601806640625,448.7218322753906,1144.866455078125,444.3441467285156,1143.283203125,444.39508056640625,1133.8330078125,441.65771484375,1135.007568359375,442.2052917480469,1117.4417724609375,453.7616271972656,1119.216064453125,454.3010559082031,1122.18798828125,480.7955017089844,1120.369873046875,480.56988525390625,1141.47705078125,501.375244140625,1135.4268798828125,499.794677734375,1072.63134765625,489.3421630859375,1079.38671875,490.3187255859375,1070.8912353515625,526.0765991210938,1114.3553466796875,527.5934448242188,1056.27734375,552.1602783203125,1136.016845703125,559.4976196289062
1154.587158203125,456.6975402832031,1155.339599609375,452.3037414550781,1151.7508544921875,452.13275146484375,1146.5340576171875,449.9035949707031,1141.9793701171875,449.82080078125,1130.398193359375,463.75762939453125,1128.060302734375,464.6254577636719,1142.31103515625,494.5452880859375,1138.6539306640625,496.6676330566406,1166.7916259765625,523.245849609375,1161.80224609375,525.3193359375,1086.14990234375,492.30633544921875,1090.2332763671875,493.47137451171875,1083.7373046875,522.9854125976562,1124.0145263671875,524.4805297851562,1057.123291015625,557.263427734375,1135.600830078125,564.115234375
1160.756591796875,468.3014831542969,1159.38330078125,463.04718017578125,1158.65087890625,464.01300048828125,1143.75537109375,457.97650146484375,1148.625244140625,461.78900146484375,1121.154296875,468.3009033203125,1136.541259765625,476.9769287109375,1122.11962890625,493.69329833984375,1149.817138671875,509.6217041015625,1141.71337890625,523.0908203125,1171.03759765625,533.5262451171875,1077.8270263671875,502.0220031738281,1094.4246826171875,506.1979064941406,1081.582275390625,522.68359375,1137.9796142578125,528.0491333007812,1053.2890625,551.6575927734375,1152.220947265625,562.64697265625
1165.539306640625,475.89141845703125,1164.42578125,471.4071350097656,1163.57763671875,472.15289306640625,1153.55224609375,467.74267578125,1155.6844482421875,470.0199279785156,1138.4293212890625,477.60955810546875,1141.10107421875,481.28265380859375,1148.725341796875,503.136962890625,1148.177978515625,510.6958923339844,1169.237548828125,528.3729858398438,1168.498779296875,533.4830932617188,1086.50244140625,506.44580078125,1093.021240234375,508.40643310546875,1091.1590576171875,528.1478271484375,1126.651123046875,530.788818359375,1061.7115478515625,561.30712890625,1129.9962158203125,569.2175903320312
1164.04345703125,482.40594482421875,1163.8912353515625,478.7291564941406,1162.797119140625,478.85394287109375,1156.406494140625,474.63848876953125,1155.8277587890625,475.2600402832031,1142.038818359375,480.91363525390625,1138.4434814453125,482.59088134765625,1145.84326171875,501.4400634765625,1139.184814453125,506.2161865234375,1158.074462890625,520.7954711914062,1153.673828125,529.557373046875,1090.457275390625,506.07769775390625,1092.3304443359375,507.1864929199219,1098.3197021484375,529.5169677734375,1125.9407958984375,531.66015625,1063.9625244140625,553.972412109375,1122.88232421875,561.9901123046875
1163.771728515625,484.14404296875,1165.0482177734375,480.2498474121094,1161.98095703125,480.549560546875,1161.314453125,476.4281005859375,1154.1998291015625,477.5503234863281,1147.274169921875,483.0656433105469,1137.211181640625,486.64569091796875,1145.06591796875,506.60723876953125,1131.535888671875,516.2872314453125,1151.1273193359375,531.8551025390625,1143.9052734375,545.3065795898438,1101.1988525390625,504.6976318359375,1091.629150390625,505.72509765625,1129.0989990234375,533.559326171875,1094.0439453125,536.18701171875,1116.2935791015625,554.9680786132812,1063.392333984375,563.1424560546875
1162.9947509765625,479.942626953125,1163.513916015625,475.9761962890625,1161.1973876953125,476.29327392578125,1158.246337890625,471.2825927734375,1154.220947265625,472.2620544433594,1144.1177978515625,476.92578125,1139.6014404296875,479.34942626953125,1140.329833984375,499.04803466796875,1133.7545166015625,505.39556884765625,1145.3509521484375,518.2582397460938,1141.849853515625,531.2301025390625,1099.4873046875,498.8583068847656,1099.90185546875,500.06170654296875,1103.5399169921875,528.844970703125,1123.2783203125,531.0975341796875,1073.0750732421875,550.2288818359375,1115.1923828125,557.782958984375
1162.6708984375,470.15191650390625,1163.31103515625,466.38775634765625,1160.0830078125,466.3327331542969,1158.2757568359375,463.8177795410156,1150.0042724609375,463.37005615234375,1145.01220703125,473.7323913574219,1132.812744140625,471.8877868652344,1138.016845703125,497.82366943359375,1112.125,496.6337585449219,1133.5888671875,515.4654541015625,1108.9722900390625,525.06982421875,1104.39990234375,499.5050354003906,1096.658447265625,498.8650817871094,1133.585693359375,523.273193359375,1122.147705078125,522.1661376953125,1123.96826171875,551.4242553710938,1109.8203125,552.6724853515625
1156.329833984375,462.30572509765625,1157.750732421875,458.68389892578125,1154.385009765625,458.59710693359375,1155.02294921875,458.63360595703125,1146.28076171875,457.256103515625,1144.161865234375,471.91326904296875,1128.0584716796875,469.3272399902344,1132.198486328125,494.9685974121094,1106.120849609375,490.69500732421875,1125.81591796875,510.6576232910156,1105.58056640625,512.9773559570312,1117.541748046875,501.38970947265625,1105.8955078125,501.12579345703125,1137.6292724609375,523.5763549804688,1120.052001953125,524.4204711914062,1135.469482421875,558.4494018554688,1115.8177490234375,559.7371215820312
1147.99169921875,450.8314208984375,1149.733642578125,447.38189697265625,1145.8046875,446.6027526855469,1146.6370849609375,446.7195739746094,1136.6082763671875,444.48712158203125,1134.7645263671875,460.59344482421875,1118.2701416015625,456.48858642578125,1126.1494140625,482.9578857421875,1092.884765625,480.54473876953125,1121.1678466796875,496.070068359375,1084.734130859375,515.4978637695312,1106.446533203125,498.838623046875,1097.143310546875,497.65313720703125,1134.3941650390625,525.4769287109375,1131.8212890625,522.5118408203125,1132.98583984375,560.2510375976562,1135.076171875,558.264892578125
1135.4622802734375,444.799072265625,1137.3897705078125,441.0650634765625,1132.808837890625,440.69451904296875,1134.666015625,440.9600830078125,1125.120849609375,440.04046630859375,1126.0123291015625,456.0682067871094,1111.0791015625,453.3790283203125,1119.211181640625,478.26611328125,1096.7796630859375,473.19085693359375,1115.1190185546875,489.8984375,1093.4627685546875,490.9296569824219,1101.53564453125,495.7112731933594,1093.342041015625,495.23480224609375,1120.728759765625,522.2576904296875,1122.2353515625,521.318115234375,1122.9599609375,557.66552734375,1133.3631591796875,558.9205932617188
1127.188720703125,435.68145751953125,1128.6748046875,431.83447265625,1123.5928955078125,431.81207275390625,1125.724365234375,432.7167663574219,1114.480712890625,432.1112060546875,1119.8447265625,451.43927001953125,1100.815185546875,448.4981689453125,1110.103759765625,476.13641357421875,1077.3890380859375,473.3865966796875,1100.2476806640625,489.8420104980469,1065.4212646484375,503.7655334472656,1099.913330078125,494.7977294921875,1084.9595947265625,493.2774658203125,1127.8192138671875,518.8922119140625,1090.271240234375,515.5447998046875,1142.3233642578125,557.8046875,1084.822021484375,554.0514526367188
1114.3433837890625,422.3085021972656,1117.6048583984375,418.14056396484375,1110.890380859375,417.977783203125,1118.1175537109375,419.30474853515625,1103.5738525390625,418.9039306640625,1111.3023681640625,440.38885498046875,1090.8662109375,438.3049621582031,1102.1192626953125,465.9083251953125,1063.547119140625,460.4676513671875,1097.36767578125,483.62530517578125,1052.9913330078125,486.32452392578125,1094.9549560546875,491.36383056640625,1085.149169921875,491.4447326660156,1101.4019775390625,521.523681640625,1114.270263671875,521.2547607421875,1100.166259765625,556.2555541992188,1132.357421875,557.9981689453125
1108.4381103515625,416.376220703125,1110.165283203125,412.16229248046875,1104.54296875,412.14923095703125,1108.2374267578125,411.30291748046875,1093.8829345703125,410.82769775390625,1104.8538818359375,430.35125732421875,1081.2646484375,427.8890380859375,1108.9581298828125,452.78179931640625,1055.784912109375,446.99749755859375,1111.303955078125,474.497802734375,1038.935546875,471.54791259765625,1091.2635498046875,484.2609558105469,1084.31494140625,483.109619140625,1078.731689453125,520.9539794921875,1118.12109375,519.4578857421875,1064.9796142578125,553.9179077148438,1144.6123046875,554.7320556640625
1094.590087890625,406.91387939453125,1097.25634765625,403.2470397949219,1091.5340576171875,402.7230224609375,1098.947509765625,403.7357177734375,1083.74462890625,402.14227294921875,1098.76904296875,423.54583740234375,1072.6129150390625,419.5345458984375,1106.30859375,446.93939208984375,1051.902099609375,437.1120300292969,1110.58544921875,469.3596496582031,1038.1915283203125,458.67724609375,1088.0684814453125,475.3318176269531,1078.5499267578125,473.58355712890625,1072.6727294921875,513.5358276367188,1105.849853515625,511.60113525390625,1057.693603515625,546.42578125,1128.14990234375,546.2725219726562
1082.2156982421875,395.27288818359375,1085.4556884765625,391.41717529296875,1079.4254150390625,391.0741882324219,1091.1868896484375,391.6876220703125,1074.1724853515625,390.74041748046875,1095.5321044921875,412.43536376953125,1065.844970703125,410.117919921875,1104.4425048828125,437.97430419921875,1047.536376953125,430.53778076171875,1106.7088623046875,463.97882080078125,1029.23876953125,454.6934509277344,1086.760498046875,467.1654052734375,1073.879638671875,466.18072509765625,1073.853271484375,507.0310363769531,1095.3505859375,506.55743408203125,1055.94775390625,541.8663940429688,1109.4281005859375,543.8969116210938
1076.6240234375,388.4892883300781,1079.611328125,384.4483337402344,1072.9774169921875,384.3912048339844,1084.253662109375,384.88885498046875,1065.719970703125,384.4540100097656,1089.28759765625,406.0289306640625,1055.049072265625,404.7037353515625,1098.664306640625,432.55242919921875,1035.5323486328125,428.1634826660156,1103.623291015625,459.53131103515625,1022.0868530273438,457.05029296875,1080.2440185546875,460.82537841796875,1062.9271240234375,460.7449035644531,1073.449462890625,501.91741943359375,1080.2928466796875,502.21258544921875,1057.9715576171875,538.59228515625,1089.4154052734375,541.5313110351562
1067.734375,384.90399169921875,1071.392333984375,380.53851318359375,1063.64111328125,380.6580505371094,1076.968017578125,382.22235107421875,1057.164794921875,382.06927490234375,1084.09423828125,402.6492919921875,1048.7852783203125,401.3533935546875,1092.6488037109375,427.9832763671875,1029.136474609375,423.62457275390625,1091.68359375,452.65887451171875,1020.337158203125,451.16278076171875,1079.3656005859375,456.0544738769531,1057.7254638671875,455.3756103515625,1074.916015625,496.31787109375,1060.3411865234375,495.49188232421875,1070.8072509765625,535.3399047851562,1060.84228515625,534.4325561523438
1060.05517578125,379.92486572265625,1063.6571044921875,375.6292724609375,1056.0694580078125,375.696533203125,1069.214111328125,377.7481384277344,1049.364990234375,377.65118408203125,1076.41796875,399.43206787109375,1039.611083984375,398.61187744140625,1087.492919921875,425.3788146972656,1021.2705078125,422.35321044921875,1088.8182373046875,450.59375,1015.31396484375,449.459228515625,1068.5078125,454.20880126953125,1045.9945068359375,453.734130859375,1065.1119384765625,493.9576416015625,1049.5263671875,493.4598388671875,1061.1114501953125,532.9088134765625,1051.0743408203125,532.186279296875
1054.0498046875,375.4278259277344,1057.3343505859375,371.8243103027344,1050.5445556640625,371.572021484375,1062.27294921875,373.8273010253906,1044.59765625,373.11083984375,1070.1680908203125,396.572509765625,1033.828125,394.942138671875,1078.9122314453125,423.6763000488281,1020.8355102539062,421.04119873046875,1084.045166015625,453.2493896484375,1014.4678344726562,450.1727600097656,1063.2708740234375,453.2490234375,1040.56396484375,452.389404296875,1062.6890869140625,497.50921630859375,1036.1378173828125,496.834716796875,1057.4349365234375,536.0054931640625,1035.9520263671875,535.8114013671875
1044.251953125,373.533935546875,1048.0684814453125,369.0160217285156,1040.343017578125,368.973388671875,1053.2447509765625,371.3451232910156,1034.6630859375,371.0467529296875,1060.1600341796875,395.19635009765625,1025.6416015625,394.4761047363281,1069.2965087890625,424.494140625,1010.6326904296875,422.80938720703125,1068.6363525390625,451.16748046875,1006.3547973632812,450.96746826171875,1053.666748046875,453.6966247558594,1030.55322265625,453.16815185546875,1057.595703125,494.38690185546875,1018.3184814453125,493.7073669433594,1055.38037109375,534.864501953125,1008.2415771484375,534.7243041992188
1037.24365234375,376.8262023925781,1040.476806640625,373.2137145996094,1034.244384765625,372.9575500488281,1047.3385009765625,374.7300109863281,1029.009033203125,373.931396484375,1056.607177734375,397.29913330078125,1019.4658813476562,395.9142150878906,1066.097900390625,423.1170959472656,1005.1302490234375,421.84197998046875,1067.129150390625,447.09716796875,997.3306274414062,450.77520751953125,1047.6134033203125,453.0238037109375,1021.5146484375,451.6510009765625,1057.0423583984375,492.4586181640625,1004.9097290039062,490.7476501464844,1056.04638671875,532.2573852539062,987.20458984375,530.57080078125
1028.8424072265625,377.0602111816406,1031.842041015625,373.17205810546875,1025.35302734375,373.3160705566406,1038.627197265625,374.42987060546875,1019.7599487304688,374.5277099609375,1049.187255859375,397.04168701171875,1011.3255615234375,396.93328857421875,1058.3001708984375,423.4259033203125,998.5784912109375,424.440185546875,1061.843505859375,450.82080078125,991.0197143554688,455.78485107421875,1043.366455078125,452.66339111328125,1016.0659790039062,451.75604248046875,1054.05322265625,492.087646484375,994.81982421875,490.8753662109375,1053.805419921875,532.7000732421875,973.6931762695312,531.386474609375
1021.2984619140625,378.71612548828125,1024.3277587890625,374.7895202636719,1017.4344482421875,374.9242858886719,1030.7440185546875,376.23675537109375,1011.1871337890625,376.17779541015625,1040.2205810546875,398.8238525390625,1003.10205078125,397.80035400390625,1050.8060302734375,424.9292907714844,989.2869873046875,423.527099609375,1056.675048828125,452.39288330078125,982.35791015625,453.2320556640625,1033.853271484375,452.8724365234375,1006.2620849609375,451.58465576171875,1051.153076171875,489.5977783203125,985.687255859375,487.7882995605469,1052.1083984375,531.0961303710938,959.240966796875,528.6947021484375
1013.1220092773438,381.99542236328125,1016.152099609375,377.8699035644531,1009.3829956054688,378.0166015625,1022.3336791992188,379.08734130859375,1003.408935546875,379.27001953125,1032.2769775390625,402.0130920410156,993.5776977539062,401.10455322265625,1045.3250732421875,429.12213134765625,976.9041748046875,429.032470703125,1051.78076171875,453.48834228515625,970.3094482421875,460.26177978515625,1022.4129638671875,457.34649658203125,992.9221801757812,456.74249267578125,1045.9990234375,489.087158203125,971.36328125,487.30267333984375,1051.9967041015625,531.0387573242188,944.614990234375,527.748779296875
1004.1328125,384.07904052734375,1007.2542114257812,380.1224365234375,1000.4844970703125,380.1836242675781,1013.564453125,380.51275634765625,993.9138793945312,380.5419616699219,1023.70068359375,401.7292785644531,983.3790283203125,401.571044921875,1034.749755859375,427.25592041015625,968.5059814453125,429.2481994628906,1041.048583984375,450.53533935546875,963.114013671875,460.31683349609375,1014.3212890625,456.3709716796875,983.9547729492188,455.9292297363281,1035.075439453125,489.9796142578125,958.8057861328125,488.5417785644531,1043.240966796875,530.2847290039062,936.6304931640625,527.9793701171875
994.0376586914062,383.82940673828125,997.297119140625,379.92828369140625,990.427490234375,379.87957763671875,1003.8291015625,380.7320251464844,984.0397338867188,380.46923828125,1013.591064453125,402.67486572265625,974.0521240234375,402.1676025390625,1024.89013671875,429.3313293457031,960.3814697265625,430.26068115234375,1033.9150390625,454.9517822265625,954.0546875,462.0103454589844,1006.2728271484375,455.69012451171875,976.49365234375,455.38818359375,1028.999755859375,489.8888854980469,953.5980224609375,488.5894775390625,1042.586181640625,531.3755493164062,936.18115234375,529.23095703125
985.6192016601562,381.34356689453125,989.1011962890625,377.6064147949219,982.06884765625,377.2890930175781,995.337646484375,378.5404357910156,975.4407348632812,377.69158935546875,1004.3856811523438,400.46435546875,964.8895263671875,399.24951171875,1016.477783203125,426.87384033203125,951.4500732421875,426.09625244140625,1026.0556640625,453.01123046875,943.787109375,455.8750305175781,997.0245361328125,451.4261474609375,967.3922119140625,450.89703369140625,1018.97607421875,486.5531005859375,945.0880737304688,485.2320556640625,1037.645751953125,529.869140625,933.4378051757812,527.8065795898438
978.3720703125,377.4088439941406,981.8373413085938,373.71759033203125,975.1235961914062,373.2873229980469,988.0116577148438,374.6265869140625,968.6983642578125,373.51751708984375,996.761962890625,396.05169677734375,956.540283203125,394.65301513671875,1008.7509765625,420.67791748046875,942.745361328125,420.37664794921875,1017.332275390625,447.10015869140625,936.24560546875,451.6476745605469,987.1060180664062,446.16461181640625,957.076171875,445.70458984375,1013.07373046875,483.9044494628906,941.3677978515625,482.7908020019531,1031.250244140625,527.47216796875,931.6481323242188,526.145751953125
972.1640625,375.087646484375,975.6192626953125,371.3650817871094,968.6400146484375,370.9183349609375,981.0316772460938,372.39410400390625,961.5023193359375,371.1446533203125,988.6005249023438,393.8817138671875,948.7647705078125,392.29248046875,1001.1451416015625,418.8121337890625,934.3594970703125,419.5258483886719,1010.7559204101562,445.2756042480469,929.5228271484375,453.686279296875,978.3825073242188,442.3752136230469,948.9424438476562,441.8127136230469,1003.4539794921875,482.39752197265625,936.866455078125,480.90386962890625,1021.4461669921875,526.2208251953125,929.6486206054688,524.2101440429688
966.2464599609375,374.9302978515625,969.5484008789062,371.1927490234375,962.5869140625,370.8297119140625,974.2896728515625,372.0963134765625,955.10400390625,370.99017333984375,981.7435913085938,393.182373046875,942.1795654296875,392.1241455078125,992.8634033203125,417.83258056640625,928.15576171875,421.29241943359375,1000.2481689453125,442.2874755859375,922.5221557617188,458.56671142578125,972.5359497070312,443.57232666015625,943.4908447265625,442.9749755859375,994.161865234375,483.9346923828125,931.273193359375,482.24560546875,1011.0287475585938,526.3662109375,925.3514404296875,524.3504638671875
957.5267944335938,373.42205810546875,961.1533203125,369.5965576171875,954.1616821289062,369.1930847167969,967.81201171875,370.5902099609375,947.7654418945312,369.63055419921875,977.9620971679688,392.7286376953125,936.3388671875,391.5628662109375,988.800048828125,417.84130859375,923.6672973632812,419.6956787109375,994.6572875976562,440.2574157714844,917.4343872070312,454.4666748046875,970.5225830078125,445.1747131347656,940.51953125,444.57440185546875,984.840576171875,484.10821533203125,920.3909912109375,482.1202392578125,998.6553955078125,526.9373168945312,915.5382080078125,524.2166137695312
951.6952514648438,375.4500732421875,955.092041015625,371.5572509765625,947.8726806640625,371.4334716796875,961.33349609375,372.1936340332031,941.3585205078125,371.59588623046875,971.3599853515625,393.46759033203125,932.0586547851562,392.12725830078125,981.6004028320312,418.4638671875,918.3760986328125,420.0965576171875,989.252197265625,444.29510498046875,909.977783203125,456.81536865234375,964.7296142578125,442.6110534667969,935.2106323242188,440.9493408203125,981.8997802734375,483.50823974609375,912.5953369140625,480.33935546875,991.7045288085938,525.4555053710938,895.1981201171875,520.5540161132812
944.1458740234375,378.17156982421875,947.42138671875,374.5634765625,940.7982788085938,374.2504577636719,954.142822265625,375.7020263671875,934.9088134765625,374.60284423828125,963.6453857421875,397.24365234375,926.1240234375,395.35736083984375,975.013671875,422.0030822753906,911.13720703125,421.4693298339844,982.5992431640625,446.46417236328125,903.191650390625,455.2044677734375,959.0645141601562,444.50616455078125,930.4619140625,443.02191162109375,973.693359375,484.6297607421875,899.3802490234375,481.89007568359375,986.18359375,525.440673828125,879.23828125,521.5842895507812
935.981689453125,384.1493225097656,939.3253173828125,380.42669677734375,932.810791015625,380.2293701171875,946.6475830078125,381.3582763671875,927.51220703125,380.7638854980469,956.8822021484375,402.1729736328125,920.248291015625,401.8941650390625,970.7518310546875,425.01763916015625,905.42041015625,427.7294921875,979.1219482421875,450.6398620605469,894.90087890625,460.45428466796875,952.8392333984375,450.7248229980469,924.70166015625,449.63848876953125,966.4118041992188,486.90576171875,890.707763671875,485.055419921875,979.8737182617188,528.12353515625,868.6279907226562,525.153564453125
930.4788208007812,391.8776550292969,933.2303466796875,388.1027526855469,927.5026245117188,388.1024169921875,938.9718017578125,388.6820983886719,922.2325439453125,388.6808166503906,949.710205078125,408.075439453125,912.3209838867188,408.85546875,961.171142578125,430.52203369140625,897.3980712890625,434.98358154296875,969.8256225585938,451.7281494140625,888.2005615234375,467.19781494140625,946.4584350585938,454.6085205078125,917.001708984375,455.181640625,964.9323120117188,488.91302490234375,885.4030151367188,488.65838623046875,978.86865234375,528.5671997070312,865.59765625,527.734619140625
928.0424194335938,397.18841552734375,930.6866455078125,393.665771484375,924.8406982421875,393.63818359375,935.5241088867188,395.0195617675781,918.64794921875,394.8818359375,945.5773315429688,415.15802001953125,907.2515869140625,415.2772521972656,957.4063720703125,436.3804931640625,890.7347412109375,438.60162353515625,967.3062744140625,455.7314758300781,884.1300659179688,466.26068115234375,941.0587158203125,460.94927978515625,911.2706298828125,461.49932861328125,963.4198608398438,491.24603271484375,883.2778930664062,490.92822265625,979.0409545898438,529.3558349609375,865.8541259765625,528.4949340820312
926.0516967773438,402.8709411621094,928.644287109375,399.1634521484375,922.61767578125,399.3267822265625,933.3037719726562,399.69757080078125,916.0697021484375,400.0919189453125,943.01123046875,418.3439025878906,904.62353515625,420.0158386230469,955.1354370117188,438.5404357910156,889.4679565429688,445.0983581542969,967.6922607421875,455.31048583984375,883.590576171875,471.48199462890625,937.0068969726562,464.74237060546875,907.2532958984375,466.09906005859375,962.53564453125,492.4719543457031,882.2061767578125,493.04473876953125,977.751708984375,530.133056640625,864.18701171875,530.1175537109375
927.1478271484375,404.9226379394531,929.9755859375,401.11602783203125,923.572998046875,401.28839111328125,935.2347412109375,401.63323974609375,916.924560546875,402.2608337402344,945.7274780273438,420.51947021484375,906.0067749023438,422.2020263671875,957.247802734375,441.798828125,892.518798828125,447.3467102050781,960.4964599609375,453.8984375,888.1705322265625,471.1004333496094,939.373779296875,467.036865234375,908.379150390625,468.16455078125,966.130859375,491.72021484375,883.118408203125,491.78271484375,978.6915893554688,530.2869262695312,864.0027465820312,529.537841796875
934.8356323242188,402.35760498046875,937.710693359375,398.95770263671875,931.67333984375,398.71429443359375,942.3861083984375,399.73870849609375,925.1201171875,399.211181640625,949.201904296875,417.00244140625,914.1170654296875,417.991455078125,955.9114379882812,434.53570556640625,899.4671630859375,442.69061279296875,955.757568359375,437.19134521484375,893.2247314453125,466.2957458496094,941.9349975585938,463.0853271484375,913.69091796875,463.75482177734375,966.2955322265625,491.16485595703125,888.6314697265625,490.6350402832031,976.503662109375,528.14013671875,863.9388427734375,526.895751953125
945.79541015625,399.1409912109375,948.342529296875,395.24114990234375,941.9425048828125,395.5278625488281,952.1002807617188,396.511962890625,934.3447265625,397.1513671875,958.084228515625,415.8463134765625,922.9378662109375,418.5491943359375,964.453369140625,437.98333740234375,909.6124267578125,446.508544921875,963.5177001953125,449.4583740234375,907.53369140625,472.46343994140625,950.5709838867188,465.2038879394531,921.1710205078125,467.15521240234375,979.0061645507812,489.35260009765625,895.588134765625,491.291259765625,985.00439453125,525.9302978515625,861.0503540039062,529.0005493164062
954.6817626953125,392.6748962402344,957.83935546875,389.3042907714844,951.181884765625,389.29052734375,962.7271728515625,392.041748046875,944.9512939453125,391.48193359375,966.9580078125,410.32904052734375,935.07763671875,414.28900146484375,974.4153442382812,425.7966613769531,923.248291015625,445.6405334472656,973.1508178710938,424.7253112792969,921.49072265625,474.124267578125,956.9339599609375,466.4784851074219,929.712646484375,466.99462890625,987.0703125,494.44830322265625,907.97802734375,494.45196533203125,982.3988037109375,526.8143310546875,856.4417724609375,526.2860717773438
967.7213745117188,390.169921875,970.899658203125,386.66168212890625,964.1085205078125,386.4306335449219,976.3364868164062,388.85272216796875,956.5303344726562,387.9752197265625,976.4290771484375,406.06365966796875,948.79736328125,410.76715087890625,988.776123046875,416.32080078125,935.66552734375,442.07843017578125,990.0303955078125,409.79278564453125,932.135009765625,471.37103271484375,963.3085327148438,462.77935791015625,940.3583984375,463.96246337890625,988.5758056640625,497.26287841796875,921.60498046875,498.4274597167969,978.1844482421875,524.705078125,868.0726318359375,527.1693725585938
987.199951171875,387.49981689453125,989.0367431640625,383.6589660644531,982.6206665039062,383.8334655761719,989.800048828125,385.98638916015625,972.43408203125,385.52789306640625,988.208740234375,404.3431091308594,961.943359375,407.52593994140625,996.4000244140625,419.8880615234375,949.5206909179688,440.59625244140625,1008.5410766601562,416.6249084472656,945.0465087890625,467.77325439453125,968.111083984375,465.19573974609375,956.59716796875,465.67333984375,953.6514892578125,503.2354431152344,980.2451171875,503.7347717285156,882.6154174804688,518.0069580078125,938.919921875,519.3876953125
1003.4697265625,392.71807861328125,1004.7371826171875,389.45269775390625,999.5369873046875,389.138671875,1002.7781982421875,391.9858703613281,988.90771484375,390.45904541015625,1000.0880126953125,409.05084228515625,975.3433837890625,411.23187255859375,1012.2879638671875,423.913330078125,960.3045654296875,442.8990783691406,1026.0740966796875,424.2082214355469,959.5592651367188,469.787353515625,980.0593872070312,465.27349853515625,968.0084228515625,465.9786071777344,976.23779296875,500.0203857421875,983.7774658203125,501.17047119140625,924.922119140625,515.075439453125,947.3512573242188,518.04345703125
1017.05078125,399.12054443359375,1019.3204345703125,395.3736877441406,1012.8692626953125,395.046875,1018.126953125,396.5342102050781,1002.5974731445312,395.20196533203125,1010.7257080078125,414.61846923828125,991.7889404296875,414.23614501953125,1024.317138671875,434.84344482421875,981.87255859375,440.98419189453125,1043.942626953125,453.2872314453125,982.6587524414062,472.0987548828125,984.396240234375,461.43499755859375,974.6085205078125,460.766845703125,983.657470703125,497.0235595703125,981.3013916015625,496.19329833984375,955.4066162109375,518.4960327148438,957.5537109375,519.6259155273438
1031.944580078125,407.8387451171875,1031.8870849609375,404.240478515625,1029.7406005859375,404.438720703125,1025.168212890625,404.58331298828125,1023.0460205078125,404.9732666015625,1017.5291748046875,419.70013427734375,1009.825927734375,420.8652648925781,1031.6903076171875,439.51361083984375,998.2673950195312,446.4020690917969,1048.6087646484375,459.5577392578125,1000.8510131835938,471.5937194824219,984.7354736328125,455.6842346191406,982.5481567382812,455.41973876953125,976.641357421875,486.58514404296875,981.8963623046875,486.6094665527344,963.33935546875,515.1185302734375,975.3642578125,518.1453247070312
1042.575927734375,413.842041015625,1043.8504638671875,410.479248046875,1039.89501953125,409.8322448730469,1039.23486328125,410.84161376953125,1031.5902099609375,409.25714111328125,1029.004150390625,427.2828369140625,1017.439453125,426.03851318359375,1046.67236328125,451.9454345703125,1016.1590576171875,453.66326904296875,1064.583251953125,471.3849792480469,1025.464111328125,474.2897644042969,990.3834228515625,467.84375,986.022705078125,467.01556396484375,997.042724609375,499.8629150390625,1008.5501708984375,499.781005859375,959.1304321289062,523.2740478515625,984.5136108398438,526.3221435546875
1059.6649169921875,417.25994873046875,1060.80029296875,413.5810546875,1057.263916015625,413.3504333496094,1055.8427734375,412.738037109375,1049.04248046875,412.52197265625,1044.6494140625,428.1563720703125,1034.479248046875,429.0332336425781,1055.49267578125,451.065673828125,1035.94091796875,458.3426513671875,1074.0823974609375,461.0732116699219,1054.866455078125,472.17181396484375,1005.7424926757812,472.24273681640625,1002.652587890625,472.1536865234375,1012.199951171875,500.9178771972656,1032.26611328125,501.25067138671875,968.3221435546875,526.6646118164062,1009.77734375,530.0677490234375
1075.236572265625,423.2552490234375,1076.75244140625,419.76312255859375,1072.9901123046875,419.051025390625,1071.565185546875,418.362548828125,1064.2607421875,416.88226318359375,1057.606689453125,432.33380126953125,1049.9742431640625,432.2893981933594,1070.4005126953125,451.99969482421875,1043.572998046875,456.21087646484375,1087.814208984375,468.3262023925781,1050.0616455078125,477.8011779785156,1017.1834716796875,473.5181884765625,1020.4594116210938,473.3907470703125,1005.660400390625,502.441162109375,1055.6026611328125,503.1441650390625,963.9175415039062,529.1671752929688,1056.98583984375,533.9339599609375
1093.415283203125,430.2485046386719,1095.2733154296875,426.419677734375,1091.1507568359375,425.6313171386719,1088.378173828125,423.98419189453125,1081.1353759765625,422.70343017578125,1069.211181640625,437.6681213378906,1065.8060302734375,438.22515869140625,1079.2608642578125,458.08026123046875,1061.36328125,463.4883728027344,1098.950439453125,475.4502868652344,1069.6781005859375,485.75384521484375,1026.0010986328125,478.266357421875,1033.1549072265625,478.1970520019531,1011.327392578125,501.7659912109375,1072.198974609375,502.5912780761719,972.1126098632812,532.1739501953125,1083.7088623046875,538.3008422851562
1108.7760009765625,435.66766357421875,1109.395751953125,431.14404296875,1106.988525390625,431.6414794921875,1099.5667724609375,427.82470703125,1099.08349609375,430.4590759277344,1081.9033203125,440.39910888671875,1083.74072265625,447.26422119140625,1089.072998046875,461.506103515625,1085.71875,474.037109375,1112.7548828125,482.426025390625,1100.95556640625,483.9036865234375,1041.608642578125,480.97930908203125,1052.236083984375,483.7646484375,1024.22412109375,505.6712951660156,1091.5028076171875,510.9990234375,983.3916015625,531.8374633789062,1108.061767578125,544.1593017578125
1118.63623046875,444.7703857421875,1120.32763671875,440.325439453125,1116.4930419921875,440.624267578125,1112.6279296875,438.73052978515625,1109.2659912109375,440.74737548828125,1093.4796142578125,454.2119140625,1096.673828125,459.3804016113281,1098.912109375,478.2878723144531,1103.051025390625,486.280029296875,1123.9261474609375,495.5465087890625,1122.4271240234375,496.16790771484375,1053.2337646484375,493.5665588378906,1064.46435546875,496.23577880859375,1035.728515625,520.5799560546875,1102.0850830078125,525.0450439453125,1005.8875122070312,546.708984375,1128.4937744140625,558.3953857421875
1141.42041015625,454.53302001953125,1141.70361328125,451.1320495605469,1138.973876953125,449.7772521972656,1130.411376953125,452.64215087890625,1126.7415771484375,449.18896484375,1115.551513671875,468.9776916503906,1110.94091796875,464.920654296875,1129.26953125,491.8094787597656,1123.677001953125,484.68902587890625,1142.9691162109375,503.086669921875,1138.57568359375,495.66802978515625,1071.8837890625,504.19940185546875,1075.9805908203125,503.33648681640625,1056.216552734375,518.6632080078125,1112.39404296875,518.7569580078125,1032.3837890625,545.9927978515625,1137.793701171875,553.2474365234375
1160.2158203125,469.5793762207031,1160.343505859375,464.97943115234375,1158.0302734375,464.41912841796875,1148.260009765625,462.37860107421875,1146.7354736328125,461.58074951171875,1128.24072265625,477.84759521484375,1130.258056640625,478.02899169921875,1139.6236572265625,510.4851379394531,1145.791015625,512.6885986328125,1158.4273681640625,546.5352172851562,1169.165771484375,548.130615234375,1076.4168701171875,509.27606201171875,1085.821533203125,509.2052001953125,1069.7626953125,521.7877807617188,1129.362060546875,522.028564453125,1027.502685546875,546.5029296875,1142.428466796875,551.9264526367188
0.0,0.0,0.0,0.0,0.0,0.0,0.0,0.0,0.0,0.0,0.0,0.0,0.0,0.0,0.0,0.0,0.0,0.0,0.0,0.0,0.0,0.0,0.0,0.0,0.0,0.0,0.0,0.0,0.0,0.0,0.0,0.0,0.0,0.0
0.0,0.0,0.0,0.0,0.0,0.0,0.0,0.0,0.0,0.0,0.0,0.0,0.0,0.0,0.0,0.0,0.0,0.0,0.0,0.0,0.0,0.0,0.0,0.0,0.0,0.0,0.0,0.0,0.0,0.0,0.0,0.0,0.0,0.0
1188.002685546875,509.8523254394531,1188.9578857421875,505.97821044921875,1187.0863037109375,505.8197937011719,1181.99951171875,500.64141845703125,1180.70166015625,501.15533447265625,1164.787353515625,504.0523681640625,1163.1337890625,507.2102966308594,1170.610595703125,528.9865112304688,1164.59423828125,537.4698486328125,1186.6864013671875,558.2711181640625,1179.846435546875,570.0877685546875,1108.1424560546875,511.191162109375,1112.9749755859375,512.534912109375,1096.9736328125,538.06494140625,1138.6741943359375,540.9435424804688,1060.41845703125,557.8521118164062,1142.230712890625,567.5879516601562
1192.1949462890625,509.08935546875,1193.6181640625,505.64324951171875,1191.3648681640625,504.92523193359375,1189.6468505859375,501.15374755859375,1185.1058349609375,499.75909423828125,1176.296630859375,504.503662109375,1165.349365234375,502.09765625,1173.8515625,535.03515625,1160.290283203125,533.77880859375,1178.8536376953125,563.9571533203125,1172.2779541015625,570.7406005859375,1124.10888671875,505.1591796875,1114.475341796875,503.8387451171875,1150.5970458984375,538.6103515625,1124.1871337890625,536.8884887695312,1139.751220703125,561.1842041015625,1103.022216796875,562.5399169921875
1196.9974365234375,502.8536376953125,1198.2144775390625,499.18145751953125,1195.9400634765625,498.92169189453125,1194.5740966796875,496.03741455078125,1189.564208984375,495.71429443359375,1181.886962890625,499.4862060546875,1168.9896240234375,498.36724853515625,1175.122802734375,529.3142700195312,1157.360595703125,530.40625,1175.2886962890625,559.1458129882812,1162.721435546875,570.6105346679688,1128.2783203125,497.43817138671875,1119.574462890625,496.69940185546875,1147.416259765625,531.8267822265625,1141.37939453125,530.911865234375,1125.60595703125,556.8202514648438,1124.864501953125,559.7332153320312
1200.5445556640625,491.8186340332031,1202.315673828125,488.132080078125,1199.182861328125,487.9156494140625,1199.484375,485.0261535644531,1192.409423828125,484.8533935546875,1187.40576171875,490.25830078125,1171.8782958984375,489.68634033203125,1180.4884033203125,519.751953125,1162.203125,521.0350952148438,1181.208740234375,550.4581298828125,1165.956298828125,559.126953125,1135.00146484375,491.08624267578125,1124.8603515625,490.9794616699219,1154.5225830078125,530.069091796875,1151.954833984375,530.370849609375,1143.35205078125,562.732177734375,1148.9593505859375,568.2164306640625
1205.1943359375,484.8876953125,1206.943603515625,481.43896484375,1204.4278564453125,480.39178466796875,1196.748046875,479.08392333984375,1196.78125,475.83209228515625,1183.668701171875,482.636962890625,1177.238037109375,479.2099914550781,1179.44287109375,502.2809143066406,1168.9437255859375,498.8079833984375,1179.9637451171875,527.092529296875,1176.094970703125,526.5335083007812,1140.808349609375,495.56396484375,1135.0828857421875,493.84893798828125,1164.197998046875,519.3883056640625,1155.4075927734375,519.5971069335938,1148.3145751953125,554.0833129882812,1140.76708984375,555.4569702148438
1206.549072265625,471.51226806640625,1207.044189453125,467.7869567871094,1205.477783203125,467.15899658203125,1200.7841796875,465.25872802734375,1196.7509765625,462.6229248046875,1186.560546875,473.4454345703125,1176.4896240234375,470.5069885253906,1184.5323486328125,499.94439697265625,1167.06494140625,499.5649108886719,1187.6490478515625,522.2030029296875,1178.9874267578125,523.9553833007812,1144.4339599609375,498.09295654296875,1137.527587890625,497.34625244140625,1168.361083984375,517.061767578125,1162.109375,517.9505615234375,1149.98291015625,557.0514526367188,1147.1383056640625,559.3526611328125
1211.124755859375,461.599365234375,1212.76318359375,457.86181640625,1209.4302978515625,456.8910827636719,1205.4169921875,455.952880859375,1200.0428466796875,452.6568603515625,1192.06103515625,463.22265625,1179.076416015625,459.879638671875,1191.4532470703125,486.6779479980469,1171.205322265625,484.1700439453125,1195.8009033203125,497.4747619628906,1185.4422607421875,497.98828125,1154.1929931640625,492.30120849609375,1144.6546630859375,491.7679443359375,1183.740478515625,510.0975036621094,1175.9803466796875,511.0377197265625,1164.33837890625,557.2676391601562,1160.7427978515625,559.6160888671875
1213.1611328125,454.2508850097656,1214.317626953125,449.636962890625,1211.376708984375,449.400146484375,1205.05615234375,447.2919921875,1201.9683837890625,445.7489318847656,1190.357177734375,456.79669189453125,1182.3353271484375,455.440673828125,1184.083251953125,479.9620361328125,1171.20751953125,480.12005615234375,1186.827880859375,496.56292724609375,1178.9368896484375,500.86041259765625,1156.4241943359375,486.256591796875,1149.6376953125,486.453125,1184.179443359375,514.5074462890625,1171.6573486328125,516.0049438476562,1175.3133544921875,557.3623657226562,1159.746337890625,560.551513671875
1210.44189453125,447.60247802734375,1212.294921875,443.09613037109375,1208.142822265625,442.89276123046875,1208.1810302734375,441.49346923828125,1198.84326171875,441.1517028808594,1196.01318359375,455.29815673828125,1177.18115234375,453.7286376953125,1188.693359375,488.3079528808594,1153.740478515625,484.4854431152344,1192.3021240234375,514.5278930664062,1161.36669921875,511.4764709472656,1160.95654296875,485.2886962890625,1146.33740234375,485.7451171875,1197.501220703125,523.3284912109375,1161.183837890625,524.2054443359375,1210.0302734375,567.37109375,1157.60107421875,572.33251953125
1208.484375,438.0297546386719,1210.8487548828125,434.8128662109375,1206.51904296875,433.8011169433594,1208.410888671875,434.99786376953125,1198.007568359375,432.4673767089844,1201.3074951171875,452.94207763671875,1176.0074462890625,446.68267822265625,1195.6619873046875,486.11810302734375,1151.919921875,471.2763671875,1197.90966796875,514.5180053710938,1149.3876953125,501.2833557128906,1175.0673828125,491.2313232421875,1156.296630859375,489.5029296875,1202.5972900390625,529.6861572265625,1159.931640625,527.2329711914062,1219.55615234375,569.1055297851562,1158.4649658203125,568.6434326171875
1206.7706298828125,433.9464111328125,1209.3182373046875,430.3788757324219,1204.822998046875,429.57049560546875,1206.8560791015625,430.649169921875,1197.351318359375,428.8435363769531,1202.0458984375,449.44329833984375,1176.3140869140625,446.1612854003906,1196.595947265625,477.47161865234375,1155.05224609375,472.5826416015625,1197.728759765625,504.481201171875,1151.5582275390625,507.09930419921875,1181.4176025390625,494.06842041015625,1161.2647705078125,493.01507568359375,1209.6444091796875,531.9932861328125,1163.5855712890625,530.4693603515625,1227.31396484375,571.402099609375,1161.8651123046875,571.7474365234375
1205.487548828125,435.66192626953125,1208.60400390625,431.89190673828125,1202.61669921875,431.1814270019531,1208.380126953125,431.76129150390625,1194.29931640625,430.0771484375,1205.103515625,449.4013671875,1175.18701171875,446.287109375,1202.2432861328125,478.56561279296875,1155.3143310546875,473.9772033691406,1203.0047607421875,503.6836853027344,1150.335693359375,504.5920715332031,1181.922119140625,492.70904541015625,1158.8045654296875,491.46722412109375,1211.686279296875,530.9082641601562,1160.6856689453125,529.470458984375,1226.8992919921875,575.3650512695312,1156.018310546875,575.1778564453125
1199.736083984375,433.8602600097656,1203.79248046875,429.73577880859375,1196.96533203125,428.5274658203125,1206.66845703125,430.787841796875,1189.62451171875,427.0256652832031,1205.71533203125,450.06439208984375,1172.3272705078125,445.65484619140625,1207.9453125,478.17974853515625,1153.23876953125,472.0078125,1212.4852294921875,503.7644348144531,1155.693115234375,502.57989501953125,1192.498046875,495.89801025390625,1167.83984375,494.7823791503906,1215.8828125,534.7908325195312,1156.851806640625,534.2073364257812,1227.040771484375,574.6881103515625,1149.2857666015625,574.427490234375
1195.102783203125,429.30194091796875,1199.327392578125,425.09710693359375,1192.304931640625,424.0664978027344,1203.1500244140625,426.4725036621094,1186.082275390625,423.30596923828125,1204.8427734375,447.10430908203125,1170.8087158203125,443.3520812988281,1208.47119140625,475.19305419921875,1151.110595703125,469.6203918457031,1213.8768310546875,501.6561584472656,1150.5802001953125,500.2949523925781,1193.822021484375,495.0370788574219,1168.750244140625,493.9210510253906,1217.7242431640625,534.505615234375,1153.129150390625,533.8173828125,1229.50634765625,574.8405151367188,1142.9974365234375,574.3201293945312
1189.119873046875,423.75604248046875,1193.665283203125,419.52880859375,1186.023193359375,418.5151062011719,1198.0723876953125,422.0012512207031,1179.3619384765625,418.854736328125,1199.4573974609375,445.09088134765625,1165.4539794921875,441.7431335449219,1204.5994873046875,474.556640625,1148.43115234375,470.1144104003906,1211.9833984375,501.96441650390625,1149.828125,501.1514892578125,1191.4443359375,494.99932861328125,1166.736328125,494.3037414550781,1214.8814697265625,532.8870849609375,1156.0875244140625,532.576904296875,1230.23681640625,573.2469482421875,1152.26171875,572.9082641601562
1183.6278076171875,418.98150634765625,1186.8990478515625,415.0400390625,1180.2257080078125,414.8985900878906,1190.946044921875,416.0562744140625,1173.8721923828125,415.7115478515625,1197.5968017578125,439.1635437011719,1161.220458984375,438.0835876464844,1201.9842529296875,468.03631591796875,1146.82861328125,465.59466552734375,1202.366455078125,497.8702697753906,1138.8046875,497.1530456542969,1188.843994140625,490.74761962890625,1162.2119140625,490.400390625,1210.1190185546875,529.7562255859375,1156.5849609375,529.1962890625,1225.448486328125,573.1798095703125,1157.152099609375,573.039794921875
1176.02734375,416.7318420410156,1178.672607421875,412.59368896484375,1172.67236328125,412.81512451171875,1183.101806640625,412.35821533203125,1166.625732421875,412.7749328613281,1191.004150390625,434.32635498046875,1155.217529296875,433.7301025390625,1198.972900390625,464.4723815917969,1140.0130615234375,463.92822265625,1199.5977783203125,496.88824462890625,1142.118408203125,498.09698486328125,1182.6573486328125,487.9395446777344,1156.7027587890625,488.1603698730469,1205.635986328125,528.3963012695312,1150.698974609375,527.955078125,1224.9930419921875,572.3177490234375,1149.631591796875,571.5396728515625
1169.8099365234375,415.1517333984375,1172.7568359375,411.1125183105469,1166.5135498046875,411.0918273925781,1176.890380859375,410.8508605957031,1160.1053466796875,410.6071472167969,1182.217041015625,432.6931457519531,1147.8592529296875,432.09912109375,1191.33642578125,463.17218017578125,1132.2926025390625,463.4475402832031,1193.843505859375,495.2005615234375,1138.72314453125,496.90203857421875,1174.1165771484375,486.36376953125,1149.3385009765625,487.0511169433594,1200.1793212890625,526.8806762695312,1148.4482421875,527.4127197265625,1221.5673828125,569.9954223632812,1149.81884765625,571.510009765625
1161.4373779296875,408.8760681152344,1164.34033203125,404.7060241699219,1157.2852783203125,404.87786865234375,1167.85302734375,404.9141845703125,1149.09326171875,405.2987365722656,1175.69287109375,425.7109680175781,1136.468017578125,426.1378173828125,1183.753173828125,455.06756591796875,1123.295166015625,455.15740966796875,1187.9222412109375,485.2129211425781,1117.840087890625,486.531005859375,1170.8837890625,480.52374267578125,1143.0943603515625,481.6942138671875,1191.75146484375,523.7008666992188,1139.9913330078125,524.7267456054688,1216.6549072265625,566.3453369140625,1150.970458984375,568.076904296875
1154.3377685546875,403.40057373046875,1158.46240234375,399.00347900390625,1151.3646240234375,398.3585205078125,1162.680419921875,400.3406066894531,1145.644775390625,398.0616455078125,1166.4765625,421.4669189453125,1134.8731689453125,419.18084716796875,1174.358642578125,451.1409912109375,1118.0050048828125,447.54144287109375,1184.3453369140625,479.50384521484375,1115.7645263671875,479.1182556152344,1163.5706787109375,476.43603515625,1141.978759765625,476.238525390625,1182.965087890625,522.52197265625,1142.7615966796875,522.6635131835938,1199.087158203125,567.13232421875,1146.777587890625,566.8455810546875
1146.1654052734375,398.85882568359375,1149.04248046875,394.93524169921875,1142.6202392578125,394.7545166015625,1151.9552001953125,395.91851806640625,1135.430908203125,395.59130859375,1159.957275390625,417.36181640625,1122.8636474609375,416.16314697265625,1169.8251953125,448.45562744140625,1110.9853515625,443.82769775390625,1173.2353515625,479.70660400390625,1105.630615234375,472.4788818359375,1156.775390625,473.99639892578125,1132.1611328125,474.2985534667969,1172.7276611328125,520.465576171875,1139.45556640625,520.7801513671875,1184.3128662109375,563.04833984375,1149.77880859375,563.7634887695312
1139.342041015625,395.0653381347656,1142.942626953125,390.72491455078125,1135.690673828125,390.4866027832031,1147.1060791015625,392.69976806640625,1129.39306640625,391.6693115234375,1153.2093505859375,415.0741882324219,1120.0211181640625,414.12945556640625,1164.5113525390625,444.30780029296875,1104.301513671875,442.4156494140625,1174.1016845703125,475.943359375,1100.28759765625,475.77935791015625,1151.4376220703125,472.019287109375,1130.23779296875,472.07025146484375,1160.488037109375,516.8949584960938,1131.705810546875,516.9830322265625,1169.06005859375,558.2762451171875,1135.5902099609375,558.04248046875
1131.915283203125,392.04248046875,1135.5072021484375,387.76715087890625,1128.146240234375,387.642578125,1140.349609375,390.27264404296875,1121.50927734375,389.72003173828125,1147.268798828125,413.56744384765625,1112.62841796875,413.211669921875,1159.544677734375,442.43743896484375,1098.86474609375,441.31292724609375,1164.433837890625,472.670654296875,1094.137939453125,472.6518859863281,1144.1031494140625,471.62945556640625,1122.0546875,471.68743896484375,1149.31103515625,516.4644165039062,1123.1474609375,516.394775390625,1156.7886962890625,557.3728637695312,1128.5096435546875,557.0640869140625
1122.7608642578125,391.9874267578125,1126.2568359375,387.4280090332031,1119.5255126953125,387.4974060058594,1132.16357421875,389.14630126953125,1114.1773681640625,389.3056640625,1141.3343505859375,411.9276123046875,1107.1805419921875,412.18634033203125,1154.92578125,440.23663330078125,1094.19482421875,439.7886962890625,1158.3685302734375,471.9627685546875,1087.5888671875,471.6299743652344,1136.212890625,470.4508056640625,1114.515625,470.3700256347656,1141.0927734375,514.4578247070312,1114.6544189453125,514.439697265625,1148.251708984375,553.9573364257812,1119.1959228515625,553.4287109375
1118.1834716796875,393.37237548828125,1122.092041015625,388.83642578125,1114.69189453125,388.603271484375,1127.98193359375,390.660888671875,1108.961669921875,389.9687805175781,1135.14208984375,413.3335876464844,1101.9635009765625,412.0747375488281,1145.0533447265625,441.9976501464844,1087.232421875,438.5014343261719,1147.45361328125,472.0870361328125,1080.8033447265625,469.635498046875,1127.975830078125,469.6761474609375,1107.087158203125,468.82281494140625,1129.4285888671875,513.0079345703125,1106.9910888671875,512.3726196289062,1131.8250732421875,552.5089111328125,1108.7489013671875,551.2828369140625
1111.5054931640625,399.2933349609375,1115.427734375,395.11083984375,1108.1453857421875,394.78857421875,1121.389404296875,397.25506591796875,1102.715576171875,396.35211181640625,1128.400634765625,419.1845703125,1095.781005859375,417.66497802734375,1138.716552734375,447.446533203125,1081.45849609375,443.67950439453125,1142.5079345703125,476.0552673339844,1074.7867431640625,473.00238037109375,1120.0357666015625,471.7337646484375,1099.6331787109375,470.77532958984375,1120.0565185546875,513.9232788085938,1096.7342529296875,513.1756591796875,1122.5318603515625,554.884765625,1097.6376953125,553.5401000976562
1105.3128662109375,402.6327209472656,1108.954345703125,398.41058349609375,1102.262939453125,398.0972900390625,1114.7281494140625,400.15863037109375,1096.8465576171875,399.4882507324219,1122.3829345703125,421.757568359375,1087.684326171875,420.9276123046875,1133.92138671875,450.61383056640625,1075.126708984375,448.7545166015625,1134.03173828125,479.98138427734375,1070.972900390625,478.5013427734375,1112.40625,476.2088928222656,1089.5858154296875,475.4777526855469,1113.26904296875,517.4559936523438,1079.162353515625,516.7682495117188,1116.7254638671875,558.6441040039062,1077.9207763671875,557.8767700195312
1094.0787353515625,410.649169921875,1097.3388671875,406.43389892578125,1090.447509765625,406.369873046875,1104.309326171875,406.92864990234375,1085.996337890625,406.47637939453125,1115.14208984375,430.15203857421875,1083.66064453125,426.9758605957031,1127.9541015625,460.2294616699219,1075.0257568359375,453.2164306640625,1126.993408203125,487.92706298828125,1067.543212890625,483.877197265625,1112.069580078125,481.3720703125,1090.1246337890625,478.60784912109375,1109.9927978515625,520.7538452148438,1067.226806640625,516.248779296875,1118.385986328125,561.7578125,1061.9449462890625,554.776123046875
1087.5234375,414.7652893066406,1090.9503173828125,410.6434326171875,1083.586181640625,410.462890625,1097.937255859375,411.41796875,1078.690185546875,410.75445556640625,1109.3134765625,433.98992919921875,1075.1142578125,429.16595458984375,1121.51025390625,465.35870361328125,1068.0185546875,455.2713317871094,1121.4130859375,493.0291442871094,1061.68701171875,485.90899658203125,1104.9769287109375,483.34356689453125,1080.310546875,479.41558837890625,1104.383544921875,520.0198974609375,1050.634033203125,513.869873046875,1110.4853515625,561.7041015625,1040.6883544921875,552.0225830078125
1079.2796630859375,415.31561279296875,1082.6640625,411.26702880859375,1075.4423828125,411.0696716308594,1089.864501953125,412.102294921875,1070.833984375,411.3981628417969,1102.0404052734375,434.2790222167969,1067.2655029296875,428.8729248046875,1114.973876953125,465.6459045410156,1060.46240234375,454.74786376953125,1116.3345947265625,491.8785400390625,1055.75390625,485.2554931640625,1097.8419189453125,481.59869384765625,1072.3558349609375,477.44989013671875,1102.43505859375,518.2449340820312,1045.06591796875,511.21875,1111.9462890625,561.26318359375,1035.34423828125,549.708740234375
1072.05126953125,412.6591796875,1074.835205078125,408.5677490234375,1067.7652587890625,408.76898193359375,1080.4908447265625,408.9520263671875,1061.625244140625,409.2744140625,1093.3958740234375,430.109130859375,1057.0838623046875,427.7777099609375,1106.5753173828125,460.17791748046875,1050.999267578125,454.677001953125,1110.462158203125,489.3671875,1045.961669921875,485.93756103515625,1094.2620849609375,476.61907958984375,1067.2364501953125,474.44537353515625,1102.080078125,516.0910034179688,1039.151611328125,511.6409912109375,1115.276611328125,559.0138549804688,1030.072509765625,550.7755126953125
1064.697998046875,406.69671630859375,1067.53173828125,402.5975646972656,1060.404541015625,402.93975830078125,1073.0537109375,403.4344482421875,1054.2322998046875,404.2314147949219,1086.376220703125,423.93914794921875,1049.121337890625,423.80706787109375,1102.566162109375,449.5916748046875,1043.7431640625,449.80035400390625,1108.6573486328125,476.14276123046875,1040.482666015625,479.4443359375,1088.8262939453125,474.30828857421875,1061.12451171875,473.49951171875,1098.9237060546875,512.10400390625,1035.8544921875,509.61712646484375,1115.5960693359375,557.874267578125,1028.973876953125,552.1788940429688
1061.40478515625,399.17828369140625,1063.7012939453125,394.84515380859375,1056.8648681640625,395.66766357421875,1068.22021484375,395.81622314453125,1049.7418212890625,397.83038330078125,1082.213134765625,417.83526611328125,1043.0,420.2569885253906,1098.2630615234375,444.9938049316406,1040.0887451171875,448.8531188964844,1105.333251953125,473.986572265625,1038.92919921875,476.07574462890625,1083.34814453125,473.0331115722656,1054.5106201171875,473.6444091796875,1096.50341796875,510.3345947265625,1034.205810546875,510.0380859375,1109.41357421875,552.8943481445312,1026.7735595703125,550.5552978515625
1055.179443359375,393.29443359375,1057.9757080078125,388.92498779296875,1051.5872802734375,389.6163330078125,1064.151611328125,389.5943298339844,1046.713623046875,391.730712890625,1079.2193603515625,411.30364990234375,1039.41015625,415.5987548828125,1095.3826904296875,437.1756591796875,1035.9510498046875,445.18292236328125,1099.96044921875,465.3478088378906,1037.0421142578125,473.0726623535156,1080.0396728515625,470.02325439453125,1051.16845703125,472.16156005859375,1089.776611328125,506.20062255859375,1030.6982421875,508.20770263671875,1103.7662353515625,547.9268798828125,1029.8587646484375,549.291015625
1054.3902587890625,385.98907470703125,1057.314697265625,381.52825927734375,1050.590087890625,382.07244873046875,1063.38525390625,381.8885192871094,1044.9637451171875,383.51806640625,1077.03515625,403.51947021484375,1036.364013671875,406.18487548828125,1093.102294921875,429.355224609375,1032.2451171875,435.36932373046875,1099.119873046875,456.610107421875,1034.5848388671875,463.0018310546875,1074.0491943359375,460.06182861328125,1045.2122802734375,461.51678466796875,1086.45263671875,499.74371337890625,1032.830810546875,500.814697265625,1096.134033203125,546.1285400390625,1030.2857666015625,546.6030883789062
1058.85205078125,374.47900390625,1061.425537109375,370.1034851074219,1054.1986083984375,370.59332275390625,1064.7967529296875,372.00531005859375,1045.619873046875,373.0421447753906,1075.7138671875,395.2173156738281,1033.59716796875,397.0666809082031,1088.0576171875,421.59283447265625,1029.4293212890625,428.1072692871094,1094.545654296875,443.733154296875,1040.79296875,453.63458251953125,1072.7554931640625,451.3367614746094,1042.9952392578125,452.74310302734375,1084.378173828125,492.48687744140625,1033.423828125,493.3510437011719,1086.6123046875,540.7119750976562,1027.7257080078125,541.0523681640625
1057.420166015625,367.0778503417969,1060.3837890625,363.2161560058594,1053.23486328125,363.72784423828125,1065.51171875,365.818115234375,1046.828369140625,366.8819580078125,1076.30419921875,386.9974365234375,1037.267822265625,389.58258056640625,1089.596923828125,412.37322998046875,1026.7730712890625,418.5696716308594,1092.53125,434.83587646484375,1035.4112548828125,441.3165283203125,1073.908447265625,444.3393859863281,1047.1239013671875,445.78961181640625,1077.4541015625,490.61114501953125,1034.690185546875,492.4543762207031,1078.750732421875,536.8516845703125,1029.0078125,538.74951171875
1054.7236328125,359.748046875,1057.7393798828125,355.719970703125,1051.0665283203125,356.1440734863281,1063.7978515625,358.2484130859375,1045.6925048828125,359.024658203125,1075.2176513671875,380.0821838378906,1036.086181640625,381.3560791015625,1086.6536865234375,408.07562255859375,1025.0426025390625,411.345458984375,1085.273193359375,429.9714660644531,1038.493896484375,433.00732421875,1070.67724609375,438.5269775390625,1044.3525390625,439.004638671875,1069.4351806640625,487.4649353027344,1033.65771484375,488.05596923828125,1065.5013427734375,535.55615234375,1028.169677734375,535.6925048828125
1060.71826171875,355.03558349609375,1063.897705078125,350.5395812988281,1056.519287109375,350.27618408203125,1066.8809814453125,352.4423828125,1049.1038818359375,351.7735595703125,1072.6434326171875,374.87982177734375,1035.55419921875,374.6721496582031,1080.802978515625,404.6373291015625,1029.0225830078125,405.9247741699219,1074.7510986328125,421.95068359375,1045.95166015625,423.2895812988281,1065.328857421875,433.92041015625,1040.5634765625,434.13134765625,1067.9810791015625,482.27801513671875,1033.844482421875,482.4022521972656,1058.7479248046875,528.2525024414062,1025.1298828125,529.1200561523438
1064.412109375,349.56182861328125,1066.46435546875,345.32568359375,1059.9208984375,345.8778991699219,1067.4510498046875,348.2445068359375,1050.6279296875,348.775390625,1070.6927490234375,371.9827880859375,1037.717529296875,373.3460693359375,1075.3802490234375,401.79217529296875,1026.1763916015625,404.955810546875,1078.860595703125,423.72113037109375,1046.240478515625,424.5263671875,1064.483154296875,430.4349060058594,1042.651611328125,431.64715576171875,1063.401611328125,477.299560546875,1037.2196044921875,479.5758361816406,1051.016845703125,519.8760375976562,1024.7252197265625,524.5271606445312
1064.388671875,348.7894287109375,1066.3912353515625,345.09222412109375,1060.3291015625,345.5302429199219,1066.989013671875,348.7493896484375,1052.5125732421875,349.239990234375,1069.17236328125,368.7020263671875,1040.0728759765625,372.03662109375,1075.9776611328125,390.1361389160156,1027.435791015625,402.45367431640625,1086.65576171875,396.831298828125,1035.9876708984375,421.2772521972656,1059.4219970703125,426.5453796386719,1041.3271484375,428.409912109375,1060.744873046875,472.4964599609375,1045.19775390625,474.5999450683594,1038.0166015625,508.5121765136719,1025.190185546875,511.1561279296875
1064.108154296875,350.19390869140625,1067.0438232421875,346.426025390625,1060.12890625,346.34552001953125,1068.92333984375,349.5057678222656,1051.4071044921875,349.1383056640625,1069.441650390625,371.7876892089844,1039.26416015625,373.52325439453125,1073.8720703125,398.21197509765625,1041.0032958984375,404.0303649902344,1068.7386474609375,409.4431457519531,1062.43115234375,414.837890625,1054.14111328125,428.24853515625,1034.3277587890625,429.1300048828125,1050.8626708984375,471.9066162109375,1033.93310546875,474.607421875,1026.9176025390625,505.91943359375,1017.5070190429688,512.2203979492188
1065.6007080078125,353.07293701171875,1067.8779296875,349.18609619140625,1061.161865234375,349.3166198730469,1067.9937744140625,352.0967102050781,1051.7525634765625,352.0205383300781,1065.76220703125,373.71209716796875,1042.328125,375.4426574707031,1072.4393310546875,398.7027587890625,1045.8760986328125,404.66693115234375,1071.7435302734375,402.8447265625,1065.01513671875,411.01177978515625,1050.1844482421875,434.1955261230469,1034.760986328125,434.8653564453125,1048.191162109375,479.66748046875,1036.6378173828125,481.908447265625,1016.7193603515625,510.705810546875,1007.6167602539062,516.5623779296875
1062.836181640625,355.90972900390625,1065.04638671875,352.02728271484375,1058.6708984375,352.3591003417969,1065.8157958984375,355.07269287109375,1051.589111328125,355.6351318359375,1063.862548828125,376.5436706542969,1046.46728515625,378.769775390625,1074.576904296875,398.2235107421875,1055.93212890625,403.98162841796875,1077.447021484375,388.487548828125,1073.593994140625,394.7925109863281,1048.700927734375,438.9261474609375,1037.4669189453125,439.49859619140625,1042.643798828125,483.5701904296875,1037.77490234375,485.58270263671875,1013.3016357421875,515.4188232421875,1010.8150634765625,521.1113891601562
1064.479736328125,350.77197265625,1065.9908447265625,346.5462951660156,1060.09375,347.0338439941406,1063.9981689453125,349.2955627441406,1052.3759765625,350.0426330566406,1061.347412109375,370.0322570800781,1046.0372314453125,373.16265869140625,1071.6708984375,395.886962890625,1058.84716796875,402.826904296875,1081.0142822265625,385.14453125,1082.409423828125,392.47442626953125,1048.8897705078125,433.9216003417969,1038.30517578125,435.4457702636719,1046.68115234375,482.31671142578125,1038.640625,485.2495422363281,1018.693603515625,515.6656494140625,1008.53125,522.0967407226562
1067.604736328125,347.6847839355469,1069.662841796875,344.01409912109375,1063.3267822265625,343.8654479980469,1068.373291015625,347.1126403808594,1055.0399169921875,346.2528076171875,1064.6011962890625,368.2713623046875,1047.876953125,368.09814453125,1070.823486328125,391.3684387207031,1055.41357421875,393.310302734375,1076.615966796875,384.9075927734375,1074.87841796875,389.93670654296875,1051.987548828125,426.80572509765625,1041.17333984375,426.516845703125,1045.077392578125,474.93310546875,1039.95068359375,475.14764404296875,1015.2791748046875,511.7873840332031,1013.8236083984375,513.7425537109375
1069.0494384765625,346.969970703125,1067.506103515625,342.52178955078125,1065.2857666015625,343.7518310546875,1055.31396484375,344.7288818359375,1057.87353515625,347.853515625,1044.32421875,363.3831481933594,1053.8486328125,371.3619689941406,1048.1756591796875,382.06951904296875,1069.399169921875,398.4078369140625,1070.8697509765625,368.015625,1088.27197265625,384.4214172363281,1040.68115234375,426.2520446777344,1046.451904296875,430.18499755859375,1047.31201171875,475.5360107421875,1045.83984375,480.9941711425781,1021.8652954101562,511.5504150390625,1014.8344116210938,521.9066772460938
1062.2164306640625,338.78338623046875,1058.9456787109375,334.9792785644531,1060.6434326171875,336.6356506347656,1045.75634765625,340.3016662597656,1059.993896484375,344.7794189453125,1037.858154296875,360.75885009765625,1059.12060546875,369.8565673828125,1033.6259765625,373.08538818359375,1076.64697265625,384.4895324707031,1041.64697265625,360.97119140625,1086.4263916015625,358.771728515625,1039.972412109375,423.42706298828125,1052.377197265625,428.1998291015625,1044.96337890625,470.5617370605469,1048.417724609375,478.5504150390625,1024.96240234375,506.2445983886719,1021.6463623046875,519.7000122070312
1052.187255859375,338.6784973144531,1051.43798828125,335.0934143066406,1052.12060546875,335.50604248046875,1046.455078125,340.2207336425781,1059.433349609375,341.2699890136719,1039.322509765625,361.97296142578125,1063.8565673828125,363.7950439453125,1029.3077392578125,379.88177490234375,1079.79736328125,378.7246398925781,1034.295654296875,377.359130859375,1086.5516357421875,367.49432373046875,1045.021240234375,420.4329833984375,1059.542236328125,421.82269287109375,1048.6160888671875,465.4033203125,1053.458740234375,468.62420654296875,1035.2110595703125,501.5406188964844,1033.101318359375,507.4764404296875
1067.6064453125,338.79693603515625,1064.487060546875,334.7964172363281,1065.5496826171875,335.49920654296875,1051.9429931640625,338.2564697265625,1064.1273193359375,339.19561767578125,1042.862060546875,358.780029296875,1067.20458984375,358.95355224609375,1029.53369140625,380.5897216796875,1084.6810302734375,376.5321350097656,1031.9959716796875,380.37109375,1094.3211669921875,370.77618408203125,1049.64013671875,412.1591491699219,1064.1964111328125,413.033935546875,1056.187744140625,456.14910888671875,1060.8868408203125,457.16168212890625,1041.968017578125,491.825439453125,1042.6016845703125,493.65283203125
1067.09716796875,333.05810546875,1064.862060546875,328.98126220703125,1064.4241943359375,329.5564270019531,1054.991943359375,333.11505126953125,1063.973388671875,333.59307861328125,1045.822021484375,354.9678039550781,1071.628173828125,354.65399169921875,1034.3729248046875,377.757568359375,1093.5887451171875,373.9189453125,1035.779541015625,371.46484375,1101.398681640625,362.4613037109375,1053.548095703125,409.1883544921875,1069.59228515625,409.6922607421875,1057.5009765625,451.5841369628906,1070.06201171875,452.33074951171875,1038.1767578125,486.19500732421875,1049.2552490234375,486.9820861816406
1068.9835205078125,323.7539978027344,1070.873046875,320.50677490234375,1065.72119140625,320.216552734375,1072.91796875,325.9208679199219,1060.845947265625,324.641845703125,1080.702392578125,349.4307861328125,1052.347900390625,347.8614196777344,1099.5810546875,369.03936767578125,1041.70068359375,372.24468994140625,1100.05615234375,348.9949035644531,1044.5225830078125,366.1795349121094,1075.42431640625,405.52447509765625,1057.2784423828125,404.20587158203125,1075.5716552734375,448.8695983886719,1059.885986328125,445.99676513671875,1059.7357177734375,487.0926513671875,1042.096435546875,480.48858642578125
1081.3831787109375,319.34423828125,1081.0064697265625,315.3511047363281,1078.908447265625,315.64935302734375,1073.76025390625,318.0398864746094,1075.8857421875,318.55584716796875,1071.6912841796875,340.9100341796875,1075.195068359375,341.4644775390625,1081.646728515625,362.0658874511719,1077.6326904296875,361.6832275390625,1095.3499755859375,368.86297607421875,1081.017822265625,368.215087890625,1068.4326171875,402.03179931640625,1073.477294921875,402.2630615234375,1061.8404541015625,439.07403564453125,1081.4796142578125,438.89459228515625,1046.5283203125,474.52020263671875,1075.4696044921875,475.4513854980469
1078.1651611328125,312.3289794921875,1080.7630615234375,308.40631103515625,1074.496337890625,308.22265625,1085.244140625,312.039306640625,1068.0885009765625,311.2463684082031,1092.9122314453125,337.2311096191406,1060.9580078125,337.0022888183594,1110.37060546875,362.02618408203125,1048.41259765625,371.3004455566406,1106.1053466796875,355.49127197265625,1049.6591796875,387.9490966796875,1086.51025390625,398.87152099609375,1065.6856689453125,397.63238525390625,1090.208984375,442.2459716796875,1063.65869140625,439.04217529296875,1081.384765625,479.7147216796875,1046.763916015625,473.4559020996094
1081.9698486328125,319.5328063964844,1084.260986328125,315.482177734375,1078.0078125,315.4840087890625,1087.595703125,318.24871826171875,1071.960693359375,317.8459167480469,1094.237060546875,341.12823486328125,1066.878173828125,341.7437438964844,1115.642578125,365.2204284667969,1055.9923095703125,371.57196044921875,1114.444091796875,358.41192626953125,1056.57861328125,377.06951904296875,1088.607177734375,400.579345703125,1073.561767578125,400.45361328125,1084.784423828125,442.8190612792969,1085.1822509765625,441.867919921875,1069.6549072265625,479.9268493652344,1076.1630859375,477.12396240234375
1086.062255859375,321.35223388671875,1084.1807861328125,317.1868896484375,1085.764404296875,317.05242919921875,1076.9810791015625,320.7376403808594,1093.169189453125,319.3988037109375,1067.332275390625,345.5621337890625,1104.806884765625,341.102294921875,1057.286376953125,377.1968078613281,1123.7689208984375,363.6358337402344,1056.0992431640625,388.1305847167969,1122.6734619140625,365.6790771484375,1070.6357421875,401.0724792480469,1098.6031494140625,399.4706726074219,1061.718994140625,438.2481994628906,1108.7283935546875,436.83111572265625,1046.2841796875,471.13018798828125,1109.67578125,470.090087890625
1088.8994140625,322.75323486328125,1088.6947021484375,319.0434265136719,1087.9852294921875,318.498291015625,1084.7298583984375,322.8756103515625,1092.740234375,320.45562744140625,1077.7017822265625,347.12042236328125,1103.447509765625,339.8293151855469,1069.3138427734375,375.03082275390625,1121.3304443359375,356.11639404296875,1069.3851318359375,385.77630615234375,1129.4110107421875,360.8372497558594,1081.939208984375,401.0283203125,1103.1015625,398.477294921875,1065.89697265625,439.62762451171875,1119.564453125,435.42767333984375,1049.93505859375,472.4898376464844,1132.788818359375,466.3179931640625
1093.391845703125,324.5668029785156,1094.5650634765625,321.2244567871094,1091.741943359375,321.09942626953125,1095.538818359375,324.81280517578125,1093.0677490234375,324.00738525390625,1099.31298828125,344.9817810058594,1092.46337890625,345.89727783203125,1115.1961669921875,361.1477966308594,1087.29833984375,369.0647277832031,1122.4249267578125,359.6815185546875,1087.292724609375,388.313232421875,1096.239501953125,404.6239929199219,1097.8726806640625,405.64788818359375,1074.2144775390625,443.185546875,1118.0509033203125,443.0699157714844,1055.71337890625,471.3785705566406,1127.01806640625,469.6578369140625
1104.645751953125,331.38543701171875,1106.3641357421875,327.6578674316406,1101.0113525390625,328.052490234375,1107.35693359375,329.281982421875,1093.208984375,329.88720703125,1113.4339599609375,347.53192138671875,1083.4468994140625,351.0947570800781,1125.2938232421875,367.3510437011719,1074.04345703125,377.08221435546875,1126.9046630859375,381.77288818359375,1072.53125,399.4095153808594,1112.2430419921875,401.7919921875,1089.969970703125,403.3387451171875,1124.7646484375,438.64996337890625,1077.487548828125,440.8045654296875,1130.48193359375,468.8379821777344,1060.4296875,472.96051025390625
1102.49755859375,334.67364501953125,1104.238525390625,331.3179931640625,1100.091796875,331.10565185546875,1106.277587890625,333.587646484375,1096.117919921875,332.7672119140625,1111.9329833984375,348.7328796386719,1088.740234375,353.88519287109375,1139.2000732421875,350.3042907714844,1074.5224609375,379.834228515625,1153.88330078125,339.76153564453125,1069.7550048828125,405.71539306640625,1106.433349609375,406.124755859375,1094.736083984375,407.5784912109375,1096.35205078125,445.29449462890625,1101.631591796875,445.07861328125,1081.9378662109375,475.09405517578125,1095.1104736328125,471.29608154296875
1104.3798828125,333.0202331542969,1106.7984619140625,329.33941650390625,1101.083740234375,329.5119323730469,1110.8775634765625,330.2215881347656,1094.599609375,330.60888671875,1117.7469482421875,345.52886962890625,1086.4447021484375,351.8044738769531,1143.0595703125,350.0451965332031,1076.524169921875,379.23486328125,1169.25048828125,347.01483154296875,1074.0205078125,403.5471496582031,1116.2601318359375,402.9342041015625,1094.01171875,405.0570373535156,1132.7103271484375,440.8742980957031,1084.9530029296875,442.3030700683594,1133.22705078125,470.35455322265625,1062.0806884765625,471.0589599609375
1105.965576171875,331.279541015625,1108.055908203125,327.72125244140625,1102.4591064453125,327.8575439453125,1111.3837890625,329.1028137207031,1095.5440673828125,329.22412109375,1118.970703125,345.492431640625,1087.4169921875,350.02239990234375,1145.83642578125,352.3565368652344,1076.04345703125,375.7083435058594,1172.5689697265625,352.3675231933594,1071.652099609375,399.8832092285156,1117.891845703125,400.1040344238281,1096.4832763671875,401.6221618652344,1132.00146484375,437.78411865234375,1090.944091796875,438.27398681640625,1129.212646484375,467.2249755859375,1070.24853515625,466.44830322265625
1111.99365234375,323.5857849121094,1109.378662109375,320.0675964355469,1110.586181640625,320.1161193847656,1098.435302734375,323.6006774902344,1107.4619140625,323.2451171875,1089.80322265625,346.34796142578125,1114.97705078125,342.0048522949219,1077.751708984375,375.29620361328125,1140.459716796875,360.99151611328125,1077.173095703125,396.04486083984375,1162.135986328125,368.7095031738281,1097.0145263671875,400.0360107421875,1114.165283203125,398.57830810546875,1097.00390625,436.42626953125,1132.681884765625,434.372314453125,1083.0399169921875,459.8694763183594,1126.074951171875,457.66754150390625
1117.702880859375,323.5613098144531,1113.6805419921875,319.4590759277344,1116.252197265625,319.94635009765625,1099.03857421875,321.8125915527344,1110.6712646484375,322.098876953125,1088.052490234375,343.99835205078125,1116.269287109375,341.72430419921875,1072.4686279296875,371.2000732421875,1141.1248779296875,363.44097900390625,1069.67431640625,389.95416259765625,1171.1815185546875,379.6994934082031,1095.81201171875,394.9109802246094,1114.483642578125,394.56646728515625,1101.60009765625,432.1619567871094,1130.9580078125,429.82000732421875,1088.2813720703125,463.8626708984375,1126.9344482421875,461.1280517578125
1121.4183349609375,318.20355224609375,1116.89306640625,313.8106689453125,1119.918701171875,314.4749450683594,1099.8253173828125,316.49359130859375,1112.5140380859375,317.44580078125,1086.60888671875,341.0913391113281,1115.58203125,340.427734375,1069.775146484375,371.7672119140625,1138.17333984375,368.6357116699219,1065.838134765625,395.6956787109375,1169.290771484375,391.48681640625,1092.7923583984375,395.6353454589844,1108.626953125,395.82745361328125,1118.914794921875,432.09295654296875,1121.0205078125,430.2442932128906,1119.115966796875,464.89288330078125,1107.9326171875,462.587646484375
1120.760986328125,315.91015625,1117.04248046875,311.58526611328125,1118.440185546875,312.07110595703125,1101.075439453125,313.8548583984375,1110.09130859375,314.5340881347656,1086.169921875,338.52197265625,1111.556640625,337.4769287109375,1068.654541015625,371.2195129394531,1131.7891845703125,366.1165466308594,1066.48193359375,394.95867919921875,1156.923583984375,391.47650146484375,1091.587890625,392.5107421875,1106.8387451171875,393.31396484375,1113.275634765625,429.3677673339844,1122.2939453125,428.234130859375,1111.4481201171875,462.61175537109375,1116.4091796875,460.8746337890625
1118.2862548828125,316.0276184082031,1115.6246337890625,311.806396484375,1115.280517578125,312.101318359375,1099.581298828125,315.0804443359375,1108.0010986328125,315.1403503417969,1082.968994140625,338.4290771484375,1109.197998046875,339.5457763671875,1071.6993408203125,368.92156982421875,1122.093994140625,370.33966064453125,1082.38818359375,393.3492736816406,1139.65478515625,396.20660400390625,1089.7666015625,394.83465576171875,1105.693359375,396.3684997558594,1102.8253173828125,431.61322021484375,1117.447509765625,432.15899658203125,1104.7601318359375,461.54296875,1116.1805419921875,463.6534423828125
1119.20166015625,313.3382263183594,1118.061279296875,308.9145812988281,1116.3768310546875,309.3846435546875,1104.9083251953125,310.99749755859375,1107.821533203125,310.9564208984375,1093.578857421875,333.1209411621094,1098.0546875,334.1891174316406,1087.961181640625,360.8253173828125,1086.4647216796875,362.7539978027344,1102.19873046875,382.1455993652344,1090.2860107421875,387.0079650878906,1095.337646484375,390.99609375,1099.292236328125,392.79522705078125,1104.9202880859375,429.76220703125,1115.3900146484375,430.9932861328125,1105.1680908203125,465.47845458984375,1117.713623046875,468.05157470703125
1119.2496337890625,313.88214111328125,1120.798583984375,309.6427001953125,1115.1766357421875,309.6234436035156,1116.8623046875,311.9941101074219,1104.6553955078125,311.62713623046875,1112.0028076171875,334.17816162109375,1094.5103759765625,334.5345153808594,1115.72265625,363.9970703125,1088.483154296875,364.6856689453125,1118.160400390625,387.68109130859375,1094.78662109375,392.6249084472656,1103.6922607421875,387.8282470703125,1095.1107177734375,389.0543518066406,1104.611083984375,430.5791015625,1114.8387451171875,431.9057922363281,1101.1619873046875,467.8731994628906,1125.954345703125,472.40875244140625
1118.931884765625,314.39556884765625,1120.708251953125,310.1494140625,1114.9462890625,310.1844482421875,1117.74365234375,312.35382080078125,1105.369384765625,312.08837890625,1112.2694091796875,334.07763671875,1096.36279296875,334.88677978515625,1114.5203857421875,362.2261962890625,1088.23193359375,364.50714111328125,1117.3983154296875,383.45501708984375,1092.138916015625,393.45721435546875,1106.000244140625,387.56341552734375,1098.128662109375,388.8554992675781,1106.970703125,430.9856872558594,1114.075927734375,432.35247802734375,1101.474609375,468.3987121582031,1118.849365234375,473.22637939453125
1118.2274169921875,313.5511169433594,1119.583984375,309.44207763671875,1114.37451171875,309.27301025390625,1117.065673828125,312.41583251953125,1104.3828125,311.06256103515625,1110.0699462890625,336.5496826171875,1092.9329833984375,334.96868896484375,1106.1171875,366.4117126464844,1080.8028564453125,364.5306701660156,1112.52587890625,390.525634765625,1087.080078125,392.78057861328125,1106.9031982421875,390.5353088378906,1096.0118408203125,391.12371826171875,1110.1539306640625,430.9720458984375,1102.216064453125,431.642822265625,1107.78955078125,468.08038330078125,1100.12353515625,469.78912353515625
1117.736572265625,313.10174560546875,1119.3062744140625,309.115234375,1113.7821044921875,308.9794006347656,1118.3837890625,312.64703369140625,1103.8299560546875,311.7614440917969,1113.178466796875,336.0177001953125,1094.318603515625,334.9587707519531,1113.644287109375,353.6583251953125,1085.23193359375,353.435791015625,1115.444091796875,337.4677734375,1096.0875244140625,339.811279296875,1110.94580078125,392.4476318359375,1098.7725830078125,393.0809326171875,1108.9920654296875,434.33837890625,1102.3409423828125,434.9294128417969,1105.8111572265625,471.82122802734375,1099.5535888671875,473.616455078125
1117.01220703125,319.6559143066406,1118.9351806640625,315.4406433105469,1112.9024658203125,315.5071716308594,1117.5823974609375,317.9248046875,1103.44384765625,317.428466796875,1113.1300048828125,341.2278747558594,1092.138671875,340.6340637207031,1113.0245361328125,370.7923583984375,1079.7239990234375,370.7386779785156,1118.102294921875,394.76385498046875,1079.59130859375,401.39849853515625,1105.970703125,398.5663146972656,1094.349853515625,398.741455078125,1110.705078125,441.61492919921875,1107.7152099609375,441.90374755859375,1092.01953125,475.1490478515625,1096.4017333984375,478.06884765625
1116.35693359375,325.7353515625,1117.8739013671875,322.22637939453125,1112.9659423828125,321.7209777832031,1115.820556640625,325.70245361328125,1104.197021484375,323.66900634765625,1115.465087890625,349.20489501953125,1090.903564453125,345.99658203125,1119.2718505859375,377.1611328125,1075.958740234375,374.74285888671875,1123.22314453125,397.2038269042969,1075.447998046875,407.09393310546875,1107.58203125,405.04302978515625,1093.7279052734375,403.7723388671875,1105.720703125,450.2178039550781,1099.396240234375,447.99395751953125,1090.9146728515625,485.66876220703125,1093.8746337890625,483.68023681640625
1113.7027587890625,336.3101806640625,1115.585205078125,332.5959777832031,1110.345947265625,332.29144287109375,1115.24853515625,334.45831298828125,1101.75830078125,333.16998291015625,1114.7628173828125,353.7514343261719,1087.1376953125,354.4200439453125,1124.122802734375,376.07745361328125,1070.920166015625,383.0898742675781,1132.24560546875,392.81280517578125,1067.828369140625,411.92840576171875,1105.2474365234375,407.9973449707031,1089.5927734375,408.7859802246094,1110.669921875,449.9284973144531,1102.4364013671875,451.1754150390625,1087.037841796875,483.70428466796875,1087.9866943359375,486.9685363769531
1112.3328857421875,340.6282653808594,1114.3663330078125,336.5096435546875,1108.1654052734375,336.6753845214844,1114.7081298828125,338.1195373535156,1099.920166015625,338.1248779296875,1116.918701171875,358.335205078125,1086.7015380859375,358.09552001953125,1126.3446044921875,383.10845947265625,1068.1414794921875,382.78997802734375,1136.1435546875,410.3587646484375,1065.690673828125,411.988037109375,1108.1153564453125,412.4372863769531,1089.7672119140625,412.567138671875,1105.5419921875,449.3321533203125,1088.844970703125,449.43621826171875,1092.628173828125,484.4908447265625,1077.935302734375,485.66534423828125
1111.4580078125,344.1348876953125,1113.973876953125,340.19427490234375,1107.753173828125,340.20513916015625,1114.7401123046875,341.2584228515625,1098.765625,341.1678771972656,1116.98388671875,360.15728759765625,1083.028076171875,363.8191223144531,1126.81201171875,383.0052490234375,1067.882568359375,393.0936279296875,1138.8731689453125,404.2856140136719,1063.1605224609375,422.4598388671875,1104.7166748046875,414.9483947753906,1083.4866943359375,417.2262268066406,1107.4677734375,454.2183837890625,1082.7728271484375,458.1075439453125,1088.303466796875,487.0106506347656,1066.91552734375,494.4366455078125
1109.4012451171875,346.407958984375,1112.0330810546875,342.44915771484375,1105.3250732421875,342.3477783203125,1112.6458740234375,344.34527587890625,1095.8447265625,343.7722473144531,1113.9619140625,365.1630859375,1079.9967041015625,366.60675048828125,1122.017578125,388.7765808105469,1064.429931640625,395.61541748046875,1136.42333984375,413.042724609375,1060.2198486328125,424.5478820800781,1099.36279296875,420.60540771484375,1078.3572998046875,421.36737060546875,1099.1297607421875,458.8237609863281,1073.301025390625,460.73309326171875,1081.3004150390625,491.7864990234375,1059.1785888671875,496.3387451171875
1101.689453125,351.1645202636719,1104.3941650390625,347.1092529296875,1098.1695556640625,346.80364990234375,1106.076416015625,348.9698486328125,1091.3167724609375,347.83123779296875,1108.4112548828125,370.2062072753906,1079.1533203125,368.5903015136719,1117.45166015625,395.6653747558594,1062.5430908203125,393.6055908203125,1126.83642578125,424.4984130859375,1058.2921142578125,424.5081787109375,1097.1048583984375,422.12744140625,1078.0732421875,421.447998046875,1100.8626708984375,460.5976867675781,1068.554931640625,460.28533935546875,1096.3837890625,493.79754638671875,1056.151123046875,494.32098388671875
1103.6778564453125,354.030517578125,1106.105224609375,350.4723815917969,1100.469482421875,350.1890869140625,1107.246337890625,351.2194519042969,1092.1051025390625,350.2856140136719,1108.6026611328125,370.09930419921875,1076.4254150390625,369.5101318359375,1112.40283203125,393.93060302734375,1061.580078125,395.9978942871094,1122.0787353515625,417.484619140625,1055.251953125,426.2445373535156,1092.6131591796875,419.92755126953125,1072.0540771484375,419.4970703125,1094.4649658203125,458.59295654296875,1065.4144287109375,458.3907165527344,1086.858642578125,491.2857666015625,1057.6156005859375,493.06378173828125
1096.412353515625,357.0673828125,1099.03564453125,353.41656494140625,1093.20068359375,353.0798034667969,1100.57373046875,355.17718505859375,1086.4569091796875,354.0765380859375,1101.427001953125,373.9771728515625,1073.6846923828125,372.44635009765625,1107.7470703125,399.45330810546875,1058.0091552734375,397.02130126953125,1111.2235107421875,424.0157775878906,1056.4461669921875,424.04730224609375,1089.214111328125,423.6982421875,1071.2384033203125,423.0903625488281,1090.9554443359375,460.71527099609375,1065.6575927734375,460.2309265136719,1084.3824462890625,496.19903564453125,1056.35986328125,496.61859130859375
1094.3194580078125,358.36578369140625,1097.3359375,354.8255310058594,1091.503173828125,354.18426513671875,1100.017333984375,356.35546875,1085.560302734375,354.34814453125,1100.195068359375,374.38037109375,1072.048583984375,371.4086608886719,1106.4908447265625,399.9635925292969,1054.692626953125,395.366455078125,1110.908447265625,424.0751953125,1052.19482421875,422.37847900390625,1083.407958984375,422.14013671875,1065.64599609375,420.78814697265625,1082.501708984375,459.63702392578125,1062.5682373046875,458.7802734375,1073.7779541015625,495.3216552734375,1053.83984375,495.0189514160156
1093.75537109375,355.66790771484375,1096.98095703125,352.0797119140625,1090.567626953125,351.0597839355469,1098.7181396484375,354.3822021484375,1083.0174560546875,351.35498046875,1098.1424560546875,374.65850830078125,1069.6116943359375,370.13116455078125,1101.0845947265625,401.5685119628906,1053.0760498046875,393.7857666015625,1101.7757568359375,426.9571533203125,1050.1199951171875,422.7998046875,1081.1654052734375,420.429931640625,1063.284912109375,418.30230712890625,1075.790283203125,458.2796630859375,1059.4771728515625,456.9017333984375,1066.8018798828125,493.685791015625,1053.103515625,492.50146484375
1092.47607421875,352.1832275390625,1095.9229736328125,348.4561767578125,1089.260009765625,347.4647216796875,1098.50927734375,350.9087219238281,1081.7322998046875,347.9501953125,1097.7489013671875,372.15081787109375,1068.4072265625,367.59002685546875,1099.73388671875,400.4592590332031,1051.78369140625,392.48309326171875,1098.4835205078125,426.7083740234375,1049.265869140625,422.57635498046875,1079.9100341796875,418.91302490234375,1061.509033203125,416.7724914550781,1074.0079345703125,457.7958984375,1058.907470703125,456.45074462890625,1065.249267578125,494.5498352050781,1053.98388671875,493.2644348144531
1094.198974609375,351.8877868652344,1096.652099609375,348.10174560546875,1090.90771484375,347.2573547363281,1096.2947998046875,350.586181640625,1081.852783203125,347.8710021972656,1093.9586181640625,372.57171630859375,1066.8428955078125,368.50457763671875,1095.285400390625,400.96954345703125,1048.7171630859375,394.0443115234375,1096.2462158203125,426.73687744140625,1046.485595703125,424.1047668457031,1076.62109375,422.036865234375,1059.6531982421875,420.3144836425781,1071.746826171875,460.9923095703125,1057.4295654296875,460.0328063964844,1062.695556640625,496.5975036621094,1051.05078125,496.22674560546875
1095.3232421875,349.94573974609375,1097.26416015625,346.22393798828125,1092.323974609375,345.58697509765625,1095.8878173828125,348.0457763671875,1083.31396484375,345.74169921875,1093.690185546875,368.78656005859375,1067.96826171875,365.08526611328125,1094.818115234375,397.1197814941406,1047.798583984375,390.4761657714844,1098.496826171875,423.6480712890625,1043.953369140625,421.720947265625,1075.9564208984375,418.01507568359375,1060.080078125,416.5699768066406,1071.9407958984375,458.0396728515625,1058.2965087890625,457.572998046875,1062.565673828125,495.98065185546875,1049.850830078125,496.37127685546875
1092.7177734375,351.4335021972656,1095.2532958984375,347.70135498046875,1089.8299560546875,347.0637512207031,1095.1258544921875,348.0760498046875,1081.106689453125,346.2281799316406,1093.05859375,366.7481689453125,1064.2744140625,364.4147644042969,1095.6160888671875,392.0838623046875,1045.3712158203125,389.1656494140625,1098.8629150390625,416.3388671875,1042.2772216796875,420.6524963378906,1073.05712890625,418.9189453125,1056.50439453125,417.94854736328125,1066.533447265625,460.545166015625,1057.1331787109375,460.09161376953125,1054.0030517578125,495.7144775390625,1055.288818359375,498.4990234375
1093.25,349.76922607421875,1095.718017578125,346.0414123535156,1090.3785400390625,345.39520263671875,1095.3284912109375,347.130859375,1081.4801025390625,345.1805419921875,1093.2276611328125,366.951416015625,1063.7161865234375,364.5496826171875,1095.647705078125,392.82342529296875,1043.4569091796875,390.2369384765625,1099.5394287109375,417.1396484375,1040.546875,423.78839111328125,1073.111083984375,419.7928161621094,1056.211669921875,418.84222412109375,1066.4058837890625,461.24725341796875,1057.335205078125,460.67938232421875,1051.944580078125,496.2821044921875,1054.481201171875,498.9480285644531
1091.30810546875,349.26324462890625,1093.267822265625,345.13116455078125,1087.4259033203125,344.446533203125,1091.5821533203125,347.46856689453125,1076.758056640625,344.9606018066406,1087.513427734375,370.44134521484375,1060.7236328125,366.47760009765625,1088.5880126953125,399.48150634765625,1040.756591796875,392.9612731933594,1092.629638671875,425.757568359375,1038.37841796875,424.11376953125,1070.732666015625,422.0975341796875,1054.22021484375,420.6495666503906,1064.3046875,463.8043212890625,1052.7552490234375,463.07745361328125,1053.1234130859375,502.71063232421875,1044.5732421875,502.94110107421875
1089.94384765625,356.2270202636719,1092.7342529296875,352.51641845703125,1087.286376953125,351.75531005859375,1093.161376953125,352.83160400390625,1078.964599609375,350.72216796875,1090.427001953125,371.41741943359375,1061.2353515625,368.8363952636719,1093.029541015625,397.87884521484375,1040.552734375,394.7837219238281,1096.3807373046875,423.0810241699219,1036.69287109375,428.22515869140625,1067.95556640625,422.5080871582031,1050.3206787109375,421.317626953125,1065.98779296875,465.4615173339844,1049.3128662109375,464.95794677734375,1052.9833984375,501.73748779296875,1041.2396240234375,504.86444091796875
1089.4776611328125,357.3040771484375,1091.212890625,353.816162109375,1087.853515625,353.173828125,1089.4700927734375,354.89947509765625,1080.81103515625,353.336669921875,1087.6329345703125,371.6578674316406,1060.982177734375,371.02471923828125,1092.7215576171875,395.46405029296875,1039.607177734375,397.5916442871094,1095.784912109375,420.11859130859375,1035.37744140625,427.9503479003906,1063.9609375,421.2449951171875,1047.3675537109375,420.75640869140625,1063.0977783203125,466.554443359375,1043.57763671875,467.22491455078125,1049.0982666015625,505.1293029785156,1031.85302734375,509.2673034667969
1084.342529296875,366.31414794921875,1087.5078125,362.7252502441406,1081.0218505859375,362.03485107421875,1088.9810791015625,363.3164978027344,1072.2607421875,361.53033447265625,1088.329345703125,381.4781494140625,1055.6990966796875,380.460205078125,1095.32861328125,406.3111572265625,1040.212158203125,407.4198303222656,1102.250732421875,430.15087890625,1034.89404296875,436.23193359375,1063.2061767578125,429.25286865234375,1042.692138671875,428.4698486328125,1060.7803955078125,472.8800354003906,1037.8302001953125,473.13067626953125,1046.0115966796875,509.7476806640625,1025.646484375,512.6405029296875
1075.843994140625,371.396484375,1078.908447265625,367.7698974609375,1072.1905517578125,367.5266418457031,1082.02197265625,369.5371398925781,1064.1656494140625,368.8063659667969,1083.5960693359375,389.2191467285156,1050.909423828125,391.39599609375,1097.24755859375,409.244384765625,1039.4788818359375,421.4039306640625,1110.7447509765625,427.19268798828125,1037.316650390625,451.33660888671875,1062.164306640625,436.85357666015625,1041.8740234375,437.3726806640625,1061.084228515625,479.638916015625,1038.8074951171875,481.1346435546875,1039.6231689453125,512.8267822265625,1019.9913330078125,516.9742431640625
1074.6121826171875,374.5956115722656,1077.161865234375,370.94061279296875,1071.21826171875,370.89404296875,1080.302490234375,372.66302490234375,1063.79638671875,372.310546875,1082.9937744140625,391.947509765625,1050.1878662109375,395.27862548828125,1101.7471923828125,410.6986999511719,1037.151123046875,426.2664794921875,1122.14599609375,426.66632080078125,1034.70556640625,455.63507080078125,1059.7288818359375,447.8167419433594,1040.2109375,448.7811279296875,1059.656982421875,490.1900939941406,1042.8411865234375,492.47808837890625,1020.81591796875,518.642333984375,1008.646484375,523.7114868164062
1071.4412841796875,381.4029541015625,1073.9697265625,377.31707763671875,1068.3272705078125,377.654296875,1077.837646484375,377.8587341308594,1063.057861328125,378.4747009277344,1084.265625,395.39422607421875,1052.2093505859375,400.2283935546875,1108.6732177734375,411.14251708984375,1037.4764404296875,428.01373291015625,1134.55078125,419.76727294921875,1034.97314453125,455.56036376953125,1061.826904296875,452.0351257324219,1042.735595703125,453.7147521972656,1052.1402587890625,490.7758483886719,1039.40771484375,492.850830078125,1013.48095703125,522.852294921875,1006.2076416015625,525.3407592773438
1067.087890625,382.35113525390625,1070.0234375,378.27801513671875,1063.9400634765625,378.5660705566406,1075.1881103515625,378.793212890625,1059.425048828125,379.2862548828125,1081.77783203125,394.87890625,1051.2041015625,401.3443908691406,1111.0882568359375,400.0749206542969,1036.669189453125,426.3819580078125,1139.224853515625,395.9111022949219,1034.020263671875,455.03564453125,1060.7176513671875,452.94122314453125,1043.0283203125,455.0332946777344,1046.49755859375,495.0738830566406,1038.799560546875,496.72412109375,1012.6100463867188,529.2305908203125,1009.685791015625,530.399169921875
1071.136962890625,387.5596923828125,1072.731201171875,383.51287841796875,1066.8619384765625,383.5675048828125,1071.773681640625,385.13916015625,1059.0562744140625,385.0150146484375,1069.885009765625,405.5028076171875,1049.674560546875,404.4412536621094,1071.126953125,431.9132995605469,1034.9918212890625,430.3916015625,1077.3372802734375,460.94268798828125,1031.205078125,461.2889099121094,1058.0283203125,459.1065673828125,1045.1668701171875,458.18206787109375,1050.1629638671875,494.77587890625,1029.584228515625,494.1016845703125,1023.7212524414062,524.7112426757812,998.725830078125,526.05322265625
1070.7318115234375,389.9993591308594,1073.2725830078125,385.9563903808594,1067.070068359375,386.62164306640625,1076.26123046875,385.49835205078125,1059.4296875,386.80963134765625,1076.853759765625,398.00018310546875,1049.6744384765625,409.58489990234375,1096.5546875,397.6099548339844,1039.0057373046875,439.3748474121094,1110.174072265625,382.3812561035156,1043.4388427734375,474.5101318359375,1055.006591796875,457.6676330566406,1038.2301025390625,462.2580871582031,1048.6688232421875,499.1716003417969,1032.02099609375,503.0342102050781,1018.8213500976562,529.826416015625,997.4002075195312,534.24755859375
1081.754150390625,389.8736572265625,1082.912353515625,385.74285888671875,1077.81103515625,386.044921875,1079.8031005859375,386.80078125,1067.685546875,386.93634033203125,1070.587158203125,403.763671875,1056.5938720703125,408.73150634765625,1070.954345703125,420.83111572265625,1048.1505126953125,444.8352355957031,1073.993408203125,422.8872985839844,1058.4434814453125,478.21099853515625,1047.0496826171875,462.1187744140625,1037.7867431640625,463.4857177734375,1048.118408203125,503.21002197265625,1036.315185546875,504.8494873046875,1010.7806396484375,528.3309326171875,992.6812744140625,532.3250122070312
1089.2275390625,388.2640686035156,1090.14306640625,383.6523742675781,1084.7669677734375,384.1759033203125,1085.0587158203125,384.7215576171875,1074.020263671875,385.33868408203125,1074.1817626953125,406.1240234375,1063.750244140625,407.48931884765625,1068.9940185546875,436.485107421875,1055.0029296875,441.2644958496094,1073.7965087890625,460.96014404296875,1064.5203857421875,474.7972412109375,1050.0855712890625,463.980712890625,1044.46826171875,464.1204833984375,1044.6024169921875,504.0872802734375,1044.68359375,504.9603271484375,1004.3873291015625,526.5884399414062,1007.3256225585938,530.667724609375
1090.8931884765625,388.9495849609375,1092.7783203125,384.13104248046875,1086.2198486328125,384.6240234375,1091.0,385.0600891113281,1076.9447021484375,385.63348388671875,1081.3607177734375,407.27227783203125,1071.0875244140625,408.10235595703125,1075.195068359375,439.3128662109375,1064.006591796875,442.6424560546875,1081.977294921875,462.94775390625,1070.52490234375,472.6952819824219,1063.54345703125,465.5543518066406,1058.882080078125,465.3604431152344,1051.429443359375,504.5618591308594,1061.776123046875,505.3580322265625,1002.7529296875,528.779296875,1020.802490234375,532.3446655273438
1101.3775634765625,392.5426025390625,1101.8443603515625,387.63861083984375,1096.8797607421875,388.3121337890625,1096.177978515625,387.726806640625,1087.788330078125,388.80804443359375,1086.2786865234375,407.6422119140625,1080.943115234375,410.38983154296875,1082.353515625,441.6072692871094,1078.97119140625,446.5283203125,1086.1806640625,471.47137451171875,1081.114990234375,477.69683837890625,1068.033203125,466.736572265625,1064.784423828125,467.8099365234375,1068.2296142578125,507.244873046875,1066.513916015625,510.3314208984375,1022.7803955078125,526.041015625,1019.170166015625,533.0072631835938
1108.446044921875,399.7296142578125,1109.65673828125,395.1394958496094,1104.709716796875,395.38836669921875,1105.29736328125,395.173095703125,1095.993896484375,395.57708740234375,1094.79443359375,413.96630859375,1085.9127197265625,416.082763671875,1090.72021484375,445.970947265625,1081.834228515625,450.1466064453125,1093.733642578125,470.66119384765625,1085.0203857421875,476.6697998046875,1072.2977294921875,471.0346984863281,1066.877685546875,471.8568115234375,1073.7099609375,512.5587158203125,1073.492919921875,515.5736083984375,1027.1436767578125,531.976806640625,1027.83203125,539.5408935546875
1115.05908203125,407.7872314453125,1114.943359375,402.650390625,1112.2193603515625,403.33282470703125,1107.500732421875,401.30792236328125,1104.51025390625,403.28839111328125,1095.0321044921875,420.72247314453125,1094.16552734375,424.473876953125,1094.309326171875,452.00262451171875,1090.2894287109375,458.46026611328125,1101.2706298828125,477.8077697753906,1094.831298828125,481.66314697265625,1065.3319091796875,481.92462158203125,1065.7218017578125,483.4183044433594,1072.706298828125,514.1489868164062,1079.1590576171875,517.8363037109375,1033.0498046875,538.0855712890625,1039.9703369140625,547.0427856445312
1127.5755615234375,416.1781311035156,1127.6600341796875,411.154296875,1124.36328125,411.17449951171875,1118.59423828125,410.2759094238281,1115.124755859375,410.647216796875,1102.340087890625,429.7709655761719,1105.2935791015625,430.67572021484375,1102.65771484375,461.43682861328125,1105.3409423828125,462.59521484375,1113.0184326171875,482.643310546875,1110.7918701171875,482.6067810058594,1068.237548828125,485.1455078125,1070.729248046875,485.6783752441406,1085.6602783203125,519.9234008789062,1093.17138671875,521.9212646484375,1042.922119140625,544.9922485351562,1047.1866455078125,551.6090087890625
1137.25927734375,421.38751220703125,1136.6307373046875,416.8564453125,1133.7899169921875,417.3966064453125,1127.4884033203125,417.34771728515625,1125.49951171875,418.17413330078125,1112.88916015625,434.49945068359375,1114.32177734375,435.4649963378906,1110.2764892578125,466.8694152832031,1110.615478515625,468.1328430175781,1121.63427734375,490.1507568359375,1118.8218994140625,493.2970275878906,1079.6644287109375,484.2303466796875,1082.177001953125,484.80389404296875,1096.8936767578125,521.3289794921875,1104.9478759765625,522.7894897460938,1044.7354736328125,543.128173828125,1058.19775390625,548.01171875
1145.4150390625,430.945068359375,1143.957275390625,426.417724609375,1142.432861328125,427.11798095703125,1133.224853515625,426.24755859375,1135.133056640625,427.3715515136719,1120.7086181640625,442.1990966796875,1125.064697265625,443.19256591796875,1116.4014892578125,471.62469482421875,1120.337158203125,474.56549072265625,1127.13916015625,494.132568359375,1129.3551025390625,501.0123291015625,1091.747314453125,484.92901611328125,1099.484619140625,485.19140625,1089.72216796875,522.936279296875,1124.6002197265625,522.9224853515625,1040.071044921875,544.4843139648438,1103.9659423828125,545.3817138671875
1158.435791015625,440.64080810546875,1158.6290283203125,436.2891845703125,1155.4930419921875,436.17803955078125,1150.8656005859375,436.24041748046875,1146.4361572265625,435.67169189453125,1137.187744140625,452.53790283203125,1134.35107421875,453.1285400390625,1140.909912109375,487.35919189453125,1136.9111328125,490.420166015625,1146.9561767578125,514.9664916992188,1153.1239013671875,524.2119140625,1101.0433349609375,491.98895263671875,1099.2073974609375,492.0162048339844,1107.155517578125,525.895263671875,1105.42431640625,526.6318969726562,1064.9329833984375,547.7984619140625,1064.46240234375,551.4739379882812
1166.34228515625,448.4429626464844,1166.2314453125,444.1685485839844,1163.5494384765625,443.9647521972656,1158.390625,445.361083984375,1155.3743896484375,443.99267578125,1145.531982421875,463.53961181640625,1144.5374755859375,461.98712158203125,1152.141845703125,495.41375732421875,1149.102783203125,496.6681823730469,1169.83056640625,518.8473510742188,1173.611328125,536.3406982421875,1107.744384765625,501.1769714355469,1111.3291015625,500.6279296875,1099.64404296875,537.9131469726562,1128.87109375,536.0908813476562,1049.392333984375,564.3069458007812,1105.4256591796875,563.7896728515625
1182.874267578125,459.36376953125,1181.1136474609375,453.96417236328125,1179.168701171875,454.8558349609375,1167.595703125,452.47332763671875,1167.8157958984375,454.343505859375,1150.754638671875,468.390869140625,1156.4810791015625,472.14776611328125,1160.166259765625,502.0600891113281,1159.5667724609375,508.852294921875,1179.317138671875,536.7034912109375,1177.92822265625,543.9869384765625,1105.218505859375,507.94769287109375,1115.499267578125,510.02667236328125,1099.705322265625,544.0532836914062,1146.7821044921875,546.9739379882812,1043.917724609375,570.9088134765625,1129.3167724609375,578.2168579101562
1188.1087646484375,470.87939453125,1186.7041015625,465.3430480957031,1184.6634521484375,466.7273254394531,1173.21728515625,463.20416259765625,1174.0185546875,466.9578857421875,1155.1533203125,480.7625732421875,1162.1141357421875,487.7055358886719,1164.77783203125,514.013427734375,1164.531982421875,525.847900390625,1185.3326416015625,548.140869140625,1181.0760498046875,552.9149169921875,1109.7470703125,528.2445068359375,1117.9581298828125,531.8041381835938,1120.720703125,556.78173828125,1147.465087890625,562.0592041015625,1096.874267578125,591.46044921875,1142.659912109375,603.1284790039062
1196.18603515625,482.51580810546875,1194.76953125,477.51373291015625,1193.631103515625,478.68243408203125,1181.25244140625,474.23480224609375,1184.3115234375,477.78741455078125,1163.48583984375,489.03021240234375,1172.06884765625,495.6182861328125,1169.39453125,519.943359375,1176.4801025390625,530.7201538085938,1190.708984375,552.3792724609375,1196.768310546875,556.2744750976562,1124.751953125,537.5289916992188,1133.5986328125,540.9991455078125,1134.727783203125,560.3541870117188,1157.4608154296875,565.302490234375,1119.7166748046875,594.9979248046875,1159.6785888671875,606.2484130859375
1201.0947265625,492.2091064453125,1199.390869140625,486.9057312011719,1198.6248779296875,488.6778259277344,1186.9586181640625,482.68231201171875,1190.940673828125,487.6806640625,1171.34521484375,494.1334533691406,1178.68603515625,503.1046142578125,1176.80908203125,522.642578125,1183.484130859375,538.9578857421875,1196.985595703125,553.0943603515625,1203.3876953125,562.998046875,1133.46142578125,537.9083862304688,1139.939453125,542.4854736328125,1153.9818115234375,555.65380859375,1163.59521484375,561.5858154296875,1146.563232421875,591.552490234375,1165.898681640625,603.3529052734375
1202.4510498046875,494.9083251953125,1202.6202392578125,490.12841796875,1199.7940673828125,490.8370361328125,1194.2274169921875,487.50360107421875,1191.876220703125,489.7119140625,1179.0164794921875,500.3258056640625,1179.1041259765625,504.79461669921875,1186.235107421875,528.7684326171875,1185.2239990234375,538.7120971679688,1203.2557373046875,555.6767578125,1204.9715576171875,563.2139892578125,1140.7928466796875,540.7428588867188,1140.987548828125,543.2059326171875,1167.007080078125,559.8140869140625,1162.871337890625,562.98046875,1165.092529296875,595.4884033203125,1163.01416015625,603.35498046875
1204.817626953125,492.7840576171875,1204.05126953125,487.7366638183594,1201.862548828125,488.7796630859375,1193.4342041015625,484.6900634765625,1193.182373046875,487.546630859375,1176.5172119140625,497.7847900390625,1181.9898681640625,502.5747985839844,1182.734375,528.5357666015625,1186.4981689453125,537.7369995117188,1200.8609619140625,558.716552734375,1202.565185546875,565.2857055664062,1134.052734375,539.0366821289062,1139.7601318359375,541.51416015625,1150.731689453125,554.4625244140625,1164.2608642578125,557.66064453125,1137.65185546875,590.3164672851562,1162.6484375,598.2938232421875
1202.7158203125,487.9162902832031,1200.9219970703125,483.1441955566406,1200.13720703125,484.3254089355469,1188.1033935546875,479.840576171875,1190.79052734375,482.9581604003906,1171.1651611328125,493.07696533203125,1179.456298828125,497.97149658203125,1168.25830078125,521.2084350585938,1176.86962890625,529.9176635742188,1180.0003662109375,546.7416381835938,1187.516845703125,557.3594360351562,1132.9312744140625,538.2821044921875,1144.6434326171875,540.8858032226562,1129.3621826171875,557.1142578125,1176.3172607421875,560.3359985351562,1102.7406005859375,589.4695434570312,1185.672119140625,597.72119140625
1199.040283203125,476.20880126953125,1199.427490234375,471.38531494140625,1195.0859375,472.10369873046875,1191.281982421875,470.4127197265625,1184.72998046875,472.2589111328125,1174.8760986328125,488.7752685546875,1174.9765625,491.84381103515625,1177.47412109375,520.65625,1173.3564453125,525.5567626953125,1188.0166015625,551.35009765625,1181.0274658203125,555.5838623046875,1136.37109375,534.28466796875,1142.52197265625,536.2132568359375,1135.7177734375,554.78076171875,1176.8580322265625,557.660888671875,1109.534912109375,588.57666015625,1184.3837890625,596.506591796875
1194.6500244140625,464.605224609375,1195.52880859375,459.71466064453125,1190.7408447265625,460.34912109375,1188.1046142578125,458.631103515625,1180.38916015625,460.37493896484375,1171.5699462890625,477.3306884765625,1170.209228515625,480.828369140625,1171.0506591796875,508.4823303222656,1165.03662109375,514.9273681640625,1179.0853271484375,539.7787475585938,1171.35205078125,548.3299560546875,1137.18212890625,524.3359985351562,1141.933349609375,526.43212890625,1133.7467041015625,554.4200439453125,1170.876953125,557.6363525390625,1110.464599609375,586.7368774414062,1177.8035888671875,595.3404541015625
1189.2960205078125,456.2727355957031,1190.01318359375,451.48919677734375,1185.6474609375,452.00714111328125,1181.672607421875,450.7795715332031,1174.693603515625,452.24591064453125,1165.19482421875,470.473388671875,1161.7783203125,473.52703857421875,1161.7286376953125,501.6070556640625,1151.6885986328125,507.0231628417969,1168.8548583984375,528.8887939453125,1157.778076171875,538.2719116210938,1131.610595703125,521.35498046875,1136.528564453125,523.6085815429688,1124.3115234375,551.9554443359375,1172.748291015625,555.2161865234375,1095.20166015625,587.7220458984375,1184.557373046875,596.50244140625
1183.05810546875,445.4235534667969,1185.947265625,440.7821044921875,1179.574462890625,440.3725891113281,1183.105224609375,441.142578125,1169.589599609375,440.3623046875,1167.25732421875,461.359619140625,1157.36865234375,462.05926513671875,1166.10791015625,492.72821044921875,1149.646240234375,497.78790283203125,1165.480224609375,517.8477783203125,1157.4951171875,532.634033203125,1130.313232421875,506.82196044921875,1132.0465087890625,506.91259765625,1114.052978515625,546.88671875,1170.0028076171875,547.5992431640625,1077.914794921875,585.775146484375,1182.529296875,590.2823486328125
1178.3680419921875,436.2750244140625,1179.8062744140625,431.5830078125,1174.364013671875,431.7911682128906,1173.6126708984375,432.33929443359375,1164.58935546875,432.8585205078125,1159.1700439453125,452.7461242675781,1155.096435546875,454.720703125,1158.337158203125,480.81280517578125,1150.7642822265625,486.51324462890625,1162.8126220703125,497.6002197265625,1155.9730224609375,509.5163269042969,1129.14404296875,504.6741943359375,1133.635498046875,505.36572265625,1113.945068359375,544.857177734375,1162.517822265625,546.07666015625,1084.0770263671875,580.5782470703125,1172.012451171875,585.4030151367188
1167.927734375,431.578125,1171.020751953125,427.30145263671875,1164.295166015625,427.2591247558594,1170.5760498046875,429.2552490234375,1156.392822265625,429.2276916503906,1159.0390625,450.40673828125,1146.7960205078125,451.72705078125,1155.765869140625,477.7535400390625,1136.7332763671875,483.2395935058594,1156.25341796875,495.575439453125,1142.68017578125,511.07177734375,1130.808349609375,499.5515441894531,1127.377197265625,499.8862609863281,1118.4908447265625,542.1647338867188,1143.9200439453125,542.9891967773438,1097.4686279296875,581.2954711914062,1147.159912109375,585.3507080078125
1165.75,428.35040283203125,1167.4334716796875,424.087890625,1161.58935546875,424.2475891113281,1164.713623046875,425.3895263671875,1151.8443603515625,425.0931396484375,1155.6549072265625,446.0587158203125,1142.1695556640625,445.0411376953125,1151.08935546875,476.5659484863281,1130.7620849609375,475.5821533203125,1152.2572021484375,500.5220031738281,1137.407470703125,507.4779052734375,1137.1414794921875,497.7117004394531,1127.26953125,496.8609924316406,1141.22412109375,540.1033935546875,1117.9749755859375,539.1559448242188,1130.9072265625,577.192626953125,1094.8275146484375,578.6322631835938
1159.381591796875,424.4165954589844,1162.2183837890625,420.480712890625,1155.283935546875,420.16229248046875,1162.0010986328125,422.66986083984375,1146.238525390625,421.4464416503906,1153.42626953125,443.9978942871094,1135.8712158203125,441.84539794921875,1150.763916015625,472.6553955078125,1121.84814453125,470.26751708984375,1154.05419921875,489.10137939453125,1122.12353515625,495.2143249511719,1134.169921875,494.8572692871094,1123.364990234375,493.7763671875,1139.4473876953125,537.8900146484375,1127.777587890625,536.5809326171875,1126.239013671875,578.2996215820312,1111.51806640625,578.7288818359375
1153.875244140625,425.4405517578125,1155.7786865234375,421.57489013671875,1150.841796875,420.9546203613281,1152.652099609375,423.0890808105469,1142.739990234375,421.03546142578125,1144.07861328125,444.18756103515625,1130.619384765625,441.098388671875,1143.6904296875,471.2844543457031,1117.824951171875,467.3747863769531,1149.29638671875,481.0899353027344,1121.76513671875,486.230712890625,1130.8846435546875,499.0478515625,1123.88037109375,497.8144226074219,1131.2620849609375,539.8492431640625,1128.838623046875,538.073486328125,1118.2366943359375,580.3623046875,1119.061767578125,580.8114624023438
1145.3494873046875,424.25543212890625,1147.97265625,420.5711669921875,1141.5867919921875,420.452392578125,1149.18994140625,422.1285095214844,1134.112548828125,421.4211730957031,1144.7474365234375,441.39739990234375,1125.4776611328125,439.95654296875,1145.501220703125,466.2637939453125,1112.7056884765625,464.62249755859375,1146.9892578125,476.9460754394531,1114.5174560546875,481.61956787109375,1131.630126953125,491.2469482421875,1121.01123046875,490.7134094238281,1132.7174072265625,536.04541015625,1131.770751953125,535.314208984375,1120.9654541015625,578.959716796875,1125.7744140625,579.8901977539062
1141.7154541015625,424.806884765625,1143.7218017578125,421.1622619628906,1138.2855224609375,420.8141784667969,1142.0745849609375,423.3050537109375,1130.259033203125,421.89794921875,1135.3201904296875,445.04425048828125,1119.9300537109375,442.8855285644531,1137.7762451171875,469.5462341308594,1103.353515625,467.357666015625,1143.485107421875,483.28350830078125,1101.556884765625,491.22637939453125,1123.53271484375,497.21282958984375,1115.50244140625,496.28515625,1123.037353515625,536.87890625,1119.1551513671875,535.609130859375,1110.55322265625,576.487548828125,1107.8603515625,577.6583862304688
1134.379150390625,422.60699462890625,1136.920654296875,418.94854736328125,1130.2752685546875,418.950439453125,1139.2882080078125,421.1878967285156,1121.9122314453125,420.4444885253906,1139.2733154296875,443.709228515625,1112.6787109375,442.2986755371094,1143.949462890625,470.2850646972656,1096.669677734375,470.0089416503906,1146.51416015625,490.3169860839844,1096.249267578125,499.1710205078125,1129.344970703125,496.9884033203125,1110.052734375,495.6446228027344,1137.25048828125,538.44775390625,1093.8284912109375,536.75927734375,1134.478271484375,577.4542236328125,1068.6612548828125,576.8699340820312
1131.2066650390625,420.1129150390625,1133.933837890625,416.624267578125,1127.4696044921875,416.51947021484375,1136.34375,418.72515869140625,1119.5762939453125,417.9388732910156,1134.8944091796875,440.119384765625,1109.7972412109375,438.459228515625,1139.2838134765625,465.8720397949219,1093.22705078125,464.4546203613281,1141.8302001953125,484.99176025390625,1090.9735107421875,491.0992126464844,1121.0107421875,490.4043273925781,1102.078857421875,488.84185791015625,1132.9549560546875,531.732666015625,1086.1533203125,530.0042114257812,1135.4100341796875,571.9193115234375,1061.8111572265625,571.7796630859375
1127.450927734375,420.25848388671875,1130.3026123046875,416.5621032714844,1124.5511474609375,415.87506103515625,1130.467041015625,418.43426513671875,1117.1766357421875,416.6771240234375,1124.972900390625,439.096435546875,1104.713623046875,437.5683288574219,1128.221435546875,461.056884765625,1092.2589111328125,462.277099609375,1130.1773681640625,478.7420654296875,1090.624755859375,488.20233154296875,1105.5970458984375,485.13671875,1094.1153564453125,483.9732971191406,1097.69873046875,523.855712890625,1092.9384765625,523.10546875,1081.2740478515625,558.6463012695312,1084.7099609375,560.5366821289062
1123.539306640625,415.904296875,1126.3829345703125,412.3868408203125,1121.10302734375,411.4873046875,1126.3734130859375,413.53948974609375,1114.0677490234375,411.35052490234375,1120.234375,433.6595764160156,1100.256103515625,430.736328125,1123.914306640625,457.8454284667969,1085.5010986328125,453.7473449707031,1127.658447265625,480.0938415527344,1081.9661865234375,479.140869140625,1099.258056640625,480.39691162109375,1088.224853515625,478.8084716796875,1094.8173828125,520.349365234375,1089.2984619140625,519.3881225585938,1080.238037109375,556.359619140625,1081.6724853515625,558.3201293945312
1118.255615234375,411.1510009765625,1121.76416015625,408.1776123046875,1115.630615234375,406.81903076171875,1124.01904296875,410.51422119140625,1108.0244140625,406.8787536621094,1119.43017578125,431.27545166015625,1094.6898193359375,425.74639892578125,1123.5645751953125,456.21490478515625,1075.93408203125,449.05731201171875,1125.5665283203125,474.5465087890625,1071.474853515625,476.35980224609375,1099.920166015625,478.5008544921875,1084.1407470703125,475.42889404296875,1097.3782958984375,521.6461791992188,1077.352294921875,518.089111328125,1092.616455078125,560.9512329101562,1067.6494140625,558.1736450195312
1115.01171875,409.35931396484375,1118.3193359375,406.1583251953125,1112.1815185546875,404.9652099609375,1119.60986328125,407.90667724609375,1104.2001953125,404.70831298828125,1112.8299560546875,427.50238037109375,1090.0748291015625,422.74652099609375,1118.2354736328125,451.67242431640625,1072.1884765625,446.93212890625,1125.0286865234375,468.57275390625,1069.663330078125,474.69586181640625,1088.0916748046875,475.92840576171875,1074.748779296875,473.46551513671875,1092.7470703125,520.404052734375,1083.3526611328125,517.269287109375,1079.098876953125,558.281982421875,1070.3953857421875,555.98095703125
1113.7623291015625,403.26446533203125,1115.662109375,399.0955810546875,1110.66552734375,398.6015625,1115.309814453125,400.69598388671875,1102.3419189453125,398.83148193359375,1111.618408203125,422.60235595703125,1088.91064453125,419.1898498535156,1111.789794921875,452.2615966796875,1071.632080078125,446.82061767578125,1113.1536865234375,476.2510986328125,1067.771240234375,475.0978088378906,1092.36962890625,475.4327392578125,1078.509033203125,473.8016052246094,1085.0618896484375,520.5897827148438,1074.37109375,519.7832641601562,1074.4501953125,563.4742431640625,1065.0537109375,563.6888427734375
1111.5523681640625,404.5681457519531,1113.4013671875,400.47357177734375,1108.7423095703125,399.7718811035156,1112.609130859375,401.71343994140625,1100.0946044921875,399.2076416015625,1108.96630859375,422.2028503417969,1085.218017578125,418.2772216796875,1111.249267578125,450.55743408203125,1067.5567626953125,444.84967041015625,1114.9140625,473.419677734375,1064.114013671875,471.85009765625,1087.5455322265625,473.0785217285156,1073.0777587890625,471.27996826171875,1081.9599609375,518.7372436523438,1070.69873046875,517.9285888671875,1073.3411865234375,561.45654296875,1062.868896484375,561.635009765625
1108.290771484375,406.38922119140625,1109.6524658203125,402.271484375,1105.463134765625,401.8631286621094,1108.867919921875,402.9259033203125,1097.0333251953125,401.2435302734375,1103.9190673828125,421.930908203125,1083.3792724609375,418.96112060546875,1103.309326171875,449.97412109375,1068.5050048828125,446.166015625,1104.12646484375,470.8955383300781,1068.5545654296875,470.77508544921875,1082.66064453125,471.188720703125,1069.9857177734375,469.8045654296875,1076.576416015625,518.1978759765625,1066.8287353515625,517.7289428710938,1065.1484375,561.6176147460938,1056.29150390625,562.4208984375
1102.29638671875,412.2230529785156,1104.1629638671875,408.3650207519531,1100.6412353515625,407.41119384765625,1103.14990234375,408.7420349121094,1094.000732421875,405.60296630859375,1095.61083984375,426.22674560546875,1079.24853515625,422.255126953125,1096.161865234375,457.2127685546875,1066.5758056640625,453.2240295410156,1103.0968017578125,481.42193603515625,1071.380615234375,480.356201171875,1068.933837890625,476.0380859375,1058.732421875,474.2545166015625,1072.3446044921875,520.731689453125,1063.4346923828125,520.1947021484375,1061.07177734375,564.7315063476562,1052.1463623046875,565.02197265625
1096.0535888671875,414.957763671875,1099.0494384765625,411.16595458984375,1093.375732421875,409.93212890625,1100.220947265625,413.0715637207031,1085.55126953125,408.86285400390625,1094.592529296875,433.3734130859375,1068.518310546875,427.3442687988281,1095.357177734375,464.0218505859375,1049.072509765625,455.5682373046875,1099.673095703125,485.8663330078125,1049.496337890625,482.54571533203125,1069.7928466796875,482.73541259765625,1053.438232421875,480.35772705078125,1072.49755859375,521.8870239257812,1059.3489990234375,520.9148559570312,1061.4227294921875,564.3843994140625,1050.8475341796875,563.7321166992188
1092.17333984375,418.67852783203125,1094.68408203125,414.6632995605469,1088.98779296875,413.77801513671875,1095.104736328125,416.2466125488281,1079.900146484375,412.9315185546875,1089.5179443359375,436.3376770019531,1062.4459228515625,431.27618408203125,1091.25439453125,466.943115234375,1042.2735595703125,459.63531494140625,1096.769775390625,489.0156555175781,1041.4052734375,486.60296630859375,1065.36865234375,485.53839111328125,1048.6646728515625,483.96307373046875,1071.0682373046875,517.4747924804688,1059.1468505859375,517.1666870117188,1055.40576171875,564.70849609375,1047.61083984375,564.9918823242188
1084.3814697265625,415.4013671875,1087.1270751953125,411.3785705566406,1081.3515625,410.64239501953125,1087.99853515625,413.5511169433594,1074.1162109375,410.8435363769531,1081.98583984375,434.08770751953125,1060.6448974609375,430.509765625,1083.465576171875,460.3499450683594,1051.1085205078125,456.648193359375,1088.7537841796875,466.4869079589844,1060.8165283203125,465.6702880859375,1061.7081298828125,484.3605651855469,1048.4466552734375,483.4334716796875,1068.335205078125,517.4595336914062,1060.1005859375,517.4966430664062,1053.8348388671875,566.0346069335938,1049.3326416015625,566.701904296875
1078.25,416.1614685058594,1080.874267578125,412.2119140625,1075.4697265625,411.4790954589844,1081.8193359375,413.82305908203125,1067.59033203125,411.00518798828125,1078.603515625,433.39251708984375,1052.341064453125,429.716064453125,1081.7156982421875,463.76837158203125,1035.46142578125,458.8919677734375,1085.643310546875,488.1442565917969,1036.685546875,486.99066162109375,1059.8251953125,483.9185791015625,1043.9415283203125,482.9059753417969,1066.8831787109375,519.7827758789062,1057.46533203125,519.6275634765625,1057.376708984375,565.4119873046875,1053.01708984375,565.7718505859375
1070.3359375,406.3719177246094,1074.1478271484375,402.43145751953125,1066.895751953125,401.49945068359375,1077.576904296875,404.73345947265625,1059.310546875,401.36395263671875,1076.6092529296875,425.4901428222656,1044.284423828125,420.58209228515625,1079.446044921875,454.01397705078125,1023.3651123046875,445.82452392578125,1082.29931640625,474.2754821777344,1021.5309448242188,471.08367919921875,1060.244873046875,477.0980224609375,1040.5806884765625,475.3883972167969,1062.658203125,515.38671875,1050.802490234375,514.4595336914062,1053.840576171875,560.8995361328125,1047.786865234375,560.0258178710938
1065.3221435546875,398.9704284667969,1068.774658203125,394.9488830566406,1062.011962890625,394.2516174316406,1071.9288330078125,397.3200988769531,1054.741455078125,394.94061279296875,1074.5439453125,419.6347961425781,1041.0654296875,415.4422302246094,1078.9464111328125,446.52325439453125,1020.7430419921875,438.1180419921875,1077.337890625,464.3720703125,1015.99853515625,460.4662170410156,1059.825927734375,471.73712158203125,1039.2669677734375,469.89581298828125,1055.7034912109375,513.1195068359375,1041.234375,511.9072265625,1050.446533203125,555.0494384765625,1041.22607421875,553.423828125
1058.01953125,391.59832763671875,1062.328857421875,387.4217834472656,1054.2379150390625,386.39410400390625,1066.5628662109375,389.999755859375,1045.715087890625,386.6624450683594,1069.3316650390625,413.1085205078125,1029.77734375,407.9927673339844,1073.122802734375,442.5535888671875,1007.5318603515625,432.58074951171875,1070.841796875,463.4125671386719,1007.1954345703125,458.802490234375,1055.0157470703125,467.91973876953125,1029.900634765625,465.93756103515625,1053.9150390625,510.8946533203125,1033.5040283203125,509.558349609375,1050.0296630859375,552.610595703125,1035.0904541015625,550.828369140625
1049.1962890625,386.276123046875,1053.8663330078125,382.3254089355469,1045.841064453125,381.0601806640625,1058.7198486328125,385.6506042480469,1038.3369140625,381.77703857421875,1062.181884765625,408.857666015625,1024.753173828125,402.97320556640625,1066.1304931640625,435.896484375,1004.73779296875,424.348876953125,1060.022216796875,448.4039306640625,1001.0454711914062,442.1710510253906,1048.0965576171875,462.6422424316406,1024.0985107421875,460.0663146972656,1047.7069091796875,505.43536376953125,1024.82861328125,503.46856689453125,1047.947265625,549.351806640625,1027.7747802734375,546.901611328125
1037.64208984375,377.7398986816406,1041.8907470703125,373.4884033203125,1033.935302734375,372.8743896484375,1047.401123046875,376.11297607421875,1026.8839111328125,374.06451416015625,1053.736328125,398.8458251953125,1014.6436157226562,395.7518005371094,1063.0250244140625,426.1811828613281,996.1473999023438,419.9374694824219,1061.7236328125,444.3067626953125,994.156005859375,441.18438720703125,1043.52783203125,455.51104736328125,1018.8118896484375,454.19482421875,1044.228271484375,500.7745361328125,1020.595947265625,499.71197509765625,1044.1556396484375,545.7332153320312,1023.1275634765625,544.29833984375
1032.877197265625,371.8817138671875,1037.0848388671875,367.70379638671875,1028.9600830078125,367.0342712402344,1042.080078125,370.5386962890625,1021.2412719726562,368.33843994140625,1047.2998046875,393.83660888671875,1007.96142578125,390.5072021484375,1055.7176513671875,421.85784912109375,986.916259765625,414.95733642578125,1057.4141845703125,441.5889587402344,983.4617919921875,438.224853515625,1036.5386962890625,450.32806396484375,1011.6890869140625,449.05047607421875,1038.5860595703125,493.62152099609375,1014.273681640625,492.6636962890625,1037.386474609375,539.393310546875,1015.111083984375,537.9579467773438
1023.4418334960938,370.32470703125,1027.4462890625,365.87530517578125,1019.8328857421875,365.5616455078125,1033.1474609375,367.81182861328125,1013.2088012695312,366.68701171875,1040.8760986328125,390.6036071777344,1001.69677734375,388.34881591796875,1049.49658203125,417.6312561035156,980.0499267578125,411.8734130859375,1049.34765625,437.0352783203125,975.3690185546875,434.21710205078125,1032.0906982421875,446.6805419921875,1006.987548828125,445.6493225097656,1035.339599609375,490.77459716796875,1005.3792114257812,489.90167236328125,1036.3426513671875,535.7247314453125,1005.2301025390625,534.2644653320312
1013.0,367.2054443359375,1017.6135864257812,362.82244873046875,1009.903564453125,362.028076171875,1025.27001953125,365.3213195800781,1004.2296142578125,363.09967041015625,1034.7352294921875,389.92315673828125,994.53662109375,386.14031982421875,1043.6650390625,418.7257080078125,974.452392578125,410.2748107910156,1039.5372314453125,439.2447509765625,964.02587890625,433.557373046875,1024.7657470703125,446.62091064453125,997.9301147460938,444.5777587890625,1029.0850830078125,488.402587890625,989.31884765625,486.81744384765625,1034.22802734375,531.27978515625,987.6611328125,528.6002807617188
1000.7935791015625,366.5665283203125,1004.5072021484375,362.0830993652344,998.2835693359375,361.8340759277344,1013.033447265625,363.2568054199219,994.0511474609375,362.62042236328125,1027.7119140625,385.55572509765625,988.16943359375,383.4136047363281,1040.733642578125,412.2772521972656,967.7548828125,405.42205810546875,1035.2093505859375,432.1011657714844,951.2118530273438,426.54937744140625,1020.5765380859375,443.63134765625,994.424072265625,441.8994140625,1022.2379150390625,487.60845947265625,984.8084106445312,486.18463134765625,1028.92236328125,528.30712890625,983.9412841796875,525.5236206054688
988.24072265625,358.9794616699219,993.04638671875,355.06640625,986.41357421875,354.35382080078125,1005.8194580078125,358.3847351074219,986.7574462890625,356.89361572265625,1017.8819580078125,385.1505432128906,985.243896484375,380.9603271484375,1030.052001953125,414.6141357421875,967.1097412109375,401.72808837890625,1024.2357177734375,433.4579772949219,942.0230712890625,418.01806640625,1012.9081420898438,444.7839660644531,991.7777099609375,442.0740051269531,1014.7472534179688,487.6278991699219,982.0150146484375,484.31475830078125,1019.7374267578125,528.1368408203125,979.3178100585938,523.7904052734375
984.3153076171875,357.1566467285156,988.7979736328125,353.72039794921875,982.0677490234375,352.75433349609375,998.9573364257812,356.960205078125,980.882568359375,354.82098388671875,1010.041015625,383.03594970703125,975.2411499023438,376.01123046875,1019.932373046875,409.97869873046875,956.35302734375,390.26885986328125,1013.46826171875,427.2221374511719,929.6028442382812,399.7405700683594,1004.58154296875,443.5548095703125,980.1725463867188,439.4254150390625,1012.8697509765625,487.84954833984375,964.2205810546875,483.5137939453125,1023.248291015625,528.4427490234375,955.9327392578125,523.74365234375
973.7344970703125,357.0357971191406,978.4603271484375,354.17962646484375,972.0823974609375,352.38189697265625,988.2608642578125,356.705810546875,970.249267578125,352.703857421875,998.7822875976562,379.94622802734375,963.2291259765625,369.3636474609375,1011.740966796875,409.63128662109375,945.3292236328125,382.448486328125,997.0083618164062,426.781494140625,924.0357666015625,392.73468017578125,992.0202026367188,435.3924560546875,966.794189453125,429.6973571777344,1004.9443359375,479.010009765625,956.0709228515625,472.14813232421875,1021.8062744140625,525.472412109375,953.8452758789062,516.8190307617188
964.8385009765625,358.85565185546875,969.15673828125,355.90277099609375,962.9173583984375,354.59674072265625,978.1422119140625,357.62237548828125,960.3084716796875,354.84149169921875,988.383056640625,379.10986328125,953.1785888671875,369.9503173828125,1000.5916748046875,407.64874267578125,930.781494140625,379.33160400390625,981.7337646484375,419.27801513671875,913.34130859375,376.3047180175781,983.51123046875,434.0799865722656,958.5294189453125,429.5314636230469,998.4300537109375,475.5823059082031,951.861572265625,470.9081726074219,1018.0003051757812,519.4931030273438,951.394287109375,514.36962890625
957.70751953125,353.265380859375,962.5453491210938,350.604248046875,956.56201171875,349.13739013671875,972.3923950195312,354.4168395996094,956.4208374023438,351.16021728515625,980.127197265625,376.9992370605469,949.7770385742188,367.6513366699219,981.7637329101562,403.2955627441406,928.9825439453125,375.11370849609375,964.839111328125,413.3984069824219,912.4945678710938,369.1190185546875,975.8524169921875,431.41265869140625,953.7587890625,426.9277038574219,987.63427734375,472.181396484375,947.134521484375,468.152587890625,1008.1675415039062,513.0751953125,948.7703247070312,509.71044921875
948.0306396484375,342.4185791015625,952.9561157226562,339.7671813964844,946.3095703125,338.35296630859375,961.2859497070312,344.46612548828125,944.4456787109375,341.24639892578125,968.4630126953125,367.3444519042969,935.448486328125,359.5752868652344,970.4500122070312,391.4268798828125,917.3775634765625,366.7504577636719,952.2686767578125,392.69183349609375,908.4409790039062,351.20037841796875,965.4256591796875,424.44866943359375,942.3668212890625,421.38568115234375,974.121826171875,468.0563049316406,943.635498046875,466.07867431640625,992.8818969726562,509.1383972167969,953.7192993164062,508.78656005859375
940.0809326171875,336.7664489746094,945.3191528320312,333.64141845703125,938.1837158203125,332.984619140625,955.1339111328125,338.919189453125,937.4593505859375,337.6337890625,957.60693359375,359.1647644042969,933.01806640625,356.10406494140625,940.969970703125,356.12884521484375,917.346435546875,347.52899169921875,925.090087890625,327.03814697265625,910.9458618164062,319.268798828125,954.00048828125,419.63800048828125,936.3531494140625,418.5887451171875,956.6231689453125,463.85009765625,936.8590087890625,462.5082092285156,976.2163696289062,502.41278076171875,951.1080322265625,500.42413330078125
929.2666015625,331.8189697265625,934.4029541015625,328.2059326171875,927.7386474609375,327.7044982910156,944.5955200195312,332.85943603515625,928.43994140625,332.1304626464844,947.6041259765625,351.9846496582031,926.505615234375,350.09381103515625,934.4072265625,348.1881408691406,914.8896484375,344.1080017089844,922.4608154296875,322.03863525390625,911.703857421875,319.3118896484375,941.7205810546875,413.300048828125,927.2342529296875,412.34246826171875,940.2572021484375,462.29010009765625,929.6427612304688,460.65533447265625,958.858642578125,503.12359619140625,949.64453125,499.5040283203125
931.44384765625,343.6270446777344,935.7314453125,340.1978759765625,929.9736328125,339.55047607421875,941.105224609375,347.4805908203125,930.8106689453125,346.18365478515625,940.4813232421875,365.52044677734375,924.5277099609375,362.85943603515625,926.0899658203125,333.4847412109375,917.35009765625,332.0426025390625,920.4815673828125,292.58697509765625,912.6923217773438,303.28985595703125,934.0130615234375,424.5542907714844,921.677978515625,423.35845947265625,934.97509765625,469.6786193847656,926.7427978515625,467.31903076171875,952.2130126953125,505.679443359375,943.3511352539062,502.1390075683594
917.0291748046875,309.3785095214844,921.6868896484375,305.9219970703125,916.41064453125,304.8597412109375,927.017333984375,316.267578125,921.8637084960938,314.5052795410156,928.5902709960938,339.30438232421875,918.8525390625,339.99493408203125,924.5831298828125,309.77374267578125,916.32421875,321.4781799316406,920.47021484375,275.30657958984375,904.3699951171875,304.91412353515625,925.0084228515625,410.8360290527344,917.6273803710938,410.46697998046875,907.2757568359375,460.666015625,908.7145385742188,460.2755126953125,936.0260009765625,497.2764587402344,938.567626953125,495.9870300292969
907.4124755859375,329.1484680175781,912.116943359375,325.6947937011719,907.544921875,325.1524658203125,918.19140625,330.84149169921875,913.117919921875,330.5178527832031,916.998779296875,347.6083984375,910.964111328125,347.3996276855469,900.4656372070312,334.789794921875,900.9959106445312,333.23443603515625,896.6233520507812,310.50848388671875,897.094482421875,309.17242431640625,915.707763671875,409.9999694824219,910.2848510742188,409.50628662109375,899.8526611328125,452.6170349121094,893.81494140625,452.4170837402344,927.9896240234375,487.21612548828125,919.3017578125,487.35723876953125
899.8447265625,328.380126953125,904.4423217773438,324.6797790527344,900.5897216796875,324.37664794921875,910.5859375,329.3594055175781,909.861572265625,329.8953857421875,906.76904296875,345.7303466796875,912.921630859375,347.5430908203125,887.8412475585938,335.37847900390625,901.3206787109375,337.05511474609375,880.728515625,312.6883850097656,888.517822265625,313.0142822265625,906.0774536132812,408.00811767578125,909.7935791015625,408.3697509765625,885.7716064453125,449.7115478515625,895.32763671875,451.197021484375,916.074951171875,480.5506591796875,925.9264526367188,483.1712646484375
890.9306640625,323.8192443847656,895.56005859375,321.0287170410156,890.197509765625,320.27789306640625,904.442626953125,328.548828125,894.1430053710938,326.9583740234375,907.2584228515625,349.0186767578125,892.8271484375,345.6274108886719,891.9409790039062,341.8904724121094,879.4458618164062,336.0304870605469,879.960205078125,317.17437744140625,871.6925048828125,317.94757080078125,903.3700561523438,406.69842529296875,889.4156494140625,404.6814880371094,902.990478515625,446.5628356933594,865.782470703125,443.5018310546875,936.3946533203125,481.6017150878906,872.670166015625,475.92620849609375
882.608642578125,327.52215576171875,887.3253173828125,324.8070068359375,882.1583862304688,323.0968322753906,897.19677734375,330.06103515625,887.9137573242188,325.2594299316406,897.841796875,351.19281005859375,891.390869140625,341.2129211425781,886.19677734375,359.3819580078125,888.48681640625,341.8735046386719,877.082275390625,345.82965087890625,883.5731201171875,337.9908447265625,892.5074462890625,403.46844482421875,882.7479248046875,398.1236572265625,904.3858642578125,444.31707763671875,856.4619140625,435.91168212890625,934.1656494140625,481.003173828125,849.736572265625,468.0070495605469
870.9351196289062,322.1488952636719,876.0205078125,319.187744140625,870.7950439453125,318.0375061035156,885.8214111328125,323.8326721191406,875.111328125,322.0807800292969,890.1510009765625,343.51495361328125,874.26025390625,342.558837890625,906.699462890625,357.5406188964844,863.4107666015625,349.16900634765625,906.9718017578125,363.4918212890625,846.760986328125,336.8887939453125,881.3543701171875,403.33203125,871.3049926757812,403.0927734375,881.963134765625,441.03125,871.02880859375,443.3539123535156,908.51806640625,472.8020324707031,884.7892456054688,478.1343994140625
862.151611328125,323.9532470703125,865.6412353515625,320.49822998046875,861.21484375,320.1422119140625,874.148681640625,323.3289794921875,863.1458129882812,322.5006103515625,881.3399658203125,345.8114929199219,861.75439453125,342.5951843261719,902.1671142578125,368.4105224609375,841.4029541015625,357.36993408203125,905.8236694335938,378.38720703125,828.0982666015625,355.29315185546875,870.100341796875,403.12896728515625,861.2847900390625,401.0598449707031,855.6461181640625,439.9223327636719,864.1173706054688,437.867431640625,863.7342529296875,475.193603515625,880.1354370117188,472.24072265625
859.4646606445312,327.05047607421875,862.2586669921875,323.5640869140625,857.2489013671875,323.6202392578125,868.4725341796875,327.1491394042969,856.2753295898438,326.8558044433594,871.8814697265625,348.06109619140625,853.8956909179688,344.44952392578125,866.33349609375,358.9364318847656,831.60986328125,350.02569580078125,849.9642333984375,349.3232116699219,823.3289794921875,346.56695556640625,867.545654296875,403.185546875,851.9478149414062,401.42138671875,879.438720703125,441.0689392089844,832.2762451171875,438.0018310546875,902.485595703125,475.3541259765625,824.5823364257812,470.2474365234375
853.8294677734375,334.32855224609375,856.3968505859375,331.218994140625,850.8802490234375,330.9853515625,860.7696533203125,335.76617431640625,847.2482299804688,334.71343994140625,866.412841796875,355.5438232421875,843.2239379882812,350.8095703125,875.589599609375,359.6201171875,816.1533203125,348.90093994140625,867.4183959960938,339.5137023925781,801.22802734375,339.69085693359375,865.080322265625,412.53216552734375,845.7999267578125,410.4134521484375,878.1663818359375,448.2377014160156,822.983154296875,443.6951904296875,912.5685424804688,480.31005859375,817.7122802734375,471.8701171875
844.69189453125,339.63311767578125,847.8846435546875,336.81341552734375,842.550537109375,336.02227783203125,854.36279296875,339.76531982421875,839.625732421875,337.37139892578125,861.0931396484375,360.935302734375,835.962890625,351.9797058105469,878.759521484375,384.8551025390625,813.6600952148438,354.8995361328125,876.350341796875,396.8697509765625,806.2282104492188,349.8315124511719,855.8826904296875,412.888916015625,838.0755615234375,408.93316650390625,862.3548583984375,447.0903625488281,826.3533325195312,441.8830261230469,880.652587890625,475.781982421875,820.3218383789062,467.9810791015625
845.1881103515625,336.712158203125,848.260009765625,333.730712890625,842.0011596679688,332.9234619140625,853.216064453125,336.0374755859375,836.895263671875,333.57513427734375,858.1558227539062,357.04852294921875,832.20654296875,349.9038391113281,873.42919921875,379.11859130859375,807.5255126953125,361.9373474121094,872.2274169921875,389.03265380859375,788.691162109375,376.11669921875,853.2672119140625,406.1802062988281,834.87451171875,402.3573303222656,861.56494140625,440.90203857421875,818.837158203125,434.88482666015625,875.3362426757812,471.64666748046875,805.89697265625,462.0264587402344
840.1466064453125,333.35772705078125,843.1342163085938,330.29052734375,837.2953491210938,329.84649658203125,849.3616333007812,332.2548828125,833.8424072265625,330.8517150878906,857.3306884765625,353.7463073730469,830.949462890625,348.64776611328125,874.6752319335938,376.62213134765625,812.5420532226562,366.95819091796875,869.8682861328125,380.5467224121094,807.5360107421875,378.5550537109375,851.814453125,406.38983154296875,833.2879638671875,403.21209716796875,858.9671630859375,443.088623046875,818.0209350585938,437.3454895019531,877.562744140625,476.6899108886719,814.388671875,466.9967041015625
838.139892578125,327.69354248046875,841.2372436523438,324.42413330078125,835.227294921875,323.70941162109375,846.388916015625,326.51300048828125,829.9246215820312,324.6160888671875,856.3984375,348.8197021484375,820.941162109375,345.51910400390625,870.8128662109375,373.38397216796875,809.8548583984375,373.046630859375,868.4801025390625,380.718994140625,805.2031860351562,405.3247375488281,854.01611328125,404.1303405761719,828.0155029296875,402.1502685546875,866.01611328125,445.2142639160156,809.6486206054688,439.66534423828125,893.9474487304688,481.1463623046875,815.3021240234375,471.54840087890625
840.3814086914062,323.5570068359375,842.7826538085938,320.1055908203125,837.0756225585938,319.6857604980469,846.077392578125,322.14483642578125,830.3585815429688,320.76458740234375,855.560791015625,343.2203369140625,821.2904663085938,342.16650390625,874.57470703125,364.87518310546875,810.9398803710938,370.77703857421875,873.3837890625,370.30908203125,816.1840209960938,400.9477844238281,856.2482299804688,402.1883239746094,831.8432006835938,401.585205078125,866.3624267578125,442.4822998046875,820.3419189453125,438.7742919921875,886.25,478.0362854003906,821.780517578125,470.14678955078125
836.638916015625,320.35443115234375,839.6193237304688,316.8179931640625,833.1954345703125,316.5702209472656,845.4937133789062,319.3171081542969,827.655029296875,318.64349365234375,857.2897338867188,341.5863037109375,821.2037353515625,341.2408142089844,877.959228515625,360.4210205078125,811.416015625,366.00543212890625,874.1651611328125,365.71112060546875,816.505615234375,392.38006591796875,858.3444213867188,400.3157043457031,832.6360473632812,399.7100830078125,870.6007690429688,441.8182067871094,821.21435546875,438.3131103515625,884.1434326171875,480.32080078125,816.722412109375,472.54034423828125
833.4010620117188,320.0869445800781,836.5540771484375,316.1158752441406,829.739501953125,316.34466552734375,843.773681640625,317.98822021484375,824.4786376953125,318.8688049316406,858.4423828125,339.5391845703125,819.4510498046875,343.45916748046875,883.39599609375,353.78472900390625,811.803955078125,371.21295166015625,879.005859375,353.162353515625,818.826416015625,400.1097106933594,861.535888671875,401.0184631347656,834.6014404296875,402.04058837890625,872.1397705078125,441.25579833984375,824.698486328125,439.10595703125,882.4539794921875,481.60565185546875,823.3807373046875,474.811767578125
832.42724609375,321.8033142089844,835.272705078125,317.85675048828125,828.7340087890625,318.32281494140625,842.3578491210938,320.14715576171875,823.7342529296875,321.3670349121094,857.2523803710938,341.6556396484375,819.1279296875,345.9798278808594,879.05859375,357.8733215332031,813.2107543945312,373.669921875,876.7459716796875,365.0712890625,822.3235473632812,403.10394287109375,864.1495971679688,400.16497802734375,838.2132568359375,401.9078063964844,872.6841430664062,439.36541748046875,830.585693359375,438.8131103515625,881.2288818359375,479.64422607421875,832.1394653320312,475.78179931640625
832.6414794921875,325.820556640625,835.6064453125,322.059326171875,829.14892578125,322.28546142578125,842.710693359375,324.2040100097656,824.2630615234375,324.84039306640625,856.8896484375,344.7220153808594,819.50732421875,347.8211669921875,878.1922607421875,361.35919189453125,813.7373657226562,373.7144775390625,875.9240112304688,370.2944641113281,822.8325805664062,401.7041015625,863.709716796875,399.78173828125,838.5379638671875,401.1838073730469,873.2774658203125,438.4313049316406,834.0582275390625,437.6617431640625,883.0138549804688,478.86083984375,838.7823486328125,475.02178955078125
833.483154296875,330.7699279785156,836.12353515625,327.0091857910156,829.859619140625,327.3082275390625,842.42822265625,328.5509033203125,824.450927734375,329.1351318359375,855.60009765625,347.06658935546875,819.77978515625,350.6247253417969,877.2039184570312,360.4534912109375,813.2216796875,375.96258544921875,876.6148681640625,361.812744140625,823.1927490234375,401.9559631347656,864.2952880859375,402.419677734375,840.22216796875,404.1620178222656,873.786865234375,441.2548828125,837.51904296875,440.57208251953125,882.9420776367188,480.6394958496094,840.0455322265625,476.80023193359375
834.6615600585938,333.6644287109375,837.2916870117188,329.8107604980469,831.484130859375,329.9389953613281,843.6802368164062,330.1796875,826.5074462890625,330.4030456542969,856.6773681640625,348.42498779296875,820.5353393554688,349.6517028808594,875.9130859375,367.59326171875,812.3709716796875,371.7089538574219,874.04296875,386.60400390625,820.4675903320312,395.9065246582031,863.210205078125,400.52569580078125,839.1633911132812,401.5440673828125,873.8226928710938,438.8233337402344,837.8292846679688,438.96234130859375,882.2525024414062,477.55517578125,841.9771728515625,476.491455078125
837.2359619140625,334.5748291015625,839.8734130859375,330.7810363769531,833.702392578125,330.8644714355469,845.6815185546875,331.4586486816406,827.942138671875,331.51910400390625,858.2781372070312,349.23089599609375,822.1829223632812,350.8433532714844,878.6129150390625,364.9385986328125,813.5938720703125,373.046142578125,876.749267578125,375.72296142578125,821.3040161132812,399.23284912109375,865.998291015625,401.9608154296875,842.1747436523438,402.966064453125,874.5478515625,442.52166748046875,841.14501953125,441.6590881347656,880.958984375,483.109619140625,844.0640869140625,479.5216369628906
842.5362548828125,337.5030212402344,845.0679931640625,333.1832275390625,838.3878173828125,333.76568603515625,850.5162963867188,333.0437316894531,831.7115478515625,334.5017395019531,864.3211669921875,350.10906982421875,825.7139282226562,353.3966064453125,885.052490234375,366.53106689453125,816.743408203125,375.55499267578125,881.2779541015625,383.254638671875,825.1241455078125,402.16534423828125,870.6897583007812,401.2957763671875,845.1365966796875,402.8581237792969,876.77197265625,439.5198669433594,840.1842041015625,439.63311767578125,880.739013671875,481.7007751464844,843.4066162109375,479.20166015625
847.625,339.35162353515625,850.010009765625,335.0435791015625,844.0387573242188,336.0204772949219,856.52197265625,334.63787841796875,839.4050903320312,337.1120910644531,872.4405517578125,352.40631103515625,834.1192626953125,357.37127685546875,887.77685546875,371.9444580078125,827.9957885742188,383.4866638183594,887.3292236328125,392.79180908203125,831.7186279296875,412.1758117675781,874.7528686523438,404.7991943359375,848.8583984375,406.7423095703125,878.0809326171875,442.20623779296875,839.109130859375,443.11639404296875,882.865478515625,483.1551513671875,841.2639770507812,481.78765869140625
852.0982666015625,337.806640625,854.9430541992188,333.5721435546875,848.8782348632812,334.2225341796875,862.6126708984375,333.352783203125,844.9493408203125,335.1387634277344,878.207763671875,352.4105224609375,839.57421875,355.32958984375,890.659912109375,375.6413269042969,832.8290405273438,381.89068603515625,886.1646728515625,398.02587890625,834.369384765625,409.5721435546875,876.5088500976562,405.33416748046875,850.3963623046875,405.9610290527344,879.146484375,442.59759521484375,839.2835693359375,442.19403076171875,881.885009765625,484.98712158203125,839.8972778320312,482.4129638671875
854.9329833984375,332.6197814941406,857.7987060546875,328.5841064453125,851.9278564453125,329.0146484375,865.3970947265625,329.0133361816406,848.5625,330.28411865234375,880.9500732421875,349.37335205078125,843.2020263671875,350.43426513671875,891.4464111328125,374.715087890625,838.545654296875,376.3192138671875,888.23974609375,398.8406066894531,838.010009765625,403.3570861816406,877.7734375,402.32965087890625,852.5535278320312,402.081298828125,881.0352172851562,441.05035400390625,845.074951171875,439.472412109375,881.941650390625,481.3208312988281,846.437255859375,477.0227966308594
856.59521484375,327.60711669921875,859.8447875976562,323.4912109375,853.5320434570312,323.9371337890625,868.4547119140625,324.517822265625,850.296142578125,325.9419250488281,884.0037231445312,346.4774475097656,845.3211669921875,348.2923583984375,894.9744873046875,372.16253662109375,840.471923828125,375.9163513183594,890.6353759765625,395.0464782714844,839.1800537109375,403.8835144042969,879.1864013671875,402.61224365234375,853.5118408203125,402.5686340332031,881.7144775390625,442.6592102050781,846.1380615234375,441.3520202636719,882.899169921875,483.5369567871094,848.5632934570312,479.87744140625
863.188720703125,327.13165283203125,866.9664916992188,322.479248046875,859.5851440429688,323.0107727050781,874.6961669921875,324.26239013671875,855.275390625,325.8402099609375,886.0386962890625,346.7679748535156,849.32666015625,348.6353759765625,898.3839111328125,375.206787109375,840.8966674804688,377.81329345703125,891.1444091796875,401.70843505859375,841.6973876953125,403.05322265625,880.359619140625,402.8676452636719,856.1561279296875,403.19580078125,882.252685546875,443.95257568359375,849.379150390625,444.040283203125,883.186767578125,482.5928649902344,848.44580078125,482.4456787109375
868.0365600585938,327.5014343261719,871.786865234375,322.75457763671875,864.1532592773438,323.1475830078125,878.62109375,324.46185302734375,858.6796875,325.6336669921875,887.4340209960938,347.3701171875,852.4015502929688,348.71185302734375,899.128662109375,375.46173095703125,842.7557373046875,377.33447265625,896.00439453125,404.20660400390625,841.924560546875,405.30462646484375,882.0091552734375,403.6884765625,858.9383544921875,403.9192199707031,884.74267578125,446.4418029785156,854.8046264648438,446.49163818359375,885.350830078125,484.96856689453125,853.5921630859375,484.8189697265625
867.6591796875,328.08538818359375,871.0599365234375,323.3336181640625,864.1417236328125,323.85784912109375,877.7861938476562,324.4696044921875,859.51806640625,326.01483154296875,887.5684204101562,346.1693115234375,854.6148681640625,348.2813415527344,902.106201171875,373.62078857421875,846.3685913085938,377.2308654785156,902.3818359375,404.4535217285156,843.6882934570312,406.26434326171875,883.718994140625,403.0787658691406,862.310546875,403.62030029296875,886.7420654296875,446.6543884277344,859.0797729492188,446.9596252441406,888.9296875,485.6309814453125,858.696533203125,485.78533935546875
871.39697265625,332.5453796386719,874.9754638671875,327.89630126953125,867.5645141601562,328.43231201171875,881.570556640625,328.736328125,862.3438110351562,330.2728576660156,891.73681640625,349.2051086425781,856.226806640625,350.92694091796875,904.216796875,375.9233093261719,844.821044921875,377.53082275390625,904.87109375,403.0628356933594,843.72314453125,403.87322998046875,886.1185302734375,403.8598937988281,863.7657470703125,404.3127136230469,885.91748046875,447.28485107421875,863.0006103515625,447.944091796875,884.2462158203125,488.71551513671875,862.0609130859375,488.98046875
876.170654296875,336.0658874511719,879.5474853515625,331.5399169921875,872.5006103515625,331.99371337890625,885.6589965820312,332.651611328125,866.9177856445312,333.8810729980469,895.4576416015625,353.78466796875,858.6258544921875,354.82415771484375,907.0181884765625,381.2379150390625,844.55615234375,381.414794921875,906.0953979492188,408.66485595703125,843.2073974609375,408.9869384765625,887.3384399414062,408.2044372558594,864.4102783203125,408.3890075683594,885.136962890625,451.7335205078125,864.5308837890625,452.20245361328125,882.362548828125,493.51727294921875,864.9193725585938,493.5608825683594
877.9081420898438,336.4199523925781,881.4207763671875,331.87451171875,874.2035522460938,332.2882385253906,887.8873291015625,333.4314270019531,868.625244140625,334.6030578613281,897.1224365234375,355.7509460449219,861.5092163085938,356.6063232421875,908.423583984375,383.7784423828125,847.6734619140625,383.4024353027344,907.849365234375,412.14013671875,844.9894409179688,411.7857666015625,888.68701171875,410.93212890625,866.9448852539062,410.9506530761719,884.168701171875,454.50048828125,869.3355712890625,454.80517578125,880.825927734375,496.0132141113281,871.35009765625,495.78302001953125
879.7805786132812,340.2237548828125,882.9542236328125,335.5777587890625,876.194091796875,336.16424560546875,889.2220458984375,336.766357421875,870.69677734375,338.4474792480469,898.672607421875,358.97894287109375,863.6326904296875,360.302490234375,910.0361938476562,387.17877197265625,849.2552490234375,387.3160400390625,908.7725830078125,415.8615417480469,845.4483642578125,415.95135498046875,889.649658203125,415.19354248046875,868.439453125,415.340576171875,883.85693359375,459.82958984375,870.453369140625,460.1867980957031,880.0445556640625,501.99658203125,872.40380859375,501.9132080078125
880.5591430664062,344.710693359375,883.618896484375,340.0947265625,877.3514404296875,340.6356201171875,890.1083984375,340.8487243652344,872.525634765625,342.47967529296875,900.91259765625,362.04412841796875,866.3311767578125,363.3623046875,913.5536499023438,389.801513671875,852.8426513671875,389.87249755859375,911.9877319335938,418.8546142578125,847.686279296875,418.3402099609375,891.3506469726562,418.55706787109375,870.5357666015625,418.49407958984375,885.2243041992188,462.7665710449219,872.1319580078125,462.9849853515625,881.289306640625,504.13494873046875,873.7787475585938,503.85687255859375
881.04736328125,347.27288818359375,884.6241455078125,342.6660461425781,877.8115234375,342.9700622558594,891.840087890625,343.94586181640625,873.0576782226562,344.9434509277344,902.4937744140625,366.6466064453125,867.7249145507812,367.30279541015625,914.8606567382812,395.7893371582031,855.4354248046875,394.91949462890625,913.3526611328125,424.8382568359375,850.3760986328125,423.2582702636719,893.0654296875,424.1164855957031,872.07080078125,423.724365234375,887.424560546875,469.43096923828125,874.1632690429688,469.39813232421875,884.04248046875,512.8615112304688,876.2119140625,512.167724609375
884.1697998046875,346.2763366699219,887.827392578125,341.837646484375,881.2135620117188,341.881103515625,894.67919921875,343.69805908203125,876.6776733398438,343.9686584472656,904.9876708984375,367.2415771484375,870.8646240234375,367.0804138183594,917.55859375,396.56536865234375,857.39013671875,394.48126220703125,918.1466674804688,426.9240417480469,850.4549560546875,424.50897216796875,894.4990234375,426.3543701171875,873.9595947265625,425.5478210449219,889.5071411132812,470.6453857421875,875.0067138671875,470.35791015625,886.4283447265625,512.2608032226562,875.7938232421875,511.4166259765625
886.5467529296875,346.16558837890625,889.8854370117188,341.54827880859375,883.0504150390625,341.91259765625,896.1564331054688,342.8705139160156,877.942626953125,343.89288330078125,906.4351806640625,365.7620544433594,871.456787109375,366.67144775390625,919.76611328125,394.65771484375,858.4561157226562,394.8289489746094,921.4288330078125,424.3503112792969,854.669677734375,423.8543701171875,899.2175903320312,424.28955078125,877.985107421875,424.24676513671875,895.6253662109375,469.41363525390625,879.10302734375,469.5245361328125,892.0267333984375,511.49652099609375,879.2565307617188,511.2177734375
888.349609375,346.6235046386719,892.0869140625,342.5045471191406,884.971923828125,342.622314453125,900.101806640625,344.499755859375,880.31005859375,344.90106201171875,910.42529296875,366.8076171875,872.1161499023438,368.7252502441406,921.450927734375,392.95758056640625,861.1619873046875,397.69915771484375,921.59765625,418.652099609375,853.4517822265625,426.57220458984375,903.6036376953125,424.03570556640625,880.3746337890625,424.64678955078125,901.753662109375,468.8887023925781,882.0155639648438,470.08538818359375,889.6885986328125,508.32275390625,880.2760620117188,510.8068542480469
889.645751953125,344.4707946777344,893.1871948242188,340.1995849609375,886.0343017578125,340.6173095703125,901.2861328125,341.8233642578125,881.313232421875,343.0515441894531,913.080078125,364.6026611328125,874.3438110351562,367.897705078125,927.3546752929688,390.0315856933594,863.4947509765625,395.88818359375,926.4774169921875,417.853515625,855.360595703125,421.978271484375,909.70703125,423.5651550292969,885.251708984375,424.85272216796875,911.6182250976562,466.211181640625,882.1192626953125,468.6505126953125,906.6539306640625,505.809814453125,879.95361328125,510.14410400390625
892.9560546875,343.85638427734375,896.2241821289062,339.09136962890625,888.8091430664062,339.82037353515625,902.6044921875,340.384765625,883.3817138671875,342.3424377441406,914.3424072265625,362.642822265625,876.7840576171875,364.9896240234375,929.0595703125,390.74176025390625,864.2410888671875,393.71087646484375,930.841552734375,418.2386169433594,863.0231323242188,419.93829345703125,912.39306640625,420.37176513671875,888.1741333007812,421.2850341796875,917.2716064453125,463.29046630859375,884.1915893554688,463.7520446777344,918.4323120117188,505.11279296875,882.1387939453125,505.2645263671875
895.4866333007812,347.094970703125,898.9879150390625,342.9141540527344,891.84375,343.1390380859375,905.623046875,343.71246337890625,886.217041015625,344.4015808105469,917.6090698242188,364.4168701171875,876.6743774414062,367.7053527832031,932.1717529296875,389.7309265136719,866.5311279296875,396.06109619140625,931.52587890625,416.74090576171875,861.6886596679688,423.33135986328125,917.7105712890625,421.7835388183594,889.5726318359375,423.6147766113281,929.7588500976562,463.6791687011719,883.1519775390625,466.6802978515625,936.257080078125,503.41668701171875,881.8076171875,508.2493896484375
899.8988037109375,346.0971374511719,903.2991943359375,342.1087646484375,896.181884765625,342.299072265625,909.3436889648438,344.09295654296875,890.308837890625,344.69744873046875,921.2406005859375,366.61468505859375,879.77490234375,369.1788330078125,935.53857421875,393.410888671875,869.1846313476562,398.24652099609375,937.36376953125,421.64190673828125,862.580078125,427.0485534667969,919.8975830078125,425.3072204589844,890.840576171875,426.69921875,936.1185302734375,467.4346618652344,883.7813720703125,469.6355895996094,943.4259033203125,507.6778564453125,878.6495361328125,511.0459899902344
904.3486328125,349.56884765625,907.51904296875,345.18096923828125,899.7357788085938,345.63623046875,912.73974609375,346.65631103515625,892.05078125,347.7229309082031,923.1334228515625,370.9787292480469,883.5792846679688,373.046875,937.7898559570312,397.88604736328125,872.6434936523438,402.7750244140625,943.3702392578125,427.0574951171875,865.9605102539062,433.77099609375,921.543701171875,428.6084289550781,892.785400390625,429.4853210449219,939.1188354492188,470.0942687988281,878.513671875,471.0048828125,955.84716796875,512.8727416992188,873.5385131835938,514.3860473632812
905.052490234375,357.8464050292969,908.2985229492188,353.3740539550781,900.7584228515625,353.8673400878906,914.8438720703125,353.70458984375,893.9921875,354.9260559082031,926.7183837890625,376.13470458984375,886.474853515625,378.7510986328125,940.4305419921875,402.95928955078125,876.1104736328125,411.6786804199219,945.823974609375,431.0230712890625,870.55029296875,448.24359130859375,925.3955078125,432.17657470703125,895.4732666015625,433.0025939941406,945.3491821289062,474.2584228515625,877.9802856445312,474.331787109375,964.6932373046875,518.9404296875,871.108154296875,518.4458618164062
904.0196533203125,365.3350524902344,907.1417236328125,360.95172119140625,900.2271728515625,361.56842041015625,914.8961181640625,361.33935546875,895.1051025390625,363.023193359375,928.5869750976562,383.10028076171875,890.61328125,386.9900207519531,945.13037109375,407.4359130859375,881.0032958984375,418.7218017578125,951.5839233398438,434.6142883300781,874.2813720703125,454.5277404785156,931.0545043945312,438.0281982421875,902.1201171875,439.2298278808594,951.264404296875,478.703857421875,879.1620483398438,479.0572814941406,973.0651245117188,522.7625732421875,868.6392822265625,521.8914794921875
906.82958984375,374.5110168457031,909.9722900390625,370.3204650878906,902.910888671875,370.73046875,917.1326293945312,371.3777160644531,897.2158203125,372.41644287109375,929.8724365234375,392.8935241699219,892.122802734375,396.1136474609375,947.6776123046875,415.8660888671875,883.7926025390625,425.7847900390625,956.3011474609375,442.10467529296875,878.6409912109375,459.7566833496094,933.3089599609375,443.61932373046875,904.1583251953125,444.7724609375,956.1358642578125,482.23077392578125,880.75048828125,482.643310546875,976.955078125,526.8861694335938,866.83447265625,526.43798828125
910.3416748046875,389.397705078125,912.6990966796875,385.214111328125,907.2811889648438,385.8119201660156,918.606689453125,384.8597412109375,902.510986328125,386.60699462890625,933.0829467773438,403.6982421875,893.3633422851562,406.3287353515625,947.7882080078125,428.26983642578125,883.7904052734375,432.37139892578125,956.051025390625,454.5606994628906,882.55517578125,459.379150390625,931.7490234375,452.91070556640625,900.7943115234375,454.75616455078125,956.697509765625,487.16058349609375,875.4178466796875,488.327880859375,980.19677734375,530.1417236328125,866.7636108398438,530.66650390625
909.1878662109375,398.277099609375,911.3463134765625,394.24609375,905.9005737304688,394.922607421875,916.6842041015625,394.1754150390625,900.8173828125,396.08880615234375,930.8111572265625,411.96893310546875,892.4276123046875,415.240234375,946.6435546875,433.6077575683594,882.0404663085938,439.6700439453125,956.28173828125,457.2625732421875,877.79345703125,465.996826171875,931.5602416992188,457.48699951171875,901.7333984375,459.67205810546875,956.6555786132812,487.8681640625,877.1812133789062,489.2525634765625,979.8158569335938,530.0884399414062,868.604248046875,530.43408203125
903.1375732421875,399.948974609375,905.493896484375,396.0259094238281,899.783203125,396.63250732421875,911.6209716796875,396.45379638671875,894.9666137695312,398.0753173828125,926.5384521484375,415.003662109375,887.6011962890625,417.6787109375,943.2813720703125,437.31646728515625,878.2877197265625,442.00946044921875,954.620361328125,460.3979187011719,876.09228515625,467.220947265625,930.578125,460.4462585449219,900.5306396484375,462.53143310546875,955.3786010742188,488.147705078125,876.3927612304688,489.2591552734375,981.0631713867188,531.0880126953125,871.0863647460938,531.1619873046875
896.374755859375,398.945068359375,898.9140625,395.0126037597656,892.5803833007812,395.55279541015625,904.82666015625,395.50140380859375,886.9320068359375,397.0104675292969,919.7825927734375,414.36053466796875,880.1058349609375,416.6893310546875,936.6926879882812,437.14404296875,873.5875854492188,441.241455078125,946.9207763671875,457.385986328125,869.8236694335938,466.0023193359375,925.619384765625,461.1316223144531,895.1573486328125,463.04327392578125,950.771484375,488.41864013671875,871.934326171875,488.91644287109375,979.6734008789062,530.2962036132812,870.7991943359375,529.4412231445312
887.4404296875,398.56390380859375,889.703125,394.5727844238281,883.7332763671875,395.12548828125,895.1539306640625,393.5620422363281,877.9537353515625,394.9909973144531,908.5372314453125,409.6636962890625,872.0548095703125,412.0522155761719,925.0764770507812,432.6351318359375,866.6845092773438,436.5860595703125,933.6903076171875,454.12652587890625,863.2418212890625,462.15264892578125,915.3128662109375,454.99542236328125,887.2366333007812,457.19842529296875,942.9171142578125,487.1611328125,869.9110107421875,488.2499084472656,972.9222412109375,526.702392578125,869.3743286132812,527.287841796875
877.949951171875,384.84912109375,881.0699462890625,380.8329162597656,874.4163818359375,381.005859375,887.9921264648438,381.8009948730469,868.922119140625,382.4929504394531,901.01318359375,402.3144836425781,862.9337768554688,404.69146728515625,919.0472412109375,426.41949462890625,856.71630859375,431.52838134765625,925.0838012695312,450.980224609375,854.7515258789062,460.3755798339844,907.4442138671875,453.6849365234375,878.6407470703125,456.02642822265625,935.4860229492188,487.1380920410156,865.216552734375,488.74664306640625,969.2279663085938,527.1141967773438,870.436767578125,528.4456787109375
866.50830078125,376.02764892578125,869.698974609375,372.24334716796875,863.6768798828125,372.01629638671875,876.7725219726562,374.23785400390625,859.6481323242188,373.90203857421875,889.1215209960938,394.96929931640625,856.0387573242188,396.1815185546875,910.1412353515625,419.33465576171875,850.9161987304688,418.416015625,909.4664306640625,447.0343017578125,847.5538330078125,439.619384765625,901.0057983398438,444.8680419921875,876.2037353515625,446.71160888671875,918.819091796875,482.7961120605469,862.211181640625,485.576904296875,951.434326171875,521.5311279296875,869.460693359375,526.18359375
857.55224609375,375.3265380859375,861.0089721679688,371.3749694824219,854.873046875,371.2772216796875,869.6920166015625,372.4214172363281,851.96435546875,372.55902099609375,882.5121459960938,393.04254150390625,850.423828125,394.0080871582031,899.79541015625,419.40838623046875,843.3485107421875,417.15826416015625,894.939453125,447.6268310546875,832.93310546875,439.8445129394531,891.4407958984375,441.40618896484375,868.1748046875,442.437255859375,906.4205322265625,481.313232421875,856.508056640625,482.897216796875,933.8204345703125,520.9183349609375,864.43408203125,523.7811279296875
849.0087890625,370.4541320800781,852.3334350585938,365.67645263671875,846.541748046875,366.5555419921875,861.4013671875,365.681884765625,844.762451171875,368.3663635253906,877.1475830078125,385.71014404296875,846.338134765625,388.76922607421875,890.4222412109375,413.40765380859375,837.505859375,415.68646240234375,886.4371337890625,437.29498291015625,828.8142700195312,437.5302429199219,881.71728515625,440.9996337890625,861.13330078125,441.6964416503906,886.701171875,482.10418701171875,854.4371337890625,482.4212646484375,903.4781494140625,525.7705688476562,863.818115234375,524.7109375
842.6859741210938,366.22686767578125,845.862548828125,361.892333984375,840.8026123046875,361.9547424316406,855.1778564453125,362.37200927734375,838.5364990234375,362.6986999511719,870.2352294921875,382.4859924316406,841.3815307617188,382.3797912597656,883.359619140625,412.276611328125,833.721923828125,409.52410888671875,878.441650390625,437.37200927734375,820.6353149414062,433.02227783203125,874.9688720703125,436.53558349609375,856.12109375,435.8511657714844,870.5443115234375,475.406494140625,850.39794921875,474.532470703125,885.6727294921875,517.49658203125,862.7420654296875,515.0121459960938
833.2569580078125,364.2896728515625,836.9586181640625,359.98956298828125,831.5831298828125,360.32928466796875,847.6441650390625,360.7645263671875,830.8928833007812,362.0845642089844,864.5084838867188,381.0418395996094,833.4970092773438,382.1925048828125,877.4052734375,410.57696533203125,825.895751953125,409.2554931640625,869.3458251953125,435.30999755859375,814.9008178710938,432.0650939941406,865.4530029296875,436.7245788574219,845.68505859375,436.11358642578125,857.632568359375,471.87689208984375,838.15087890625,471.136962890625,869.5145263671875,513.86328125,850.0753173828125,511.605712890625
817.5889892578125,363.7364501953125,820.6499633789062,360.10089111328125,817.108154296875,359.230224609375,830.698974609375,361.79278564453125,823.52392578125,359.50555419921875,847.9429931640625,380.6562194824219,827.9278564453125,376.6640625,866.6304931640625,409.80145263671875,823.1141967773438,404.6745300292969,858.6795043945312,428.119384765625,807.7186889648438,429.5812683105469,858.444091796875,432.076416015625,845.86083984375,428.92828369140625,840.2528076171875,474.36663818359375,822.6296997070312,469.5491943359375,858.2546997070312,516.7915649414062,837.7769775390625,507.2421569824219
813.0144653320312,364.14898681640625,815.64794921875,359.4991455078125,812.187255859375,360.2120361328125,827.2725219726562,358.49908447265625,812.8603515625,361.12274169921875,845.1190795898438,377.2810363769531,822.8990478515625,378.910400390625,852.484619140625,409.60498046875,820.1270141601562,407.719482421875,830.854248046875,428.33685302734375,803.27197265625,423.9383544921875,850.839599609375,432.5003356933594,834.8863525390625,431.75677490234375,840.4963989257812,472.3245849609375,818.8956298828125,471.17315673828125,857.2752685546875,518.089111328125,829.70849609375,515.04541015625
811.3028564453125,363.54638671875,815.28955078125,359.1697082519531,808.2568359375,358.95465087890625,825.5679931640625,360.368896484375,809.186279296875,359.9306640625,838.7202758789062,383.1993713378906,815.85888671875,380.51708984375,841.8072509765625,414.77288818359375,809.9584350585938,409.18707275390625,814.5682983398438,424.71734619140625,791.9166259765625,424.959228515625,843.980712890625,438.328125,826.6168212890625,435.15625,838.823974609375,479.42083740234375,796.521240234375,474.1612548828125,861.3631591796875,520.3526611328125,801.980224609375,509.816162109375
803.5424194335938,358.45751953125,806.946044921875,354.63262939453125,802.2874755859375,353.87939453125,816.68359375,356.6560363769531,807.2081909179688,354.55438232421875,826.677001953125,379.41070556640625,811.2646484375,374.510498046875,813.7379150390625,409.9273681640625,794.6317138671875,396.71990966796875,777.3458862304688,413.038330078125,761.2515258789062,403.7489318847656,837.2586669921875,434.9136962890625,824.2659301757812,432.4410400390625,837.30419921875,474.1203918457031,796.2757568359375,470.9854431152344,859.837158203125,519.2130126953125,800.1690673828125,512.1370849609375
798.47900390625,351.44000244140625,802.450439453125,348.01202392578125,796.9275512695312,346.9275817871094,809.6753540039062,350.2353515625,800.5428466796875,347.36737060546875,814.3547973632812,369.50152587890625,803.1632080078125,364.294189453125,801.17041015625,390.5340270996094,795.5048217773438,382.76202392578125,775.96142578125,391.6271667480469,776.7266845703125,388.8879089355469,825.3990478515625,423.3966979980469,814.7999267578125,420.17864990234375,832.6140747070312,466.7732849121094,801.741455078125,462.6513671875,853.826416015625,512.9777221679688,801.80029296875,505.5224304199219
796.5640869140625,337.9569091796875,799.806640625,334.08294677734375,793.2006225585938,334.13568115234375,804.3819580078125,337.9366455078125,790.4202880859375,337.9256286621094,807.895263671875,357.14544677734375,789.040771484375,357.7525634765625,802.6506958007812,362.56878662109375,778.254638671875,364.3446350097656,789.3712158203125,353.68145751953125,770.8349609375,363.402099609375,818.4739379882812,419.15625,803.1180419921875,420.09100341796875,821.684814453125,464.4793395996094,790.45751953125,465.099609375,849.1070556640625,507.5666198730469,796.3342895507812,506.9864501953125
787.1881713867188,322.59564208984375,792.2045288085938,318.82373046875,783.8432006835938,318.4669494628906,798.916748046875,326.37042236328125,782.1251220703125,325.96820068359375,799.8106689453125,348.0872497558594,782.085693359375,349.51226806640625,790.5020751953125,344.3375549316406,775.22705078125,346.58697509765625,773.2922973632812,318.6795959472656,764.8860473632812,321.44854736328125,809.0760498046875,414.4205017089844,794.3641357421875,415.81768798828125,811.0230102539062,460.7727355957031,787.3472900390625,462.9709167480469,840.6397705078125,504.5455627441406,800.1942138671875,505.97882080078125
783.3192138671875,317.0199890136719,787.5785522460938,312.70947265625,779.4109497070312,312.52423095703125,792.550048828125,320.5564270019531,776.16064453125,320.5719909667969,795.68310546875,341.536376953125,774.764404296875,343.6241149902344,796.2110595703125,320.9872131347656,773.0568237304688,323.82452392578125,780.894287109375,298.08154296875,762.0198974609375,297.8685607910156,802.8839721679688,404.0335693359375,786.6551513671875,406.006591796875,810.3701171875,450.691162109375,791.5732421875,453.99755859375,831.478515625,494.50006103515625,804.468505859375,497.93853759765625
784.9595947265625,299.678955078125,788.4805297851562,295.409912109375,781.6697998046875,294.6480712890625,790.0182495117188,301.996337890625,776.3983154296875,300.15032958984375,790.0924072265625,321.92279052734375,769.0318603515625,320.7418518066406,796.8934936523438,296.7388000488281,774.9453735351562,287.4212951660156,794.0587158203125,272.5496826171875,770.61865234375,251.6019287109375,795.73486328125,387.72607421875,779.6380004882812,389.1777648925781,809.130615234375,440.6911926269531,791.1937255859375,444.6210021972656,815.4512939453125,483.3756408691406,792.3825073242188,493.04376220703125
780.0889892578125,293.8092956542969,783.7197875976562,290.0816650390625,777.479248046875,288.909423828125,785.5222778320312,294.3148498535156,771.257568359375,291.6913146972656,786.0792846679688,312.8796081542969,760.822998046875,312.63751220703125,794.7247314453125,313.4684143066406,770.2860107421875,313.68975830078125,786.8248901367188,299.62786865234375,774.3759155273438,298.5497131347656,784.102294921875,379.4739074707031,766.125244140625,380.6632080078125,793.749267578125,428.79376220703125,778.8140869140625,432.005859375,802.3002319335938,465.3304138183594,787.5042114257812,473.50762939453125
771.3580322265625,299.0596923828125,775.7501220703125,295.3685302734375,768.8594970703125,293.8485107421875,778.0291748046875,299.4560241699219,762.3790283203125,296.2361145019531,778.2169189453125,311.9271240234375,751.2469482421875,312.22412109375,791.29833984375,288.281005859375,759.0496215820312,295.25048828125,789.0598754882812,260.41485595703125,763.9782104492188,272.36212158203125,774.5421142578125,369.8584899902344,754.0964965820312,371.2032165527344,787.2125244140625,411.4444580078125,761.7979736328125,414.8004150390625,809.8865966796875,443.4152526855469,779.7525634765625,451.81011962890625
764.2373046875,284.328369140625,768.083740234375,280.6441345214844,762.3110961914062,279.9469909667969,771.1072998046875,285.0731506347656,758.8353271484375,283.5438232421875,769.3681640625,303.6839599609375,748.2423706054688,300.3433532714844,763.5933837890625,301.4754638671875,732.300537109375,292.28387451171875,765.3333129882812,289.9309387207031,736.343017578125,279.9605407714844,767.89697265625,362.5438232421875,752.8406372070312,362.53057861328125,778.2866821289062,409.42572021484375,759.7581176757812,408.73876953125,805.8375244140625,449.19781494140625,780.4015502929688,448.5059509277344
762.47265625,284.577880859375,766.3353881835938,280.5119934082031,759.7769165039062,279.8728942871094,767.450927734375,284.8293151855469,753.8687133789062,282.853515625,765.2247314453125,303.71392822265625,739.0604248046875,299.37713623046875,752.366943359375,296.12884521484375,718.072998046875,285.2276611328125,748.5294799804688,283.06683349609375,728.711181640625,270.8929443359375,766.387451171875,364.7306213378906,746.1966552734375,364.502197265625,781.6348876953125,411.7166748046875,749.5745849609375,411.25848388671875,804.5971069335938,450.5904235839844,765.8272094726562,451.38690185546875
757.2322387695312,279.17730712890625,762.100341796875,275.0631103515625,754.1011962890625,274.4403381347656,767.21435546875,279.9405822753906,748.1708984375,278.05487060546875,763.1712646484375,299.72052001953125,733.9979248046875,295.26220703125,742.583740234375,278.8770751953125,701.0493774414062,271.71612548828125,736.2269897460938,251.1815185546875,699.170654296875,255.07696533203125,757.8558349609375,363.9874267578125,736.20458984375,363.52423095703125,773.3842163085938,408.83111572265625,738.0833740234375,407.8380126953125,796.1537475585938,445.9032897949219,750.9603881835938,445.7558898925781
757.173583984375,285.81561279296875,761.4063720703125,281.6629638671875,752.7037963867188,280.93072509765625,762.94970703125,285.6065673828125,742.8034057617188,282.79315185546875,758.2215576171875,304.6288146972656,727.741455078125,293.336669921875,744.9014282226562,287.61968994140625,687.791748046875,248.6346435546875,739.2432861328125,269.13189697265625,673.884765625,212.79110717773438,751.9290771484375,363.3602294921875,729.9631958007812,360.8453369140625,763.9052734375,407.2415771484375,729.43994140625,404.5381164550781,792.3975219726562,439.2657165527344,746.87841796875,437.56268310546875
741.6495361328125,288.7830810546875,746.287353515625,285.7491455078125,741.495849609375,284.02301025390625,752.0813598632812,289.3049011230469,741.2106323242188,285.72625732421875,751.859375,306.3206481933594,727.667724609375,303.40277099609375,756.7001953125,296.39752197265625,699.9857177734375,296.43377685546875,754.5309448242188,279.9493713378906,681.9592895507812,296.35992431640625,742.2164916992188,367.56939697265625,723.8391723632812,366.61846923828125,754.4349365234375,407.20343017578125,717.63525390625,406.3764953613281,788.6149291992188,440.71490478515625,727.0870971679688,441.3333740234375
736.6557006835938,290.01300048828125,742.3335571289062,286.9511413574219,735.56689453125,285.7254333496094,749.7321166992188,290.3509521484375,734.1845703125,287.703857421875,747.5003662109375,309.50823974609375,722.5889892578125,304.43017578125,721.5245361328125,321.52581787109375,692.71533203125,310.67974853515625,700.966796875,316.732666015625,683.1038818359375,311.0290222167969,737.9058837890625,370.31976318359375,718.0584716796875,368.0290832519531,740.377685546875,409.84027099609375,702.1959228515625,407.0294494628906,781.8535766601562,438.56005859375,724.3873901367188,435.344482421875
736.9396362304688,293.10809326171875,740.935302734375,290.1426086425781,734.6529541015625,288.71075439453125,743.3828125,291.906494140625,727.2338256835938,288.5590515136719,740.8580322265625,312.14898681640625,711.70849609375,307.8783874511719,739.5107421875,339.0329284667969,694.185546875,333.32708740234375,731.826904296875,350.20220947265625,695.8129272460938,353.5556640625,728.3964233398438,364.866943359375,706.6538696289062,363.8213195800781,740.2301025390625,405.2572021484375,694.406494140625,403.8875732421875,768.9794921875,437.58807373046875,703.4573974609375,437.89080810546875
729.6088256835938,300.5173645019531,732.5026245117188,296.85894775390625,726.2249755859375,296.43353271484375,735.0379638671875,299.0551452636719,718.3040771484375,297.6940612792969,736.8759765625,319.3732604980469,704.3369140625,317.4847106933594,737.8854370117188,347.92474365234375,693.2593994140625,345.26373291015625,728.3699951171875,368.78411865234375,703.1572265625,368.6790771484375,725.5126953125,364.0300598144531,703.0877685546875,363.48681640625,731.371337890625,396.8240661621094,695.796142578125,396.4835205078125,730.6385498046875,425.9671325683594,692.9148559570312,425.88262939453125
719.10107421875,313.1668701171875,722.65771484375,309.90045166015625,716.341796875,308.8507080078125,726.7930297851562,311.6163330078125,709.8992919921875,309.2218933105469,732.4209594726562,330.9862976074219,699.58837890625,328.1641845703125,740.1143188476562,349.0298767089844,692.7208251953125,347.7290344238281,722.8331298828125,333.5847473144531,694.7560424804688,346.7917785644531,723.55517578125,383.0009765625,699.95556640625,380.73760986328125,722.1932373046875,409.6720275878906,680.7880859375,406.06982421875,730.4822998046875,439.484619140625,679.323486328125,434.30657958984375
703.8947143554688,327.8536376953125,707.5349731445312,324.54815673828125,702.1524047851562,323.5740966796875,714.6707153320312,326.09423828125,698.6610107421875,324.03778076171875,725.2174682617188,345.56060791015625,689.4268798828125,341.80242919921875,739.775390625,364.603515625,680.7968139648438,359.9586181640625,722.168212890625,346.7209167480469,680.32666015625,355.6985778808594,712.598388671875,397.76922607421875,688.0945434570312,394.01483154296875,706.600830078125,434.0763244628906,669.9833984375,428.2890930175781,702.80615234375,465.1220703125,661.456298828125,456.7301025390625
700.98388671875,337.77783203125,703.6961669921875,334.2840576171875,697.965087890625,334.2030029296875,707.029296875,335.97369384765625,692.4940185546875,335.73138427734375,711.2503051757812,354.59295654296875,683.60205078125,354.392578125,720.3759765625,376.51617431640625,673.822021484375,377.2398681640625,721.6929321289062,396.23883056640625,674.1234130859375,396.91925048828125,701.96875,398.98980712890625,683.5841064453125,398.8122253417969,707.0823974609375,426.9024658203125,674.70458984375,426.84954833984375,702.723388671875,449.96563720703125,664.4354858398438,450.5779724121094
698.5667724609375,344.7911376953125,701.4888305664062,341.2254943847656,695.553955078125,341.3817138671875,706.3592529296875,342.7996826171875,690.6630859375,343.2635498046875,713.46923828125,361.0849609375,681.970947265625,361.83087158203125,727.7769165039062,381.58258056640625,670.5277099609375,383.5411376953125,731.0663452148438,405.3395690917969,668.8486328125,406.48626708984375,704.4005126953125,404.96661376953125,684.1316528320312,405.04852294921875,706.5067138671875,431.10565185546875,677.8465576171875,431.07659912109375,703.2686767578125,452.206298828125,672.243408203125,452.6800231933594
699.9004516601562,347.94439697265625,703.6458740234375,344.6167297363281,696.7415771484375,344.07562255859375,709.839599609375,346.41534423828125,691.6286010742188,345.0489807128906,716.9150390625,365.6270751953125,685.003173828125,365.62200927734375,737.4901733398438,383.5491943359375,674.5534057617188,391.10577392578125,744.7036743164062,392.9896240234375,669.9558715820312,417.7735290527344,709.5501708984375,417.70050048828125,687.7391357421875,416.86474609375,712.9229736328125,447.931396484375,671.615234375,445.4777526855469,726.5859375,464.70343017578125,669.6392822265625,460.10101318359375
702.1180419921875,351.42669677734375,705.5828247070312,347.75689697265625,698.9961547851562,347.6533203125,712.7588500976562,347.5552978515625,694.8853759765625,347.333251953125,722.7177124023438,363.99725341796875,689.8269653320312,364.61810302734375,739.11328125,381.1934509277344,680.8372192382812,387.5420837402344,750.8399658203125,395.090087890625,674.8775634765625,412.19683837890625,717.7703857421875,409.7178039550781,694.378173828125,409.08477783203125,723.0352172851562,438.8753356933594,670.01318359375,436.69049072265625,734.9605102539062,465.93035888671875,663.0986328125,461.1433410644531
720.095458984375,348.297607421875,722.3274536132812,344.8637390136719,717.1585083007812,344.64117431640625,724.647216796875,344.12744140625,710.3299560546875,343.3494873046875,730.9553833007812,358.65142822265625,697.988525390625,359.0186767578125,747.1447143554688,375.95269775390625,687.1951904296875,381.466796875,762.3177490234375,392.1512145996094,691.4656372070312,402.2886657714844,721.437744140625,403.3173522949219,697.8601684570312,403.5330810546875,732.7438354492188,435.00958251953125,680.273193359375,434.77154541015625,739.6353759765625,462.29150390625,669.3177490234375,461.35772705078125
731.6430053710938,343.5695495605469,733.7989501953125,340.1498718261719,728.45458984375,340.1256103515625,736.3710327148438,339.45526123046875,721.0595703125,339.2089538574219,743.4322509765625,355.2025451660156,707.0117797851562,356.28155517578125,759.9736328125,371.71142578125,694.0787963867188,382.58441162109375,776.490966796875,384.5666198730469,699.0709228515625,405.9991149902344,728.5762939453125,403.16485595703125,702.1697998046875,403.306640625,742.405517578125,437.4190979003906,682.4890747070312,436.9651794433594,745.4152221679688,472.6745910644531,664.22607421875,471.80010986328125
746.4339599609375,345.06005859375,748.7965087890625,341.6322937011719,743.0639038085938,341.1527404785156,751.03369140625,340.0704345703125,734.0509033203125,338.59320068359375,756.3323974609375,354.31378173828125,719.8250732421875,353.65386962890625,772.6431884765625,372.3166809082031,705.4305419921875,382.05438232421875,788.0947265625,383.80499267578125,698.074462890625,413.7158203125,738.7631225585938,404.32037353515625,712.9400634765625,402.7442321777344,752.7855224609375,434.3747863769531,697.919921875,431.02899169921875,750.9112548828125,464.941650390625,674.8294677734375,459.03680419921875
760.2269897460938,336.7523193359375,762.2205810546875,333.3280029296875,756.5588989257812,333.02801513671875,763.2041625976562,333.47161865234375,747.25537109375,332.0315856933594,766.5296020507812,351.791015625,732.8326416015625,349.269287109375,780.72802734375,371.45574951171875,713.337646484375,372.10614013671875,799.6517944335938,388.33984375,708.3812255859375,398.0313720703125,751.15185546875,399.43426513671875,727.4072265625,397.3917236328125,761.9890747070312,427.9129638671875,707.2832641601562,424.6468505859375,758.9705810546875,456.3270263671875,682.7901611328125,451.63330078125
773.810546875,340.3824768066406,775.8253784179688,336.84423828125,770.177490234375,336.5638427734375,776.3812255859375,335.6540222167969,760.693115234375,334.21429443359375,777.0404052734375,352.1664733886719,745.522216796875,350.057373046875,788.064453125,373.14471435546875,723.8515625,372.9862060546875,808.1537475585938,397.291015625,715.859375,401.574951171875,758.9375,405.70458984375,735.8557739257812,403.94586181640625,772.6083984375,440.83343505859375,712.7789306640625,439.2569580078125,763.1492309570312,464.8440856933594,673.2384643554688,464.17791748046875
791.2174072265625,343.5799560546875,791.261962890625,340.31475830078125,788.7559814453125,339.9571533203125,787.2452392578125,341.38287353515625,780.626220703125,339.5265808105469,787.1934814453125,359.64093017578125,763.349853515625,354.12030029296875,798.6461791992188,382.57586669921875,738.8624267578125,373.6083984375,814.853515625,410.1609191894531,726.9747924804688,406.2333068847656,762.871337890625,403.7799072265625,746.0532836914062,400.54156494140625,776.1588134765625,436.07525634765625,732.1137084960938,431.48974609375,766.4888916015625,463.3567199707031,702.1950073242188,458.0345764160156
800.6138916015625,353.6148376464844,802.3658447265625,350.3592224121094,798.7828369140625,349.4970703125,801.1576538085938,350.59539794921875,791.1908569335938,347.44775390625,798.7052001953125,365.2099914550781,771.9479370117188,360.17327880859375,803.309814453125,387.07366943359375,744.3375244140625,379.086669921875,811.8643798828125,413.0984802246094,734.510009765625,410.7245178222656,769.6806640625,404.7581787109375,752.8681030273438,402.11077880859375,770.4149169921875,436.6663818359375,748.0711669921875,435.3906555175781,761.6053466796875,462.9073486328125,735.128173828125,462.69012451171875
808.2800903320312,356.955810546875,810.7752685546875,354.2584228515625,806.9346923828125,353.17449951171875,813.0986938476562,355.5587158203125,800.142333984375,351.72015380859375,811.3844604492188,369.8775634765625,778.83056640625,363.71173095703125,816.18505859375,392.19708251953125,748.2318725585938,382.4273681640625,820.46044921875,416.87628173828125,738.88671875,412.7784423828125,775.79443359375,405.0859375,756.040771484375,401.9732666015625,775.19189453125,430.63916015625,760.4580688476562,429.2428894042969,765.2879638671875,455.1056213378906,754.0715942382812,453.760986328125
818.8526611328125,361.83258056640625,821.5550537109375,358.7564392089844,817.069580078125,357.60369873046875,823.49853515625,359.80364990234375,810.37109375,356.17242431640625,823.5016479492188,374.8548889160156,793.2587890625,368.6543884277344,824.540771484375,398.8010559082031,766.8141479492188,387.5087890625,820.0374755859375,419.7186584472656,756.5535278320312,413.35955810546875,794.109619140625,413.63751220703125,775.6658935546875,410.389404296875,789.6242065429688,441.33111572265625,776.32177734375,439.4418640136719,773.04541015625,471.3807373046875,764.41650390625,469.6467590332031
829.3082275390625,359.31536865234375,830.9591674804688,356.4513244628906,826.8619384765625,355.8519287109375,832.1244506835938,358.73828125,818.5003662109375,356.4502258300781,832.3123779296875,376.11627197265625,800.3717041015625,371.20208740234375,834.5916748046875,398.57647705078125,772.4468994140625,388.9547119140625,831.1368408203125,417.15966796875,761.3428955078125,412.42303466796875,803.9302368164062,412.859619140625,784.5447998046875,410.4267883300781,798.1312255859375,432.3327941894531,784.2642822265625,431.18548583984375,781.7960205078125,458.7759704589844,773.4937744140625,457.63360595703125
835.9473266601562,360.91156005859375,838.7536010742188,358.24945068359375,832.8817749023438,356.70770263671875,839.1336669921875,360.7662353515625,822.7447509765625,356.4745788574219,836.7225341796875,379.9756164550781,806.6334228515625,371.840576171875,850.2449340820312,401.75860595703125,779.622314453125,390.267333984375,847.0753784179688,414.80108642578125,772.8702392578125,416.263427734375,811.1334228515625,420.39129638671875,791.9395751953125,415.67718505859375,813.5322875976562,443.1305236816406,786.412109375,436.373291015625,806.9573974609375,472.2598571777344,774.0928344726562,463.0294189453125
842.9287719726562,362.9771728515625,845.5109252929688,359.5820617675781,840.8782958984375,359.14508056640625,849.3319091796875,361.2528076171875,834.2521362304688,359.8532409667969,853.38623046875,379.66253662109375,817.31640625,376.2642822265625,857.975341796875,404.56134033203125,795.5001220703125,397.5436706542969,847.8026733398438,422.38629150390625,790.8704833984375,419.3974609375,827.1141357421875,418.08050537109375,803.4842529296875,416.1246643066406,825.8961181640625,446.3016357421875,794.3336791992188,445.21337890625,822.88720703125,481.86053466796875,790.8214111328125,480.647705078125
851.255126953125,368.89910888671875,854.4583740234375,365.6715087890625,848.1033325195312,364.97784423828125,857.7879638671875,367.4143981933594,840.48193359375,365.63800048828125,859.6954345703125,384.5050048828125,828.0492553710938,381.776611328125,868.96630859375,405.0169677734375,811.070556640625,402.9092102050781,865.2647705078125,422.73834228515625,808.0867309570312,429.0416259765625,836.94775390625,416.76214599609375,819.0577392578125,415.1185302734375,830.1947021484375,451.0296936035156,824.6468505859375,448.809814453125,818.0546875,483.14874267578125,828.4942016601562,480.867919921875
859.9571533203125,371.5645751953125,862.6021728515625,368.23681640625,857.3237915039062,367.67608642578125,865.2610473632812,369.00518798828125,850.59326171875,366.88555908203125,867.5059814453125,383.04473876953125,835.0780029296875,380.06158447265625,875.508544921875,405.000732421875,818.0491943359375,400.5504150390625,878.5791015625,425.625,819.6170654296875,424.1241760253906,849.704345703125,422.2202453613281,829.80419921875,421.122802734375,849.68115234375,453.7716064453125,835.3665161132812,453.32403564453125,844.9189453125,487.6526184082031,836.2159423828125,487.27008056640625
869.9518432617188,373.32708740234375,871.9368896484375,370.14105224609375,867.57421875,369.81549072265625,873.1121826171875,370.92840576171875,861.8597412109375,369.67999267578125,875.0235595703125,385.32720947265625,849.27197265625,383.8863830566406,884.7918090820312,405.7328796386719,836.2227783203125,404.7142639160156,891.1528930664062,427.5856018066406,836.573486328125,427.74468994140625,860.6072998046875,426.45361328125,845.1744384765625,425.866455078125,860.5919189453125,455.56939697265625,848.5336303710938,455.5293273925781,852.2990112304688,483.12762451171875,843.76611328125,483.71307373046875
884.8126831054688,374.87225341796875,886.6153564453125,371.6142883300781,882.1121826171875,371.3653564453125,887.26171875,372.4400939941406,875.4618530273438,371.41571044921875,887.3681640625,387.175537109375,862.386474609375,386.2373046875,896.753173828125,409.8297119140625,852.1563720703125,410.83599853515625,902.1314697265625,434.3409423828125,856.956787109375,435.97760009765625,872.588623046875,428.1402282714844,857.0272216796875,427.93682861328125,875.2564086914062,459.08111572265625,857.9954833984375,459.1712646484375,866.12646484375,488.8914794921875,849.6480102539062,490.25762939453125
903.0423583984375,374.91925048828125,904.1619873046875,371.6988525390625,900.4239501953125,371.55596923828125,903.2490234375,372.7510986328125,893.603759765625,371.99322509765625,902.375244140625,388.09661865234375,879.717041015625,387.167236328125,908.0579833984375,411.96746826171875,867.4663696289062,412.4097900390625,912.486083984375,430.35546875,872.9646606445312,431.696533203125,885.2742919921875,430.51031494140625,870.1307373046875,430.43609619140625,897.7030029296875,454.2139892578125,868.753662109375,454.70745849609375,881.1866455078125,486.6029052734375,846.91552734375,488.4082946777344
917.492919921875,375.6567077636719,918.497802734375,372.3871765136719,915.6879272460938,372.43548583984375,918.2411499023438,372.3856201171875,910.2755126953125,372.3736267089844,914.8939208984375,385.88128662109375,899.6824951171875,386.3374328613281,924.470947265625,406.998291015625,900.6143188476562,410.8753662109375,932.19189453125,423.9007568359375,913.2841796875,427.07373046875,894.2978515625,423.4578552246094,884.124267578125,423.8284912109375,904.3133544921875,452.7182922363281,883.072021484375,453.27972412109375,897.4887084960938,481.58587646484375,871.3389892578125,483.59326171875
933.6754760742188,372.8057556152344,936.0418701171875,369.07879638671875,929.5946044921875,368.77044677734375,934.792236328125,370.77825927734375,920.2724609375,369.80255126953125,927.40576171875,389.2593994140625,911.6820068359375,389.1310729980469,937.8810424804688,411.6495666503906,909.5941162109375,416.114501953125,945.0594482421875,421.8310546875,921.7619018554688,433.13946533203125,907.7030639648438,429.82476806640625,897.01220703125,429.78363037109375,915.9560546875,468.4047546386719,899.7332153320312,468.42486572265625,906.459716796875,502.74713134765625,883.418701171875,504.5867614746094
948.3759155273438,373.97271728515625,950.123779296875,369.74139404296875,943.93701171875,369.8317565917969,945.1055908203125,370.0024108886719,932.6177978515625,370.2406311035156,932.4095458984375,389.0194091796875,926.1718139648438,390.54364013671875,940.1221923828125,410.8719177246094,925.9715576171875,419.1317138671875,952.1797485351562,425.1290283203125,937.218505859375,438.66851806640625,913.4656982421875,431.9962463378906,918.1644287109375,432.1484069824219,894.0942993164062,469.0675964355469,957.0400390625,468.8116455078125,863.3322143554688,503.39605712890625,975.51025390625,504.73291015625
966.1594848632812,374.69781494140625,968.5732421875,369.991943359375,961.8041381835938,369.83709716796875,965.2978515625,370.7642822265625,951.012451171875,370.2569274902344,953.0403442382812,390.6790466308594,944.5266723632812,392.28680419921875,955.4852294921875,418.7532958984375,943.11962890625,423.6691589355469,962.3662719726562,441.772705078125,951.958251953125,455.33038330078125,936.650146484375,436.41253662109375,937.8026733398438,438.580322265625,921.7545166015625,474.0747985839844,970.9617919921875,476.93316650390625,893.9345703125,509.15191650390625,984.02783203125,517.2930908203125
980.4329833984375,376.87347412109375,980.704345703125,372.20556640625,978.0123291015625,372.55560302734375,970.01806640625,372.2227478027344,969.5476684570312,372.280517578125,959.2435913085938,390.3505859375,956.980224609375,392.1327209472656,959.5509033203125,423.08135986328125,953.5156860351562,427.8489074707031,975.9823608398438,448.81536865234375,968.92333984375,454.4123840332031,950.7220458984375,443.53094482421875,949.4527587890625,445.4627685546875,971.588134765625,481.09600830078125,970.462890625,482.6364440917969,970.53857421875,522.6072387695312,969.581298828125,525.4136352539062
990.992919921875,384.3536682128906,992.60791015625,380.3460388183594,987.4588623046875,379.93743896484375,990.3087158203125,381.6129455566406,979.0062255859375,379.6395263671875,983.6904296875,400.05474853515625,966.068603515625,398.70294189453125,985.1248779296875,430.7763977050781,962.8123168945312,432.80731201171875,994.59375,456.2090148925781,978.0415649414062,459.5342102050781,971.713623046875,448.8794860839844,959.1717529296875,449.2452392578125,990.22265625,484.468994140625,964.4290771484375,485.4071044921875,983.8683471679688,523.161376953125,951.2136840820312,525.406982421875
1006.46435546875,386.90509033203125,1006.39013671875,382.31158447265625,1004.4819946289062,382.7044372558594,996.3692626953125,382.3349304199219,996.90576171875,382.8934326171875,986.6991577148438,400.9617919921875,983.4635009765625,403.0014953613281,987.8197021484375,432.5845947265625,979.6484985351562,437.9883728027344,1002.5794677734375,455.94927978515625,995.0037841796875,461.66143798828125,974.274658203125,455.5784912109375,972.4315185546875,457.44488525390625,992.8154296875,486.58221435546875,990.5682373046875,488.4208984375,984.2127685546875,525.2999267578125,981.2369384765625,528.80517578125
1017.838623046875,385.9367980957031,1018.3822021484375,381.5953369140625,1014.9190063476562,381.65203857421875,1010.99462890625,382.42388916015625,1006.0933227539062,382.15283203125,1002.1756591796875,402.37860107421875,994.9689331054688,403.06201171875,1002.908447265625,433.16119384765625,993.1441650390625,436.1761474609375,1014.4537353515625,456.040283203125,1006.006103515625,459.5574645996094,991.3504638671875,454.90008544921875,986.86083984375,456.14691162109375,1004.4874877929688,487.9197998046875,1001.1429443359375,489.1896057128906,994.4007568359375,527.4998779296875,991.295654296875,530.179443359375
1035.5048828125,389.025146484375,1033.77685546875,384.5347900390625,1033.3089599609375,385.05072021484375,1021.70068359375,383.7939147949219,1023.138671875,385.1317138671875,1012.1636352539062,401.0997314453125,1010.5133056640625,404.2279052734375,1017.7332763671875,431.9308776855469,1010.0230712890625,438.75555419921875,1033.71337890625,450.5907897949219,1025.207275390625,455.71551513671875,995.10791015625,457.4896240234375,994.3489379882812,459.7742919921875,1014.527099609375,486.7103576660156,1014.0972900390625,488.853271484375,997.47998046875,529.5982055664062,996.3841552734375,533.871337890625
1042.2132568359375,394.00323486328125,1042.6484375,389.7373352050781,1039.21240234375,389.76312255859375,1033.287109375,389.9717102050781,1030.4571533203125,389.8238525390625,1024.30029296875,408.6136779785156,1021.8722534179688,409.93402099609375,1033.2034912109375,437.423095703125,1029.4071044921875,441.3408203125,1054.558837890625,455.1732177734375,1048.3896484375,458.0067443847656,1012.2222900390625,464.6988525390625,1011.01611328125,466.2135314941406,1027.5738525390625,494.5816650390625,1029.07275390625,495.6885681152344,1010.832763671875,533.77685546875,1013.3546142578125,537.0059814453125
1058.24462890625,400.0729064941406,1058.1339111328125,395.700439453125,1055.1766357421875,395.88555908203125,1049.8094482421875,396.42626953125,1045.8914794921875,396.4327392578125,1039.791748046875,415.1041259765625,1034.89208984375,415.9866943359375,1048.2496337890625,443.9317626953125,1037.005126953125,447.57958984375,1069.458740234375,457.5495300292969,1060.8284912109375,465.9344787597656,1023.4747924804688,468.78167724609375,1025.9237060546875,470.007568359375,1023.0660400390625,507.1549987792969,1058.7476806640625,507.91131591796875,993.17333984375,541.548583984375,1059.4703369140625,545.0777587890625
1069.3740234375,406.14508056640625,1070.6597900390625,401.8792724609375,1065.864013671875,401.57672119140625,1064.2384033203125,401.69781494140625,1055.176025390625,400.7779541015625,1052.1053466796875,420.68536376953125,1044.7781982421875,420.583984375,1060.922119140625,448.7974853515625,1049.7587890625,451.5179443359375,1079.059326171875,465.66241455078125,1072.19140625,472.1424560546875,1035.7408447265625,476.781005859375,1038.613525390625,477.15740966796875,1027.83984375,513.9168701171875,1079.255615234375,513.861572265625,997.4840087890625,550.1094970703125,1092.900146484375,553.1214599609375
1082.0616455078125,413.6046142578125,1083.04736328125,409.7098388671875,1079.306640625,409.356689453125,1077.2142333984375,409.5810546875,1069.6414794921875,408.439697265625,1067.72509765625,427.6870422363281,1056.52880859375,426.2578125,1073.84716796875,455.8470153808594,1055.7197265625,454.19903564453125,1089.123291015625,472.81756591796875,1077.60888671875,475.6923522949219,1046.101806640625,479.6075439453125,1045.958984375,480.01214599609375,1035.122802734375,515.5059814453125,1082.519287109375,515.4981079101562,1008.81005859375,545.6764526367188,1100.9559326171875,549.0465087890625
1094.55859375,419.99627685546875,1096.53857421875,415.9139404296875,1091.2808837890625,415.7148742675781,1091.8592529296875,415.67303466796875,1081.84619140625,415.5211486816406,1081.2275390625,436.22491455078125,1071.65087890625,436.74407958984375,1087.48193359375,462.7436828613281,1074.9312744140625,467.07318115234375,1101.80908203125,483.6158752441406,1093.32373046875,487.7777099609375,1060.8397216796875,489.52008056640625,1063.2724609375,489.2154235839844,1035.6265869140625,526.7015991210938,1098.1396484375,526.2921142578125,1003.80029296875,557.64453125,1120.6954345703125,559.0211791992188
1111.955810546875,432.4666442871094,1111.7021484375,427.9969482421875,1108.71435546875,427.90625,1101.433349609375,428.04071044921875,1097.766357421875,427.3333740234375,1090.131103515625,447.66900634765625,1087.2530517578125,448.0438232421875,1097.7081298828125,478.25848388671875,1091.8839111328125,480.4080810546875,1120.78466796875,496.2164611816406,1117.161376953125,502.82958984375,1074.7431640625,500.29205322265625,1080.865234375,501.07232666015625,1054.6829833984375,538.0611572265625,1108.6151123046875,538.3569946289062,1015.5338745117188,559.10546875,1115.51953125,562.55322265625
1122.060302734375,447.12603759765625,1122.8043212890625,443.09625244140625,1118.86865234375,442.655517578125,1116.176513671875,443.9798583984375,1109.9937744140625,442.3951721191406,1105.6409912109375,462.3747253417969,1100.9791259765625,459.72515869140625,1115.388671875,491.3182373046875,1109.704345703125,487.9413757324219,1135.182861328125,504.4288330078125,1134.3363037109375,503.04144287109375,1083.94140625,514.579345703125,1088.5927734375,513.7181396484375,1073.56103515625,549.3859252929688,1131.8651123046875,547.5366821289062,1025.79150390625,570.4766845703125,1131.669921875,569.3043212890625
1141.0125732421875,458.5931396484375,1138.3695068359375,454.05914306640625,1137.7069091796875,454.5797119140625,1124.48876953125,455.0798034667969,1127.2193603515625,455.6259765625,1113.2685546875,474.67803955078125,1120.7686767578125,475.85577392578125,1134.6163330078125,502.318359375,1136.28076171875,506.57635498046875,1164.1240234375,521.2490234375,1161.5263671875,528.5191650390625,1090.3438720703125,524.4647827148438,1099.2418212890625,526.1697998046875,1108.5435791015625,546.7120361328125,1138.1416015625,547.165771484375,1085.96142578125,579.9249877929688,1133.71826171875,582.4126586914062
1154.6700439453125,475.51104736328125,1154.22119140625,471.1701965332031,1153.06494140625,472.1642761230469,1134.808349609375,469.2880554199219,1144.685791015625,472.08648681640625,1120.6107177734375,484.9234313964844,1135.453125,489.7294006347656,1138.678466796875,511.8536376953125,1156.37353515625,517.939453125,1162.63818359375,531.5322265625,1176.19287109375,536.6417846679688,1090.4476318359375,530.1575927734375,1100.5474853515625,532.8956909179688,1114.567626953125,545.9346923828125,1139.89306640625,547.6394653320312,1105.5484619140625,576.552734375,1140.9359130859375,580.7042236328125
1166.796142578125,490.4967956542969,1164.646484375,486.4013671875,1166.756591796875,487.4138488769531,1145.3455810546875,481.82855224609375,1159.470947265625,484.860107421875,1126.5364990234375,490.75537109375,1150.4808349609375,495.43914794921875,1137.152099609375,516.6543579101562,1162.3388671875,523.6939697265625,1158.1314697265625,540.7872314453125,1172.1158447265625,544.9688720703125,1086.2021484375,526.8276977539062,1104.3739013671875,528.7694091796875,1098.1436767578125,543.9807739257812,1138.645263671875,545.62353515625,1072.662109375,574.3981323242188,1130.4031982421875,578.3299560546875
1170.2486572265625,493.2726745605469,1167.0245361328125,487.657470703125,1168.1180419921875,490.03839111328125,1152.971435546875,482.67950439453125,1162.970458984375,488.9988098144531,1137.592041015625,493.39508056640625,1152.40966796875,503.13800048828125,1129.4320068359375,514.4713745117188,1149.1239013671875,533.312744140625,1135.3350830078125,540.1830444335938,1157.3076171875,556.4581298828125,1094.324462890625,529.3733520507812,1109.2958984375,533.8570556640625,1106.392578125,553.829345703125,1145.8223876953125,559.1107788085938,1077.873779296875,585.663330078125,1152.211181640625,594.1904296875
1177.634033203125,492.6678771972656,1178.03515625,488.0853271484375,1176.366943359375,488.6141052246094,1158.9072265625,484.3797912597656,1167.1417236328125,485.50048828125,1143.808837890625,494.06585693359375,1150.67333984375,497.1250305175781,1149.007568359375,524.2679443359375,1149.8084716796875,530.44287109375,1161.1884765625,561.7579345703125,1154.539794921875,567.3115234375,1105.4688720703125,525.3953857421875,1111.524658203125,526.5618896484375,1121.034912109375,551.0595703125,1141.1640625,552.6693725585938,1106.5535888671875,584.5614624023438,1138.649169921875,588.3568115234375
1179.72998046875,490.56854248046875,1180.8021240234375,485.5591735839844,1178.4478759765625,485.874755859375,1159.5289306640625,481.73309326171875,1168.85498046875,482.39080810546875,1142.343505859375,491.9087219238281,1153.060791015625,494.7850341796875,1144.8984375,520.0623779296875,1153.2269287109375,525.6546630859375,1157.10400390625,552.7326049804688,1155.901123046875,557.6464233398438,1102.4517822265625,521.9075927734375,1110.4339599609375,522.8368530273438,1121.9898681640625,548.7337646484375,1139.7586669921875,550.280029296875,1109.9248046875,583.0596313476562,1136.5831298828125,586.6490478515625
1176.9510498046875,487.06195068359375,1178.278076171875,482.2244873046875,1175.517822265625,482.44488525390625,1160.6290283203125,479.346923828125,1166.3961181640625,479.44580078125,1142.842041015625,490.3200988769531,1150.7900390625,491.8805236816406,1138.268798828125,516.4087524414062,1145.877197265625,520.1443481445312,1143.582763671875,539.7655639648438,1147.1263427734375,544.7191772460938,1105.360595703125,519.8394775390625,1110.681640625,520.2110595703125,1125.44140625,547.734130859375,1135.8956298828125,549.0867309570312,1119.1490478515625,580.4688110351562,1134.371826171875,583.3231811523438
1173.4549560546875,477.90740966796875,1174.63916015625,473.7449951171875,1171.1805419921875,473.7959289550781,1169.0640869140625,471.22265625,1163.701416015625,471.660888671875,1154.23486328125,482.8942565917969,1147.5941162109375,482.5000305175781,1145.798828125,507.5845947265625,1133.2432861328125,508.160400390625,1143.016357421875,524.61474609375,1131.9205322265625,530.549560546875,1110.0028076171875,512.5164794921875,1107.7940673828125,512.0437622070312,1119.379638671875,550.3153076171875,1127.135498046875,549.9962158203125,1109.819580078125,588.6799926757812,1130.4512939453125,592.1123046875
1168.3829345703125,468.04925537109375,1170.271728515625,463.8225402832031,1165.5621337890625,463.9105224609375,1167.0999755859375,462.0843200683594,1158.171875,462.5202941894531,1153.37646484375,476.1182556152344,1144.30419921875,475.41729736328125,1140.5491943359375,501.68597412109375,1124.2689208984375,501.23284912109375,1129.25146484375,520.84765625,1113.8583984375,527.4456787109375,1115.874267578125,510.5224609375,1111.308837890625,509.8699035644531,1129.05859375,546.153564453125,1128.847900390625,545.6824951171875,1125.077880859375,584.6217041015625,1129.9742431640625,587.4385375976562
1162.79541015625,462.5021667480469,1165.23046875,458.6111755371094,1159.31494140625,458.2748107910156,1162.253662109375,458.23419189453125,1149.710205078125,457.4054260253906,1149.1241455078125,474.8785400390625,1134.7586669921875,472.3458251953125,1142.5908203125,500.8492431640625,1110.865966796875,497.5783996582031,1138.6136474609375,515.5977783203125,1102.550048828125,521.3342895507812,1118.0382080078125,512.5440673828125,1109.014404296875,511.50909423828125,1139.015869140625,545.973876953125,1123.9862060546875,544.3950805664062,1143.779296875,585.8434448242188,1122.122802734375,586.6416015625
1157.37158203125,451.3761291503906,1159.9420166015625,448.1778259277344,1154.7677001953125,447.37445068359375,1158.8609619140625,449.1470031738281,1147.0445556640625,447.06365966796875,1150.557373046875,467.1402587890625,1131.48486328125,463.51300048828125,1148.5294189453125,489.588623046875,1109.684814453125,489.64581298828125,1146.7237548828125,490.0482177734375,1107.8056640625,509.06805419921875,1124.3873291015625,511.40533447265625,1111.14599609375,509.46026611328125,1142.7109375,548.646728515625,1115.871337890625,545.0281982421875,1151.18994140625,589.9071044921875,1111.2000732421875,586.322998046875
1157.66162109375,445.4034423828125,1158.660400390625,441.31561279296875,1154.7130126953125,441.16278076171875,1150.269775390625,441.8602294921875,1144.1419677734375,440.80767822265625,1141.7728271484375,458.4333801269531,1128.4468994140625,458.52984619140625,1147.808837890625,482.06927490234375,1125.927734375,485.349609375,1157.31640625,485.59295654296875,1141.0992431640625,490.26708984375,1121.7850341796875,507.37115478515625,1112.3734130859375,508.1225280761719,1137.5211181640625,544.9495239257812,1124.33447265625,546.0067749023438,1137.9288330078125,584.5885009765625,1121.52685546875,587.3038330078125
1141.5172119140625,438.5732116699219,1144.0833740234375,434.6730651855469,1139.19677734375,434.0361328125,1145.6378173828125,435.39666748046875,1132.0750732421875,432.8695068359375,1144.003662109375,452.121826171875,1117.809326171875,449.61614990234375,1152.5811767578125,474.3623046875,1107.04150390625,473.1448059082031,1162.113037109375,483.3102722167969,1113.323486328125,484.96929931640625,1128.0341796875,501.907470703125,1110.8458251953125,501.5738525390625,1141.3922119140625,542.3741455078125,1119.72119140625,542.878173828125,1147.5916748046875,582.9899291992188,1120.7880859375,584.0549926757812
1134.5218505859375,431.058837890625,1137.8502197265625,427.31597900390625,1131.294677734375,427.1954040527344,1142.3223876953125,428.00555419921875,1124.7928466796875,427.8988952636719,1144.1595458984375,448.0882568359375,1112.95458984375,447.437744140625,1156.630859375,469.35675048828125,1093.862548828125,470.7293701171875,1168.0650634765625,486.8125,1086.20703125,493.3526611328125,1122.4176025390625,496.0456237792969,1107.2327880859375,496.060791015625,1126.4200439453125,537.5546875,1136.81591796875,537.0092163085938,1115.3265380859375,579.7222900390625,1150.0692138671875,579.6791381835938
1130.478759765625,422.6366271972656,1134.3231201171875,418.72552490234375,1127.2203369140625,418.24505615234375,1139.345458984375,420.03948974609375,1120.7750244140625,418.92333984375,1138.994873046875,440.7120361328125,1108.4586181640625,439.0831604003906,1152.9781494140625,462.381591796875,1087.8966064453125,462.7755126953125,1168.482177734375,481.33648681640625,1080.5472412109375,488.56451416015625,1118.1304931640625,488.8070983886719,1103.226318359375,488.5943298339844,1127.522216796875,532.5130615234375,1137.8150634765625,531.693115234375,1117.29736328125,577.8551025390625,1151.135009765625,577.6602783203125
1122.545166015625,419.75872802734375,1126.0518798828125,415.9462890625,1118.9434814453125,415.58538818359375,1131.1142578125,417.45501708984375,1111.8748779296875,416.3782958984375,1133.605712890625,438.24041748046875,1099.70849609375,436.6414489746094,1149.843994140625,458.82891845703125,1077.59521484375,458.35626220703125,1165.014892578125,477.5988464355469,1070.859130859375,482.69866943359375,1118.043701171875,487.0117492675781,1100.791259765625,487.10955810546875,1125.9566650390625,528.7505493164062,1131.6881103515625,528.4617309570312,1113.482177734375,571.764404296875,1142.100341796875,572.140380859375
1116.22900390625,414.1829833984375,1119.61328125,410.41094970703125,1112.9107666015625,410.24127197265625,1124.513916015625,411.6180725097656,1106.767822265625,411.27392578125,1128.73388671875,431.7576904296875,1093.813720703125,431.4500427246094,1146.8017578125,453.8735046386719,1073.371337890625,455.21246337890625,1163.387451171875,475.298095703125,1065.4122314453125,483.2996520996094,1112.903564453125,482.6219787597656,1093.4447021484375,483.38525390625,1126.7130126953125,525.7114868164062,1118.8853759765625,526.272216796875,1120.0567626953125,568.277099609375,1125.6939697265625,569.9612426757812
1108.541259765625,411.2108154296875,1112.37548828125,407.3608703613281,1105.4993896484375,407.0751953125,1118.718994140625,408.023681640625,1100.239501953125,407.5426940917969,1124.231201171875,427.1961364746094,1088.1622314453125,427.0443420410156,1142.243896484375,449.67291259765625,1070.962158203125,451.69268798828125,1159.0364990234375,470.917236328125,1063.3349609375,480.38299560546875,1108.581787109375,479.2687683105469,1087.6265869140625,479.964111328125,1121.847412109375,522.4323120117188,1109.366455078125,522.8497924804688,1118.0460205078125,563.7144165039062,1116.32080078125,565.0946655273438
1105.719482421875,403.05950927734375,1109.44970703125,399.40179443359375,1102.1527099609375,398.88525390625,1114.05029296875,401.4099426269531,1095.1064453125,400.1177978515625,1119.4031982421875,422.23388671875,1082.0157470703125,421.84228515625,1134.733642578125,444.72613525390625,1063.707763671875,447.7464294433594,1146.6463623046875,461.0790710449219,1055.4515380859375,478.29583740234375,1109.4639892578125,477.92041015625,1087.3634033203125,478.60101318359375,1115.501708984375,523.3245849609375,1101.21630859375,523.3864135742188,1112.02978515625,564.7459716796875,1107.484130859375,565.0078125
1100.09814453125,399.44268798828125,1103.1844482421875,395.57080078125,1096.421875,395.4884948730469,1106.81396484375,396.6969909667969,1089.123291015625,396.4479675292969,1113.5498046875,416.6392822265625,1076.3548583984375,418.14947509765625,1128.56298828125,439.2626953125,1058.33984375,445.27642822265625,1136.917724609375,457.7919616699219,1051.84326171875,477.011474609375,1105.5167236328125,474.0559387207031,1083.142578125,475.5859680175781,1110.004150390625,520.3118896484375,1093.50439453125,521.55224609375,1107.8359375,561.1588745117188,1099.6661376953125,562.7965698242188
1093.1513671875,393.9788818359375,1097.311279296875,389.62274169921875,1089.260498046875,389.2288513183594,1103.0606689453125,392.10614013671875,1081.9417724609375,390.6353759765625,1109.3319091796875,415.5504455566406,1069.70751953125,413.3850402832031,1121.9017333984375,443.4278869628906,1050.132080078125,439.15338134765625,1127.9180908203125,466.1293029785156,1046.7652587890625,464.19366455078125,1099.3121337890625,473.1553955078125,1074.818359375,472.455322265625,1099.5029296875,517.0767822265625,1079.4906005859375,516.595947265625,1100.4775390625,560.89599609375,1083.6705322265625,560.0009155273438
1087.7506103515625,393.2489318847656,1090.9573974609375,389.375,1084.148193359375,389.2665710449219,1096.1173095703125,390.7226257324219,1077.2939453125,390.4075927734375,1103.656005859375,413.28228759765625,1065.936279296875,412.73553466796875,1115.9986572265625,438.94061279296875,1050.878173828125,440.0829162597656,1121.86669921875,461.16668701171875,1044.7701416015625,467.795166015625,1092.0447998046875,472.09417724609375,1068.333740234375,471.7021179199219,1096.8558349609375,518.4986572265625,1068.9322509765625,517.5140380859375,1100.1728515625,563.9356689453125,1072.707275390625,562.9278564453125
1079.450439453125,392.91961669921875,1083.823974609375,388.4632873535156,1076.078125,387.7803039550781,1089.9083251953125,390.82763671875,1069.7420654296875,388.9190673828125,1096.458251953125,414.533447265625,1058.3426513671875,412.273681640625,1108.32958984375,443.2198486328125,1043.336181640625,439.8168640136719,1111.49853515625,470.6875305175781,1041.179931640625,468.579345703125,1084.818359375,471.247314453125,1059.6142578125,470.1490478515625,1091.6826171875,516.0009765625,1053.542724609375,515.3299560546875,1095.3731689453125,558.3328857421875,1050.8531494140625,557.4742431640625
1071.060302734375,395.37890625,1074.97216796875,390.71112060546875,1067.3961181640625,390.55584716796875,1081.1121826171875,392.58233642578125,1061.397705078125,392.2210693359375,1089.342529296875,416.08331298828125,1051.68310546875,415.622802734375,1102.127685546875,444.2528076171875,1036.690185546875,443.58392333984375,1105.30224609375,471.73284912109375,1034.583740234375,471.1666259765625,1079.9998779296875,473.0336608886719,1054.7794189453125,472.59783935546875,1088.297607421875,516.4765014648438,1044.067626953125,516.1386108398438,1089.03857421875,559.025390625,1035.1429443359375,558.8374633789062
1065.107177734375,398.39459228515625,1068.650146484375,394.276611328125,1061.1416015625,394.30322265625,1075.1868896484375,395.5594482421875,1054.8912353515625,395.55126953125,1085.7965087890625,420.8072204589844,1046.397705078125,418.4989013671875,1092.6719970703125,450.86578369140625,1033.766357421875,446.91851806640625,1093.312255859375,477.5745849609375,1026.71630859375,477.66558837890625,1075.9832763671875,481.2734069824219,1048.069091796875,479.1528625488281,1082.859375,521.0723876953125,1029.641357421875,517.4664916992188,1086.3946533203125,562.8114013671875,1017.1522216796875,556.735595703125
1057.4896240234375,403.3836669921875,1061.188232421875,399.5404357910156,1054.1519775390625,399.26068115234375,1068.0723876953125,400.77191162109375,1048.78759765625,400.0511169433594,1079.199462890625,423.86328125,1038.4658203125,421.41241455078125,1085.5648193359375,453.6913146972656,1028.551513671875,450.1870422363281,1086.2532958984375,480.28997802734375,1020.840576171875,482.9368896484375,1068.7498779296875,482.2116394042969,1038.931396484375,479.7122497558594,1078.3955078125,522.5033569335938,1016.1402587890625,518.8951416015625,1081.7767333984375,560.7548828125,999.8751220703125,555.3289184570312
1047.0634765625,405.61083984375,1050.92431640625,401.73809814453125,1043.508056640625,401.5256652832031,1058.7491455078125,402.8315734863281,1038.618896484375,402.18157958984375,1069.3282470703125,427.0439758300781,1032.9222412109375,423.2115478515625,1072.721923828125,457.2630615234375,1023.55419921875,448.92095947265625,1074.783447265625,482.2222595214844,1012.6513671875,475.22747802734375,1061.80078125,484.2388916015625,1033.986572265625,480.9196472167969,1074.6484375,523.2899780273438,1006.8681640625,518.1986083984375,1083.640625,564.9959716796875,988.6695556640625,556.832763671875
1039.5634765625,404.4277038574219,1042.900390625,400.320068359375,1035.4940185546875,400.49737548828125,1049.261962890625,401.33819580078125,1029.7615966796875,401.59906005859375,1061.634765625,426.25689697265625,1022.3448486328125,423.0943603515625,1068.105224609375,458.06988525390625,1010.5755615234375,448.8260498046875,1071.7188720703125,487.21929931640625,999.96044921875,474.3594970703125,1055.081298828125,485.662841796875,1024.88671875,482.7530822753906,1070.257080078125,522.5798950195312,996.671630859375,518.3013916015625,1083.576416015625,564.7109375,980.5892944335938,557.4273681640625
1027.856689453125,401.99713134765625,1030.926025390625,398.031982421875,1023.8634033203125,398.0191955566406,1036.4407958984375,398.55084228515625,1017.3778076171875,398.55145263671875,1047.7218017578125,421.8179931640625,1009.8978881835938,419.2226257324219,1058.1065673828125,452.1932373046875,1000.638671875,444.54071044921875,1063.0469970703125,480.0245361328125,994.2607421875,469.7622985839844,1044.0845947265625,479.05963134765625,1015.3496704101562,477.5397033691406,1062.64892578125,517.6453857421875,991.4159545898438,514.4766845703125,1085.2718505859375,560.5599365234375,984.67822265625,554.1882934570312
1016.37109375,396.76544189453125,1019.1524047851562,392.7454833984375,1011.9999389648438,392.9920654296875,1023.7410278320312,393.8504333496094,1004.9273071289062,394.4695129394531,1036.44677734375,418.404052734375,996.6146240234375,416.70050048828125,1047.72021484375,448.5152587890625,988.4619140625,442.4671630859375,1054.6976318359375,478.62298583984375,981.6597290039062,470.0069274902344,1034.8929443359375,476.8482971191406,1004.8342895507812,475.88775634765625,1055.3079833984375,515.97216796875,983.1026000976562,513.2938842773438,1080.6636962890625,558.523681640625,980.7567138671875,552.6018676757812
1003.9930419921875,393.1475830078125,1007.2380981445312,389.06024169921875,1000.1145629882812,389.1371154785156,1012.6607666015625,389.8677978515625,993.725341796875,390.1740417480469,1024.87744140625,412.843994140625,984.47021484375,412.54278564453125,1034.4246826171875,441.36016845703125,978.8834228515625,440.8536376953125,1038.3367919921875,469.6484069824219,975.8970947265625,469.8328857421875,1021.566650390625,472.65289306640625,991.30419921875,472.3463134765625,1041.479736328125,511.28045654296875,975.5352783203125,509.7685546875,1065.5816650390625,554.8234252929688,977.17236328125,550.9992065429688
995.101806640625,386.0671691894531,998.6865234375,382.0864562988281,991.4571533203125,381.90496826171875,1004.3193359375,383.50830078125,985.3634033203125,383.14801025390625,1014.9347534179688,407.97564697265625,974.908935546875,406.715576171875,1025.134765625,438.0006408691406,963.7864990234375,434.54876708984375,1029.369384765625,465.89599609375,954.53564453125,462.71832275390625,1010.5830078125,469.09375,981.6015014648438,468.5343933105469,1029.0142822265625,508.1139221191406,971.210693359375,506.9600830078125,1050.115478515625,553.021240234375,974.3329467773438,551.1915283203125
986.2618408203125,383.0706481933594,989.7630615234375,379.0318603515625,982.50244140625,378.87164306640625,995.0040893554688,380.0898742675781,976.26123046875,379.7760314941406,1005.6264038085938,403.2598571777344,966.95361328125,401.9671630859375,1019.350830078125,431.6410217285156,954.6788330078125,426.4161071777344,1019.21875,456.19708251953125,946.9498901367188,447.957275390625,1002.2092895507812,462.9429016113281,974.744384765625,462.5351257324219,1016.652587890625,503.712158203125,967.6683349609375,503.15771484375,1037.655029296875,550.3621826171875,974.1922607421875,549.7052001953125
980.8868408203125,375.6076354980469,984.4330444335938,371.83837890625,977.4764404296875,371.34027099609375,990.3685913085938,373.286865234375,971.2359619140625,372.0831298828125,999.310546875,396.4404296875,961.859130859375,394.0980224609375,1012.6695556640625,424.6811828613281,948.3828125,417.9345703125,1014.0082397460938,450.51641845703125,938.18994140625,442.3326416015625,996.8560180664062,454.48529052734375,971.8275146484375,453.8909912109375,1005.8776245117188,499.4820556640625,966.55810546875,498.7464599609375,1021.1881103515625,543.728515625,972.3787841796875,543.521240234375
974.2999877929688,367.2102355957031,978.3289794921875,362.6890869140625,970.474609375,362.59344482421875,984.6822509765625,365.074951171875,963.8724975585938,364.6749572753906,992.2708740234375,388.8141174316406,955.8419189453125,387.95867919921875,1003.2799072265625,416.82733154296875,939.2858276367188,413.95416259765625,1005.813720703125,438.056396484375,933.0477294921875,436.6591796875,987.2598876953125,446.4531555175781,963.8380126953125,446.12158203125,991.3323974609375,492.02099609375,962.6453247070312,491.60357666015625,999.642822265625,539.3058471679688,967.839599609375,538.2284545898438
966.421630859375,366.3547668457031,970.0367431640625,361.6782531738281,963.1309814453125,361.9061279296875,976.654541015625,362.8897705078125,957.70849609375,363.46087646484375,985.6214599609375,385.04498291015625,949.7092895507812,385.06842041015625,996.6985473632812,413.446533203125,931.9248046875,411.23876953125,997.152587890625,436.82745361328125,924.2227783203125,435.8643493652344,978.61279296875,442.048828125,956.066650390625,441.977294921875,979.7518310546875,489.53814697265625,954.830078125,489.2899475097656,986.344970703125,537.4862060546875,960.23095703125,536.5497436523438
957.2642822265625,365.15020751953125,960.8421630859375,360.42626953125,954.3477783203125,360.4659423828125,968.63916015625,361.365478515625,949.426513671875,361.658203125,979.7325439453125,382.915771484375,941.8482666015625,382.666259765625,993.63232421875,410.8715515136719,926.4639892578125,408.780517578125,990.8102416992188,438.2119140625,919.035400390625,436.1829528808594,969.8685302734375,440.1881103515625,945.50146484375,439.48822021484375,969.5487670898438,486.131103515625,941.390869140625,485.4970703125,973.0325317382812,528.7816772460938,943.464599609375,527.469482421875
949.879638671875,363.78387451171875,953.635009765625,359.2055969238281,947.2694091796875,359.1114807128906,961.5513916015625,360.3155517578125,943.177490234375,360.32269287109375,971.6646728515625,381.8744201660156,936.9161376953125,381.29547119140625,984.1195678710938,409.810546875,922.479248046875,407.33563232421875,982.0445556640625,433.88995361328125,915.6392822265625,431.193115234375,961.2120361328125,438.1284484863281,938.9320678710938,437.2315979003906,960.728515625,484.9853210449219,933.5350341796875,484.19256591796875,962.991455078125,530.1256103515625,933.1279907226562,528.740234375
943.1607055664062,367.43133544921875,946.3040771484375,362.81976318359375,940.2105102539062,363.1988525390625,953.605712890625,363.8892822265625,935.8658447265625,365.1698913574219,964.103271484375,386.02825927734375,931.0903930664062,386.60107421875,976.1596069335938,413.00396728515625,916.3478393554688,411.8572082519531,973.3724365234375,436.46124267578125,906.736083984375,434.7962951660156,954.7742919921875,441.196044921875,933.572021484375,440.69110107421875,952.777587890625,485.67877197265625,925.3980102539062,485.1322021484375,953.6868896484375,528.1522216796875,922.260498046875,527.1339721679688
935.7647094726562,369.08935546875,939.2657470703125,365.33404541015625,932.572998046875,364.9179382324219,946.2015380859375,367.29931640625,927.9525146484375,366.2427978515625,955.7440795898438,390.9639587402344,923.0150756835938,388.15765380859375,969.3995361328125,419.34600830078125,912.0770874023438,413.784423828125,967.1226196289062,445.00836181640625,904.7139892578125,441.27728271484375,949.7931518554688,443.65911865234375,927.7095947265625,441.0687255859375,943.8656616210938,487.4440612792969,906.8117065429688,483.8052062988281,946.825439453125,530.894287109375,899.5994873046875,525.1075439453125
929.142333984375,374.5777587890625,932.5643310546875,370.5592346191406,925.0283203125,370.4748229980469,939.0620727539062,372.0896301269531,918.8770751953125,371.809326171875,949.7135009765625,396.4115295410156,913.922607421875,393.6790771484375,961.9736328125,425.3753662109375,903.9819946289062,419.983154296875,960.0195922851562,450.88861083984375,896.0823974609375,450.59710693359375,943.77783203125,452.68402099609375,918.552978515625,449.7451171875,943.7630615234375,493.8470764160156,893.25341796875,488.93896484375,947.544921875,535.5096435546875,881.12158203125,527.1517333984375
916.6512451171875,381.7874755859375,920.3231201171875,377.477294921875,913.2665405273438,377.5036926269531,928.6568603515625,378.9463806152344,909.6604614257812,379.25140380859375,941.7713012695312,404.13616943359375,905.2442626953125,402.17315673828125,953.4986572265625,433.43389892578125,897.6064453125,427.997314453125,951.7853393554688,459.7121887207031,891.967041015625,457.9212646484375,935.4820556640625,462.33099365234375,908.8375854492188,460.16668701171875,939.1263427734375,501.09808349609375,882.5198364257812,497.066162109375,940.4503784179688,539.9522705078125,868.30908203125,532.6260375976562
907.9913330078125,385.46124267578125,911.7333984375,381.47222900390625,904.802001953125,381.4093322753906,920.372802734375,382.91864013671875,901.35302734375,382.82171630859375,932.4517822265625,406.0009460449219,898.5738525390625,404.72222900390625,945.3582763671875,432.9601135253906,890.3394775390625,432.5113525390625,946.1826782226562,456.3919677734375,883.4383544921875,462.3822326660156,926.0802001953125,462.24139404296875,901.5252685546875,459.8350830078125,927.623291015625,499.3948059082031,874.6829223632812,495.2317199707031,940.7965087890625,539.99169921875,867.6656494140625,532.8004760742188
903.9783325195312,388.4684143066406,907.0909423828125,384.6248779296875,900.7146606445312,384.75469970703125,913.7506103515625,385.7904968261719,896.6112060546875,386.1383972167969,925.3924560546875,407.0782470703125,892.1771850585938,407.38116455078125,938.253662109375,432.12896728515625,884.2875366210938,435.47100830078125,941.5555419921875,454.9889831542969,876.9302978515625,465.28778076171875,920.7661743164062,459.13446044921875,896.407470703125,457.7820739746094,924.517578125,494.393798828125,870.2525024414062,491.7022705078125,938.73583984375,537.8577880859375,863.318359375,532.7677001953125
901.6435546875,385.9278564453125,905.0286254882812,382.0535888671875,898.102783203125,382.0641174316406,911.8511352539062,383.42474365234375,892.9605712890625,383.43572998046875,924.24365234375,405.9267578125,886.1591796875,405.4529113769531,936.39794921875,432.2464599609375,878.6414794921875,433.75311279296875,941.62451171875,457.2115173339844,873.239013671875,464.69403076171875,918.8260498046875,458.6737060546875,891.1273193359375,457.25347900390625,927.58154296875,492.48681640625,868.601806640625,489.6019287109375,939.1943359375,535.350341796875,861.5388793945312,530.0584106445312
901.554443359375,381.880859375,904.847900390625,377.90185546875,897.5914306640625,378.0065002441406,911.2021484375,379.058349609375,891.4005126953125,379.1287536621094,923.5107421875,401.4315490722656,883.0742797851562,401.467041015625,932.5606689453125,427.05950927734375,875.7145385742188,430.6175537109375,938.2190551757812,450.8740234375,869.8560791015625,463.1445007324219,919.5536499023438,454.73126220703125,890.36474609375,453.78314208984375,929.9613647460938,490.693603515625,869.7733154296875,488.4143371582031,936.1944580078125,533.6392822265625,860.1734619140625,529.685791015625
903.3431396484375,373.0419616699219,906.5797119140625,368.97662353515625,899.023681640625,369.121826171875,912.275634765625,370.27337646484375,891.8237915039062,370.31732177734375,923.3388061523438,392.6150207519531,883.529541015625,393.0308532714844,931.1549072265625,418.63897705078125,876.2681884765625,423.7843017578125,932.7973022460938,440.72198486328125,874.5214233398438,455.49560546875,920.85498046875,445.20684814453125,891.9896240234375,444.56695556640625,930.5963745117188,481.66162109375,871.7431640625,479.8800048828125,937.1324462890625,525.7557373046875,862.4859008789062,522.7797241210938
905.2073974609375,365.44085693359375,908.04345703125,361.2366943359375,900.876708984375,361.6800537109375,913.470947265625,361.8174133300781,893.7520751953125,362.4755859375,924.8917236328125,383.6390075683594,885.7811279296875,384.3135681152344,931.3767700195312,411.1062927246094,877.218505859375,415.18994140625,931.1233520507812,433.66943359375,877.1905517578125,444.8583984375,923.048583984375,437.55645751953125,894.5574951171875,437.0567626953125,932.8245849609375,478.0690612792969,874.4688720703125,476.58984375,938.1428833007812,522.78955078125,862.1072998046875,520.54638671875
909.2064208984375,357.2621154785156,912.332275390625,353.0040283203125,904.7924194335938,353.3624267578125,918.0570068359375,353.5513916015625,897.38427734375,353.9957275390625,927.5531005859375,375.5748291015625,889.5345458984375,376.25445556640625,933.7762451171875,402.7751770019531,879.19140625,407.17547607421875,931.96044921875,424.65887451171875,879.8861083984375,436.0223388671875,923.5299682617188,431.699462890625,896.187744140625,431.2822265625,932.326904296875,473.6190185546875,878.4743041992188,472.65093994140625,936.0661010742188,516.8156127929688,865.46826171875,515.8449096679688
910.5347900390625,350.11236572265625,914.0916748046875,346.1139221191406,906.86181640625,346.1186828613281,920.33203125,347.4945068359375,900.52099609375,347.25653076171875,930.020751953125,367.89300537109375,890.1996459960938,368.71441650390625,936.3402099609375,394.98291015625,879.333740234375,398.005615234375,931.767578125,418.8736572265625,884.168212890625,424.5462341308594,926.975341796875,422.9390869140625,898.893310546875,423.0821533203125,933.2012329101562,466.1451416015625,883.3140869140625,466.707275390625,935.4085693359375,510.9357604980469,875.150634765625,512.4000244140625
915.665771484375,342.0879821777344,919.1405639648438,338.2206115722656,911.5498046875,338.2706604003906,924.469482421875,341.23468017578125,904.3427734375,340.95257568359375,932.4482421875,364.00341796875,893.3740234375,364.10662841796875,938.9100341796875,391.84552001953125,879.5381469726562,391.49346923828125,935.435302734375,417.3067626953125,885.7938232421875,413.503173828125,928.8173217773438,417.0965881347656,901.5567626953125,417.2018737792969,935.163818359375,458.80194091796875,887.8717041015625,459.8890686035156,936.62255859375,503.1195373535156,879.458984375,506.0164489746094
918.9351806640625,341.93768310546875,922.3494873046875,337.95916748046875,914.97509765625,338.0409240722656,927.9677734375,340.3728332519531,907.7392578125,340.2768859863281,935.4131469726562,361.92083740234375,896.565673828125,362.5214538574219,943.675537109375,388.233154296875,882.4400024414062,388.23529052734375,939.1795654296875,410.3718566894531,891.7882690429688,406.0491027832031,930.5247802734375,413.2755432128906,903.052734375,414.1474609375,939.314453125,452.84857177734375,890.278076171875,455.0184631347656,939.9190063476562,495.4110107421875,880.455810546875,500.03887939453125
923.6451416015625,341.7737731933594,926.8196411132812,338.068359375,920.023681640625,338.01788330078125,931.3515625,340.207275390625,913.0518798828125,339.7744445800781,936.75439453125,360.41253662109375,900.93994140625,360.7420654296875,945.505126953125,382.2799987792969,886.3609619140625,384.07403564453125,948.1834716796875,395.07940673828125,894.34375,398.32763671875,928.635498046875,413.2107238769531,903.1666259765625,414.0451354980469,941.342041015625,454.45697021484375,894.2470092773438,455.93707275390625,943.3991088867188,495.5028991699219,881.974853515625,498.83001708984375
925.5150146484375,340.854248046875,928.605712890625,337.2345275878906,921.9410400390625,337.325927734375,933.9298095703125,339.58154296875,915.3822021484375,339.8681945800781,941.3349609375,359.91796875,905.8599853515625,363.0723876953125,956.909423828125,375.0350646972656,892.77490234375,388.7635498046875,962.8617553710938,372.595458984375,897.2319946289062,399.96527099609375,933.313232421875,414.99603271484375,907.897705078125,416.349609375,944.7139892578125,456.8099670410156,895.746826171875,457.9485168457031,946.2661743164062,497.3829345703125,879.5185546875,498.5038146972656
931.9037475585938,345.0520324707031,934.9140625,340.9991760253906,927.6688232421875,341.43603515625,938.25390625,342.6986999511719,919.6553955078125,343.7293395996094,942.3330688476562,362.07421875,908.6123046875,367.0433349609375,950.947998046875,385.10223388671875,906.6058349609375,395.2364501953125,946.085693359375,388.2637939453125,925.3472900390625,399.4582214355469,934.3258056640625,417.890380859375,908.483154296875,421.22747802734375,949.1158447265625,457.9426574707031,897.3455810546875,463.3909606933594,948.807373046875,491.80072021484375,877.49462890625,501.6083679199219
935.7623291015625,344.833984375,938.1488037109375,340.9092712402344,931.8392944335938,341.44915771484375,940.37548828125,342.6615295410156,924.4991455078125,344.19464111328125,944.711669921875,362.379150390625,914.8907470703125,368.524169921875,956.3285522460938,381.0687255859375,917.52490234375,397.454345703125,958.0142211914062,370.9820556640625,937.9876708984375,393.2108154296875,937.0545043945312,417.7987060546875,913.1671142578125,421.3057861328125,953.2647705078125,458.0179443359375,900.1587524414062,462.9771423339844,954.3626708984375,493.25128173828125,877.7379150390625,501.1683349609375
941.0454711914062,338.4437561035156,944.1629638671875,334.2429504394531,936.8351440429688,334.76470947265625,947.810546875,336.78173828125,929.7044677734375,337.67364501953125,948.328857421875,358.48480224609375,921.700927734375,362.29010009765625,953.32958984375,385.8731689453125,925.7325439453125,394.2425537109375,954.4847412109375,383.6376953125,952.4857177734375,387.68804931640625,938.2772827148438,416.8413391113281,916.6583251953125,418.7192687988281,953.9398193359375,458.5060729980469,904.0335693359375,462.42291259765625,953.4576416015625,490.4187927246094,877.96240234375,498.5408935546875
947.7753295898438,337.11993408203125,950.1705322265625,333.1158447265625,943.3890380859375,333.5797424316406,952.2740478515625,335.72955322265625,935.72705078125,336.0986328125,951.5625,356.26263427734375,929.6087646484375,357.952392578125,957.9481201171875,380.40252685546875,931.9200439453125,384.46356201171875,963.0554809570312,373.88037109375,954.6834716796875,377.466064453125,944.80029296875,414.3322448730469,926.745361328125,415.19732666015625,959.7615966796875,455.6569519042969,916.4522094726562,457.6767883300781,951.2156982421875,486.56976318359375,880.8231201171875,491.9603271484375
956.7680053710938,336.3787841796875,958.1471557617188,332.38177490234375,951.9812622070312,333.1264343261719,956.8681640625,335.5887451171875,943.2528076171875,336.6690673828125,954.1727294921875,355.3010559082031,938.5325317382812,358.8886413574219,962.5184326171875,376.2578125,946.4420166015625,383.84942626953125,971.1912841796875,366.37701416015625,967.2557373046875,373.87127685546875,948.329833984375,415.5379638671875,934.426025390625,417.3959655761719,964.1702270507812,457.6974792480469,926.7511596679688,460.98809814453125,949.312744140625,485.4652404785156,884.1866455078125,492.5150146484375
964.808837890625,333.5770263671875,965.3692626953125,329.5062255859375,960.54052734375,330.3565673828125,961.8565673828125,332.3705139160156,953.222412109375,333.8482666015625,958.0357666015625,351.4703063964844,949.0384521484375,355.98675537109375,966.3400268554688,373.07244873046875,959.9624633789062,383.3026123046875,982.2353515625,361.07244873046875,982.865478515625,373.0072021484375,953.113037109375,411.8044738769531,943.8004760742188,414.2438049316406,970.06396484375,454.3572998046875,938.0839233398438,457.8599853515625,950.6876220703125,484.08599853515625,892.8762817382812,490.47869873046875
973.1801147460938,328.50189208984375,972.2666015625,323.6578369140625,968.2947998046875,325.0179748535156,965.059814453125,325.322265625,957.279296875,327.79327392578125,964.0723876953125,343.3309631347656,951.5465698242188,352.51068115234375,977.6746826171875,365.94189453125,965.4907836914062,385.0888366699219,988.349853515625,353.7547302246094,984.180419921875,368.00665283203125,958.0355224609375,411.9383239746094,948.332763671875,416.58380126953125,967.4778442382812,454.6114501953125,946.3185424804688,462.2688903808594,939.8054809570312,483.277587890625,906.2222900390625,496.77386474609375
977.02783203125,327.37506103515625,975.2733764648438,322.60211181640625,973.1171264648438,323.6995544433594,965.66259765625,324.938232421875,965.2179565429688,326.98858642578125,963.1519775390625,344.03265380859375,960.631103515625,350.03643798828125,976.302490234375,366.9786071777344,977.3530883789062,378.35235595703125,989.2525634765625,356.8935241699219,993.9168701171875,363.7369384765625,960.8780517578125,402.25213623046875,958.2848510742188,405.642578125,968.477294921875,445.85052490234375,960.7669677734375,450.84210205078125,946.3020629882812,475.6257019042969,932.6746215820312,484.4200744628906
982.7962646484375,317.5859375,985.3297119140625,312.6961669921875,978.6648559570312,312.9752197265625,986.5108642578125,315.5504150390625,972.8402709960938,315.95318603515625,983.1314697265625,337.03070068359375,970.98974609375,340.3809509277344,995.33056640625,364.0970764160156,985.9852294921875,370.5693359375,1001.8987426757812,361.535888671875,1002.076904296875,364.3362121582031,974.14111328125,389.47613525390625,965.8291625976562,391.3785400390625,978.0682373046875,436.2630615234375,971.9415283203125,439.9425048828125,960.284912109375,470.83355712890625,951.2679443359375,478.8071594238281
994.55859375,319.4224548339844,991.9248046875,314.63934326171875,990.241455078125,315.4080505371094,979.1912841796875,317.76458740234375,979.8822021484375,318.6536865234375,970.2708740234375,338.79443359375,981.0006103515625,341.6841125488281,985.5624389648438,365.7867431640625,998.7646484375,370.091064453125,1004.720947265625,355.24188232421875,1011.341552734375,356.9002990722656,966.9168701171875,397.18048095703125,973.4910278320312,399.0791931152344,984.7283935546875,443.0986633300781,986.326904296875,445.6033935546875,961.16650390625,471.55975341796875,946.6673583984375,478.0390625
993.06884765625,320.41009521484375,989.0982666015625,315.71612548828125,991.5303955078125,316.7716979980469,975.317138671875,318.49200439453125,989.3464965820312,320.34271240234375,965.5631103515625,340.66668701171875,991.9881591796875,343.3388671875,963.2833251953125,369.21820068359375,1001.2249755859375,372.123291015625,976.3082885742188,373.609619140625,1011.29150390625,377.12847900390625,967.725830078125,399.01611328125,986.3603515625,400.90924072265625,977.6241455078125,440.0775146484375,999.806396484375,441.89703369140625,956.4683837890625,471.192138671875,975.0059814453125,474.9407958984375
1004.0745849609375,319.81500244140625,998.7108154296875,314.8000183105469,1001.4835205078125,315.2764892578125,980.074462890625,317.2537841796875,995.635986328125,318.0096740722656,969.233154296875,342.027099609375,1001.518310546875,342.679931640625,966.618408203125,372.6693420410156,1011.161865234375,372.22430419921875,973.7858276367188,379.71142578125,1015.0736083984375,377.92987060546875,973.3196411132812,404.0128173828125,997.541259765625,404.5965576171875,972.74853515625,436.18707275390625,1012.3419799804688,436.5235595703125,953.4195556640625,475.51959228515625,1004.3656005859375,476.818603515625
1004.9910888671875,316.4848937988281,999.8475952148438,311.6946716308594,1002.8204345703125,312.7104187011719,982.8118896484375,315.237060546875,999.424560546875,316.501953125,975.557861328125,339.041015625,1003.5654296875,341.2452392578125,981.784423828125,365.67584228515625,1018.37548828125,370.59576416015625,997.09912109375,373.11895751953125,1027.861083984375,379.29595947265625,979.6832885742188,396.13592529296875,1002.701904296875,397.65313720703125,977.8568115234375,437.44488525390625,1023.7147216796875,438.095947265625,958.437744140625,472.9708557128906,1022.146484375,474.1651611328125
1019.650634765625,319.523681640625,1015.4276123046875,314.42620849609375,1015.6386108398438,315.12969970703125,997.7990112304688,316.9779968261719,1006.6045532226562,317.4788818359375,985.6327514648438,340.24957275390625,1014.5360107421875,341.4170837402344,986.744140625,369.0145568847656,1031.5487060546875,369.69891357421875,993.1909790039062,375.1761474609375,1031.04443359375,375.5331115722656,986.434326171875,398.39044189453125,1010.6571044921875,399.959228515625,981.52783203125,436.9051208496094,1035.41357421875,437.88714599609375,962.7401733398438,472.825927734375,1039.8856201171875,476.184326171875
1021.7667236328125,319.94561767578125,1019.7054443359375,315.5556640625,1018.0017700195312,315.9805908203125,1008.0523681640625,318.3606262207031,1012.390869140625,318.26068115234375,998.8236083984375,341.3916931152344,1018.639404296875,339.3248291015625,1003.31005859375,365.8812255859375,1033.73388671875,358.01171875,1017.4105224609375,361.63018798828125,1037.596435546875,350.60113525390625,996.5372314453125,400.5790100097656,1016.380615234375,400.5184326171875,982.070068359375,442.27911376953125,1041.5635986328125,440.85418701171875,964.1146240234375,476.78094482421875,1057.73046875,476.232177734375
1027.5595703125,318.9121398925781,1025.361572265625,314.99456787109375,1025.211181640625,315.4037170410156,1013.850830078125,319.4804382324219,1022.1564331054688,319.7939147949219,1004.311767578125,344.69940185546875,1026.871826171875,340.91461181640625,999.4934692382812,361.896240234375,1047.382568359375,346.8876647949219,1005.1669921875,363.16204833984375,1059.3681640625,334.6397399902344,1003.81640625,403.6423645019531,1024.6806640625,402.2430725097656,988.682861328125,441.87725830078125,1054.62939453125,439.3041687011719,967.4432373046875,478.062744140625,1074.8134765625,475.22125244140625
1031.818603515625,322.2015686035156,1032.8828125,318.38299560546875,1027.812255859375,318.2977294921875,1029.885009765625,322.35223388671875,1020.97265625,321.47283935546875,1029.2802734375,345.17791748046875,1016.5072631835938,344.8489990234375,1041.0584716796875,364.164306640625,1015.125244140625,369.16680908203125,1056.381591796875,373.3017883300781,1014.9954833984375,390.6182556152344,1027.5555419921875,403.8194580078125,1024.6085205078125,403.8928527832031,1014.35498046875,443.8484802246094,1041.02294921875,442.60736083984375,994.6558837890625,479.37384033203125,1047.238525390625,477.5261535644531
1039.84619140625,324.1640625,1037.2705078125,320.66070556640625,1038.08935546875,320.7561340332031,1025.93896484375,325.74749755859375,1032.8465576171875,325.5453186035156,1016.6363525390625,352.6556396484375,1040.1513671875,345.7940673828125,1003.663330078125,383.25714111328125,1075.570068359375,352.67535400390625,998.09814453125,408.67510986328125,1108.8466796875,341.5740966796875,1024.9493408203125,406.62872314453125,1043.062255859375,404.18157958984375,1011.390625,445.2279052734375,1067.20556640625,443.0243225097656,982.19775390625,479.3822021484375,1069.9844970703125,478.32110595703125
1042.8912353515625,323.53814697265625,1044.099365234375,319.9665832519531,1038.38916015625,319.8523254394531,1042.4630126953125,323.8743896484375,1030.0277099609375,322.656005859375,1044.6759033203125,344.46087646484375,1021.69482421875,345.27935791015625,1076.8218994140625,356.63323974609375,1010.6801147460938,370.0252990722656,1115.54150390625,356.26190185546875,1004.25146484375,391.513916015625,1043.926513671875,404.0329284667969,1030.0999755859375,404.8843688964844,1062.080078125,443.69537353515625,1041.24462890625,442.4929504394531,1053.17822265625,478.75714111328125,1018.9112548828125,475.7113952636719
1049.2662353515625,319.891357421875,1047.308837890625,316.1351623535156,1045.9345703125,316.2596740722656,1035.8187255859375,320.738037109375,1037.69873046875,320.18780517578125,1024.111328125,345.98895263671875,1042.670654296875,343.4488220214844,1014.2623901367188,374.8741149902344,1076.875732421875,366.1343078613281,1018.9579467773438,390.109375,1110.9775390625,379.6278991699219,1031.947509765625,403.23077392578125,1046.514892578125,402.95458984375,1030.793701171875,441.960205078125,1073.980712890625,440.104248046875,999.1005249023438,474.89117431640625,1067.744873046875,473.4919738769531
1052.8797607421875,318.7102355957031,1048.899169921875,314.46051025390625,1050.3758544921875,315.1263122558594,1033.539794921875,317.03350830078125,1042.03076171875,317.7684326171875,1022.0228271484375,340.08026123046875,1044.85888671875,339.84417724609375,1010.574951171875,370.0040588378906,1066.1258544921875,366.828125,1013.1805419921875,386.0819091796875,1092.2476806640625,384.7601623535156,1030.1907958984375,396.39129638671875,1046.0516357421875,397.25042724609375,1041.26708984375,438.3177795410156,1067.6435546875,437.5743408203125,1027.479736328125,473.5930480957031,1060.96923828125,473.6315002441406
1054.77587890625,315.19769287109375,1050.8734130859375,310.77239990234375,1052.13427734375,311.4582214355469,1035.2647705078125,313.9027099609375,1043.546875,314.7459716796875,1022.4354248046875,338.2019348144531,1045.1234130859375,339.2610168457031,1011.1785278320312,370.38104248046875,1058.24560546875,370.6279296875,1011.7425537109375,390.3932189941406,1076.5234375,395.81231689453125,1031.052001953125,395.9978942871094,1045.413330078125,397.7820739746094,1054.1048583984375,436.3643798828125,1064.91259765625,436.9093017578125,1045.731689453125,469.3455505371094,1049.21533203125,470.76495361328125
1052.9097900390625,314.3475341796875,1052.051513671875,310.038818359375,1050.080810546875,310.46270751953125,1039.114501953125,312.38189697265625,1044.27197265625,312.49139404296875,1032.9959716796875,334.04180908203125,1040.745361328125,335.5428466796875,1033.06689453125,362.876953125,1038.510009765625,365.6434326171875,1046.4891357421875,387.67498779296875,1044.523193359375,390.8125305175781,1040.0966796875,390.80133056640625,1046.093505859375,392.1474609375,1050.07666015625,428.80059814453125,1057.7518310546875,429.5964660644531,1047.033935546875,465.1669006347656,1055.885986328125,467.2861633300781
1054.765625,311.9197998046875,1055.6318359375,307.9813537597656,1050.840576171875,308.1335144042969,1052.68310546875,310.299072265625,1041.73291015625,309.87261962890625,1051.12255859375,330.37042236328125,1033.2926025390625,332.5250244140625,1059.948486328125,348.59393310546875,1024.853515625,361.44085693359375,1063.851806640625,357.19781494140625,1026.2574462890625,390.8507080078125,1051.3232421875,386.5293273925781,1043.680908203125,387.77294921875,1050.541015625,430.97698974609375,1064.121337890625,431.1098327636719,1039.8597412109375,469.4638366699219,1069.5233154296875,470.1522216796875
1057.19287109375,314.72503662109375,1058.6199951171875,310.724609375,1053.15673828125,310.5830383300781,1056.2620849609375,313.64141845703125,1044.3233642578125,312.50714111328125,1051.0736083984375,333.58380126953125,1038.7679443359375,337.1571350097656,1058.99609375,344.8238220214844,1033.0380859375,369.31011962890625,1060.833251953125,342.8493347167969,1034.12060546875,408.41375732421875,1049.65673828125,393.0042724609375,1045.9034423828125,394.47808837890625,1047.83154296875,438.92364501953125,1069.786865234375,438.0270080566406,1036.85400390625,475.09771728515625,1075.399169921875,472.6090393066406
1053.7105712890625,317.0712890625,1055.2645263671875,313.8460693359375,1050.624755859375,313.0721435546875,1054.220458984375,318.54327392578125,1042.507080078125,315.90740966796875,1051.2969970703125,336.61627197265625,1033.947998046875,338.37939453125,1059.9091796875,333.614501953125,1023.2236328125,359.72955322265625,1052.35498046875,310.1310119628906,1020.0906982421875,388.4361877441406,1048.7237548828125,394.08917236328125,1040.8262939453125,394.35528564453125,1051.24755859375,438.94671630859375,1068.30419921875,436.2732238769531,1038.2874755859375,475.7626647949219,1069.475830078125,470.5069885253906
1060.013427734375,322.72528076171875,1060.427978515625,318.4670104980469,1056.447998046875,318.869384765625,1051.03955078125,320.00140380859375,1047.304443359375,320.1802978515625,1044.220703125,340.593505859375,1037.2943115234375,341.5199890136719,1039.120849609375,368.25726318359375,1022.1920166015625,368.674560546875,1049.1522216796875,393.455810546875,1021.1700439453125,397.1885986328125,1045.994140625,395.18804931640625,1042.026123046875,396.59234619140625,1055.7933349609375,431.0723876953125,1054.101318359375,432.1211242675781,1054.1121826171875,467.8956298828125,1052.5732421875,469.97735595703125
1062.0810546875,321.28265380859375,1062.884765625,317.1868896484375,1058.22607421875,317.49981689453125,1059.151611328125,318.875,1048.5106201171875,318.6402282714844,1055.876708984375,339.3284912109375,1036.0133056640625,339.1514892578125,1058.3427734375,365.60565185546875,1018.0537719726562,365.5921630859375,1069.16357421875,387.43548583984375,1017.63134765625,390.81884765625,1052.3857421875,393.275390625,1040.642333984375,394.2106018066406,1058.9586181640625,430.5723876953125,1052.330810546875,431.46820068359375,1055.3653564453125,469.6649169921875,1050.7410888671875,471.462158203125
1058.4276123046875,317.09783935546875,1059.683837890625,312.95379638671875,1054.6934814453125,313.3804931640625,1058.374267578125,314.4148864746094,1045.99853515625,314.8942565917969,1057.32470703125,334.83026123046875,1035.720703125,335.30609130859375,1065.91650390625,357.19427490234375,1021.6124267578125,357.742431640625,1079.6824951171875,370.736572265625,1022.3692016601562,373.7800598144531,1052.34228515625,393.09393310546875,1039.4114990234375,394.09259033203125,1055.910400390625,433.77227783203125,1049.07666015625,434.3313903808594,1052.093994140625,473.87353515625,1045.931884765625,475.5467834472656
1056.1748046875,315.5128173828125,1057.9075927734375,311.3625183105469,1052.3082275390625,311.71087646484375,1059.077392578125,313.1661376953125,1043.8402099609375,313.299072265625,1061.318359375,334.0634765625,1030.9703369140625,334.06640625,1073.25927734375,356.42950439453125,1010.587890625,357.0340576171875,1086.4796142578125,373.25653076171875,1007.4217529296875,376.4669189453125,1055.8475341796875,391.87542724609375,1037.888916015625,392.59808349609375,1055.929931640625,433.35992431640625,1045.1107177734375,433.9871520996094,1052.7742919921875,472.4132995605469,1044.179443359375,473.899658203125
1057.0968017578125,314.7801208496094,1058.9447021484375,310.54852294921875,1053.1297607421875,310.9378662109375,1060.06689453125,312.349853515625,1045.008056640625,312.64019775390625,1063.042236328125,333.84521484375,1031.6434326171875,333.92510986328125,1076.43701171875,356.29730224609375,1010.5888671875,356.906005859375,1090.366455078125,375.40728759765625,1005.168212890625,378.4089660644531,1055.7054443359375,391.32928466796875,1037.3446044921875,391.9280090332031,1053.8597412109375,432.4025573730469,1042.9483642578125,432.94024658203125,1049.2978515625,471.2040710449219,1041.121826171875,472.50860595703125
1057.6767578125,315.10888671875,1059.65576171875,311.5758056640625,1054.47119140625,311.1893615722656,1058.9259033203125,313.66558837890625,1046.4677734375,312.5982666015625,1060.2318115234375,333.69378662109375,1034.6058349609375,333.896728515625,1076.298828125,356.3674621582031,1015.6616821289062,358.56280517578125,1087.209716796875,373.859375,1004.0325927734375,390.1738586425781,1051.462890625,388.575439453125,1038.578857421875,389.375244140625,1041.779296875,434.0199279785156,1047.2501220703125,434.74639892578125,1026.5972900390625,470.6778564453125,1046.5673828125,472.82965087890625
1056.7373046875,318.55218505859375,1058.870849609375,314.2776794433594,1052.7783203125,314.4026184082031,1059.669921875,316.1744384765625,1044.7086181640625,315.817626953125,1060.482666015625,338.4021911621094,1031.2677001953125,337.8507080078125,1071.77978515625,363.2626953125,1012.077880859375,363.5137939453125,1086.2071533203125,387.5450134277344,1008.886962890625,390.1905517578125,1050.9326171875,395.55340576171875,1033.4947509765625,395.7633361816406,1049.3623046875,437.19818115234375,1035.651611328125,437.552978515625,1042.34619140625,474.5975341796875,1029.27734375,476.02728271484375
1054.8968505859375,320.6116943359375,1057.26025390625,316.990966796875,1051.66357421875,316.625732421875,1057.8448486328125,318.69561767578125,1043.936279296875,317.7213134765625,1060.7427978515625,338.68133544921875,1031.8631591796875,338.98016357421875,1074.547607421875,363.84088134765625,1016.16552734375,366.0308837890625,1084.0933837890625,384.3998107910156,1008.255859375,398.309326171875,1053.9046630859375,395.3192138671875,1037.6656494140625,396.094970703125,1048.345703125,443.3934326171875,1042.932373046875,444.22039794921875,1035.301025390625,482.21661376953125,1040.1177978515625,484.53521728515625
1053.3125,328.4779052734375,1055.4808349609375,324.83709716796875,1050.52294921875,324.52630615234375,1057.3963623046875,326.51031494140625,1045.205078125,325.2921142578125,1061.550048828125,346.2628173828125,1034.607666015625,345.5875549316406,1072.7713623046875,370.4057922363281,1019.0364990234375,374.3594970703125,1082.31640625,391.2703857421875,1012.5880126953125,407.40838623046875,1053.88720703125,402.74859619140625,1039.2269287109375,402.2662353515625,1046.7249755859375,448.7445068359375,1040.392578125,447.74969482421875,1033.2508544921875,486.1773376464844,1038.3843994140625,485.2298583984375
1051.0877685546875,339.2088317871094,1053.25537109375,335.2536315917969,1048.0078125,335.3055419921875,1054.7926025390625,336.7478942871094,1042.0816650390625,336.5655212402344,1059.015625,356.6882629394531,1031.5714111328125,356.2198486328125,1069.4180908203125,380.58721923828125,1016.5398559570312,379.7225341796875,1076.337890625,405.4574890136719,1012.7889404296875,406.0399169921875,1049.357666015625,408.9844665527344,1033.208984375,408.68658447265625,1045.7364501953125,447.246337890625,1034.049560546875,447.2086486816406,1040.180908203125,482.105224609375,1031.2666015625,482.5805969238281
1051.54931640625,341.244873046875,1054.50439453125,337.36846923828125,1048.1907958984375,337.2104187011719,1058.629638671875,338.3897705078125,1041.526123046875,337.6775817871094,1063.18603515625,359.0135192871094,1030.424072265625,359.3199462890625,1071.0198974609375,382.35931396484375,1016.065673828125,385.93231201171875,1073.663330078125,405.3478088378906,1012.21484375,414.5791015625,1051.422607421875,414.9537048339844,1032.6383056640625,414.65472412109375,1037.7999267578125,457.4666748046875,1027.6458740234375,457.9120788574219,1019.2442626953125,493.4435119628906,1022.8367919921875,495.78533935546875
1051.999267578125,343.4786376953125,1054.66357421875,339.72930908203125,1048.9456787109375,339.47515869140625,1057.995849609375,340.6694641113281,1042.48876953125,339.674072265625,1062.449951171875,360.77984619140625,1030.5552978515625,360.07415771484375,1068.8492431640625,384.154296875,1016.2662353515625,385.6236877441406,1071.437255859375,407.12738037109375,1012.504150390625,415.10052490234375,1049.993408203125,414.7733459472656,1031.41796875,413.91473388671875,1035.9483642578125,457.0177001953125,1023.7139892578125,456.53338623046875,1018.3881225585938,493.06878662109375,1018.3641357421875,494.0753173828125
1050.0684814453125,343.47381591796875,1053.6129150390625,339.2275695800781,1046.017333984375,339.2375793457031,1057.8271484375,341.66033935546875,1039.4849853515625,341.4901123046875,1061.484619140625,364.1933898925781,1028.5550537109375,363.2771301269531,1068.818603515625,392.0878601074219,1012.734375,389.9268493652344,1066.54150390625,416.9112548828125,1009.8746337890625,416.99969482421875,1048.2279052734375,421.41339111328125,1027.8482666015625,420.6160583496094,1041.249755859375,461.56219482421875,1022.0889892578125,460.6551513671875,1030.9427490234375,498.116943359375,1014.099853515625,498.2498474121094
1047.9852294921875,345.5516052246094,1051.143798828125,341.8779296875,1044.835693359375,341.53955078125,1055.9156494140625,343.33282470703125,1038.88525390625,342.1866455078125,1061.216064453125,364.704833984375,1028.486328125,363.50262451171875,1068.056640625,388.5672912597656,1014.8995971679688,389.47076416015625,1069.720947265625,411.6632995605469,1010.6771850585938,421.0425109863281,1048.76318359375,418.7586669921875,1029.742431640625,417.5020751953125,1033.837646484375,460.9902648925781,1021.5914306640625,459.6512145996094,1019.459228515625,496.1543884277344,1019.748046875,495.6775817871094
1047.6099853515625,346.23638916015625,1050.87109375,342.55462646484375,1044.6473388671875,342.14324951171875,1055.935302734375,343.9376220703125,1039.13671875,342.6368103027344,1060.7342529296875,364.9207763671875,1028.7723388671875,363.549072265625,1067.6839599609375,388.4156799316406,1014.824462890625,388.8761901855469,1070.48779296875,411.1200256347656,1009.7968139648438,419.50653076171875,1047.8978271484375,419.33245849609375,1029.388916015625,418.0732421875,1034.694091796875,462.338623046875,1023.2275390625,461.1346435546875,1019.5966186523438,498.523681640625,1019.8372192382812,498.5032653808594
1047.454833984375,345.23590087890625,1050.7181396484375,341.55126953125,1044.2442626953125,341.18768310546875,1055.571533203125,343.30682373046875,1038.333984375,342.1532287597656,1061.03564453125,365.1378479003906,1027.8778076171875,363.5682678222656,1069.153076171875,389.13458251953125,1013.0817260742188,388.7723693847656,1072.84912109375,412.59649658203125,1008.0477905273438,418.02325439453125,1047.97021484375,420.1154479980469,1028.6412353515625,418.68768310546875,1034.022705078125,463.6136474609375,1021.0299072265625,462.1352233886719,1021.1158447265625,501.0894470214844,1019.301025390625,500.1412353515625
1048.23291015625,343.7663879394531,1051.340087890625,339.9486999511719,1044.9632568359375,339.7630920410156,1055.93505859375,341.33160400390625,1038.88037109375,340.6084289550781,1060.91650390625,362.4859619140625,1028.107421875,361.96649169921875,1068.55029296875,386.5143127441406,1013.1175537109375,387.9000244140625,1072.6856689453125,410.45123291015625,1007.9628295898438,416.89056396484375,1047.91357421875,418.1996154785156,1028.7952880859375,417.4338684082031,1036.7159423828125,461.57745361328125,1023.879638671875,461.1944580078125,1021.7506103515625,497.5813293457031,1019.6475830078125,498.58355712890625
1050.810791015625,342.0663146972656,1053.8734130859375,338.2881164550781,1047.43310546875,338.008544921875,1057.974609375,339.6826171875,1040.8199462890625,338.6690673828125,1062.4228515625,361.047119140625,1029.6474609375,360.275634765625,1071.173828125,384.2745361328125,1013.3822021484375,385.68267822265625,1076.24462890625,407.89105224609375,1008.4202880859375,414.1998596191406,1049.8623046875,417.2586669921875,1031.1507568359375,416.4189453125,1037.03369140625,460.0604553222656,1026.765869140625,459.6418762207031,1020.6334228515625,495.5464782714844,1022.7958984375,496.269775390625
1052.53173828125,341.53515625,1055.30810546875,337.7304992675781,1049.30908203125,337.48516845703125,1058.6900634765625,338.953125,1042.7021484375,337.989013671875,1062.83349609375,359.77581787109375,1030.5439453125,359.0032958984375,1070.649658203125,383.1561279296875,1014.425537109375,384.3584289550781,1076.5399169921875,406.219970703125,1008.98974609375,412.4061279296875,1050.4306640625,416.2340087890625,1031.61279296875,415.48114013671875,1040.3040771484375,460.0523986816406,1027.229736328125,459.77252197265625,1023.6468505859375,496.0970764160156,1020.8150024414062,497.28936767578125
1055.978271484375,342.2705078125,1058.0140380859375,338.36444091796875,1052.5147705078125,338.3746643066406,1059.2200927734375,339.3365173339844,1044.82568359375,338.86688232421875,1062.458740234375,358.9412841796875,1031.7174072265625,359.2228088378906,1070.919189453125,381.4486083984375,1014.927734375,384.9198303222656,1079.2847900390625,403.72296142578125,1009.007568359375,413.13983154296875,1051.4952392578125,414.5885009765625,1033.732421875,414.568603515625,1044.3314208984375,457.04217529296875,1031.91845703125,457.59539794921875,1026.3203125,490.98492431640625,1023.312744140625,493.37713623046875
1056.6268310546875,340.7228088378906,1058.94140625,336.8319091796875,1053.05908203125,336.8502502441406,1060.6513671875,338.3594665527344,1045.61181640625,337.9474182128906,1063.139892578125,358.83563232421875,1033.0440673828125,359.3822021484375,1071.719482421875,381.4271240234375,1015.5964965820312,385.2695617675781,1081.48486328125,403.5330810546875,1009.5185546875,412.62841796875,1052.9608154296875,415.33172607421875,1035.209228515625,415.51849365234375,1048.4473876953125,458.8532409667969,1032.880126953125,459.8250732421875,1032.084716796875,494.5985412597656,1022.055908203125,497.7853088378906
1057.23388671875,343.0686950683594,1059.9901123046875,339.11590576171875,1053.698974609375,339.05560302734375,1062.645751953125,340.641357421875,1046.512939453125,340.1631164550781,1065.2388916015625,360.6380615234375,1033.795654296875,361.75341796875,1074.5843505859375,383.23773193359375,1016.262939453125,388.2957763671875,1084.898193359375,405.91265869140625,1009.5203857421875,414.6673278808594,1054.4022216796875,417.6940612792969,1035.83251953125,418.2164306640625,1050.485107421875,461.33111572265625,1035.0164794921875,463.141845703125,1032.30908203125,496.423828125,1022.9451904296875,500.96722412109375
1058.13720703125,345.9454650878906,1061.30712890625,342.02593994140625,1054.8062744140625,341.74908447265625,1064.890380859375,343.3822021484375,1047.8363037109375,342.4674987792969,1067.6285400390625,362.79010009765625,1034.68115234375,363.958740234375,1078.373291015625,385.10418701171875,1017.5440673828125,391.3367614746094,1087.769287109375,407.7591247558594,1012.5012817382812,418.3422546386719,1055.637939453125,418.97698974609375,1036.3280029296875,419.54791259765625,1051.221435546875,463.1444091796875,1037.054443359375,465.14617919921875,1032.91943359375,500.36529541015625,1027.2694091796875,505.27642822265625
1063.8819580078125,349.6763916015625,1066.86279296875,345.55029296875,1059.71240234375,345.6091003417969,1068.82373046875,347.2705078125,1050.885986328125,347.2425537109375,1070.4580078125,367.80560302734375,1038.306640625,370.95648193359375,1081.46240234375,393.1540832519531,1021.4007568359375,401.3583984375,1091.3150634765625,414.48321533203125,1015.6613159179688,431.2629089355469,1058.0966796875,423.97314453125,1039.5806884765625,425.9439697265625,1051.8564453125,467.7265319824219,1041.27685546875,471.0965881347656,1030.1829833984375,505.6819152832031,1029.375,512.2692260742188
1064.9246826171875,358.2129821777344,1067.9742431640625,354.01617431640625,1060.7344970703125,353.9775390625,1071.0091552734375,356.20263671875,1053.10302734375,355.76556396484375,1074.4105224609375,377.959716796875,1040.58349609375,377.00665283203125,1085.7177734375,403.748046875,1023.6018676757812,402.4012756347656,1092.179443359375,427.3395080566406,1020.9505004882812,427.4645690917969,1061.8692626953125,433.0520324707031,1041.2244873046875,432.69110107421875,1058.414794921875,468.34844970703125,1040.77978515625,468.1328125,1045.4027099609375,507.3873291015625,1031.448486328125,507.90478515625
1068.92138671875,368.56622314453125,1071.6475830078125,364.53997802734375,1065.3394775390625,364.2086181640625,1073.6475830078125,366.22381591796875,1057.47802734375,364.8075256347656,1075.5472412109375,387.02197265625,1043.1322021484375,384.7795715332031,1085.6693115234375,413.4742431640625,1023.691162109375,410.3458557128906,1095.230224609375,440.3528137207031,1021.5507202148438,439.90576171875,1059.81884765625,439.66705322265625,1040.310546875,438.739501953125,1053.4688720703125,476.83416748046875,1039.70556640625,476.5394287109375,1042.427734375,514.6685180664062,1032.5885009765625,515.2667236328125
1066.910400390625,375.20574951171875,1069.8526611328125,371.71514892578125,1063.53564453125,371.3418273925781,1072.2244873046875,373.27947998046875,1056.32421875,372.158447265625,1075.0198974609375,391.73773193359375,1043.5,393.45855712890625,1092.3406982421875,410.4914245605469,1028.0999755859375,421.90618896484375,1105.5341796875,428.4285888671875,1024.6942138671875,453.153564453125,1060.6915283203125,446.89581298828125,1042.859375,447.4243469238281,1053.5172119140625,488.32476806640625,1042.875244140625,489.1462097167969,1037.09228515625,520.5377807617188,1036.356689453125,522.40966796875
1066.0621337890625,380.500244140625,1068.7099609375,376.0782165527344,1062.09033203125,376.5812072753906,1072.960205078125,376.84686279296875,1055.626220703125,378.04412841796875,1079.2012939453125,396.376220703125,1046.22265625,397.43621826171875,1094.5511474609375,419.02239990234375,1030.088134765625,421.09820556640625,1103.907958984375,445.7829895019531,1025.8160400390625,447.3946838378906,1066.910400390625,447.8223876953125,1047.2879638671875,447.7804870605469,1058.037109375,483.75286865234375,1043.545654296875,483.7955017089844,1046.38330078125,518.3023681640625,1035.5050048828125,519.1229248046875
1066.9814453125,381.3311462402344,1069.41845703125,376.76513671875,1062.8743896484375,377.6128234863281,1074.0123291015625,377.3179931640625,1056.2696533203125,379.48828125,1080.91796875,396.52374267578125,1046.4927978515625,398.89544677734375,1098.040771484375,418.3990478515625,1031.3634033203125,422.951904296875,1106.580078125,445.0906677246094,1028.523193359375,448.5123596191406,1068.407470703125,447.2383117675781,1047.733642578125,447.8128967285156,1060.51611328125,480.9906921386719,1044.3843994140625,481.4600830078125,1050.478759765625,514.4517211914062,1038.1583251953125,515.7437744140625
1065.687744140625,382.06475830078125,1067.8883056640625,377.4011535644531,1061.7138671875,378.3397521972656,1072.637939453125,377.5797119140625,1055.498046875,380.084716796875,1080.7413330078125,396.5858459472656,1046.475830078125,399.4745178222656,1100.550048828125,417.373779296875,1031.91748046875,423.12310791015625,1110.744384765625,441.3009338378906,1028.6175537109375,444.9266357421875,1068.3109130859375,449.7872314453125,1047.970458984375,450.48822021484375,1059.30908203125,487.7353820800781,1043.7777099609375,488.2669677734375,1047.393310546875,523.851806640625,1034.976318359375,525.3900756835938
1064.0726318359375,386.84686279296875,1067.2850341796875,383.058837890625,1060.642822265625,383.07745361328125,1073.5220947265625,384.01446533203125,1054.2945556640625,383.89093017578125,1081.404541015625,403.0022277832031,1044.731689453125,404.5888671875,1103.31640625,417.8487548828125,1029.7314453125,428.4384765625,1118.549072265625,429.2026062011719,1028.0845947265625,448.13116455078125,1067.56298828125,457.30731201171875,1046.2568359375,457.01708984375,1060.1080322265625,497.6748046875,1046.82666015625,497.2962341308594,1039.6080322265625,532.6834716796875,1036.611083984375,532.482666015625
1067.06640625,388.8159484863281,1070.36962890625,385.16900634765625,1063.8209228515625,385.078125,1076.8585205078125,386.4610290527344,1057.9232177734375,386.1067199707031,1085.6416015625,405.46075439453125,1047.7061767578125,405.8216857910156,1104.90771484375,419.5966796875,1031.5494384765625,426.16387939453125,1119.623046875,427.05694580078125,1026.1431884765625,439.8113708496094,1071.48681640625,459.61328125,1049.552490234375,458.71270751953125,1064.051513671875,500.39410400390625,1052.2506103515625,499.19281005859375,1039.6856689453125,534.065185546875,1041.1903076171875,532.3187866210938
1071.6448974609375,393.85516357421875,1075.0791015625,390.3621826171875,1068.357421875,390.0467834472656,1081.065185546875,391.75213623046875,1061.7237548828125,390.8338623046875,1088.214111328125,411.00048828125,1051.349853515625,410.450439453125,1109.31787109375,423.23651123046875,1029.9617919921875,426.5310974121094,1118.8319091796875,426.20703125,1019.16455078125,433.9324951171875,1074.6566162109375,464.53509521484375,1053.8271484375,463.32818603515625,1064.5009765625,501.64508056640625,1054.4271240234375,500.7263488769531,1042.4647216796875,535.8737182617188,1044.31103515625,535.5031127929688
1079.3477783203125,396.371337890625,1082.487060546875,392.71282958984375,1076.1182861328125,392.66162109375,1088.2706298828125,394.82757568359375,1068.9803466796875,394.4176025390625,1096.63818359375,414.66937255859375,1055.9901123046875,413.217041015625,1117.342041015625,424.8164978027344,1025.4400634765625,422.3586730957031,1112.5126953125,416.0539855957031,1027.949951171875,413.4727478027344,1080.52099609375,470.798583984375,1055.83837890625,469.34521484375,1075.803955078125,505.62353515625,1054.41455078125,504.48675537109375,1053.7601318359375,538.2962036132812,1039.583740234375,537.4434814453125
1090.86328125,394.2576599121094,1093.1727294921875,390.94921875,1086.4871826171875,390.85125732421875,1095.630859375,394.0140380859375,1076.6806640625,392.8648681640625,1101.416015625,413.4348449707031,1063.7093505859375,410.8310852050781,1121.9896240234375,421.0787353515625,1036.4803466796875,421.26251220703125,1123.488037109375,404.965576171875,1047.205810546875,413.9686279296875,1086.3194580078125,467.97637939453125,1062.0362548828125,466.16668701171875,1090.2000732421875,504.22760009765625,1056.127197265625,501.2710876464844,1076.804931640625,543.811279296875,1036.0599365234375,538.8438720703125
1098.283935546875,394.7174377441406,1100.38525390625,391.2906494140625,1094.9464111328125,391.2622375488281,1103.668701171875,393.6523132324219,1086.8619384765625,392.62493896484375,1110.903076171875,412.18255615234375,1072.6661376953125,407.8060302734375,1130.66845703125,420.54693603515625,1043.06787109375,415.690185546875,1135.9874267578125,404.21990966796875,1054.020263671875,407.1277770996094,1092.2042236328125,467.5196533203125,1066.25927734375,464.4923400878906,1098.2801513671875,505.1238098144531,1054.3841552734375,499.958984375,1090.4227294921875,546.748046875,1031.1114501953125,538.3735961914062
1107.522216796875,396.0094299316406,1110.67236328125,392.640625,1103.866455078125,391.99810791015625,1114.836669921875,395.7440185546875,1095.797607421875,393.2650451660156,1121.399169921875,415.3149719238281,1081.0001220703125,407.15631103515625,1137.994873046875,417.5958251953125,1052.918212890625,403.3766784667969,1139.505126953125,402.73028564453125,1066.889404296875,394.1357421875,1098.8388671875,471.9969177246094,1070.24951171875,467.12066650390625,1103.126708984375,513.883056640625,1056.3758544921875,506.218505859375,1097.833984375,552.9632568359375,1033.3114013671875,540.7232666015625
1115.68505859375,396.8297119140625,1117.0401611328125,393.38494873046875,1111.7381591796875,393.26849365234375,1117.685791015625,395.39654541015625,1103.5570068359375,393.6864013671875,1125.0567626953125,413.5960693359375,1090.6341552734375,403.25445556640625,1148.18994140625,417.46624755859375,1064.1600341796875,394.4664001464844,1166.22021484375,407.80743408203125,1077.25927734375,378.5320129394531,1102.13818359375,468.31005859375,1077.7796630859375,462.42095947265625,1105.194091796875,513.503173828125,1063.1243896484375,503.9471435546875,1097.834228515625,552.7607421875,1035.0787353515625,536.2705688476562
1126.64892578125,393.6761169433594,1127.2767333984375,390.57879638671875,1122.3848876953125,390.2558898925781,1124.35205078125,393.78826904296875,1111.4757080078125,390.9646911621094,1126.80322265625,415.6297607421875,1098.7379150390625,402.3345947265625,1144.375244140625,425.4332275390625,1078.2333984375,391.23443603515625,1164.8681640625,416.0963134765625,1091.3345947265625,373.6591796875,1107.2041015625,470.6917419433594,1087.130126953125,464.2147521972656,1108.3221435546875,517.6715698242188,1070.090087890625,506.92584228515625,1098.7877197265625,556.9866943359375,1041.6959228515625,540.7236328125
1132.485595703125,393.37701416015625,1134.64501953125,390.06402587890625,1127.5302734375,389.73992919921875,1134.4832763671875,393.15380859375,1117.1806640625,391.366455078125,1137.97314453125,414.7030029296875,1105.979736328125,404.71630859375,1161.62841796875,427.775146484375,1086.3621826171875,401.2396240234375,1180.797607421875,431.94232177734375,1093.21826171875,387.1985778808594,1114.1455078125,468.0931091308594,1092.7574462890625,462.653076171875,1112.8670654296875,512.4376220703125,1082.9705810546875,505.0304260253906,1101.7449951171875,551.47265625,1059.9249267578125,540.3275756835938
1142.6429443359375,394.46185302734375,1145.690673828125,392.0313720703125,1139.7752685546875,390.53460693359375,1147.4171142578125,395.457275390625,1131.331298828125,390.65234375,1149.75390625,418.9957580566406,1115.796630859375,401.7241516113281,1159.964599609375,438.2308349609375,1099.017578125,389.8004150390625,1162.608154296875,438.97052001953125,1119.4747314453125,371.4503173828125,1125.4404296875,469.4556884765625,1102.01708984375,461.1927795410156,1116.3446044921875,519.06201171875,1087.93115234375,507.2870178222656,1105.2318115234375,562.9295654296875,1076.048828125,546.8460083007812
1152.412109375,404.19525146484375,1156.4110107421875,401.85015869140625,1150.4176025390625,399.8974914550781,1159.8677978515625,405.14208984375,1143.7662353515625,399.3162841796875,1156.6658935546875,427.29718017578125,1127.242431640625,409.6753234863281,1155.35205078125,450.22308349609375,1106.7135009765625,400.7379455566406,1158.49072265625,458.9193420410156,1107.9075927734375,390.2108459472656,1123.7216796875,474.400634765625,1104.789306640625,466.1751708984375,1114.58349609375,522.4395141601562,1098.3592529296875,512.1036376953125,1107.497314453125,564.607421875,1093.019775390625,553.4010009765625
1162.052490234375,412.8201904296875,1166.7503662109375,410.85589599609375,1160.408447265625,408.123046875,1169.46484375,415.1253662109375,1153.611572265625,407.47332763671875,1159.43359375,437.0518798828125,1136.37890625,414.71771240234375,1151.31787109375,454.84405517578125,1114.2222900390625,392.6439208984375,1154.9139404296875,451.93487548828125,1107.509521484375,370.3072814941406,1121.9970703125,479.3353271484375,1107.269775390625,469.3885803222656,1118.3306884765625,528.5326538085938,1110.1085205078125,515.2611083984375,1112.498779296875,569.99609375,1107.917236328125,554.2532348632812
1170.026123046875,418.88336181640625,1174.6539306640625,416.60577392578125,1168.382568359375,414.3761901855469,1176.776611328125,423.59088134765625,1162.589599609375,417.6955261230469,1166.3519287109375,444.92462158203125,1145.417236328125,426.4400634765625,1153.663818359375,430.9975891113281,1130.1273193359375,381.3287353515625,1156.8460693359375,402.6429748535156,1134.40478515625,337.4825439453125,1128.1541748046875,487.9595031738281,1113.87939453125,479.86651611328125,1128.5390625,532.702392578125,1123.28369140625,522.4327392578125,1121.29248046875,572.5857543945312,1123.9215087890625,561.8409423828125
1175.097412109375,436.87109375,1178.041748046875,433.2725830078125,1172.81005859375,431.81719970703125,1179.686279296875,433.5728759765625,1163.746337890625,428.880615234375,1175.966064453125,447.30035400390625,1145.8935546875,440.45111083984375,1175.39111328125,465.6976318359375,1127.2781982421875,455.2277526855469,1169.273193359375,459.209716796875,1133.7628173828125,454.69000244140625,1149.84912109375,488.36456298828125,1130.2176513671875,485.516357421875,1145.193359375,532.077392578125,1133.035888671875,530.5214233398438,1137.3216552734375,573.1817626953125,1130.1141357421875,572.239013671875
1191.447265625,443.52020263671875,1194.2183837890625,439.87542724609375,1188.5499267578125,438.776123046875,1191.949951171875,443.3077392578125,1176.8919677734375,440.2962646484375,1183.611572265625,463.6434326171875,1154.774658203125,458.1982421875,1176.3800048828125,488.23223876953125,1125.2353515625,483.33306884765625,1164.661865234375,498.20257568359375,1120.765625,515.516845703125,1149.9285888671875,503.1568908691406,1132.9490966796875,500.1594543457031,1148.0018310546875,550.2462158203125,1142.5909423828125,545.5355224609375,1142.65869140625,592.6035766601562,1149.2979736328125,588.8967895507812
1191.0618896484375,451.44940185546875,1194.275146484375,447.4869689941406,1189.2362060546875,446.6263427734375,1197.988037109375,448.9146728515625,1182.068359375,446.0530700683594,1194.5445556640625,468.05401611328125,1166.707275390625,462.0636291503906,1186.4569091796875,491.04833984375,1143.3740234375,478.8761901855469,1167.2947998046875,484.72259521484375,1138.652587890625,479.8259582519531,1165.0848388671875,511.4869079589844,1146.9521484375,508.463623046875,1160.625244140625,556.1826171875,1150.1517333984375,554.4091186523438,1160.385498046875,603.574462890625,1155.2208251953125,600.9642944335938
1193.4134521484375,459.11236572265625,1197.2037353515625,455.4621276855469,1191.608154296875,454.6295166015625,1203.285400390625,457.3172607421875,1186.314208984375,454.83966064453125,1202.71142578125,475.69683837890625,1174.906494140625,470.5862731933594,1202.068603515625,495.93780517578125,1160.3497314453125,486.51348876953125,1185.6861572265625,483.73614501953125,1160.6761474609375,478.95294189453125,1175.908935546875,520.07666015625,1157.8970947265625,517.283935546875,1170.5621337890625,559.945068359375,1159.3453369140625,558.0887451171875,1168.17333984375,604.8383178710938,1162.01708984375,602.5084228515625
1205.1290283203125,466.5522766113281,1207.570556640625,462.8088684082031,1202.04248046875,462.05328369140625,1208.5025634765625,464.54388427734375,1193.43310546875,461.73052978515625,1204.04345703125,484.5176696777344,1177.63525390625,479.91961669921875,1206.3992919921875,510.08642578125,1157.0155029296875,503.1988220214844,1211.351318359375,531.3343505859375,1153.64111328125,529.5782470703125,1182.8343505859375,529.962158203125,1166.834716796875,528.1053466796875,1176.7989501953125,569.49072265625,1168.363037109375,568.6210327148438,1167.6080322265625,607.191650390625,1162.8388671875,607.0450439453125
1211.4779052734375,470.2411193847656,1215.3162841796875,466.4354553222656,1208.1724853515625,465.3775634765625,1217.326416015625,467.2198791503906,1199.5242919921875,464.3392333984375,1209.716796875,485.847900390625,1185.1009521484375,480.4588623046875,1211.44970703125,512.3662109375,1162.1439208984375,505.24090576171875,1214.5345458984375,533.2303466796875,1156.9609375,536.4522705078125,1178.9473876953125,527.3553466796875,1165.544921875,524.4891967773438,1178.7430419921875,571.1033935546875,1174.788330078125,567.779541015625,1164.0074462890625,607.8997192382812,1169.81494140625,606.5052490234375
1222.2430419921875,464.7376708984375,1224.562744140625,461.019775390625,1219.30908203125,460.3916931152344,1222.220703125,461.96380615234375,1209.934814453125,460.18359375,1212.9989013671875,480.00994873046875,1192.6414794921875,478.263671875,1219.005615234375,505.4537353515625,1166.9122314453125,507.0101318359375,1224.6513671875,516.540771484375,1162.603515625,539.4818725585938,1177.531005859375,526.94921875,1166.6375732421875,526.4214477539062,1185.2099609375,572.5235595703125,1186.64306640625,571.3922119140625,1166.578125,610.0145874023438,1174.249755859375,610.64208984375
1227.2076416015625,465.62835693359375,1230.97314453125,462.1289978027344,1224.7998046875,460.95025634765625,1233.2320556640625,462.8476867675781,1217.0517578125,460.0850830078125,1226.5250244140625,476.8374938964844,1200.8248291015625,476.69732666015625,1235.6875,488.53472900390625,1179.16748046875,502.60369873046875,1235.1612548828125,474.39739990234375,1175.640380859375,524.6661987304688,1189.1549072265625,523.8387451171875,1174.1087646484375,522.8655395507812,1192.8785400390625,570.2119140625,1185.611572265625,567.845703125,1175.040771484375,607.6314697265625,1170.5263671875,605.4853515625
1239.96923828125,455.9381103515625,1241.711181640625,452.27093505859375,1238.810302734375,451.59210205078125,1242.275634765625,452.5220031738281,1232.75927734375,450.44854736328125,1238.9736328125,469.23529052734375,1217.6861572265625,465.55999755859375,1243.9410400390625,491.2061767578125,1206.81103515625,486.73162841796875,1240.928955078125,491.4507751464844,1212.5994873046875,489.8874206542969,1201.580322265625,520.771484375,1187.9970703125,518.215576171875,1196.091552734375,565.6331787109375,1186.34716796875,564.4293212890625,1183.123046875,602.5676879882812,1174.235595703125,602.6549072265625
1249.9302978515625,453.34771728515625,1252.5257568359375,449.41827392578125,1247.5985107421875,448.5769958496094,1251.723876953125,450.1119689941406,1239.5709228515625,448.076416015625,1244.3323974609375,468.3934020996094,1221.134521484375,465.8834228515625,1241.564208984375,495.69989013671875,1196.41748046875,493.4725341796875,1239.240478515625,519.0977172851562,1187.529541015625,525.7152709960938,1211.7412109375,522.450439453125,1196.6640625,521.1099853515625,1224.78564453125,567.1077880859375,1204.635986328125,566.49609375,1200.2557373046875,599.4010620117188,1175.287841796875,601.9063110351562
1259.3062744140625,454.6856689453125,1261.599853515625,450.5098571777344,1256.7783203125,449.7467041015625,1260.0538330078125,449.8810729980469,1247.931396484375,447.6478271484375,1253.1533203125,468.131103515625,1228.4486083984375,463.87078857421875,1249.22509765625,497.5778503417969,1201.752197265625,491.4938049316406,1249.4822998046875,522.58935546875,1193.172607421875,527.8271484375,1222.322021484375,522.4396362304688,1205.0205078125,519.9798583984375,1236.5010986328125,570.1257934570312,1201.3919677734375,567.5458984375,1225.7537841796875,609.0107421875,1175.0150146484375,608.7529907226562
1261.6263427734375,452.3436279296875,1264.6380615234375,448.6466064453125,1258.686279296875,447.6929931640625,1266.369873046875,449.836181640625,1249.5447998046875,446.807373046875,1264.34423828125,470.956787109375,1230.399658203125,465.506103515625,1264.093017578125,494.58612060546875,1205.4366455078125,490.81658935546875,1264.8876953125,509.92828369140625,1199.3363037109375,529.71044921875,1236.8687744140625,527.178466796875,1212.465576171875,523.8759155273438,1248.5008544921875,574.307373046875,1200.468505859375,569.09716796875,1247.4150390625,616.6931762695312,1178.90576171875,611.817626953125
1267.443359375,450.44744873046875,1270.614990234375,446.77606201171875,1265.054931640625,445.9906311035156,1274.54345703125,448.5323486328125,1257.1103515625,446.31353759765625,1274.601806640625,466.9985046386719,1239.5174560546875,467.8314208984375,1280.226806640625,472.963623046875,1209.57080078125,496.96209716796875,1274.381103515625,456.49835205078125,1206.6597900390625,537.7793579101562,1248.776123046875,531.8012084960938,1222.3443603515625,530.722900390625,1264.25048828125,581.4932861328125,1206.5029296875,577.1412353515625,1268.1666259765625,623.1085205078125,1179.1044921875,616.363037109375
1274.126220703125,458.87603759765625,1277.0831298828125,454.198974609375,1270.520263671875,453.89111328125,1279.1033935546875,453.1493225097656,1261.3834228515625,452.440673828125,1280.3544921875,472.3243103027344,1243.716796875,473.5771179199219,1294.575927734375,481.226806640625,1215.6241455078125,499.913818359375,1298.3140869140625,486.8616027832031,1212.1015625,534.9258422851562,1253.6546630859375,536.9642333984375,1231.136474609375,536.1728515625,1255.434814453125,585.330078125,1230.2386474609375,583.6609497070312,1242.71435546875,629.9740600585938,1216.3538818359375,628.7550659179688
1277.249267578125,457.4752197265625,1280.9171142578125,453.430908203125,1274.661865234375,452.9229736328125,1286.748779296875,454.74188232421875,1268.5595703125,453.04339599609375,1291.0323486328125,475.33856201171875,1253.770263671875,476.194091796875,1298.2025146484375,488.4774169921875,1225.8536376953125,505.0963134765625,1290.9425048828125,478.94586181640625,1218.927490234375,545.091552734375,1269.4166259765625,545.40234375,1242.76416015625,544.063720703125,1274.0665283203125,590.2008056640625,1224.96484375,585.8175048828125,1265.4803466796875,626.70263671875,1192.04052734375,619.0784301757812
1283.880615234375,459.2278747558594,1287.4910888671875,454.9886474609375,1280.721435546875,454.265625,1291.947998046875,456.10943603515625,1272.1055908203125,453.952392578125,1293.259033203125,477.28277587890625,1255.992919921875,476.8217468261719,1296.680908203125,496.3924255371094,1231.43994140625,508.2801513671875,1290.591552734375,499.7282409667969,1228.4891357421875,548.6363525390625,1274.26220703125,543.0367431640625,1247.963134765625,542.1597290039062,1281.1253662109375,587.427001953125,1237.54736328125,584.7709350585938,1268.1810302734375,627.5419921875,1210.2724609375,624.1785278320312
1287.0185546875,453.8701171875,1290.76318359375,449.92218017578125,1283.817138671875,449.0758056640625,1295.556396484375,452.465087890625,1276.24853515625,449.78363037109375,1295.93310546875,476.46282958984375,1261.9249267578125,474.35760498046875,1298.9461669921875,502.0362854003906,1238.6593017578125,508.5107116699219,1293.6165771484375,511.197509765625,1237.128173828125,550.1061401367188,1278.78955078125,543.19189453125,1257.1234130859375,541.8994140625,1284.925048828125,592.7339477539062,1264.0106201171875,589.447509765625,1271.7830810546875,632.7335205078125,1247.4793701171875,628.0723876953125
1297.7161865234375,454.739990234375,1300.1473388671875,450.38555908203125,1294.3682861328125,449.6856689453125,1299.56884765625,451.8480224609375,1284.6575927734375,449.4171142578125,1297.57421875,477.21527099609375,1266.5177001953125,473.185546875,1300.4432373046875,509.22357177734375,1243.006591796875,503.74847412109375,1306.639404296875,538.7048950195312,1241.6439208984375,542.7540283203125,1283.145263671875,544.2360229492188,1264.530517578125,542.7793579101562,1286.12744140625,592.969482421875,1271.0687255859375,590.9569091796875,1273.2783203125,632.342041015625,1261.2100830078125,631.5657958984375
1302.4378662109375,456.334228515625,1304.8037109375,452.0884094238281,1299.007568359375,451.1054992675781,1302.7489013671875,453.59820556640625,1288.2811279296875,450.5008544921875,1299.567626953125,477.99847412109375,1268.932373046875,473.85211181640625,1303.18994140625,511.41156005859375,1249.46484375,505.9054870605469,1314.0604248046875,541.2701416015625,1245.5291748046875,543.3973388671875,1288.646728515625,543.6830444335938,1271.5966796875,542.519287109375,1288.210205078125,589.8050537109375,1283.4056396484375,588.7344970703125,1265.202392578125,630.1588134765625,1272.650634765625,631.7575073242188
1304.33740234375,453.0867004394531,1307.5869140625,449.21063232421875,1300.61474609375,448.07763671875,1307.966796875,452.5531005859375,1290.82666015625,449.11041259765625,1303.96484375,479.341064453125,1274.348876953125,474.59405517578125,1309.349365234375,510.65618896484375,1256.2373046875,504.6706237792969,1320.7344970703125,535.12353515625,1253.93359375,536.7928466796875,1292.885498046875,543.1044921875,1276.4029541015625,541.52490234375,1294.037353515625,590.4052124023438,1290.4383544921875,588.7105712890625,1269.21923828125,632.7660522460938,1276.62548828125,632.82470703125
1308.8807373046875,455.48565673828125,1311.9375,451.5945739746094,1305.0013427734375,450.65185546875,1312.61083984375,453.8429260253906,1294.4208984375,450.83929443359375,1310.0347900390625,477.748046875,1278.002197265625,475.21453857421875,1315.7813720703125,502.4825134277344,1257.641357421875,507.5509033203125,1320.4205322265625,514.040283203125,1257.5850830078125,539.8729858398438,1298.24658203125,542.0175170898438,1280.0946044921875,540.9483032226562,1295.289306640625,591.8820190429688,1291.155517578125,590.2741088867188,1276.936279296875,636.0945434570312,1283.1646728515625,635.802490234375
1314.9447021484375,460.5997314453125,1317.9129638671875,456.64532470703125,1312.0179443359375,455.5311279296875,1318.035400390625,457.64923095703125,1301.5714111328125,454.53643798828125,1314.4852294921875,479.456787109375,1282.9625244140625,478.7294921875,1316.5615234375,501.1125183105469,1261.659423828125,516.548095703125,1315.428955078125,501.37371826171875,1263.1566162109375,551.811279296875,1299.7047119140625,547.0260620117188,1283.7283935546875,546.21923828125,1287.492919921875,597.870849609375,1300.761962890625,595.8720703125,1268.954345703125,644.2579345703125,1305.6173095703125,642.88623046875
1317.9871826171875,463.0860595703125,1321.1337890625,458.3531494140625,1313.3895263671875,458.0516052246094,1322.671875,460.3503112792969,1302.9801025390625,458.877685546875,1321.8095703125,486.75262451171875,1289.5130615234375,485.1624755859375,1325.917236328125,520.0069580078125,1269.752685546875,518.6219482421875,1330.1085205078125,546.0629272460938,1268.331787109375,555.0107421875,1312.2708740234375,554.2906494140625,1295.3424072265625,554.4356689453125,1302.6435546875,604.8952026367188,1308.75927734375,605.3267822265625,1279.8681640625,649.4058837890625,1305.561767578125,653.1834716796875
1320.817138671875,468.04742431640625,1324.533203125,463.0897216796875,1316.329833984375,462.80987548828125,1327.1785888671875,464.8502197265625,1306.9884033203125,463.5244140625,1323.64306640625,491.2755432128906,1295.494384765625,489.60919189453125,1325.3045654296875,526.1353149414062,1273.568359375,523.2186889648438,1328.19677734375,556.0094604492188,1271.3355712890625,561.3729858398438,1316.12890625,559.9033203125,1300.7108154296875,559.9833984375,1314.1153564453125,609.9324951171875,1313.806884765625,610.517822265625,1298.512939453125,652.74853515625,1306.1134033203125,657.3359375
1330.32763671875,469.7938232421875,1332.6590576171875,464.62725830078125,1326.5322265625,464.38092041015625,1328.949462890625,464.7404479980469,1316.494140625,463.891357421875,1319.81201171875,489.5758056640625,1303.240234375,489.5552978515625,1317.8272705078125,528.69189453125,1285.217041015625,528.4512939453125,1327.3475341796875,561.34326171875,1285.8707275390625,569.6476440429688,1314.922607421875,561.4534301757812,1306.605224609375,562.3229370117188,1316.1492919921875,612.2327880859375,1315.655029296875,613.5513916015625,1303.04541015625,655.263916015625,1304.683349609375,661.359130859375
1333.892333984375,468.753662109375,1336.9459228515625,463.6870422363281,1329.2921142578125,463.21368408203125,1335.3636474609375,464.0255126953125,1317.9888916015625,462.33453369140625,1327.0478515625,488.0256042480469,1306.1314697265625,487.7916259765625,1327.300048828125,523.04052734375,1289.4937744140625,525.9454345703125,1333.67236328125,549.6438598632812,1287.551025390625,566.6485595703125,1320.6083984375,558.7259521484375,1309.8284912109375,559.2913818359375,1316.4189453125,609.6056518554688,1318.6220703125,610.67529296875,1298.4576416015625,652.387939453125,1305.3568115234375,657.92236328125
1339.430908203125,466.19537353515625,1341.6787109375,461.13348388671875,1335.2098388671875,460.75445556640625,1338.4898681640625,461.0537109375,1324.3671875,459.4682922363281,1329.59326171875,484.0782165527344,1313.491455078125,483.2313232421875,1329.581298828125,520.0123901367188,1299.546630859375,520.2926025390625,1338.4632568359375,549.3181762695312,1301.62890625,560.9466552734375,1325.4149169921875,554.9960327148438,1317.99755859375,555.2450561523438,1319.985107421875,606.9458618164062,1327.3538818359375,607.503662109375,1295.83056640625,647.5843505859375,1308.9659423828125,652.31640625
1342.0733642578125,463.45709228515625,1344.62890625,458.7413635253906,1337.6888427734375,458.2142028808594,1343.09912109375,459.0506591796875,1326.860107421875,457.00592041015625,1337.5574951171875,482.8966064453125,1315.566650390625,481.10992431640625,1340.592041015625,518.1453247070312,1303.8416748046875,516.2007446289062,1347.58935546875,549.77001953125,1305.605712890625,555.2469482421875,1333.684326171875,551.8571166992188,1321.778564453125,551.5787353515625,1326.37841796875,602.3757934570312,1325.5341796875,602.77587890625,1305.029296875,642.351806640625,1308.6640625,646.87158203125
1348.544189453125,462.41943359375,1350.15283203125,457.81976318359375,1345.0694580078125,457.2518310546875,1346.3052978515625,457.69708251953125,1334.3480224609375,455.583984375,1341.598876953125,481.3667907714844,1318.849365234375,478.3934326171875,1343.144287109375,519.2337646484375,1305.9283447265625,513.351318359375,1348.200439453125,552.7879638671875,1310.253173828125,552.3404541015625,1335.5362548828125,550.7875366210938,1322.01025390625,550.0848388671875,1334.8157958984375,602.4924926757812,1324.0699462890625,602.0703125,1322.9248046875,645.3740844726562,1311.4339599609375,649.145751953125
1353.411376953125,463.83270263671875,1355.5296630859375,459.1820983886719,1349.7635498046875,458.5164794921875,1351.71728515625,458.83050537109375,1338.686767578125,456.6682434082031,1343.75634765625,483.01513671875,1323.317138671875,479.71710205078125,1343.7508544921875,521.1712646484375,1311.431396484375,514.0153198242188,1349.5126953125,554.7188720703125,1321.3836669921875,550.492919921875,1333.6019287109375,551.91650390625,1321.6580810546875,551.0310668945312,1332.59130859375,604.3824462890625,1324.5096435546875,603.8680419921875,1319.557861328125,650.5375366210938,1312.0157470703125,654.340087890625
1356.0623779296875,461.97576904296875,1359.0108642578125,457.36566162109375,1352.00732421875,456.4365234375,1357.1572265625,458.492431640625,1340.963134765625,455.62896728515625,1348.994873046875,484.5321044921875,1327.333984375,480.3131103515625,1350.786865234375,522.557861328125,1320.3248291015625,514.0164794921875,1354.6517333984375,556.3939819335938,1330.9296875,549.1134033203125,1335.82958984375,550.799072265625,1322.624755859375,549.2845458984375,1335.1385498046875,603.6685180664062,1324.739990234375,602.6203002929688,1322.6531982421875,651.0940551757812,1313.8890380859375,654.0810546875
1360.3682861328125,464.68231201171875,1363.84619140625,460.29510498046875,1357.12841796875,458.6045837402344,1362.569580078125,460.65087890625,1346.7176513671875,455.7801513671875,1351.7587890625,486.7857971191406,1330.5841064453125,476.4200134277344,1350.684326171875,521.761474609375,1315.32470703125,497.90423583984375,1356.19482421875,560.5185546875,1328.582763671875,530.0858764648438,1334.9429931640625,550.9891357421875,1322.373291015625,546.7417602539062,1334.4979248046875,603.4113159179688,1327.93896484375,598.97998046875,1321.2470703125,650.5814819335938,1317.5975341796875,649.1094360351562
