x0,y0,x1,y1,x2,y2,x3,y3,x4,y4,x5,y5,x6,y6,x7,y7,x8,y8,x9,y9,x10,y10,x11,y11,x12,y12,x13,y13,x14,y14,x15,y15,x16,y16
986.9041748046875,371.2434997558594,990.9922485351562,366.9826354980469,983.1478271484375,366.4124450683594,998.156494140625,369.8848571777344,975.7205200195312,367.5288391113281,1003.9522705078125,396.07061767578125,962.3651733398438,391.5956726074219,1012.1478881835938,424.2384338378906,936.8958740234375,412.7106628417969,1003.6884765625,450.9379577636719,950.68310546875,431.73199462890625,996.378173828125,456.89166259765625,969.3114013671875,455.9140625,1002.4033813476562,503.1413269042969,968.2728271484375,503.1753845214844,1003.540771484375,546.4412231445312,968.7166748046875,548.9777221679688
985.7366943359375,371.81475830078125,989.7467651367188,367.7172546386719,982.037841796875,367.29949951171875,996.716552734375,370.4103698730469,974.8580322265625,368.8118591308594,1003.162353515625,395.8807067871094,962.3432006835938,392.73284912109375,1012.579345703125,424.60699462890625,938.7340087890625,413.1083679199219,1004.428955078125,449.1122131347656,943.6136474609375,425.78472900390625,995.4212036132812,456.26007080078125,969.0693969726562,455.8106689453125,1001.57958984375,501.66925048828125,968.42041015625,502.8065185546875,1003.3720703125,544.7747192382812,969.1052856445312,549.13671875
985.3128662109375,373.03167724609375,989.096435546875,369.074951171875,981.77001953125,368.6296691894531,995.7841796875,371.44512939453125,974.791015625,369.93206787109375,1002.7311401367188,395.60833740234375,962.85888671875,393.2249450683594,1013.4320068359375,420.69354248046875,940.7894287109375,413.85687255859375,1005.0167236328125,440.1286926269531,941.5204467773438,430.20989990234375,996.0067749023438,455.7886047363281,970.184326171875,455.345458984375,1002.8851318359375,501.2833557128906,969.8314208984375,501.79388427734375,1004.6197509765625,545.0314331054688,969.2283325195312,548.0352783203125
985.4737548828125,372.186279296875,989.3436279296875,368.440185546875,981.7486572265625,367.93804931640625,995.964599609375,371.0816345214844,974.565185546875,369.342041015625,1002.1026611328125,395.0043640136719,963.0372314453125,392.3385009765625,1011.060302734375,417.0733337402344,941.0694580078125,413.8103942871094,1004.93603515625,425.1466064453125,938.9302368164062,430.83294677734375,995.6196899414062,456.56927490234375,970.3013916015625,455.6357116699219,1002.0631713867188,502.4073486328125,970.05078125,501.24560546875,1004.4911499023438,545.9859619140625,968.3927001953125,546.4326782226562
985.6723022460938,371.62371826171875,989.551025390625,367.89410400390625,981.96044921875,367.2587890625,996.101806640625,370.5211181640625,974.693603515625,368.412841796875,1001.781982421875,394.21026611328125,963.32080078125,391.0255126953125,1010.9514770507812,413.97161865234375,940.9407348632812,412.1130065917969,1005.786376953125,420.3159484863281,936.7527465820312,434.0194091796875,995.4547119140625,455.45538330078125,970.5166015625,454.08502197265625,1001.6735229492188,501.63189697265625,970.3134765625,499.37982177734375,1004.2274169921875,546.2678833007812,968.107666015625,544.9241333007812
985.5540161132812,371.4258728027344,989.4918823242188,367.878662109375,981.8724365234375,367.11517333984375,996.1126708984375,370.57012939453125,974.507080078125,368.2879638671875,1002.1199951171875,393.66131591796875,963.38134765625,390.8111572265625,1013.470947265625,411.2896728515625,941.3985595703125,412.842529296875,1006.93994140625,408.5307312011719,936.7945556640625,431.30621337890625,995.58935546875,455.15625,970.5833740234375,453.6318359375,1001.5196533203125,501.56201171875,970.6935424804688,498.6778564453125,1003.7620239257812,546.5001220703125,968.8272705078125,543.5538330078125
985.7054443359375,370.76983642578125,989.660400390625,367.07171630859375,981.9603271484375,366.3203430175781,996.4019165039062,369.7601318359375,974.4678955078125,367.48321533203125,1002.2133178710938,393.05426025390625,963.5813598632812,390.8757019042969,1014.3717041015625,409.71612548828125,941.3834228515625,414.5447998046875,1007.1242065429688,409.19189453125,936.658447265625,439.73577880859375,996.4844970703125,455.4586181640625,971.462646484375,454.1703186035156,1002.57958984375,502.2527160644531,971.3526611328125,499.5872802734375,1004.4425048828125,547.3609619140625,967.9498901367188,544.9215087890625
985.8018798828125,372.02459716796875,989.6343383789062,368.41937255859375,982.1373291015625,367.64630126953125,996.0103759765625,370.7529296875,974.5358276367188,368.54205322265625,1002.039306640625,392.96539306640625,963.487060546875,391.7189025878906,1016.0560913085938,409.18359375,942.693115234375,417.7030029296875,1008.72021484375,406.9192199707031,939.54833984375,443.4423828125,996.0910034179688,454.638671875,971.08837890625,453.67059326171875,1002.4791870117188,501.7669372558594,970.6220703125,499.42138671875,1004.7550048828125,546.93701171875,967.4989013671875,544.5613403320312
986.9488525390625,371.64703369140625,990.3081665039062,366.8759765625,982.146240234375,367.1278076171875,994.5206298828125,368.96441650390625,973.3765869140625,369.3410339355469,1001.2945556640625,392.81488037109375,961.1573486328125,393.1064453125,1013.7845458984375,419.6083984375,943.198486328125,419.4227600097656,1016.975830078125,439.13861083984375,941.7496948242188,440.5147705078125,996.0009155273438,453.1444091796875,970.2943115234375,453.664306640625,1000.2577514648438,498.71490478515625,970.516845703125,498.86798095703125,1000.9757080078125,545.7763061523438,970.55712890625,546.0289916992188
986.19970703125,371.32177734375,989.76416015625,366.5127868652344,981.359375,366.6816101074219,994.2610473632812,368.9416809082031,972.5681762695312,369.15875244140625,1001.1004638671875,393.4940185546875,960.179931640625,393.9923095703125,1015.1307373046875,421.09161376953125,944.6514892578125,422.05767822265625,1019.0806884765625,442.4143981933594,946.2498779296875,444.1251220703125,994.9136962890625,455.09130859375,968.5574340820312,455.7166748046875,1001.0377197265625,499.59906005859375,969.8637084960938,499.9562072753906,1000.8536376953125,546.1103515625,969.0712890625,546.6613159179688
985.492431640625,374.0006103515625,989.0423583984375,369.3514709472656,981.130126953125,369.39202880859375,993.7906494140625,371.5209045410156,973.0592651367188,371.4828186035156,1000.5157470703125,394.8736572265625,960.946044921875,395.10552978515625,1014.7352294921875,421.959228515625,946.0285034179688,422.6824951171875,1019.1183471679688,444.25042724609375,946.5528564453125,445.54620361328125,992.8427734375,453.93450927734375,967.2315673828125,454.3200988769531,998.5093994140625,497.4747314453125,965.617431640625,497.6717834472656,1000.024658203125,543.1636962890625,964.8092041015625,543.5764770507812
984.51904296875,376.72808837890625,987.987060546875,372.1854248046875,980.3182983398438,372.1978454589844,992.5588989257812,374.4039001464844,972.5750732421875,374.32745361328125,999.7584228515625,397.46099853515625,960.243408203125,397.846923828125,1014.7205810546875,423.8324890136719,946.8101806640625,425.3440246582031,1018.9971313476562,445.229736328125,949.02685546875,446.85711669921875,991.8231811523438,455.83343505859375,965.9371337890625,456.28570556640625,999.1349487304688,497.6382751464844,961.9586791992188,497.9436950683594,1000.308837890625,541.2802124023438,958.8682250976562,541.96826171875
982.232421875,379.1219787597656,985.5706787109375,374.4686279296875,978.0730590820312,374.69921875,990.39794921875,376.35833740234375,971.1434326171875,376.9534606933594,998.878662109375,399.1302795410156,960.614501953125,400.2778015136719,1014.8309326171875,425.0673522949219,947.389892578125,427.6191101074219,1020.2026977539062,448.3433837890625,947.499755859375,450.224853515625,991.938720703125,458.4646911621094,966.818115234375,459.0416564941406,1000.2420043945312,500.35430908203125,960.9344482421875,500.72900390625,999.368896484375,542.68896484375,953.6365356445312,543.4969482421875
980.0183715820312,382.1829528808594,984.0189208984375,378.29388427734375,976.572021484375,377.890380859375,991.5130004882812,379.7740478515625,970.1298828125,378.9917907714844,1000.0621337890625,400.93194580078125,960.5400390625,403.64617919921875,1016.8529052734375,419.8975524902344,948.699462890625,437.1387634277344,1014.2909545898438,428.133056640625,947.58642578125,465.4243469238281,991.1956787109375,461.925537109375,964.1839599609375,462.3648376464844,1001.0143432617188,504.2398681640625,956.123291015625,504.704833984375,1004.0941772460938,547.0152587890625,945.856689453125,548.4690551757812
980.3109130859375,384.265869140625,983.8707275390625,380.2026672363281,976.6800537109375,380.0948486328125,990.195556640625,381.0936584472656,969.661376953125,380.75738525390625,998.28466796875,402.0946044921875,958.067138671875,404.84765625,1012.2801513671875,425.107666015625,945.7449951171875,436.688720703125,1014.6172485351562,445.9871520996094,945.4921875,467.105224609375,988.3206787109375,462.1719970703125,960.4722290039062,463.220703125,1000.7828979492188,504.7470703125,950.9767456054688,506.5101318359375,1003.10107421875,546.9607543945312,938.893310546875,550.63671875
978.60693359375,387.44146728515625,981.9771728515625,383.2154846191406,974.984130859375,383.31793212890625,988.0928955078125,383.6163024902344,968.138916015625,383.8080139160156,997.0695190429688,404.58551025390625,956.3172607421875,407.5257568359375,1010.1491088867188,429.611328125,944.232177734375,438.99444580078125,1015.81689453125,457.8096923828125,942.6807861328125,470.0408935546875,987.638671875,464.50665283203125,959.3094482421875,465.6964416503906,998.9844970703125,505.9197692871094,946.5941162109375,508.2126159667969,1002.5963134765625,546.278076171875,935.567626953125,550.6861572265625
975.9796142578125,386.835205078125,979.3416137695312,382.8064270019531,972.5850219726562,382.839111328125,985.00341796875,383.39794921875,965.8514404296875,383.5367431640625,992.720947265625,404.04852294921875,953.4410400390625,407.17938232421875,1006.1683349609375,428.40899658203125,941.2000122070312,439.30242919921875,1012.712646484375,453.2508544921875,938.0684814453125,470.3594970703125,981.0693359375,463.00128173828125,953.5618286132812,464.2467956542969,994.266357421875,504.5019836425781,942.5362548828125,506.66217041015625,1002.6094970703125,546.219970703125,934.5054931640625,550.629150390625
976.4781494140625,386.39202880859375,980.000244140625,381.93511962890625,972.9873046875,381.5823669433594,983.5050048828125,383.7953796386719,966.11474609375,382.4921875,987.1166381835938,406.576904296875,952.0567016601562,405.2066650390625,997.879638671875,434.65191650390625,934.0570068359375,433.60260009765625,1007.0697021484375,462.1141357421875,932.57861328125,463.31689453125,976.4174194335938,460.92315673828125,952.0640258789062,460.77423095703125,993.3949584960938,500.91326904296875,941.0216064453125,501.0185546875,999.041259765625,543.5615234375,930.84228515625,544.287353515625
974.9619140625,387.8044738769531,978.380859375,383.4344482421875,971.7763671875,382.94757080078125,981.5187377929688,385.2990417480469,964.7005615234375,383.59521484375,984.7271728515625,408.0605163574219,949.8260498046875,406.05914306640625,994.6624755859375,435.6875,930.069580078125,433.21453857421875,1003.4130249023438,463.4625244140625,926.2896728515625,464.083251953125,972.9381103515625,462.018798828125,948.7529296875,461.6400146484375,989.093017578125,502.99285888671875,938.2747192382812,503.0131530761719,996.64794921875,544.0646362304688,929.9931640625,544.623779296875
969.792724609375,391.24053955078125,973.6034545898438,387.4541931152344,966.7913818359375,387.0751953125,977.5980224609375,388.033447265625,960.0107421875,387.3858642578125,979.9674682617188,407.4708251953125,945.3612670898438,410.46331787109375,985.3577270507812,430.4581298828125,929.7257080078125,442.3173522949219,986.279052734375,449.19757080078125,926.0107421875,469.1199645996094,969.345947265625,462.9352111816406,945.1458740234375,464.4414367675781,980.9259033203125,502.6447448730469,936.5560913085938,505.95684814453125,990.4888916015625,541.2730712890625,932.4373779296875,549.1358032226562
968.25341796875,391.6373291015625,972.34375,387.6646728515625,964.8310546875,387.2711181640625,976.8944091796875,388.373291015625,957.5440673828125,387.52423095703125,980.91455078125,407.77239990234375,941.9141235351562,409.62957763671875,987.5974731445312,433.75128173828125,926.6231689453125,439.6619567871094,991.5225219726562,459.1332092285156,923.8162841796875,466.3968505859375,967.1687622070312,463.16680908203125,940.6019287109375,464.3870544433594,975.7447509765625,502.4841613769531,932.2615966796875,505.58685302734375,981.9290771484375,541.677734375,931.447509765625,548.403564453125
965.3897094726562,394.30328369140625,969.4136352539062,390.45806884765625,962.3214111328125,390.00030517578125,973.955810546875,390.9256591796875,955.6825561523438,389.99285888671875,977.8143310546875,409.5634460449219,940.2882080078125,411.38427734375,983.46435546875,435.38116455078125,925.725341796875,441.5228576660156,988.0377197265625,460.9649658203125,921.8827514648438,470.29986572265625,964.322998046875,462.80303955078125,938.8419799804688,463.90924072265625,971.4891357421875,501.7207946777344,929.7266235351562,504.53851318359375,975.5022583007812,541.781005859375,927.862060546875,548.0623779296875
965.361572265625,394.66900634765625,968.9086303710938,391.1904296875,962.1875,390.70123291015625,971.9578857421875,393.05828857421875,955.1678466796875,391.8780517578125,975.6275024414062,413.8667907714844,939.6455078125,414.0233459472656,979.874755859375,439.73260498046875,923.8569946289062,441.6880187988281,984.9716796875,464.857666015625,918.96923828125,469.9997863769531,963.058349609375,465.6015930175781,938.77880859375,465.711669921875,965.9177856445312,504.9209289550781,925.9063110351562,506.22869873046875,966.4735107421875,542.9785766601562,921.217529296875,546.9166259765625
959.703125,401.53570556640625,963.3482666015625,397.44622802734375,956.560302734375,396.76263427734375,967.3562622070312,399.17852783203125,950.5360107421875,397.20684814453125,972.9083251953125,420.24188232421875,937.8887939453125,417.41656494140625,980.3768920898438,447.22161865234375,920.8876953125,442.3351135253906,981.7838745117188,472.5545654296875,917.6561279296875,469.9522705078125,960.0445556640625,471.3973388671875,936.2199096679688,469.9704895019531,968.15087890625,508.6253662109375,922.0377197265625,507.67083740234375,966.114013671875,546.84912109375,909.27880859375,546.1213989257812
955.2490234375,411.3003845214844,958.9308471679688,407.30950927734375,952.5029296875,406.50494384765625,963.6434326171875,408.6175231933594,947.04248046875,406.4132080078125,969.86279296875,428.07861328125,935.317138671875,425.04388427734375,979.4379272460938,453.1593017578125,917.8372802734375,448.172607421875,982.447998046875,477.3955078125,913.056884765625,474.20745849609375,955.7803344726562,477.731201171875,932.119384765625,476.00604248046875,965.2095947265625,516.0096435546875,916.6500244140625,514.874267578125,965.3154296875,552.4706420898438,903.4351806640625,551.6213989257812
953.6708984375,413.37451171875,957.1534423828125,409.3037109375,950.6552124023438,408.72705078125,961.3255004882812,410.5597229003906,944.6883544921875,408.8464050292969,967.7986450195312,430.1416015625,932.3428344726562,427.7458190917969,977.42431640625,455.5614013671875,913.8963623046875,451.41064453125,980.6951293945312,479.6293029785156,909.27392578125,477.39697265625,955.8275756835938,478.7100830078125,931.5140991210938,477.57464599609375,969.6397705078125,513.602783203125,918.418701171875,512.8815307617188,971.1637573242188,552.8289794921875,906.2590942382812,552.295654296875
949.6026611328125,420.5662536621094,952.513427734375,417.07611083984375,947.0381469726562,416.756591796875,957.1236572265625,417.8539123535156,940.829833984375,416.83502197265625,961.6802978515625,435.56915283203125,926.6502685546875,435.2403564453125,970.9619140625,460.58795166015625,908.3916015625,459.5,974.8758544921875,486.5895080566406,903.4686279296875,482.23773193359375,950.720947265625,479.40582275390625,926.51123046875,479.7562255859375,964.259765625,513.0177001953125,918.15478515625,515.0927124023438,964.6876831054688,549.7571411132812,904.864013671875,556.1489868164062
945.3709716796875,419.5245361328125,949.22412109375,415.45062255859375,942.352783203125,414.72100830078125,954.0078125,416.2655029296875,936.6845703125,413.9931640625,960.6737060546875,434.94476318359375,925.6943359375,431.83258056640625,968.208740234375,462.3826904296875,906.9091186523438,456.5210266113281,972.5103759765625,488.6589660644531,901.309326171875,484.9216003417969,951.9190063476562,481.4876708984375,928.0010375976562,480.1549987792969,966.9175415039062,514.4327392578125,917.0855712890625,513.5393676757812,970.2778930664062,556.7160034179688,907.4284057617188,555.4339599609375
942.2218017578125,414.7042236328125,945.7664794921875,411.07061767578125,939.59326171875,410.62103271484375,952.4371948242188,411.12646484375,934.2346801757812,410.1080322265625,960.5462646484375,428.91644287109375,921.810791015625,427.51812744140625,968.728271484375,454.41925048828125,906.0062255859375,450.47808837890625,964.5071411132812,479.83062744140625,899.797607421875,473.39190673828125,950.5318603515625,475.2483215332031,923.7654418945312,474.6807861328125,963.7036743164062,508.6358642578125,913.1713256835938,509.2740783691406,967.9759521484375,550.3901977539062,906.7059326171875,554.349853515625
939.7454833984375,408.7083435058594,943.046630859375,405.0339660644531,936.8604125976562,404.76708984375,948.991943359375,405.328369140625,931.361328125,404.77276611328125,957.4932861328125,423.6988525390625,920.0045166015625,423.0472412109375,966.69970703125,448.88970947265625,906.3199462890625,447.2100830078125,964.9517211914062,472.11676025390625,899.5398559570312,470.61260986328125,948.3553466796875,473.46221923828125,922.231201171875,473.02899169921875,960.640869140625,509.42816162109375,910.3592529296875,509.6370849609375,966.0860595703125,550.167724609375,902.484375,552.3284912109375
931.9154052734375,405.905029296875,935.4478759765625,402.30340576171875,929.7464599609375,401.99365234375,943.17236328125,402.723388671875,925.81494140625,402.39691162109375,953.460205078125,420.560302734375,916.98095703125,421.37548828125,964.5897216796875,444.4915771484375,906.44775390625,445.9234619140625,958.5961303710938,466.312255859375,899.3362426757812,468.31304931640625,944.0601806640625,470.6474609375,918.3438720703125,470.42529296875,953.552001953125,506.6155700683594,904.5699462890625,506.99884033203125,961.480712890625,547.1051025390625,897.9791259765625,549.06787109375
927.4842529296875,400.3165283203125,930.8908081054688,396.09356689453125,925.125732421875,395.8226623535156,937.147216796875,396.9304504394531,921.2979125976562,396.42840576171875,947.65478515625,416.3502502441406,913.529052734375,415.6395263671875,957.894775390625,443.2745361328125,903.5147094726562,441.73785400390625,952.0498046875,465.63287353515625,901.235595703125,463.81829833984375,938.7332153320312,466.02178955078125,914.8316650390625,465.27154541015625,948.9576416015625,504.3732604980469,898.59375,503.8251953125,955.1295166015625,545.6050415039062,891.7787475585938,544.7821655273438
923.984375,396.3662109375,927.544921875,392.2112731933594,921.6920166015625,391.9613037109375,934.030517578125,393.6688232421875,918.2118530273438,393.21514892578125,943.6656494140625,414.3199768066406,912.2067260742188,413.5523986816406,952.650634765625,440.9609375,901.6376953125,438.86395263671875,948.079345703125,462.9454650878906,895.9176025390625,460.9532470703125,936.05712890625,463.46295166015625,913.8209228515625,462.61517333984375,945.9349365234375,500.58270263671875,896.1183471679688,499.8802185058594,956.8411865234375,540.4542236328125,892.0123901367188,539.343505859375
920.1937255859375,396.443359375,923.25732421875,392.584228515625,917.3060302734375,392.47216796875,929.4903564453125,392.7445068359375,913.9742431640625,392.9217529296875,941.1666259765625,411.7519226074219,909.97021484375,411.0110778808594,954.4443969726562,438.32537841796875,903.36865234375,433.7804260253906,946.384033203125,456.83673095703125,894.5216064453125,452.7225341796875,940.2848510742188,461.40191650390625,917.0308227539062,460.6370544433594,946.0731201171875,496.4273681640625,894.0537109375,494.84356689453125,961.0860595703125,539.25,891.8058471679688,536.1676635742188
915.6705322265625,388.96533203125,918.58544921875,384.9341125488281,912.6981811523438,385.0022277832031,925.39794921875,385.66998291015625,911.25927734375,386.1097412109375,938.7064819335938,406.46978759765625,909.284423828125,404.9449768066406,953.4215087890625,434.0064697265625,903.2968139648438,427.1134033203125,938.203125,447.9564208984375,895.297607421875,440.3514404296875,937.7371826171875,454.45758056640625,915.733154296875,453.24566650390625,945.4802856445312,495.0162048339844,894.7828369140625,492.5921630859375,960.44970703125,538.8031005859375,893.520263671875,534.0109252929688
905.7306518554688,380.91339111328125,909.031982421875,376.8957824707031,902.7236328125,376.84124755859375,917.832275390625,378.0552978515625,902.1177978515625,378.048583984375,932.5457153320312,400.35589599609375,904.6160888671875,397.9267578125,948.2349853515625,428.2169189453125,894.8599853515625,420.2041015625,937.31201171875,444.72308349609375,875.722412109375,436.5477294921875,936.094482421875,454.4490966796875,916.0933227539062,452.21868896484375,940.4365234375,494.055908203125,894.648193359375,490.2192077636719,959.1258544921875,539.3533935546875,894.799560546875,531.8681640625
898.6598510742188,372.109375,903.1752319335938,368.03033447265625,896.012451171875,367.5910949707031,915.001220703125,370.8208923339844,896.458984375,369.9635009765625,928.8477783203125,395.8330078125,900.3350830078125,392.7281799316406,941.58447265625,423.93511962890625,885.8805541992188,412.0335388183594,931.7388916015625,439.60595703125,858.067138671875,424.1524658203125,936.3218994140625,451.86602783203125,916.2022705078125,449.69403076171875,940.3009643554688,490.3334655761719,895.50439453125,487.37091064453125,961.54150390625,532.9306640625,897.5133056640625,528.052978515625
896.5672607421875,369.75970458984375,899.935791015625,365.859375,894.988525390625,365.7950439453125,909.1008911132812,368.6124572753906,898.8825073242188,368.43194580078125,919.2350463867188,391.6441955566406,899.8831787109375,388.5409240722656,905.28076171875,415.1192321777344,881.200927734375,403.19183349609375,866.3079833984375,409.798583984375,852.9215087890625,398.71929931640625,925.0200805664062,449.78997802734375,909.738037109375,448.16424560546875,933.2584228515625,487.8344421386719,892.9613037109375,485.5264892578125,957.824462890625,527.99755859375,903.3532104492188,523.249267578125
891.0009155273438,359.48126220703125,894.8870849609375,355.9179382324219,890.0052490234375,355.3204345703125,903.3894653320312,359.39300537109375,894.2513427734375,357.9117431640625,908.1275634765625,380.4549865722656,893.6824951171875,377.3809814453125,886.4691162109375,399.285888671875,873.707275390625,392.297119140625,854.2391967773438,387.4455871582031,852.4161987304688,387.52593994140625,919.586669921875,442.49005126953125,906.6422119140625,441.61944580078125,929.7569580078125,486.30523681640625,895.6294555664062,485.0343017578125,962.1425170898438,524.6292114257812,906.2161865234375,520.9671630859375
888.9752197265625,355.93646240234375,893.9072265625,352.62249755859375,887.415771484375,351.7482604980469,901.8414306640625,356.28533935546875,889.2994995117188,354.4498291015625,906.9854736328125,375.650146484375,887.3294677734375,373.999755859375,892.2515869140625,385.68365478515625,875.684326171875,379.57464599609375,863.0582275390625,370.6510009765625,858.84033203125,360.4456787109375,918.433837890625,441.0830078125,902.0230712890625,440.758544921875,927.424560546875,485.13232421875,896.3133544921875,485.8697509765625,959.3568115234375,522.91943359375,911.3219604492188,524.052001953125
883.8408203125,349.3529052734375,888.4608764648438,346.1315612792969,883.59521484375,345.53125,897.046630859375,350.0993957519531,890.6265869140625,349.1300048828125,903.4833984375,367.14202880859375,888.8201293945312,366.8267822265625,890.6297607421875,370.7188720703125,876.6436767578125,367.49041748046875,866.9049072265625,344.4693603515625,856.9000244140625,336.1441650390625,911.95263671875,432.6816101074219,899.260009765625,432.66583251953125,917.7962036132812,481.2909851074219,894.5000610351562,482.93133544921875,947.6834106445312,515.1283569335938,908.9332275390625,517.4788818359375
886.64306640625,335.7732238769531,890.8328857421875,332.6396484375,885.6685791015625,332.2579345703125,896.52392578125,338.8422546386719,888.5692138671875,338.5694580078125,897.827392578125,359.0745849609375,883.2423095703125,358.672607421875,880.0794067382812,353.5533447265625,865.9011840820312,350.79229736328125,867.3289794921875,323.88848876953125,858.2808837890625,319.54791259765625,901.15771484375,424.8055114746094,889.9125366210938,425.1768493652344,899.34521484375,472.1055908203125,886.2511596679688,472.70562744140625,928.0478515625,505.333984375,907.5665283203125,504.163330078125
881.6912841796875,331.3839111328125,886.228515625,327.2500305175781,880.7991943359375,327.4107360839844,894.3546142578125,332.8532409667969,885.5364990234375,333.9521179199219,895.8781127929688,351.932373046875,884.97802734375,352.5235290527344,876.90380859375,336.856201171875,871.03759765625,335.55712890625,868.7344970703125,309.5640869140625,865.1434326171875,305.36444091796875,895.6693725585938,419.140380859375,887.13916015625,419.4000244140625,889.6631469726562,468.82080078125,882.314697265625,468.93927001953125,918.918701171875,506.3631591796875,909.710693359375,504.8453063964844
877.8333740234375,327.12969970703125,882.8719482421875,323.9486999511719,876.8212280273438,323.067138671875,890.56884765625,332.3233642578125,880.712646484375,330.91656494140625,891.4213256835938,352.92822265625,879.5126953125,351.91015625,886.3509521484375,332.9504089355469,874.6209716796875,331.5015563964844,879.472900390625,303.1683654785156,867.4048461914062,301.12457275390625,887.361572265625,417.1751708984375,878.5376586914062,416.7146301269531,881.13330078125,464.09912109375,879.399658203125,464.1763916015625,903.542236328125,500.6124267578125,899.8676147460938,500.0763244628906
879.0296630859375,325.1287841796875,883.7294311523438,321.912841796875,877.6224975585938,321.08453369140625,890.1564331054688,330.8436584472656,879.706298828125,329.440185546875,890.9760131835938,351.785888671875,876.7205200195312,350.3348388671875,888.4351806640625,332.6117858886719,873.8441162109375,329.826904296875,881.5516357421875,302.94171142578125,868.2794189453125,299.349609375,883.7913208007812,413.7051086425781,872.9952392578125,413.04229736328125,878.0626831054688,459.29241943359375,872.4772338867188,459.0976867675781,899.1080322265625,497.8455505371094,890.8570556640625,497.31060791015625
878.8855590820312,323.9428405761719,883.6627807617188,321.0765686035156,877.985107421875,319.8037109375,889.884033203125,330.23779296875,880.1448974609375,327.81683349609375,890.5416259765625,351.2754821777344,875.2174072265625,348.6134948730469,890.9837036132812,336.1830139160156,871.0587158203125,332.4020080566406,882.065673828125,306.99810791015625,862.84619140625,304.7547607421875,878.057373046875,412.490478515625,866.218017578125,411.0158386230469,873.6419677734375,455.8992004394531,863.7852172851562,454.7928466796875,897.1129760742188,493.04547119140625,880.9220581054688,491.260009765625
871.9755859375,322.8756408691406,877.2437744140625,320.3135070800781,870.5347900390625,318.8568115234375,884.3369140625,328.2431640625,870.8051147460938,325.40826416015625,886.0281372070312,347.3765869140625,866.0599365234375,344.7675476074219,890.5517578125,335.2672119140625,861.9559936523438,334.1113586425781,884.134033203125,303.36407470703125,855.999755859375,308.1628723144531,874.3380126953125,408.0447998046875,859.2633056640625,406.49676513671875,870.9820556640625,451.8446960449219,855.698486328125,450.2052001953125,900.191650390625,487.4078063964844,875.0001220703125,484.7150573730469
862.3927001953125,320.37823486328125,867.6036376953125,317.8309631347656,862.379638671875,316.5030822753906,877.5264892578125,323.9808654785156,866.990234375,321.6318359375,882.240234375,343.44769287109375,864.5234375,342.82037353515625,886.9209594726562,350.7637023925781,854.0128784179688,355.0185241699219,879.2308959960938,329.2948913574219,840.635009765625,343.1285705566406,870.7781982421875,403.70440673828125,857.6318359375,402.5045471191406,868.548095703125,446.2874450683594,848.188232421875,445.1748962402344,897.8724975585938,481.7432556152344,861.2618408203125,479.50634765625
862.5443115234375,318.320068359375,867.242919921875,315.609375,862.2679443359375,314.0186767578125,875.547119140625,319.821044921875,865.556884765625,316.38201904296875,881.5198974609375,341.4271545410156,861.4322509765625,334.9571533203125,888.6798095703125,366.5528869628906,849.669189453125,351.84857177734375,884.2725830078125,365.15802001953125,836.271484375,347.92413330078125,869.874755859375,401.713134765625,855.495849609375,397.99285888671875,864.62109375,447.27227783203125,841.870849609375,442.7624816894531,896.5826416015625,481.27862548828125,858.0958251953125,474.3984375
858.5030517578125,317.3457946777344,862.489990234375,314.764404296875,857.5112915039062,314.1398010253906,870.6053466796875,318.94854736328125,858.42919921875,317.59405517578125,880.200439453125,338.2178039550781,849.8336791992188,332.2585144042969,891.2352905273438,353.37957763671875,824.1670532226562,338.3642578125,890.9344482421875,348.1082763671875,827.3622436523438,329.828125,868.7462768554688,396.950927734375,848.1529541015625,393.791748046875,863.5120849609375,443.9528503417969,839.8973388671875,439.5146484375,891.2200927734375,479.21356201171875,856.2485961914062,471.85845947265625
857.243896484375,320.1111755371094,860.505615234375,317.03192138671875,854.544921875,316.8926696777344,864.4364013671875,320.25970458984375,851.4305419921875,320.36041259765625,871.73974609375,339.3293151855469,843.9813232421875,335.7401428222656,886.5650634765625,362.43341064453125,826.699951171875,344.8602294921875,887.53564453125,368.3516845703125,829.827880859375,328.602783203125,861.7930297851562,396.1194763183594,848.3746948242188,395.29547119140625,837.3465576171875,442.58636474609375,860.3878784179688,442.8870849609375,845.6494140625,475.8770751953125,894.7525634765625,477.005126953125
858.1939086914062,323.5526123046875,863.093505859375,320.1900329589844,855.6116943359375,319.3846435546875,869.6907958984375,325.3257141113281,851.348876953125,323.5167236328125,870.6007080078125,345.018310546875,844.9036865234375,339.2225341796875,871.2874755859375,346.1796875,822.9189453125,334.39263916015625,856.0633544921875,327.7312316894531,814.434814453125,323.3486022949219,854.4814453125,405.1692810058594,839.891357421875,401.56549072265625,834.0126953125,452.62750244140625,843.153564453125,447.2288818359375,866.083740234375,479.35125732421875,886.8286743164062,472.34197998046875
852.9186401367188,338.3287658691406,855.7669677734375,335.2505187988281,850.8486328125,335.0447998046875,860.3347778320312,338.40179443359375,846.5996704101562,337.34075927734375,864.87744140625,356.423095703125,838.3994750976562,349.14581298828125,877.8228759765625,365.608154296875,809.5418701171875,340.80364990234375,879.357421875,365.0135498046875,807.093505859375,326.2967834472656,851.92236328125,408.4835205078125,838.2811279296875,405.12225341796875,832.5435791015625,447.00213623046875,841.4432373046875,442.48248291015625,847.593505859375,470.2497253417969,869.7708740234375,464.81146240234375
845.1912841796875,339.9622802734375,849.1123046875,336.8331604003906,843.5706787109375,335.91070556640625,855.8809814453125,339.0999755859375,840.74853515625,336.52471923828125,864.439453125,356.27294921875,834.6436767578125,352.04095458984375,877.494140625,370.6392517089844,816.9456787109375,362.4150695800781,877.9601440429688,364.03448486328125,805.3133544921875,357.4633483886719,851.7134399414062,404.89178466796875,833.5545654296875,402.10833740234375,846.3807373046875,433.6317443847656,832.3765869140625,431.74658203125,845.6854248046875,460.9072265625,832.731201171875,458.1898498535156
848.2840576171875,339.6429443359375,851.7142333984375,336.5270690917969,846.5791015625,335.744873046875,857.990478515625,338.37774658203125,843.17626953125,336.3327331542969,866.5518798828125,355.0750732421875,837.4861450195312,351.4750671386719,876.3096923828125,370.1988525390625,822.2825927734375,362.5099182128906,871.484130859375,358.80859375,817.24853515625,352.1295166015625,854.25,401.47760009765625,836.20068359375,399.00860595703125,849.7275390625,434.42340087890625,833.6600341796875,432.63916015625,845.853515625,464.986572265625,830.5919189453125,462.4737548828125
854.44677734375,332.32110595703125,857.43798828125,328.994140625,851.5247802734375,328.3658447265625,862.621337890625,330.6178894042969,846.3660888671875,329.4515686035156,869.7650756835938,344.737548828125,841.387451171875,343.4422302246094,887.5079345703125,344.281982421875,815.406494140625,358.7568054199219,873.8571166992188,320.1034240722656,798.38720703125,380.92681884765625,857.6885986328125,389.225341796875,840.912841796875,385.44189453125,843.8760986328125,420.00677490234375,828.7418212890625,411.78802490234375,833.6724853515625,449.441162109375,822.19189453125,433.81170654296875
845.9338989257812,324.3800048828125,849.4249877929688,320.70684814453125,842.874755859375,320.3546447753906,855.22119140625,323.0962829589844,839.21630859375,322.5760498046875,862.8466186523438,347.19281005859375,835.6715698242188,344.78717041015625,877.17919921875,376.9691162109375,821.545166015625,373.444091796875,866.6068115234375,400.74700927734375,810.5476684570312,403.944091796875,854.609130859375,401.7118835449219,839.15283203125,399.62274169921875,845.0311279296875,442.8477783203125,837.328857421875,439.0824279785156,862.7130126953125,477.5986633300781,860.457763671875,470.79815673828125
846.5070190429688,324.5111083984375,850.175048828125,320.7510986328125,843.979248046875,320.2699890136719,856.962158203125,322.78863525390625,840.489013671875,321.8858947753906,868.0896606445312,346.5970458984375,834.1323852539062,344.7344055175781,882.1026611328125,376.5978698730469,823.2606201171875,372.37725830078125,871.3341064453125,403.8652038574219,818.028564453125,403.62353515625,862.6591186523438,405.61199951171875,839.96435546875,404.157470703125,859.9703979492188,444.63287353515625,830.4534912109375,442.42095947265625,879.9369506835938,481.3686218261719,846.99658203125,477.6380615234375
846.207275390625,322.9328918457031,849.4708251953125,319.2973937988281,843.6333618164062,319.06134033203125,856.2962036132812,321.1800231933594,840.4169311523438,320.65814208984375,868.4169921875,343.4568786621094,834.5809936523438,341.869384765625,885.35546875,368.20159912109375,821.69677734375,364.1551513671875,882.8619384765625,391.5841369628906,821.4962158203125,388.40203857421875,865.6358642578125,399.6934814453125,842.3768310546875,398.5760192871094,869.2847900390625,438.78338623046875,832.3364868164062,436.76263427734375,886.4697265625,476.1099853515625,838.419677734375,471.7939453125
851.3087158203125,323.63397216796875,854.3560791015625,320.24737548828125,847.8078002929688,320.1513671875,860.0414428710938,322.15765380859375,842.876708984375,321.9150695800781,872.9625244140625,344.710205078125,835.0382080078125,339.1733703613281,887.8365478515625,369.84844970703125,816.9129638671875,351.491455078125,886.599609375,391.7337341308594,817.1885986328125,358.61370849609375,872.5703125,400.0338134765625,846.6626586914062,397.4200439453125,879.7963256835938,440.2348937988281,840.2338256835938,436.8575439453125,893.528564453125,476.0984802246094,843.6996459960938,470.259033203125
852.1367797851562,334.03106689453125,854.4334716796875,330.0157165527344,848.545654296875,330.6261291503906,859.271240234375,330.46466064453125,843.4953002929688,331.9236755371094,871.9376220703125,349.7628479003906,838.1856079101562,352.02423095703125,886.8896484375,371.58538818359375,830.3931884765625,376.70697021484375,888.2933349609375,393.879150390625,832.1287841796875,403.44281005859375,874.5221557617188,402.0445556640625,850.7576293945312,402.93316650390625,883.9224853515625,439.5509033203125,841.0614624023438,439.26422119140625,900.1907958984375,477.8379821777344,844.8370361328125,475.0848083496094
852.6910400390625,342.423583984375,855.4066162109375,337.686279296875,848.7991943359375,338.9386291503906,861.2513427734375,337.7269287109375,844.559326171875,341.3143310546875,875.1058959960938,355.571044921875,840.24853515625,361.10107421875,893.3173828125,377.9354248046875,834.7784423828125,387.4761962890625,896.958251953125,404.93902587890625,837.90234375,411.0068359375,880.182861328125,404.86395263671875,856.525390625,407.3132629394531,892.4701538085938,439.0941162109375,847.23828125,440.8592529296875,904.6932373046875,474.97796630859375,849.5773315429688,476.65704345703125
857.06103515625,341.6710510253906,859.0036010742188,337.4971923828125,853.5316162109375,338.43280029296875,864.4259033203125,338.2348937988281,849.7747802734375,340.62786865234375,878.6585693359375,357.0394592285156,846.0653076171875,360.9324951171875,895.269287109375,375.3393859863281,841.5780029296875,386.57843017578125,899.1102294921875,393.1641845703125,844.079345703125,413.3517150878906,884.4749755859375,406.5263671875,860.3170166015625,408.48724365234375,898.5958251953125,443.18408203125,845.558837890625,443.818603515625,916.53515625,481.66815185546875,845.2197265625,480.23309326171875
866.8463745117188,348.0204162597656,868.9598388671875,344.0166931152344,862.7389526367188,344.6476135253906,872.9854736328125,344.220947265625,855.6322021484375,345.54022216796875,883.9528198242188,362.11981201171875,848.5501098632812,365.09576416015625,897.0372314453125,382.8653869628906,846.158935546875,391.1329345703125,903.6873779296875,404.3544921875,848.51025390625,417.68707275390625,887.2152099609375,409.34600830078125,861.0433959960938,410.86456298828125,904.7724609375,445.2397155761719,847.5323486328125,446.0587463378906,919.5726318359375,483.07257080078125,843.6622924804688,483.4785461425781
877.7752685546875,349.679931640625,880.4851684570312,345.581298828125,874.2614135742188,346.0751037597656,884.2254638671875,346.1003723144531,869.1728515625,347.40313720703125,894.1944580078125,363.40374755859375,858.1939086914062,365.93841552734375,906.5619506835938,387.3379211425781,847.960205078125,392.363037109375,909.4791870117188,414.466064453125,855.8768920898438,418.63653564453125,893.65625,408.34942626953125,868.5309448242188,410.0003356933594,912.3598022460938,443.13555908203125,857.6588134765625,444.6552734375,917.6036376953125,479.616943359375,849.6514892578125,481.38055419921875
889.228759765625,345.2646484375,891.0228271484375,341.2859802246094,885.1373291015625,341.7120056152344,893.3109741210938,341.58380126953125,876.75048828125,342.1964111328125,902.35107421875,361.20684814453125,865.6448974609375,361.65435791015625,913.33837890625,386.95758056640625,855.6776123046875,389.0741271972656,916.8652954101562,412.3656921386719,860.2135009765625,419.36114501953125,898.923583984375,411.44732666015625,872.1469116210938,411.837890625,917.2073364257812,447.5012512207031,858.3564453125,446.9475402832031,927.2626953125,486.4867858886719,849.1071166992188,485.1112976074219
894.0858154296875,344.91973876953125,896.662841796875,340.8978271484375,890.245361328125,341.15509033203125,901.2359619140625,340.7415771484375,883.2207641601562,341.1040954589844,909.971923828125,360.1041259765625,873.9197998046875,360.7802734375,920.0938720703125,385.43267822265625,862.8901977539062,388.7255859375,921.906494140625,409.661865234375,865.0531005859375,419.498046875,905.4596557617188,412.1116943359375,879.2008056640625,412.3682556152344,921.4524536132812,448.0894775390625,863.3514404296875,447.55218505859375,929.6605224609375,485.27874755859375,851.4552612304688,483.84649658203125
904.8352661132812,338.3535461425781,907.407470703125,334.88018798828125,901.319091796875,334.75335693359375,911.107666015625,336.841064453125,894.5875244140625,336.240234375,918.7353515625,358.8004150390625,883.29833984375,357.76116943359375,926.1948852539062,383.9947509765625,872.169189453125,384.1733093261719,928.15625,407.06292724609375,871.3316650390625,414.76202392578125,912.1795654296875,410.36572265625,887.158935546875,409.91766357421875,925.0030517578125,447.9678039550781,875.1197509765625,446.61492919921875,928.8858642578125,484.80859375,866.1572265625,482.54815673828125
908.464111328125,339.1521301269531,911.9571533203125,335.6629638671875,905.1267700195312,335.320556640625,917.002197265625,337.5390625,899.1469116210938,336.57745361328125,925.070068359375,359.097900390625,887.3058471679688,358.2853088378906,930.92138671875,384.52899169921875,876.3396606445312,385.6102294921875,936.014892578125,409.10272216796875,871.9552001953125,417.3980712890625,917.0479736328125,410.56256103515625,891.0880737304688,409.9486083984375,925.7413330078125,448.05108642578125,880.4544067382812,446.93853759765625,928.499267578125,483.97686767578125,876.71826171875,482.3870544433594
914.1417236328125,340.3550109863281,917.5380859375,336.8833312988281,910.9229736328125,336.3333740234375,922.3701171875,338.67181396484375,904.400146484375,337.2145690917969,928.81787109375,359.93798828125,892.193359375,358.0740966796875,935.749755859375,384.61993408203125,878.9422607421875,382.9527587890625,939.8143310546875,409.8370056152344,875.2959594726562,411.57293701171875,920.1132202148438,410.52923583984375,894.9759521484375,409.755615234375,929.0272216796875,448.51678466796875,883.666748046875,447.4825439453125,931.5443115234375,485.4324645996094,878.1849365234375,484.3153381347656
921.0645751953125,342.9808349609375,924.0277099609375,339.18426513671875,917.82568359375,338.7561950683594,926.2496337890625,341.4412841796875,911.1781005859375,340.1789245605469,930.1102294921875,362.3157958984375,898.8985595703125,361.1488952636719,938.9034423828125,389.11688232421875,885.2674560546875,387.72467041015625,943.4644775390625,417.9976501464844,883.89794921875,418.0773010253906,921.720947265625,411.83148193359375,900.3201904296875,411.5457458496094,933.6181640625,448.824462890625,890.5096435546875,448.69873046875,935.9857177734375,486.2194519042969,882.0617065429688,486.525634765625
925.6134033203125,343.9300231933594,929.2908325195312,340.2648010253906,922.568603515625,339.67486572265625,933.9307861328125,342.25738525390625,915.6326293945312,340.91766357421875,937.813232421875,364.24786376953125,901.6279296875,365.1373291015625,946.4783935546875,390.178955078125,889.1182250976562,394.8551330566406,951.9061889648438,418.1950378417969,884.865966796875,424.71685791015625,929.677490234375,414.7752685546875,904.5040283203125,415.995361328125,940.99169921875,452.5634765625,894.3784790039062,455.5119323730469,943.5115356445312,491.0174560546875,885.7330322265625,497.9842529296875
928.7861938476562,348.9154052734375,932.3046875,344.68267822265625,925.2266235351562,344.3450927734375,936.2933349609375,346.32818603515625,918.8618774414062,345.2174377441406,940.9962158203125,367.1650085449219,907.367431640625,365.74298095703125,950.143798828125,393.95654296875,890.97705078125,391.9131774902344,956.1932373046875,421.3087463378906,888.7874755859375,420.8160400390625,931.88525390625,416.5736389160156,908.870361328125,416.09149169921875,945.0203247070312,454.42486572265625,897.888427734375,454.1401062011719,947.0555419921875,494.9228210449219,887.2831420898438,494.8641357421875
934.4547119140625,355.7193603515625,937.7726440429688,351.95611572265625,930.9720458984375,351.6539611816406,941.7357177734375,352.76177978515625,923.3023681640625,351.96380615234375,946.1324462890625,372.3876953125,909.1568603515625,373.99298095703125,958.838623046875,395.301025390625,895.7547607421875,402.74798583984375,968.961181640625,419.4976806640625,892.078369140625,428.89227294921875,933.5487670898438,423.0493469238281,908.5841064453125,423.8978576660156,944.1505737304688,460.26995849609375,900.0038452148438,462.68487548828125,944.1552734375,498.3160400390625,889.7379150390625,504.0676574707031
934.056396484375,359.6082763671875,937.4298095703125,355.57818603515625,930.5982055664062,355.8616943359375,943.638671875,355.3799743652344,924.673583984375,356.1253967285156,950.82373046875,372.3817138671875,915.1173706054688,377.16571044921875,969.83984375,391.5853271484375,899.942626953125,405.0431213378906,981.06298828125,413.62744140625,896.6895751953125,431.5595397949219,942.300537109375,428.6866455078125,917.84521484375,430.7669677734375,952.9215087890625,468.654541015625,905.6021728515625,472.05950927734375,955.0241088867188,507.42523193359375,889.7056884765625,513.0777587890625
935.5118408203125,363.02056884765625,939.1854248046875,358.6174621582031,931.0830078125,359.0131530761719,945.3938598632812,359.5279541015625,923.319091796875,360.4979248046875,951.3656616210938,379.8283996582031,913.2376708984375,386.65521240234375,974.954833984375,395.26715087890625,899.7749633789062,418.53363037109375,1000.1029052734375,414.3192138671875,896.3893432617188,444.83831787109375,942.6033935546875,439.984130859375,916.861083984375,442.9873046875,956.4500732421875,479.91278076171875,907.9176635742188,484.62554931640625,953.888427734375,515.6376953125,887.896484375,523.235107421875
939.37890625,365.3414611816406,942.839111328125,361.03985595703125,934.686767578125,361.3550720214844,948.0865478515625,361.49273681640625,926.225341796875,362.15338134765625,952.42041015625,380.1541442871094,917.5541381835938,387.4602355957031,979.2257080078125,392.36810302734375,906.0950927734375,420.85345458984375,1008.8311157226562,403.775146484375,903.0029296875,447.6396484375,945.613037109375,442.6046447753906,922.3798828125,445.5376281738281,957.155029296875,484.60516357421875,914.4109497070312,488.7812805175781,949.422607421875,518.5103759765625,887.7442016601562,524.9541015625
943.423583984375,368.60980224609375,946.7301635742188,364.569091796875,939.419189453125,364.7498474121094,951.6058349609375,364.5381774902344,932.502197265625,364.5870666503906,956.7998046875,380.42645263671875,923.13720703125,386.98004150390625,983.2825927734375,391.14727783203125,909.764892578125,418.02032470703125,1014.7018432617188,395.3669128417969,908.4395141601562,448.818115234375,949.7631225585938,443.0748596191406,927.692626953125,445.93670654296875,955.46435546875,489.0178527832031,916.3853759765625,491.3337707519531,948.7553100585938,524.9315185546875,892.673828125,527.0955810546875
945.2623901367188,372.6510314941406,948.618408203125,368.55621337890625,941.3408203125,368.4983825683594,952.706787109375,369.7918701171875,933.6522216796875,369.6341552734375,953.5001220703125,387.6905517578125,927.095703125,393.8707275390625,968.6508178710938,393.55438232421875,917.9426879882812,423.828857421875,972.0838623046875,388.00225830078125,918.8604736328125,450.20001220703125,947.8448486328125,450.3634033203125,932.4814453125,452.0505065917969,935.4365234375,492.37078857421875,935.9439697265625,494.36053466796875,912.9574584960938,525.6202392578125,920.7379150390625,528.85009765625
950.487548828125,376.35760498046875,953.3421020507812,372.45428466796875,946.5399169921875,372.7392883300781,956.9114990234375,372.9434509277344,939.05859375,373.18853759765625,960.012451171875,386.5708923339844,930.4344482421875,397.36407470703125,981.9387817382812,390.18890380859375,921.908447265625,431.1900329589844,997.6845703125,378.34674072265625,923.68115234375,466.4140625,952.1574096679688,450.5147705078125,934.8034057617188,455.35015869140625,944.9498291015625,493.313720703125,932.465576171875,497.63421630859375,919.2366943359375,523.0744018554688,907.845703125,527.9085693359375
957.5738525390625,376.9774475097656,960.42822265625,373.2541809082031,953.1688842773438,373.4259033203125,963.7276611328125,374.81390380859375,944.4793701171875,374.75347900390625,962.144775390625,390.25372314453125,937.58984375,398.5281982421875,973.8408203125,391.62823486328125,931.2277221679688,431.60211181640625,986.3592529296875,378.20361328125,936.84765625,460.26983642578125,957.274169921875,451.61322021484375,939.5096435546875,454.338134765625,961.7744140625,493.10675048828125,926.5753784179688,496.1018371582031,947.3779907226562,524.0972290039062,891.540283203125,529.2135009765625
966.3148193359375,380.5643005371094,969.1973876953125,376.6361083984375,961.825927734375,376.531982421875,971.64208984375,378.6713562011719,952.9473876953125,377.40399169921875,968.01513671875,400.0474853515625,945.2802734375,398.3072204589844,965.7259521484375,428.68798828125,938.1806030273438,427.4814453125,965.54248046875,451.5899963378906,946.9642333984375,458.1700744628906,956.1220092773438,455.19696044921875,941.9134521484375,454.16766357421875,949.930908203125,495.2982177734375,939.7208862304688,494.8494873046875,917.85986328125,520.2557373046875,909.73583984375,522.6442260742188
976.8736572265625,380.2950439453125,979.63818359375,375.9841003417969,971.764892578125,376.062744140625,980.4596557617188,378.5849609375,961.6726684570312,377.6988830566406,972.2979125976562,401.191162109375,955.4637451171875,400.1507263183594,968.8247680664062,430.68133544921875,950.599609375,433.446044921875,974.6424560546875,449.65582275390625,964.5723266601562,467.1033935546875,958.1390991210938,459.3150329589844,945.644775390625,458.4066162109375,962.435302734375,499.1475830078125,940.3985595703125,497.91326904296875,929.70068359375,522.7909545898438,894.0469970703125,522.9583740234375
989.5416259765625,383.3551025390625,991.8306884765625,378.8941955566406,984.72216796875,378.85015869140625,990.373291015625,380.832763671875,974.2322998046875,379.8791198730469,981.18798828125,403.4117431640625,967.2041015625,401.9779052734375,975.6732177734375,433.8028564453125,960.721435546875,434.1845397949219,981.87548828125,452.176025390625,969.3176879882812,461.91009521484375,966.6522216796875,461.985595703125,959.630615234375,461.08416748046875,958.9849853515625,501.24395751953125,968.7551879882812,500.5760192871094,910.6846923828125,525.2665405273438,930.0264892578125,526.34423828125
1001.0982666015625,386.71502685546875,1002.738525390625,381.6168212890625,996.0582275390625,382.1926574707031,999.3243408203125,382.0372009277344,986.009765625,382.9236145019531,987.5703735351562,404.2523193359375,979.63916015625,405.8372802734375,982.1328125,438.84930419921875,977.3787231445312,442.54986572265625,991.44140625,457.46221923828125,988.6265258789062,466.00701904296875,970.0556030273438,466.9790954589844,965.5743408203125,467.70947265625,974.7324829101562,511.2794494628906,977.9979248046875,513.0242919921875,926.7010498046875,531.72265625,930.200927734375,536.4093627929688
1011.71337890625,391.2300109863281,1011.71826171875,386.1484680175781,1007.1015014648438,387.0882568359375,1004.954345703125,386.3517150878906,997.7362060546875,388.068115234375,995.9844360351562,407.4991149902344,990.8934326171875,410.0650634765625,994.1643676757812,436.74072265625,988.5031127929688,442.3472900390625,1001.615234375,459.59503173828125,996.0975952148438,467.8365783691406,978.1334228515625,469.7817077636719,975.2239990234375,470.7447509765625,978.4100341796875,513.13427734375,979.4326171875,515.0577392578125,942.3026733398438,534.927001953125,942.610107421875,539.624755859375
1018.911376953125,397.9046630859375,1020.0305786132812,393.00811767578125,1015.8427734375,393.2451171875,1015.0750122070312,391.78106689453125,1008.67529296875,392.86798095703125,1004.0026245117188,412.1658935546875,1001.2152099609375,414.46356201171875,1007.2059326171875,444.092041015625,1003.0716552734375,448.4637451171875,1015.619384765625,472.11322021484375,1009.6571044921875,474.5419921875,977.05078125,470.2072448730469,975.7144775390625,470.820068359375,976.9278564453125,509.6492919921875,980.9091796875,511.9793701171875,950.3582763671875,538.1824340820312,952.7772216796875,545.35498046875
1036.273193359375,401.8193664550781,1035.743408203125,397.0811767578125,1033.074462890625,398.02581787109375,1027.5552978515625,396.77734375,1025.3935546875,398.85430908203125,1016.0596923828125,414.2456359863281,1013.685791015625,418.520263671875,1014.754150390625,445.2470397949219,1012.8967895507812,453.98602294921875,1031.5828857421875,468.1872253417969,1031.49609375,480.38836669921875,993.3502807617188,475.32958984375,993.2713623046875,477.6968994140625,1008.1318359375,516.2457275390625,1014.1221923828125,519.649169921875,957.81005859375,539.9729614257812,970.546875,547.1033935546875
1044.26904296875,406.8763427734375,1045.322265625,402.4999694824219,1040.3001708984375,402.9106750488281,1041.1297607421875,402.82794189453125,1031.456298828125,403.46728515625,1030.7010498046875,422.577392578125,1022.370361328125,423.4656982421875,1031.6749267578125,454.83245849609375,1024.8729248046875,457.0934143066406,1043.3150634765625,478.79345703125,1045.17626953125,483.71319580078125,1007.7973022460938,477.1209411621094,1003.5711669921875,477.77166748046875,1018.4646606445312,510.7883605957031,1022.7230224609375,511.7602844238281,978.8173828125,538.079345703125,990.7662963867188,541.4518432617188
1057.4605712890625,414.74212646484375,1057.53955078125,410.32574462890625,1054.310546875,410.6919250488281,1049.44921875,409.7012939453125,1045.946044921875,410.483154296875,1037.1737060546875,429.818115234375,1036.822509765625,430.68896484375,1041.271240234375,458.3431091308594,1039.6864013671875,460.1985168457031,1057.8336181640625,479.3294677734375,1055.8841552734375,483.36346435546875,1009.7042236328125,483.4681396484375,1017.4981689453125,484.0877380371094,993.7979736328125,519.4412231445312,1048.2591552734375,519.9593505859375,957.1104736328125,550.8525390625,1057.2840576171875,554.9913330078125
1067.6907958984375,421.72686767578125,1068.156494140625,417.244140625,1064.1336669921875,417.2439880371094,1060.0008544921875,417.27593994140625,1055.253662109375,417.03741455078125,1048.142333984375,438.2467041015625,1047.743896484375,437.7755126953125,1058.7506103515625,467.38568115234375,1056.433349609375,467.14697265625,1080.0406494140625,490.8328857421875,1076.266357421875,490.4442138671875,1025.1988525390625,487.84783935546875,1033.83203125,487.6659851074219,1005.501953125,528.4011840820312,1067.0679931640625,527.568115234375,972.0272827148438,560.8690795898438,1085.7705078125,562.6070556640625
1080.5401611328125,430.4505615234375,1079.826904296875,425.8200988769531,1077.6513671875,425.90972900390625,1069.0966796875,425.540283203125,1069.39794921875,425.54302978515625,1058.5087890625,446.067138671875,1059.1951904296875,446.3127136230469,1068.846435546875,477.546875,1066.9217529296875,479.11639404296875,1090.1700439453125,494.23480224609375,1085.453125,494.16571044921875,1037.91259765625,500.4710693359375,1047.03271484375,500.65869140625,1024.933349609375,541.6582641601562,1085.9005126953125,541.3822021484375,985.6572265625,574.3076171875,1098.3555908203125,575.7890625
1085.8919677734375,440.287841796875,1088.1943359375,435.49456787109375,1084.1175537109375,435.2099304199219,1076.697265625,435.63983154296875,1078.311767578125,434.44140625,1064.589599609375,454.6904296875,1068.603515625,456.00994873046875,1077.1419677734375,481.0374755859375,1080.344482421875,485.76812744140625,1109.350830078125,489.95318603515625,1106.3790283203125,493.95574951171875,1054.742919921875,512.1036376953125,1057.3896484375,514.0335693359375,1080.32861328125,547.5955200195312,1087.6943359375,548.7098388671875,1084.1444091796875,587.33642578125,1091.1683349609375,589.9182739257812
1099.7315673828125,452.58721923828125,1099.20703125,447.78204345703125,1095.5552978515625,448.70916748046875,1090.54736328125,448.7427062988281,1085.7840576171875,451.1688537597656,1083.3880615234375,473.06793212890625,1079.5115966796875,474.8868713378906,1096.224609375,497.54022216796875,1089.7325439453125,500.67730712890625,1115.3321533203125,516.9892578125,1110.61572265625,512.8514404296875,1057.9569091796875,526.6358642578125,1062.096435546875,527.1065673828125,1053.1544189453125,558.4920654296875,1098.559326171875,557.8253784179688,1020.05126953125,592.4598999023438,1107.9100341796875,591.92919921875
1110.744384765625,457.5819091796875,1113.6446533203125,452.9552307128906,1107.0750732421875,452.5339050292969,1097.9166259765625,454.57086181640625,1097.05419921875,453.708251953125,1085.5419921875,476.52978515625,1091.3603515625,478.17071533203125,1105.345703125,501.10125732421875,1115.469482421875,504.8797607421875,1136.0518798828125,514.9597778320312,1136.06201171875,516.2218017578125,1070.4276123046875,526.6854248046875,1073.9224853515625,528.4635009765625,1094.603271484375,546.7557983398438,1102.09326171875,547.8911743164062,1085.138671875,583.320068359375,1093.7147216796875,586.9324340820312
1120.0797119140625,466.67657470703125,1118.518310546875,462.2413330078125,1117.748779296875,463.3655090332031,1104.184326171875,461.42120361328125,1108.079833984375,464.043701171875,1091.2225341796875,478.9999694824219,1099.6898193359375,483.5289001464844,1106.919677734375,507.7012939453125,1114.550048828125,515.49560546875,1131.20849609375,526.1592407226562,1133.4259033203125,532.0812377929688,1068.30419921875,530.6365966796875,1075.7113037109375,533.7061767578125,1087.2235107421875,550.2706909179688,1112.8701171875,552.415283203125,1073.002197265625,587.3551025390625,1110.887451171875,591.6182861328125
1128.0577392578125,465.79998779296875,1126.78564453125,460.75732421875,1124.4794921875,461.407958984375,1113.935791015625,460.4857177734375,1113.39892578125,461.9990234375,1099.030029296875,481.33551025390625,1101.70654296875,483.09027099609375,1107.2337646484375,511.1435852050781,1104.2528076171875,514.323974609375,1124.951416015625,535.4573974609375,1118.907470703125,535.0458374023438,1064.9383544921875,527.8914184570312,1071.863037109375,528.9130859375,1071.8514404296875,558.7213134765625,1102.7681884765625,559.5875854492188,1046.8883056640625,592.6353759765625,1106.315185546875,597.0302124023438
1130.22705078125,465.55804443359375,1128.6907958984375,460.3817138671875,1126.251220703125,461.24542236328125,1115.366943359375,459.6916809082031,1115.1234130859375,461.74237060546875,1098.8505859375,479.5084228515625,1105.7144775390625,482.310302734375,1101.919189453125,509.3480529785156,1107.2391357421875,515.6329345703125,1113.2998046875,535.48388671875,1115.72509765625,541.4736328125,1069.0540771484375,523.4300537109375,1077.5673828125,525.0559692382812,1087.3265380859375,550.3363037109375,1111.3123779296875,551.69482421875,1068.47265625,588.0248413085938,1111.9398193359375,592.732666015625
1133.803466796875,458.15740966796875,1133.2564697265625,453.1035461425781,1129.58740234375,453.87994384765625,1121.923828125,452.6785888671875,1117.6903076171875,454.5585021972656,1103.948486328125,472.13287353515625,1105.542236328125,474.02301025390625,1103.40087890625,503.2210693359375,1103.2506103515625,507.207275390625,1115.228759765625,527.6187133789062,1112.9228515625,533.881103515625,1069.3443603515625,518.5905151367188,1073.273193359375,520.0267944335938,1098.8121337890625,550.2408447265625,1114.076416015625,551.0027465820312,1084.94287109375,587.4723510742188,1113.614990234375,590.8280029296875
1132.00927734375,450.015380859375,1132.9637451171875,445.2605895996094,1128.1468505859375,445.8417663574219,1126.997802734375,445.109375,1117.8773193359375,446.6472473144531,1112.8414306640625,465.266845703125,1104.0098876953125,466.3409423828125,1111.216064453125,498.2435302734375,1099.608154296875,500.255859375,1119.701904296875,524.6285400390625,1113.2889404296875,528.5205078125,1078.5889892578125,510.7757263183594,1074.2806396484375,511.98785400390625,1110.58642578125,546.0867309570312,1112.1888427734375,546.8890991210938,1097.23291015625,579.7099609375,1106.735107421875,583.142822265625
1127.3502197265625,441.48095703125,1128.2158203125,437.58099365234375,1124.84228515625,437.0686340332031,1124.12353515625,438.4779968261719,1115.6746826171875,436.2021789550781,1116.09521484375,456.0189514160156,1101.14306640625,454.0505676269531,1118.4041748046875,487.8006591796875,1096.2332763671875,488.0182800292969,1124.51416015625,513.423583984375,1107.8974609375,515.4786376953125,1096.120361328125,501.2828063964844,1086.6533203125,501.1539306640625,1110.1019287109375,537.2415771484375,1104.075927734375,538.0565185546875,1106.692626953125,579.0985107421875,1103.279541015625,580.6102905273438
1127.62841796875,432.3249206542969,1129.9326171875,428.0557861328125,1123.916259765625,428.14691162109375,1128.570068359375,429.8489685058594,1115.0662841796875,429.9591064453125,1122.7244873046875,452.2640380859375,1099.545654296875,451.54852294921875,1120.6102294921875,484.43695068359375,1081.010986328125,482.0238037109375,1124.14697265625,511.4433288574219,1080.8431396484375,512.2879638671875,1100.5523681640625,500.14080810546875,1086.424560546875,500.56671142578125,1118.186279296875,541.6996459960938,1106.259033203125,542.496337890625,1108.873779296875,580.2387084960938,1101.6201171875,583.9097900390625
1120.500732421875,425.91650390625,1123.803466796875,422.16552734375,1117.3023681640625,421.62200927734375,1124.5972900390625,424.7611083984375,1109.113037109375,423.53204345703125,1120.4622802734375,445.12091064453125,1093.430908203125,446.47760009765625,1120.78662109375,469.8390197753906,1077.7880859375,478.567138671875,1123.9564208984375,485.49346923828125,1075.1251220703125,509.1634826660156,1105.0372314453125,493.728271484375,1088.733154296875,494.9281005859375,1114.0198974609375,535.2942504882812,1099.2464599609375,536.71484375,1109.791015625,575.0146484375,1101.029052734375,578.7535400390625
1116.7886962890625,417.0099792480469,1120.977783203125,413.1256103515625,1113.64697265625,412.4407653808594,1124.9287109375,416.2242431640625,1106.197265625,414.5241394042969,1122.1904296875,438.6338195800781,1090.0753173828125,437.9471740722656,1121.5771484375,464.01104736328125,1070.3857421875,468.0970458984375,1126.10888671875,483.0145263671875,1071.9869384765625,498.12890625,1103.18310546875,488.4831848144531,1083.8740234375,488.6602783203125,1112.6651611328125,529.7156372070312,1097.839599609375,529.9413452148438,1104.116455078125,572.1497192382812,1098.7841796875,574.1995849609375
1113.2373046875,409.60333251953125,1116.924560546875,405.4455871582031,1109.757080078125,404.582275390625,1120.002197265625,407.636474609375,1101.612060546875,404.705078125,1121.3155517578125,429.43896484375,1085.9759521484375,425.6448974609375,1126.975341796875,459.98638916015625,1069.3494873046875,454.0552978515625,1127.7998046875,483.34405517578125,1072.17578125,481.1842041015625,1106.728515625,483.0823974609375,1084.308837890625,481.9310302734375,1112.0084228515625,522.885986328125,1091.44970703125,522.404541015625,1109.0765380859375,569.0059204101562,1092.6427001953125,568.41845703125
1113.7659912109375,401.4566345214844,1117.307861328125,397.4710693359375,1110.1903076171875,396.39007568359375,1119.2896728515625,400.1494140625,1101.0855712890625,396.6658630371094,1119.4833984375,423.2412109375,1083.8897705078125,418.88592529296875,1126.439208984375,453.76214599609375,1064.715576171875,446.942138671875,1131.6185302734375,477.52398681640625,1065.572998046875,475.02325439453125,1104.376953125,480.4311218261719,1081.8916015625,479.055908203125,1106.883544921875,524.328125,1087.207763671875,523.5975341796875,1105.3670654296875,568.124755859375,1088.7158203125,567.4849853515625
1109.979736328125,394.9345703125,1113.394287109375,391.3779296875,1106.802734375,390.48773193359375,1115.4676513671875,393.707275390625,1098.7646484375,391.30963134765625,1117.8033447265625,416.0543212890625,1081.6600341796875,412.79833984375,1122.649169921875,443.9385986328125,1062.44482421875,439.897216796875,1127.817626953125,463.6961669921875,1058.298583984375,470.34246826171875,1104.852294921875,474.9797058105469,1081.6763916015625,474.048583984375,1111.474365234375,523.9879760742188,1086.458740234375,522.5343017578125,1107.9501953125,566.306640625,1085.206298828125,565.2735595703125
1106.015869140625,391.3534240722656,1110.1905517578125,387.04144287109375,1102.622802734375,385.9276123046875,1114.0504150390625,389.488037109375,1094.54931640625,385.91851806640625,1115.70166015625,413.3809814453125,1078.552490234375,408.4225158691406,1122.28466796875,443.82098388671875,1057.8770751953125,435.5549011230469,1125.3486328125,467.91455078125,1056.4052734375,464.2791748046875,1099.3123779296875,470.64599609375,1075.529541015625,468.734130859375,1100.762451171875,517.8754272460938,1076.682373046875,516.724853515625,1100.20263671875,561.8695678710938,1076.68896484375,560.6266479492188
1103.350830078125,389.2044677734375,1106.802490234375,384.9544372558594,1100.1561279296875,384.0159912109375,1109.113525390625,386.7812805175781,1092.1693115234375,383.7249755859375,1111.390380859375,409.1146545410156,1075.32177734375,404.9532165527344,1118.3162841796875,438.27105712890625,1053.8492431640625,431.5294189453125,1123.2156982421875,463.105224609375,1052.0303955078125,460.74432373046875,1095.6365966796875,465.8050231933594,1071.934814453125,464.226806640625,1101.1162109375,511.5989685058594,1066.50634765625,510.72314453125,1100.195556640625,553.9938354492188,1059.882568359375,553.523681640625
1098.92724609375,386.219482421875,1102.28076171875,382.4127502441406,1095.466064453125,381.8365173339844,1106.406494140625,383.6256103515625,1088.29833984375,381.943359375,1112.14208984375,406.344970703125,1074.880859375,402.3937683105469,1118.390869140625,433.375244140625,1056.8173828125,427.6665344238281,1125.0802001953125,457.4759216308594,1049.1280517578125,456.2762451171875,1097.9178466796875,464.2594299316406,1073.601806640625,461.84613037109375,1097.91650390625,508.2847595214844,1062.23681640625,504.89056396484375,1097.5455322265625,549.6864013671875,1058.143310546875,545.11181640625
1094.899169921875,385.5333251953125,1099.3658447265625,381.4447021484375,1091.7025146484375,380.41351318359375,1104.2568359375,384.37689208984375,1085.309814453125,381.48748779296875,1107.697265625,408.39459228515625,1072.1282958984375,404.497802734375,1115.9072265625,436.879638671875,1054.7867431640625,430.62957763671875,1117.306884765625,459.4375,1049.4088134765625,456.07476806640625,1090.6627197265625,464.4884948730469,1066.686767578125,462.48260498046875,1096.87890625,506.64013671875,1054.6575927734375,505.2470397949219,1097.2376708984375,546.9675903320312,1045.1805419921875,545.79052734375
1092.383056640625,387.5666198730469,1096.8096923828125,383.5113525390625,1089.2965087890625,382.408447265625,1101.684814453125,386.310791015625,1082.7520751953125,383.24188232421875,1105.315673828125,410.1314392089844,1069.345458984375,405.9671630859375,1113.079345703125,439.2513427734375,1051.5238037109375,432.2774658203125,1114.210205078125,463.712158203125,1045.2398681640625,459.83831787109375,1088.1630859375,465.4109802246094,1063.6893310546875,463.31646728515625,1095.94140625,506.5527648925781,1051.31298828125,505.1607971191406,1098.246337890625,545.66796875,1042.904296875,544.2744140625
1089.3460693359375,390.1036376953125,1093.54052734375,385.922119140625,1086.0377197265625,384.9429016113281,1098.0023193359375,388.42987060546875,1078.9727783203125,385.6667175292969,1101.596923828125,412.0635681152344,1065.477294921875,408.54180908203125,1110.3497314453125,441.3790283203125,1048.687744140625,435.91485595703125,1113.629638671875,468.57415771484375,1043.8634033203125,465.84423828125,1086.5123291015625,468.0594482421875,1061.8349609375,466.43701171875,1095.879150390625,509.695556640625,1050.149658203125,508.68670654296875,1099.730712890625,546.2279663085938,1042.521728515625,545.3438720703125
1084.0032958984375,387.22216796875,1087.46337890625,383.21600341796875,1080.29443359375,382.7255859375,1091.6552734375,384.5549011230469,1072.42578125,383.2378234863281,1097.931640625,409.53271484375,1059.562744140625,406.16583251953125,1104.2823486328125,439.2200927734375,1044.372802734375,435.3507385253906,1110.94091796875,463.3504638671875,1039.165771484375,468.80865478515625,1087.25830078125,467.5748291015625,1060.292236328125,465.9453125,1093.2626953125,507.70306396484375,1043.203857421875,504.46478271484375,1097.422607421875,546.59716796875,1035.3104248046875,541.7327880859375
1081.7294921875,387.62921142578125,1085.0396728515625,383.8768615722656,1078.3458251953125,383.2860107421875,1089.068603515625,385.7227783203125,1071.05615234375,384.12054443359375,1095.7060546875,411.0526428222656,1057.70263671875,406.638427734375,1101.658935546875,440.7445068359375,1042.507568359375,433.623291015625,1109.615234375,464.59814453125,1037.602783203125,464.67279052734375,1084.8311767578125,467.08538818359375,1057.9427490234375,465.0841369628906,1092.72900390625,506.50103759765625,1040.70263671875,502.634033203125,1098.199462890625,546.3045654296875,1033.3804931640625,540.3692626953125
1079.725830078125,389.863037109375,1082.5931396484375,386.08428955078125,1076.089111328125,385.57025146484375,1084.8917236328125,387.1329345703125,1067.4173583984375,385.7347412109375,1090.7344970703125,410.396240234375,1052.383544921875,407.32012939453125,1098.7774658203125,438.6107177734375,1036.905517578125,434.9627380371094,1106.867919921875,462.51898193359375,1032.215087890625,465.8991394042969,1080.1246337890625,464.9845275878906,1053.298583984375,463.9456787109375,1091.6826171875,503.8145751953125,1040.159423828125,501.4413757324219,1097.8978271484375,544.3303833007812,1034.010986328125,540.7238159179688
1076.95849609375,387.05047607421875,1079.58984375,383.19561767578125,1073.21435546875,382.89459228515625,1081.545166015625,384.2846374511719,1064.53662109375,383.4268798828125,1087.0679931640625,407.1832275390625,1050.16650390625,405.3458251953125,1095.5400390625,434.501708984375,1034.4244384765625,433.7646484375,1102.6527099609375,459.56353759765625,1029.468017578125,466.63031005859375,1077.4921875,461.7864990234375,1051.643798828125,461.3798828125,1090.794677734375,500.06585693359375,1040.323486328125,498.59259033203125,1098.1591796875,539.4671630859375,1034.2506103515625,537.2449340820312
1073.45703125,384.682861328125,1076.496337890625,380.940673828125,1069.8359375,380.7142333984375,1080.4229736328125,381.7823486328125,1062.2796630859375,380.92822265625,1085.9169921875,402.62646484375,1049.5802001953125,400.94952392578125,1093.945556640625,427.6119384765625,1033.2900390625,427.00323486328125,1100.3521728515625,451.9992370605469,1028.3626708984375,458.814697265625,1074.8048095703125,455.87640380859375,1049.296142578125,454.9547424316406,1088.1314697265625,495.455078125,1039.65478515625,493.7581787109375,1097.7559814453125,535.3416137695312,1033.484130859375,533.5386352539062
1071.6153564453125,379.63031005859375,1074.993408203125,375.2962646484375,1068.141357421875,375.1169128417969,1078.700439453125,376.9512939453125,1061.625244140625,376.1921081542969,1083.2662353515625,398.9427490234375,1049.5687255859375,397.947509765625,1091.77783203125,426.20660400390625,1032.6279296875,424.7205505371094,1096.662841796875,452.45770263671875,1030.3106689453125,452.927490234375,1074.571533203125,450.06854248046875,1051.6533203125,449.9070739746094,1087.08203125,489.45501708984375,1042.0732421875,489.41241455078125,1091.29150390625,530.565185546875,1034.610595703125,530.7577514648438
1070.90966796875,375.2376708984375,1074.2259521484375,370.80255126953125,1067.1402587890625,370.6725769042969,1077.47216796875,372.6151123046875,1059.9801025390625,371.9393310546875,1081.283203125,395.22442626953125,1047.6416015625,394.321533203125,1089.5902099609375,422.846435546875,1030.4200439453125,421.5885009765625,1095.530517578125,448.7840881347656,1028.4556884765625,449.6541748046875,1072.8116455078125,447.43719482421875,1049.993896484375,447.3934326171875,1085.0986328125,485.880859375,1040.9541015625,485.96087646484375,1088.0155029296875,528.0668334960938,1032.553466796875,528.5349731445312
1071.17822265625,373.9285583496094,1074.93212890625,369.69000244140625,1067.55712890625,369.1998291015625,1078.7955322265625,371.8533935546875,1060.409423828125,370.19805908203125,1082.666015625,394.310791015625,1047.10888671875,392.0916748046875,1089.89453125,422.18133544921875,1029.629150390625,418.684326171875,1093.05224609375,445.35052490234375,1029.2996826171875,444.5250244140625,1071.962890625,445.00177001953125,1047.6766357421875,444.3051452636719,1083.5234375,482.168701171875,1037.6510009765625,481.779296875,1086.6016845703125,523.789306640625,1030.2232666015625,523.6017456054688
1071.8212890625,372.08905029296875,1075.54638671875,368.5575256347656,1068.37255859375,367.91656494140625,1080.232421875,370.9529113769531,1061.062255859375,369.14111328125,1084.3433837890625,393.4967041015625,1047.2327880859375,390.8923645019531,1090.445556640625,418.62445068359375,1030.74609375,416.8926086425781,1095.462890625,442.96197509765625,1024.5289306640625,448.73175048828125,1070.63232421875,442.1130065917969,1043.77099609375,440.5848083496094,1085.8819580078125,483.09503173828125,1030.9102783203125,481.087646484375,1092.886474609375,523.5537719726562,1018.6668090820312,521.9013671875
1069.8963623046875,375.0977783203125,1073.7530517578125,371.52044677734375,1066.5419921875,370.88226318359375,1078.5263671875,373.4043273925781,1059.2935791015625,371.6950378417969,1082.2509765625,395.31329345703125,1045.060302734375,394.03948974609375,1089.5546875,420.3939208984375,1028.1549072265625,422.40142822265625,1096.58642578125,444.312744140625,1021.0462646484375,454.731201171875,1069.1485595703125,446.94720458984375,1041.6314697265625,445.9825439453125,1086.6260986328125,486.8258972167969,1024.92822265625,485.8986511230469,1096.0115966796875,526.7809448242188,1009.2366943359375,527.0654907226562
1066.337158203125,380.1119384765625,1070.093017578125,376.5242919921875,1063.2271728515625,376.05615234375,1075.38134765625,377.9595947265625,1056.876953125,376.7646789550781,1079.6796875,399.0001220703125,1044.3348388671875,398.5025939941406,1088.973876953125,423.6365966796875,1027.768798828125,426.8515625,1098.255859375,446.77349853515625,1019.5197143554688,457.423583984375,1066.9586181640625,451.6103210449219,1040.087890625,450.6607360839844,1085.73828125,489.8155517578125,1019.3148193359375,488.9425964355469,1096.6715087890625,529.0441284179688,998.7947387695312,529.2490234375
1067.7135009765625,387.44439697265625,1070.878662109375,383.8612976074219,1064.794189453125,383.37542724609375,1075.8145751953125,385.03277587890625,1058.0645751953125,383.52490234375,1079.607666015625,405.7569580078125,1045.1632080078125,404.6328125,1088.7724609375,429.6181640625,1027.05859375,431.9435119628906,1096.202392578125,449.4642333984375,1021.0455322265625,463.38775634765625,1066.0416259765625,458.6642761230469,1039.128662109375,458.1416931152344,1086.8115234375,496.0915832519531,1014.4008178710938,495.4697570800781,1096.000732421875,533.9500732421875,987.1532592773438,535.1195068359375
1067.3255615234375,391.0342712402344,1070.365966796875,387.4822998046875,1064.31591796875,387.075439453125,1074.377197265625,389.4566650390625,1057.687255859375,388.1883544921875,1077.80517578125,412.14642333984375,1044.17041015625,410.5295104980469,1087.45458984375,438.35845947265625,1026.395263671875,438.70013427734375,1099.334716796875,461.63494873046875,1021.4482421875,469.2278137207031,1063.0126953125,463.466796875,1036.856201171875,462.75006103515625,1084.667724609375,498.49993896484375,1012.94189453125,497.5597229003906,1092.54248046875,536.18017578125,985.386474609375,536.2965698242188
1067.3223876953125,395.39666748046875,1069.7685546875,391.77972412109375,1064.00634765625,391.66314697265625,1072.409912109375,393.9515075683594,1056.719482421875,393.2921447753906,1075.734619140625,415.869873046875,1043.71142578125,415.6095886230469,1086.363037109375,439.77044677734375,1027.5870361328125,443.46099853515625,1098.395751953125,460.56182861328125,1024.1448974609375,472.4345397949219,1063.3897705078125,466.1500244140625,1037.933349609375,466.07891845703125,1085.5291748046875,499.7890319824219,1012.749755859375,499.6557312011719,1092.3795166015625,536.673583984375,982.2137451171875,537.7196655273438
1068.3846435546875,398.5614013671875,1070.7469482421875,394.9252624511719,1064.9014892578125,394.9749755859375,1073.3780517578125,396.78912353515625,1057.2476806640625,396.50238037109375,1076.7733154296875,418.20849609375,1044.583984375,418.45123291015625,1086.5654296875,442.0457763671875,1030.006591796875,446.2451171875,1095.3668212890625,460.87335205078125,1032.620849609375,471.6617431640625,1064.1973876953125,467.99737548828125,1038.516357421875,468.1443786621094,1084.9886474609375,499.8109130859375,1012.7264404296875,500.0914306640625,1091.224853515625,536.4486694335938,982.9329833984375,538.2249145507812
1070.639892578125,397.7498779296875,1073.275146484375,394.12701416015625,1067.681640625,394.04107666015625,1076.14892578125,395.83807373046875,1060.74951171875,395.400146484375,1077.218017578125,416.50250244140625,1047.797607421875,416.64019775390625,1084.85693359375,441.81390380859375,1035.237060546875,444.33819580078125,1093.9896240234375,462.0577392578125,1043.6300048828125,466.98883056640625,1061.9072265625,464.3258972167969,1037.800537109375,464.7469482421875,1085.155517578125,496.10614013671875,1015.2994384765625,497.1123046875,1091.8758544921875,534.6069946289062,986.1450805664062,538.0448608398438
1072.8970947265625,392.5785827636719,1075.47607421875,388.6875,1069.6705322265625,388.8166809082031,1077.603271484375,390.54852294921875,1062.3612060546875,390.8097839355469,1074.9471435546875,412.023193359375,1051.25048828125,413.7704772949219,1076.56640625,440.7657165527344,1042.16064453125,445.4349060058594,1077.1356201171875,460.18194580078125,1053.0361328125,467.6318664550781,1060.2490234375,461.8900146484375,1039.367919921875,463.3949890136719,1089.1041259765625,494.5374755859375,1023.27734375,497.28955078125,1094.12060546875,530.910888671875,990.36865234375,537.4088134765625
1076.7587890625,388.0557861328125,1078.684814453125,383.8648681640625,1073.2459716796875,384.541259765625,1079.4022216796875,384.55596923828125,1065.7396240234375,386.2575988769531,1077.0706787109375,405.0220642089844,1055.7347412109375,409.2945556640625,1080.1016845703125,433.09613037109375,1048.7275390625,442.5945739746094,1082.714599609375,448.97442626953125,1062.413818359375,459.9229431152344,1063.968505859375,458.23486328125,1044.693115234375,460.80914306640625,1088.989501953125,493.70440673828125,1025.8612060546875,497.92578125,1094.45703125,530.9794921875,993.2334594726562,539.477294921875
1079.70556640625,385.5647277832031,1081.374267578125,381.48046875,1075.71533203125,382.09564208984375,1081.0400390625,382.54315185546875,1066.982177734375,383.95166015625,1078.971923828125,403.03399658203125,1056.4683837890625,406.6114196777344,1087.047119140625,428.289794921875,1047.4945068359375,437.2691345214844,1094.6483154296875,439.79290771484375,1058.5174560546875,450.6900329589844,1065.6148681640625,456.717529296875,1046.643310546875,459.1009521484375,1092.1702880859375,491.606201171875,1035.0709228515625,495.1812744140625,1093.4140625,529.5014038085938,1002.5970458984375,536.3286743164062
1081.025634765625,383.18572998046875,1083.3446044921875,379.253662109375,1077.30126953125,379.46478271484375,1082.58056640625,379.6478576660156,1068.8458251953125,380.4700927734375,1077.9549560546875,398.8265075683594,1057.9296875,402.07537841796875,1087.2646484375,422.9219970703125,1056.1712646484375,432.0313720703125,1103.024169921875,433.6476745605469,1073.1561279296875,443.2788391113281,1062.9664306640625,450.685302734375,1045.9317626953125,453.0430908203125,1086.82421875,490.1163024902344,1035.86474609375,493.48944091796875,1092.3828125,531.0343017578125,1012.4381103515625,537.816162109375
1082.59521484375,380.6831359863281,1084.5462646484375,376.6831970214844,1079.6026611328125,376.90447998046875,1081.3731689453125,377.1310729980469,1072.153076171875,378.5451965332031,1073.38134765625,395.51348876953125,1060.986572265625,400.44091796875,1081.2171630859375,420.78192138671875,1067.7535400390625,430.97552490234375,1095.929443359375,425.75567626953125,1088.812744140625,432.7271728515625,1057.97216796875,447.24627685546875,1045.889404296875,450.71240234375,1083.7890625,489.69677734375,1041.77978515625,494.9766845703125,1091.28662109375,532.514404296875,1023.7483520507812,543.3861694335938
1082.90576171875,382.3953552246094,1084.7122802734375,378.85430908203125,1079.8822021484375,378.78143310546875,1080.310791015625,379.2325744628906,1071.5101318359375,379.6527099609375,1072.07421875,395.23974609375,1060.20947265625,400.0368347167969,1086.174560546875,415.59698486328125,1070.873779296875,429.10089111328125,1103.240966796875,413.63543701171875,1092.0789794921875,427.107421875,1058.788818359375,448.2384338378906,1048.8077392578125,451.0608215332031,1081.5225830078125,489.9381103515625,1052.0008544921875,494.51837158203125,1089.1837158203125,530.3424682617188,1042.97998046875,540.9361572265625
1082.802490234375,382.43499755859375,1084.8701171875,378.69195556640625,1079.1072998046875,378.83935546875,1084.530029296875,380.06707763671875,1069.8597412109375,380.2283020019531,1081.4940185546875,396.757568359375,1057.9439697265625,401.211181640625,1092.3890380859375,412.92681884765625,1054.5057373046875,429.8992919921875,1097.044677734375,415.4497375488281,1070.88671875,444.33856201171875,1069.0816650390625,448.2441101074219,1053.481689453125,450.8546142578125,1081.9219970703125,489.9454650878906,1063.52978515625,493.731201171875,1080.8291015625,530.610595703125,1058.7744140625,539.0604858398438
1080.7520751953125,382.5572204589844,1082.90576171875,378.5726623535156,1077.287109375,378.67266845703125,1082.51708984375,379.53497314453125,1068.384765625,380.04217529296875,1077.010498046875,394.0421142578125,1056.5836181640625,402.0662841796875,1096.8280029296875,398.97747802734375,1052.2352294921875,433.4521484375,1110.7896728515625,390.640380859375,1061.77880859375,457.033447265625,1060.300537109375,446.22607421875,1048.0565185546875,450.33636474609375,1082.96240234375,491.71044921875,1077.883544921875,496.1657409667969,1079.888427734375,535.0476684570312,1074.83203125,543.1065673828125
1079.409423828125,382.9728698730469,1081.17236328125,379.22918701171875,1075.5401611328125,379.0908203125,1079.400146484375,381.459228515625,1064.9923095703125,381.24224853515625,1075.3746337890625,398.5331726074219,1052.879150390625,406.4642028808594,1093.28955078125,404.84539794921875,1050.462646484375,443.25970458984375,1103.546142578125,395.50030517578125,1059.5380859375,471.44097900390625,1066.605224609375,455.83575439453125,1053.79150390625,459.9658203125,1086.508056640625,497.0759582519531,1084.914306640625,501.49822998046875,1076.659912109375,536.4376831054688,1080.762939453125,544.144287109375
1071.5107421875,388.12664794921875,1073.7542724609375,384.1544494628906,1068.0516357421875,384.1524353027344,1073.791259765625,385.9697265625,1060.271484375,385.96160888671875,1068.9222412109375,402.7987060546875,1050.488037109375,409.5861511230469,1080.610595703125,414.3769226074219,1045.945068359375,443.7164306640625,1094.5579833984375,408.486572265625,1049.77880859375,471.29156494140625,1064.8521728515625,460.86724853515625,1054.7091064453125,465.0251770019531,1089.735107421875,500.7549133300781,1089.0186767578125,504.63037109375,1077.28173828125,539.2220458984375,1080.994384765625,545.8939819335938
1067.6611328125,388.25946044921875,1070.1448974609375,384.0385437011719,1063.8331298828125,384.44952392578125,1070.71044921875,385.0780334472656,1056.913330078125,386.2522888183594,1067.1787109375,403.46795654296875,1048.44677734375,408.2831726074219,1078.708984375,423.25146484375,1058.096923828125,436.85748291015625,1100.451171875,419.77838134765625,1082.564697265625,435.4382629394531,1060.7554931640625,462.44586181640625,1049.47119140625,466.34161376953125,1091.061279296875,500.85443115234375,1086.1859130859375,505.2437744140625,1077.927001953125,538.8309326171875,1081.2349853515625,546.0386962890625
1061.59033203125,386.78875732421875,1064.50390625,382.7725524902344,1057.7213134765625,382.87432861328125,1068.29833984375,384.24798583984375,1050.302734375,384.54400634765625,1072.188232421875,403.6295166015625,1039.327392578125,408.35711669921875,1088.630126953125,420.29107666015625,1031.9461669921875,441.3892822265625,1105.1378173828125,424.308349609375,1031.2093505859375,469.3621826171875,1064.069580078125,461.3866882324219,1044.824951171875,464.514404296875,1085.5625,501.08551025390625,1075.9036865234375,503.40850830078125,1077.2783203125,540.422119140625,1078.573974609375,542.9705200195312
1058.5985107421875,385.32623291015625,1061.77734375,381.44366455078125,1055.04443359375,381.26531982421875,1066.370361328125,382.6608581542969,1047.9482421875,382.1838684082031,1071.904052734375,402.2445373535156,1036.4466552734375,404.8260498046875,1088.754150390625,420.6700439453125,1024.6256103515625,436.0185241699219,1100.0960693359375,426.4720458984375,1023.924560546875,464.2317810058594,1062.4580078125,459.23394775390625,1042.3792724609375,461.1622009277344,1071.539306640625,501.44232177734375,1067.0028076171875,502.47113037109375,1066.29248046875,541.506103515625,1078.3150634765625,542.8075561523438
1054.3896484375,382.3988342285156,1057.603271484375,378.55615234375,1050.7215576171875,378.4263610839844,1061.7667236328125,379.74371337890625,1043.8236083984375,379.33380126953125,1067.859619140625,399.17437744140625,1032.6041259765625,401.36773681640625,1083.1236572265625,417.8409423828125,1020.9794921875,430.2918701171875,1098.37548828125,431.0146484375,1018.3961181640625,456.9237060546875,1061.89501953125,456.4200439453125,1041.619140625,457.6717529296875,1065.80615234375,497.6194152832031,1053.751953125,498.05316162109375,1063.6168212890625,536.8964233398438,1063.6605224609375,536.496826171875
1052.4827880859375,384.1042785644531,1055.574951171875,380.4058837890625,1048.9793701171875,380.1044921875,1059.5738525390625,380.957763671875,1042.916259765625,379.9742431640625,1066.21435546875,398.9468078613281,1031.984375,398.7694091796875,1082.484375,418.52850341796875,1016.6995239257812,425.0162658691406,1096.0474853515625,430.9280090332031,1009.0200805664062,452.3529968261719,1059.342529296875,455.63726806640625,1040.138916015625,455.7131652832031,1062.1795654296875,500.21173095703125,1051.46435546875,498.9710998535156,1058.461669921875,540.5696411132812,1060.5311279296875,538.2483520507812
1043.1533203125,377.8589172363281,1046.400634765625,374.3631591796875,1040.320068359375,374.1400451660156,1052.796142578125,376.0917663574219,1036.7506103515625,375.39361572265625,1061.116455078125,395.6503601074219,1027.3516845703125,395.1881103515625,1076.1573486328125,416.80908203125,1011.3565063476562,420.6044921875,1086.669677734375,429.7933349609375,1002.4774169921875,445.51678466796875,1053.6080322265625,450.1949157714844,1033.27392578125,450.000244140625,1061.3060302734375,495.106201171875,1039.2584228515625,493.98272705078125,1057.5225830078125,537.9420166015625,1039.177490234375,536.256591796875
1039.127197265625,377.50177001953125,1042.478271484375,373.1341552734375,1035.9080810546875,373.20501708984375,1047.459716796875,374.547607421875,1030.63671875,374.3888854980469,1055.749755859375,396.0268249511719,1020.3356323242188,395.52862548828125,1071.4884033203125,419.73004150390625,998.72509765625,418.5283203125,1082.802001953125,440.5423278808594,988.9165649414062,440.673095703125,1046.740234375,450.70721435546875,1024.235107421875,450.2874755859375,1053.137939453125,488.38427734375,1017.5340576171875,488.09893798828125,1058.640869140625,530.8792724609375,1014.8836669921875,530.6385498046875
1036.8394775390625,377.49774169921875,1040.045654296875,373.4810791015625,1032.9541015625,373.39044189453125,1044.398193359375,373.7427978515625,1024.998291015625,373.451904296875,1050.18310546875,392.3497314453125,1011.71923828125,393.658935546875,1066.362548828125,413.98333740234375,993.5531616210938,418.22735595703125,1077.08251953125,436.3644104003906,985.79443359375,440.02435302734375,1038.8863525390625,447.4866943359375,1013.4542236328125,448.4986572265625,1052.6156005859375,487.40362548828125,1011.597412109375,489.61981201171875,1053.686767578125,533.18310546875,1003.091796875,537.8168334960938
1027.0115966796875,374.60772705078125,1030.538330078125,370.580322265625,1023.7081298828125,370.51043701171875,1037.3697509765625,371.52032470703125,1017.6046142578125,371.23638916015625,1045.2738037109375,392.71160888671875,1005.39453125,393.0777282714844,1061.541259765625,414.6297912597656,985.6111450195312,415.5257263183594,1071.954833984375,439.1888427734375,978.5601196289062,436.74090576171875,1032.89990234375,447.90570068359375,1004.843017578125,448.2052001953125,1052.062744140625,488.5120849609375,995.2742919921875,489.9393310546875,1057.824951171875,532.911376953125,980.1395263671875,536.83740234375
1023.0151977539062,372.78369140625,1026.4229736328125,368.711669921875,1019.3685302734375,368.696044921875,1031.68994140625,369.5045166015625,1012.1783447265625,369.4860534667969,1038.198974609375,390.7308349609375,999.3992919921875,392.2361755371094,1053.122802734375,413.130615234375,980.1976318359375,419.49169921875,1062.66748046875,438.01068115234375,973.0362548828125,447.88287353515625,1024.7298583984375,446.26202392578125,996.581787109375,446.6680908203125,1043.61767578125,487.71734619140625,982.35791015625,488.71942138671875,1054.2978515625,532.556884765625,967.1121826171875,534.6533203125
1015.177001953125,374.6129150390625,1018.8440551757812,370.7679748535156,1011.7889404296875,370.47918701171875,1024.6153564453125,371.77532958984375,1005.17529296875,371.0669860839844,1031.4346923828125,393.0586853027344,993.0740966796875,393.5876770019531,1044.7686767578125,416.7786865234375,975.0972290039062,422.831298828125,1053.682373046875,439.2987060546875,965.740478515625,453.6900634765625,1019.214111328125,449.4971923828125,990.5831298828125,448.86090087890625,1036.6571044921875,489.30712890625,969.043212890625,488.71405029296875,1046.73486328125,532.8735961914062,948.2540283203125,532.5855102539062
1004.73046875,379.2528991699219,1008.1175537109375,375.5629577636719,1001.9562377929688,375.32275390625,1015.3759765625,376.54205322265625,996.7465209960938,375.88763427734375,1024.4622802734375,397.5074462890625,985.8929443359375,398.4266357421875,1037.7205810546875,418.9259033203125,968.5394287109375,427.2000732421875,1047.5078125,439.4054260253906,958.9254150390625,459.9255065917969,1012.951416015625,452.3955078125,984.0548095703125,451.9382629394531,1026.7578125,491.294677734375,954.4905395507812,490.615478515625,1033.20361328125,532.2584228515625,928.9154663085938,531.9791870117188
1000.120361328125,387.2910461425781,1003.2050170898438,383.4379577636719,997.0235595703125,383.56878662109375,1010.192626953125,383.3616027832031,991.5501708984375,383.5760498046875,1019.7138671875,403.06842041015625,982.0706176757812,404.3677978515625,1030.60205078125,424.81854248046875,964.11376953125,431.57855224609375,1038.541015625,448.00152587890625,950.77294921875,462.8282775878906,1007.9027099609375,457.79388427734375,979.1829833984375,456.82525634765625,1018.7708740234375,493.15673828125,941.9969482421875,492.14935302734375,1021.7913208007812,531.1983032226562,909.3363647460938,530.2645874023438
992.1199951171875,389.4892272949219,994.9832763671875,385.6817321777344,988.85205078125,385.64471435546875,1000.3265991210938,386.6219787597656,982.8406982421875,386.35992431640625,1008.4663696289062,407.60369873046875,972.82958984375,407.415771484375,1019.447509765625,431.46722412109375,954.552978515625,434.33209228515625,1029.0928955078125,450.9042663574219,945.0303955078125,464.0816650390625,999.9134521484375,459.66204833984375,971.222900390625,459.2171630859375,1013.7383422851562,493.2104187011719,934.0072021484375,492.1498718261719,1019.3867797851562,531.9703369140625,900.5889892578125,530.2054443359375
980.2664794921875,395.3232421875,983.14599609375,391.7743835449219,977.7154541015625,391.5770263671875,989.0842895507812,392.9237365722656,972.603515625,392.4297180175781,998.49462890625,412.7139587402344,960.894287109375,412.8133850097656,1010.807373046875,434.27581787109375,942.6907958984375,437.759033203125,1020.0888671875,452.44061279296875,933.8565673828125,465.0257263183594,988.119384765625,464.149169921875,958.0347290039062,464.0335693359375,1010.024658203125,494.75848388671875,925.2570190429688,494.217529296875,1019.6771240234375,532.3246459960938,894.2532348632812,531.4622802734375
972.3863525390625,394.86578369140625,975.239013671875,391.33209228515625,969.2437133789062,391.2466735839844,980.256103515625,393.2974853515625,962.98388671875,393.0676574707031,988.5342407226562,414.3818664550781,951.37744140625,415.3426208496094,1003.3500366210938,434.1754150390625,934.4437866210938,441.1539001464844,1016.9888305664062,449.5567626953125,928.55810546875,467.91583251953125,977.958984375,466.3358154296875,948.409912109375,466.82562255859375,1004.1264038085938,495.6226501464844,919.6295166015625,495.2524108886719,1019.8742065429688,532.179931640625,893.8775024414062,530.80517578125
964.2998046875,397.7077331542969,967.1751708984375,394.39080810546875,961.265380859375,394.11627197265625,971.9124755859375,396.7839660644531,955.1123657226562,395.8916015625,977.3250732421875,417.5922546386719,944.6983642578125,417.31268310546875,991.7598266601562,436.819580078125,928.8253784179688,442.5722351074219,1005.0574951171875,444.3917541503906,926.8643798828125,465.1640625,966.1506958007812,469.24664306640625,939.2557983398438,469.202880859375,995.735107421875,498.94866943359375,913.793212890625,497.4538879394531,1016.6486206054688,533.1771850585938,887.840576171875,530.2669677734375
957.448974609375,395.1533203125,960.95458984375,391.7298889160156,954.2047119140625,391.54730224609375,967.1471557617188,393.9720153808594,948.6649169921875,393.3636474609375,974.460693359375,414.999755859375,939.8618774414062,415.504150390625,990.2874755859375,433.66900634765625,924.7613525390625,442.90667724609375,1005.3558349609375,443.40802001953125,918.218994140625,469.14312744140625,964.5345458984375,470.5860900878906,937.321044921875,469.4013977050781,985.9566650390625,500.8597412109375,911.9327392578125,498.2331848144531,1000.916748046875,536.1173706054688,886.6235961914062,531.4328002929688
954.4774169921875,393.4063720703125,957.51904296875,389.83782958984375,950.7777099609375,389.8592529296875,963.2586669921875,391.2415771484375,944.1488037109375,391.1741943359375,971.291748046875,411.4184875488281,935.5219116210938,413.4013671875,990.5615844726562,425.9627380371094,921.4765625,439.354736328125,1006.8162231445312,433.5835876464844,915.7846069335938,464.9544982910156,960.03369140625,467.9197082519531,933.331298828125,467.82354736328125,977.2447509765625,502.640625,909.8878173828125,501.1865234375,982.7481079101562,535.533447265625,882.5885009765625,532.0792846679688
951.8820190429688,390.7793884277344,954.815185546875,387.1332092285156,947.9991455078125,387.2892150878906,960.4969482421875,388.4442138671875,941.404541015625,388.49786376953125,968.8062744140625,407.8875732421875,932.2520141601562,410.26812744140625,985.0746459960938,422.5814208984375,920.604736328125,437.6470947265625,1007.9951171875,430.1152038574219,915.0397338867188,462.06939697265625,958.8258056640625,465.2112121582031,932.88671875,465.34783935546875,971.457763671875,502.1622314453125,915.8619384765625,501.2544250488281,963.8955688476562,531.0372924804688,886.079833984375,528.3435668945312
951.7869873046875,389.889404296875,954.7041015625,386.130859375,947.7178955078125,386.26617431640625,959.4124755859375,387.1260681152344,940.52001953125,387.1429138183594,968.4006958007812,407.09039306640625,929.6566162109375,409.8025817871094,986.4718017578125,423.24591064453125,917.865478515625,438.6787109375,1014.3299560546875,432.7529296875,912.518798828125,467.48663330078125,958.745361328125,465.4605712890625,933.0921630859375,466.2178955078125,969.85107421875,502.62835693359375,926.49658203125,502.2944641113281,956.451904296875,530.19189453125,905.076416015625,528.234619140625
950.4519653320312,390.6092834472656,953.4886474609375,387.01971435546875,946.617919921875,386.955078125,958.769775390625,388.49554443359375,939.96142578125,388.0229187011719,967.7034912109375,408.60772705078125,929.5582275390625,408.85638427734375,984.4290161132812,424.5200500488281,916.9901733398438,434.2880859375,1013.041015625,436.4118347167969,909.046142578125,460.7485656738281,956.434326171875,464.8382263183594,932.2055053710938,464.1688232421875,960.8109130859375,503.5263671875,926.5411376953125,501.0240783691406,948.9560546875,533.5450439453125,911.3359375,527.7998046875
949.031982421875,393.449951171875,951.9021606445312,389.74420166015625,945.5462036132812,389.889404296875,957.38623046875,390.85150146484375,939.5908813476562,390.9540710449219,965.5321044921875,409.76318359375,930.740966796875,410.4444580078125,987.250732421875,425.1044921875,915.5926513671875,431.8880310058594,1011.68994140625,437.2391357421875,914.8494873046875,446.81640625,950.9215087890625,466.2889404296875,930.680419921875,465.9057312011719,946.8945922851562,506.89556884765625,932.5427856445312,505.7659606933594,930.8248291015625,537.2921752929688,922.1796875,533.9506225585938
946.759765625,394.6268005371094,949.656494140625,390.98345947265625,943.0578002929688,391.0516662597656,955.0647583007812,392.7897033691406,936.6719970703125,392.63116455078125,963.2086181640625,412.2825622558594,927.3206787109375,414.42529296875,985.41357421875,426.01837158203125,916.139404296875,440.36578369140625,1012.78076171875,437.24322509765625,915.9655151367188,463.90679931640625,949.9231567382812,469.53509521484375,929.05224609375,469.7706298828125,945.397705078125,511.17327880859375,931.2220458984375,510.5863952636719,921.5272216796875,541.3604736328125,915.3228759765625,538.9607543945312
946.06640625,395.2821350097656,949.21044921875,391.626953125,942.2407836914062,391.59588623046875,954.8779296875,393.58612060546875,935.595947265625,393.1671142578125,962.689453125,413.20147705078125,926.534912109375,415.5059509277344,985.3276977539062,425.7516174316406,915.9878540039062,441.1903381347656,1012.5579833984375,436.3038330078125,916.5035400390625,465.3489074707031,950.1593627929688,469.5475158691406,929.4481201171875,469.8316650390625,940.8890991210938,511.78759765625,929.064208984375,511.40936279296875,917.030029296875,546.1174926757812,915.68701171875,544.5211181640625
942.5394287109375,395.1290588378906,945.8095092773438,391.4123840332031,938.833251953125,391.460205078125,951.9651489257812,393.5254211425781,933.19384765625,393.5123291015625,961.1698608398438,413.5216064453125,925.1581420898438,415.9402770996094,984.120849609375,426.7475280761719,916.8116455078125,439.26934814453125,1013.7451171875,439.1734619140625,912.596923828125,458.0640563964844,949.752685546875,470.01275634765625,928.9437255859375,470.3209228515625,938.8099365234375,513.9134521484375,925.6539306640625,513.9640502929688,916.105712890625,552.1586303710938,912.6293334960938,551.2015380859375
939.5308227539062,397.0280456542969,943.262451171875,393.04144287109375,935.6893310546875,393.09527587890625,950.631103515625,394.9644470214844,929.9573364257812,395.01513671875,959.9445190429688,415.3578186035156,923.0165405273438,419.46868896484375,983.3726806640625,427.897216796875,917.9794921875,447.4918212890625,1013.1996459960938,439.08673095703125,916.6679077148438,472.5760803222656,949.4503173828125,473.97833251953125,928.19970703125,474.9225769042969,934.923583984375,518.6392822265625,922.8960571289062,519.142333984375,914.22607421875,558.3945922851562,914.269287109375,558.18115234375
938.3421020507812,403.141357421875,941.532470703125,398.8519287109375,934.70654296875,399.28045654296875,947.3543701171875,398.7291259765625,929.820068359375,399.6687927246094,957.1481323242188,416.6380920410156,923.4186401367188,421.880859375,984.839111328125,430.5288391113281,916.9879760742188,447.97882080078125,1015.5327758789062,442.97674560546875,919.0272216796875,475.95849609375,948.9508056640625,473.4698486328125,929.5006713867188,475.8240051269531,937.1982421875,517.7693481445312,925.1099853515625,519.5731201171875,924.2510986328125,558.7061767578125,920.5281982421875,559.9769897460938
935.9971923828125,405.8462219238281,938.2945556640625,401.3279113769531,932.5072631835938,402.114501953125,943.3641357421875,401.7073974609375,927.1104125976562,404.10162353515625,951.7157592773438,420.00164794921875,922.7999267578125,422.71142578125,963.5462646484375,438.16058349609375,918.6469116210938,442.8026123046875,956.4669799804688,432.31494140625,925.7252197265625,434.6459655761719,944.5826416015625,475.04400634765625,926.3333129882812,475.78875732421875,939.276123046875,521.6064453125,924.030029296875,522.1493530273438,932.004150390625,566.988525390625,919.392578125,568.1171875
933.3060302734375,413.2024841308594,936.73828125,409.6868896484375,930.1680908203125,409.6811828613281,942.9873046875,412.9360656738281,926.0662841796875,412.91693115234375,949.8321533203125,431.7761535644531,920.9183349609375,431.5190734863281,956.357666015625,434.8150634765625,917.8427124023438,432.30169677734375,946.795654296875,418.9274597167969,923.279052734375,413.5198059082031,940.26953125,493.3336486816406,921.54150390625,492.83160400390625,929.3003540039062,543.9639892578125,917.907958984375,543.9691162109375,926.583984375,589.15234375,919.5437622070312,590.4794311523438
928.921630859375,418.9635009765625,933.0545654296875,413.9627380371094,924.7900390625,414.5547180175781,941.026611328125,417.2005920410156,919.937255859375,419.0460205078125,947.9635009765625,445.3680725097656,918.7899169921875,447.25018310546875,953.2578125,478.5042724609375,917.3399047851562,480.69781494140625,944.1390380859375,506.4161682128906,919.1153564453125,507.33935546875,941.895263671875,508.01513671875,923.396484375,508.2000732421875,938.3952026367188,551.2953491210938,922.018310546875,551.4413452148438,935.182861328125,591.8130493164062,921.887451171875,591.51025390625
931.260498046875,431.69256591796875,934.2636108398438,427.27630615234375,927.5590209960938,427.66827392578125,939.3400268554688,428.89569091796875,922.6668090820312,430.0631103515625,944.980712890625,450.0169372558594,919.7464599609375,451.42022705078125,950.9254150390625,472.35107421875,916.9835205078125,474.9352111816406,945.6535034179688,475.0608215332031,924.72705078125,476.4732666015625,942.45263671875,504.5577392578125,926.3128051757812,505.0000305175781,940.8773803710938,549.5274658203125,925.0389404296875,550.0125732421875,936.3319702148438,592.0504760742188,921.099853515625,592.753662109375
932.4303588867188,434.45098876953125,933.945068359375,430.628173828125,929.1767578125,431.269775390625,936.2030029296875,432.69464111328125,923.7515869140625,433.9610595703125,941.740478515625,451.4256591796875,918.4169921875,454.41546630859375,953.0439453125,465.7048645019531,923.87060546875,470.95220947265625,944.708984375,455.255126953125,940.7183837890625,456.85858154296875,938.09326171875,508.10479736328125,922.8804931640625,509.6943359375,938.563232421875,552.49658203125,925.364013671875,555.140869140625,927.4304809570312,591.6104125976562,919.6517333984375,597.2373657226562
933.548095703125,433.505615234375,936.1258544921875,429.27227783203125,929.702392578125,429.48175048828125,939.4161376953125,431.24359130859375,923.5240478515625,431.80072021484375,942.6419677734375,451.89202880859375,918.9005126953125,452.89068603515625,949.5738525390625,474.3793029785156,919.9564208984375,477.3776550292969,946.4739990234375,475.3019714355469,932.9100952148438,477.0723876953125,939.8399047851562,507.9066467285156,924.6387939453125,508.5326843261719,938.5372314453125,552.7440795898438,924.95703125,553.0844116210938,932.383056640625,594.7582397460938,920.8017578125,595.65771484375
932.4171752929688,429.8963623046875,934.0665893554688,425.52130126953125,927.7490844726562,427.1697692871094,936.5418701171875,426.4829406738281,921.0467529296875,430.470947265625,942.6751098632812,446.29656982421875,917.3450927734375,454.3149719238281,959.2371826171875,465.45709228515625,925.6261596679688,481.7740173339844,970.1039428710938,468.6156005859375,947.4622802734375,478.90606689453125,941.716552734375,501.9189147949219,925.1889038085938,505.85888671875,943.61376953125,548.680908203125,924.7644653320312,553.8355102539062,935.7630615234375,591.142822265625,918.66064453125,599.4816284179688
935.7910766601562,423.4246826171875,938.0152587890625,419.32086181640625,931.6287231445312,420.03594970703125,941.5021362304688,421.0804138183594,925.2233276367188,422.328125,945.7852783203125,441.218505859375,920.3251953125,443.74639892578125,952.64013671875,467.1625671386719,920.19677734375,471.4955749511719,950.041015625,484.21307373046875,930.1326904296875,489.1727600097656,942.2781982421875,495.4225158691406,926.1143188476562,496.67449951171875,938.9908447265625,544.69482421875,925.8341064453125,546.756103515625,930.4053955078125,589.001953125,919.3690185546875,594.3505859375
934.5167236328125,416.7206726074219,937.381591796875,412.4349365234375,930.6953125,413.06707763671875,943.0615234375,414.9869384765625,925.513427734375,416.1563415527344,948.8697509765625,439.497802734375,920.730712890625,440.56805419921875,950.7401733398438,468.36346435546875,917.918701171875,468.9599304199219,944.371826171875,490.92181396484375,926.1240234375,491.4034423828125,943.8599853515625,497.5152282714844,926.0408935546875,497.7757873535156,936.4619140625,546.7905883789062,923.0223388671875,547.3998413085938,929.0293579101562,590.3181762695312,920.596435546875,593.3327026367188
936.323974609375,412.0564270019531,939.611083984375,407.7133483886719,932.538818359375,408.1610412597656,945.51513671875,409.25506591796875,926.7218627929688,410.15167236328125,950.4797973632812,431.0819091796875,920.744140625,434.11407470703125,953.304931640625,459.0654296875,917.92236328125,465.5604248046875,947.36328125,484.33807373046875,924.118408203125,493.3209228515625,945.1336669921875,489.7293701171875,926.4113159179688,491.00433349609375,937.2281494140625,539.3929443359375,922.5120849609375,541.7210693359375,930.8323974609375,583.604248046875,921.3209228515625,589.3076171875
939.9228515625,407.6814880371094,942.917724609375,403.33807373046875,935.9068603515625,403.7615661621094,947.799560546875,404.60650634765625,928.9385375976562,405.32440185546875,951.6876220703125,425.2024841308594,922.5521240234375,429.741943359375,957.6414794921875,449.22442626953125,918.7084350585938,463.6124267578125,953.6083984375,468.17822265625,921.2252197265625,497.50244140625,948.29248046875,485.28021240234375,930.0416259765625,487.2074890136719,941.4320068359375,535.1060791015625,926.8131103515625,537.6318359375,934.444091796875,578.4720458984375,922.8175048828125,584.1547241210938
940.9478759765625,406.00286865234375,944.2332763671875,401.6320495605469,936.8043823242188,401.9962463378906,949.60986328125,403.1385498046875,929.836669921875,403.7145080566406,953.766845703125,425.4549560546875,923.2695922851562,428.06085205078125,956.8372802734375,452.2186279296875,917.9811401367188,460.02191162109375,951.2726440429688,475.34747314453125,919.2830200195312,492.4346923828125,947.42626953125,486.47039794921875,928.3385009765625,487.3041687011719,938.1696166992188,535.5628051757812,922.9301147460938,536.96435546875,931.5386962890625,577.8397216796875,920.4388427734375,582.2626342773438
942.92333984375,406.17034912109375,946.0225830078125,401.7476806640625,938.9031982421875,402.17755126953125,951.4765625,403.10528564453125,932.1763916015625,403.7528076171875,956.0029907226562,426.1606750488281,925.048583984375,427.17266845703125,954.7666625976562,456.60009765625,918.1405029296875,458.35369873046875,944.9932250976562,483.7153015136719,920.10595703125,489.7647399902344,947.780517578125,487.43792724609375,928.05029296875,487.424072265625,939.0250244140625,537.7086791992188,921.48876953125,538.2810668945312,929.37353515625,581.40625,915.9984741210938,584.8906860351562
944.2572021484375,411.3135986328125,947.3431396484375,407.1341552734375,940.5264892578125,407.3385314941406,952.5322265625,408.100341796875,933.955078125,408.2384948730469,955.93896484375,429.1621398925781,926.4669799804688,429.2828063964844,954.65966796875,458.46905517578125,917.75390625,458.2964172363281,945.8572998046875,483.6468200683594,919.503173828125,486.68218994140625,947.7442016601562,485.240478515625,929.4027099609375,485.08612060546875,941.7777099609375,534.6595458984375,928.1209716796875,535.0048828125,932.3868408203125,578.830078125,924.72412109375,581.649658203125
944.193115234375,411.661376953125,947.3889770507812,407.57867431640625,940.4939575195312,407.7825927734375,953.2523803710938,408.671630859375,934.1575927734375,408.8458557128906,957.109130859375,428.68206787109375,927.514892578125,430.25390625,959.4918212890625,451.97686767578125,918.330810546875,459.1463928222656,951.8909912109375,467.151123046875,918.89892578125,488.2004699707031,948.31689453125,486.202392578125,930.1728515625,486.4351806640625,941.9397583007812,535.470947265625,930.0675048828125,535.5513305664062,932.2344360351562,580.477783203125,926.0625,582.237060546875
945.7490234375,412.90484619140625,948.7994384765625,409.0003967285156,942.07666015625,409.12957763671875,954.1729736328125,409.8612060546875,935.6292114257812,409.86334228515625,959.3505859375,429.17950439453125,927.8428955078125,430.7969970703125,972.007080078125,448.89898681640625,917.7938232421875,457.9703369140625,980.55419921875,463.3616638183594,917.62109375,484.55072021484375,949.8243408203125,486.18206787109375,931.0400390625,486.40264892578125,943.52783203125,535.329345703125,929.9188232421875,535.1822509765625,935.6577758789062,581.1611938476562,927.0401000976562,582.0966796875
946.0783081054688,413.29803466796875,948.883056640625,409.1831359863281,942.5931396484375,409.4030456542969,953.62109375,409.3812255859375,936.5855712890625,409.8046875,960.8863525390625,429.03424072265625,928.1376953125,431.5084228515625,978.6160888671875,450.6166076660156,917.3248901367188,459.2857666015625,990.5809326171875,466.01324462890625,917.72216796875,485.90386962890625,950.564697265625,485.35845947265625,930.8817138671875,486.49188232421875,945.0924072265625,536.0615844726562,931.1385498046875,536.949951171875,933.4989624023438,581.5712890625,927.37060546875,582.7838745117188
945.365478515625,411.2840881347656,948.2406005859375,406.6705627441406,941.609375,406.95050048828125,952.531005859375,407.6346130371094,935.4054565429688,408.3919372558594,957.6693115234375,428.33807373046875,927.8450927734375,429.458740234375,972.1134033203125,453.38836669921875,917.5260009765625,456.13604736328125,979.7642211914062,478.07769775390625,917.4669799804688,479.7805480957031,948.609619140625,484.2022705078125,930.5758056640625,484.4658203125,944.8291625976562,528.3123168945312,930.8831787109375,528.6133422851562,938.352294921875,570.7357177734375,926.8868408203125,571.7510986328125
946.06982421875,412.51739501953125,949.3295288085938,408.08404541015625,942.509765625,407.9938659667969,953.808837890625,409.4495544433594,936.359619140625,409.2082214355469,958.5546875,430.2243347167969,928.9122314453125,429.9910888671875,970.42138671875,455.7913513183594,917.917236328125,455.7352294921875,975.9417114257812,479.87945556640625,917.6195068359375,479.59228515625,949.416259765625,485.10186767578125,931.3402099609375,484.744873046875,945.92431640625,527.7695922851562,932.1469116210938,527.6246948242188,939.7725219726562,569.18603515625,928.908447265625,569.4981079101562
945.7047729492188,414.71368408203125,949.1815185546875,410.52557373046875,942.615478515625,410.092529296875,953.9957275390625,411.9994812011719,936.947509765625,410.8084716796875,958.9796142578125,432.2337341308594,928.9610595703125,430.6257019042969,970.1717529296875,457.6894226074219,916.2103271484375,454.951171875,974.7169189453125,480.330322265625,913.9949340820312,478.06048583984375,947.5691528320312,485.6891784667969,929.3287353515625,484.61163330078125,943.9824829101562,527.8010864257812,930.4242553710938,527.1964721679688,938.782470703125,569.063232421875,928.3126831054688,568.6322021484375
945.147705078125,414.3706970214844,948.3967895507812,410.1444396972656,941.7216796875,410.06341552734375,952.8822021484375,411.99627685546875,935.7017822265625,411.725341796875,957.4205932617188,433.19586181640625,927.008056640625,432.44281005859375,966.6659545898438,459.4461364746094,914.7816162109375,457.7183532714844,966.1887817382812,482.3785400390625,912.364501953125,481.6658020019531,947.6275634765625,487.2470397949219,928.8531494140625,486.7210693359375,942.41015625,530.1416015625,928.0330810546875,529.6596069335938,937.817626953125,569.2705078125,927.2388916015625,568.9852294921875
943.379150390625,414.845947265625,946.994873046875,410.8362121582031,940.1771850585938,410.46258544921875,952.0537719726562,413.13909912109375,934.1896362304688,412.206787109375,957.3553466796875,434.9876708984375,924.587158203125,433.4090881347656,966.287109375,461.67327880859375,913.0281982421875,458.7825927734375,963.0364990234375,482.4581298828125,913.1961669921875,480.4234619140625,945.787841796875,487.74859619140625,925.0819091796875,486.8196716308594,941.9815673828125,529.6151733398438,923.106201171875,528.8995361328125,937.8619384765625,569.9940185546875,922.62744140625,569.2069702148438
943.3641357421875,414.1259765625,946.9937744140625,410.3390808105469,939.6483764648438,410.0129699707031,951.432373046875,413.3486328125,932.7383422851562,412.233154296875,957.25,436.75921630859375,922.3009643554688,435.0279541015625,964.5224609375,465.9773254394531,908.2725830078125,462.2220153808594,963.389892578125,489.06103515625,910.194091796875,487.1146545410156,948.4722290039062,493.0465393066406,926.3607788085938,492.4153747558594,948.012939453125,535.8534545898438,925.64453125,535.4705810546875,943.8531494140625,570.8651123046875,923.5008544921875,570.4747314453125
942.361328125,414.14031982421875,945.7520751953125,410.4434509277344,938.8052978515625,410.19244384765625,949.8974609375,413.06182861328125,932.0392456054688,412.1455078125,956.504150390625,435.37225341796875,920.914306640625,433.919921875,964.7930908203125,464.18023681640625,905.9766845703125,460.7587890625,963.7781982421875,486.75146484375,908.219482421875,485.12567138671875,948.26171875,491.8816223144531,926.0233154296875,491.44573974609375,946.947265625,535.6448364257812,926.744140625,535.3814086914062,942.525146484375,571.5691528320312,926.0093994140625,571.3230590820312
942.2239990234375,415.52349853515625,945.619384765625,411.29803466796875,938.8247680664062,411.11541748046875,950.2662963867188,412.8001708984375,932.6222534179688,412.18975830078125,956.83349609375,433.93896484375,922.625244140625,432.9107666015625,965.9061279296875,461.80621337890625,908.11181640625,459.315673828125,965.3453369140625,485.260498046875,909.1636962890625,484.1228942871094,947.8460693359375,489.60638427734375,926.1328125,488.9969787597656,948.625244140625,533.3758544921875,925.6188354492188,533.0679321289062,946.5992431640625,572.7698974609375,925.3157958984375,572.4765625
941.8060913085938,414.71563720703125,944.31494140625,410.4129638671875,938.7210693359375,410.66583251953125,947.9024658203125,411.3927001953125,933.40283203125,411.96392822265625,952.6250610351562,434.27203369140625,924.0264892578125,435.03436279296875,960.88720703125,458.2605285644531,908.285888671875,461.21392822265625,960.5487670898438,482.03741455078125,910.22119140625,488.77294921875,948.0682373046875,493.260009765625,929.8109130859375,493.6015319824219,952.7839965820312,540.7470703125,929.550048828125,540.864501953125,954.1832885742188,583.1328735351562,928.7530517578125,583.6952514648438
937.310302734375,403.88446044921875,940.9937744140625,399.9136962890625,933.9483032226562,399.9088134765625,946.587646484375,402.41143798828125,928.7099609375,402.3483581542969,956.9031372070312,426.991943359375,919.9198608398438,426.7835998535156,967.6751708984375,461.4683837890625,906.658935546875,459.85467529296875,965.6680297851562,491.3811950683594,908.9063720703125,490.35491943359375,951.35205078125,495.5902404785156,928.4178466796875,495.5428161621094,950.5235595703125,548.549560546875,929.9935913085938,548.5419921875,946.4873046875,590.4859008789062,930.3955078125,590.3953247070312
940.564453125,411.60443115234375,943.8451538085938,407.3223876953125,936.8857421875,407.37518310546875,949.8469848632812,408.4267578125,930.0642700195312,408.3913879394531,958.1856079101562,431.9581298828125,919.6029052734375,432.2187194824219,970.51416015625,461.294677734375,907.7293701171875,462.2244873046875,969.786865234375,489.6838073730469,907.46923828125,492.2357482910156,952.0126953125,494.7271728515625,926.883056640625,494.8146057128906,955.0704345703125,547.6538696289062,924.3741455078125,547.825927734375,954.5899658203125,589.3656616210938,922.681640625,590.7879028320312
939.93994140625,410.84027099609375,943.26708984375,406.49017333984375,936.3173828125,406.6181640625,949.57470703125,407.81500244140625,929.8914794921875,408.00018310546875,958.378662109375,431.67120361328125,919.6273193359375,432.5023193359375,971.878173828125,460.532958984375,907.641845703125,462.41497802734375,972.4989013671875,489.03009033203125,907.8063354492188,491.31396484375,952.83203125,495.1225891113281,927.9296875,495.59051513671875,955.561767578125,547.82080078125,927.261962890625,548.57666015625,955.46435546875,590.16552734375,927.6421508789062,592.4487915039062
940.5657958984375,412.6531677246094,943.9509887695312,408.15380859375,936.615966796875,408.07672119140625,948.3638305664062,409.71307373046875,929.7080078125,409.2764892578125,954.567626953125,432.7266540527344,918.9605712890625,432.75250244140625,966.0718994140625,463.66912841796875,907.9315185546875,464.47235107421875,968.73974609375,489.2577209472656,912.1847534179688,490.5619812011719,950.4973754882812,495.5433349609375,928.048828125,496.02203369140625,952.7872314453125,545.719482421875,928.6002197265625,545.8668212890625,952.9288330078125,588.4230346679688,929.3651733398438,589.035888671875
940.946533203125,414.6444396972656,944.253173828125,410.1865539550781,937.0548706054688,410.1471862792969,948.6593017578125,411.64471435546875,930.3037719726562,411.29791259765625,954.3623046875,434.05242919921875,920.113525390625,433.98406982421875,964.9491577148438,464.3775634765625,909.0855102539062,464.7386169433594,966.9327392578125,490.83856201171875,911.6748046875,491.96527099609375,949.720703125,494.1398620605469,928.15283203125,494.50286865234375,951.2344970703125,542.5091552734375,928.32958984375,542.5856323242188,951.6375732421875,583.7239379882812,929.400146484375,584.2088623046875
942.3975830078125,416.80877685546875,945.8739013671875,412.627685546875,938.8216552734375,412.5777282714844,952.056884765625,414.12506103515625,932.36669921875,413.80853271484375,960.2025146484375,437.0849304199219,921.3729248046875,437.14263916015625,972.983642578125,464.6985168457031,907.8623046875,465.4054870605469,974.2896728515625,492.6691589355469,906.0807495117188,494.934814453125,953.537109375,494.29339599609375,928.516845703125,494.3330383300781,955.785400390625,543.0604248046875,925.093994140625,543.432373046875,955.265380859375,584.3109130859375,924.2869873046875,586.77099609375
942.5682373046875,419.85687255859375,946.0068359375,415.65789794921875,939.0294799804688,415.61627197265625,952.1785888671875,417.11077880859375,932.6092529296875,416.8099365234375,960.3787841796875,440.3489990234375,921.6080932617188,440.7550048828125,973.2958984375,467.6172180175781,909.330810546875,469.17803955078125,975.7672119140625,497.698974609375,908.5323486328125,500.0180969238281,954.98974609375,498.73406982421875,930.0728759765625,499.0731201171875,957.8468017578125,546.9815673828125,927.3858032226562,547.822509765625,956.872802734375,586.3364868164062,927.3217163085938,589.4302368164062
943.0947875976562,422.88909912109375,946.4877319335938,418.7346496582031,939.5264892578125,418.77447509765625,952.6475830078125,420.18115234375,933.3048095703125,420.11639404296875,961.0724487304688,443.0827331542969,922.5953979492188,443.6913757324219,973.1768188476562,470.1046142578125,910.6744384765625,471.4338684082031,975.4658203125,498.81439208984375,908.4732055664062,499.97222900390625,956.1334228515625,499.24151611328125,931.2628784179688,499.6702880859375,959.6240844726562,545.4337158203125,927.657470703125,546.478759765625,959.0069580078125,583.311279296875,927.358642578125,586.8984375
943.1563110351562,424.84454345703125,946.7927856445312,420.57025146484375,939.7117309570312,420.57928466796875,953.6517333984375,422.12060546875,933.9662475585938,422.01654052734375,962.3839111328125,445.53662109375,923.27099609375,446.3172607421875,973.1171264648438,473.0299987792969,912.26611328125,474.72418212890625,975.4481201171875,502.2166748046875,910.077392578125,503.92083740234375,957.884521484375,503.775390625,932.62158203125,504.31304931640625,960.679443359375,551.7174072265625,929.2252807617188,553.0340576171875,958.8458251953125,591.8741455078125,928.890380859375,596.171875
944.8638916015625,427.88671875,948.2352905273438,423.686767578125,941.5343017578125,423.7381591796875,954.5721435546875,424.88116455078125,935.774169921875,424.8390197753906,963.1734008789062,447.2203674316406,924.8886108398438,448.15350341796875,974.54150390625,473.7474060058594,913.64404296875,476.052734375,976.681396484375,502.09039306640625,913.4448852539062,504.66790771484375,958.28271484375,504.3602294921875,933.4822998046875,504.9126892089844,960.107177734375,552.3419799804688,928.480712890625,553.7030639648438,958.4382934570312,592.2344970703125,927.4461669921875,596.6035766601562
944.0013427734375,429.391845703125,947.6401977539062,424.39678955078125,939.8262939453125,424.57562255859375,953.5540771484375,425.1805114746094,933.2404174804688,425.47943115234375,960.5418701171875,447.5481262207031,923.741943359375,447.7572326660156,970.6495361328125,478.62982177734375,912.21826171875,479.1634521484375,969.0924072265625,507.4825744628906,914.8792724609375,508.4881591796875,954.0265502929688,509.5028076171875,931.2149658203125,509.6754455566406,949.8422241210938,559.3221435546875,930.0126342773438,559.1150512695312,942.7271118164062,602.8343505859375,926.2695922851562,603.3875732421875
