x0,y0,x1,y1,x2,y2,x3,y3,x4,y4,x5,y5,x6,y6,x7,y7,x8,y8,x9,y9,x10,y10,x11,y11,x12,y12,x13,y13,x14,y14,x15,y15,x16,y16
0.0,0.0,0.0,0.0,0.0,0.0,0.0,0.0,0.0,0.0,0.0,0.0,0.0,0.0,0.0,0.0,0.0,0.0,0.0,0.0,0.0,0.0,0.0,0.0,0.0,0.0,0.0,0.0,0.0,0.0,0.0,0.0,0.0,0.0
0.0,0.0,0.0,0.0,0.0,0.0,0.0,0.0,0.0,0.0,0.0,0.0,0.0,0.0,0.0,0.0,0.0,0.0,0.0,0.0,0.0,0.0,0.0,0.0,0.0,0.0,0.0,0.0,0.0,0.0,0.0,0.0,0.0,0.0
0.0,0.0,0.0,0.0,0.0,0.0,0.0,0.0,0.0,0.0,0.0,0.0,0.0,0.0,0.0,0.0,0.0,0.0,0.0,0.0,0.0,0.0,0.0,0.0,0.0,0.0,0.0,0.0,0.0,0.0,0.0,0.0,0.0,0.0
0.0,0.0,0.0,0.0,0.0,0.0,0.0,0.0,0.0,0.0,0.0,0.0,0.0,0.0,0.0,0.0,0.0,0.0,0.0,0.0,0.0,0.0,0.0,0.0,0.0,0.0,0.0,0.0,0.0,0.0,0.0,0.0,0.0,0.0
0.0,0.0,0.0,0.0,0.0,0.0,0.0,0.0,0.0,0.0,0.0,0.0,0.0,0.0,0.0,0.0,0.0,0.0,0.0,0.0,0.0,0.0,0.0,0.0,0.0,0.0,0.0,0.0,0.0,0.0,0.0,0.0,0.0,0.0
0.0,0.0,0.0,0.0,0.0,0.0,0.0,0.0,0.0,0.0,0.0,0.0,0.0,0.0,0.0,0.0,0.0,0.0,0.0,0.0,0.0,0.0,0.0,0.0,0.0,0.0,0.0,0.0,0.0,0.0,0.0,0.0,0.0,0.0
0.0,0.0,0.0,0.0,0.0,0.0,0.0,0.0,0.0,0.0,0.0,0.0,0.0,0.0,0.0,0.0,0.0,0.0,0.0,0.0,0.0,0.0,0.0,0.0,0.0,0.0,0.0,0.0,0.0,0.0,0.0,0.0,0.0,0.0
0.0,0.0,0.0,0.0,0.0,0.0,0.0,0.0,0.0,0.0,0.0,0.0,0.0,0.0,0.0,0.0,0.0,0.0,0.0,0.0,0.0,0.0,0.0,0.0,0.0,0.0,0.0,0.0,0.0,0.0,0.0,0.0,0.0,0.0
928.3233642578125,366.1781005859375,929.6754150390625,362.3251953125,923.4409790039062,362.5187072753906,929.3113403320312,371.327392578125,917.1251220703125,370.7265625,936.322509765625,394.30517578125,916.3914184570312,391.05316162109375,951.0755615234375,376.125,931.259033203125,366.6951599121094,951.3248291015625,347.54010009765625,942.6309814453125,335.81268310546875,939.7150268554688,452.58306884765625,924.6546630859375,451.302978515625,937.1921997070312,498.9348449707031,922.060302734375,496.49200439453125,931.52734375,539.5345458984375,914.5453491210938,536.2544555664062
934.0965576171875,367.3154296875,934.287841796875,363.5384521484375,929.3839111328125,363.60064697265625,930.2547607421875,372.40203857421875,921.3203125,371.12933349609375,934.8045043945312,395.3133544921875,918.6807861328125,390.93353271484375,948.527587890625,382.375244140625,931.8096923828125,369.864013671875,950.6273193359375,359.4696350097656,941.338134765625,343.9748229980469,937.712646484375,452.1807861328125,925.6605224609375,450.68621826171875,935.9920654296875,498.2727355957031,924.9603881835938,495.59521484375,928.9139404296875,537.58251953125,916.3856201171875,534.9622192382812
930.8656005859375,367.12982177734375,932.9979248046875,363.8074035644531,925.9808349609375,363.6270751953125,933.8995971679688,370.1607666015625,918.86279296875,368.73431396484375,939.06494140625,393.94573974609375,917.2606201171875,387.232177734375,953.607177734375,398.06634521484375,925.6451416015625,374.4879455566406,959.0198364257812,386.94891357421875,936.0628051757812,346.5218811035156,939.2376708984375,450.596923828125,923.552734375,448.037109375,939.202392578125,496.3977355957031,919.7626953125,492.6437072753906,935.8734130859375,537.527587890625,909.7305908203125,532.12158203125
932.0548095703125,366.99334716796875,934.2943725585938,363.60284423828125,927.1229248046875,363.34527587890625,934.8308715820312,369.77606201171875,919.9817504882812,368.2315673828125,938.5506591796875,393.5993957519531,918.9937133789062,387.56103515625,953.2835693359375,401.4085693359375,930.813720703125,380.7710266113281,959.82421875,393.2207336425781,941.9452514648438,357.26513671875,938.0712890625,450.19989013671875,924.02001953125,447.8739013671875,937.366455078125,495.7456970214844,920.40966796875,492.4472351074219,934.2611083984375,536.5317993164062,910.9073486328125,532.2342529296875
932.2882690429688,367.943603515625,935.123779296875,364.4067077636719,927.4884033203125,364.22381591796875,937.2274169921875,369.249755859375,920.8006591796875,368.1226806640625,940.162109375,391.362548828125,919.535400390625,386.7254333496094,950.8687133789062,398.5322265625,927.9285278320312,382.19036865234375,956.132080078125,389.3901672363281,937.1158447265625,360.653076171875,937.819580078125,448.21832275390625,923.1876220703125,446.37994384765625,936.3760986328125,493.5390625,918.8466796875,491.0660705566406,933.612060546875,535.260009765625,909.4231567382812,532.3074951171875
932.2666625976562,367.9309387207031,935.0948486328125,364.4139404296875,927.4713134765625,364.22796630859375,937.2178955078125,369.379638671875,920.78369140625,368.22491455078125,940.338623046875,391.6199951171875,919.39111328125,386.78173828125,950.9443359375,398.08447265625,927.40625,381.1022644042969,956.1069946289062,388.32421875,936.472412109375,358.79742431640625,938.07666015625,448.60064697265625,923.1890869140625,446.6739501953125,936.5011596679688,493.9975891113281,918.5386962890625,491.3769836425781,933.82958984375,535.6741333007812,909.1512451171875,532.4771118164062
934.644287109375,365.37274169921875,937.1519775390625,361.67486572265625,929.5039672851562,361.5947265625,938.1126708984375,367.3770446777344,921.96435546875,366.2674560546875,940.6484375,393.592529296875,921.174560546875,385.494873046875,951.990478515625,409.77764892578125,930.6346435546875,377.1449890136719,961.4384765625,415.5200500488281,941.5317993164062,352.105224609375,937.5118408203125,449.98028564453125,923.7394409179688,446.9720764160156,936.0408325195312,494.6849365234375,919.3406982421875,491.17633056640625,933.405029296875,536.1839599609375,910.739501953125,532.3242797851562
931.5543823242188,364.100341796875,934.72216796875,360.3441162109375,926.9161376953125,360.20782470703125,938.205322265625,366.0993347167969,920.835693359375,364.95599365234375,941.5911254882812,389.05670166015625,918.8223876953125,383.4183349609375,947.2423095703125,383.31463623046875,925.7828979492188,364.6011962890625,950.2081298828125,364.9492492675781,936.8724365234375,336.5729064941406,938.336181640625,448.4195251464844,921.6590576171875,446.16461181640625,936.782470703125,494.40325927734375,917.2755126953125,491.0576171875,933.2279663085938,536.9390869140625,909.163330078125,532.9257202148438
931.3114013671875,364.1005554199219,934.9121704101562,360.578369140625,927.0780029296875,360.33673095703125,939.7168579101562,366.100830078125,922.0512084960938,364.8743896484375,943.2174072265625,389.35137939453125,920.158447265625,383.0491943359375,947.4977416992188,390.7233581542969,927.433349609375,368.0770568847656,951.2584228515625,375.418212890625,939.7071533203125,337.261474609375,938.2044067382812,447.19036865234375,921.4129028320312,444.685791015625,936.3872680664062,492.9077453613281,916.106689453125,489.48681640625,933.5169067382812,536.2841796875,909.31982421875,532.12158203125
933.7481689453125,363.8625183105469,937.6565551757812,360.50238037109375,929.9698486328125,359.71002197265625,942.575439453125,366.05963134765625,925.00830078125,363.43341064453125,945.9644775390625,390.29345703125,921.5882568359375,381.4833984375,954.1077880859375,398.06805419921875,930.1612548828125,369.6126708984375,962.2923583984375,392.56829833984375,947.009765625,345.0405578613281,940.38134765625,447.2626647949219,922.8729248046875,443.7279052734375,936.8944702148438,492.416748046875,916.8470458984375,487.6786193847656,933.5782470703125,535.9541015625,910.524169921875,529.9363403320312
935.827880859375,364.39459228515625,939.1569213867188,361.0165100097656,931.727294921875,360.92974853515625,942.9852905273438,365.81158447265625,926.6260986328125,365.2958984375,946.6942749023438,386.8433837890625,922.282958984375,387.1412658691406,957.3907470703125,382.3270263671875,928.93359375,389.74664306640625,967.3712768554688,355.4002990722656,946.38330078125,375.55987548828125,940.3192749023438,446.67694091796875,923.2742919921875,446.578369140625,938.5894775390625,491.3462219238281,919.1363525390625,489.910888671875,937.105224609375,534.6640014648438,912.61767578125,531.9175415039062
935.46240234375,364.670166015625,938.7804565429688,361.28338623046875,931.3536376953125,361.267578125,942.7882080078125,365.7268981933594,926.3209228515625,365.386962890625,946.5240478515625,386.77099609375,922.2823486328125,387.33160400390625,957.2364501953125,385.98431396484375,928.8504638671875,393.3935852050781,967.320556640625,360.80877685546875,947.2553100585938,379.65380859375,940.3170166015625,446.1748352050781,923.5013427734375,446.22271728515625,938.5523681640625,490.8675842285156,919.10595703125,489.7055969238281,937.0277099609375,534.2017822265625,912.47802734375,531.880615234375
938.021240234375,365.3048400878906,941.6599731445312,361.88470458984375,933.776611328125,361.72119140625,945.6344604492188,366.02294921875,926.8194580078125,365.34234619140625,948.923095703125,389.70654296875,920.8456420898438,388.19384765625,956.6400146484375,405.248779296875,930.518798828125,403.5341796875,965.45751953125,398.6750793457031,954.782958984375,395.29486083984375,941.575927734375,448.59136962890625,922.378173828125,447.83740234375,936.6674194335938,492.49407958984375,913.236328125,491.1019287109375,933.2418823242188,535.0752563476562,911.6748046875,533.8363647460938
938.3904418945312,365.4187316894531,941.8843994140625,361.58050537109375,934.2277221679688,361.74932861328125,947.105224609375,365.07537841796875,927.71923828125,365.0578308105469,952.204345703125,390.2099609375,920.6971435546875,389.4291687011719,956.3345947265625,416.7616882324219,924.2847900390625,415.064453125,958.9660034179688,419.71661376953125,948.8618774414062,415.04058837890625,944.886962890625,447.6228332519531,923.8207397460938,447.23138427734375,938.5028686523438,491.9783020019531,915.1878662109375,491.2960510253906,935.4878540039062,533.688720703125,916.7429809570312,533.827392578125
938.7828369140625,368.1475830078125,942.8897705078125,364.3285217285156,934.7620239257812,364.093505859375,948.428955078125,368.6292724609375,928.5921630859375,367.7421569824219,951.23193359375,393.24505615234375,921.75439453125,392.54571533203125,954.24365234375,419.49810791015625,925.5816650390625,419.5507507324219,956.0198974609375,425.54541015625,947.43798828125,425.23297119140625,944.33447265625,447.77288818359375,924.8533935546875,447.53802490234375,936.7125244140625,492.20257568359375,918.927978515625,492.08673095703125,933.453857421875,534.432861328125,921.0173950195312,535.6426391601562
941.7259521484375,372.2037353515625,944.4779663085938,367.70074462890625,937.4393920898438,367.948486328125,947.6162109375,369.9649658203125,930.1571044921875,370.62188720703125,951.1063232421875,392.90948486328125,922.07373046875,394.169189453125,960.748779296875,417.8162841796875,919.960205078125,421.89080810546875,959.1507568359375,431.51068115234375,930.276123046875,434.3348693847656,944.7588500976562,448.24041748046875,926.2169189453125,448.9747314453125,942.6536865234375,492.0291748046875,923.656005859375,492.57281494140625,935.691650390625,532.9429931640625,918.5912475585938,534.2532958984375
941.8419799804688,372.77667236328125,944.9266357421875,369.21929931640625,937.7594604492188,369.2796936035156,949.0460815429688,372.2771301269531,930.5325927734375,372.27972412109375,953.91455078125,395.8136901855469,922.6331787109375,397.08599853515625,961.4628295898438,416.93414306640625,916.0222778320312,426.5618591308594,963.9871826171875,426.1057434082031,918.92578125,447.99005126953125,947.0865478515625,450.97247314453125,927.396728515625,451.04364013671875,943.2117919921875,492.2481689453125,921.8248901367188,491.8213806152344,940.2635498046875,532.6888427734375,920.808837890625,532.4200439453125
941.8533935546875,372.7662353515625,944.9365234375,369.2095947265625,937.7667236328125,369.269287109375,949.048095703125,372.28057861328125,930.5293579101562,372.2787780761719,953.9195556640625,395.8356628417969,922.616943359375,397.10162353515625,961.4796752929688,416.96624755859375,916.0107421875,426.5899658203125,964.0439453125,426.11798095703125,918.9267578125,448.0135498046875,947.1175537109375,451.0104675292969,927.4066162109375,451.08050537109375,943.293701171875,492.2823486328125,921.8260498046875,491.8519287109375,940.31689453125,532.7564697265625,920.74560546875,532.4794921875
943.276123046875,373.17413330078125,945.7805786132812,368.4692687988281,938.8856201171875,369.1060791015625,948.724853515625,370.0888671875,931.837158203125,371.7430419921875,953.2825927734375,393.2205810546875,924.5909423828125,395.4488525390625,963.8114013671875,419.2041320800781,916.46875,423.77301025390625,968.8884887695312,444.84344482421875,918.4033813476562,448.3944091796875,948.7860107421875,447.4632568359375,930.652587890625,448.5592041015625,948.8087768554688,489.9136962890625,925.413330078125,490.8111877441406,943.5469970703125,529.7283325195312,917.3687744140625,531.40869140625
943.3323974609375,371.33343505859375,945.9684448242188,366.7964172363281,939.5863037109375,367.2920837402344,949.867431640625,368.23870849609375,933.4268188476562,369.64947509765625,956.022705078125,390.1314697265625,926.40185546875,391.68157958984375,966.166748046875,413.93646240234375,916.3438110351562,416.38299560546875,966.7025756835938,430.6469421386719,917.0136108398438,432.54229736328125,949.5708618164062,444.2340087890625,930.689453125,444.80108642578125,948.932861328125,487.2353210449219,925.1178588867188,487.65655517578125,944.6834106445312,528.5195922851562,918.4208984375,529.4658203125
948.4161376953125,370.80194091796875,950.81787109375,366.0919189453125,944.2761840820312,366.6748352050781,953.4295654296875,367.1150207519531,937.2435302734375,368.6319580078125,957.762939453125,388.5824890136719,928.9828491210938,390.5058288574219,966.9061889648438,412.4404296875,918.5608520507812,416.15411376953125,970.6484375,432.01324462890625,919.6136474609375,435.51123046875,953.2754516601562,441.67218017578125,934.4566650390625,442.72052001953125,956.4495849609375,484.68341064453125,926.144775390625,485.39996337890625,953.2999267578125,526.6766357421875,916.4939575195312,528.264892578125
949.3177490234375,367.837646484375,952.4124755859375,364.2948303222656,945.814453125,364.18157958984375,957.8837890625,366.41204833984375,939.6744384765625,365.9083557128906,964.0830688476562,387.26904296875,932.0516357421875,388.71405029296875,976.0827026367188,404.94781494140625,920.8382568359375,414.85699462890625,978.7029418945312,413.52337646484375,917.441162109375,437.88201904296875,960.6572265625,442.0058898925781,939.2711791992188,442.2882385253906,963.1163330078125,483.5604248046875,929.131591796875,483.7122802734375,964.8184814453125,524.6408081054688,921.29052734375,525.8936767578125
951.275634765625,366.67437744140625,954.4122314453125,363.095703125,947.6798095703125,362.9647521972656,960.021484375,365.2099609375,941.303955078125,364.6421813964844,966.70654296875,386.36846923828125,933.37158203125,388.17340087890625,978.04736328125,404.79376220703125,921.640869140625,415.5396423339844,979.8326416015625,414.01763916015625,915.6831665039062,440.16790771484375,966.0887451171875,441.0544738769531,943.6777954101562,441.66925048828125,968.9049682617188,482.5439758300781,932.1300048828125,483.2740478515625,970.1187744140625,522.517333984375,923.684326171875,524.776123046875
951.2642822265625,366.676513671875,954.4031982421875,363.0976867675781,947.66650390625,362.96649169921875,960.009521484375,365.214599609375,941.2875366210938,364.64697265625,966.685546875,386.38983154296875,933.3535766601562,388.17431640625,977.9915771484375,404.7860107421875,921.557373046875,415.5006408691406,979.8297119140625,413.9706115722656,915.6417236328125,440.0919189453125,966.0152587890625,441.13616943359375,943.5958251953125,441.7388916015625,968.8628540039062,482.5789489746094,931.9846801757812,483.2772216796875,970.2182006835938,522.52783203125,923.5858154296875,524.70361328125
952.8804931640625,367.5070495605469,955.9365234375,363.90545654296875,949.54052734375,363.917236328125,961.6861572265625,365.7919921875,943.7723388671875,365.7257995605469,968.963623046875,387.00732421875,935.2476806640625,389.06134033203125,979.2529296875,407.509033203125,923.36376953125,415.2723388671875,981.9574584960938,422.74237060546875,915.9402465820312,439.1280517578125,967.5880737304688,440.229248046875,944.354736328125,441.42919921875,976.8019409179688,479.708251953125,933.413818359375,481.49078369140625,983.5504760742188,518.4178466796875,927.1590576171875,522.5872802734375
957.920166015625,372.4031982421875,960.576171875,368.66485595703125,954.158935546875,369.0156555175781,964.80029296875,369.55450439453125,948.115234375,370.4083251953125,973.2088623046875,388.88507080078125,938.5200805664062,391.5801086425781,983.4012451171875,409.97320556640625,925.1990966796875,416.46240234375,985.7205810546875,426.602783203125,916.333740234375,439.9632568359375,971.179931640625,439.8316955566406,946.9835815429688,441.63623046875,985.0838012695312,477.9331970214844,935.505615234375,480.10455322265625,994.6107788085938,516.1674194335938,931.0084228515625,519.8248291015625
960.334228515625,378.35980224609375,963.4140014648438,374.69970703125,956.8414306640625,374.62738037109375,967.6925048828125,375.74249267578125,950.2025756835938,375.58758544921875,973.4595947265625,394.65716552734375,940.6988525390625,396.253173828125,984.6710815429688,416.36053466796875,925.8308715820312,420.26971435546875,984.3629150390625,435.2145080566406,912.7242431640625,442.93768310546875,971.24267578125,442.96051025390625,947.2457885742188,443.9439697265625,989.6292724609375,477.6424255371094,936.318603515625,479.6111755371094,1007.0015258789062,516.0384521484375,930.8704833984375,521.004638671875
964.2147216796875,383.1116638183594,966.8734130859375,379.6288146972656,961.259765625,379.6317443847656,970.3046264648438,380.758544921875,955.1884765625,380.9300537109375,975.6612548828125,397.4643859863281,945.720947265625,400.8373718261719,991.428466796875,414.32098388671875,929.9649658203125,422.6187744140625,992.0432739257812,428.66986083984375,919.719970703125,440.1009521484375,974.2037353515625,444.3695068359375,951.373291015625,446.253173828125,993.7919921875,476.052490234375,936.4332275390625,479.462646484375,1017.97802734375,511.74359130859375,930.0601806640625,518.5698852539062
970.2891845703125,386.18682861328125,972.8245849609375,382.7209167480469,967.7496337890625,382.53912353515625,976.7371215820312,384.10931396484375,962.3743896484375,383.82366943359375,983.629638671875,401.574951171875,950.8452758789062,403.1466064453125,998.6593017578125,416.1810302734375,930.3316650390625,421.95391845703125,1002.219970703125,430.78662109375,918.0413818359375,442.5037841796875,980.466796875,446.5748291015625,955.2914428710938,448.3182678222656,1003.7195434570312,479.3658142089844,938.4527587890625,481.8624572753906,1028.0006103515625,516.3890991210938,930.6094970703125,520.9352416992188
970.2999267578125,386.2105407714844,972.8331298828125,382.7381286621094,967.7579956054688,382.55438232421875,976.7318115234375,384.1308288574219,962.3726806640625,383.83642578125,983.5819091796875,401.61474609375,950.8052978515625,403.20965576171875,998.6365356445312,416.2286682128906,930.2374877929688,422.1748352050781,1002.3085327148438,430.88275146484375,917.7823486328125,443.0424499511719,980.4249267578125,446.6907958984375,955.2537231445312,448.44488525390625,1003.7757568359375,479.46124267578125,938.4554443359375,481.9693908691406,1028.01806640625,516.5150756835938,930.48779296875,521.098876953125
974.731689453125,387.96148681640625,977.5658569335938,384.559326171875,972.1614990234375,384.23638916015625,982.531982421875,385.95751953125,967.0919189453125,385.308837890625,990.7260131835938,403.2335205078125,956.647216796875,403.8818664550781,1004.723388671875,418.3204650878906,937.0241088867188,421.839111328125,1005.251220703125,430.6800842285156,923.8450927734375,440.61163330078125,989.8424072265625,445.58111572265625,963.5865478515625,446.70928955078125,1009.3947143554688,478.41143798828125,943.2047119140625,479.99981689453125,1030.5753173828125,516.722412109375,933.8025512695312,519.5830078125
980.8569946289062,388.78497314453125,983.0877685546875,385.410888671875,978.7529296875,385.2884216308594,986.4642333984375,386.44830322265625,974.5848999023438,386.458740234375,993.770263671875,402.79632568359375,963.8865966796875,405.156494140625,1006.800048828125,419.99725341796875,947.88525390625,425.23858642578125,1008.1741333007812,433.29376220703125,936.1261596679688,438.74359130859375,992.4021606445312,445.8274841308594,968.609130859375,447.9688720703125,1011.98583984375,477.471923828125,947.79541015625,481.0276794433594,1031.7294921875,514.50244140625,935.9471435546875,520.2093505859375
987.9683837890625,389.37615966796875,990.6739501953125,386.0316162109375,985.07861328125,386.1065368652344,995.737060546875,386.8585205078125,979.7906494140625,387.09356689453125,1003.3348388671875,404.16314697265625,971.1611328125,405.149658203125,1012.3203125,423.7524719238281,955.1398315429688,423.519287109375,1009.721435546875,441.3800048828125,946.7166748046875,436.89862060546875,999.556640625,447.21240234375,974.6332397460938,447.9427185058594,1017.9759521484375,477.2467041015625,952.1767578125,479.1171569824219,1034.0279541015625,512.7435913085938,936.7706909179688,516.4423828125
996.2587280273438,391.24896240234375,998.83544921875,387.9647216796875,993.2704467773438,387.92120361328125,1003.27001953125,388.8507080078125,987.2750244140625,388.5561218261719,1010.2283935546875,406.28857421875,977.0447387695312,405.22900390625,1016.4494018554688,427.4184265136719,960.73681640625,423.6063537597656,1011.4647216796875,445.3699035644531,959.5933227539062,439.6978759765625,1003.312744140625,446.6661071777344,977.6683349609375,446.4407958984375,1022.0211181640625,476.205078125,956.8741455078125,476.2088623046875,1034.961669921875,512.8427124023438,941.4967041015625,513.5584106445312
1000.4747314453125,389.74591064453125,1003.322265625,386.42889404296875,997.6695556640625,386.1982727050781,1007.8504638671875,387.29803466796875,991.7180786132812,386.6192321777344,1014.1422729492188,404.65850830078125,980.059326171875,403.161865234375,1017.46875,427.3710021972656,963.9493408203125,423.1839599609375,1012.1107177734375,447.78533935546875,962.6236572265625,442.42425537109375,1005.23095703125,443.5631103515625,979.2218627929688,443.21759033203125,1022.499755859375,474.1943664550781,960.504150390625,474.0850524902344,1034.391357421875,512.001220703125,947.8843994140625,512.7000122070312
1000.3353881835938,390.04681396484375,1003.206787109375,386.74365234375,997.567138671875,386.5035095214844,1007.8005981445312,387.56390380859375,991.703125,386.8758544921875,1014.1375122070312,404.72503662109375,980.114990234375,403.1926574707031,1017.7171630859375,427.61041259765625,964.0316162109375,422.84564208984375,1012.706787109375,448.1569519042969,962.4314575195312,441.01263427734375,1005.3077392578125,443.07611083984375,979.3543701171875,442.7525939941406,1022.3505249023438,473.96148681640625,960.548828125,473.96649169921875,1034.3817138671875,511.8536682128906,948.0595092773438,512.758056640625
1002.53466796875,389.07183837890625,1005.0569458007812,385.8439636230469,1000.3134765625,385.54345703125,1009.8400268554688,386.2167663574219,994.955078125,385.36029052734375,1016.734619140625,402.3983154296875,983.1648559570312,400.95880126953125,1020.9354248046875,424.7260437011719,966.082763671875,420.4976806640625,1013.8472900390625,445.2772216796875,964.7960815429688,440.5958251953125,1008.6605224609375,442.4138488769531,983.4207763671875,441.99853515625,1023.51708984375,472.89996337890625,963.5831909179688,472.87713623046875,1033.7589111328125,511.18212890625,952.3587646484375,512.5338134765625
1005.4579467773438,386.39599609375,1007.8338623046875,382.9443359375,1002.4011840820312,382.9402770996094,1011.4081420898438,383.01312255859375,995.8629150390625,382.907958984375,1018.8411865234375,399.21002197265625,983.7066650390625,399.593017578125,1024.142333984375,420.6605529785156,970.9081420898438,421.8885498046875,1020.10107421875,440.08148193359375,972.1906127929688,444.4529113769531,1011.5621337890625,440.4534912109375,986.095703125,440.9422302246094,1024.6368408203125,469.84918212890625,969.7535400390625,470.5251159667969,1032.906494140625,508.36309814453125,964.225830078125,510.2882995605469
1007.4893188476562,384.25494384765625,1009.995849609375,380.7515869140625,1004.236572265625,380.6917419433594,1013.304931640625,381.12060546875,997.0428466796875,380.8411560058594,1020.1109619140625,397.45001220703125,983.8243408203125,398.0966796875,1025.7396240234375,418.97796630859375,971.107177734375,421.58221435546875,1023.17431640625,437.3326721191406,972.45654296875,444.85064697265625,1012.4078979492188,438.61444091796875,986.3333740234375,439.42242431640625,1026.435302734375,468.3638916015625,972.1777954101562,469.401123046875,1034.15087890625,508.38763427734375,967.3961791992188,511.087646484375
1008.3707275390625,382.4922180175781,1010.822265625,378.92083740234375,1004.9788818359375,378.9158020019531,1013.82763671875,379.09844970703125,997.459228515625,378.9987487792969,1020.9423828125,394.97174072265625,984.26025390625,396.4585876464844,1028.6229248046875,415.3885803222656,971.840087890625,419.88665771484375,1027.424072265625,433.26171875,972.7093505859375,442.064697265625,1014.3154907226562,437.357177734375,988.012939453125,438.63360595703125,1027.9827880859375,468.05706787109375,973.705810546875,469.7958068847656,1035.64990234375,508.03564453125,968.2998046875,511.49444580078125
1010.626220703125,378.97076416015625,1013.1588134765625,375.48779296875,1006.9776611328125,375.37701416015625,1015.6842041015625,376.7709045410156,998.8883056640625,376.246337890625,1021.3760375976562,394.6139831542969,985.5330810546875,395.520263671875,1029.533203125,416.14501953125,973.3566284179688,419.0457763671875,1028.9112548828125,434.89862060546875,977.6431884765625,439.62652587890625,1015.6519775390625,437.9190673828125,989.7587890625,439.20147705078125,1030.21240234375,467.268798828125,975.9644165039062,469.3614501953125,1037.8731689453125,506.9051513671875,969.0321044921875,511.3271484375
1010.5852661132812,378.96539306640625,1013.1240234375,375.4831237792969,1006.9444580078125,375.37078857421875,1015.6763916015625,376.76605224609375,998.8837280273438,376.2421875,1021.369873046875,394.6070251464844,985.5718994140625,395.5068054199219,1029.5460205078125,416.1011962890625,973.3939819335938,418.9688720703125,1028.9420166015625,434.86932373046875,977.4498291015625,439.57733154296875,1015.6280517578125,437.9061279296875,989.75634765625,439.1767578125,1030.1767578125,467.2599792480469,975.8823852539062,469.3417053222656,1037.888671875,506.8909912109375,968.8844604492188,511.313232421875
1011.5253295898438,378.6376647949219,1014.1492309570312,374.99737548828125,1007.823974609375,375.0150146484375,1017.2681884765625,376.112060546875,999.8431396484375,375.90460205078125,1023.6809692382812,393.4452209472656,986.8819580078125,395.59796142578125,1034.131591796875,413.93115234375,975.5432739257812,419.8861083984375,1033.0595703125,431.77685546875,984.518310546875,439.46795654296875,1018.4862670898438,437.3060302734375,991.71875,439.2060546875,1032.7584228515625,465.21856689453125,976.623291015625,468.2132263183594,1039.3468017578125,505.10772705078125,967.9876708984375,510.7158508300781
1012.3759765625,379.31536865234375,1014.6390380859375,375.55096435546875,1009.0021362304688,375.795654296875,1017.3997192382812,375.8663330078125,1001.2855224609375,376.32177734375,1024.39111328125,390.68035888671875,987.7852783203125,395.177978515625,1036.9442138671875,409.09521484375,977.265380859375,420.39141845703125,1035.8712158203125,426.0267333984375,987.8914794921875,439.58477783203125,1019.8226318359375,433.88177490234375,992.7782592773438,437.00677490234375,1034.3743896484375,463.72021484375,976.6622314453125,468.54583740234375,1042.2176513671875,504.2145080566406,966.9376220703125,512.6180419921875
1017.1547241210938,375.58428955078125,1019.3851318359375,371.8599853515625,1013.4779052734375,372.1196594238281,1021.6458740234375,372.7843322753906,1005.3308715820312,373.2152099609375,1028.12890625,389.7276306152344,991.9215087890625,393.11260986328125,1039.9197998046875,409.6187744140625,979.8861083984375,418.25030517578125,1040.292236328125,428.65521240234375,989.146484375,439.7778625488281,1022.059326171875,434.262451171875,995.232421875,436.7095947265625,1036.296142578125,467.76129150390625,977.80224609375,471.4354248046875,1044.933837890625,507.61651611328125,967.3660888671875,514.1290893554688
1017.7657470703125,377.30108642578125,1020.9678955078125,373.5621337890625,1014.145263671875,373.59979248046875,1025.048095703125,374.7989501953125,1007.075439453125,374.8646240234375,1030.3428955078125,392.48638916015625,996.5315551757812,394.5931091308594,1040.813720703125,412.0191650390625,985.84033203125,420.92303466796875,1044.3359375,428.46905517578125,990.188232421875,441.0784912109375,1022.573974609375,435.50933837890625,997.1636352539062,436.2066650390625,1035.292724609375,468.9960021972656,980.3348388671875,470.3407287597656,1046.7220458984375,509.4538879394531,969.1885986328125,512.5648803710938
1020.1386108398438,377.57501220703125,1023.1563720703125,373.8768310546875,1016.402587890625,374.01702880859375,1027.136474609375,375.0882568359375,1009.3811645507812,375.42864990234375,1032.7603759765625,393.41583251953125,999.9901123046875,395.77850341796875,1043.5877685546875,413.146484375,990.2561645507812,422.7600402832031,1047.911376953125,430.05572509765625,992.111083984375,444.50006103515625,1025.6275634765625,438.18560791015625,1001.1524658203125,438.8277587890625,1037.9071044921875,472.00909423828125,984.011962890625,473.07501220703125,1047.6275634765625,510.5448303222656,971.1106567382812,512.818359375
1020.3469848632812,377.861572265625,1023.371826171875,374.18023681640625,1016.6263427734375,374.3037414550781,1027.3450927734375,375.3846130371094,1009.611083984375,375.68634033203125,1032.933349609375,393.6392822265625,1000.1680908203125,395.93756103515625,1043.693359375,413.3509826660156,990.4447631835938,422.92156982421875,1047.919921875,430.0080871582031,992.263671875,444.61468505859375,1025.6044921875,438.2362060546875,1001.138916015625,438.83648681640625,1037.85009765625,472.0802001953125,984.0404663085938,473.08056640625,1047.5963134765625,510.6314392089844,971.2311401367188,512.81787109375
1023.0210571289062,380.37127685546875,1025.673095703125,376.5084228515625,1019.2288818359375,376.88580322265625,1029.6177978515625,377.0713806152344,1012.1336669921875,378.023193359375,1036.841552734375,394.2030944824219,1001.9642944335938,397.6046142578125,1048.3375244140625,413.2638244628906,991.6829833984375,422.3434753417969,1050.711669921875,428.1422424316406,994.8212890625,443.928955078125,1029.067626953125,437.403564453125,1003.186767578125,439.205322265625,1041.19873046875,471.80157470703125,983.8150634765625,473.9010009765625,1046.9638671875,511.9208679199219,971.2384643554688,515.3295288085938
1024.3701171875,379.8099060058594,1027.032958984375,375.85443115234375,1020.4136352539062,376.3442687988281,1031.16943359375,376.58807373046875,1013.1983642578125,377.76708984375,1038.4957275390625,394.545654296875,1003.2427978515625,397.8740234375,1049.3565673828125,414.028564453125,992.2503662109375,422.36114501953125,1052.3701171875,430.3858642578125,994.7542724609375,444.5657043457031,1030.660888671875,438.7943115234375,1004.5724487304688,440.5361022949219,1042.686767578125,472.6830139160156,984.93408203125,474.7237243652344,1047.2119140625,512.1768798828125,971.4254150390625,515.5869140625
1026.718017578125,376.8492431640625,1029.267822265625,372.9375915527344,1022.6768188476562,373.4178466796875,1032.680419921875,373.88232421875,1015.194580078125,375.04461669921875,1039.390625,392.0056457519531,1004.9017333984375,395.25567626953125,1049.08935546875,411.620849609375,994.0391235351562,420.08544921875,1052.528564453125,426.91925048828125,994.7876586914062,442.185791015625,1031.0322265625,436.13482666015625,1005.3226318359375,437.807861328125,1042.268798828125,470.82843017578125,984.677490234375,472.70477294921875,1047.6617431640625,511.53900146484375,971.1090087890625,514.5826416015625
1027.59033203125,370.42596435546875,1029.9283447265625,366.48272705078125,1023.504150390625,366.978515625,1032.59375,367.484375,1015.7515869140625,368.6292724609375,1039.1414794921875,386.226318359375,1004.6954956054688,389.2838134765625,1049.52880859375,407.08538818359375,993.7963256835938,415.624267578125,1055.3779296875,424.29156494140625,995.2733154296875,439.923828125,1029.9173583984375,431.48974609375,1004.2194213867188,433.09136962890625,1041.329833984375,469.56219482421875,983.53173828125,471.1976623535156,1047.770751953125,511.5557556152344,970.3345947265625,514.113037109375
1023.6435546875,360.4864501953125,1026.159912109375,356.50994873046875,1019.9124755859375,356.93896484375,1029.6419677734375,357.43475341796875,1012.937744140625,358.51580810546875,1036.692138671875,376.45367431640625,1002.39111328125,380.34124755859375,1047.0677490234375,396.97576904296875,991.876220703125,407.82281494140625,1052.063720703125,415.88134765625,991.779052734375,434.6102294921875,1029.185546875,426.2420654296875,1003.3629150390625,428.237548828125,1039.637939453125,466.38677978515625,980.4273681640625,468.8112487792969,1048.89013671875,509.2894592285156,967.423095703125,513.095947265625
1023.5419921875,360.5810546875,1026.0751953125,356.5965576171875,1019.7925415039062,357.03680419921875,1029.617919921875,357.5559997558594,1012.8272705078125,358.66973876953125,1036.7532958984375,376.6336669921875,1002.3316040039062,380.55682373046875,1047.098388671875,397.1426696777344,991.8714599609375,408.0303955078125,1052.1094970703125,415.97833251953125,991.6294555664062,434.7441101074219,1029.270751953125,426.34521484375,1003.3775634765625,428.3464050292969,1039.6370849609375,466.4451904296875,980.39013671875,468.8668212890625,1048.8197021484375,509.40985107421875,967.49853515625,513.2010498046875
1024.7669677734375,358.28271484375,1027.311279296875,354.4278564453125,1020.9028930664062,354.66900634765625,1030.369140625,355.1485290527344,1013.1234130859375,355.700927734375,1037.2930908203125,374.14031982421875,1001.3887939453125,376.45745849609375,1047.498291015625,395.17913818359375,989.478515625,402.34234619140625,1051.5693359375,412.3621826171875,991.6170654296875,426.03875732421875,1029.0103759765625,423.9141845703125,1002.115966796875,425.28070068359375,1040.9957275390625,462.5755920410156,979.6880493164062,464.0618896484375,1050.81103515625,506.6070556640625,967.5148315429688,508.9678955078125
1025.32373046875,357.1551818847656,1027.7135009765625,353.29449462890625,1021.4300537109375,353.467529296875,1029.9847412109375,353.67987060546875,1013.0323486328125,353.9534912109375,1036.356201171875,372.34478759765625,999.725830078125,373.70269775390625,1045.984130859375,393.82708740234375,986.3634033203125,398.3499755859375,1051.005859375,412.5198669433594,990.8416748046875,420.5869445800781,1026.619384765625,422.20709228515625,999.075927734375,423.2954406738281,1039.939697265625,460.92291259765625,976.5276489257812,462.1703796386719,1050.664306640625,505.995361328125,964.1661376953125,508.1400146484375
1022.8090209960938,354.9786071777344,1025.5125732421875,351.192138671875,1018.7601928710938,351.41302490234375,1028.48193359375,351.87603759765625,1010.6998901367188,352.15325927734375,1035.0089111328125,371.0558166503906,998.0392456054688,371.4590148925781,1043.527099609375,393.280517578125,983.933837890625,396.17181396484375,1049.84814453125,412.0637512207031,985.58349609375,418.3847351074219,1024.6103515625,421.79962158203125,997.1101684570312,421.5013427734375,1039.15869140625,460.98602294921875,977.0467529296875,460.45855712890625,1049.49560546875,506.3148193359375,963.2430419921875,505.8099365234375
1020.485595703125,357.33074951171875,1023.4517211914062,353.6356201171875,1016.7233276367188,353.69439697265625,1027.0389404296875,354.3033142089844,1009.2584838867188,354.25433349609375,1033.1380615234375,372.94207763671875,996.603759765625,373.2392578125,1040.648681640625,394.9364318847656,981.8153686523438,398.50299072265625,1045.514404296875,413.2273864746094,981.79833984375,423.2662353515625,1022.3838500976562,422.393310546875,994.7918701171875,421.9732666015625,1038.619873046875,460.3924560546875,973.8646240234375,459.6297607421875,1049.91552734375,506.1506652832031,958.754150390625,505.2864990234375
1020.939208984375,357.73150634765625,1023.8052978515625,353.9967956542969,1016.986328125,354.1138000488281,1026.945556640625,355.0556945800781,1008.9898681640625,355.0397644042969,1032.177734375,374.2767333984375,996.2129516601562,374.5511169433594,1039.1546630859375,396.5540771484375,979.3636474609375,400.225830078125,1043.091552734375,415.00531005859375,979.4345703125,426.384765625,1021.495849609375,423.4933776855469,993.900390625,423.0418395996094,1039.32275390625,460.46478271484375,971.5400390625,459.59649658203125,1050.795166015625,506.1596374511719,953.3580322265625,505.0952453613281
1020.8234252929688,357.78656005859375,1023.71044921875,354.0542907714844,1016.8658447265625,354.16912841796875,1026.8984375,355.1326904296875,1008.8787841796875,355.1174011230469,1032.1337890625,374.34210205078125,996.1358642578125,374.6644287109375,1039.1734619140625,396.56524658203125,979.3621215820312,400.42462158203125,1043.159912109375,414.9378662109375,979.3717041015625,426.73016357421875,1021.4322509765625,423.4959411621094,993.7981567382812,423.06353759765625,1039.35302734375,460.5330505371094,971.428955078125,459.6717224121094,1050.891845703125,506.1997375488281,953.2315673828125,505.1162109375
1020.615966796875,360.60589599609375,1023.5947265625,356.81427001953125,1016.6563110351562,356.8166198730469,1026.8780517578125,358.1650390625,1008.52099609375,357.80096435546875,1031.6973876953125,378.18292236328125,995.7020263671875,377.50921630859375,1038.39892578125,402.031982421875,977.552978515625,403.81591796875,1041.04736328125,422.4542236328125,976.35546875,433.2247009277344,1020.6068115234375,426.7253723144531,992.5826416015625,425.7314453125,1040.0020751953125,462.04803466796875,968.776123046875,460.3797912597656,1051.9381103515625,507.3760070800781,948.1909790039062,505.26031494140625
1018.3145141601562,369.2432861328125,1020.1942138671875,365.50250244140625,1014.9413452148438,365.6297607421875,1021.4251098632812,368.0995788574219,1006.5394287109375,368.10711669921875,1026.420654296875,388.82720947265625,992.1607666015625,388.909423828125,1035.3438720703125,411.12823486328125,974.4071044921875,412.581787109375,1037.21875,431.2327880859375,977.7123413085938,436.6270751953125,1017.9012451171875,434.2272033691406,990.0009765625,434.9483642578125,1042.4208984375,470.7543640136719,966.856201171875,471.5181884765625,1056.5474853515625,509.3953857421875,943.6297607421875,511.3559875488281
1013.9899291992188,381.555908203125,1016.0091552734375,377.93157958984375,1010.3668212890625,378.191162109375,1018.26318359375,379.9039306640625,1001.9540405273438,380.0487060546875,1023.2839965820312,398.92108154296875,988.941650390625,399.7239074707031,1031.279541015625,421.3233642578125,971.9983520507812,424.17236328125,1028.69287109375,439.1781921386719,983.2904052734375,444.593994140625,1017.46923828125,440.1563415527344,989.2320556640625,441.4422912597656,1043.6417236328125,472.7275390625,964.9949951171875,474.5008850097656,1058.1556396484375,509.4055480957031,941.5245361328125,513.112548828125
1013.7020874023438,386.18438720703125,1015.2008056640625,382.67889404296875,1010.27978515625,383.1239318847656,1016.7037353515625,384.4060363769531,1002.047607421875,385.0220031738281,1022.3197021484375,402.050048828125,989.1564331054688,403.99407958984375,1034.1890869140625,420.12445068359375,975.869873046875,427.0521240234375,1035.548828125,434.3691101074219,994.5213623046875,445.24029541015625,1015.964599609375,443.98846435546875,988.3412475585938,445.70562744140625,1043.0,474.2602844238281,964.623779296875,476.33428955078125,1057.8499755859375,510.1749572753906,941.11669921875,514.0860595703125
1017.1473999023438,391.68585205078125,1018.751708984375,388.2719421386719,1013.623779296875,388.4879150390625,1019.341064453125,390.05328369140625,1004.5399169921875,389.8488464355469,1021.878662109375,407.6192321777344,990.292236328125,407.996826171875,1029.6123046875,429.15802001953125,976.0260009765625,431.518798828125,1033.089599609375,444.516845703125,999.2323608398438,447.6199951171875,1015.3634033203125,446.65185546875,988.5181274414062,448.2425537109375,1045.809326171875,476.66033935546875,966.2957763671875,478.7009582519531,1060.15625,511.0273132324219,940.9876708984375,515.3544311523438
1017.14501953125,391.6990966796875,1018.76123046875,388.2834777832031,1013.6222534179688,388.4940490722656,1019.3702392578125,390.0621337890625,1004.5396728515625,389.8436279296875,1021.9077758789062,407.6390075683594,990.26904296875,408.000732421875,1029.6417236328125,429.2481689453125,975.9984130859375,431.567626953125,1033.0828857421875,444.6239318847656,999.268798828125,447.6246643066406,1015.3672485351562,446.6997985839844,988.48681640625,448.2843017578125,1045.74609375,476.6654052734375,966.1953125,478.70892333984375,1060.104248046875,511.1478271484375,940.925048828125,515.4891357421875
1019.218505859375,392.1580810546875,1020.2850341796875,388.7027587890625,1016.1036376953125,389.17974853515625,1019.3439331054688,390.50726318359375,1008.0104370117188,391.46240234375,1020.1096801757812,407.9595947265625,996.5029296875,410.1944580078125,1028.4366455078125,430.6176452636719,994.24853515625,434.59710693359375,1033.594970703125,442.9283752441406,1020.4178466796875,443.64794921875,1011.5733642578125,448.45196533203125,989.2021484375,450.77874755859375,1045.9652099609375,476.46221923828125,969.5179443359375,479.4119873046875,1060.582275390625,511.26580810546875,941.740966796875,516.6583251953125
1021.9571533203125,391.31097412109375,1022.9122314453125,387.1455078125,1018.66162109375,387.97705078125,1020.520751953125,387.90557861328125,1011.12646484375,390.30316162109375,1020.235595703125,405.703369140625,1001.8635864257812,410.52587890625,1027.900146484375,423.043212890625,1004.8331909179688,433.8115539550781,1037.9703369140625,429.342041015625,1029.8580322265625,441.9527893066406,1007.8150634765625,451.11810302734375,991.9130859375,453.99554443359375,1019.348876953125,479.69281005859375,983.7032470703125,482.98480224609375,1015.3272705078125,514.1822509765625,962.4362182617188,519.5490112304688
1031.457275390625,392.6895446777344,1031.978515625,388.6912536621094,1027.697509765625,389.5074462890625,1028.377685546875,388.93927001953125,1020.4541015625,390.66876220703125,1022.8862915039062,404.34375,1015.0531005859375,407.7943115234375,1029.580322265625,423.27435302734375,1017.265380859375,434.1349182128906,1039.401611328125,426.5627746582031,1036.089111328125,441.72088623046875,1006.4482421875,447.0299377441406,1004.2344360351562,448.4219970703125,1000.2294921875,476.39178466796875,1017.3062744140625,478.08966064453125,970.42626953125,509.80157470703125,1005.3623046875,513.437744140625
1035.6336669921875,390.67822265625,1036.21923828125,386.65484619140625,1031.478271484375,387.62109375,1032.781005859375,387.4368896484375,1024.8177490234375,389.30804443359375,1028.223876953125,402.47442626953125,1020.4146728515625,404.6360778808594,1033.6396484375,416.5569763183594,1027.945556640625,421.0390319824219,1046.1114501953125,422.20263671875,1046.7938232421875,425.94476318359375,1010.8862915039062,446.0380554199219,1007.4853515625,446.76092529296875,1006.6253662109375,476.712890625,1015.9630126953125,477.44873046875,979.120361328125,511.07745361328125,1002.2224731445312,513.4924926757812
1041.47900390625,390.0089111328125,1043.1541748046875,385.9232482910156,1037.0413818359375,386.64385986328125,1041.97119140625,386.895263671875,1029.829345703125,388.2829284667969,1036.7291259765625,402.2967224121094,1026.3486328125,404.30438232421875,1039.73095703125,414.8203125,1033.361083984375,418.9190673828125,1047.45458984375,422.62847900390625,1048.97314453125,427.23101806640625,1019.17333984375,447.12542724609375,1011.4158325195312,447.5261535644531,1014.6417846679688,477.30780029296875,1003.9073486328125,478.2358703613281,991.564697265625,510.6900634765625,978.9931640625,513.8828125
1041.648681640625,390.15228271484375,1042.9962158203125,386.07489013671875,1037.3385009765625,386.7937316894531,1040.843505859375,386.9250183105469,1030.2410888671875,388.2743225097656,1035.3935546875,402.13824462890625,1026.846435546875,403.99395751953125,1038.4302978515625,412.9527587890625,1033.636474609375,418.04376220703125,1046.888916015625,419.748779296875,1048.6461181640625,426.61114501953125,1017.2589111328125,446.7778015136719,1014.0682983398438,446.86517333984375,1002.220703125,477.29248046875,1019.4583740234375,477.4862060546875,968.8956298828125,511.0816955566406,1005.91796875,512.6485595703125
1052.4039306640625,390.546875,1053.284423828125,386.487548828125,1048.4449462890625,387.27484130859375,1048.7747802734375,387.2110290527344,1040.7490234375,389.03570556640625,1041.64453125,402.35699462890625,1035.2476806640625,405.9503173828125,1047.87255859375,411.3240051269531,1041.914306640625,422.19647216796875,1064.037353515625,415.29827880859375,1060.7830810546875,428.8572692871094,1020.0574951171875,446.91534423828125,1021.0404052734375,447.6730041503906,999.118896484375,474.755859375,1038.8414306640625,475.3400573730469,957.871826171875,509.3614501953125,1034.465087890625,510.63409423828125
1056.51513671875,390.5517578125,1057.6134033203125,386.91998291015625,1052.85498046875,387.3556823730469,1054.4344482421875,387.80352783203125,1045.410888671875,388.8174133300781,1050.760009765625,403.29132080078125,1037.093994140625,405.4966735839844,1062.53369140625,416.46990966796875,1051.331298828125,421.09783935546875,1085.574951171875,423.6630859375,1079.316162109375,429.51318359375,1032.6961669921875,446.02056884765625,1016.856689453125,447.84442138671875,1058.7001953125,472.7710876464844,995.0894165039062,474.5944519042969,1057.781982421875,506.7900695800781,956.0853881835938,511.36651611328125
1057.900390625,388.3193664550781,1058.9293212890625,384.70257568359375,1055.2978515625,385.09417724609375,1056.748779296875,384.7218017578125,1049.547607421875,385.8973388671875,1053.267822265625,400.401123046875,1041.515380859375,402.22540283203125,1061.30224609375,414.56854248046875,1055.833251953125,419.8030700683594,1087.183837890625,419.7474060058594,1085.5653076171875,427.7862854003906,1035.4071044921875,444.633544921875,1020.9674072265625,446.05029296875,1059.7576904296875,475.36102294921875,1000.3895874023438,476.3768005371094,1058.33203125,507.118896484375,962.622802734375,510.45135498046875
1057.900146484375,388.23187255859375,1058.9300537109375,384.6287841796875,1055.3104248046875,385.003662109375,1056.7418212890625,384.6742858886719,1049.5791015625,385.8036804199219,1053.274169921875,400.39422607421875,1041.5709228515625,402.1151123046875,1061.2568359375,414.5455322265625,1055.930908203125,419.58172607421875,1087.1292724609375,419.7232666015625,1085.6253662109375,427.59149169921875,1035.4814453125,444.6094665527344,1021.0748291015625,445.97039794921875,1059.628173828125,475.39654541015625,1000.314208984375,476.3231201171875,1058.26708984375,507.2745666503906,962.682861328125,510.457275390625
1063.195556640625,365.009765625,1064.83203125,360.8564758300781,1061.72509765625,361.5174560546875,1064.5850830078125,361.74908447265625,1060.296630859375,363.90386962890625,1058.4473876953125,377.7483215332031,1051.3638916015625,382.57275390625,1039.5263671875,387.4051513671875,1046.711669921875,398.0040283203125,1038.11083984375,383.72027587890625,1054.185791015625,405.3573303222656,1037.3623046875,429.2319030761719,1026.7501220703125,431.754638671875,1054.23681640625,468.05584716796875,1005.1649780273438,470.8934326171875,1050.6114501953125,503.8109436035156,974.35791015625,508.244873046875
1065.790771484375,359.22113037109375,1066.6343994140625,354.3421325683594,1064.0289306640625,355.3618469238281,1062.863037109375,354.54107666015625,1061.9249267578125,357.7229919433594,1054.2652587890625,371.6551513671875,1054.884765625,379.71173095703125,1046.196044921875,390.12628173828125,1055.482177734375,407.3414306640625,1052.733642578125,406.8055114746094,1068.27880859375,429.8606872558594,1031.896240234375,425.5423583984375,1030.2598876953125,429.1846923828125,1035.3189697265625,465.70770263671875,1019.9300537109375,470.3372497558594,1019.3688354492188,502.2119140625,996.844970703125,509.1684265136719
1068.404052734375,368.41229248046875,1069.81884765625,364.2609558105469,1065.0159912109375,364.961669921875,1068.105712890625,364.16522216796875,1058.05322265625,365.7067565917969,1060.022705078125,377.9969787597656,1050.0684814453125,384.4651794433594,1060.74560546875,390.8486022949219,1045.8837890625,412.885986328125,1065.1943359375,394.3516845703125,1054.6507568359375,437.50738525390625,1040.98779296875,425.6906433105469,1030.989501953125,427.91595458984375,1054.191162109375,464.0726623535156,1013.4063720703125,466.7750244140625,1050.244140625,502.2711181640625,981.6231079101562,507.9769287109375
1067.0001220703125,362.51416015625,1069.35693359375,358.96575927734375,1064.1988525390625,358.99365234375,1070.3072509765625,360.850341796875,1057.5562744140625,360.8317565917969,1064.8062744140625,376.1948547363281,1046.6767578125,381.36083984375,1065.377685546875,387.1630554199219,1038.614013671875,410.2464599609375,1066.6571044921875,386.93389892578125,1045.593505859375,438.6087341308594,1046.473388671875,422.68701171875,1030.8238525390625,424.48712158203125,1060.816650390625,463.4653015136719,1014.446044921875,465.42559814453125,1059.471435546875,503.3538818359375,985.5032958984375,507.75
1066.6611328125,362.5124816894531,1068.8206787109375,358.57861328125,1063.3355712890625,358.8765869140625,1069.309814453125,359.5543212890625,1056.0059814453125,360.1119689941406,1064.9180908203125,378.23004150390625,1044.717529296875,380.1435241699219,1062.6038818359375,404.7821044921875,1038.8970947265625,408.7913818359375,1061.4635009765625,428.4848327636719,1047.404541015625,435.6893005371094,1046.456787109375,423.03753662109375,1029.570068359375,424.0703125,1065.2548828125,462.1739501953125,1016.9686279296875,464.4884033203125,1064.54052734375,500.8131408691406,992.277099609375,507.80804443359375
1066.674560546875,362.19891357421875,1068.793701171875,358.2726745605469,1063.405029296875,358.57403564453125,1069.2109375,359.2605285644531,1056.1812744140625,359.8288879394531,1064.784423828125,377.86590576171875,1044.8677978515625,379.88275146484375,1062.5555419921875,404.1678771972656,1038.9654541015625,408.60888671875,1061.467529296875,427.5068359375,1047.4720458984375,435.711181640625,1046.3575439453125,422.9435119628906,1029.6485595703125,424.0166931152344,1065.230712890625,462.1334228515625,1017.0437622070312,464.465576171875,1064.591796875,500.7719421386719,992.1846923828125,507.7642822265625
1067.9754638671875,368.9460754394531,1070.8060302734375,365.1168212890625,1063.9664306640625,365.0755920410156,1071.26806640625,366.65826416015625,1055.056884765625,366.1709289550781,1068.9658203125,385.9052734375,1042.36572265625,385.2325744628906,1064.255859375,411.6466064453125,1032.2745361328125,411.2450866699219,1060.722412109375,434.60235595703125,1037.05322265625,433.932373046875,1054.0977783203125,427.2457275390625,1032.2152099609375,426.38287353515625,1072.6807861328125,465.6191711425781,1015.6597900390625,465.4693908691406,1079.77294921875,505.80609130859375,996.5132446289062,508.384765625
1066.91064453125,372.012939453125,1068.663818359375,368.2627258300781,1063.643310546875,368.3158264160156,1068.822265625,369.04833984375,1055.9024658203125,368.78765869140625,1070.07666015625,387.07598876953125,1043.4188232421875,386.30023193359375,1069.668212890625,413.04754638671875,1031.251220703125,411.14453125,1065.7806396484375,432.5718994140625,1033.382080078125,435.4967041015625,1059.427978515625,430.97650146484375,1038.0245361328125,430.9701232910156,1076.325927734375,469.4005126953125,1017.8618774414062,469.622802734375,1085.017578125,507.062255859375,1000.44091796875,509.5174255371094
1066.7806396484375,373.9833068847656,1068.6015625,370.33575439453125,1062.9351806640625,370.4940490722656,1069.0986328125,371.5355529785156,1054.539306640625,371.4814453125,1072.2376708984375,390.65850830078125,1042.2724609375,390.1842041015625,1075.2982177734375,415.05035400390625,1028.37939453125,414.2560729980469,1074.602294921875,434.2967529296875,1028.7088623046875,438.9718017578125,1063.689453125,435.85687255859375,1040.4949951171875,436.0970764160156,1081.40087890625,472.76019287109375,1021.2914428710938,472.98614501953125,1089.336669921875,509.37847900390625,1004.1998291015625,511.0436096191406
1061.46533203125,379.09033203125,1063.513916015625,375.5193786621094,1057.72021484375,375.7496337890625,1065.5048828125,376.7093811035156,1050.2159423828125,376.97589111328125,1070.0577392578125,394.1714172363281,1039.968505859375,395.6080627441406,1079.2930908203125,414.8421630859375,1028.2349853515625,418.90533447265625,1081.7685546875,431.57183837890625,1031.030029296875,439.8653869628906,1063.07177734375,436.968017578125,1039.596923828125,438.1116943359375,1080.3914794921875,473.02056884765625,1019.9454345703125,474.4180908203125,1089.997802734375,510.77874755859375,1001.9114990234375,513.28076171875
1058.8204345703125,381.1580810546875,1061.3687744140625,377.5551452636719,1055.135986328125,377.64898681640625,1064.5828857421875,378.63824462890625,1047.9599609375,378.64813232421875,1069.2498779296875,396.09906005859375,1038.19775390625,397.86260986328125,1078.266845703125,417.11187744140625,1026.348388671875,422.7594909667969,1080.2802734375,432.62481689453125,1029.321044921875,444.06146240234375,1062.6197509765625,438.33673095703125,1038.4176025390625,439.63787841796875,1080.6429443359375,473.4051818847656,1018.18359375,475.00006103515625,1091.00244140625,510.68170166015625,999.8897094726562,513.3269653320312
1058.8021240234375,381.1783447265625,1061.348876953125,377.5821533203125,1055.127197265625,377.67315673828125,1064.5721435546875,378.6619873046875,1047.9930419921875,378.6671142578125,1069.2325439453125,396.0861511230469,1038.31005859375,397.8300476074219,1078.2523193359375,417.0394592285156,1026.4921875,422.6705017089844,1080.3765869140625,432.58612060546875,1029.3446044921875,444.06488037109375,1062.6195068359375,438.22979736328125,1038.5003662109375,439.513916015625,1080.642333984375,473.3630676269531,1018.2578125,474.9185485839844,1090.9945068359375,510.6378479003906,999.880615234375,513.1893310546875
1059.299072265625,380.4864807128906,1061.8414306640625,376.8058776855469,1055.588623046875,376.8212890625,1063.9970703125,377.4317321777344,1047.62353515625,377.27264404296875,1067.72607421875,394.1556701660156,1035.4326171875,396.0804443359375,1075.4051513671875,414.1870422363281,1021.2833862304688,421.5508117675781,1076.82470703125,426.960693359375,1021.7913818359375,445.7799072265625,1060.00732421875,438.15606689453125,1035.406494140625,439.7090148925781,1080.284423828125,473.89410400390625,1018.4140625,475.5032958984375,1091.13916015625,509.78912353515625,1003.3533325195312,512.4151000976562
1058.1187744140625,379.564697265625,1060.390625,376.0359191894531,1054.5250244140625,375.92681884765625,1061.518310546875,377.4145202636719,1046.13037109375,376.84796142578125,1064.5103759765625,395.97625732421875,1032.2601318359375,396.084716796875,1070.919189453125,418.6833801269531,1018.0137939453125,421.41705322265625,1074.042724609375,435.7136535644531,1020.7767333984375,446.498291015625,1054.9117431640625,439.3658752441406,1030.357666015625,440.18170166015625,1078.3017578125,474.89556884765625,1015.89453125,475.60107421875,1089.80810546875,512.4367065429688,1002.343017578125,514.276123046875
1055.0208740234375,377.5910339355469,1057.88671875,374.10882568359375,1052.2081298828125,373.56915283203125,1058.65966796875,375.3089904785156,1044.642578125,373.9540100097656,1059.5810546875,393.3302307128906,1029.259033203125,392.7933654785156,1066.1727294921875,415.6094055175781,1014.1613159179688,418.9400939941406,1067.80859375,435.4609680175781,1018.278564453125,444.36944580078125,1048.209716796875,435.46942138671875,1023.7530517578125,435.1912841796875,1071.7042236328125,473.43804931640625,1011.3724365234375,473.316650390625,1087.73876953125,511.5032043457031,997.927001953125,512.8807983398438
1054.34130859375,372.9575500488281,1056.9415283203125,369.2315368652344,1050.921142578125,369.1612243652344,1058.030517578125,369.8702087402344,1043.1190185546875,369.53985595703125,1060.9630126953125,387.4655456542969,1028.8487548828125,388.71881103515625,1062.414794921875,410.91656494140625,1017.895263671875,416.3681640625,1060.244873046875,431.33551025390625,1016.5739135742188,442.40087890625,1050.6263427734375,432.3934326171875,1025.6502685546875,432.74383544921875,1069.2652587890625,467.35302734375,1011.1620483398438,468.32977294921875,1080.771728515625,509.2524719238281,1000.950927734375,512.3088989257812
1049.5714111328125,377.70587158203125,1052.1219482421875,374.19927978515625,1046.3060302734375,374.1959228515625,1055.1844482421875,374.6103515625,1039.23779296875,374.4575500488281,1058.82080078125,390.649658203125,1027.013916015625,392.07080078125,1062.101318359375,411.79443359375,1015.0211791992188,416.7294921875,1060.51318359375,430.21240234375,1013.5742797851562,440.6337890625,1047.984130859375,431.8927917480469,1025.0186767578125,432.71771240234375,1060.859130859375,467.0543212890625,1012.879638671875,468.61065673828125,1063.9151611328125,506.6338806152344,1001.714599609375,510.69842529296875
1049.478271484375,377.7298278808594,1052.040771484375,374.22601318359375,1046.226806640625,374.21728515625,1055.158935546875,374.62994384765625,1039.1988525390625,374.46575927734375,1058.8310546875,390.6623840332031,1027.01708984375,392.0625,1062.133544921875,411.79107666015625,1015.025634765625,416.6861572265625,1060.559814453125,430.2056884765625,1013.5518798828125,440.5820617675781,1048.0205078125,431.9123840332031,1025.0528564453125,432.72210693359375,1060.8388671875,467.075927734375,1012.8580322265625,468.6133117675781,1063.9176025390625,506.6268310546875,1001.7138061523438,510.6656799316406
1046.06591796875,376.7826232910156,1049.0570068359375,373.31451416015625,1042.7581787109375,373.22821044921875,1053.3778076171875,374.6170349121094,1036.548095703125,374.2731628417969,1057.7193603515625,393.07733154296875,1026.0723876953125,393.20928955078125,1061.29931640625,415.0265808105469,1014.0380859375,416.8543395996094,1059.53125,432.957275390625,1013.5257568359375,440.219970703125,1048.2025146484375,436.07147216796875,1026.0123291015625,436.1443176269531,1058.65771484375,469.67041015625,1014.6773681640625,470.1475830078125,1057.7147216796875,508.2865905761719,1003.104736328125,510.38763427734375
1044.6749267578125,375.8412780761719,1047.4732666015625,372.57769775390625,1041.4351806640625,372.3427734375,1051.3699951171875,374.37939453125,1034.4677734375,373.41357421875,1054.53564453125,392.78778076171875,1022.7298583984375,392.391845703125,1059.535888671875,413.87847900390625,1009.327880859375,417.1048583984375,1057.9769287109375,428.748779296875,1010.817626953125,440.06268310546875,1043.1025390625,434.64154052734375,1020.8871459960938,434.3432922363281,1052.613525390625,471.6876220703125,1011.8754272460938,471.6861877441406,1051.806884765625,510.16937255859375,999.898193359375,512.3575439453125
1044.33154296875,375.07330322265625,1047.1585693359375,371.8583679199219,1041.0517578125,371.54766845703125,1050.783203125,373.4850769042969,1033.8515625,372.28326416015625,1053.5245361328125,391.99334716796875,1021.7435302734375,391.22589111328125,1058.84228515625,412.4725341796875,1006.8929443359375,414.98419189453125,1059.300048828125,426.6118469238281,1007.73193359375,436.7639465332031,1042.4937744140625,436.23077392578125,1020.4652709960938,435.809814453125,1051.26513671875,473.3883056640625,1010.5020751953125,473.29083251953125,1051.1768798828125,510.31256103515625,998.7057495117188,512.3419189453125
1043.7296142578125,372.92657470703125,1046.0982666015625,369.61083984375,1040.2421875,369.4376220703125,1048.046142578125,371.2081604003906,1032.0911865234375,370.36395263671875,1049.5703125,389.0169982910156,1019.1771240234375,389.4758605957031,1057.560302734375,408.80816650390625,1004.6868896484375,414.8626708984375,1058.1153564453125,422.14581298828125,1006.6358642578125,437.45526123046875,1037.927001953125,432.00372314453125,1016.572021484375,432.3028564453125,1050.3302001953125,470.3875732421875,1009.8363647460938,471.2467346191406,1051.6204833984375,508.97418212890625,996.9900512695312,512.4425048828125
1039.94482421875,366.220703125,1042.927978515625,362.35028076171875,1036.564208984375,361.76220703125,1043.724365234375,364.0822448730469,1028.969482421875,362.1009521484375,1044.9600830078125,382.56231689453125,1013.6400146484375,380.85400390625,1054.4063720703125,406.68414306640625,1001.0081176757812,405.9734802246094,1061.541748046875,425.873046875,1003.7001342773438,426.72882080078125,1031.4901123046875,428.12530517578125,1009.9883422851562,428.00048828125,1049.162353515625,462.13909912109375,1006.068115234375,462.4609680175781,1049.094482421875,507.6708984375,995.603759765625,508.7091979980469
1039.8680419921875,366.25,1042.844482421875,362.37896728515625,1036.4788818359375,361.7947998046875,1043.63818359375,364.11761474609375,1028.861572265625,362.15093994140625,1044.947998046875,382.6044616699219,1013.5357666015625,380.9234619140625,1054.49560546875,406.66009521484375,1000.9671020507812,405.99896240234375,1061.607177734375,425.78680419921875,1003.69677734375,426.65899658203125,1031.536376953125,428.1612548828125,1009.9742431640625,428.0474853515625,1049.1710205078125,462.21136474609375,1005.9803466796875,462.53802490234375,1049.1815185546875,507.70391845703125,995.5819702148438,508.7471923828125
1034.6470947265625,361.4028625488281,1037.0950927734375,357.10589599609375,1031.542724609375,356.9185791015625,1038.315673828125,358.1507568359375,1024.309326171875,357.27215576171875,1041.088134765625,377.94793701171875,1008.663330078125,377.48809814453125,1053.269287109375,403.1911926269531,996.5247802734375,404.877197265625,1059.33837890625,422.90155029296875,999.4998779296875,425.6749267578125,1027.1878662109375,426.4833984375,1004.8446044921875,426.9683837890625,1046.822265625,460.7470703125,999.4764404296875,461.5404052734375,1050.5384521484375,506.060791015625,990.5283203125,507.65478515625
1032.4937744140625,359.77069091796875,1035.026123046875,356.0296325683594,1028.98291015625,356.167724609375,1037.0343017578125,356.6324157714844,1021.28173828125,357.03125,1040.47509765625,374.0459289550781,1008.7071533203125,377.1367492675781,1053.12744140625,392.6875305175781,996.2678833007812,402.66375732421875,1061.352294921875,410.69573974609375,995.5109252929688,423.12542724609375,1029.8154296875,422.2521057128906,1007.3116455078125,423.7332458496094,1041.9525146484375,462.0854187011719,997.1722412109375,464.8270263671875,1050.9161376953125,502.5513610839844,988.613525390625,508.03759765625
1032.64892578125,361.6612548828125,1035.0797119140625,357.94158935546875,1029.1197509765625,358.1382751464844,1036.5892333984375,358.0315246582031,1021.2277221679688,358.46697998046875,1039.827392578125,374.48614501953125,1007.1602783203125,377.139892578125,1051.07958984375,394.0573425292969,991.7652587890625,401.6236267089844,1061.591796875,410.7420959472656,992.9613647460938,420.637451171875,1028.18701171875,423.48846435546875,1005.2078857421875,424.98211669921875,1042.08642578125,461.4322814941406,995.3139038085938,464.014404296875,1049.2880859375,504.3326110839844,985.6927490234375,509.5553283691406
1028.6739501953125,360.3988037109375,1030.8604736328125,356.6912841796875,1025.066650390625,356.9978942871094,1032.05224609375,357.6636657714844,1017.1663818359375,358.38726806640625,1035.3172607421875,376.24920654296875,1004.616455078125,378.7479248046875,1047.80859375,396.1239013671875,989.7313232421875,403.36993408203125,1058.1968994140625,414.4505310058594,989.0618896484375,422.2391052246094,1024.5162353515625,424.3612060546875,1002.2759399414062,425.4088134765625,1039.0333251953125,463.02691650390625,989.499755859375,464.89764404296875,1047.8759765625,503.89599609375,976.654052734375,507.5735778808594
1027.7423095703125,363.2443542480469,1029.7283935546875,359.3784484863281,1023.7037353515625,359.9070739746094,1030.5550537109375,360.78631591796875,1014.7362060546875,361.8931884765625,1033.5169677734375,379.925537109375,1002.0078735351562,383.7547607421875,1045.21826171875,399.6891174316406,986.8988037109375,412.09197998046875,1051.2823486328125,416.8406066894531,988.35595703125,434.702392578125,1021.5181884765625,427.6854248046875,998.0344848632812,429.0411376953125,1037.585205078125,465.90460205078125,983.0299072265625,468.1025390625,1045.3895263671875,506.2142333984375,965.8048095703125,510.4635314941406
1027.5048828125,363.55987548828125,1029.520751953125,359.69281005859375,1023.472412109375,360.21881103515625,1030.4764404296875,361.0948791503906,1014.5571899414062,362.19952392578125,1033.572509765625,380.1914978027344,1001.901123046875,384.0355224609375,1045.4439697265625,399.8409118652344,986.8326416015625,412.2984924316406,1051.4381103515625,416.858154296875,988.3408203125,434.72979736328125,1021.6016845703125,427.99188232421875,998.017333984375,429.345458984375,1037.541015625,466.05108642578125,982.942138671875,468.25213623046875,1045.3642578125,506.241455078125,965.8240966796875,510.4732666015625
1027.6944580078125,376.25262451171875,1029.7333984375,372.48321533203125,1023.7648315429688,372.8627014160156,1030.867919921875,373.9727783203125,1014.6838989257812,374.309814453125,1034.33837890625,392.5513000488281,1000.7791748046875,393.58154296875,1039.5986328125,415.17083740234375,983.1890258789062,419.03729248046875,1039.81787109375,435.1606750488281,986.795166015625,440.79638671875,1022.9854736328125,435.217529296875,997.45458984375,435.2787780761719,1037.0435791015625,468.827880859375,976.2511596679688,469.5405578613281,1044.8359375,508.16180419921875,958.0424194335938,511.29632568359375
1023.0982666015625,383.6181335449219,1025.491455078125,380.11065673828125,1019.6015625,380.29296875,1027.6351318359375,381.8233337402344,1011.2784423828125,382.0089111328125,1030.8740234375,400.01727294921875,997.4315185546875,401.3275451660156,1035.4599609375,423.4307861328125,985.5847778320312,427.46575927734375,1033.1429443359375,438.369384765625,1003.527587890625,442.64849853515625,1019.7969360351562,440.80322265625,992.9742431640625,442.1136474609375,1038.985595703125,474.0370788574219,972.1072998046875,476.2634582519531,1046.3773193359375,510.62005615234375,952.1285400390625,515.5743408203125
1026.4091796875,389.5152282714844,1027.9881591796875,386.0928955078125,1023.34716796875,386.3621520996094,1027.60791015625,387.1233215332031,1014.8489990234375,387.55755615234375,1028.3828125,403.4614562988281,1000.06005859375,405.29534912109375,1032.065185546875,426.3565673828125,992.9908447265625,431.02886962890625,1033.179931640625,441.0015563964844,1018.4884033203125,444.3839111328125,1016.552001953125,442.6395263671875,992.2374267578125,444.55322265625,1041.22216796875,474.73297119140625,972.1629638671875,477.6305236816406,1051.0654296875,509.6494445800781,950.4124145507812,515.7969360351562
1029.788330078125,395.1398620605469,1030.6751708984375,391.3464660644531,1026.4468994140625,391.84075927734375,1026.5234375,391.8115539550781,1018.7354736328125,392.883056640625,1020.2489013671875,406.61737060546875,1009.0479125976562,409.1313171386719,1022.5718994140625,425.55828857421875,1006.896484375,433.33233642578125,1030.181640625,431.9698791503906,1022.8056640625,444.67498779296875,1001.026611328125,446.564208984375,996.6234741210938,447.74176025390625,999.81640625,476.844482421875,1012.7132568359375,477.8621520996094,983.246826171875,511.81732177734375,1013.9271240234375,514.09326171875
1033.59619140625,397.8636474609375,1034.201171875,394.0935974121094,1030.7015380859375,394.4924011230469,1029.3140869140625,393.9871826171875,1023.73583984375,394.927734375,1021.770751953125,408.4362487792969,1015.2701416015625,411.3414001464844,1028.1083984375,426.69476318359375,1014.3040771484375,439.1390075683594,1041.0712890625,430.3194580078125,1033.3309326171875,450.8692932128906,1003.7684326171875,448.6257019042969,1003.7520751953125,449.73602294921875,995.044677734375,475.6198425292969,1020.7608032226562,476.5113830566406,973.4470825195312,511.24725341796875,1023.8080444335938,513.7329711914062
1033.605712890625,397.85870361328125,1034.239990234375,394.0890197753906,1030.6663818359375,394.5044860839844,1029.483642578125,393.9957275390625,1023.59912109375,394.9878845214844,1022.0572509765625,408.3740234375,1015.046875,411.46197509765625,1028.5980224609375,426.49395751953125,1014.1162109375,439.3359375,1041.322509765625,429.827880859375,1033.26220703125,450.767578125,1004.1234130859375,448.5792236328125,1003.3406982421875,449.80560302734375,997.2467651367188,475.4808654785156,1019.2622680664062,476.5602722167969,976.7920532226562,511.3109130859375,1020.7713623046875,514.0780029296875
1044.1014404296875,399.028564453125,1043.67138671875,395.06646728515625,1042.2628173828125,395.2508239746094,1036.46240234375,395.3198547363281,1038.466552734375,395.6197509765625,1028.08544921875,410.1742858886719,1032.9014892578125,409.71783447265625,1036.9462890625,420.53424072265625,1042.5294189453125,424.84539794921875,1054.6387939453125,423.78887939453125,1061.9970703125,433.003173828125,1001.8053588867188,453.449951171875,1011.0242919921875,452.468017578125,986.7566528320312,481.80535888671875,1038.216552734375,479.6234130859375,957.6480712890625,514.3729248046875,1048.0115966796875,512.8671264648438
1054.1878662109375,399.56951904296875,1055.49951171875,395.97235107421875,1051.82861328125,395.8001403808594,1051.538330078125,396.1649169921875,1045.742919921875,396.0802917480469,1041.824951171875,410.75274658203125,1039.3114013671875,411.78314208984375,1049.58544921875,424.0218505859375,1049.2196044921875,429.4998779296875,1068.5467529296875,424.87408447265625,1073.7391357421875,435.1934509277344,1022.95458984375,451.85858154296875,1015.8473510742188,452.44134521484375,1036.7298583984375,481.2311096191406,994.3928833007812,482.12042236328125,1040.256103515625,512.8131103515625,963.1043701171875,517.1997680664062
1063.427978515625,401.8973693847656,1065.669677734375,397.87188720703125,1060.6971435546875,397.57763671875,1062.682861328125,397.3009033203125,1054.1204833984375,397.2745056152344,1048.4405517578125,412.69415283203125,1051.261474609375,414.460205078125,1056.0904541015625,426.3380126953125,1066.1524658203125,436.463623046875,1078.1787109375,426.7499084472656,1092.907470703125,444.9267578125,1019.84326171875,457.61846923828125,1019.1680908203125,457.3564453125,1016.59814453125,485.1720886230469,1005.62646484375,485.242919921875,1001.2186889648438,516.4901123046875,972.7554931640625,519.663330078125
1079.939697265625,402.85595703125,1079.18017578125,398.30780029296875,1076.854248046875,399.07989501953125,1068.8619384765625,397.70379638671875,1068.8779296875,399.8758544921875,1056.6400146484375,413.81634521484375,1066.369873046875,417.323974609375,1069.0189208984375,427.5650634765625,1083.0474853515625,437.83203125,1100.65576171875,437.1363525390625,1114.888671875,445.267333984375,1028.6268310546875,456.12945556640625,1037.9161376953125,456.54840087890625,1005.8164672851562,485.1121826171875,1043.2530517578125,484.94293212890625,977.8018798828125,515.590087890625,1033.94189453125,516.080322265625
1092.01953125,408.5572509765625,1092.7332763671875,404.1473693847656,1087.7786865234375,404.91229248046875,1086.24951171875,402.80352783203125,1075.968505859375,405.50030517578125,1081.410888671875,417.023193359375,1065.231689453125,423.69677734375,1100.356201171875,432.25213623046875,1083.0323486328125,445.05169677734375,1128.7548828125,445.268310546875,1120.0087890625,455.87921142578125,1055.61669921875,456.31549072265625,1035.726318359375,460.9288330078125,1088.041259765625,482.1561279296875,1009.8985595703125,487.4993896484375,1102.8543701171875,511.46124267578125,970.0882568359375,520.9104614257812
1091.997802734375,408.5869445800781,1092.692626953125,404.1522216796875,1087.749755859375,404.9352722167969,1086.212158203125,402.785888671875,1075.988037109375,405.52392578125,1081.4219970703125,417.03533935546875,1065.371337890625,423.7526550292969,1100.394775390625,432.36590576171875,1083.305908203125,445.2148132324219,1128.739990234375,445.45233154296875,1120.341552734375,456.0694885253906,1055.5751953125,456.45831298828125,1035.7562255859375,461.0880126953125,1088.011474609375,482.32452392578125,1009.9476928710938,487.6901550292969,1102.8292236328125,511.6956787109375,970.01025390625,521.169921875
1100.853759765625,411.2837219238281,1102.148193359375,406.574462890625,1096.144775390625,407.40924072265625,1096.7518310546875,405.0528564453125,1083.62451171875,407.890625,1093.1715087890625,420.6814270019531,1071.688720703125,427.14166259765625,1110.5401611328125,442.7421569824219,1087.9251708984375,455.30078125,1138.7950439453125,461.0517883300781,1128.12890625,471.94439697265625,1061.564208984375,459.34130859375,1040.256591796875,463.32611083984375,1080.2491455078125,486.4748840332031,1018.1700439453125,490.9928283691406,1081.7508544921875,512.4053344726562,980.2696533203125,520.2560424804688
1101.590087890625,408.5660705566406,1103.10693359375,404.7161865234375,1098.8310546875,405.0563049316406,1100.429443359375,404.3511962890625,1092.4361572265625,405.3254699707031,1091.978271484375,418.3135070800781,1083.7530517578125,421.9501647949219,1098.9327392578125,439.1575927734375,1092.4547119140625,454.01556396484375,1114.486572265625,454.2193908691406,1117.2384033203125,475.6941833496094,1064.922119140625,455.77679443359375,1053.66943359375,455.92822265625,1087.1522216796875,483.445556640625,1029.8939208984375,483.7713623046875,1088.2724609375,513.583984375,991.4853515625,515.985595703125
1109.563720703125,404.0086669921875,1107.4732666015625,398.99462890625,1107.31982421875,400.29022216796875,1094.30419921875,396.7940673828125,1100.4853515625,400.36907958984375,1078.4344482421875,411.00946044921875,1092.64111328125,417.48773193359375,1078.4822998046875,432.25469970703125,1092.378662109375,449.76324462890625,1099.381103515625,448.24945068359375,1109.1199951171875,470.50323486328125,1046.887939453125,454.2059326171875,1062.587158203125,456.3743896484375,1033.6527099609375,479.44696044921875,1087.839111328125,481.91864013671875,992.1842651367188,510.2431640625,1080.997314453125,515.1964111328125
1104.90576171875,401.11981201171875,1102.8187255859375,396.3520202636719,1102.81201171875,397.5272216796875,1090.2802734375,394.91082763671875,1097.31787109375,398.0801696777344,1076.7821044921875,408.3804931640625,1089.3695068359375,414.71697998046875,1076.5098876953125,424.1393737792969,1087.3404541015625,443.11798095703125,1092.4361572265625,437.00201416015625,1096.019775390625,462.4895324707031,1049.267822265625,450.9099426269531,1066.2054443359375,453.1066589355469,1034.632080078125,478.52984619140625,1104.9993896484375,480.93096923828125,990.6871948242188,513.12109375,1111.06640625,517.450927734375
1105.89501953125,398.65179443359375,1105.6654052734375,394.11700439453125,1103.53466796875,394.9362487792969,1096.89111328125,391.70703125,1096.594482421875,394.29376220703125,1082.7921142578125,403.5264892578125,1085.3125,409.95526123046875,1082.2139892578125,417.5885925292969,1078.912353515625,440.2430419921875,1096.2149658203125,426.7825927734375,1091.0562744140625,462.9981689453125,1049.99951171875,446.39556884765625,1058.88330078125,448.37554931640625,1034.4549560546875,477.6867370605469,1088.8399658203125,479.9629211425781,997.379150390625,513.4656982421875,1093.6849365234375,518.35595703125
1105.954345703125,398.68072509765625,1105.66357421875,394.132568359375,1103.5775146484375,394.9800109863281,1096.7154541015625,391.67742919921875,1096.57568359375,394.342041015625,1082.541015625,403.339111328125,1085.2774658203125,410.0001525878906,1082.065185546875,416.7860412597656,1078.985107421875,440.23114013671875,1096.33935546875,425.3739013671875,1091.119140625,462.87139892578125,1049.7164306640625,446.4401550292969,1058.8258056640625,448.5193176269531,1034.4298095703125,477.6658935546875,1089.481201171875,480.02972412109375,997.0797119140625,513.3154296875,1094.5072021484375,518.287109375
1104.8818359375,394.41119384765625,1104.8990478515625,389.8775939941406,1102.8287353515625,390.65679931640625,1097.8516845703125,386.9644775390625,1097.47900390625,389.4584655761719,1086.5146484375,398.3033447265625,1086.8343505859375,404.5553283691406,1085.719970703125,416.0472106933594,1080.3851318359375,437.185302734375,1094.72119140625,425.6813049316406,1089.5750732421875,458.22674560546875,1054.597900390625,440.9266357421875,1059.9658203125,442.660888671875,1037.4827880859375,475.1022033691406,1075.33544921875,477.59185791015625,1008.0426635742188,513.6343994140625,1075.502197265625,518.9595947265625
1097.8175048828125,388.49383544921875,1098.28857421875,384.6851806640625,1096.120361328125,385.0174255371094,1093.78564453125,383.406005859375,1089.763427734375,384.790283203125,1087.311279296875,396.98309326171875,1075.5191650390625,400.49310302734375,1086.660888671875,422.98992919921875,1068.7620849609375,431.66522216796875,1090.52734375,438.0070495605469,1082.599853515625,449.94903564453125,1064.2427978515625,434.5895690917969,1049.3779296875,436.86865234375,1097.5003662109375,471.83148193359375,1028.17919921875,474.98956298828125,1112.9659423828125,511.80010986328125,996.8651123046875,518.368896484375
1092.044921875,381.4390869140625,1093.0902099609375,377.6673889160156,1090.1231689453125,378.03857421875,1089.776123046875,378.0355224609375,1083.682373046875,379.64447021484375,1084.6268310546875,392.40472412109375,1068.9010009765625,397.08135986328125,1084.4522705078125,413.46417236328125,1058.6363525390625,424.8002014160156,1086.78173828125,429.8220520019531,1068.5283203125,443.19232177734375,1062.9718017578125,427.5594177246094,1045.653564453125,430.3299865722656,1093.945556640625,468.45379638671875,1023.8849487304688,472.4931335449219,1111.4383544921875,508.585693359375,996.449951171875,516.008056640625
1088.0828857421875,384.0889892578125,1089.7940673828125,380.31182861328125,1085.5360107421875,380.6529235839844,1087.89306640625,379.571533203125,1077.80078125,381.10345458984375,1082.389892578125,392.3966064453125,1062.42138671875,398.00927734375,1081.243896484375,410.76397705078125,1051.670166015625,427.14501953125,1080.833984375,421.7906494140625,1061.24462890625,445.51959228515625,1059.62109375,428.24517822265625,1040.03271484375,431.30267333984375,1090.4539794921875,468.0832214355469,1021.5244140625,472.61041259765625,1105.9305419921875,508.3623962402344,995.97119140625,516.822265625
1083.44091796875,383.40966796875,1085.734619140625,379.71124267578125,1080.437744140625,379.6368408203125,1085.149169921875,379.67236328125,1072.1888427734375,379.8260192871094,1079.622314453125,395.5873718261719,1059.136474609375,396.66412353515625,1079.9833984375,421.09088134765625,1051.08154296875,424.53173828125,1079.88671875,438.049560546875,1059.2955322265625,444.17877197265625,1057.3671875,430.904541015625,1037.8272705078125,431.79656982421875,1086.2021484375,470.302734375,1020.5612182617188,471.8074951171875,1098.591552734375,510.686279296875,993.9310302734375,515.2666015625
1083.384765625,383.46826171875,1085.6474609375,379.7687072753906,1080.3956298828125,379.7060852050781,1085.016845703125,379.71588134765625,1072.17529296875,379.90130615234375,1079.545166015625,395.59259033203125,1059.1400146484375,396.7279052734375,1079.8924560546875,421.00286865234375,1051.113525390625,424.5253601074219,1079.632080078125,438.017822265625,1059.2740478515625,444.1674499511719,1057.389404296875,430.9627990722656,1037.901123046875,431.8785400390625,1086.121826171875,470.4053955078125,1020.542236328125,471.95233154296875,1098.583984375,510.70758056640625,993.9856567382812,515.3485107421875
1077.7330322265625,381.7839660644531,1080.3348388671875,378.2941589355469,1074.8199462890625,377.99652099609375,1082.56982421875,378.9833984375,1067.8511962890625,378.06964111328125,1081.6060791015625,395.8605651855469,1055.70068359375,394.44500732421875,1080.7193603515625,421.07550048828125,1042.0758056640625,418.115478515625,1075.7364501953125,439.557373046875,1043.421142578125,440.5439758300781,1063.421875,430.7867431640625,1041.3131103515625,430.2281799316406,1081.791259765625,468.2703552246094,1016.023681640625,468.2007751464844,1090.5682373046875,508.0580749511719,991.0794677734375,510.620849609375
1065.322265625,383.69171142578125,1067.8135986328125,379.9637145996094,1062.19140625,380.2431335449219,1071.859375,381.16717529296875,1056.7352294921875,381.7804870605469,1077.218505859375,398.7831115722656,1047.570068359375,399.9538879394531,1086.539306640625,416.5599060058594,1035.7451171875,421.812744140625,1089.713134765625,430.7332763671875,1037.1947021484375,442.1291198730469,1065.9442138671875,437.87664794921875,1041.3358154296875,438.03076171875,1084.383544921875,474.1314697265625,1015.7037963867188,474.03704833984375,1092.71533203125,513.392578125,989.7176513671875,514.114501953125
1060.72021484375,381.97784423828125,1062.729736328125,378.19293212890625,1057.386474609375,378.7473449707031,1065.8033447265625,379.2646179199219,1050.8355712890625,380.4990234375,1071.5706787109375,396.7220458984375,1040.2222900390625,399.7387390136719,1081.842529296875,413.72637939453125,1026.9739990234375,423.6578063964844,1080.919677734375,426.48614501953125,1032.8638916015625,443.5032958984375,1062.0166015625,439.3707275390625,1036.5120849609375,440.65057373046875,1082.6795654296875,474.6316223144531,1014.233642578125,476.1675109863281,1092.6710205078125,513.2386474609375,991.0882568359375,516.376220703125
1052.373291015625,382.1026611328125,1055.1895751953125,378.5196533203125,1048.804443359375,378.60205078125,1059.5341796875,379.50982666015625,1042.1094970703125,379.3739013671875,1065.800537109375,398.4561767578125,1032.616455078125,398.285888671875,1076.263671875,419.6943359375,1019.79443359375,421.48797607421875,1081.694091796875,440.42462158203125,1018.5150146484375,444.67352294921875,1057.5599365234375,443.466796875,1031.4681396484375,442.677490234375,1079.109130859375,475.29351806640625,1010.7586669921875,474.3116455078125,1091.604248046875,512.4649658203125,991.5302734375,511.8635559082031
1041.9931640625,383.0686340332031,1044.66650390625,379.4997253417969,1038.533203125,379.6634216308594,1048.939697265625,380.5432434082031,1032.4017333984375,380.630126953125,1056.404052734375,399.6420593261719,1023.5916748046875,399.5706481933594,1064.855224609375,421.3170166015625,1013.3343505859375,422.92913818359375,1067.117919921875,442.5504150390625,1013.0494384765625,446.7396240234375,1051.4542236328125,443.07537841796875,1025.118896484375,442.45452880859375,1074.734130859375,474.2559814453125,1005.0948486328125,473.18572998046875,1092.349609375,513.50244140625,991.781982421875,512.4824829101562
1041.690673828125,382.980712890625,1044.3721923828125,379.41717529296875,1038.27001953125,379.58428955078125,1048.765380859375,380.4422607421875,1032.279052734375,380.55047607421875,1056.349609375,399.52008056640625,1023.6478271484375,399.4975891113281,1064.9814453125,421.0626220703125,1013.3955688476562,422.809814453125,1067.345703125,442.2529296875,1012.9366455078125,446.65924072265625,1051.46533203125,442.992919921875,1025.206298828125,442.37042236328125,1074.6551513671875,474.2093811035156,1004.992431640625,473.1279602050781,1092.415771484375,513.4048461914062,991.6627807617188,512.3289794921875
1029.7935791015625,381.24359130859375,1032.75390625,377.565673828125,1026.86767578125,377.61651611328125,1037.8319091796875,377.9230041503906,1022.163818359375,378.04266357421875,1046.5999755859375,395.80743408203125,1014.3291015625,396.29400634765625,1058.065185546875,417.63323974609375,1005.1121826171875,419.4107666015625,1059.921875,443.25634765625,1006.8182373046875,443.6223449707031,1044.3797607421875,437.90216064453125,1018.0790405273438,437.7626037597656,1067.5390625,472.99346923828125,998.5772094726562,472.79229736328125,1092.2431640625,512.7464599609375,991.3646850585938,512.5577392578125
1017.459228515625,382.3872985839844,1020.2276611328125,378.8242492675781,1014.26416015625,378.909912109375,1025.9534912109375,379.4570617675781,1008.8036499023438,379.7435302734375,1036.655517578125,397.3977355957031,1002.5379638671875,399.4993896484375,1055.033447265625,418.03533935546875,996.2666015625,422.52703857421875,1061.570556640625,441.7055969238281,996.7622680664062,443.34405517578125,1039.0042724609375,441.8229675292969,1012.46826171875,443.2330627441406,1059.9229736328125,473.92291259765625,989.823486328125,475.67803955078125,1088.2672119140625,511.1312255859375,986.2301025390625,513.5822143554688
1012.5272827148438,381.7193603515625,1015.0225830078125,378.062255859375,1009.016845703125,378.33831787109375,1019.337158203125,378.99822998046875,1002.6483154296875,379.59722900390625,1028.1981201171875,396.9937744140625,995.1104736328125,400.14190673828125,1046.83837890625,417.3812255859375,988.430419921875,424.1129150390625,1053.7943115234375,440.8768310546875,992.3961181640625,443.61785888671875,1030.5179443359375,441.270751953125,1005.0809326171875,443.475830078125,1052.0760498046875,473.08599853515625,987.6780395507812,476.240966796875,1079.540283203125,510.19268798828125,986.2725219726562,515.2708129882812
1004.5438232421875,379.9933776855469,1008.1345825195312,375.4247131347656,1001.0209350585938,375.71856689453125,1013.3117065429688,376.62677001953125,995.964111328125,377.38616943359375,1021.7744750976562,396.7931213378906,988.9502563476562,398.9493408203125,1035.045166015625,420.56658935546875,980.9224853515625,425.5428771972656,1040.782470703125,441.0559387207031,984.440673828125,445.1216125488281,1023.68017578125,445.0513000488281,999.7808837890625,446.416015625,1047.00341796875,477.7239990234375,985.85009765625,478.7716064453125,1067.086181640625,517.4149169921875,985.9703369140625,518.5728149414062
999.1168212890625,372.8155517578125,1002.13232421875,369.0714111328125,995.77783203125,369.26446533203125,1007.5889892578125,369.9451904296875,990.570556640625,370.5116271972656,1015.9696044921875,389.2933349609375,985.6224365234375,391.4955139160156,1033.1656494140625,413.6864318847656,977.782958984375,415.504150390625,1036.3173828125,437.63226318359375,977.7510986328125,430.9380798339844,1018.7246704101562,437.80645751953125,996.6617431640625,439.3792724609375,1033.7568359375,472.513916015625,986.1582641601562,475.1401062011719,1057.7666015625,508.8057861328125,990.060302734375,513.1331787109375
999.3015747070312,372.9606628417969,1002.2838134765625,369.21148681640625,995.944091796875,369.415771484375,1007.6195068359375,370.0075378417969,990.6719970703125,370.59588623046875,1015.9249877929688,389.2090759277344,985.62744140625,391.4012145996094,1033.065185546875,413.55572509765625,977.6442260742188,415.29986572265625,1036.40869140625,437.58734130859375,977.5047607421875,430.7861328125,1018.62158203125,437.51861572265625,996.5904541015625,439.0953369140625,1033.73486328125,472.28839111328125,986.1278076171875,474.91229248046875,1057.694091796875,508.6403503417969,989.916748046875,512.9638671875
991.358154296875,368.08355712890625,994.5679931640625,363.65570068359375,988.463623046875,364.0234375,1001.3072509765625,364.41796875,984.6640625,365.53125,1012.9088134765625,383.303466796875,981.1773681640625,385.5698547363281,1031.271484375,406.1554870605469,973.5128173828125,410.52880859375,1037.94775390625,428.59808349609375,969.4134521484375,430.22332763671875,1012.77978515625,434.62823486328125,991.4627685546875,435.54071044921875,1026.91455078125,472.6604919433594,986.0966796875,473.2495422363281,1039.9132080078125,513.0592041015625,987.1917724609375,513.3560180664062
990.0758056640625,360.7138366699219,993.0777587890625,356.9149169921875,986.93994140625,357.08587646484375,998.7771606445312,358.2236328125,982.9879150390625,358.87420654296875,1009.3602294921875,379.2119140625,976.8529052734375,380.572265625,1023.8021850585938,403.30859375,967.0006713867188,403.39599609375,1029.8333740234375,427.8979797363281,958.3447265625,423.1275329589844,1010.026611328125,430.7130432128906,988.099365234375,431.6027526855469,1018.78564453125,469.9454345703125,983.0311889648438,471.33447265625,1030.199462890625,511.65869140625,986.848876953125,513.4693603515625
983.5711669921875,361.4810791015625,986.5171508789062,356.77496337890625,980.3600463867188,357.4752502441406,993.5211181640625,356.55157470703125,976.546630859375,358.6085205078125,1005.6361083984375,374.51373291015625,974.45361328125,377.27142333984375,1022.2696533203125,397.9159240722656,965.313232421875,401.90985107421875,1026.775390625,421.30938720703125,959.1380615234375,422.56524658203125,1005.9907836914062,424.7621154785156,985.7366943359375,425.65679931640625,1009.6842041015625,466.1270751953125,978.8233642578125,466.4414978027344,1017.0671997070312,509.22314453125,979.143798828125,509.1651306152344
979.511962890625,360.80517578125,982.342041015625,356.25299072265625,976.697021484375,356.88818359375,989.2911987304688,355.85162353515625,973.470458984375,357.779052734375,1001.8212890625,372.98931884765625,971.4427490234375,375.78564453125,1020.408447265625,395.5487060546875,962.4007568359375,399.8714904785156,1027.4085693359375,417.8312072753906,955.8665771484375,418.9522705078125,1001.5155029296875,423.6048583984375,982.181640625,424.4925537109375,1005.38720703125,466.17474365234375,976.88525390625,466.58782958984375,1013.45068359375,509.1558837890625,977.912841796875,509.17315673828125
977.0474853515625,361.31390380859375,979.9934692382812,357.4642333984375,974.1182861328125,357.56890869140625,986.7437744140625,357.61822509765625,971.802734375,357.9544372558594,998.7344970703125,375.58587646484375,968.3728637695312,374.8614501953125,1014.2437133789062,398.5500183105469,959.328857421875,397.8593444824219,1022.4110107421875,421.4639892578125,955.35205078125,419.98284912109375,996.8836669921875,425.6765441894531,977.3124389648438,424.7460021972656,995.2044677734375,468.5415344238281,967.0848999023438,466.4547119140625,1005.9874877929688,515.1567993164062,973.4608154296875,510.096923828125
977.177978515625,361.3838195800781,980.1000366210938,357.55010986328125,974.265625,357.63909912109375,986.7510986328125,357.6976318359375,971.9248046875,357.9840087890625,998.6275634765625,375.5947265625,968.3699951171875,374.85333251953125,1014.1673583984375,398.40045166015625,959.29638671875,397.8912048339844,1022.451416015625,421.06451416015625,955.3031005859375,420.3805847167969,996.741943359375,425.641845703125,977.2472534179688,424.71368408203125,995.1796875,468.6419677734375,967.15283203125,466.5164794921875,1005.9598388671875,515.1994018554688,973.5217895507812,510.0799560546875
972.703369140625,364.30810546875,975.8909912109375,360.4034729003906,969.34228515625,360.58154296875,983.2307739257812,360.4251708984375,966.2722778320312,360.89215087890625,994.8649291992188,378.96405029296875,963.5135498046875,376.4833984375,1011.2518310546875,402.18695068359375,951.4263916015625,393.884765625,1021.877197265625,423.35235595703125,946.19482421875,403.30426025390625,993.0418701171875,428.08099365234375,973.347412109375,426.40875244140625,989.9573364257812,470.4395751953125,965.0924072265625,468.2249755859375,1000.5626220703125,516.8263549804688,972.817138671875,512.823486328125
967.1482543945312,368.1435241699219,970.146240234375,363.6737365722656,965.2644653320312,363.8463134765625,977.7723388671875,363.305908203125,963.6113891601562,364.14697265625,991.069091796875,380.218505859375,963.09228515625,381.71728515625,1008.6417846679688,402.4448547363281,956.659423828125,404.65313720703125,1015.508544921875,424.90093994140625,950.5196533203125,423.5640869140625,989.14208984375,428.8856201171875,971.7794189453125,428.87481689453125,985.1846923828125,471.3671875,964.1065673828125,471.45587158203125,988.373291015625,515.474365234375,962.8861083984375,515.1407470703125
968.978759765625,370.4008483886719,971.42626953125,366.55584716796875,964.833251953125,367.02923583984375,976.5347900390625,368.1822509765625,959.1468505859375,369.12567138671875,988.4598999023438,388.2843017578125,954.733642578125,387.861083984375,1006.0374755859375,409.34149169921875,946.514892578125,405.09197998046875,1013.3624267578125,427.9256286621094,947.8531494140625,414.0107421875,988.1741943359375,437.6853332519531,966.5279541015625,437.2515563964844,986.4666748046875,478.8602600097656,959.4810791015625,477.98260498046875,985.292236328125,522.458251953125,957.126708984375,519.69873046875
967.0240478515625,372.2972717285156,970.802001953125,367.7095947265625,963.6966552734375,368.1039733886719,978.8079833984375,369.2665100097656,959.65771484375,370.58038330078125,988.7960815429688,390.61932373046875,958.3182373046875,392.5265808105469,1004.0880126953125,413.5992736816406,952.603515625,416.55645751953125,1008.3466796875,430.1929931640625,952.4613647460938,430.38140869140625,985.7294921875,443.59185791015625,967.4561767578125,443.896728515625,979.0147705078125,484.1375732421875,968.8526611328125,484.56396484375,979.8385009765625,526.1087036132812,973.848876953125,526.0194091796875
968.3831176757812,372.1339416503906,971.8782958984375,367.9744873046875,965.2337036132812,368.025634765625,978.41064453125,370.367919921875,960.0994262695312,370.61029052734375,985.3064575195312,392.5263977050781,956.430419921875,392.42669677734375,993.3759155273438,416.4481201171875,950.5611572265625,415.5146484375,986.815673828125,421.40045166015625,952.6089477539062,419.92010498046875,979.9400634765625,444.72296142578125,961.9535522460938,444.44189453125,976.4869384765625,486.3505859375,963.680908203125,486.0731506347656,979.880859375,527.8115844726562,970.689697265625,526.7513427734375
968.8062744140625,370.79779052734375,972.029541015625,367.153564453125,965.4403076171875,367.14459228515625,977.4039916992188,369.57781982421875,960.9521484375,369.62054443359375,984.046875,391.12005615234375,956.6319580078125,390.44891357421875,994.5615234375,417.80712890625,948.6216430664062,412.425048828125,989.771240234375,429.85675048828125,948.72509765625,415.1789245605469,978.415771484375,444.3322448730469,962.728515625,444.1167297363281,967.4415893554688,486.84124755859375,965.0557861328125,487.3433532714844,972.2958984375,525.662353515625,980.388671875,527.0030517578125
969.581298828125,367.651123046875,973.0599975585938,363.3324279785156,966.5623779296875,363.3477783203125,978.7022094726562,365.48358154296875,961.7136840820312,365.7020263671875,984.63037109375,388.1107177734375,957.8114013671875,388.7254638671875,995.9869384765625,413.33343505859375,952.9871826171875,414.78204345703125,997.6883544921875,431.5015869140625,952.011962890625,431.4315490722656,978.0162353515625,442.2078552246094,961.39599609375,442.29266357421875,977.5621337890625,484.8327941894531,961.12109375,484.9569091796875,980.42626953125,525.853759765625,963.2203369140625,525.8704833984375
972.9134521484375,366.68096923828125,974.0213623046875,362.96685791015625,968.6337890625,363.262939453125,973.0162353515625,365.3518981933594,962.708984375,365.35211181640625,977.64501953125,384.18896484375,961.430908203125,383.7999267578125,997.2020874023438,393.5103759765625,980.268798828125,396.24884033203125,1014.3557739257812,379.01153564453125,1002.9073486328125,384.66607666015625,973.8204345703125,438.74078369140625,961.78173828125,438.24969482421875,974.674560546875,482.3193359375,954.3015747070312,480.3153076171875,975.5574951171875,522.2254638671875,946.154052734375,519.0418701171875
967.356689453125,366.362548828125,969.826416015625,362.6878662109375,964.18212890625,362.6155700683594,973.6587524414062,365.087158203125,961.8685913085938,364.52728271484375,981.1199340820312,386.2715148925781,958.548828125,383.66192626953125,991.4755859375,408.52471923828125,959.7145385742188,403.5405578613281,996.5678100585938,421.78338623046875,966.1346435546875,416.3741455078125,974.3502197265625,439.2940673828125,957.34912109375,437.4331970214844,973.36962890625,482.75543212890625,938.867919921875,479.53375244140625,974.567138671875,523.5194091796875,927.3843994140625,517.5286254882812
972.2738037109375,365.5482177734375,971.619873046875,361.1807861328125,969.2042236328125,362.35504150390625,966.415283203125,364.34356689453125,967.4361572265625,366.77655029296875,966.7056884765625,380.21795654296875,968.3084106445312,384.2275085449219,986.0880126953125,375.6778564453125,984.92529296875,382.0860595703125,1005.464111328125,363.21771240234375,997.8685913085938,357.38079833984375,958.8192138671875,435.20599365234375,963.587158203125,436.7817077636719,939.0906982421875,479.3084716796875,972.7355346679688,481.968994140625,915.05078125,519.5169677734375,974.645263671875,524.35888671875
964.470703125,367.7302551269531,966.2823486328125,363.9729309082031,963.2789306640625,364.30865478515625,969.5159912109375,367.2286376953125,966.7425537109375,367.9640808105469,973.7606201171875,383.0069274902344,965.610107421875,384.43194580078125,987.7972412109375,379.6888427734375,976.7149658203125,382.6943359375,999.290283203125,363.776123046875,989.4548950195312,359.3111572265625,960.2578125,438.80767822265625,954.7549438476562,438.62457275390625,948.2363891601562,482.25372314453125,945.624755859375,483.0713195800781,934.31884765625,523.5910034179688,935.9146728515625,526.2796630859375
964.6856689453125,367.71405029296875,966.4178466796875,363.9817199707031,963.4290161132812,364.30517578125,969.426025390625,367.27880859375,966.63720703125,367.9412841796875,973.8878173828125,383.14129638671875,965.2811279296875,384.33160400390625,988.3800659179688,379.84619140625,976.8469848632812,382.4123840332031,1000.1767578125,363.9613952636719,990.2902221679688,359.2229919433594,960.5813598632812,438.95361328125,954.3378295898438,438.676513671875,950.1410522460938,482.5877380371094,943.7193603515625,483.20269775390625,937.4064331054688,523.9890747070312,932.5889282226562,526.356201171875
967.9921875,369.33953857421875,968.5241088867188,365.13812255859375,967.3181762695312,366.1434631347656,969.030029296875,367.0638427734375,971.868896484375,369.94879150390625,968.6614379882812,383.61126708984375,976.056640625,387.70733642578125,983.0062255859375,373.27435302734375,991.6475830078125,381.26702880859375,1003.3200073242188,358.7509765625,1014.6917724609375,357.4219665527344,953.369384765625,439.7467041015625,960.1906127929688,440.8878479003906,937.6668090820312,483.3877258300781,961.85595703125,485.52923583984375,919.8936767578125,526.080322265625,957.6781005859375,530.8260498046875
972.95458984375,369.1333923339844,973.737060546875,365.4504089355469,972.259765625,365.5298767089844,972.854736328125,367.8877258300781,975.9715576171875,368.134521484375,971.8555908203125,383.12860107421875,976.56298828125,384.0330505371094,992.8247680664062,372.43572998046875,1003.2906494140625,375.988525390625,1020.489501953125,359.99749755859375,1025.6064453125,360.36260986328125,953.1029052734375,440.9188232421875,955.431396484375,440.75274658203125,948.8643798828125,486.2564392089844,953.4805908203125,486.938232421875,935.476318359375,524.1627197265625,936.0325927734375,528.5538330078125
982.4560546875,371.950439453125,979.5880126953125,367.8448486328125,981.0067749023438,369.1218566894531,969.2161865234375,369.46337890625,980.6419677734375,372.50994873046875,964.1214599609375,386.6031188964844,980.989990234375,389.0885925292969,973.7496337890625,382.04620361328125,998.25927734375,384.7206115722656,992.8134155273438,367.87579345703125,1018.905029296875,360.4478759765625,946.0658569335938,442.36309814453125,958.1453857421875,443.090087890625,940.2258911132812,487.87396240234375,956.80224609375,488.8428955078125,925.4603271484375,532.0525512695312,950.4362182617188,535.395751953125
983.2919311523438,373.375244140625,980.2816162109375,369.1808166503906,980.40673828125,370.25299072265625,967.9827880859375,371.3500671386719,976.1815795898438,373.5105285644531,960.42626953125,390.7297668457031,977.6812133789062,390.5128173828125,969.8720703125,395.6450500488281,994.0528564453125,391.0181579589844,985.9154052734375,383.3647155761719,1009.9659423828125,368.0843505859375,942.7421264648438,443.2651062011719,956.927001953125,443.1143798828125,940.3970947265625,488.9906005859375,969.8069458007812,488.052978515625,921.7437744140625,535.4075317382812,968.194580078125,535.6314086914062
981.7694091796875,375.718994140625,981.303955078125,371.4249572753906,980.025634765625,371.97705078125,970.8800048828125,372.030029296875,975.5077514648438,373.44439697265625,961.1851806640625,391.4288635253906,973.7569580078125,393.50225830078125,967.0350952148438,408.92352294921875,983.3875122070312,411.3857116699219,980.38818359375,402.17340087890625,990.444091796875,404.2277526855469,949.2484130859375,446.45867919921875,960.0309448242188,447.5426025390625,943.5546875,488.8250427246094,972.920166015625,489.10052490234375,933.3189697265625,533.75341796875,971.703857421875,535.6595458984375
981.72216796875,375.7857666015625,981.1701049804688,371.4941711425781,980.0006103515625,372.0489807128906,970.6576538085938,372.1293640136719,975.5509643554688,373.54046630859375,960.7036743164062,391.5193176269531,974.027587890625,393.57794189453125,965.708740234375,409.07794189453125,983.4893798828125,411.4906311035156,978.6492919921875,402.5086669921875,990.209228515625,404.5494384765625,949.1438598632812,446.3929138183594,960.3946533203125,447.4710693359375,943.4169921875,488.72021484375,973.0889892578125,489.00994873046875,933.3023071289062,533.6534423828125,971.8775634765625,535.5386962890625
984.31787109375,383.79315185546875,983.0132446289062,379.2864074707031,982.6620483398438,380.0397033691406,968.6991577148438,378.85955810546875,977.467041015625,380.5886535644531,951.0731201171875,395.4537353515625,972.1437377929688,398.84637451171875,936.6436157226562,420.3168640136719,970.82421875,425.2423095703125,942.8779907226562,434.820556640625,975.2543334960938,440.52728271484375,941.0697021484375,447.73455810546875,956.150634765625,449.7556457519531,943.9093017578125,487.71905517578125,972.5894775390625,489.5079345703125,931.1574096679688,531.2557373046875,967.88818359375,534.49560546875
983.2738037109375,389.1087646484375,983.693115234375,384.8910827636719,981.1111450195312,385.1672058105469,975.7940673828125,384.8927001953125,974.5098876953125,385.2192077636719,964.046630859375,401.86505126953125,964.0054321289062,403.17193603515625,961.690673828125,424.93817138671875,958.05078125,428.17059326171875,973.8473510742188,432.7144775390625,964.40771484375,437.0160827636719,949.5060424804688,453.4807434082031,950.2849731445312,454.86090087890625,959.8480224609375,490.17864990234375,963.31640625,491.450927734375,949.16015625,534.6925048828125,953.0000610351562,537.445556640625
983.482177734375,392.1156921386719,982.266845703125,387.948486328125,981.853515625,388.52178955078125,970.8407592773438,387.29315185546875,974.904296875,388.6740417480469,958.05712890625,402.5321960449219,965.9302368164062,405.4551086425781,953.396484375,427.1543884277344,964.397216796875,432.6845703125,963.4674072265625,437.76568603515625,973.8165893554688,442.9075012207031,944.1190795898438,453.63385009765625,950.2349853515625,455.61468505859375,954.0115966796875,488.3271789550781,967.2379150390625,490.17840576171875,940.4310302734375,531.6192626953125,957.0122680664062,535.0266723632812
985.0264892578125,395.774658203125,983.677734375,390.5506896972656,981.4305419921875,391.8124694824219,973.4705200195312,390.23870849609375,973.8407592773438,393.117919921875,960.0181274414062,407.14117431640625,965.5431518554688,411.13055419921875,956.4796142578125,436.10760498046875,964.1334228515625,441.86480712890625,964.4171142578125,457.9908142089844,970.5721435546875,462.5080261230469,934.5895385742188,455.145751953125,938.5806884765625,457.5849609375,960.9893188476562,494.9457092285156,960.3284912109375,498.0599670410156,938.864501953125,536.9961547851562,936.513916015625,543.42333984375
984.7281494140625,396.2276916503906,982.6204833984375,392.0127868652344,983.0274658203125,392.5831604003906,971.2650146484375,390.885986328125,974.6527099609375,392.205322265625,960.0243530273438,406.456298828125,965.5777587890625,409.09063720703125,957.0281982421875,437.459716796875,964.1956787109375,443.15130615234375,966.9676513671875,466.1827392578125,974.4293212890625,471.3177490234375,944.8795166015625,456.25592041015625,948.8843994140625,457.70623779296875,952.4262084960938,495.8873291015625,957.8433837890625,497.3191223144531,940.808349609375,535.3214721679688,945.7857666015625,538.6319580078125
984.7811279296875,396.3507385253906,982.726806640625,392.13665771484375,983.0528564453125,392.6910095214844,971.429443359375,391.0485534667969,974.6336059570312,392.3255310058594,960.2056884765625,406.7177734375,965.5120239257812,409.30206298828125,957.33056640625,437.77581787109375,964.2127685546875,443.4145202636719,967.2930908203125,466.53619384765625,974.4578857421875,471.6213684082031,944.8802490234375,456.5157165527344,948.704345703125,457.9466552734375,952.5895385742188,496.02923583984375,957.7333984375,497.45550537109375,940.896484375,535.5911865234375,945.5279541015625,538.8980102539062
987.2601318359375,396.1055603027344,985.6221313476562,392.0532531738281,985.7313232421875,392.3404541015625,975.7647705078125,391.19854736328125,977.2144775390625,391.6114501953125,965.27001953125,406.9146728515625,966.035400390625,408.22503662109375,963.0621337890625,438.58612060546875,961.2637939453125,442.5566711425781,971.9415893554688,467.12042236328125,970.4339599609375,471.147216796875,946.867431640625,456.28631591796875,947.9906616210938,456.97802734375,951.8179321289062,497.4542541503906,955.7250366210938,498.4105224609375,940.973876953125,536.0421752929688,945.4590454101562,538.6487426757812
986.937744140625,395.8944396972656,985.9293212890625,391.2672119140625,984.1749267578125,391.997314453125,976.916259765625,391.3037109375,977.0631103515625,392.742431640625,966.9032592773438,408.4481506347656,964.0376586914062,409.7470703125,964.9454956054688,437.8878479003906,958.7236328125,440.00347900390625,973.6370849609375,460.8016662597656,968.377197265625,465.17822265625,941.7562255859375,452.58160400390625,940.6759643554688,453.6514892578125,961.1263427734375,494.642578125,956.7447509765625,495.6251220703125,941.8050537109375,537.1808471679688,941.3792724609375,540.87939453125
987.3630981445312,396.88739013671875,986.2450561523438,392.35650634765625,984.9501342773438,393.038330078125,977.3055419921875,392.0127868652344,978.7261962890625,393.33013916015625,967.35791015625,407.92083740234375,965.0308227539062,409.1943054199219,965.7109375,436.17333984375,958.54296875,439.31158447265625,974.794677734375,458.7027282714844,967.2288818359375,466.44146728515625,941.2537841796875,450.25244140625,940.859375,451.4002685546875,963.8330078125,491.9755859375,961.3487548828125,492.8375244140625,944.1813354492188,534.6361694335938,947.3814697265625,537.9903564453125
988.3543701171875,395.06884765625,987.2755126953125,390.598388671875,985.830078125,391.39569091796875,978.7758178710938,390.5863037109375,979.4251708984375,392.184814453125,968.8603515625,406.228271484375,965.6597900390625,408.1199951171875,966.2540283203125,433.2403564453125,957.61865234375,437.5571594238281,974.1864624023438,453.96038818359375,965.2417602539062,463.2752380371094,942.98828125,447.2841796875,941.7911376953125,448.7948913574219,968.216552734375,486.2350158691406,964.2877807617188,487.69024658203125,945.7987060546875,526.8370361328125,945.9736328125,531.060302734375
989.3963012695312,393.63946533203125,988.194580078125,389.5283203125,987.527099609375,389.5504150390625,979.3089599609375,389.57647705078125,978.0181274414062,389.1548767089844,969.1746826171875,405.7802734375,965.5599365234375,405.6387634277344,965.3638916015625,435.5444641113281,959.2567138671875,436.87725830078125,970.3253173828125,461.43890380859375,966.23291015625,463.588134765625,949.6155395507812,446.9601745605469,947.5577392578125,447.47100830078125,963.0379638671875,481.4046630859375,961.857177734375,482.5599365234375,949.5855712890625,527.4176635742188,949.32958984375,529.7652587890625
989.3948974609375,393.7054138183594,988.197021484375,389.5849609375,987.5247802734375,389.6018371582031,979.3027954101562,389.62579345703125,978.0093383789062,389.18731689453125,969.177734375,405.8387145996094,965.5543212890625,405.67596435546875,965.36474609375,435.6104736328125,959.259521484375,436.9150390625,970.3134155273438,461.52435302734375,966.1605224609375,463.6534423828125,949.5719604492188,447.06396484375,947.5126953125,447.5624084472656,962.9603271484375,481.7144775390625,961.7958984375,482.86328125,949.51806640625,527.938232421875,949.2664794921875,530.2802124023438
990.399658203125,392.72137451171875,989.7167358398438,388.7515869140625,988.64111328125,388.43304443359375,982.2083740234375,388.87884521484375,979.6849365234375,387.58355712890625,971.9949951171875,404.62841796875,966.584716796875,403.41412353515625,966.7650146484375,433.62939453125,958.292236328125,433.36724853515625,972.2855224609375,460.7930603027344,964.9854736328125,461.97406005859375,953.22314453125,445.54632568359375,949.996826171875,445.489990234375,962.4842529296875,482.29571533203125,959.9517822265625,482.9369201660156,948.7461547851562,525.7608642578125,946.7884521484375,527.6036376953125
990.534423828125,387.505859375,990.3489990234375,383.908447265625,988.51416015625,383.59710693359375,984.1099853515625,384.1132507324219,980.252197265625,382.8541259765625,973.4556884765625,399.45977783203125,967.1021118164062,398.2449951171875,968.21875,429.1753234863281,957.4818115234375,428.83160400390625,973.507080078125,453.72125244140625,964.9268798828125,455.63238525390625,955.91650390625,446.1448059082031,951.8914794921875,445.9755859375,961.0518798828125,484.2919006347656,958.165283203125,484.6608581542969,947.134033203125,522.7799072265625,945.0964965820312,524.6174926757812
985.9329833984375,384.9005126953125,986.8756713867188,381.2038879394531,983.6666259765625,380.62054443359375,983.5545654296875,382.47564697265625,975.9652099609375,380.646484375,977.0987548828125,400.0465393066406,966.5154418945312,397.5772705078125,972.1532592773438,428.2225341796875,959.10595703125,424.85980224609375,970.0808715820312,453.26312255859375,961.5367431640625,451.88079833984375,961.3137817382812,441.7268371582031,954.6302490234375,440.61456298828125,961.7359619140625,479.9784851074219,956.4193115234375,479.6424560546875,949.9623413085938,518.417236328125,946.3536987304688,518.853515625
988.4326171875,376.24383544921875,990.9002685546875,372.34136962890625,984.999755859375,372.1416015625,990.5491333007812,374.4197998046875,977.2083740234375,373.4854431152344,984.0281982421875,395.16583251953125,965.4837646484375,393.36297607421875,984.1572265625,419.9504699707031,951.637451171875,419.0312805175781,992.216796875,438.1815185546875,955.9458618164062,448.30316162109375,962.5069580078125,441.67474365234375,951.9391479492188,440.968505859375,967.1427612304688,483.5404357910156,960.6029663085938,482.4643249511719,949.5146484375,521.7421875,948.212646484375,522.9730834960938
0.0,0.0,0.0,0.0,0.0,0.0,0.0,0.0,0.0,0.0,0.0,0.0,0.0,0.0,0.0,0.0,0.0,0.0,0.0,0.0,0.0,0.0,0.0,0.0,0.0,0.0,0.0,0.0,0.0,0.0,0.0,0.0,0.0,0.0
0.0,0.0,0.0,0.0,0.0,0.0,0.0,0.0,0.0,0.0,0.0,0.0,0.0,0.0,0.0,0.0,0.0,0.0,0.0,0.0,0.0,0.0,0.0,0.0,0.0,0.0,0.0,0.0,0.0,0.0,0.0,0.0,0.0,0.0
0.0,0.0,0.0,0.0,0.0,0.0,0.0,0.0,0.0,0.0,0.0,0.0,0.0,0.0,0.0,0.0,0.0,0.0,0.0,0.0,0.0,0.0,0.0,0.0,0.0,0.0,0.0,0.0,0.0,0.0,0.0,0.0,0.0,0.0
993.9926147460938,375.605712890625,996.7261962890625,371.87017822265625,991.0029296875,371.351806640625,996.9736328125,373.6142578125,984.2371826171875,372.1343078613281,991.9374389648438,391.3715515136719,970.7246704101562,390.06646728515625,1005.439697265625,410.3341064453125,953.3958740234375,414.8626708984375,1026.90576171875,422.10205078125,950.7954711914062,444.73382568359375,963.5181884765625,434.1861572265625,951.9056396484375,433.54412841796875,970.9844970703125,478.3523254394531,964.3855590820312,476.50140380859375,955.8143920898438,519.9252319335938,953.1412353515625,518.2623291015625
997.218994140625,378.71490478515625,999.3863525390625,374.99945068359375,994.8660888671875,374.43896484375,1000.30419921875,375.6634826660156,987.9232177734375,373.45660400390625,995.6585693359375,391.9754638671875,972.3529052734375,389.4405517578125,1004.793212890625,412.55419921875,960.2576293945312,411.78887939453125,1019.4093017578125,427.48931884765625,966.953369140625,429.27703857421875,973.0116577148438,435.3959655761719,958.5430908203125,434.8243103027344,973.1505126953125,475.82305908203125,961.7060546875,476.1026916503906,962.92822265625,517.2479858398438,951.3294067382812,519.2308959960938
997.7205810546875,383.5833435058594,999.5037841796875,379.9208679199219,995.247802734375,379.5986328125,999.6251220703125,380.5163269042969,988.1475219726562,378.8525390625,995.6925659179688,396.80828857421875,971.3468627929688,395.00555419921875,1006.17578125,417.85791015625,957.4698486328125,418.529052734375,1021.61328125,436.569580078125,963.01025390625,439.5293884277344,973.5869140625,438.73150634765625,958.8265380859375,438.54022216796875,973.679931640625,477.23138427734375,962.556396484375,477.847900390625,963.4661865234375,517.3423461914062,953.160400390625,519.64794921875
1001.7874145507812,388.6685791015625,1002.8299560546875,384.9617614746094,999.2587280273438,384.8963623046875,1001.5405883789062,385.474853515625,991.5507202148438,384.5098571777344,997.8627319335938,402.44683837890625,974.2425537109375,400.96881103515625,1005.96826171875,423.9029541015625,956.303955078125,424.03271484375,1017.3277587890625,442.2983093261719,957.69091796875,445.4438781738281,975.7049560546875,445.9095458984375,961.5540771484375,445.65802001953125,973.181640625,482.9139404296875,962.4835205078125,483.45135498046875,960.9834594726562,520.641845703125,951.189208984375,522.9523315429688
1001.7101440429688,388.68994140625,1002.7923583984375,384.99212646484375,999.1759643554688,384.9136962890625,1001.5761108398438,385.5389404296875,991.4778442382812,384.5435791015625,997.93798828125,402.53961181640625,974.2213134765625,401.00640869140625,1006.0657958984375,423.89166259765625,956.2219848632812,423.90087890625,1017.3341674804688,441.94146728515625,957.440673828125,444.9815368652344,975.730224609375,445.9141845703125,961.5093994140625,445.62860107421875,973.1463623046875,482.7783508300781,962.3329467773438,483.28790283203125,961.0409545898438,520.4761962890625,951.0941162109375,522.739990234375
0.0,0.0,0.0,0.0,0.0,0.0,0.0,0.0,0.0,0.0,0.0,0.0,0.0,0.0,0.0,0.0,0.0,0.0,0.0,0.0,0.0,0.0,0.0,0.0,0.0,0.0,0.0,0.0,0.0,0.0,0.0,0.0,0.0,0.0
0.0,0.0,0.0,0.0,0.0,0.0,0.0,0.0,0.0,0.0,0.0,0.0,0.0,0.0,0.0,0.0,0.0,0.0,0.0,0.0,0.0,0.0,0.0,0.0,0.0,0.0,0.0,0.0,0.0,0.0,0.0,0.0,0.0,0.0
0.0,0.0,0.0,0.0,0.0,0.0,0.0,0.0,0.0,0.0,0.0,0.0,0.0,0.0,0.0,0.0,0.0,0.0,0.0,0.0,0.0,0.0,0.0,0.0,0.0,0.0,0.0,0.0,0.0,0.0,0.0,0.0,0.0,0.0
0.0,0.0,0.0,0.0,0.0,0.0,0.0,0.0,0.0,0.0,0.0,0.0,0.0,0.0,0.0,0.0,0.0,0.0,0.0,0.0,0.0,0.0,0.0,0.0,0.0,0.0,0.0,0.0,0.0,0.0,0.0,0.0,0.0,0.0
0.0,0.0,0.0,0.0,0.0,0.0,0.0,0.0,0.0,0.0,0.0,0.0,0.0,0.0,0.0,0.0,0.0,0.0,0.0,0.0,0.0,0.0,0.0,0.0,0.0,0.0,0.0,0.0,0.0,0.0,0.0,0.0,0.0,0.0
0.0,0.0,0.0,0.0,0.0,0.0,0.0,0.0,0.0,0.0,0.0,0.0,0.0,0.0,0.0,0.0,0.0,0.0,0.0,0.0,0.0,0.0,0.0,0.0,0.0,0.0,0.0,0.0,0.0,0.0,0.0,0.0,0.0,0.0
1019.2559814453125,396.3404846191406,1021.52587890625,393.0909118652344,1015.9263916015625,392.18023681640625,1018.9744873046875,398.20111083984375,1009.771728515625,395.6615295410156,1012.4251098632812,414.730712890625,1002.455078125,413.62591552734375,1024.6085205078125,399.3928527832031,1015.97607421875,407.9369201660156,1038.965576171875,371.82550048828125,1027.22314453125,397.4422302246094,990.1943359375,463.97991943359375,982.9868774414062,462.2938232421875,975.805419921875,510.9488525390625,970.3229370117188,509.0984802246094,954.7581787109375,551.0658569335938,950.9688720703125,551.6935424804688
1033.6337890625,398.0853271484375,1033.9898681640625,393.87799072265625,1030.245361328125,394.33856201171875,1027.4757080078125,394.7281494140625,1021.107177734375,395.6416015625,1016.1690673828125,411.7237243652344,1009.6153564453125,414.44464111328125,1016.3763427734375,434.5693359375,1006.442138671875,446.20135498046875,1030.1611328125,437.6990966796875,1022.7696533203125,462.02178955078125,990.7938232421875,459.7108154296875,986.898193359375,460.48388671875,994.8541259765625,503.49481201171875,992.4156494140625,504.5581970214844,960.7120971679688,535.698486328125,956.625732421875,540.2021484375
1038.1859130859375,399.67010498046875,1038.2847900390625,395.9634704589844,1035.793701171875,395.864501953125,1032.1309814453125,398.44073486328125,1030.490966796875,397.62890625,1023.201904296875,413.7259521484375,1019.248046875,414.93304443359375,1025.513427734375,423.48797607421875,1020.6363525390625,437.3806457519531,1039.701171875,409.34490966796875,1033.4638671875,446.0962829589844,998.8258666992188,462.434326171875,995.8060302734375,462.18572998046875,1001.74755859375,505.50152587890625,996.02978515625,504.81842041015625,965.0130615234375,537.9976806640625,957.23681640625,539.2354736328125
1045.203857421875,400.47149658203125,1046.1873779296875,395.8252258300781,1041.5693359375,396.29901123046875,1041.780517578125,396.6266784667969,1034.4188232421875,397.4614562988281,1031.4735107421875,416.338623046875,1025.4306640625,417.3459777832031,1033.203125,446.5236511230469,1027.207275390625,448.0372314453125,1047.2421875,463.0479736328125,1045.0008544921875,465.1474609375,1006.4891357421875,465.3701171875,1002.7867431640625,465.9388732910156,1016.296630859375,505.2596740722656,1013.2489013671875,506.4195556640625,979.9969482421875,530.5022583007812,978.4169921875,534.3978271484375
0.0,0.0,0.0,0.0,0.0,0.0,0.0,0.0,0.0,0.0,0.0,0.0,0.0,0.0,0.0,0.0,0.0,0.0,0.0,0.0,0.0,0.0,0.0,0.0,0.0,0.0,0.0,0.0,0.0,0.0,0.0,0.0,0.0,0.0
0.0,0.0,0.0,0.0,0.0,0.0,0.0,0.0,0.0,0.0,0.0,0.0,0.0,0.0,0.0,0.0,0.0,0.0,0.0,0.0,0.0,0.0,0.0,0.0,0.0,0.0,0.0,0.0,0.0,0.0,0.0,0.0,0.0,0.0
1059.25537109375,414.00665283203125,1058.9576416015625,409.97686767578125,1056.88720703125,409.8770751953125,1050.232666015625,409.81597900390625,1048.4063720703125,409.34991455078125,1039.75732421875,426.67620849609375,1038.2733154296875,426.6368408203125,1045.311279296875,452.44989013671875,1040.42919921875,454.3492431640625,1061.2193603515625,466.61932373046875,1054.2205810546875,468.447021484375,1018.4950561523438,475.58331298828125,1017.5806274414062,476.033935546875,1030.1883544921875,507.4156494140625,1031.341064453125,508.0450744628906,1009.835205078125,548.9452514648438,1010.631103515625,551.702880859375
1069.892333984375,418.6745910644531,1070.357421875,414.15087890625,1066.5328369140625,414.69659423828125,1062.986328125,414.603515625,1057.6224365234375,416.03082275390625,1047.8663330078125,433.3018798828125,1047.61767578125,435.40643310546875,1049.8387451171875,458.0785217285156,1046.7933349609375,463.4981689453125,1069.9002685546875,464.77923583984375,1068.407470703125,473.2927551269531,1019.23291015625,478.3125,1021.1357421875,479.5558776855469,1032.082275390625,516.1824951171875,1042.56494140625,517.3126831054688,1002.9721069335938,548.3607788085938,1022.1615600585938,552.5723266601562
1079.6956787109375,426.75927734375,1080.484619140625,422.412109375,1077.60009765625,422.29913330078125,1070.1688232421875,421.66363525390625,1070.032958984375,421.2124328613281,1056.3272705078125,437.7367858886719,1059.404541015625,437.59283447265625,1058.969482421875,460.1163024902344,1060.4317626953125,461.29571533203125,1074.5345458984375,469.15618896484375,1069.1005859375,470.8370361328125,1030.37744140625,480.2655029296875,1032.8369140625,480.42138671875,1040.2554931640625,511.3570861816406,1042.232666015625,511.741943359375,1018.2617797851562,552.33740234375,1020.54345703125,554.9661254882812
1091.0062255859375,430.2559814453125,1091.1678466796875,426.0240783691406,1089.259521484375,426.1199951171875,1079.640625,424.77740478515625,1080.7734375,424.6842041015625,1062.216552734375,438.77288818359375,1069.24462890625,439.6269836425781,1061.2000732421875,462.4389953613281,1065.965087890625,465.4880676269531,1077.3377685546875,476.71783447265625,1071.784912109375,480.2128601074219,1036.5836181640625,482.0157165527344,1042.855224609375,482.6297607421875,1043.9351806640625,513.9893798828125,1055.5438232421875,514.6690673828125,1023.851806640625,550.7603149414062,1040.8948974609375,553.6260986328125
1104.37158203125,437.3306884765625,1105.83984375,433.4891052246094,1101.6087646484375,433.302734375,1099.087646484375,432.3209228515625,1092.843994140625,432.2666931152344,1084.0213623046875,446.3253479003906,1080.3597412109375,446.9825439453125,1081.3583984375,471.25274658203125,1078.71240234375,472.541259765625,1090.45556640625,486.65740966796875,1091.1728515625,488.43292236328125,1054.0950927734375,485.6666259765625,1052.791748046875,485.61798095703125,1048.0479736328125,524.314697265625,1052.0567626953125,525.1150512695312,1036.4422607421875,559.055908203125,1047.345703125,564.2089233398438
1104.364501953125,437.3172912597656,1105.7908935546875,433.46392822265625,1101.6162109375,433.30792236328125,1098.97314453125,432.2364501953125,1092.934326171875,432.26141357421875,1084.007080078125,446.06884765625,1080.44091796875,446.921630859375,1081.309814453125,470.9138488769531,1078.8203125,472.4793701171875,1090.553955078125,486.54931640625,1091.1964111328125,488.439697265625,1054.3807373046875,485.4476318359375,1052.78515625,485.49658203125,1048.980224609375,524.0899658203125,1050.002685546875,525.0653076171875,1038.27490234375,558.8202514648438,1043.909423828125,564.2615966796875
1114.68017578125,447.8756103515625,1114.2357177734375,443.6334228515625,1113.41064453125,444.11248779296875,1103.0826416015625,441.4901123046875,1104.928955078125,442.3724365234375,1085.3990478515625,454.7954406738281,1092.1234130859375,457.1546630859375,1094.81005859375,480.9927062988281,1095.856201171875,487.5176696777344,1118.36474609375,502.8343505859375,1106.811279296875,508.91168212890625,1053.802978515625,496.0040588378906,1059.8072509765625,497.523193359375,1068.19287109375,529.70361328125,1080.1622314453125,530.9825439453125,1062.0177001953125,567.7240600585938,1079.12744140625,570.8175048828125
1125.25732421875,459.66339111328125,1123.990234375,455.18524169921875,1123.36279296875,455.36700439453125,1111.484130859375,452.2738952636719,1117.0008544921875,452.996337890625,1098.330078125,462.8642578125,1106.708251953125,465.6014099121094,1110.7796630859375,484.8258056640625,1118.762939453125,490.603271484375,1130.886962890625,506.113037109375,1133.2247314453125,508.79449462890625,1062.16455078125,500.9958801269531,1074.9676513671875,502.3009033203125,1044.089599609375,537.597900390625,1097.9110107421875,539.7100830078125,1014.8944091796875,573.587158203125,1114.7720947265625,580.18017578125
1131.964111328125,472.4349365234375,1133.543212890625,468.3487243652344,1131.086181640625,467.9784851074219,1126.07080078125,466.7514953613281,1124.456298828125,465.6502685546875,1110.9195556640625,481.1497802734375,1113.0596923828125,481.002685546875,1133.337646484375,503.9021301269531,1130.079345703125,506.98388671875,1163.8721923828125,521.5943603515625,1146.8514404296875,523.5345458984375,1069.3369140625,518.0427856445312,1071.9854736328125,518.4940185546875,1086.622802734375,544.626220703125,1099.0859375,544.990478515625,1082.602783203125,585.3304443359375,1099.74267578125,587.4742431640625
1142.5858154296875,485.5404052734375,1143.733154296875,482.30841064453125,1140.81982421875,481.57061767578125,1136.9334716796875,482.59857177734375,1133.8966064453125,481.3916015625,1126.65673828125,492.90411376953125,1118.68310546875,493.221435546875,1142.2501220703125,507.24658203125,1131.17919921875,510.6968078613281,1159.6689453125,523.192626953125,1154.8829345703125,523.9902954101562,1090.1651611328125,518.9979248046875,1082.17578125,519.0989379882812,1103.3223876953125,546.5486450195312,1075.2265625,547.202880859375,1100.5113525390625,583.332763671875,1063.05419921875,587.486328125
1146.0128173828125,493.3056640625,1148.92138671875,490.5196838378906,1144.0450439453125,489.43499755859375,1150.8253173828125,492.1270751953125,1138.843994140625,488.81463623046875,1146.4144287109375,506.8471984863281,1127.5552978515625,493.95806884765625,1159.112548828125,521.78515625,1106.94140625,482.782470703125,1171.4150390625,534.33349609375,1106.114990234375,472.1371765136719,1113.404296875,531.4007568359375,1099.258056640625,525.085205078125,1124.942626953125,554.7877197265625,1087.91748046875,546.7763061523438,1130.5870361328125,590.855224609375,1075.47265625,581.7842407226562
1145.9100341796875,493.227294921875,1148.849365234375,490.4695129394531,1143.9293212890625,489.3371887207031,1150.8740234375,492.1853942871094,1138.673583984375,488.70184326171875,1146.618408203125,507.06805419921875,1127.4403076171875,493.69464111328125,1159.1859130859375,522.0779418945312,1106.928466796875,482.01373291015625,1171.260009765625,534.2637939453125,1106.4354248046875,471.26727294921875,1114.01220703125,531.4256591796875,1099.58154296875,524.8760986328125,1125.2332763671875,554.8727416992188,1087.71337890625,546.4580078125,1131.0029296875,591.2422485351562,1075.217041015625,581.5805053710938
1156.6025390625,502.31561279296875,1158.858154296875,500.10174560546875,1155.02734375,498.3828125,1157.76220703125,500.8818054199219,1148.0455322265625,495.7400207519531,1151.1634521484375,512.981689453125,1133.26611328125,496.6712951660156,1158.5802001953125,533.1552124023438,1115.7467041015625,487.0474853515625,1168.325439453125,542.9554443359375,1115.2938232421875,476.001708984375,1116.8515625,532.9853515625,1102.08056640625,524.9163818359375,1129.093994140625,558.9530029296875,1084.618408203125,548.4984130859375,1128.54345703125,593.040771484375,1060.728271484375,581.1368408203125
1157.679443359375,507.0559387207031,1160.0732421875,505.0575256347656,1156.32958984375,503.3061218261719,1159.8363037109375,505.12744140625,1150.003662109375,499.73223876953125,1151.29541015625,516.20166015625,1136.66650390625,497.65618896484375,1150.07177734375,540.8282470703125,1116.2847900390625,486.099853515625,1156.7996826171875,552.986328125,1117.1630859375,473.388671875,1120.161865234375,529.9089965820312,1107.7406005859375,521.1536254882812,1129.591064453125,558.108642578125,1090.61572265625,546.8046875,1128.16357421875,594.0753173828125,1067.228759765625,581.604248046875
1158.40966796875,507.80126953125,1160.75439453125,505.863525390625,1157.005615234375,503.8822021484375,1160.01806640625,506.0970458984375,1150.2861328125,500.4229431152344,1149.92919921875,518.0359497070312,1137.966064453125,498.3890380859375,1145.7320556640625,540.6641845703125,1121.6732177734375,485.45379638671875,1150.1767578125,560.1365966796875,1119.04296875,471.5570983886719,1117.951904296875,525.920166015625,1105.91552734375,515.829345703125,1128.74658203125,554.3947143554688,1083.8948974609375,543.389404296875,1127.8355712890625,588.1463623046875,1053.5078125,577.7474365234375
1159.11181640625,504.15167236328125,1161.705078125,502.3802490234375,1157.29833984375,500.50714111328125,1161.4210205078125,503.9022216796875,1149.9405517578125,498.1641845703125,1152.1864013671875,518.3594970703125,1137.022705078125,498.48486328125,1146.384765625,547.535400390625,1122.751708984375,488.01861572265625,1149.8668212890625,565.292236328125,1123.006103515625,476.40838623046875,1119.4581298828125,533.48193359375,1105.7410888671875,523.8820190429688,1131.798828125,560.3867797851562,1086.511474609375,548.5559692382812,1125.670654296875,591.696533203125,1055.7236328125,579.1912841796875
1160.28662109375,495.9302978515625,1161.586181640625,492.82489013671875,1158.13232421875,492.21893310546875,1157.962890625,493.47039794921875,1150.744140625,491.42669677734375,1148.9083251953125,507.09552001953125,1136.224853515625,501.277587890625,1142.920654296875,535.575927734375,1129.0582275390625,525.1298217773438,1145.3232421875,563.0062255859375,1133.2099609375,557.3231201171875,1115.45068359375,527.4863891601562,1103.110595703125,523.3984985351562,1131.1314697265625,557.298583984375,1084.5447998046875,552.0284423828125,1128.22509765625,588.6271362304688,1056.4610595703125,585.13134765625
1160.1656494140625,496.0806884765625,1161.493896484375,492.992431640625,1158.0382080078125,492.3565979003906,1157.9173583984375,493.6949462890625,1150.684814453125,491.5827941894531,1148.91064453125,507.4183044433594,1136.0755615234375,501.46380615234375,1142.906494140625,536.0921630859375,1128.975341796875,525.2453002929688,1145.1842041015625,563.7100219726562,1132.8990478515625,557.403076171875,1115.34912109375,527.811279296875,1102.895751953125,523.6627197265625,1131.0040283203125,557.6328735351562,1084.306396484375,552.3090209960938,1128.1875,588.7970581054688,1056.3636474609375,585.252197265625
1157.3052978515625,486.0372619628906,1159.843017578125,482.6448669433594,1153.693603515625,481.9439697265625,1158.170654296875,483.6847229003906,1144.1328125,481.38323974609375,1150.287353515625,499.72235107421875,1131.9715576171875,494.2945861816406,1147.603759765625,527.8860473632812,1120.94580078125,518.4537353515625,1149.5120849609375,547.6691284179688,1118.3387451171875,544.1964111328125,1122.859375,528.2478637695312,1107.7305908203125,524.465087890625,1131.459228515625,557.3880615234375,1086.1961669921875,552.4828491210938,1133.278076171875,590.0789794921875,1063.0531005859375,586.4984130859375
1150.46728515625,479.7630615234375,1152.5333251953125,476.5811462402344,1147.0003662109375,476.26263427734375,1151.483642578125,478.5350341796875,1137.8302001953125,477.0579833984375,1147.18896484375,496.4925842285156,1123.7142333984375,491.257080078125,1139.496337890625,523.142822265625,1107.0267333984375,511.623046875,1133.3134765625,542.2623291015625,1101.1341552734375,534.3155517578125,1121.6253662109375,529.657470703125,1102.872314453125,526.13525390625,1134.7529296875,557.9226684570312,1084.1878662109375,553.55712890625,1135.6217041015625,590.2835083007812,1061.4727783203125,587.2892456054688
1149.708984375,466.950927734375,1151.427734375,463.35186767578125,1145.70361328125,463.52581787109375,1149.4305419921875,465.25689697265625,1135.5457763671875,465.05584716796875,1144.7742919921875,484.87921142578125,1121.2958984375,481.60430908203125,1132.7562255859375,511.614013671875,1104.2747802734375,505.7261962890625,1124.0985107421875,530.5614624023438,1098.09375,531.653564453125,1117.135986328125,524.1103515625,1097.7698974609375,521.2530517578125,1133.1724853515625,553.7271728515625,1078.7635498046875,549.8182983398438,1137.2659912109375,589.44873046875,1057.08740234375,586.0874633789062
1139.62841796875,455.5811462402344,1142.1341552734375,451.8458251953125,1136.060546875,451.39306640625,1141.5740966796875,453.5118408203125,1127.4296875,452.30352783203125,1137.4024658203125,474.653564453125,1114.0699462890625,471.5010681152344,1130.7645263671875,499.73358154296875,1098.8021240234375,496.1009216308594,1117.3238525390625,515.176025390625,1096.8282470703125,522.1612548828125,1112.5814208984375,515.5245361328125,1095.1263427734375,513.4623413085938,1121.8779296875,547.3975830078125,1081.116455078125,544.3929443359375,1118.25634765625,583.21923828125,1065.9296875,581.1676635742188
1135.790283203125,444.0411376953125,1137.955810546875,440.21038818359375,1131.92333984375,440.2799377441406,1136.34765625,441.1806640625,1121.925537109375,441.49267578125,1129.394287109375,458.5221862792969,1110.3299560546875,463.3600158691406,1141.4530029296875,473.88287353515625,1098.2998046875,493.66412353515625,1147.90478515625,475.61700439453125,1101.06982421875,513.8206176757812,1102.3997802734375,509.58782958984375,1096.732421875,511.998779296875,1088.4039306640625,543.0263671875,1124.2281494140625,546.457275390625,1061.71484375,577.947265625,1132.4805908203125,585.33203125
1135.82568359375,444.0567626953125,1137.9560546875,440.2230224609375,1131.96240234375,440.3055725097656,1136.254638671875,441.1795349121094,1121.961181640625,441.5204772949219,1129.244384765625,458.504150390625,1110.3935546875,463.370849609375,1141.3172607421875,473.9493713378906,1098.501708984375,493.6874084472656,1147.930419921875,475.70343017578125,1101.6058349609375,513.6139526367188,1102.359375,509.5738220214844,1096.83935546875,512.01025390625,1088.400390625,543.0863037109375,1124.398681640625,546.5492553710938,1061.623046875,577.9959106445312,1132.6134033203125,585.4254760742188
1130.9310302734375,437.8525085449219,1132.4786376953125,433.78009033203125,1126.9923095703125,434.0406188964844,1128.236328125,434.085693359375,1119.67919921875,434.84423828125,1120.807373046875,450.39532470703125,1113.324951171875,451.6695556640625,1135.087890625,468.8843994140625,1124.8077392578125,470.6234130859375,1154.75341796875,485.1427917480469,1143.19873046875,478.33349609375,1094.6077880859375,498.68890380859375,1091.84033203125,498.75860595703125,1084.271240234375,538.6074829101562,1094.6715087890625,539.5582275390625,1066.929443359375,574.5913696289062,1090.7860107421875,578.6903076171875
1125.71875,432.9214782714844,1127.5206298828125,429.3792724609375,1121.660888671875,429.1456604003906,1125.5965576171875,430.79345703125,1112.5762939453125,429.8699951171875,1123.630126953125,448.67156982421875,1101.760498046875,448.4879150390625,1141.310546875,466.9999694824219,1089.41357421875,473.36981201171875,1155.00634765625,483.23114013671875,1089.6829833984375,498.7044677734375,1101.842041015625,497.1299743652344,1089.124755859375,496.22650146484375,1098.1126708984375,537.2122802734375,1086.78564453125,535.72021484375,1085.984375,575.0272216796875,1074.4560546875,572.5787353515625
1117.4619140625,427.8399353027344,1119.9765625,424.257568359375,1113.351318359375,423.9764099121094,1120.8203125,426.54315185546875,1105.5806884765625,425.3949279785156,1119.7767333984375,446.29913330078125,1096.6270751953125,445.06707763671875,1134.5703125,466.55364990234375,1083.166015625,469.88861083984375,1150.475341796875,482.6871643066406,1080.3995361328125,494.11212158203125,1100.251708984375,495.64404296875,1086.9581298828125,494.227294921875,1095.141845703125,534.7103271484375,1085.0185546875,532.6163330078125,1075.015380859375,572.6987915039062,1066.609619140625,569.1502685546875
1111.10205078125,426.6221008300781,1113.224609375,422.4364013671875,1106.94580078125,422.74761962890625,1115.1678466796875,423.8621520996094,1099.3238525390625,424.0346374511719,1117.28125,446.0199279785156,1088.835205078125,445.5824890136719,1133.893798828125,465.2474365234375,1069.5177001953125,469.12237548828125,1145.315673828125,482.69384765625,1071.715576171875,492.3983154296875,1097.25634765625,497.31097412109375,1081.970703125,496.4761047363281,1093.2449951171875,535.6320190429688,1086.804443359375,534.3123779296875,1067.468994140625,574.0692138671875,1072.283203125,572.72705078125
1107.623291015625,425.34515380859375,1109.63623046875,420.878173828125,1103.17431640625,421.2293701171875,1110.583984375,421.19476318359375,1094.990234375,421.53619384765625,1110.869140625,442.9998779296875,1085.3486328125,443.3616027832031,1124.174072265625,461.5335693359375,1063.3233642578125,469.92095947265625,1136.4381103515625,476.8238525390625,1055.7012939453125,498.81744384765625,1092.3492431640625,498.8361511230469,1078.3287353515625,498.0654296875,1090.51513671875,539.3131103515625,1078.1846923828125,537.6189575195312,1072.364013671875,580.8854370117188,1063.339111328125,578.4080810546875
1107.646240234375,425.3227844238281,1109.634521484375,420.8627014160156,1103.207275390625,421.2058410644531,1110.5367431640625,421.1673889160156,1095.036376953125,421.4768371582031,1110.84130859375,442.95245361328125,1085.403564453125,443.227294921875,1124.204345703125,461.5278625488281,1063.4151611328125,469.71868896484375,1136.387939453125,476.76434326171875,1055.83203125,498.5759582519531,1092.366455078125,498.72113037109375,1078.4190673828125,497.91412353515625,1090.5028076171875,539.3531494140625,1078.38525390625,537.599365234375,1072.274658203125,580.9370727539062,1063.56787109375,578.3804931640625
1101.209716796875,425.1956787109375,1103.071533203125,421.00018310546875,1096.8277587890625,421.18524169921875,1103.37109375,422.1275634765625,1088.02685546875,422.07586669921875,1104.0230712890625,444.1458435058594,1077.63916015625,444.39813232421875,1118.9022216796875,463.6119384765625,1055.95947265625,471.45489501953125,1128.814697265625,477.3804016113281,1047.1312255859375,499.481689453125,1088.7265625,498.96917724609375,1074.77734375,498.5244140625,1087.120361328125,540.7000732421875,1080.69189453125,539.4842529296875,1069.2841796875,581.4967651367188,1070.131103515625,580.0382080078125
1095.768310546875,421.65362548828125,1098.4912109375,417.86785888671875,1091.760009765625,417.55780029296875,1100.499267578125,419.75592041015625,1083.5396728515625,418.5766296386719,1100.1884765625,442.3360290527344,1073.01220703125,441.2229309082031,1110.8392333984375,463.2225036621094,1052.8592529296875,468.4979553222656,1113.0592041015625,471.26373291015625,1044.838134765625,493.3340148925781,1085.42236328125,496.58026123046875,1070.857421875,495.6186218261719,1082.52783203125,539.5881958007812,1078.4547119140625,537.959228515625,1065.9208984375,580.6653442382812,1071.166748046875,579.5902099609375
1091.462890625,416.25970458984375,1093.936767578125,411.8941650390625,1087.2530517578125,411.9046325683594,1095.61669921875,413.8673400878906,1078.5302734375,413.45086669921875,1096.8515625,436.1661071777344,1066.354736328125,434.9775695800781,1104.87255859375,461.6192626953125,1048.98388671875,459.5169982910156,1109.6884765625,480.77911376953125,1045.34228515625,481.0135498046875,1086.4912109375,490.9195861816406,1068.13427734375,490.70648193359375,1081.4337158203125,531.4949340820312,1069.8782958984375,531.36572265625,1071.3106689453125,573.580322265625,1064.1962890625,574.02734375
1084.6971435546875,410.9325256347656,1087.690185546875,406.60906982421875,1080.654296875,406.4912109375,1091.1790771484375,408.35333251953125,1072.438232421875,407.7198486328125,1094.5443115234375,429.3644714355469,1060.344970703125,428.2279052734375,1104.082763671875,453.7220458984375,1044.739501953125,451.9975891113281,1106.6488037109375,469.826904296875,1045.2508544921875,469.694580078125,1083.80908203125,484.146240234375,1062.7711181640625,483.9210205078125,1080.4814453125,524.6901245117188,1065.6068115234375,524.5640258789062,1071.0361328125,566.0072631835938,1061.087646484375,566.3567504882812
1082.08349609375,407.44158935546875,1085.5157470703125,403.617919921875,1078.51123046875,403.21856689453125,1089.58447265625,404.92578125,1071.232666015625,403.69598388671875,1092.2965087890625,424.8877258300781,1059.5235595703125,424.3362121582031,1100.0086669921875,448.2254333496094,1044.3682861328125,449.8814392089844,1104.0123291015625,465.66943359375,1041.417236328125,475.583740234375,1080.26123046875,477.4019775390625,1061.2763671875,477.3454284667969,1075.3076171875,522.3704833984375,1064.7659912109375,522.7501220703125,1060.9232177734375,562.2774658203125,1061.5321044921875,564.7269897460938
1082.079345703125,407.384033203125,1085.515625,403.56585693359375,1078.506591796875,403.1650390625,1089.593505859375,404.89117431640625,1071.2344970703125,403.6593017578125,1092.31884765625,424.85699462890625,1059.511474609375,424.308837890625,1100.101318359375,448.1756591796875,1044.3748779296875,449.85992431640625,1104.3154296875,465.593994140625,1041.433837890625,475.49615478515625,1080.2579345703125,477.27099609375,1061.25830078125,477.218994140625,1075.3492431640625,522.1950073242188,1064.796875,522.5798950195312,1060.924072265625,562.0643310546875,1061.572998046875,564.5081787109375
1079.0595703125,404.86602783203125,1082.17041015625,400.953857421875,1075.052734375,400.625,1085.089599609375,402.2690734863281,1066.3612060546875,401.09344482421875,1088.801025390625,423.12982177734375,1053.3717041015625,422.6588134765625,1097.251953125,448.31744384765625,1039.0953369140625,450.0989685058594,1099.180908203125,466.2203063964844,1038.998046875,475.6381530761719,1076.9576416015625,478.13446044921875,1055.9459228515625,478.15472412109375,1071.489013671875,523.7605590820312,1057.3416748046875,524.2171020507812,1057.454345703125,563.811767578125,1054.710693359375,566.06591796875
1071.0235595703125,405.3251953125,1074.65087890625,401.40167236328125,1066.9322509765625,401.13629150390625,1079.3472900390625,402.99560546875,1059.277099609375,402.1346740722656,1083.8287353515625,423.9844665527344,1048.911376953125,424.1612548828125,1093.7452392578125,448.4791259765625,1035.99609375,451.8316650390625,1095.904296875,465.4986572265625,1035.1097412109375,477.77545166015625,1072.1826171875,477.7603759765625,1051.366943359375,477.95965576171875,1068.0347900390625,522.1195068359375,1053.6903076171875,522.473388671875,1054.98291015625,560.76220703125,1050.52978515625,562.0007934570312
1067.7550048828125,402.3363037109375,1070.924072265625,398.41351318359375,1063.790771484375,398.28985595703125,1074.465576171875,400.40771484375,1056.061279296875,399.8493347167969,1079.531494140625,421.262939453125,1043.951416015625,422.81158447265625,1090.2994384765625,443.5357360839844,1030.58740234375,452.0772399902344,1093.3399658203125,457.717529296875,1030.7767333984375,477.21881103515625,1070.175537109375,476.88250732421875,1047.927001953125,477.48895263671875,1067.503173828125,520.9502563476562,1044.7288818359375,521.7752685546875,1055.660400390625,561.2979736328125,1038.1171875,562.5968627929688
1064.7279052734375,400.9986572265625,1067.7540283203125,397.02679443359375,1060.47509765625,396.9747314453125,1070.540283203125,399.044677734375,1052.000244140625,398.52899169921875,1074.552490234375,419.43292236328125,1040.0546875,421.61920166015625,1085.3876953125,440.2151184082031,1027.265625,450.76904296875,1091.47705078125,453.6134948730469,1030.512939453125,475.7767639160156,1067.281982421875,475.0399475097656,1045.4970703125,476.2061767578125,1065.36767578125,518.9390869140625,1041.4842529296875,520.3810424804688,1054.4747314453125,560.5211791992188,1033.4775390625,562.4807739257812
1059.340087890625,396.9712829589844,1062.2919921875,392.63470458984375,1055.32470703125,392.5099182128906,1064.9638671875,395.0703125,1047.30810546875,394.5733337402344,1068.675048828125,418.8037109375,1036.7138671875,418.180908203125,1078.688232421875,444.008544921875,1022.37060546875,443.42523193359375,1085.3671875,466.1324462890625,1021.7583618164062,466.56903076171875,1060.7806396484375,472.5898132324219,1040.2340087890625,472.59088134765625,1061.8546142578125,513.6347045898438,1034.0396728515625,513.920654296875,1057.3736572265625,553.8326416015625,1025.13232421875,554.8299560546875
1059.4544677734375,396.9890441894531,1062.390625,392.6499938964844,1055.4365234375,392.52618408203125,1065.0225830078125,395.06707763671875,1047.396728515625,394.56890869140625,1068.729248046875,418.7547607421875,1036.74462890625,418.13177490234375,1078.7818603515625,443.90814208984375,1022.35498046875,443.33807373046875,1085.518798828125,465.951171875,1021.7572631835938,466.4066162109375,1060.8182373046875,472.54974365234375,1040.2584228515625,472.55523681640625,1061.9144287109375,513.5794067382812,1034.0606689453125,513.869384765625,1057.353759765625,553.818115234375,1025.060791015625,554.830322265625
1054.7781982421875,395.0968322753906,1057.624267578125,390.7630615234375,1051.0693359375,390.7209777832031,1060.7833251953125,392.7124328613281,1043.714599609375,392.4742126464844,1065.253173828125,415.59185791015625,1032.95654296875,415.1251220703125,1075.862548828125,440.8480224609375,1017.4888916015625,440.36181640625,1082.1357421875,462.63922119140625,1016.2850341796875,463.185546875,1055.8760986328125,469.7824401855469,1035.12353515625,469.73956298828125,1056.304443359375,512.6357421875,1028.2637939453125,512.9556274414062,1051.5240478515625,554.025146484375,1018.8564453125,555.0751342773438
1051.174560546875,394.36517333984375,1053.5601806640625,389.9111022949219,1047.534423828125,390.12615966796875,1055.7818603515625,390.8795471191406,1040.951171875,391.2653503417969,1060.5611572265625,411.21380615234375,1028.8255615234375,412.2391357421875,1074.364501953125,435.5208435058594,1016.35595703125,438.98602294921875,1083.485107421875,458.6041259765625,1019.938232421875,462.0030212402344,1053.4031982421875,465.7037353515625,1033.07470703125,466.5246276855469,1057.101318359375,508.3350830078125,1027.12646484375,508.9571533203125,1052.430419921875,550.0128173828125,1017.6828002929688,551.7869262695312
1047.320068359375,394.2268981933594,1049.6654052734375,389.8303527832031,1043.6650390625,390.1201171875,1051.961181640625,390.8932800292969,1036.9083251953125,391.432861328125,1056.7296142578125,411.18792724609375,1024.396484375,412.250244140625,1069.9727783203125,434.309814453125,1011.3887939453125,437.74029541015625,1077.040283203125,451.6672668457031,1015.9195556640625,455.35931396484375,1049.297119140625,464.34814453125,1028.16162109375,465.27716064453125,1055.7203369140625,506.35919189453125,1022.288330078125,507.10455322265625,1053.44873046875,547.8089599609375,1013.7462158203125,549.5838623046875
1044.465576171875,394.00628662109375,1046.54345703125,389.751708984375,1040.836669921875,390.030517578125,1048.0513916015625,390.8646240234375,1033.677001953125,391.2620849609375,1052.940673828125,410.8905944824219,1019.9461669921875,411.7061462402344,1066.2694091796875,432.6731872558594,1005.0391845703125,435.57373046875,1073.73291015625,445.6471252441406,1009.5257568359375,449.4231262207031,1046.41845703125,463.4178771972656,1024.78955078125,464.42547607421875,1053.98486328125,505.4105529785156,1018.84228515625,506.2392578125,1053.6279296875,547.0695190429688,1011.3880004882812,548.8919067382812
1042.82421875,391.7408752441406,1044.646240234375,387.36468505859375,1038.748046875,387.73052978515625,1044.975341796875,388.6181640625,1030.257080078125,389.17523193359375,1047.710693359375,409.056640625,1016.7364501953125,410.1416015625,1058.648193359375,430.75213623046875,1003.2550048828125,434.2239074707031,1066.019287109375,442.5314025878906,1009.2002563476562,447.18438720703125,1043.27587890625,461.32244873046875,1022.9075317382812,462.7405700683594,1050.7132568359375,503.1097412109375,1019.0249633789062,504.319091796875,1050.326416015625,545.4150390625,1012.2973022460938,547.7538452148438
1042.864990234375,391.7266845703125,1044.67919921875,387.3450927734375,1038.790771484375,387.71051025390625,1044.9942626953125,388.58746337890625,1030.2899169921875,389.14208984375,1047.7138671875,409.01385498046875,1016.698974609375,410.12139892578125,1058.86083984375,430.6619873046875,1003.242919921875,434.2391052246094,1066.49853515625,442.54376220703125,1009.2601318359375,447.270263671875,1043.2596435546875,461.33282470703125,1022.866455078125,462.7695007324219,1050.7373046875,503.14007568359375,1018.9898681640625,504.3668518066406,1050.406005859375,545.399169921875,1012.2584228515625,547.773681640625
1037.7646484375,387.6221008300781,1039.707763671875,383.15087890625,1033.50341796875,383.58636474609375,1040.7569580078125,384.64154052734375,1024.358154296875,385.54046630859375,1043.49169921875,405.4245300292969,1012.83154296875,407.35540771484375,1057.7294921875,425.1446228027344,1002.777099609375,430.76068115234375,1066.6138916015625,434.30596923828125,1009.521484375,439.6526184082031,1039.860595703125,458.5829772949219,1019.9181518554688,460.314453125,1045.47900390625,498.3879089355469,1018.5201416015625,499.94024658203125,1045.7327880859375,538.4744873046875,1013.9825439453125,541.370849609375
1036.6083984375,384.42706298828125,1038.618896484375,380.0935363769531,1032.3756103515625,380.268798828125,1039.3785400390625,381.89892578125,1022.7863159179688,382.0212707519531,1040.6240234375,402.88507080078125,1010.7822875976562,403.93670654296875,1054.4801025390625,423.0303039550781,1000.9553833007812,427.66241455078125,1065.140625,432.59039306640625,1008.8958740234375,437.282958984375,1036.114990234375,456.33819580078125,1017.0386962890625,457.74542236328125,1039.003173828125,497.00970458984375,1018.006591796875,498.45831298828125,1037.4241943359375,535.8634033203125,1013.935791015625,538.733642578125
1032.969970703125,379.8717956542969,1035.774169921875,376.1502685546875,1028.444091796875,376.27880859375,1038.2274169921875,377.74761962890625,1019.5811767578125,377.87615966796875,1041.99169921875,398.74908447265625,1009.0550537109375,400.660888671875,1050.26416015625,417.1461181640625,998.1199951171875,429.08203125,1059.337890625,426.2954406738281,998.3863525390625,451.57867431640625,1034.7119140625,452.7587585449219,1014.2978515625,453.63629150390625,1037.1090087890625,495.2752685546875,1015.07470703125,495.7254638671875,1034.6357421875,538.021484375,1014.904052734375,538.6865234375
1031.576904296875,377.68890380859375,1033.594482421875,373.4273986816406,1027.248291015625,373.3197326660156,1033.409912109375,375.23602294921875,1017.83447265625,374.4875793457031,1034.580810546875,396.1700439453125,1005.969970703125,395.8107604980469,1046.67822265625,417.8643493652344,992.3985595703125,419.15972900390625,1060.8876953125,434.2491455078125,996.3707275390625,436.7962646484375,1032.3587646484375,450.19720458984375,1014.4960327148438,450.9577331542969,1032.411376953125,492.5062255859375,1014.1386108398438,493.4971923828125,1027.1390380859375,532.1604614257812,1006.803955078125,534.49609375
1027.3392333984375,377.8392333984375,1029.801025390625,374.097900390625,1022.9517822265625,374.34893798828125,1032.477294921875,375.8418273925781,1014.4989624023438,376.0242004394531,1036.993896484375,396.44921875,1004.2806396484375,397.99530029296875,1046.9986572265625,415.2300109863281,994.6201171875,424.0705261230469,1059.91943359375,427.68914794921875,994.1035766601562,448.24481201171875,1029.9176025390625,449.23095703125,1009.667236328125,449.9579772949219,1031.397705078125,491.5708923339844,1009.09814453125,491.9647521972656,1023.5889892578125,532.28076171875,1004.6954956054688,533.8662109375
1027.3798828125,377.8040771484375,1029.83544921875,374.05889892578125,1022.9874267578125,374.3165588378906,1032.516357421875,375.8162841796875,1014.529541015625,376.0108337402344,1037.0699462890625,396.45379638671875,1004.304931640625,398.0182800292969,1047.11865234375,415.2550048828125,994.619384765625,424.14459228515625,1060.052978515625,427.6828308105469,994.1672973632812,448.303466796875,1029.983642578125,449.2855224609375,1009.6968383789062,450.01629638671875,1031.4210205078125,491.64886474609375,1009.0579833984375,492.04803466796875,1023.5189208984375,532.4273071289062,1004.5386962890625,534.0227661132812
1024.614013671875,378.16845703125,1027.082275390625,374.2059326171875,1019.689208984375,374.7437744140625,1029.5057373046875,376.0078125,1010.7185668945312,376.8753662109375,1033.463134765625,396.37664794921875,1001.7735595703125,399.6893005371094,1043.595947265625,414.959228515625,993.5905151367188,426.794677734375,1056.2301025390625,425.17633056640625,992.7257080078125,450.72467041015625,1026.8563232421875,449.2522888183594,1007.41650390625,450.9820861816406,1028.684814453125,490.7906494140625,1008.7659301757812,492.1619567871094,1019.3215942382812,531.399169921875,1003.7067260742188,533.695556640625
1021.9627075195312,380.7221374511719,1024.40869140625,376.9593505859375,1017.320068359375,377.2762451171875,1026.69970703125,379.1087646484375,1008.7373657226562,379.44036865234375,1030.5653076171875,399.5648193359375,999.9246826171875,402.20513916015625,1042.822021484375,417.3899230957031,992.3355102539062,428.34429931640625,1056.1220703125,426.4495849609375,991.1558837890625,452.44287109375,1024.0272216796875,451.59814453125,1005.7862548828125,453.04608154296875,1023.718505859375,493.23486328125,1008.7805786132812,494.2178955078125,1012.39404296875,532.6952514648438,1004.4400634765625,534.5360717773438
1020.98779296875,381.32513427734375,1023.615234375,377.6402893066406,1016.4769287109375,377.8580017089844,1026.04345703125,380.1058044433594,1008.172607421875,380.23004150390625,1029.00927734375,400.75433349609375,999.421875,402.9947204589844,1039.689453125,419.0556640625,990.84619140625,428.5959777832031,1049.708251953125,427.2997741699219,991.1864013671875,450.45843505859375,1021.5213623046875,452.4178161621094,1004.0103759765625,453.73419189453125,1020.35009765625,494.18804931640625,1008.0738525390625,495.22613525390625,1009.34228515625,532.7617797851562,1004.5506591796875,534.760498046875
1020.7738037109375,381.40264892578125,1023.3951416015625,377.7637939453125,1016.4097900390625,377.86358642578125,1025.5257568359375,380.2244567871094,1008.215576171875,380.0406188964844,1027.405517578125,400.7369384765625,999.446533203125,402.105712890625,1037.890380859375,419.567138671875,988.9718627929688,426.6685791015625,1047.153564453125,427.6337585449219,990.042724609375,446.9853515625,1019.1143798828125,452.0562744140625,1002.9649658203125,453.0497131347656,1017.287109375,494.24029541015625,1009.2203979492188,494.9510192871094,1005.3261108398438,532.819580078125,1005.46044921875,534.408203125
1018.5507202148438,382.37548828125,1021.3741455078125,378.2509460449219,1014.273193359375,378.38592529296875,1024.5677490234375,380.4844665527344,1006.8336181640625,380.3829345703125,1027.875244140625,400.9569091796875,996.4550170898438,400.69677734375,1039.8966064453125,423.1260986328125,984.3739013671875,423.759033203125,1045.063232421875,439.0709228515625,984.8329467773438,440.536376953125,1019.8192138671875,452.8251953125,1001.0366821289062,452.96893310546875,1014.8837890625,491.39117431640625,1003.273193359375,491.4480285644531,1007.13818359375,529.9613037109375,1000.4375,530.718505859375
1018.4373779296875,382.3377685546875,1021.2837524414062,378.2095642089844,1014.1734619140625,378.3412170410156,1024.54052734375,380.43572998046875,1006.7794189453125,380.3321228027344,1027.89599609375,400.91253662109375,996.454833984375,400.643798828125,1039.9521484375,423.1007995605469,984.3704833984375,423.70306396484375,1045.0966796875,439.0985412597656,984.7036743164062,440.5172424316406,1019.7332763671875,452.7958984375,1000.9473876953125,452.9204406738281,1014.67724609375,491.399658203125,1003.1068725585938,491.43975830078125,1006.954345703125,530.0516357421875,1000.3067626953125,530.7830810546875
1018.0982666015625,383.6580505371094,1020.9161376953125,379.750732421875,1014.2744750976562,379.7011413574219,1024.29052734375,381.96124267578125,1007.0928955078125,381.39422607421875,1027.14599609375,401.8867492675781,995.95947265625,400.8965148925781,1037.751220703125,423.91815185546875,982.5368041992188,423.0494384765625,1041.4656982421875,439.0060729980469,982.0695190429688,439.5583190917969,1016.8743896484375,451.4625549316406,998.18701171875,451.25982666015625,1011.6275634765625,489.6281433105469,1000.0283203125,489.4558410644531,1005.169921875,527.7454833984375,998.3419189453125,528.1260375976562
1018.4295043945312,383.70599365234375,1021.185791015625,379.8653869628906,1014.69140625,379.8179931640625,1024.3642578125,381.9986572265625,1007.5589599609375,381.47442626953125,1027.673828125,401.76177978515625,995.7899780273438,400.57452392578125,1037.4027099609375,423.9632263183594,980.064208984375,422.044189453125,1039.8614501953125,439.16094970703125,977.94287109375,439.1163024902344,1016.49169921875,451.21563720703125,997.294921875,450.850830078125,1011.2742919921875,488.0543518066406,998.4615478515625,487.737548828125,1003.2462158203125,526.1590576171875,995.3270874023438,526.316162109375
1018.2108154296875,383.4580078125,1020.48681640625,380.02911376953125,1014.5074462890625,380.01837158203125,1022.2725830078125,382.0291748046875,1006.935791015625,381.61798095703125,1025.703369140625,400.9783630371094,995.7708740234375,400.8327941894531,1034.418701171875,419.0320129394531,981.3422241210938,422.1160583496094,1036.225830078125,427.8157653808594,981.3499755859375,437.99884033203125,1014.9819946289062,449.17547607421875,996.8853149414062,448.8416748046875,1011.9153442382812,488.510986328125,996.79345703125,488.0012512207031,1000.81005859375,526.0120849609375,992.1820068359375,525.8135986328125
1014.234130859375,380.28765869140625,1017.2403564453125,376.36749267578125,1011.0546875,376.1729736328125,1021.3092041015625,378.23956298828125,1004.517822265625,377.5093994140625,1025.629150390625,398.50152587890625,993.25634765625,397.09149169921875,1036.0986328125,420.72625732421875,977.8544921875,418.5263671875,1037.7843017578125,436.18035888671875,974.312255859375,435.33203125,1011.9908447265625,446.558837890625,992.2613525390625,445.8637390136719,1007.2146606445312,482.536376953125,990.9620361328125,482.0891418457031,1001.134765625,521.774658203125,988.047607421875,521.6099243164062
1012.21728515625,376.55230712890625,1015.50244140625,372.68701171875,1009.1666259765625,372.3049621582031,1020.8545532226562,374.4943542480469,1002.1961059570312,373.26983642578125,1025.8828125,394.3994140625,990.3165283203125,392.5111083984375,1038.686279296875,416.68658447265625,975.0917358398438,414.0606689453125,1042.9952392578125,432.3370361328125,973.902587890625,430.9173583984375,1009.86962890625,444.97393798828125,988.2381591796875,444.0546875,1005.6785888671875,481.73431396484375,987.9295654296875,481.07763671875,998.5618286132812,519.6470947265625,983.3902587890625,519.5289916992188
1012.266845703125,376.51312255859375,1015.5355224609375,372.6484680175781,1009.212646484375,372.28082275390625,1020.8952026367188,374.43902587890625,1002.227783203125,373.2536315917969,1025.903564453125,394.29815673828125,990.34619140625,392.4568176269531,1038.666259765625,416.55889892578125,975.186767578125,413.9962158203125,1043.001220703125,432.2698059082031,974.17041015625,430.92742919921875,1009.9407348632812,444.8355712890625,988.3193359375,443.94781494140625,1005.8048095703125,481.52117919921875,988.0657958984375,480.87542724609375,998.6471557617188,519.4727172851562,983.468994140625,519.3880615234375
1008.8721313476562,370.4206237792969,1011.78173828125,366.3193359375,1005.3279418945312,366.19677734375,1015.2332153320312,367.89215087890625,998.5014038085938,367.429931640625,1020.3218994140625,387.75457763671875,986.847412109375,387.0771484375,1032.09423828125,411.121826171875,972.7897338867188,410.4818115234375,1035.845947265625,430.85736083984375,971.917724609375,430.9117431640625,1008.77783203125,438.759765625,987.6370849609375,438.4640808105469,1008.1885986328125,475.6180419921875,983.137939453125,475.4571533203125,1002.0299072265625,513.9549560546875,976.441650390625,514.3338623046875
1007.5618286132812,360.2135009765625,1009.9156494140625,356.5824279785156,1004.73828125,356.620849609375,1012.1804809570312,358.3486633300781,999.221923828125,358.37908935546875,1018.1650390625,379.1712341308594,987.1320190429688,380.0880126953125,1029.17822265625,400.3845520019531,973.3944091796875,404.91796875,1041.1707763671875,419.579345703125,969.7298583984375,434.1251220703125,1008.27685546875,433.0128479003906,987.5823974609375,433.09259033203125,1009.3955078125,475.3450012207031,975.881591796875,474.9962158203125,1006.7748413085938,515.8213500976562,966.610107421875,515.3778686523438
1009.5828857421875,358.75543212890625,1012.0924072265625,354.93994140625,1006.0465087890625,354.9425354003906,1014.1600341796875,356.641357421875,999.116943359375,356.3636474609375,1018.0468139648438,376.938720703125,986.2127685546875,377.7468566894531,1027.791748046875,397.9007568359375,970.6934814453125,404.18914794921875,1042.025146484375,417.35791015625,966.317626953125,433.044189453125,1006.9722290039062,429.41693115234375,985.884033203125,429.738037109375,1012.124267578125,470.7474060058594,975.04052734375,470.84368896484375,1009.3289794921875,513.7589721679688,965.3463134765625,514.2777099609375
1005.3444213867188,360.20440673828125,1008.052734375,356.62408447265625,1002.3272705078125,356.3387145996094,1010.7830200195312,358.09747314453125,996.43603515625,357.2106628417969,1015.217041015625,377.7901611328125,983.74609375,377.311279296875,1025.580810546875,399.0493469238281,968.6482543945312,402.41571044921875,1039.1549072265625,418.5317687988281,964.4317016601562,429.6849365234375,1003.846435546875,429.68701171875,982.54150390625,429.30615234375,1009.7931518554688,469.8919372558594,969.2659912109375,469.177734375,1011.23583984375,513.7494506835938,959.9500122070312,513.142578125
999.75439453125,365.85052490234375,1002.3718872070312,362.11700439453125,996.4029541015625,362.08306884765625,1005.537109375,362.85406494140625,990.03759765625,362.5443420410156,1011.2562255859375,381.20123291015625,978.4091796875,381.6048889160156,1024.5682373046875,400.9723205566406,962.3870849609375,406.11163330078125,1036.2589111328125,418.40740966796875,959.8562622070312,431.6349792480469,1000.52197265625,431.7010498046875,977.8275146484375,431.61370849609375,1008.1712036132812,470.978515625,962.4619140625,470.4949951171875,1012.4010009765625,515.22021484375,951.525390625,514.5578002929688
999.828125,365.736572265625,1002.4512939453125,362.004638671875,996.4697265625,361.96527099609375,1005.6073608398438,362.7550048828125,990.074462890625,362.4286193847656,1011.29296875,381.13079833984375,978.4141845703125,381.5272521972656,1024.6004638671875,400.901611328125,962.3219604492188,406.0799560546875,1036.262939453125,418.3102111816406,959.8431396484375,431.7034912109375,1000.5470581054688,431.66033935546875,977.83642578125,431.57196044921875,1008.1695556640625,470.8978271484375,962.465087890625,470.40667724609375,1012.3892822265625,515.15478515625,951.53466796875,514.474609375
995.3763427734375,371.8539733886719,998.1756591796875,368.1347351074219,992.1798706054688,368.06927490234375,1002.9117431640625,368.52703857421875,986.48583984375,368.13824462890625,1010.64599609375,387.1379699707031,975.72998046875,386.31707763671875,1024.07861328125,407.9374694824219,959.7908935546875,409.6687316894531,1029.9217529296875,425.97344970703125,958.8568115234375,435.5025329589844,998.9365234375,436.32470703125,973.8535766601562,435.35101318359375,1010.98779296875,473.51531982421875,955.605712890625,471.7425842285156,1016.1996459960938,515.1251220703125,940.1806640625,512.5650634765625
994.7481079101562,375.17156982421875,997.5455932617188,371.68548583984375,991.380859375,371.6820373535156,1001.9869995117188,373.4561767578125,984.6907958984375,373.0701599121094,1008.1895141601562,393.1214904785156,973.1262817382812,391.9827880859375,1017.2557983398438,412.76019287109375,954.647705078125,415.73577880859375,1019.32080078125,427.21649169921875,959.3197631835938,439.47845458984375,994.9769897460938,437.9546813964844,968.5721435546875,436.73236083984375,1008.2691650390625,473.4002380371094,946.88427734375,471.21978759765625,1018.1218872070312,513.7478637695312,929.5711669921875,510.8021240234375
988.6272583007812,380.1338195800781,991.0772094726562,376.56036376953125,984.4898071289062,376.7666931152344,995.0421142578125,377.843505859375,976.5064086914062,377.62939453125,1000.6737670898438,397.16290283203125,967.0284423828125,396.32232666015625,1009.2132568359375,418.3420715332031,952.1263427734375,421.46240234375,1011.8065185546875,430.97552490234375,960.191650390625,444.244140625,992.369384765625,440.4532470703125,966.6270751953125,439.47467041015625,1008.3223876953125,475.86407470703125,943.483154296875,473.624755859375,1016.8522338867188,515.71337890625,923.64013671875,512.5292358398438
981.099365234375,386.0202941894531,983.7498779296875,382.5576171875,977.35888671875,382.84228515625,988.62890625,383.83209228515625,971.3421630859375,384.30340576171875,996.10400390625,403.04425048828125,965.056396484375,403.674072265625,1004.0369873046875,422.60662841796875,950.5039672851562,429.58880615234375,1003.8621826171875,433.07830810546875,948.4061279296875,452.4394226074219,991.3123779296875,449.1680908203125,967.2489624023438,448.46636962890625,1005.297607421875,479.9190673828125,941.8555297851562,477.8759765625,1019.2842407226562,516.8021240234375,924.6019287109375,512.7800903320312
978.7913818359375,389.5240173339844,980.82861328125,385.9654541015625,974.66796875,386.32012939453125,983.701416015625,387.12017822265625,966.6783447265625,387.3172302246094,990.9992065429688,406.26287841796875,957.4989624023438,405.35650634765625,995.9624633789062,428.4299011230469,943.137451171875,427.82611083984375,993.5052490234375,443.6126403808594,943.9146728515625,450.436279296875,989.0382080078125,451.1532897949219,963.3447875976562,450.43218994140625,1004.7247924804688,481.87451171875,940.0126953125,479.9449768066406,1019.9943237304688,517.7119750976562,927.6990966796875,515.309326171875
978.846435546875,389.48516845703125,980.8895263671875,385.93292236328125,974.7262573242188,386.2823486328125,983.7738647460938,387.10400390625,966.744140625,387.28765869140625,991.0662231445312,406.278564453125,957.5496826171875,405.3448486328125,995.9434814453125,428.4295349121094,943.1519165039062,427.80419921875,993.40869140625,443.58160400390625,943.88232421875,450.49786376953125,989.062255859375,451.1618957519531,963.3548583984375,450.42022705078125,1004.7506103515625,481.8861083984375,939.9819946289062,479.923828125,1019.9690551757812,517.6681518554688,927.620361328125,515.2166748046875
969.4659423828125,390.4163818359375,971.2853393554688,386.80023193359375,966.0943603515625,387.0116271972656,973.2479248046875,388.46319580078125,959.3641357421875,388.77520751953125,979.0948486328125,407.48858642578125,950.421142578125,406.57733154296875,979.5738525390625,428.99822998046875,934.6990966796875,426.25616455078125,967.217529296875,445.0738525390625,933.6845703125,449.4070129394531,979.5891723632812,449.6697998046875,956.4669799804688,450.1307373046875,1001.1912231445312,479.9550476074219,940.20947265625,479.359375,1022.12841796875,514.7239990234375,933.8509521484375,513.1840209960938
960.494384765625,389.86279296875,962.2879028320312,386.39501953125,956.8577880859375,386.5831604003906,963.5472412109375,387.82098388671875,949.594482421875,388.04217529296875,968.9419555664062,405.7330627441406,941.372802734375,404.7851257324219,973.2342529296875,425.44342041015625,927.7142333984375,422.2535705566406,966.0235595703125,435.6120300292969,927.842041015625,436.5354309082031,970.7646484375,449.26318359375,948.668212890625,449.97198486328125,992.665283203125,481.69427490234375,933.96240234375,481.3087158203125,1021.5810546875,516.05029296875,934.239990234375,514.4866943359375
948.3707885742188,387.2320556640625,950.695556640625,383.8653259277344,944.4190063476562,384.04193115234375,952.7536010742188,386.05078125,937.008056640625,386.05889892578125,959.3089599609375,404.45794677734375,928.4752197265625,404.7040100097656,962.2516479492188,420.8568420410156,915.2542724609375,423.84381103515625,955.7001342773438,422.2405700683594,914.549560546875,433.08538818359375,963.3194580078125,452.2427673339844,939.361083984375,452.72442626953125,984.483642578125,484.1429443359375,929.9654541015625,483.6173095703125,1010.3253173828125,519.4029541015625,933.1014404296875,517.8472900390625
935.268798828125,379.576416015625,938.7962646484375,376.2086181640625,931.8555908203125,376.02484130859375,944.08349609375,378.1568298339844,926.5863647460938,378.00079345703125,952.3077392578125,398.3458557128906,917.2601318359375,399.40863037109375,964.1244506835938,419.54833984375,906.0743408203125,422.5491943359375,968.6065063476562,430.76104736328125,900.005126953125,438.01409912109375,952.517333984375,448.9496154785156,928.0435791015625,450.5896911621094,973.7750244140625,481.2869567871094,925.9091796875,482.9013977050781,998.1888427734375,512.363525390625,935.23681640625,514.4019775390625
927.1341552734375,376.67041015625,929.3687744140625,372.479248046875,923.2738037109375,373.3304443359375,932.7825927734375,374.3742370605469,917.2598876953125,376.4165954589844,941.6986083984375,394.0978088378906,910.6329345703125,397.1523742675781,961.0760498046875,410.9856262207031,898.3474731445312,416.48101806640625,972.2291259765625,425.2139892578125,892.5767822265625,429.47552490234375,942.069580078125,443.9587097167969,922.3155517578125,445.56475830078125,953.921142578125,475.4783935546875,923.6566162109375,476.6522216796875,964.5122680664062,509.542724609375,927.2125244140625,510.752197265625
927.0927734375,376.72198486328125,929.336181640625,372.531005859375,923.2293701171875,373.3830871582031,932.77685546875,374.426513671875,917.225341796875,376.4691467285156,941.6866455078125,394.1520080566406,910.6587524414062,397.18634033203125,961.0131225585938,411.02081298828125,898.2515258789062,416.4383544921875,972.1895141601562,425.2674560546875,892.2471923828125,429.4725341796875,942.0518798828125,443.9156799316406,922.329345703125,445.50701904296875,953.912841796875,475.3988037109375,923.7086791992188,476.55902099609375,964.5345458984375,509.4478454589844,927.27001953125,510.6255798339844
918.074951171875,379.2461242675781,920.279541015625,374.950927734375,913.678466796875,375.9229431152344,923.1106567382812,376.1103515625,906.9508056640625,378.34429931640625,930.6861572265625,394.5106201171875,899.9541015625,397.536865234375,947.9322509765625,411.42376708984375,886.4281005859375,416.5562438964844,959.715087890625,423.1969299316406,883.1812133789062,427.41571044921875,931.7283325195312,443.54638671875,912.84423828125,445.33233642578125,940.0475463867188,473.874755859375,918.3533935546875,475.1979675292969,942.7220458984375,509.1871032714844,919.1043701171875,510.6193542480469
907.654296875,381.2413330078125,910.4527587890625,376.788818359375,903.4176635742188,377.5236511230469,914.5133056640625,377.6162109375,897.5438232421875,379.2474365234375,924.2183837890625,395.9139404296875,890.5662841796875,398.04449462890625,942.0913696289062,413.45147705078125,874.9129638671875,416.732421875,954.4400634765625,425.8501281738281,872.1575317382812,428.4617614746094,924.0767822265625,447.97216796875,903.9893798828125,448.86102294921875,923.6966552734375,480.3709716796875,906.4688720703125,481.0333251953125,923.3619384765625,516.290283203125,908.1058959960938,516.97607421875
897.4788208007812,386.30682373046875,899.9511108398438,381.791748046875,893.3487548828125,382.512451171875,904.170654296875,382.25341796875,887.0689086914062,383.94244384765625,913.558837890625,399.71185302734375,879.3400268554688,402.253173828125,936.546142578125,414.1065673828125,863.771240234375,419.4418029785156,953.918212890625,425.9352722167969,861.522216796875,429.57470703125,911.01025390625,449.4217529296875,890.3355102539062,450.57318115234375,908.8797607421875,482.3859558105469,891.129150390625,483.58392333984375,906.0741577148438,518.5860595703125,889.0321044921875,520.3640747070312
886.9268188476562,388.029296875,889.2957763671875,384.07122802734375,883.3428955078125,385.1155700683594,895.4151611328125,385.14971923828125,879.1014404296875,387.6742858886719,908.2124633789062,403.273681640625,872.4979248046875,406.4048767089844,930.8461303710938,417.18389892578125,858.3992919921875,421.8320617675781,958.1724853515625,430.316162109375,850.0609130859375,425.3645324707031,901.71533203125,455.04693603515625,879.9744873046875,456.260009765625,903.3587036132812,491.11065673828125,877.566162109375,492.225341796875,900.6517333984375,525.5955810546875,876.0186767578125,525.6534423828125
875.5439453125,392.4788818359375,878.6077880859375,388.77740478515625,872.1826171875,389.2806701660156,886.5192260742188,389.56988525390625,868.54638671875,390.7588806152344,899.84423828125,407.2421875,864.270751953125,408.24688720703125,922.869140625,420.412109375,850.1644287109375,423.05914306640625,949.7430419921875,429.7440490722656,837.232666015625,429.843017578125,894.5089111328125,456.7348937988281,871.5665283203125,456.25164794921875,895.3181762695312,490.011474609375,856.2573852539062,488.5291748046875,898.1654663085938,524.8137817382812,849.369873046875,521.3773803710938
875.540771484375,392.2938537597656,878.619873046875,388.59613037109375,872.1578369140625,389.0885925292969,886.52490234375,389.4044189453125,868.4627685546875,390.5699157714844,899.80859375,407.1561279296875,864.1622314453125,408.1282958984375,922.7169189453125,420.4224853515625,850.2075805664062,423.057861328125,949.5609741210938,429.7957763671875,837.2645263671875,430.0145263671875,894.4342041015625,456.67388916015625,871.4273681640625,456.17523193359375,895.4234619140625,489.9635925292969,856.1735229492188,488.44732666015625,898.1973876953125,524.8338623046875,849.2199096679688,521.3336791992188
866.075927734375,396.0926513671875,869.280029296875,392.459228515625,863.8626708984375,392.6853332519531,876.98046875,393.71044921875,862.8671264648438,394.24273681640625,890.3984985351562,412.2806396484375,855.3851318359375,412.99713134765625,913.9169311523438,423.4559326171875,838.656494140625,424.225830078125,940.5982666015625,428.6270751953125,821.1553955078125,432.1231689453125,881.1168823242188,463.66461181640625,857.1712646484375,463.4774169921875,886.98486328125,491.27459716796875,842.860595703125,490.8497314453125,890.852783203125,529.1573486328125,833.1121826171875,528.3280029296875
854.4948120117188,395.07257080078125,857.14208984375,391.79498291015625,852.4830322265625,391.75030517578125,863.9060668945312,393.00933837890625,850.359375,392.9925842285156,875.7075805664062,409.8529357910156,843.05078125,411.4739990234375,898.4855346679688,420.4087829589844,829.4344482421875,430.7388610839844,915.4136962890625,421.1920166015625,818.755615234375,441.10064697265625,869.0853881835938,460.5023193359375,845.6500854492188,460.6718444824219,880.4722900390625,492.2626953125,825.5709228515625,491.8197021484375,894.4085083007812,530.884033203125,815.1758422851562,529.771240234375
839.1053466796875,396.83843994140625,842.1817626953125,393.46063232421875,836.7926025390625,393.45501708984375,850.4895629882812,394.8954162597656,834.4979248046875,394.96124267578125,862.660888671875,411.75311279296875,830.12646484375,413.8023681640625,882.525634765625,424.58953857421875,815.81201171875,432.88232421875,891.8823852539062,423.83551025390625,803.1226806640625,440.91534423828125,862.8431396484375,461.92694091796875,837.9849853515625,462.2901306152344,876.26171875,496.184814453125,811.06640625,496.2129821777344,894.1729736328125,535.9005737304688,793.6094970703125,535.801025390625
828.6956787109375,402.6087646484375,831.148681640625,398.8699951171875,825.5347900390625,399.45428466796875,837.75439453125,399.052734375,822.5457763671875,400.5872497558594,850.6334838867188,415.2157287597656,817.7056884765625,419.1682434082031,874.4503784179688,426.24151611328125,803.9855346679688,436.72906494140625,893.1036987304688,428.8195495605469,790.7898559570312,443.306640625,850.0222778320312,466.10931396484375,824.46826171875,468.35882568359375,870.6048583984375,499.9207763671875,801.02685546875,502.17694091796875,890.8485107421875,537.9332275390625,785.038330078125,540.0496215820312
817.857421875,409.2469482421875,820.258056640625,405.5384521484375,815.3347778320312,406.21954345703125,827.971435546875,406.35546875,813.7322998046875,408.1221923828125,840.4066772460938,422.9849853515625,809.73974609375,427.1170349121094,860.6339721679688,434.0875244140625,793.2438354492188,442.0544128417969,870.76123046875,437.82916259765625,779.702880859375,446.0301513671875,837.8411865234375,474.63079833984375,812.7137451171875,476.8173522949219,863.2017822265625,504.5859375,785.789306640625,507.64422607421875,883.3421630859375,540.6546020507812,760.3715209960938,545.1898193359375
817.703369140625,409.16314697265625,820.1200561523438,405.4456787109375,815.184814453125,406.13238525390625,827.88818359375,406.27099609375,813.587158203125,408.05828857421875,840.3758544921875,422.93365478515625,809.581298828125,427.1632080078125,860.7346801757812,434.03143310546875,793.1863403320312,442.232666015625,871.1134033203125,437.84918212890625,779.778076171875,446.1397705078125,837.8300170898438,474.6705322265625,812.6530151367188,476.900390625,863.011962890625,504.61065673828125,785.8455810546875,507.7490234375,882.9120483398438,540.678955078125,760.4434814453125,545.3399658203125
802.349853515625,417.279052734375,805.4942626953125,413.57220458984375,800.6529541015625,413.9631042480469,814.62890625,414.9671630859375,800.5138549804688,416.177978515625,823.0579833984375,433.2452087402344,797.8218383789062,435.538330078125,822.1514892578125,453.6178894042969,780.754150390625,453.6861877441406,801.7879638671875,456.3044128417969,769.43505859375,453.37408447265625,823.7536010742188,483.4271240234375,801.4154052734375,484.76568603515625,846.2942504882812,513.6734619140625,775.3965454101562,516.4736328125,866.459228515625,549.2529296875,754.184814453125,554.2830810546875
792.65673828125,427.0928649902344,796.413818359375,423.8048095703125,790.70849609375,423.71612548828125,804.1796875,425.806396484375,788.809814453125,425.917724609375,807.5540771484375,442.2441101074219,786.1444091796875,445.47271728515625,815.4398803710938,455.43328857421875,775.3917846679688,458.6767272949219,811.72900390625,456.654052734375,767.805419921875,453.0552978515625,807.4605712890625,490.53680419921875,788.359619140625,492.5292663574219,827.75634765625,519.7742309570312,761.926025390625,524.3868408203125,854.70166015625,550.73046875,744.0863647460938,560.581298828125
779.1156005859375,435.0069580078125,782.6654663085938,431.4793395996094,776.6199951171875,431.56024169921875,789.22314453125,433.06817626953125,776.0308837890625,433.65863037109375,798.9193115234375,448.128662109375,774.7916259765625,451.5991516113281,807.4765625,457.446044921875,758.4830932617188,464.7154541015625,790.512451171875,452.7867736816406,741.7127685546875,468.5327453613281,799.3948974609375,496.56591796875,787.8763427734375,498.3884582519531,771.3463134765625,521.8989868164062,793.1453857421875,524.7225341796875,776.334716796875,553.809814453125,824.017822265625,557.6114501953125
771.8958740234375,440.3564453125,775.5927734375,437.04681396484375,770.5006713867188,436.8401184082031,783.7064208984375,439.134521484375,769.0647583007812,439.34552001953125,788.2842407226562,456.1734619140625,764.7921142578125,459.60162353515625,776.8304443359375,475.46478271484375,749.5772705078125,477.0237121582031,743.5223999023438,479.06719970703125,730.4866943359375,479.63201904296875,793.1552124023438,502.0130310058594,772.2462158203125,504.6832580566406,809.5799560546875,522.6370239257812,746.6221923828125,528.2454833984375,839.6284790039062,553.6085205078125,743.3271484375,564.0046997070312
764.621337890625,442.02783203125,768.5015869140625,438.6876525878906,762.662353515625,438.67822265625,776.8551025390625,441.11358642578125,762.0294189453125,441.60540771484375,785.8917846679688,459.13421630859375,758.3713989257812,462.9551696777344,777.9520263671875,478.57183837890625,747.2604370117188,483.1143493652344,743.016357421875,490.25592041015625,727.6265869140625,489.10394287109375,793.1875,504.04876708984375,770.4743041992188,505.34619140625,803.41259765625,523.0618286132812,744.976318359375,527.6491088867188,826.9189453125,551.1480712890625,740.69580078125,560.7109985351562
764.652099609375,442.0528564453125,768.519287109375,438.71063232421875,762.6568603515625,438.708740234375,776.8472900390625,441.18182373046875,761.9638671875,441.673828125,785.9866943359375,459.3619384765625,758.306884765625,463.0338134765625,777.97802734375,478.99383544921875,747.056884765625,483.24114990234375,743.005126953125,490.72412109375,727.8355712890625,489.3984375,793.3067626953125,504.4314880371094,770.483154296875,505.6461181640625,803.38720703125,523.4398803710938,744.828369140625,527.8434448242188,827.0911865234375,551.614990234375,740.8098754882812,560.81103515625
763.9620361328125,440.5037841796875,767.7586669921875,437.16400146484375,761.941162109375,437.11248779296875,774.2352294921875,440.0865783691406,760.8709716796875,440.4989013671875,780.0389404296875,458.279541015625,755.8848266601562,462.77801513671875,770.1315307617188,477.5137939453125,743.7760620117188,484.5135498046875,737.9771728515625,493.34637451171875,722.8886108398438,495.5,787.72119140625,503.55169677734375,767.3359375,505.35772705078125,797.7906494140625,523.7780151367188,743.6852416992188,529.2435302734375,822.564697265625,552.418701171875,740.8885498046875,563.4327392578125
765.26123046875,436.60345458984375,768.3822021484375,432.9600830078125,761.8130493164062,433.4158630371094,773.1390380859375,434.1802978515625,756.470947265625,435.73468017578125,780.9256591796875,448.685546875,749.90380859375,457.7458190917969,802.0098266601562,457.34393310546875,740.024658203125,480.42822265625,809.9603271484375,464.595458984375,725.2461547851562,500.1121826171875,785.194580078125,496.48992919921875,762.5821533203125,500.923583984375,796.010009765625,521.9954833984375,744.9420166015625,528.3196411132812,818.5311279296875,554.50537109375,741.5072021484375,564.8480224609375
763.4788818359375,429.40545654296875,767.0509033203125,425.58917236328125,760.040283203125,425.87567138671875,774.3148193359375,426.99981689453125,754.5143432617188,428.1622314453125,784.6021728515625,444.1729431152344,747.9259643554688,451.81463623046875,809.9061279296875,454.33984375,735.1704711914062,479.74896240234375,822.253173828125,462.4485168457031,725.9546508789062,504.5658874511719,783.8186645507812,493.096435546875,757.8138427734375,496.13262939453125,797.5692138671875,521.9466552734375,742.5828857421875,525.4881591796875,816.1661376953125,556.7044677734375,738.5620727539062,561.3963012695312
766.7770385742188,421.50152587890625,770.47265625,417.850341796875,763.253662109375,417.9139709472656,777.1824951171875,419.98046875,757.3154907226562,420.3026123046875,786.9422607421875,437.2254638671875,747.1363525390625,444.03662109375,806.7742309570312,447.82525634765625,737.462158203125,471.50421142578125,818.2169189453125,453.01776123046875,732.8553466796875,497.75634765625,785.487548828125,486.15765380859375,756.8934326171875,489.67572021484375,805.8240966796875,516.2969360351562,747.2535400390625,520.0906982421875,820.9762573242188,556.1438598632812,742.2088623046875,561.45947265625
767.9019775390625,415.93658447265625,771.1175537109375,411.6393127441406,764.491455078125,412.5919189453125,778.8403930664062,411.0945739746094,759.8477783203125,413.899169921875,792.6103515625,427.0697937011719,751.510009765625,437.06256103515625,816.4647216796875,440.47406005859375,740.1251831054688,466.5257263183594,825.7694091796875,453.7931213378906,735.158447265625,496.80157470703125,790.7772216796875,481.88934326171875,761.68896484375,486.582763671875,809.2796630859375,513.6729736328125,749.5498657226562,518.6253662109375,822.4234619140625,553.9700317382812,741.6717529296875,559.3633422851562
767.7933349609375,416.0420837402344,771.0255126953125,411.74420166015625,764.3916015625,412.6983642578125,778.8212890625,411.2181396484375,759.7981567382812,414.032470703125,792.6798095703125,427.203857421875,751.5103759765625,437.1810302734375,816.5257568359375,440.6014709472656,740.1937866210938,466.56591796875,825.693603515625,453.88360595703125,735.3836669921875,496.6070251464844,790.8133544921875,481.96240234375,761.6674194335938,486.6372985839844,809.2445068359375,513.7537841796875,749.43505859375,518.6900024414062,822.4828491210938,554.1085815429688,741.6883544921875,559.47900390625
772.1189575195312,411.2286071777344,774.89892578125,407.01739501953125,768.1836547851562,408.1204833984375,781.1182250976562,407.01080322265625,762.503662109375,410.02520751953125,793.803955078125,423.2373046875,754.92138671875,432.482666015625,816.67919921875,437.092529296875,744.8953857421875,459.12005615234375,825.3619995117188,450.68475341796875,742.9647827148438,480.75390625,793.6239624023438,477.0647277832031,765.783203125,481.5048828125,810.579833984375,510.28863525390625,752.50341796875,515.58837890625,823.4849853515625,551.1675415039062,742.8173828125,557.4307861328125
772.8072509765625,409.00982666015625,775.6327514648438,404.82818603515625,769.314453125,405.706787109375,782.206787109375,404.325927734375,764.3563232421875,406.85223388671875,794.7645263671875,419.96221923828125,757.1256103515625,427.96002197265625,816.22216796875,434.99859619140625,747.332763671875,454.20269775390625,825.1278076171875,451.3854675292969,742.1318359375,478.5269775390625,794.3406372070312,471.80670166015625,767.4019775390625,475.5775146484375,810.959716796875,507.62603759765625,754.2177734375,512.0784912109375,823.5924682617188,550.3778686523438,744.5880126953125,555.6937255859375
774.5330810546875,408.7927551269531,777.2601928710938,404.6270751953125,770.8834228515625,405.5406494140625,783.626220703125,404.0926513671875,765.63330078125,406.5965576171875,795.7846069335938,419.8790588378906,759.003173828125,427.58538818359375,815.5333251953125,436.30865478515625,750.9176635742188,455.02117919921875,822.62939453125,451.6512451171875,749.0601196289062,479.1395263671875,796.4891357421875,470.6747131347656,769.88427734375,474.3812255859375,813.6729125976562,505.82843017578125,756.031494140625,509.98223876953125,827.5933227539062,548.1480102539062,747.2797241210938,553.0507202148438
778.44091796875,411.29461669921875,781.313720703125,407.3343200683594,774.9849243164062,407.85443115234375,788.1500244140625,407.1484375,769.346435546875,408.58465576171875,799.0859985351562,422.8688049316406,762.5670166015625,428.456787109375,818.0068359375,438.6136474609375,753.8945922851562,454.6644287109375,827.22705078125,455.384765625,750.3692626953125,480.85302734375,797.551513671875,469.29107666015625,770.706298828125,471.77423095703125,816.696044921875,505.0792236328125,755.8486938476562,507.7196960449219,829.5220947265625,547.0245361328125,743.99853515625,550.620361328125
783.2706298828125,410.89129638671875,786.2088623046875,407.2098083496094,779.929443359375,407.419189453125,792.7783203125,407.85888671875,774.0968017578125,408.45989990234375,802.7572631835938,424.6782531738281,767.0918579101562,429.2201843261719,822.1531982421875,439.6533508300781,756.1896362304688,454.896728515625,827.881103515625,452.57806396484375,753.0654296875,481.0943603515625,801.725341796875,473.6179504394531,774.9755859375,475.5665588378906,821.7601318359375,509.8775939941406,757.3612060546875,511.7648620605469,835.5318603515625,550.5035400390625,741.580078125,552.9585571289062
783.3067016601562,410.90301513671875,786.2406005859375,407.2298583984375,779.9558715820312,407.43756103515625,792.7904663085938,407.90106201171875,774.10546875,408.48785400390625,802.70556640625,424.724853515625,767.1304931640625,429.2249450683594,822.0003662109375,439.71734619140625,756.205322265625,454.8527526855469,827.5940551757812,452.40411376953125,753.2459716796875,480.7554016113281,801.7572021484375,473.58251953125,775.0472412109375,475.5160217285156,821.7844848632812,509.851806640625,757.361083984375,511.72650146484375,835.5422973632812,550.5635986328125,741.4241943359375,553.0126342773438
785.5237426757812,409.812255859375,788.5918579101562,406.3768310546875,782.6640014648438,406.3235778808594,795.7752685546875,407.220703125,777.7527465820312,407.15435791015625,806.1154174804688,424.3790283203125,770.8167724609375,427.5544738769531,824.39599609375,441.96697998046875,761.3897705078125,453.79278564453125,830.66064453125,453.2445373535156,761.5792846679688,474.81201171875,804.8245239257812,474.10821533203125,777.8790283203125,475.5166015625,826.9959716796875,510.7431335449219,759.5823364257812,512.1011962890625,840.267578125,549.7305297851562,740.3710327148438,551.3624267578125
792.35693359375,407.04534912109375,795.3917236328125,403.61663818359375,789.6838989257812,403.57958984375,802.727783203125,404.2412109375,784.79296875,404.2706298828125,813.2725830078125,420.4742431640625,776.8031005859375,424.9207763671875,832.27392578125,435.04364013671875,764.825927734375,451.77239990234375,837.712890625,443.3055725097656,763.0929565429688,475.2362060546875,810.6239013671875,470.8587646484375,783.146240234375,472.69476318359375,831.2645874023438,508.29931640625,763.2943725585938,510.25823974609375,841.7581787109375,547.7942504882812,742.078125,550.6915283203125
798.143798828125,406.1499938964844,801.2744140625,402.6864013671875,795.6812744140625,402.822021484375,809.3732299804688,403.1923828125,791.8902587890625,403.6551513671875,820.21875,418.1510009765625,784.4075927734375,423.344482421875,838.756103515625,429.4674072265625,774.8885498046875,449.15106201171875,858.783935546875,436.3045349121094,773.7595825195312,468.2317199707031,814.8123779296875,466.65850830078125,788.138671875,468.7033996582031,832.8206176757812,503.66046142578125,767.9405517578125,505.75750732421875,839.3519897460938,543.81640625,745.4742431640625,546.1712036132812
807.8600463867188,401.76123046875,810.5615844726562,397.826904296875,804.2301635742188,398.5133056640625,816.7779541015625,397.5564880371094,798.6029052734375,399.2489318847656,827.3717041015625,413.60308837890625,791.046875,419.3974609375,849.976318359375,425.8023376464844,778.0889282226562,445.4012145996094,867.3028564453125,434.588134765625,775.381103515625,466.7054443359375,819.1190185546875,465.79541015625,792.2546997070312,467.3577880859375,837.8306884765625,502.85992431640625,774.5462646484375,504.17913818359375,841.3458251953125,545.6258544921875,748.863037109375,546.0009155273438
813.964599609375,398.06298828125,816.6044311523438,394.21356201171875,811.0504150390625,394.7018737792969,823.0072021484375,394.3576354980469,806.365966796875,395.60150146484375,833.366455078125,410.1702880859375,798.0459594726562,414.91357421875,855.5425415039062,421.91876220703125,786.9752197265625,440.59747314453125,874.3588256835938,427.19476318359375,786.2073974609375,459.47052001953125,823.446533203125,463.2995910644531,797.4835205078125,464.32513427734375,841.8511962890625,499.47735595703125,783.97900390625,499.8225402832031,844.44970703125,543.2487182617188,759.7911376953125,542.226806640625
813.892822265625,398.1190185546875,816.5457763671875,394.2627868652344,810.9688720703125,394.7469177246094,822.9981689453125,394.37469482421875,806.2805786132812,395.6077880859375,833.4461059570312,410.19482421875,798.027099609375,414.9229431152344,855.8162841796875,421.8796691894531,786.9797973632812,440.59149169921875,874.9530029296875,427.420654296875,786.04638671875,459.8495178222656,823.6202392578125,463.330078125,797.6273193359375,464.34088134765625,841.873291015625,499.40966796875,784.0030517578125,499.7068176269531,844.4996337890625,543.131591796875,759.9741821289062,542.009521484375
820.1417236328125,394.72454833984375,823.0599975585938,390.6322021484375,816.638671875,391.22430419921875,830.1842651367188,390.41351318359375,811.13916015625,392.01763916015625,842.81005859375,407.1085510253906,803.01416015625,412.128662109375,865.194091796875,419.108642578125,793.3211059570312,437.4979248046875,883.8590698242188,429.092529296875,787.7025146484375,460.4653015136719,832.782470703125,461.1407775878906,804.930419921875,462.1216735839844,844.457763671875,497.7216796875,789.7487182617188,497.99945068359375,843.8594970703125,541.8753662109375,770.629638671875,541.220458984375
823.7694091796875,389.876220703125,826.5419311523438,385.78265380859375,819.90771484375,386.2567138671875,832.5697021484375,386.02685546875,813.4517822265625,387.16912841796875,843.3826904296875,402.6826171875,806.081787109375,407.5470886230469,863.1923828125,412.23748779296875,799.2899169921875,432.26849365234375,874.1976928710938,417.9453125,797.7139892578125,457.0172119140625,836.8203735351562,457.4105224609375,811.329345703125,458.54937744140625,843.428466796875,497.03515625,800.469482421875,497.4194641113281,841.22412109375,541.3123168945312,786.7828369140625,541.47314453125
826.9698486328125,384.6852722167969,829.6263427734375,379.9536437988281,823.2545166015625,380.7584228515625,834.2578125,379.9720458984375,818.24169921875,382.21337890625,844.927734375,398.50726318359375,811.4732666015625,401.47259521484375,858.91748046875,420.3271179199219,801.9014282226562,425.20501708984375,860.86669921875,436.0165100097656,803.9842529296875,439.23199462890625,841.6212158203125,451.0106201171875,819.4332275390625,452.293701171875,849.1370849609375,493.01312255859375,811.8536376953125,494.2160339355469,846.33251953125,537.69921875,801.4660034179688,539.26318359375
831.41064453125,379.8000183105469,833.8541259765625,374.6787414550781,827.4300537109375,375.809326171875,838.40478515625,374.045654296875,822.013916015625,377.18011474609375,847.7557983398438,393.0187683105469,816.62109375,397.0367431640625,861.8258056640625,415.9423828125,805.637939453125,422.044677734375,866.71923828125,439.442138671875,804.4601440429688,443.8204650878906,846.8839111328125,446.16485595703125,827.2283935546875,447.87713623046875,849.4622802734375,492.10357666015625,824.5616455078125,493.3985595703125,849.02978515625,537.4559326171875,821.4296264648438,539.01025390625
833.906005859375,378.52685546875,836.416259765625,373.34759521484375,829.7224731445312,374.58203125,841.40576171875,372.62823486328125,823.8978271484375,376.0621032714844,851.331787109375,391.47784423828125,817.748046875,396.3626403808594,867.3466796875,415.67926025390625,809.286865234375,424.04693603515625,872.4287109375,442.47198486328125,813.14599609375,448.2060546875,851.718017578125,445.7503967285156,830.536376953125,448.0465393066406,855.1053466796875,491.274658203125,830.6805419921875,492.94921875,855.1146240234375,535.4427490234375,830.196533203125,537.466064453125
833.9288330078125,378.48834228515625,836.4466552734375,373.3292236328125,829.7620849609375,374.5441589355469,841.4156494140625,372.638916015625,823.9493408203125,376.0165100097656,851.3162841796875,391.49456787109375,817.7301635742188,396.30157470703125,867.2056884765625,415.7210998535156,809.1641235351562,423.94097900390625,872.2110595703125,442.3917236328125,813.064208984375,448.0426025390625,851.6829833984375,445.7520751953125,830.491943359375,448.01788330078125,855.10693359375,491.28076171875,830.6185913085938,492.9351806640625,855.0880126953125,535.40673828125,830.0966796875,537.405517578125
836.2977294921875,378.11614990234375,838.8582763671875,372.8516845703125,832.044921875,374.162841796875,844.2138671875,371.9378662109375,826.3614501953125,375.50836181640625,854.9635009765625,390.12109375,820.4381103515625,395.41058349609375,873.93701171875,413.6800231933594,812.4468383789062,423.20074462890625,881.6304931640625,440.96881103515625,816.578369140625,447.257080078125,856.02197265625,444.61883544921875,834.53662109375,447.0916442871094,859.9954833984375,488.9803466796875,837.4832153320312,490.7332763671875,861.9841918945312,532.659912109375,840.251708984375,534.6552124023438
842.8916015625,379.9146728515625,845.76611328125,376.1179504394531,839.5098876953125,376.6021728515625,851.4266357421875,377.01165771484375,833.842529296875,378.3941650390625,859.5380859375,392.88714599609375,826.650146484375,400.7230224609375,878.3095703125,404.97528076171875,817.656005859375,427.2184753417969,879.0927734375,411.4910888671875,820.2879638671875,446.61798095703125,860.28466796875,447.6206359863281,839.1263427734375,451.8641357421875,869.2128295898438,487.35650634765625,842.8206787109375,492.6885681152344,876.8018798828125,529.2901611328125,845.759521484375,537.1638793945312
848.50634765625,386.1244812011719,851.3706665039062,381.8828430175781,845.0799560546875,382.5260925292969,856.3291625976562,382.34674072265625,839.4639892578125,384.2123107910156,864.8325805664062,399.854736328125,830.1561279296875,407.5523681640625,881.6734619140625,413.92401123046875,821.860107421875,437.1645812988281,889.026123046875,427.6315612792969,826.7415161132812,460.1900939941406,864.5390625,451.57781982421875,840.8457641601562,455.7417297363281,881.87548828125,488.0140686035156,844.9981689453125,493.37176513671875,892.810791015625,530.455078125,848.9642333984375,538.6049194335938
856.0819702148438,388.9569396972656,858.6866455078125,384.95220947265625,852.5054931640625,385.51617431640625,861.7996826171875,385.8410339355469,845.374267578125,387.50054931640625,867.6395874023438,402.397216796875,833.7299194335938,413.0111083984375,884.7269287109375,416.4232177734375,826.1021728515625,446.4266052246094,888.4674682617188,424.2820129394531,829.3738403320312,466.93438720703125,868.6102294921875,456.30084228515625,845.3300170898438,462.325439453125,888.80810546875,490.5233154296875,850.5306396484375,499.04486083984375,898.1632690429688,528.9790649414062,851.7720336914062,542.4237060546875
858.4638061523438,390.6629638671875,861.352294921875,386.84808349609375,855.6414184570312,387.20916748046875,865.7574462890625,387.8359375,850.2595825195312,389.1737060546875,871.8143920898438,404.5899353027344,839.05615234375,413.82037353515625,885.97314453125,419.96710205078125,831.03662109375,445.38787841796875,888.387939453125,429.5982971191406,830.3856811523438,465.847412109375,871.9608154296875,457.24737548828125,849.1041870117188,462.54107666015625,894.0487060546875,492.1961975097656,853.6631469726562,499.863525390625,905.8244018554688,528.9434204101562,854.7163696289062,541.5396728515625
858.4381103515625,390.5755615234375,861.3291015625,386.7691650390625,855.618896484375,387.1214599609375,865.738037109375,387.78912353515625,850.2294921875,389.0992126464844,871.7473754882812,404.5456237792969,839.02685546875,413.8218994140625,885.759521484375,419.7182922363281,830.98046875,445.575439453125,887.8815307617188,428.528564453125,830.4362182617188,466.0082702636719,871.9935302734375,457.375,849.1334838867188,462.67901611328125,894.19873046875,492.37164306640625,853.7432861328125,500.01104736328125,905.972412109375,529.1624145507812,854.6361694335938,541.6883544921875
860.7039794921875,388.04071044921875,863.3571166992188,384.1566162109375,857.8562622070312,384.86163330078125,868.0780029296875,385.339599609375,852.7512817382812,387.5356750488281,876.9589233398438,403.11676025390625,843.0462646484375,409.78173828125,893.560791015625,424.497314453125,839.2969970703125,430.5098876953125,894.073486328125,445.80316162109375,851.775634765625,428.3072509765625,879.25,453.4624328613281,854.9892578125,458.470458984375,896.3511962890625,487.8292236328125,851.3494873046875,496.67431640625,907.8538818359375,524.775634765625,850.96533203125,539.4446411132812
865.2973022460938,384.3318786621094,868.324951171875,380.38861083984375,862.103515625,380.72137451171875,873.147216796875,381.4261779785156,856.240966796875,382.517578125,880.4716186523438,399.81298828125,845.4808349609375,406.3463134765625,893.189208984375,419.9777526855469,840.16552734375,434.5992736816406,895.924560546875,441.2869873046875,841.5177612304688,453.87335205078125,880.3431396484375,451.77716064453125,855.791259765625,455.8014221191406,897.6403198242188,490.5069580078125,853.6654052734375,497.20648193359375,908.9412841796875,528.1353759765625,854.5635986328125,540.2839965820312
872.4813232421875,383.5125732421875,875.2963256835938,378.71905517578125,868.5122680664062,379.2071533203125,878.9625244140625,379.1395263671875,861.771240234375,380.3995361328125,884.8247680664062,398.3516845703125,853.4017333984375,400.690673828125,896.659423828125,422.6815185546875,846.0806884765625,427.84881591796875,900.3582763671875,444.171875,851.7938232421875,448.2529296875,882.8406982421875,447.51458740234375,861.3470458984375,449.05133056640625,897.3270263671875,485.9947509765625,856.4361572265625,487.14520263671875,903.4344482421875,529.2636108398438,853.1277465820312,530.8521118164062
873.9530029296875,384.60357666015625,877.0999755859375,379.984130859375,870.7692260742188,380.26373291015625,882.301513671875,380.21612548828125,865.8905639648438,381.1299133300781,890.2168579101562,398.5181579589844,859.8548583984375,400.32171630859375,903.4420166015625,421.6651611328125,852.0277099609375,425.4456787109375,907.14404296875,443.975830078125,852.44091796875,446.08441162109375,886.2874755859375,447.65362548828125,865.5643310546875,448.4032287597656,899.0731201171875,487.4761962890625,857.3289794921875,487.9761657714844,906.0697021484375,528.734130859375,852.7713623046875,529.4661865234375
875.74951171875,383.17767333984375,878.7396240234375,379.77899169921875,873.22216796875,379.5330810546875,884.8829345703125,380.3837890625,868.7435302734375,379.9013671875,894.1793212890625,398.208740234375,861.1270751953125,398.8649597167969,907.1039428710938,417.7484130859375,853.8109130859375,422.04803466796875,910.84423828125,436.21185302734375,851.555419921875,445.1094970703125,890.2781982421875,448.0296630859375,867.0382690429688,448.2109680175781,901.1742553710938,487.7066345214844,857.1329956054688,487.7200012207031,915.021484375,526.0755615234375,856.5364379882812,526.4364013671875
875.7474975585938,383.25787353515625,878.7391357421875,379.85296630859375,873.218017578125,379.6070556640625,884.8657836914062,380.4216613769531,868.71923828125,379.941650390625,894.1268920898438,398.19805908203125,861.06591796875,398.87420654296875,907.0880126953125,417.6898193359375,853.7792358398438,422.079833984375,910.8695068359375,436.1661071777344,851.4788818359375,445.24908447265625,890.13427734375,448.0830078125,866.8968505859375,448.27178955078125,901.0103759765625,487.69903564453125,857.045166015625,487.7249755859375,914.9716186523438,525.937255859375,856.6276245117188,526.3402099609375
877.47412109375,383.91754150390625,880.8297729492188,380.6205139160156,875.5973510742188,380.15594482421875,888.1397094726562,381.4875183105469,872.794677734375,380.63604736328125,897.7813720703125,399.47357177734375,865.9368896484375,398.994140625,909.608154296875,420.25531005859375,858.1585693359375,421.07037353515625,915.2196044921875,442.10211181640625,853.765380859375,443.8089599609375,891.62158203125,447.7127685546875,869.3095092773438,447.19134521484375,900.0087890625,486.42486572265625,857.7808837890625,485.5476379394531,915.6240234375,523.205810546875,859.5838623046875,521.754150390625
878.7772216796875,383.68328857421875,882.088134765625,380.3665466308594,876.9561767578125,379.82647705078125,889.23388671875,380.9195251464844,875.2518310546875,379.8536682128906,899.0923461914062,398.29705810546875,869.9317626953125,397.3515930175781,911.461181640625,420.9148864746094,863.1021728515625,421.025146484375,915.6976318359375,442.52001953125,855.9681396484375,444.6671142578125,895.2467651367188,446.7203369140625,874.88818359375,445.7710876464844,898.9149169921875,485.12017822265625,859.7276611328125,483.71124267578125,916.0068359375,521.992919921875,863.184814453125,519.6463012695312
876.257080078125,378.7057800292969,879.984130859375,375.6514892578125,875.08837890625,374.9219970703125,888.524658203125,377.359619140625,876.3094482421875,375.91815185546875,898.959228515625,396.9005126953125,872.469482421875,394.1474304199219,912.1890869140625,419.87664794921875,865.058837890625,415.90472412109375,917.66796875,440.0032653808594,856.148681640625,438.3680419921875,895.3291625976562,446.9176025390625,877.0709228515625,445.0240478515625,898.4500122070312,485.9660339355469,863.35595703125,483.2410583496094,918.5601806640625,519.9375,870.3663330078125,515.7777099609375
875.3457641601562,371.87872314453125,879.1089477539062,368.8426513671875,873.97705078125,368.03021240234375,886.712890625,371.53314208984375,874.7950439453125,369.9873046875,896.510009765625,391.7235107421875,870.8251953125,389.6833190917969,912.620361328125,414.9913330078125,864.1109619140625,411.769775390625,919.6380615234375,435.08929443359375,854.6661376953125,430.02044677734375,895.3199462890625,442.86248779296875,878.1661376953125,441.656494140625,896.5860595703125,481.2140808105469,867.887939453125,479.9127197265625,916.398193359375,515.7620849609375,877.0801391601562,513.5776977539062
877.3181762695312,364.49237060546875,880.7545166015625,361.425048828125,875.677001953125,360.6363525390625,887.47119140625,364.9169921875,876.4059448242188,363.26776123046875,896.7076416015625,386.93206787109375,872.7021484375,383.20269775390625,911.5695190429688,412.1408386230469,862.7642822265625,403.8029479980469,918.9948120117188,433.91546630859375,849.4713134765625,420.2734680175781,896.248046875,436.5919189453125,880.6118774414062,434.7243347167969,899.4168090820312,475.278564453125,873.9006958007812,473.0506896972656,917.401611328125,513.6007080078125,882.4290161132812,509.657958984375
877.3521728515625,364.44744873046875,880.7860107421875,361.37890625,875.6976928710938,360.5859375,887.4559326171875,364.8782043457031,876.4044189453125,363.2143249511719,896.6226806640625,386.9061584472656,872.722412109375,383.1639404296875,911.517333984375,412.134521484375,862.774658203125,403.85186767578125,919.0237426757812,433.7888488769531,849.374755859375,420.47308349609375,896.2149658203125,436.63653564453125,880.6561279296875,434.7669982910156,899.388671875,475.41387939453125,874.0065307617188,473.150390625,917.5698852539062,513.708740234375,882.7020263671875,509.6809387207031
874.4490966796875,359.6416015625,877.7737426757812,356.1111145019531,872.6239013671875,355.5758972167969,885.8171997070312,357.7645568847656,873.4320068359375,356.629150390625,897.4945068359375,378.67431640625,871.560546875,375.15533447265625,910.9700317382812,405.5360107421875,866.2838134765625,398.4516906738281,915.9827880859375,430.6015319824219,858.7298583984375,420.79449462890625,896.8992919921875,429.8365173339844,879.6241455078125,427.843017578125,902.4501953125,471.4005126953125,873.5905151367188,468.1308288574219,918.6318969726562,515.215087890625,881.8310546875,508.7880859375
874.5654296875,360.06805419921875,877.7510375976562,356.5133972167969,872.23046875,356.2035827636719,885.025390625,357.67303466796875,871.6336669921875,357.15069580078125,895.9906005859375,377.65838623046875,869.4974365234375,374.16778564453125,909.0631103515625,403.47271728515625,862.5345458984375,392.7447509765625,911.1666259765625,426.172119140625,854.1659545898438,404.6615295410156,895.4010009765625,428.17242431640625,878.0286254882812,426.4302062988281,902.1146850585938,468.1141662597656,875.9666748046875,465.9033508300781,918.570068359375,510.5391845703125,885.4454956054688,506.5556945800781
873.5462036132812,354.25445556640625,876.914306640625,350.7474365234375,871.5840454101562,349.92236328125,882.9413452148438,352.8804931640625,871.712646484375,351.16143798828125,890.9581298828125,372.19049072265625,871.4972534179688,370.7601013183594,902.7255249023438,399.61163330078125,875.7479248046875,399.07745361328125,896.0594482421875,422.483154296875,875.1651611328125,423.7132568359375,894.0531005859375,422.9168701171875,880.6638793945312,422.26556396484375,896.503173828125,465.6591796875,876.3167724609375,464.29156494140625,918.0172119140625,508.104248046875,891.5740356445312,503.7461242675781
874.3380126953125,348.3827819824219,877.6726684570312,345.08636474609375,872.5673217773438,344.0878601074219,883.519775390625,347.5799560546875,872.8590087890625,345.34027099609375,891.4890747070312,367.00091552734375,871.63037109375,364.46929931640625,900.9365844726562,393.2454833984375,876.6719970703125,389.08770751953125,889.7158203125,407.3919982910156,876.432861328125,403.07769775390625,894.8959350585938,420.85028076171875,880.5009155273438,419.7726745605469,899.5387573242188,464.76055908203125,875.505126953125,463.35064697265625,919.2666015625,505.8756408691406,885.2173461914062,502.6202087402344
874.4082641601562,344.66729736328125,877.968505859375,341.73004150390625,874.0204467773438,340.70220947265625,884.5118408203125,344.81500244140625,877.5841064453125,342.73504638671875,890.1476440429688,361.00286865234375,874.9381103515625,360.28314208984375,887.7825927734375,376.33441162109375,866.5859375,377.9759216308594,868.8416748046875,370.36090087890625,850.5430297851562,381.1385192871094,892.76611328125,415.82867431640625,881.84814453125,415.465576171875,892.41650390625,460.4530334472656,876.6293334960938,460.380859375,915.6533203125,499.1961669921875,890.00244140625,498.6470947265625
874.2720947265625,344.7627258300781,877.8819580078125,341.83380126953125,873.8512573242188,340.8199462890625,884.542236328125,344.92462158203125,877.2866821289062,342.9008483886719,890.1817016601562,361.03399658203125,874.6166381835938,360.55877685546875,887.7372436523438,375.813232421875,866.1201171875,378.11737060546875,868.595458984375,369.43157958984375,849.8853759765625,381.4112548828125,892.8170166015625,416.0028991699219,881.614501953125,415.751953125,892.6455688476562,460.49029541015625,876.3099365234375,460.5728759765625,916.0452880859375,499.1298522949219,889.5123291015625,498.8592529296875
877.9774169921875,341.0540771484375,880.8568725585938,337.8712463378906,877.816650390625,337.0657043457031,886.2340087890625,340.04473876953125,881.80908203125,338.4828186035156,892.6435546875,356.3701171875,877.3152465820312,356.51885986328125,887.7647705078125,374.2405700683594,867.5390625,376.3699035644531,862.2442016601562,370.76385498046875,845.830810546875,378.3485412597656,893.6083374023438,413.17999267578125,882.901611328125,413.1090087890625,893.0123291015625,456.685302734375,877.467529296875,457.7470703125,911.3757934570312,493.94110107421875,889.828369140625,495.5647888183594
881.0433349609375,329.29327392578125,883.1888427734375,325.6619873046875,880.7338256835938,325.09259033203125,886.6490478515625,327.4949951171875,885.5059204101562,326.21624755859375,891.9113159179688,344.3194580078125,882.200927734375,343.047607421875,888.4776611328125,365.4503173828125,876.8876953125,363.00799560546875,871.0383911132812,363.9879455566406,863.3551025390625,360.31329345703125,890.6741943359375,402.533203125,884.795166015625,401.87298583984375,888.2344970703125,448.95263671875,884.8485717773438,448.7251281738281,900.05322265625,491.524658203125,898.263671875,490.0862731933594
882.1873779296875,323.95135498046875,884.0059204101562,320.07061767578125,882.135009765625,319.7186584472656,887.1463623046875,321.82958984375,890.8932495117188,320.818603515625,890.4378662109375,340.3090515136719,890.5317993164062,337.9276123046875,881.0817260742188,364.5655517578125,880.6982421875,359.752197265625,866.6195068359375,364.16473388671875,861.5438232421875,356.721435546875,886.44091796875,397.32293701171875,888.6516723632812,395.8896484375,881.232666015625,444.25738525390625,890.43212890625,442.75,889.1802978515625,487.21221923828125,907.4866943359375,482.9586181640625
