x0,y0,x1,y1,x2,y2,x3,y3,x4,y4,x5,y5,x6,y6,x7,y7,x8,y8,x9,y9,x10,y10,x11,y11,x12,y12,x13,y13,x14,y14,x15,y15,x16,y16
0.0,0.0,0.0,0.0,0.0,0.0,0.0,0.0,0.0,0.0,0.0,0.0,0.0,0.0,0.0,0.0,0.0,0.0,0.0,0.0,0.0,0.0,0.0,0.0,0.0,0.0,0.0,0.0,0.0,0.0,0.0,0.0,0.0,0.0
0.0,0.0,0.0,0.0,0.0,0.0,0.0,0.0,0.0,0.0,0.0,0.0,0.0,0.0,0.0,0.0,0.0,0.0,0.0,0.0,0.0,0.0,0.0,0.0,0.0,0.0,0.0,0.0,0.0,0.0,0.0,0.0,0.0,0.0
0.0,0.0,0.0,0.0,0.0,0.0,0.0,0.0,0.0,0.0,0.0,0.0,0.0,0.0,0.0,0.0,0.0,0.0,0.0,0.0,0.0,0.0,0.0,0.0,0.0,0.0,0.0,0.0,0.0,0.0,0.0,0.0,0.0,0.0
0.0,0.0,0.0,0.0,0.0,0.0,0.0,0.0,0.0,0.0,0.0,0.0,0.0,0.0,0.0,0.0,0.0,0.0,0.0,0.0,0.0,0.0,0.0,0.0,0.0,0.0,0.0,0.0,0.0,0.0,0.0,0.0,0.0,0.0
0.0,0.0,0.0,0.0,0.0,0.0,0.0,0.0,0.0,0.0,0.0,0.0,0.0,0.0,0.0,0.0,0.0,0.0,0.0,0.0,0.0,0.0,0.0,0.0,0.0,0.0,0.0,0.0,0.0,0.0,0.0,0.0,0.0,0.0
0.0,0.0,0.0,0.0,0.0,0.0,0.0,0.0,0.0,0.0,0.0,0.0,0.0,0.0,0.0,0.0,0.0,0.0,0.0,0.0,0.0,0.0,0.0,0.0,0.0,0.0,0.0,0.0,0.0,0.0,0.0,0.0,0.0,0.0
0.0,0.0,0.0,0.0,0.0,0.0,0.0,0.0,0.0,0.0,0.0,0.0,0.0,0.0,0.0,0.0,0.0,0.0,0.0,0.0,0.0,0.0,0.0,0.0,0.0,0.0,0.0,0.0,0.0,0.0,0.0,0.0,0.0,0.0
1105.3309326171875,385.61041259765625,1108.391357421875,382.147705078125,1101.7037353515625,382.072509765625,1111.9908447265625,383.70318603515625,1094.0458984375,383.41412353515625,1116.3846435546875,403.1549377441406,1083.74169921875,403.07305908203125,1122.4215087890625,424.9556579589844,1073.7510986328125,427.94439697265625,1115.002197265625,436.77203369140625,1086.114501953125,444.7178649902344,1109.8658447265625,450.72515869140625,1089.81103515625,450.85064697265625,1109.921142578125,485.69781494140625,1094.097412109375,485.4218444824219,1112.59619140625,518.0399169921875,1107.51171875,518.1239624023438
1106.1610107421875,389.70672607421875,1108.999755859375,386.344482421875,1102.959228515625,386.028076171875,1112.327880859375,387.5423583984375,1095.75634765625,386.4416198730469,1116.626708984375,406.0756530761719,1083.646484375,404.685546875,1122.044921875,427.0102844238281,1071.0230712890625,426.95758056640625,1117.8636474609375,438.75250244140625,1083.1202392578125,444.6980895996094,1107.5107421875,452.7644348144531,1085.7398681640625,452.3209228515625,1110.0843505859375,488.72796630859375,1080.1434326171875,487.7684326171875,1113.791748046875,524.2378540039062,1084.548828125,523.4813232421875
1105.908935546875,391.98834228515625,1108.990234375,388.8086242675781,1103.010986328125,388.3592529296875,1113.146240234375,390.3921203613281,1096.288818359375,389.010498046875,1117.9013671875,409.90234375,1083.69091796875,406.876953125,1122.6895751953125,432.87896728515625,1069.9178466796875,428.88018798828125,1117.056396484375,444.62249755859375,1081.587646484375,445.183837890625,1105.552490234375,456.06195068359375,1082.3603515625,454.66339111328125,1110.72021484375,487.79498291015625,1074.3203125,485.4930725097656,1116.0135498046875,522.8666381835938,1076.586669921875,520.3753662109375
1105.7530517578125,396.1689147949219,1108.676025390625,393.21435546875,1102.897216796875,392.70098876953125,1112.332275390625,394.78192138671875,1096.056884765625,393.32763671875,1117.249755859375,412.838134765625,1082.9686279296875,410.1715393066406,1125.156982421875,429.91143798828125,1066.7650146484375,428.89031982421875,1121.6640625,431.6298522949219,1074.88818359375,439.17535400390625,1103.074462890625,459.2608337402344,1079.6474609375,457.80419921875,1111.0089111328125,490.6506042480469,1071.0135498046875,488.0023498535156,1117.4365234375,525.9388427734375,1070.393798828125,522.2880859375
1105.70263671875,396.3417663574219,1108.6038818359375,393.3818664550781,1102.8453369140625,392.8841857910156,1112.2379150390625,394.9256286621094,1096.010498046875,393.5094909667969,1117.1778564453125,412.90948486328125,1082.9703369140625,410.31243896484375,1125.08154296875,429.85986328125,1066.804443359375,429.01483154296875,1121.59130859375,431.6225280761719,1075.0001220703125,439.421630859375,1103.09228515625,459.2657775878906,1079.7086181640625,457.8386535644531,1111.017578125,490.6546630859375,1071.059326171875,488.0374755859375,1117.46240234375,525.8865966796875,1070.4215087890625,522.271728515625
1105.0565185546875,398.9674072265625,1107.593017578125,395.8787841796875,1102.1002197265625,395.4864807128906,1110.3841552734375,396.7394714355469,1094.986328125,395.202392578125,1115.7447509765625,412.65478515625,1080.501708984375,411.4750671386719,1126.3507080078125,426.87957763671875,1063.81103515625,432.8702392578125,1129.65185546875,425.4694519042969,1075.192626953125,445.634033203125,1101.0078125,459.9207458496094,1076.6527099609375,459.1791687011719,1110.9805908203125,492.3697509765625,1071.24169921875,490.6026611328125,1116.8759765625,529.918701171875,1069.262451171875,527.3109130859375
1097.664306640625,401.60455322265625,1100.6075439453125,398.5459899902344,1095.1142578125,398.0667724609375,1104.982177734375,399.15093994140625,1088.861083984375,397.8111877441406,1111.061279296875,413.8783264160156,1075.376220703125,413.403076171875,1127.188232421875,425.89947509765625,1059.792236328125,432.2974853515625,1137.1385498046875,425.2587890625,1071.629638671875,440.22772216796875,1096.831787109375,461.48260498046875,1072.1234130859375,461.2887268066406,1107.8336181640625,492.7186279296875,1063.40625,491.7462158203125,1120.268798828125,533.208251953125,1063.0751953125,531.8582763671875
1093.5174560546875,402.26031494140625,1096.641845703125,399.02923583984375,1090.605224609375,398.638427734375,1101.3221435546875,399.73602294921875,1083.916748046875,398.47613525390625,1106.8133544921875,414.5697021484375,1070.875244140625,415.35205078125,1125.5186767578125,424.72015380859375,1056.396484375,433.864990234375,1139.23876953125,425.2667541503906,1071.977294921875,439.64532470703125,1094.663818359375,463.60150146484375,1069.4635009765625,464.3068542480469,1107.1796875,495.84979248046875,1059.72705078125,496.69561767578125,1119.07958984375,536.75341796875,1055.72216796875,538.6783447265625
1087.40087890625,403.51849365234375,1090.5865478515625,400.20367431640625,1084.516357421875,399.8768310546875,1095.102294921875,400.614501953125,1078.15966796875,399.7449645996094,1100.375,414.82159423828125,1065.3692626953125,416.83343505859375,1119.80908203125,423.62469482421875,1052.197509765625,435.44830322265625,1140.38134765625,427.48797607421875,1058.25390625,445.67919921875,1089.5628662109375,463.0093994140625,1065.138427734375,464.2396545410156,1103.15478515625,499.157958984375,1056.11328125,500.756103515625,1115.2362060546875,539.6376342773438,1051.0498046875,542.9178466796875
1087.3944091796875,403.5047607421875,1090.589599609375,400.1820373535156,1084.49755859375,399.856689453125,1095.10595703125,400.62066650390625,1078.09814453125,399.76019287109375,1100.3656005859375,414.822509765625,1065.263427734375,416.92877197265625,1119.8310546875,423.55401611328125,1052.1605224609375,435.64593505859375,1140.0361328125,427.34393310546875,1058.336181640625,445.9234619140625,1089.48974609375,462.94915771484375,1064.9833984375,464.23370361328125,1103.1923828125,498.9759521484375,1056.0811767578125,500.66485595703125,1115.4501953125,539.5625,1051.2015380859375,543.0076904296875
1081.3109130859375,408.4444580078125,1084.787109375,404.855712890625,1078.196044921875,404.58123779296875,1089.653076171875,404.7977294921875,1071.338134765625,404.056640625,1095.1785888671875,417.7422180175781,1057.7069091796875,421.72802734375,1116.6126708984375,423.8675537109375,1042.19970703125,441.06207275390625,1132.48779296875,424.01470947265625,1049.17724609375,453.5120544433594,1085.4908447265625,466.76446533203125,1059.97216796875,469.247802734375,1097.68798828125,502.49627685546875,1053.742431640625,505.8540344238281,1109.761474609375,543.91015625,1051.7269287109375,549.8643188476562
1077.079345703125,412.0933837890625,1080.332275390625,408.60821533203125,1073.826171875,408.58172607421875,1085.3743896484375,408.5708312988281,1067.0950927734375,408.6324462890625,1091.318359375,421.37335205078125,1054.5361328125,425.4311828613281,1111.66162109375,426.46124267578125,1041.03271484375,441.6815185546875,1128.973876953125,426.1729431152344,1038.693603515625,448.340576171875,1078.50634765625,467.01007080078125,1053.701904296875,469.11907958984375,1092.612060546875,504.818603515625,1051.484375,508.0697021484375,1101.5716552734375,545.0963745117188,1048.902099609375,551.7987670898438
1069.089599609375,415.8775634765625,1073.156005859375,411.99188232421875,1066.561279296875,411.6184387207031,1078.65283203125,413.8332824707031,1061.920654296875,412.66571044921875,1081.743408203125,432.56658935546875,1055.139892578125,429.967529296875,1079.333251953125,454.4057922363281,1038.5311279296875,447.37884521484375,1070.0062255859375,454.29180908203125,1033.081298828125,451.4132995605469,1072.07763671875,478.8404541015625,1053.2591552734375,477.4454040527344,1080.6502685546875,510.48809814453125,1046.024658203125,509.37744140625,1090.1697998046875,553.9703369140625,1047.14599609375,552.3141479492188
1062.857666015625,418.48980712890625,1066.392822265625,414.7994384765625,1060.5462646484375,414.6412353515625,1071.8240966796875,417.330322265625,1056.3353271484375,416.97772216796875,1075.184814453125,436.95758056640625,1051.19287109375,435.1952819824219,1071.0467529296875,460.4933166503906,1037.966552734375,454.460205078125,1054.3768310546875,461.361572265625,1035.075439453125,458.981689453125,1068.889404296875,483.79443359375,1052.2603759765625,482.5906982421875,1067.1513671875,514.8681030273438,1044.67333984375,513.72216796875,1074.7109375,558.09716796875,1051.606689453125,556.348388671875
1058.920166015625,418.7751159667969,1062.2705078125,415.07061767578125,1056.1622314453125,414.8894348144531,1066.8577880859375,417.5152587890625,1050.9273681640625,416.91143798828125,1069.611328125,437.32525634765625,1044.84326171875,435.70166015625,1069.515625,461.6789245605469,1032.1988525390625,456.7649230957031,1061.0440673828125,470.85272216796875,1028.80712890625,468.96905517578125,1064.133056640625,483.39630126953125,1047.623291015625,482.6766357421875,1066.7205810546875,516.2782592773438,1046.5322265625,515.652099609375,1073.4481201171875,558.3781127929688,1052.8651123046875,557.1370849609375
1058.986328125,418.73980712890625,1062.3568115234375,415.04364013671875,1056.2333984375,414.8407287597656,1066.953125,417.5316162109375,1050.994873046875,416.87091064453125,1069.59814453125,437.4057312011719,1044.840087890625,435.690673828125,1069.3751220703125,461.72918701171875,1032.256591796875,456.67510986328125,1060.61669921875,470.27960205078125,1029.1484375,468.29510498046875,1063.804931640625,483.62939453125,1047.3626708984375,482.8553466796875,1065.7706298828125,516.8500366210938,1046.4945068359375,516.187744140625,1072.185791015625,558.9695434570312,1053.04248046875,557.6826782226562
1055.880859375,416.29498291015625,1059.3485107421875,412.54608154296875,1052.8804931640625,412.6907043457031,1065.1910400390625,413.4073791503906,1048.095703125,413.95587158203125,1070.30419921875,429.9412841796875,1038.3427734375,433.3270568847656,1075.6544189453125,444.52825927734375,1022.9639282226562,452.6571044921875,1070.6771240234375,453.95404052734375,1008.9116821289062,470.5350036621094,1061.8515625,476.8662414550781,1040.63330078125,478.7190856933594,1071.3564453125,511.2738037109375,1042.421875,514.6171264648438,1078.930419921875,549.9129638671875,1045.92626953125,558.0469970703125
1054.950439453125,411.57940673828125,1057.5396728515625,407.6282958984375,1050.98681640625,407.990234375,1060.962646484375,407.3081359863281,1043.7427978515625,408.19744873046875,1068.119384765625,421.8631896972656,1032.910888671875,426.94036865234375,1087.824951171875,432.1399841308594,1017.8388061523438,450.0918273925781,1099.3831787109375,434.7796630859375,1006.3829956054688,470.40765380859375,1060.4984130859375,471.91943359375,1039.142822265625,474.381103515625,1066.0693359375,509.925537109375,1041.3851318359375,512.3038330078125,1066.44677734375,554.7574462890625,1044.1146240234375,558.2291870117188
1050.6658935546875,407.1785888671875,1053.61083984375,403.1589660644531,1046.941650390625,403.23651123046875,1057.666748046875,402.6867370605469,1039.968994140625,402.7958679199219,1063.61474609375,418.11517333984375,1029.44482421875,421.64776611328125,1084.410400390625,430.00262451171875,1013.430908203125,444.3270263671875,1102.709716796875,442.09033203125,1004.0726318359375,468.63470458984375,1057.01416015625,469.80194091796875,1036.69091796875,471.6638488769531,1060.8956298828125,510.708984375,1039.24462890625,512.6903076171875,1060.832763671875,556.0623779296875,1041.7943115234375,559.0874633789062
1044.7110595703125,401.95281982421875,1047.638916015625,398.1650390625,1041.322998046875,398.202880859375,1051.5635986328125,398.108154296875,1035.27880859375,398.33587646484375,1058.6624755859375,414.6070861816406,1025.5478515625,417.317626953125,1077.036376953125,429.94537353515625,1011.215087890625,439.992431640625,1090.012939453125,440.04425048828125,1002.1431884765625,466.90362548828125,1051.2513427734375,465.69287109375,1030.970703125,467.2579650878906,1052.456787109375,508.9790954589844,1032.998291015625,509.90069580078125,1054.347412109375,553.8780517578125,1037.89306640625,554.618896484375
1039.5576171875,400.0992431640625,1041.7315673828125,395.5036926269531,1036.2841796875,396.28851318359375,1045.9224853515625,395.3253173828125,1030.7237548828125,397.3168029785156,1055.66552734375,413.309814453125,1021.130126953125,415.79583740234375,1073.3214111328125,433.9054870605469,1006.261474609375,437.99078369140625,1080.01953125,453.21697998046875,1002.3741455078125,456.4347839355469,1048.653564453125,465.26837158203125,1027.750244140625,466.3276062011719,1048.8389892578125,508.11944580078125,1027.8681640625,508.91217041015625,1049.6090087890625,551.0528564453125,1028.6009521484375,552.017822265625
1039.413330078125,400.1759948730469,1041.5975341796875,395.5777587890625,1036.1676025390625,396.3631896972656,1045.881103515625,395.358154296875,1030.6781005859375,397.358154296875,1055.7125244140625,413.25079345703125,1021.1515502929688,415.77301025390625,1073.64599609375,433.80810546875,1006.3866577148438,438.00970458984375,1080.5975341796875,453.38128662109375,1002.3917236328125,456.61273193359375,1048.5770263671875,465.0870361328125,1027.685791015625,466.1494445800781,1048.72900390625,507.9205627441406,1027.8226318359375,508.7197265625,1049.5380859375,550.9007568359375,1028.5748291015625,551.8698120117188
1030.7333984375,398.7103271484375,1033.294677734375,393.99371337890625,1027.435302734375,394.83929443359375,1038.9759521484375,393.6668701171875,1022.5023193359375,396.0068359375,1049.8243408203125,411.97979736328125,1015.6864013671875,414.70770263671875,1065.924560546875,434.9398498535156,1002.173828125,438.6270751953125,1069.666015625,457.8826904296875,997.961669921875,460.1461181640625,1044.1251220703125,463.4259338378906,1023.0567626953125,464.35162353515625,1044.2791748046875,507.0677490234375,1021.529296875,507.717041015625,1045.481689453125,551.3641967773438,1022.0820922851562,551.8436279296875
1025.385498046875,400.80682373046875,1028.1549072265625,396.47967529296875,1023.1217651367188,396.7195129394531,1034.126953125,396.3392028808594,1019.417236328125,397.22259521484375,1044.93408203125,413.762939453125,1012.74853515625,415.01934814453125,1059.12890625,438.05718994140625,1003.85595703125,439.9770812988281,1057.28955078125,460.96612548828125,1000.4405517578125,461.41912841796875,1037.556884765625,463.9970703125,1016.6689453125,464.1680603027344,1040.462890625,507.2027893066406,1009.3056640625,507.28033447265625,1044.8382568359375,550.66796875,1008.619873046875,550.607177734375
1021.9405517578125,401.41448974609375,1024.969482421875,396.9769287109375,1018.8153076171875,397.3743896484375,1031.1358642578125,397.3429870605469,1014.181396484375,398.57940673828125,1042.0169677734375,415.53936767578125,1006.971923828125,417.2393798828125,1056.9564208984375,440.4927062988281,998.287841796875,443.38604736328125,1055.681640625,463.6628723144531,996.612060546875,464.8887634277344,1035.1519775390625,464.9484558105469,1012.04931640625,465.3768310546875,1037.566650390625,504.3614501953125,1000.7448120117188,504.470703125,1042.7928466796875,548.3350830078125,1000.223388671875,548.3716430664062
1016.2481689453125,403.72015380859375,1019.4541625976562,399.096435546875,1012.993896484375,399.43218994140625,1026.320556640625,399.5799865722656,1008.5811767578125,400.72900390625,1037.4613037109375,419.672119140625,1003.4705810546875,421.01397705078125,1049.4390869140625,447.18951416015625,995.3092041015625,449.0042724609375,1045.3489990234375,473.6978759765625,994.60546875,473.71197509765625,1033.122314453125,469.51422119140625,1010.0762939453125,469.6916198730469,1037.58642578125,507.7567138671875,997.3839111328125,507.6839904785156,1040.1522216796875,549.3329467773438,992.39013671875,549.0193481445312
1011.699462890625,402.5673828125,1014.835205078125,398.55401611328125,1007.5288696289062,398.7706604003906,1020.7337036132812,400.130126953125,1001.4110107421875,400.6031494140625,1033.009765625,423.3477783203125,996.1631469726562,421.500732421875,1045.8482666015625,452.2353515625,990.828125,447.240234375,1046.8797607421875,476.9391174316406,990.002197265625,472.0338134765625,1029.362060546875,474.8277587890625,1003.622802734375,473.1316223144531,1033.37451171875,511.4554138183594,986.2201538085938,507.83453369140625,1047.1768798828125,554.2012329101562,989.7800903320312,547.6881103515625
1011.8472290039062,402.52313232421875,1014.97705078125,398.5006103515625,1007.6322021484375,398.7263488769531,1020.81298828125,400.08795166015625,1001.430908203125,400.5802917480469,1033.095458984375,423.3575439453125,996.164794921875,421.4652099609375,1045.8846435546875,452.2912902832031,990.8395385742188,447.19940185546875,1046.942626953125,476.9374694824219,990.037353515625,472.0440673828125,1029.3973388671875,474.85614013671875,1003.607177734375,473.1283264160156,1033.2847900390625,511.50787353515625,986.134521484375,507.8013610839844,1047.183349609375,554.287841796875,989.9302978515625,547.5983276367188
1003.6701049804688,398.5961608886719,1006.88427734375,394.64813232421875,1000.8150634765625,394.7417907714844,1014.1077880859375,396.29296875,998.744384765625,396.8017578125,1026.164306640625,419.6488037109375,995.0625,418.15936279296875,1041.7025146484375,449.6246337890625,989.0575561523438,442.832275390625,1039.705322265625,470.5816650390625,989.135498046875,457.9774169921875,1020.6044921875,473.1134033203125,998.8109130859375,472.19500732421875,1028.09619140625,511.0778503417969,986.025634765625,508.9736328125,1043.971923828125,555.1083374023438,990.5861206054688,550.7578125
998.9514770507812,394.6416015625,1002.1436767578125,390.8070068359375,995.6463623046875,390.8648986816406,1008.097412109375,393.0129089355469,992.2197265625,393.24957275390625,1018.5692138671875,416.2592468261719,990.322265625,414.29571533203125,1033.2340087890625,445.6077575683594,986.5863647460938,435.7398376464844,1034.38720703125,468.42547607421875,984.03466796875,446.56610107421875,1016.6812744140625,470.17291259765625,996.787109375,469.03265380859375,1019.1343994140625,509.6199645996094,982.9013671875,507.794189453125,1041.2041015625,552.2735595703125,992.504638671875,548.4358520507812
992.844970703125,392.9074401855469,995.927734375,388.93280029296875,989.9759521484375,389.19586181640625,1002.2177124023438,390.1244201660156,987.5700073242188,391.22161865234375,1013.424072265625,410.3748779296875,985.8211669921875,411.54656982421875,1029.99609375,435.459228515625,979.0133056640625,431.81378173828125,1030.471923828125,460.2153625488281,970.3324584960938,443.382568359375,1012.258056640625,466.0474548339844,994.044677734375,466.51300048828125,1009.5196533203125,507.5010681152344,985.1903686523438,508.64794921875,1031.084228515625,547.5346069335938,1000.394775390625,548.2341918945312
986.3768920898438,390.0643310546875,989.5316162109375,386.2081298828125,983.668701171875,386.1580810546875,996.2535400390625,387.3631591796875,982.7393188476562,387.3006591796875,1006.1953125,406.103271484375,981.9490966796875,405.4322509765625,1023.2008056640625,427.90997314453125,973.6846923828125,426.36602783203125,1028.589599609375,447.9525146484375,965.27978515625,441.4148254394531,1007.35400390625,460.2838134765625,992.509521484375,459.56256103515625,1001.03955078125,503.09033203125,985.1148681640625,502.0395812988281,1020.2142333984375,545.36376953125,1001.5746459960938,542.747802734375
978.2550048828125,385.78155517578125,981.2806396484375,381.189697265625,976.2154541015625,381.8463134765625,989.7652587890625,381.23492431640625,973.99951171875,383.4119873046875,1003.274658203125,400.22442626953125,976.14453125,402.81719970703125,1020.1722412109375,423.34478759765625,970.73388671875,425.81982421875,1019.5361328125,438.12432861328125,959.9177856445312,437.27862548828125,1001.1359252929688,454.50347900390625,985.0973510742188,454.8829345703125,995.5382080078125,497.0645751953125,987.3319091796875,497.17791748046875,1005.759765625,541.8868408203125,999.1552734375,540.8988647460938
978.3883666992188,385.6830139160156,981.4074096679688,381.08807373046875,976.3280029296875,381.74658203125,989.8353881835938,381.1236572265625,974.0414428710938,383.2957763671875,1003.312255859375,400.08477783203125,976.0343627929688,402.6625671386719,1020.280517578125,423.0764465332031,970.4148559570312,425.53204345703125,1019.7969970703125,437.6351318359375,959.4970703125,436.8126220703125,1001.0181884765625,454.390869140625,984.9146728515625,454.7688903808594,995.4307861328125,497.0333251953125,987.2237548828125,497.14892578125,1005.5795288085938,541.9146118164062,998.9928588867188,540.9366455078125
974.4713134765625,381.7912902832031,977.15966796875,377.65704345703125,973.7275390625,377.76434326171875,984.521240234375,378.49652099609375,978.14111328125,379.023681640625,990.7447509765625,398.1777648925781,982.9642333984375,398.53765869140625,999.621826171875,420.9233093261719,986.3533935546875,421.2041931152344,1001.1617431640625,438.14581298828125,980.56298828125,436.9488830566406,989.4417724609375,451.5586853027344,985.1873779296875,451.4158630371094,986.033203125,496.21881103515625,985.044921875,496.0760192871094,991.833984375,541.375,989.032958984375,540.5484619140625
965.540283203125,379.128173828125,968.49462890625,374.85418701171875,964.6107788085938,375.165771484375,977.6915283203125,375.3555908203125,966.7054443359375,376.34027099609375,987.519775390625,395.1402587890625,970.117431640625,395.8807373046875,991.7689208984375,421.621826171875,961.991455078125,421.2220458984375,986.116455078125,440.43707275390625,950.163818359375,438.66351318359375,990.1085205078125,449.2535400390625,979.791015625,449.0592041015625,980.110107421875,492.5349426269531,976.21875,492.2781982421875,985.8158569335938,537.8720092773438,982.5408935546875,536.1964111328125
962.3714599609375,380.179443359375,964.960693359375,376.2261962890625,962.4281616210938,376.2305603027344,973.148193359375,377.11932373046875,968.6189575195312,377.34954833984375,979.6060791015625,397.326171875,975.10693359375,396.87060546875,977.3876953125,424.74847412109375,970.0164794921875,422.37811279296875,970.3609619140625,441.7392578125,957.9061889648438,439.002685546875,983.62451171875,451.80767822265625,981.1488037109375,451.02703857421875,971.702880859375,493.74432373046875,972.4212646484375,493.1252746582031,974.7346801757812,538.453369140625,973.842041015625,536.5658569335938
957.857666015625,383.686767578125,959.205078125,379.5169677734375,958.969970703125,379.2084045410156,965.489013671875,379.9904479980469,969.85107421875,379.14459228515625,970.1898193359375,399.6671447753906,979.1002807617188,397.238525390625,964.18798828125,427.40020751953125,977.130859375,422.470458984375,952.331787109375,443.8059997558594,962.819091796875,439.8817138671875,976.005859375,450.14996337890625,982.0645751953125,448.5107116699219,966.8914794921875,496.05999755859375,974.3902587890625,495.1531677246094,967.3087158203125,539.9874267578125,972.2401123046875,537.5713500976562
956.85498046875,389.4168701171875,959.8458251953125,385.1151123046875,954.6483154296875,384.92864990234375,967.3106689453125,386.845703125,956.0994873046875,385.91497802734375,975.20654296875,407.66595458984375,959.51953125,405.7771911621094,988.8221435546875,432.0382080078125,951.5028076171875,426.7255554199219,987.3140258789062,455.10760498046875,943.275146484375,440.3116149902344,979.1156616210938,457.58856201171875,970.8619384765625,455.8828125,956.0596923828125,505.67938232421875,960.4639892578125,504.4485168457031,948.687255859375,554.6441040039062,959.4754028320312,551.349609375
956.95458984375,389.49407958984375,959.9254150390625,385.2076721191406,954.715087890625,385.029052734375,967.3053588867188,386.91839599609375,956.04345703125,386.0096435546875,975.2064208984375,407.7254638671875,959.3450317382812,405.8818359375,989.129638671875,431.90240478515625,951.324951171875,426.77105712890625,987.84912109375,454.60498046875,943.1427612304688,440.1709899902344,978.932861328125,457.8775634765625,970.61962890625,456.19036865234375,956.1348266601562,505.7373962402344,960.615966796875,504.4999694824219,948.6937255859375,554.6397705078125,959.75048828125,551.3385009765625
954.2092895507812,398.174072265625,957.2047119140625,394.1540222167969,953.635009765625,394.4116516113281,966.9959716796875,395.4515380859375,955.5078125,396.602294921875,979.3619384765625,416.86151123046875,957.8553466796875,416.9024658203125,987.7720947265625,444.669921875,950.4915161132812,442.4410400390625,978.3744506835938,463.0106506347656,938.6226806640625,458.90081787109375,973.771484375,470.284912109375,961.177734375,469.08221435546875,958.7135009765625,511.77557373046875,953.5443115234375,510.824462890625,955.24072265625,554.0008544921875,952.76806640625,551.4807739257812
949.4620361328125,401.41387939453125,952.4002075195312,397.382568359375,949.3668823242188,397.618408203125,962.3741455078125,398.222900390625,952.3991088867188,399.4912109375,973.6783447265625,418.19146728515625,956.3406982421875,418.5458679199219,978.681884765625,444.9529724121094,951.583740234375,443.078857421875,967.9059448242188,459.5810852050781,942.4329833984375,455.6210632324219,970.18408203125,470.4255065917969,959.8890380859375,469.4234619140625,955.8121337890625,511.41619873046875,951.4263916015625,510.5244140625,954.2655029296875,553.9173583984375,951.3741455078125,551.4141235351562
945.9942626953125,401.2098083496094,948.56982421875,397.11724853515625,946.500732421875,397.38604736328125,958.0155029296875,397.46337890625,951.2357177734375,398.98858642578125,969.8494262695312,416.3460388183594,957.689453125,417.1275634765625,974.7973022460938,443.5985107421875,957.8665771484375,442.39666748046875,962.74560546875,458.6653747558594,949.8843383789062,454.9792785644531,967.8817138671875,469.03253173828125,960.658203125,468.045654296875,954.024658203125,510.80157470703125,950.9259033203125,509.9176025390625,954.571044921875,554.7471923828125,952.025390625,552.3267822265625
950.513427734375,395.22308349609375,953.4710083007812,391.4162292480469,949.2288818359375,390.78460693359375,960.5820922851562,394.16357421875,952.70458984375,392.29144287109375,966.749267578125,415.29547119140625,954.5391845703125,412.24932861328125,970.3206787109375,440.6809387207031,949.3906860351562,434.8463134765625,958.9183959960938,456.37152099609375,940.8316650390625,447.7032165527344,966.5111083984375,465.533447265625,959.630126953125,463.4093017578125,952.587890625,510.42523193359375,951.5716552734375,508.22021484375,949.042236328125,558.4271240234375,953.062744140625,553.4529418945312
953.497314453125,385.641357421875,956.0501708984375,381.6512451171875,953.1787109375,382.0308837890625,963.5809326171875,382.5953063964844,955.9969482421875,384.1710205078125,972.94189453125,403.27899169921875,959.291748046875,403.9908142089844,973.753173828125,434.2193298339844,955.2438354492188,432.4794616699219,958.85693359375,454.0814208984375,946.531005859375,451.56121826171875,968.7996826171875,458.9373779296875,960.6600341796875,458.0267333984375,957.6058349609375,501.48187255859375,953.1082763671875,500.82965087890625,955.8975830078125,545.0546264648438,953.4622802734375,543.0560913085938
953.5328979492188,385.52325439453125,956.0817260742188,381.5321960449219,953.2470703125,381.9063720703125,963.5836181640625,382.47406005859375,956.1578979492188,384.0304870605469,972.831298828125,403.15008544921875,959.4041748046875,403.843994140625,973.4229736328125,434.05853271484375,955.1702880859375,432.28399658203125,958.702392578125,454.035400390625,946.34619140625,451.5368957519531,968.77685546875,458.69805908203125,960.795654296875,457.79119873046875,957.6177978515625,501.247802734375,953.2362060546875,500.60064697265625,956.0185546875,544.9285888671875,953.6405029296875,542.9239501953125
958.1905517578125,384.87890625,960.671630859375,380.9847106933594,957.53271484375,380.05706787109375,963.1177978515625,383.19207763671875,961.8240966796875,380.84515380859375,963.3349609375,402.432373046875,961.8883666992188,399.65753173828125,961.8023071289062,427.6083984375,957.8577880859375,423.4168701171875,955.66162109375,448.04754638671875,949.161376953125,441.6490173339844,965.821044921875,450.45025634765625,965.8950805664062,448.7253112792969,946.4970703125,493.3857421875,951.3345947265625,491.79364013671875,950.2875366210938,538.81982421875,959.7100830078125,534.382080078125
958.338623046875,382.3352966308594,960.106689453125,378.56121826171875,958.1530151367188,377.5245666503906,961.621826171875,381.0845031738281,965.77783203125,378.01580810546875,962.1646728515625,400.05859375,969.2432861328125,396.0808410644531,958.1456298828125,427.77496337890625,965.23095703125,422.8590087890625,949.2681884765625,447.3280334472656,950.8939208984375,443.90380859375,969.3140258789062,446.2830810546875,975.2184448242188,443.798095703125,944.079345703125,484.8529052734375,953.8887939453125,482.29827880859375,952.0250244140625,528.8385009765625,966.7131958007812,522.4970703125
963.8165283203125,379.18792724609375,963.4055786132812,375.313232421875,963.096435546875,374.694580078125,958.4888305664062,378.1859436035156,968.2122802734375,375.7762756347656,957.61572265625,398.17669677734375,970.5003662109375,394.64794921875,953.7833862304688,427.568603515625,968.706298828125,423.14453125,947.2172241210938,451.2298278808594,956.810791015625,448.58343505859375,967.0677490234375,445.8408508300781,976.8927001953125,443.81964111328125,942.353759765625,482.8265380859375,955.1162109375,480.3278503417969,950.7848510742188,524.486083984375,969.2059936523438,517.9078979492188
959.956787109375,377.64129638671875,959.9476318359375,373.80120849609375,960.11328125,373.05377197265625,957.5985107421875,376.328857421875,968.5010986328125,373.6200256347656,958.6771240234375,395.438232421875,972.7352294921875,391.88446044921875,954.9091796875,424.5837707519531,971.8697509765625,420.43316650390625,946.2685546875,449.17535400390625,958.8338623046875,446.6458740234375,970.5374755859375,444.70159912109375,981.24072265625,442.5299377441406,941.0337524414062,480.5840148925781,957.20361328125,478.3299560546875,948.6329956054688,522.0050659179688,972.0289306640625,515.9677124023438
962.96484375,376.1519775390625,963.6329956054688,372.89874267578125,963.2406005859375,372.5347595214844,962.6482543945312,376.8990783691406,972.6080932617188,375.5235900878906,962.1834716796875,393.5592041015625,974.6380615234375,391.3614807128906,948.6832275390625,402.3250732421875,967.0438842773438,402.05389404296875,943.3431396484375,385.53448486328125,951.0730590820312,391.46990966796875,967.5167236328125,444.412353515625,976.9783935546875,442.58819580078125,942.2132568359375,483.6697998046875,958.1636352539062,481.3172607421875,950.2644653320312,524.4929809570312,974.065185546875,518.3802490234375
962.9422607421875,376.0881042480469,963.6220092773438,372.82666015625,963.2576904296875,372.459716796875,962.696533203125,376.81048583984375,972.754638671875,375.4385986328125,962.1707763671875,393.5215759277344,974.8492431640625,391.32684326171875,948.6113891601562,402.3379211425781,967.2149047851562,402.08624267578125,943.3500366210938,385.58209228515625,951.2918701171875,391.5370788574219,967.40771484375,444.5840148925781,977.0338134765625,442.7538757324219,942.0650634765625,484.0002136230469,958.2976684570312,481.64599609375,950.0496826171875,524.9818115234375,974.190185546875,518.866943359375
961.467041015625,374.28692626953125,962.8707275390625,371.0675354003906,962.6292114257812,370.49920654296875,964.760498046875,374.993896484375,975.4136962890625,373.34063720703125,964.042236328125,391.53204345703125,978.9666748046875,389.629150390625,950.4124145507812,398.8887939453125,974.2027587890625,399.4851379394531,946.218505859375,382.8435974121094,958.0252685546875,388.5299072265625,965.3212280273438,441.9897766113281,976.1482543945312,440.2403564453125,944.0623779296875,481.996826171875,958.3056640625,480.34320068359375,948.57470703125,524.2070922851562,969.6681518554688,520.1724853515625
963.3923950195312,371.1920471191406,964.4456176757812,367.316650390625,964.753173828125,366.58477783203125,966.2206420898438,370.5286560058594,977.668212890625,368.26287841796875,965.15087890625,391.4843444824219,983.744873046875,388.9527282714844,956.07177734375,419.6788330078125,982.2134399414062,416.0966491699219,947.77294921875,445.382568359375,969.72509765625,440.5502014160156,969.8413696289062,440.64007568359375,982.8614501953125,438.8245849609375,946.19873046875,479.6391906738281,959.8093872070312,478.85028076171875,945.4139404296875,522.2256469726562,962.7449340820312,519.9459228515625
968.7489624023438,365.96478271484375,969.4713134765625,362.28314208984375,969.3326416015625,361.903564453125,968.630859375,364.9675598144531,977.5828857421875,364.29437255859375,963.9266967773438,385.50946044921875,984.4481201171875,384.868896484375,955.9832153320312,412.5178527832031,988.828125,408.63739013671875,949.385986328125,434.75396728515625,980.4100341796875,423.194580078125,966.4026489257812,435.4359130859375,980.9534912109375,434.6741638183594,951.3067016601562,475.6158142089844,968.2754516601562,476.6937561035156,948.4642333984375,515.5003051757812,963.5518798828125,518.1356201171875
975.7039794921875,359.8160705566406,976.538330078125,356.02239990234375,975.232177734375,355.7164306640625,974.958251953125,357.8387145996094,980.3909912109375,357.28466796875,968.9696044921875,376.49957275390625,986.6149291992188,376.5499267578125,964.6363525390625,399.3833312988281,996.644775390625,396.92578125,959.6226196289062,414.932373046875,990.2136840820312,405.36090087890625,967.2068481445312,428.33697509765625,979.542724609375,428.0417175292969,954.8666381835938,470.74298095703125,970.3790283203125,472.4483642578125,951.3825073242188,510.369140625,964.4097290039062,514.8572998046875
971.544921875,353.9067077636719,972.094482421875,350.0152587890625,973.936767578125,349.5160217285156,972.9566650390625,352.3631286621094,987.419189453125,351.4195861816406,968.55419921875,372.91351318359375,995.6776123046875,372.4681091308594,959.2289428710938,399.82037353515625,1002.277587890625,396.96868896484375,949.71044921875,424.2884216308594,995.7496337890625,415.3347473144531,969.7754516601562,425.26446533203125,987.649169921875,424.59130859375,954.9776611328125,467.15374755859375,970.1324462890625,468.43798828125,954.2220458984375,505.84332275390625,964.825927734375,509.06536865234375
971.5,353.9029541015625,972.1173095703125,350.0255126953125,973.9088134765625,349.49932861328125,973.07763671875,352.39990234375,987.460693359375,351.41192626953125,968.6488037109375,372.8955078125,995.7152099609375,372.4267578125,959.41455078125,399.7143859863281,1002.0693359375,396.626953125,949.82275390625,423.9652404785156,994.8404541015625,414.3836669921875,969.9190063476562,425.08245849609375,987.7994384765625,424.4114990234375,954.8956298828125,466.85888671875,970.188232421875,468.2073974609375,954.3590087890625,505.5328674316406,965.220703125,508.89300537109375
981.8204345703125,350.9788818359375,981.1558227539062,346.8546447753906,982.9954833984375,346.48443603515625,977.89501953125,348.14892578125,993.4290161132812,347.0867919921875,972.8045654296875,366.8558349609375,1001.2805786132812,364.80963134765625,961.6034545898438,392.35528564453125,1006.4710693359375,385.4323425292969,952.9306640625,416.3843078613281,994.5397338867188,401.42059326171875,976.1402587890625,418.21649169921875,994.7567138671875,416.853515625,964.6554565429688,460.1664733886719,977.8831787109375,460.40631103515625,961.1871337890625,501.53125,966.9678955078125,502.3160705566406
986.8648681640625,343.935302734375,987.187255859375,340.08270263671875,987.0211181640625,339.6431579589844,985.2041015625,344.8465576171875,996.19384765625,343.0690612792969,982.40283203125,361.0220031738281,1000.5263671875,356.69854736328125,963.53271484375,352.509765625,995.196533203125,340.5992431640625,952.7581787109375,329.2045593261719,971.6529541015625,313.79443359375,989.9430541992188,414.2689208984375,1001.4921875,412.01202392578125,969.7391967773438,457.76922607421875,980.9261474609375,455.9295959472656,961.7694091796875,500.73748779296875,974.7066650390625,496.948974609375
991.9449462890625,343.71966552734375,990.8382568359375,339.8555908203125,991.7818603515625,339.7335205078125,985.622314453125,345.08343505859375,999.671875,344.10626220703125,981.8173828125,359.50897216796875,1005.9461059570312,358.055419921875,970.0003051757812,341.5478515625,1007.1223754882812,339.88330078125,963.92822265625,309.332275390625,984.6044921875,309.2874755859375,987.6961669921875,412.1103515625,1003.4989013671875,411.2669677734375,974.0421752929688,455.4971923828125,992.6478271484375,455.36395263671875,966.4571533203125,494.8155517578125,986.304931640625,493.29730224609375
995.6519165039062,349.9793701171875,996.5654296875,346.4927978515625,994.9710693359375,346.4210205078125,997.0137939453125,347.73291015625,998.0291748046875,347.3636474609375,995.255859375,364.83917236328125,999.72216796875,363.77471923828125,981.709228515625,389.15966796875,991.5628662109375,386.0739440917969,973.4964599609375,402.8486328125,983.177978515625,401.4689025878906,997.2469482421875,415.603515625,1000.6426391601562,414.8566589355469,988.247314453125,452.55224609375,992.7057495117188,452.1822509765625,980.5014038085938,488.7001953125,984.14697265625,488.0162658691406
1010.3851318359375,347.44146728515625,1011.8931884765625,344.0403747558594,1007.478271484375,344.1758117675781,1012.734375,346.1125183105469,1002.45166015625,345.941650390625,1016.8800048828125,363.79339599609375,992.9390258789062,364.6614074707031,1022.5635986328125,381.7220458984375,979.4448852539062,387.1519775390625,1023.1588134765625,392.06268310546875,973.748291015625,409.35345458984375,1010.6114501953125,413.2911376953125,994.2742309570312,413.4309997558594,1010.5811767578125,452.5748291015625,981.63720703125,452.52081298828125,1006.512451171875,487.6991271972656,967.2368774414062,488.01629638671875
1010.2421875,347.39794921875,1011.7281494140625,344.0310974121094,1007.3889770507812,344.13812255859375,1012.50048828125,346.1664733886719,1002.3992919921875,345.918701171875,1016.583251953125,363.5437316894531,992.8438720703125,364.55572509765625,1022.229248046875,380.4305419921875,979.2294921875,386.85943603515625,1022.0277099609375,388.4250183105469,973.4251098632812,408.789794921875,1010.4083251953125,413.14471435546875,994.1495361328125,413.3365173339844,1010.2481689453125,452.57147216796875,981.4498901367188,452.4509582519531,1006.5554809570312,487.9093017578125,967.048095703125,488.0008544921875
1016.7445068359375,352.51361083984375,1014.9285278320312,348.39898681640625,1016.1707153320312,348.69683837890625,1007.9481811523438,350.5987243652344,1019.259033203125,350.7649841308594,1001.9390869140625,370.30975341796875,1022.7127075195312,370.0306091308594,987.868896484375,386.9039611816406,1023.4547119140625,390.45758056640625,974.3646240234375,399.57562255859375,1017.2045288085938,411.24322509765625,999.6859130859375,418.717041015625,1016.0396118164062,417.8206787109375,984.933837890625,452.8238525390625,1017.1543579101562,451.4688720703125,970.8099365234375,485.5101013183594,1019.5138549804688,482.4745788574219
1028.9124755859375,351.4176025390625,1026.782958984375,347.1484375,1025.9461669921875,347.8216552734375,1016.3441162109375,349.94757080078125,1024.3890380859375,350.48846435546875,1008.2825317382812,362.9722900390625,1028.078857421875,365.92779541015625,983.7303466796875,347.17095947265625,1034.3822021484375,368.893310546875,973.1591796875,312.244873046875,1026.607666015625,364.2308349609375,1006.2050170898438,414.83221435546875,1023.028564453125,415.4528503417969,991.580078125,452.5604553222656,1038.76953125,450.885498046875,965.85546875,487.64715576171875,1046.30517578125,482.28717041015625
1019.7056884765625,350.80877685546875,1021.216064453125,346.94793701171875,1019.422607421875,346.59600830078125,1024.1552734375,349.23541259765625,1027.8427734375,347.4037170410156,1023.2334594726562,366.8680114746094,1031.78564453125,360.54766845703125,1002.4388427734375,380.33807373046875,1025.20654296875,366.54254150390625,987.8221435546875,381.23876953125,1010.2955322265625,364.49298095703125,1022.0809326171875,414.74169921875,1034.068359375,410.9134826660156,993.7701416015625,450.152587890625,1050.2908935546875,445.27581787109375,964.716552734375,486.3111877441406,1068.13916015625,477.0291748046875
1042.4610595703125,352.96173095703125,1042.2757568359375,349.0635986328125,1040.804443359375,348.7816162109375,1037.7880859375,350.36761474609375,1041.477294921875,348.83642578125,1033.829345703125,368.6770935058594,1041.6944580078125,363.35516357421875,1021.8638305664062,383.1522216796875,1040.364501953125,371.3448486328125,1013.49755859375,397.15203857421875,1030.9267578125,384.265869140625,1029.72900390625,414.310302734375,1043.125732421875,411.5391540527344,998.0897216796875,449.8680725097656,1064.1134033203125,446.1741027832031,967.6051025390625,484.2528076171875,1086.398193359375,479.02276611328125
1055.416259765625,350.0600280761719,1057.8262939453125,346.87579345703125,1053.0333251953125,345.9565124511719,1058.01416015625,349.508544921875,1049.1907958984375,347.05267333984375,1055.90380859375,365.9298095703125,1041.7794189453125,366.8042907714844,1074.594482421875,371.85382080078125,1027.95703125,385.368896484375,1085.7156982421875,366.1142578125,1012.5286865234375,403.6965637207031,1043.6956787109375,413.29534912109375,1039.7220458984375,413.1312561035156,1025.248046875,445.4696044921875,1046.6536865234375,444.9482116699219,1010.8673095703125,478.281982421875,1050.212646484375,477.94384765625
1055.462890625,350.0508728027344,1057.827392578125,346.8601989746094,1053.0693359375,345.9420166015625,1057.7828369140625,349.46429443359375,1049.2996826171875,347.01324462890625,1055.509765625,365.9425964355469,1042.0745849609375,366.5684509277344,1074.156982421875,371.89324951171875,1029.14111328125,384.4373474121094,1085.813720703125,366.5335693359375,1014.1109619140625,401.61199951171875,1042.79345703125,413.3229675292969,1039.87451171875,413.0316162109375,1022.2015380859375,445.81634521484375,1049.0042724609375,445.1943054199219,1005.74609375,478.3667907714844,1054.60205078125,477.9754943847656
1063.448486328125,354.406982421875,1063.44482421875,351.03216552734375,1063.2498779296875,350.87786865234375,1058.7127685546875,353.2817687988281,1066.0906982421875,353.14056396484375,1051.39794921875,370.815185546875,1070.3873291015625,368.78106689453125,1039.6507568359375,386.97344970703125,1088.2359619140625,371.93536376953125,1033.199462890625,400.0871887207031,1092.402587890625,364.49395751953125,1044.9364013671875,417.81024169921875,1063.720947265625,417.5235900878906,1011.5421752929688,447.50811767578125,1081.8594970703125,448.80859375,987.0155029296875,473.31903076171875,1105.7967529296875,477.5937194824219
1081.5374755859375,355.4067077636719,1081.63525390625,352.0025939941406,1080.201904296875,351.6215515136719,1074.169677734375,353.650390625,1077.2349853515625,353.1211853027344,1065.2786865234375,367.7187194824219,1077.3408203125,368.2059631347656,1082.41650390625,372.5184326171875,1107.470703125,373.61322021484375,1110.5992431640625,370.64227294921875,1131.6173095703125,367.5427551269531,1052.99462890625,412.94183349609375,1063.647705078125,413.96246337890625,1042.37646484375,442.8516845703125,1081.781005859375,444.517333984375,1031.787353515625,469.40374755859375,1093.5164794921875,476.1420593261719
1097.60693359375,356.76055908203125,1098.6661376953125,354.60772705078125,1096.4892578125,353.5392150878906,1094.84130859375,356.63665771484375,1090.7042236328125,354.6244812011719,1093.41455078125,372.32598876953125,1079.0426025390625,371.4989013671875,1123.1453857421875,373.293212890625,1089.4486083984375,379.95330810546875,1157.35986328125,358.18402099609375,1113.3857421875,372.8833923339844,1075.566162109375,416.4134216308594,1061.847412109375,416.363037109375,1099.1153564453125,439.12774658203125,1049.7113037109375,437.4774169921875,1112.33544921875,466.5926513671875,1033.26904296875,465.38812255859375
1101.35498046875,356.9001159667969,1102.927001953125,353.7662353515625,1098.9473876953125,353.42462158203125,1101.9722900390625,353.921630859375,1092.9801025390625,352.6667175292969,1100.2919921875,369.4507141113281,1079.4241943359375,365.37908935546875,1112.8292236328125,382.097900390625,1064.8348388671875,374.9188232421875,1136.391357421875,387.7515563964844,1061.670654296875,382.76239013671875,1078.018310546875,415.9078674316406,1061.679443359375,413.89044189453125,1104.027587890625,442.6783447265625,1052.9873046875,439.08831787109375,1114.0328369140625,473.195068359375,1033.357666015625,469.0139465332031
1106.261474609375,354.79315185546875,1105.61083984375,351.17669677734375,1104.8974609375,351.57037353515625,1096.615234375,349.78350830078125,1099.268798828125,351.2724609375,1081.18408203125,363.3634033203125,1094.0831298828125,365.75201416015625,1059.2880859375,377.16021728515625,1114.3890380859375,383.9764709472656,1055.341064453125,382.48846435546875,1141.1134033203125,397.8211669921875,1062.2076416015625,411.5298156738281,1072.7891845703125,412.6531677246094,1061.3572998046875,438.2198181152344,1097.2049560546875,438.6980895996094,1044.099853515625,468.1114196777344,1108.7481689453125,470.8356628417969
1106.281005859375,354.8174743652344,1105.5843505859375,351.19110107421875,1104.927490234375,351.6078186035156,1096.50732421875,349.758056640625,1099.279296875,351.3044128417969,1081.04296875,363.3095397949219,1094.137451171875,365.7694091796875,1058.54345703125,377.09912109375,1114.564453125,383.97216796875,1053.999267578125,382.4388427734375,1141.44873046875,397.7236633300781,1062.215087890625,411.55340576171875,1072.8875732421875,412.70343017578125,1061.2633056640625,438.35467529296875,1097.25048828125,438.8815612792969,1043.7540283203125,468.16473388671875,1108.64404296875,470.96356201171875
1109.03076171875,352.12384033203125,1107.4278564453125,347.73150634765625,1107.4111328125,348.90142822265625,1095.6436767578125,345.06060791015625,1101.06689453125,348.6177062988281,1078.47900390625,357.479248046875,1093.690185546875,364.1873779296875,1062.6973876953125,374.09637451171875,1104.30712890625,390.0921630859375,1068.0047607421875,386.3339538574219,1126.7916259765625,412.3614501953125,1057.7652587890625,404.676513671875,1070.259521484375,408.01947021484375,1068.9132080078125,433.7655944824219,1099.560546875,436.72015380859375,1054.8526611328125,465.69757080078125,1107.635986328125,471.6768493652344
1109.7117919921875,348.3204345703125,1108.43994140625,343.7203674316406,1107.642333984375,344.8452453613281,1097.2337646484375,341.31524658203125,1100.786865234375,344.6263427734375,1079.199951171875,354.8408203125,1092.9202880859375,360.72320556640625,1067.160888671875,374.3431091308594,1098.016357421875,388.5628967285156,1076.4332275390625,389.83599853515625,1116.2349853515625,413.9008483886719,1059.1551513671875,402.57159423828125,1070.1983642578125,405.8348693847656,1082.8526611328125,431.5595397949219,1105.1744384765625,434.2561340332031,1072.425537109375,465.9910888671875,1108.151611328125,471.69708251953125
1108.66162109375,346.40484619140625,1107.8543701171875,341.7773132324219,1105.899658203125,342.60968017578125,1097.976318359375,340.37017822265625,1098.57373046875,342.50543212890625,1082.0196533203125,354.90423583984375,1090.7623291015625,358.5843200683594,1075.6993408203125,375.0180358886719,1093.0360107421875,384.85235595703125,1085.09130859375,391.2825622558594,1103.722412109375,409.656005859375,1063.2305908203125,400.0513000488281,1070.9017333984375,402.45245361328125,1091.270263671875,431.5701904296875,1106.1370849609375,433.32666015625,1083.2347412109375,467.726318359375,1106.9527587890625,472.5035400390625
1109.367431640625,345.72552490234375,1109.308349609375,340.9859619140625,1106.734130859375,341.706298828125,1101.16064453125,339.06256103515625,1098.87646484375,341.1086730957031,1086.1656494140625,353.02008056640625,1087.052978515625,357.0694580078125,1082.8775634765625,375.4541015625,1082.1513671875,385.02398681640625,1091.2547607421875,398.39324951171875,1087.1898193359375,414.709716796875,1064.01123046875,399.0338134765625,1066.9102783203125,401.6934814453125,1091.603271484375,427.6702880859375,1102.1041259765625,430.4819641113281,1083.358642578125,464.72650146484375,1103.343994140625,471.8480224609375
1112.2294921875,343.51019287109375,1110.4295654296875,339.9340515136719,1110.642822265625,340.1168518066406,1098.42529296875,338.3396301269531,1099.54150390625,338.43621826171875,1086.54541015625,349.29833984375,1085.1146240234375,350.946533203125,1085.337646484375,380.1954345703125,1080.3306884765625,384.4950256347656,1092.93408203125,404.58349609375,1092.3829345703125,409.51446533203125,1068.621337890625,392.92095947265625,1067.5645751953125,394.4275817871094,1088.105224609375,426.6471862792969,1091.511962890625,428.4522705078125,1087.669921875,466.91326904296875,1093.7603759765625,469.91192626953125
0.0,0.0,0.0,0.0,0.0,0.0,0.0,0.0,0.0,0.0,0.0,0.0,0.0,0.0,0.0,0.0,0.0,0.0,0.0,0.0,0.0,0.0,0.0,0.0,0.0,0.0,0.0,0.0,0.0,0.0,0.0,0.0,0.0,0.0
0.0,0.0,0.0,0.0,0.0,0.0,0.0,0.0,0.0,0.0,0.0,0.0,0.0,0.0,0.0,0.0,0.0,0.0,0.0,0.0,0.0,0.0,0.0,0.0,0.0,0.0,0.0,0.0,0.0,0.0,0.0,0.0,0.0,0.0
1104.8961181640625,349.19287109375,1105.26806640625,345.6086120605469,1102.26318359375,345.51947021484375,1101.18408203125,346.1756591796875,1093.9775390625,345.47235107421875,1096.930419921875,361.17791748046875,1085.0509033203125,360.06353759765625,1091.8350830078125,382.9803771972656,1071.03076171875,380.4643249511719,1091.4932861328125,402.5889587402344,1067.86962890625,403.05230712890625,1091.1256103515625,403.25408935546875,1083.7333984375,403.04443359375,1093.4273681640625,439.8102722167969,1087.712646484375,439.89654541015625,1088.1177978515625,473.688232421875,1083.130615234375,474.4434814453125
1104.7850341796875,350.9764709472656,1105.69580078125,347.45892333984375,1102.280517578125,347.22625732421875,1103.6363525390625,348.0367126464844,1094.891357421875,347.07635498046875,1101.537353515625,362.0578308105469,1086.258056640625,360.5589294433594,1101.865478515625,379.40570068359375,1076.63134765625,377.0636901855469,1101.204345703125,385.2034606933594,1079.38330078125,384.9512939453125,1093.626220703125,403.771728515625,1083.7994384765625,403.3627624511719,1096.04541015625,441.26690673828125,1086.4647216796875,441.01141357421875,1088.76123046875,475.81414794921875,1079.248779296875,476.41998291015625
1100.458984375,351.903076171875,1102.639404296875,348.15753173828125,1097.90966796875,347.6365661621094,1102.61669921875,348.39288330078125,1091.5528564453125,346.4687805175781,1103.724365234375,363.5103759765625,1078.8182373046875,360.950927734375,1109.343017578125,383.6199951171875,1062.0919189453125,379.52740478515625,1116.2379150390625,402.3434143066406,1058.1915283203125,401.7353515625,1092.9180908203125,407.47357177734375,1076.71923828125,406.60675048828125,1100.6199951171875,442.81512451171875,1073.03515625,442.4478759765625,1100.5057373046875,475.6324462890625,1065.9329833984375,475.9473876953125
1096.72021484375,342.8600769042969,1099.2021484375,339.033935546875,1094.1103515625,338.56817626953125,1100.45849609375,340.0565490722656,1087.3319091796875,338.3076171875,1103.00634765625,357.74322509765625,1072.633544921875,355.376220703125,1112.629638671875,378.47528076171875,1052.212158203125,374.8516845703125,1120.59228515625,396.6405029296875,1046.83251953125,396.55377197265625,1089.7510986328125,405.5843811035156,1069.582275390625,404.8265075683594,1100.141845703125,440.6307373046875,1064.771240234375,440.4434509277344,1104.3544921875,473.3630676269531,1059.2984619140625,473.7274169921875
1096.604736328125,342.85772705078125,1099.0882568359375,339.0287780761719,1093.997802734375,338.57373046875,1100.380126953125,340.0450439453125,1087.2607421875,338.33221435546875,1103.0299072265625,357.74493408203125,1072.66064453125,355.4067077636719,1112.5633544921875,378.5362243652344,1052.27880859375,374.90283203125,1120.2601318359375,396.7249755859375,1046.8404541015625,396.61688232421875,1089.8505859375,405.6085510253906,1069.68017578125,404.8497619628906,1100.19384765625,440.7177429199219,1064.7615966796875,440.5232849121094,1104.468994140625,473.4368591308594,1059.36572265625,473.7759704589844
1090.660400390625,338.1292724609375,1093.41552734375,334.83154296875,1087.675048828125,334.6506652832031,1096.810302734375,335.3370361328125,1080.9249267578125,334.8820495605469,1099.8546142578125,352.3737487792969,1068.5257568359375,352.88958740234375,1109.9390869140625,369.47259521484375,1051.439453125,375.6898193359375,1121.78369140625,385.02862548828125,1043.518310546875,400.91741943359375,1086.090576171875,397.6982116699219,1065.69189453125,397.8133850097656,1094.4173583984375,435.9800720214844,1061.16162109375,435.92193603515625,1101.888427734375,472.6058349609375,1061.24755859375,473.7813720703125
1091.10205078125,340.01495361328125,1093.7919921875,336.74676513671875,1088.41650390625,336.34844970703125,1097.071533203125,336.90045166015625,1081.5960693359375,335.7652587890625,1099.9290771484375,353.20941162109375,1067.4520263671875,352.110595703125,1109.73583984375,370.0042419433594,1048.2474365234375,373.2366943359375,1120.444091796875,386.28741455078125,1041.4874267578125,400.32550048828125,1083.5635986328125,397.63037109375,1062.130859375,396.9989318847656,1093.60546875,435.197021484375,1058.085205078125,434.1206359863281,1100.398681640625,471.46484375,1056.7010498046875,471.4600524902344
1088.80615234375,339.01458740234375,1091.48583984375,335.5818786621094,1085.677734375,335.2431945800781,1094.174072265625,335.38116455078125,1077.905517578125,334.3570861816406,1096.4462890625,351.99664306640625,1062.896240234375,351.1986083984375,1105.7706298828125,369.8275146484375,1044.879638671875,372.6169738769531,1115.9305419921875,388.11773681640625,1037.825439453125,399.31591796875,1079.5406494140625,398.035400390625,1057.338623046875,397.79241943359375,1092.8458251953125,435.81024169921875,1056.0714111328125,435.6299743652344,1096.8841552734375,472.3953552246094,1052.6591796875,474.1416320800781
1084.614013671875,341.5937194824219,1087.255615234375,337.96868896484375,1081.7747802734375,337.75384521484375,1090.3814697265625,337.0844421386719,1074.8348388671875,336.5212707519531,1094.06640625,352.07427978515625,1060.298583984375,352.6341552734375,1104.904052734375,369.73638916015625,1044.4979248046875,373.81976318359375,1112.6304931640625,388.99591064453125,1036.9476318359375,399.1494140625,1077.87646484375,397.3992919921875,1055.3736572265625,397.6758728027344,1089.3902587890625,434.46435546875,1051.900634765625,435.4742431640625,1089.5657958984375,472.49725341796875,1044.905029296875,476.5626525878906
1081.7940673828125,345.15814208984375,1084.449951171875,341.49090576171875,1079.3001708984375,341.3575744628906,1087.961181640625,340.67529296875,1073.294189453125,340.4610900878906,1092.0015869140625,355.82171630859375,1058.82861328125,356.999267578125,1101.5714111328125,373.93145751953125,1042.615478515625,378.68658447265625,1107.996337890625,394.56341552734375,1033.6201171875,404.855712890625,1075.66796875,401.8377685546875,1053.052978515625,402.2405090332031,1087.2783203125,440.29736328125,1046.680419921875,441.6134033203125,1088.281005859375,479.7325439453125,1037.808349609375,484.1481628417969
1082.1009521484375,345.0466003417969,1084.7484130859375,341.39715576171875,1079.493408203125,341.2587890625,1088.069580078125,340.6962585449219,1073.2249755859375,340.4426574707031,1091.8677978515625,356.0579833984375,1058.7132568359375,357.1430969238281,1101.3599853515625,374.1982421875,1042.4940185546875,378.8075866699219,1107.8978271484375,394.61285400390625,1033.5478515625,404.91766357421875,1075.523193359375,402.0384521484375,1052.96044921875,402.41229248046875,1087.1248779296875,440.3106994628906,1046.729248046875,441.5721435546875,1087.794189453125,479.7296447753906,1037.71630859375,484.0664978027344
1085.6165771484375,350.9637451171875,1087.8994140625,347.23394775390625,1083.2393798828125,346.3942565917969,1087.196533203125,347.75,1075.4091796875,344.92437744140625,1087.217529296875,364.4105224609375,1057.190185546875,360.67462158203125,1093.178466796875,386.80609130859375,1035.385986328125,381.3637390136719,1099.2530517578125,405.0513610839844,1030.772216796875,403.9537353515625,1067.3992919921875,408.5374755859375,1046.775634765625,407.1451416015625,1081.96826171875,442.76898193359375,1038.664306640625,442.2440185546875,1082.40380859375,480.6312561035156,1026.3167724609375,480.9463806152344
1071.0750732421875,348.124755859375,1074.616455078125,344.9066162109375,1067.9774169921875,344.12567138671875,1078.839599609375,347.2372741699219,1061.007568359375,345.25244140625,1082.5848388671875,367.05255126953125,1048.20703125,365.7794189453125,1090.8509521484375,386.1768493652344,1032.335693359375,387.55621337890625,1090.10986328125,399.5347900390625,1024.887451171875,411.9205627441406,1072.257568359375,413.43402099609375,1048.3770751953125,412.93548583984375,1078.869384765625,447.87139892578125,1034.3369140625,447.45294189453125,1082.5584716796875,486.6195068359375,1027.17626953125,487.7976379394531
1064.728759765625,350.1380615234375,1067.7589111328125,346.83660888671875,1061.58837890625,346.31695556640625,1071.3009033203125,348.6645812988281,1054.3309326171875,347.2318115234375,1074.5389404296875,367.9741516113281,1041.8602294921875,367.3512268066406,1081.694091796875,388.89324951171875,1026.8839111328125,389.91302490234375,1083.677734375,407.3083190917969,1019.0205078125,414.7008056640625,1066.6201171875,413.9283447265625,1043.621826171875,414.10211181640625,1076.9212646484375,450.38946533203125,1031.9166259765625,451.2017822265625,1082.59326171875,486.8954772949219,1023.9532470703125,490.45831298828125
1057.336181640625,349.0899353027344,1060.640380859375,345.27783203125,1053.89892578125,344.7772521972656,1063.3544921875,347.45257568359375,1046.8865966796875,345.88958740234375,1064.743896484375,367.49603271484375,1034.86474609375,365.83905029296875,1071.9102783203125,393.0570373535156,1019.946044921875,390.57196044921875,1078.5068359375,414.9002380371094,1018.7806396484375,414.69024658203125,1055.8455810546875,415.8641357421875,1035.004150390625,415.63916015625,1072.314208984375,450.14447021484375,1029.57373046875,450.02252197265625,1078.0791015625,488.2019348144531,1023.4308471679688,488.33428955078125
1054.812744140625,348.9315490722656,1057.9056396484375,345.1655578613281,1051.5657958984375,344.59912109375,1059.494140625,346.83660888671875,1044.3914794921875,344.9278564453125,1059.523193359375,365.51361083984375,1031.5357666015625,363.6153259277344,1065.989501953125,389.77508544921875,1016.6497192382812,387.43206787109375,1074.839111328125,409.6522216796875,1015.94384765625,410.12615966796875,1049.944580078125,413.8289794921875,1030.5625,413.592041015625,1065.7010498046875,449.105712890625,1026.6552734375,449.08319091796875,1071.602294921875,486.9954528808594,1020.8095703125,487.49755859375
1054.67626953125,348.89288330078125,1057.7755126953125,345.121826171875,1051.423583984375,344.5643005371094,1059.4044189453125,346.7937927246094,1044.278076171875,344.9109191894531,1059.52392578125,365.4879455566406,1031.4918212890625,363.6138610839844,1066.0081787109375,389.7591247558594,1016.6356201171875,387.4340515136719,1074.75390625,409.65069580078125,1015.9000244140625,410.1239318847656,1050.027099609375,413.7699279785156,1030.6209716796875,413.536865234375,1065.721435546875,448.986328125,1026.61865234375,448.96185302734375,1071.6629638671875,486.9123229980469,1020.833984375,487.4046630859375
1047.1480712890625,346.83026123046875,1049.557373046875,343.4195251464844,1043.964599609375,343.3158264160156,1051.4053955078125,344.7611999511719,1037.22119140625,344.4599304199219,1055.475830078125,363.37823486328125,1025.0452880859375,364.02008056640625,1061.778076171875,385.2199401855469,1013.084716796875,387.09783935546875,1066.633544921875,403.8531188964844,1008.4632568359375,407.3607177734375,1050.397216796875,412.3673400878906,1029.74755859375,413.2424011230469,1059.626708984375,449.6868896484375,1022.3541259765625,451.267578125,1068.3382568359375,487.6416320800781,1022.3314208984375,491.51690673828125
1047.0087890625,342.60052490234375,1049.7301025390625,339.2379455566406,1043.69580078125,338.9354553222656,1052.03564453125,340.50244140625,1035.9326171875,339.57525634765625,1054.6138916015625,359.61090087890625,1021.8803100585938,359.10406494140625,1059.338134765625,380.8384094238281,1006.3702392578125,381.49859619140625,1063.451171875,397.7527770996094,1002.6688842773438,402.2417907714844,1044.7852783203125,409.8338928222656,1023.1712646484375,410.1869201660156,1054.8551025390625,449.8195495605469,1021.5186767578125,450.65057373046875,1059.553955078125,488.60626220703125,1020.9415283203125,491.66424560546875
1039.91259765625,339.05145263671875,1042.656982421875,335.58111572265625,1036.3424072265625,335.3346862792969,1045.213134765625,336.7200927734375,1028.1614990234375,335.91314697265625,1048.340087890625,355.654541015625,1014.5355224609375,356.33941650390625,1056.5146484375,375.89288330078125,1000.60546875,381.51947021484375,1061.372314453125,392.455078125,997.951416015625,406.00408935546875,1038.8642578125,405.880126953125,1016.8613891601562,406.71661376953125,1048.89208984375,446.9990234375,1017.4381713867188,448.3140869140625,1053.2860107421875,487.0013427734375,1018.43310546875,490.61749267578125
1036.053955078125,336.9186096191406,1038.98095703125,333.39727783203125,1032.5743408203125,333.0574035644531,1041.8155517578125,334.491455078125,1024.903564453125,333.49615478515625,1045.668212890625,354.4115295410156,1011.7223510742188,353.91448974609375,1054.1719970703125,374.6955871582031,996.7977294921875,377.6547546386719,1059.76416015625,392.2252197265625,993.2000732421875,401.3553771972656,1035.6973876953125,406.14263916015625,1014.1957397460938,406.23040771484375,1040.9744873046875,448.3422546386719,1014.318603515625,448.7802429199219,1042.81005859375,488.4317321777344,1015.0472412109375,490.58447265625
1032.217041015625,340.13214111328125,1034.900146484375,336.1771240234375,1028.58837890625,336.22137451171875,1037.641357421875,335.9516296386719,1020.871826171875,335.9041442871094,1041.49169921875,353.75506591796875,1008.1365966796875,355.0269470214844,1050.0718994140625,371.6481628417969,992.7010498046875,378.6156921386719,1056.437744140625,391.5955810546875,991.5274658203125,404.8875732421875,1031.3717041015625,403.90283203125,1009.7181396484375,404.80902099609375,1038.7255859375,446.2562255859375,1009.1537475585938,447.837890625,1041.5096435546875,486.12255859375,1007.6312255859375,490.05718994140625
1032.17919921875,340.13555908203125,1034.874267578125,336.18359375,1028.546142578125,336.2214050292969,1037.6424560546875,335.9635009765625,1020.8218994140625,335.8970947265625,1041.520263671875,353.75335693359375,1008.06884765625,354.9950866699219,1050.0888671875,371.6322326660156,992.6307373046875,378.57281494140625,1056.41552734375,391.47003173828125,991.525634765625,404.77276611328125,1031.37158203125,403.83905029296875,1009.6583862304688,404.7338562011719,1038.719970703125,446.20867919921875,1009.148193359375,447.76885986328125,1041.4822998046875,486.1168212890625,1007.7046508789062,490.01116943359375
1029.3323974609375,340.97467041015625,1031.681884765625,337.0499572753906,1025.614990234375,337.11004638671875,1033.4754638671875,336.7522888183594,1017.2671508789062,336.69915771484375,1038.0684814453125,354.4840393066406,1003.5777587890625,355.3623046875,1048.283203125,373.3871154785156,987.03173828125,379.1800231933594,1054.16064453125,392.91754150390625,985.8310546875,404.2584228515625,1026.612060546875,405.1800537109375,1003.55859375,405.7345275878906,1035.4835205078125,447.3101806640625,999.7523193359375,448.3151550292969,1038.3756103515625,488.54351806640625,994.1500854492188,491.04351806640625
1024.45068359375,343.4115905761719,1026.860107421875,339.926513671875,1021.0735473632812,339.5634765625,1028.5423583984375,340.6388854980469,1013.3089599609375,339.46466064453125,1032.718505859375,358.8714599609375,999.8387451171875,357.839599609375,1041.995849609375,378.7259216308594,983.724853515625,380.57525634765625,1047.9901123046875,393.5882568359375,981.2803344726562,404.9326171875,1023.825927734375,409.2296142578125,1001.3792724609375,409.13470458984375,1033.40576171875,452.0628662109375,993.59326171875,451.34893798828125,1037.027099609375,494.7115173339844,987.2586669921875,493.8311462402344
1019.298583984375,343.99072265625,1021.6837158203125,340.2353515625,1015.4202880859375,340.2552490234375,1023.9844970703125,341.5633544921875,1007.4797973632812,341.3740539550781,1030.4937744140625,361.98272705078125,995.453369140625,361.9076843261719,1037.0982666015625,384.281982421875,982.1307373046875,385.6385192871094,1042.6053466796875,406.4613037109375,976.3910522460938,413.0462646484375,1024.01416015625,412.45086669921875,998.76220703125,412.57275390625,1031.8720703125,454.8819580078125,980.1785888671875,454.8094482421875,1035.2554931640625,495.80291748046875,967.4508056640625,495.97027587890625
1018.451416015625,348.72869873046875,1020.6948852539062,344.8683166503906,1014.2276611328125,345.0779724121094,1021.5316772460938,346.1458435058594,1005.0487060546875,346.3493957519531,1027.26611328125,365.9953308105469,991.8194580078125,366.44775390625,1032.513427734375,389.55780029296875,978.1756591796875,392.5064697265625,1039.739501953125,412.32025146484375,972.9197387695312,422.19720458984375,1018.1090698242188,417.6643981933594,992.4786376953125,417.32415771484375,1026.9197998046875,458.4168701171875,973.677734375,457.57476806640625,1029.62158203125,500.1156921386719,958.8839721679688,498.94366455078125
1014.3740234375,355.05987548828125,1017.303955078125,351.3326416015625,1010.1608276367188,351.0567626953125,1018.7864990234375,353.243408203125,1000.8656616210938,352.1697692871094,1022.5783081054688,374.4044189453125,987.4191284179688,373.59307861328125,1026.0255126953125,400.6138000488281,975.4066772460938,401.99822998046875,1028.91015625,422.0950012207031,973.6904296875,430.51361083984375,1013.4929809570312,426.2392272949219,987.5191040039062,425.4718017578125,1026.057373046875,463.2880859375,969.885986328125,462.4190673828125,1028.101806640625,501.828125,952.49755859375,501.4177551269531
1014.337158203125,355.068359375,1017.2747802734375,351.34326171875,1010.1267700195312,351.06512451171875,1018.800048828125,353.26995849609375,1000.8521118164062,352.1884460449219,1022.6512451171875,374.4613037109375,987.4212646484375,373.6162109375,1026.140625,400.7005615234375,975.3623046875,402.0222473144531,1028.96875,422.15087890625,973.7159423828125,430.52825927734375,1013.5845336914062,426.2921142578125,987.5762939453125,425.5047607421875,1025.9830322265625,463.39300537109375,969.8836669921875,462.4896240234375,1028.053466796875,501.94464111328125,952.622314453125,501.46856689453125
1008.8431396484375,362.9403076171875,1010.9232177734375,359.18682861328125,1005.1263427734375,359.4903259277344,1012.685302734375,361.5724182128906,997.9674682617188,361.83642578125,1017.2391357421875,383.23602294921875,986.8111572265625,382.96490478515625,1018.7620849609375,410.8782958984375,975.4903564453125,409.9206848144531,1017.1759643554688,430.4812316894531,980.3704833984375,432.442138671875,1009.8308715820312,433.76409912109375,986.492431640625,433.84332275390625,1023.4202880859375,468.9549865722656,967.3892822265625,469.1258544921875,1030.149658203125,502.95849609375,951.1085815429688,504.4149169921875
1008.6157836914062,374.5249328613281,1010.9951171875,370.6176452636719,1004.5419921875,370.88165283203125,1012.7698974609375,372.5168151855469,996.5381469726562,372.521484375,1014.3707275390625,393.794189453125,986.7557373046875,393.0733642578125,1014.910888671875,421.11773681640625,979.2606811523438,419.8109130859375,1014.991943359375,439.038818359375,994.5069580078125,440.3145446777344,1006.3927001953125,439.93780517578125,984.3233642578125,439.9298400878906,1021.9044189453125,470.87884521484375,964.3394775390625,470.8358459472656,1029.618896484375,501.21759033203125,946.786376953125,502.64251708984375
1011.846435546875,376.9955749511719,1014.3785400390625,373.1318664550781,1007.571044921875,373.402587890625,1015.1077880859375,376.0058898925781,998.9434814453125,375.9283447265625,1013.4918823242188,397.13604736328125,989.9317626953125,397.2069396972656,1013.7463989257812,422.23834228515625,986.545166015625,423.81109619140625,1018.002685546875,440.8100280761719,1005.255615234375,440.4429016113281,1006.040283203125,442.3065490722656,985.8550415039062,442.0272216796875,1026.848388671875,473.324462890625,968.965087890625,473.5616455078125,1033.13671875,504.973876953125,945.4147338867188,507.9207458496094
1019.8885498046875,374.42144775390625,1021.619384765625,369.76806640625,1014.9581909179688,370.8392028808594,1020.2305297851562,371.783203125,1005.8626098632812,373.834228515625,1012.2181396484375,390.9461975097656,1002.303466796875,395.9762878417969,1011.5831298828125,412.9818420410156,1003.9652099609375,426.5673522949219,1019.1328125,425.6212158203125,1021.09619140625,448.810302734375,1001.1747436523438,440.02337646484375,994.4166870117188,442.634765625,1015.4163818359375,471.50347900390625,1006.689453125,474.25360107421875,999.6163330078125,504.5457763671875,986.69677734375,510.2165222167969
1028.5791015625,371.3235168457031,1029.256103515625,366.863037109375,1024.1676025390625,367.78515625,1025.256591796875,368.56317138671875,1014.9010620117188,370.1844177246094,1017.6712646484375,388.130859375,1007.8870239257812,391.4022216796875,1018.972412109375,411.63018798828125,1007.798828125,422.0157470703125,1028.0989990234375,422.2021179199219,1028.4619140625,443.09429931640625,1000.0105590820312,439.42535400390625,998.91796875,440.94097900390625,992.0745849609375,472.3406982421875,1028.081298828125,473.3240661621094,949.420654296875,506.13616943359375,1018.9733276367188,508.1179504394531
1028.5733642578125,371.1806640625,1029.263916015625,366.7129211425781,1024.1568603515625,367.6275329589844,1025.2965087890625,368.39892578125,1014.8695068359375,369.9979248046875,1017.7403564453125,388.045654296875,1007.8639526367188,391.23101806640625,1019.0931396484375,411.7510070800781,1007.7950439453125,421.87078857421875,1028.257080078125,422.6273193359375,1028.5478515625,442.99774169921875,1000.1321411132812,439.439453125,999.106689453125,440.91595458984375,991.8279418945312,472.4242858886719,1028.8057861328125,473.3668212890625,948.705322265625,506.320556640625,1020.051513671875,508.2623291015625
1037.099853515625,369.5900573730469,1038.2408447265625,365.43719482421875,1033.0045166015625,366.24786376953125,1035.3521728515625,367.4132995605469,1025.6744384765625,369.06195068359375,1028.44091796875,386.1585388183594,1021.075439453125,390.72900390625,1030.48388671875,406.4544677734375,1023.2162475585938,418.89337158203125,1035.9024658203125,418.4383850097656,1037.4429931640625,437.81719970703125,1013.8599853515625,437.72027587890625,1013.14111328125,439.4523010253906,999.960205078125,474.6661376953125,1030.144287109375,477.0585021972656,960.9208374023438,502.7514953613281,1017.23046875,506.9678649902344
1047.0985107421875,373.3439025878906,1049.082763671875,369.37579345703125,1043.0999755859375,369.60321044921875,1046.8807373046875,371.00732421875,1034.7266845703125,371.48150634765625,1037.8055419921875,390.06036376953125,1028.2623291015625,391.6399841308594,1042.55810546875,412.62109375,1031.52880859375,416.3653564453125,1051.132080078125,426.86492919921875,1047.39990234375,430.009765625,1019.8753051757812,439.5718994140625,1016.911865234375,440.200927734375,1016.9950561523438,475.49786376953125,1039.8372802734375,477.00592041015625,980.166748046875,501.177001953125,1024.0439453125,505.735107421875
1059.052978515625,374.4056396484375,1058.800537109375,370.1426696777344,1054.938232421875,370.9444885253906,1051.9520263671875,371.5992736816406,1045.78369140625,373.0904541015625,1041.9990234375,390.6871337890625,1040.873779296875,393.019775390625,1050.198974609375,415.22784423828125,1044.819091796875,421.3359375,1068.2471923828125,425.3456726074219,1062.520751953125,434.138916015625,1023.1261596679688,442.26483154296875,1024.21826171875,443.5604248046875,1032.965087890625,478.1276550292969,1042.82275390625,479.5877380371094,999.7461547851562,502.2315673828125,1012.5411987304688,506.48919677734375
1066.73486328125,381.97576904296875,1066.630859375,378.17236328125,1064.2757568359375,378.26910400390625,1058.5390625,377.0574645996094,1057.6396484375,377.28515625,1050.968017578125,392.3691101074219,1049.29052734375,393.585205078125,1064.587646484375,417.5775146484375,1059.882080078125,421.68695068359375,1088.4891357421875,433.0718078613281,1081.3839111328125,436.2882080078125,1031.4739990234375,449.55889892578125,1030.088134765625,450.41278076171875,1041.9132080078125,482.53826904296875,1042.9078369140625,483.242919921875,1022.139892578125,518.5663452148438,1021.78369140625,522.0270385742188
1075.7353515625,384.0919189453125,1075.0115966796875,380.2373046875,1073.3525390625,380.5068054199219,1067.661376953125,379.56781005859375,1066.7142333984375,380.1534423828125,1059.2506103515625,395.91497802734375,1059.2681884765625,397.15155029296875,1072.044921875,420.5208435058594,1069.246826171875,424.45489501953125,1094.2432861328125,431.7719421386719,1089.243408203125,434.9425048828125,1039.5899658203125,452.587646484375,1039.466064453125,453.6772155761719,1053.288330078125,481.6831970214844,1055.63134765625,482.57611083984375,1031.80712890625,520.531982421875,1033.3126220703125,523.97216796875
1075.687744140625,383.9581604003906,1074.9678955078125,380.10107421875,1073.285400390625,380.3727722167969,1067.579345703125,379.44586181640625,1066.6260986328125,380.03717041015625,1059.195068359375,395.82818603515625,1059.2008056640625,397.08447265625,1072.058837890625,420.3899230957031,1069.177490234375,424.36370849609375,1094.380126953125,431.682373046875,1089.20166015625,434.8783264160156,1039.677734375,452.5242004394531,1039.55078125,453.619140625,1053.2734375,481.669921875,1055.60888671875,482.56048583984375,1031.761474609375,520.3963623046875,1033.2532958984375,523.8450927734375
1084.399169921875,387.5089416503906,1085.265625,383.416259765625,1082.0087890625,383.5485534667969,1074.1531982421875,382.39764404296875,1075.812744140625,382.9684753417969,1065.5654296875,398.23907470703125,1066.5635986328125,400.0421447753906,1080.206787109375,420.587158203125,1078.522216796875,424.7101135253906,1104.872802734375,429.61669921875,1099.677001953125,433.0679626464844,1043.1591796875,452.9869079589844,1043.2685546875,453.96221923828125,1056.55908203125,483.8394470214844,1058.182861328125,484.5164794921875,1036.177490234375,521.7827758789062,1035.9903564453125,525.4727172851562
1091.3714599609375,387.3336181640625,1091.358154296875,383.1737060546875,1088.4588623046875,383.5577392578125,1085.29638671875,383.92138671875,1081.229248046875,384.8356018066406,1077.24853515625,402.3172302246094,1075.764404296875,403.55645751953125,1091.510009765625,421.07879638671875,1087.795654296875,426.52789306640625,1114.3055419921875,429.7579650878906,1114.318359375,436.2376708984375,1056.6890869140625,453.0433044433594,1056.7418212890625,453.3684997558594,1060.3629150390625,482.7933654785156,1070.6025390625,482.7860107421875,1033.706298828125,520.370361328125,1048.72509765625,522.333740234375
1101.2730712890625,392.7768859863281,1101.263916015625,388.4490051269531,1098.4814453125,389.2052001953125,1095.388671875,388.5896301269531,1092.0279541015625,390.7297668457031,1091.166015625,406.4464111328125,1087.479736328125,409.86199951171875,1108.2213134765625,421.71246337890625,1100.5360107421875,429.5160827636719,1127.971435546875,428.34613037109375,1123.0908203125,429.8388671875,1071.4267578125,458.1665954589844,1073.8232421875,458.9279479980469,1051.67333984375,489.960693359375,1092.073486328125,490.9161376953125,1025.189208984375,523.81884765625,1096.821044921875,526.95751953125
1106.9088134765625,400.4495849609375,1107.607421875,396.2904968261719,1104.0633544921875,397.17156982421875,1102.7518310546875,396.24273681640625,1098.1817626953125,398.88922119140625,1098.1163330078125,412.4005126953125,1092.533447265625,417.2284240722656,1113.03955078125,425.407470703125,1107.37451171875,436.80291748046875,1139.06201171875,428.36767578125,1135.17578125,432.954833984375,1078.3309326171875,464.4048156738281,1078.775146484375,465.6710205078125,1056.3394775390625,497.37109375,1092.2020263671875,499.03082275390625,1032.7196044921875,525.9952392578125,1098.72607421875,529.7091064453125
1117.698486328125,405.522216796875,1118.927734375,401.39752197265625,1114.744140625,402.08984375,1114.61474609375,402.1322021484375,1107.132080078125,404.7067565917969,1111.957763671875,418.2364196777344,1099.098388671875,423.38153076171875,1126.2855224609375,430.12603759765625,1111.283935546875,441.5876770019531,1138.30126953125,428.0895080566406,1136.2216796875,431.142578125,1089.4737548828125,466.9739685058594,1086.590576171875,468.0520935058594,1059.6651611328125,502.6383056640625,1108.49755859375,504.2269287109375,1033.2939453125,534.09912109375,1127.37451171875,537.2310791015625
1117.6380615234375,405.69927978515625,1118.879150390625,401.5791320800781,1114.6739501953125,402.26995849609375,1114.62353515625,402.3296813964844,1107.077880859375,404.8944091796875,1111.97509765625,418.45867919921875,1099.0782470703125,423.5760498046875,1126.2286376953125,430.3114929199219,1111.259033203125,441.74658203125,1138.1092529296875,428.0406188964844,1136.168212890625,431.2283935546875,1089.461669921875,467.18133544921875,1086.4957275390625,468.2418212890625,1059.8751220703125,502.7251281738281,1108.205322265625,504.28839111328125,1033.4271240234375,534.1370849609375,1126.6806640625,537.2393798828125
1135.974365234375,415.934814453125,1135.8651123046875,411.39300537109375,1132.9989013671875,412.62579345703125,1126.845458984375,410.9687805175781,1122.6884765625,415.19873046875,1121.40478515625,426.90789794921875,1111.4669189453125,434.7039794921875,1131.8482666015625,438.9057312011719,1120.3592529296875,455.60638427734375,1156.144775390625,438.1020812988281,1151.13525390625,446.86761474609375,1094.109619140625,476.7301025390625,1092.36474609375,479.4093933105469,1071.5733642578125,510.87249755859375,1116.652099609375,513.6021728515625,1046.8392333984375,542.3360595703125,1129.80322265625,546.4203491210938
1135.7547607421875,424.9610595703125,1135.818115234375,420.3745422363281,1131.801513671875,422.121826171875,1133.166015625,418.7082824707031,1126.65673828125,423.33966064453125,1132.2293701171875,436.7713623046875,1123.68115234375,441.66796875,1144.692138671875,449.6639404296875,1129.7860107421875,457.5872497558594,1152.2457275390625,451.63165283203125,1148.8885498046875,451.0650329589844,1106.121337890625,491.61041259765625,1105.4801025390625,493.0843505859375,1098.95849609375,534.356201171875,1126.173583984375,535.48583984375,1081.739501953125,572.7313842773438,1139.239990234375,574.7482299804688
1144.458740234375,431.5454406738281,1144.639404296875,426.89117431640625,1140.66796875,428.1363830566406,1140.25244140625,425.30914306640625,1132.4716796875,428.02154541015625,1137.677734375,439.97857666015625,1124.119140625,442.90997314453125,1154.175048828125,453.18194580078125,1124.14208984375,457.91351318359375,1174.7891845703125,467.6703186035156,1150.4908447265625,464.357177734375,1117.8623046875,486.1628723144531,1113.38134765625,488.02569580078125,1115.07470703125,518.5903930664062,1133.9046630859375,520.1263427734375,1101.4583740234375,553.94873046875,1146.49853515625,557.61767578125
1148.436767578125,432.4200439453125,1148.5133056640625,428.6854248046875,1144.736083984375,429.1989440917969,1142.760498046875,429.05255126953125,1135.1734619140625,429.8799133300781,1137.580810546875,444.8518981933594,1126.6424560546875,445.87060546875,1151.782470703125,462.6923828125,1136.577392578125,464.6545715332031,1167.072265625,471.90155029296875,1160.0010986328125,471.0000915527344,1114.440185546875,486.4752197265625,1113.478515625,487.31243896484375,1102.1251220703125,515.8936767578125,1140.53759765625,516.6727294921875,1075.97216796875,550.4134521484375,1154.7176513671875,554.7000122070312
1143.7388916015625,429.61566162109375,1143.9547119140625,426.13568115234375,1141.5914306640625,426.34808349609375,1136.6893310546875,427.52099609375,1136.1142578125,427.5032958984375,1128.633056640625,444.488037109375,1130.5157470703125,445.66448974609375,1138.0858154296875,469.5566711425781,1141.240234375,472.7042541503906,1157.2357177734375,486.8016357421875,1160.7020263671875,489.71331787109375,1120.9964599609375,488.55450439453125,1123.03564453125,490.0670471191406,1137.22705078125,516.9273071289062,1146.0888671875,517.7045288085938,1137.8580322265625,551.04638671875,1151.2724609375,552.6720581054688
1144.2255859375,429.61004638671875,1144.312255859375,426.0892639160156,1142.112060546875,426.33673095703125,1136.6072998046875,427.31396484375,1136.5201416015625,427.37158203125,1128.0933837890625,444.06329345703125,1130.86767578125,445.32659912109375,1137.3717041015625,469.22735595703125,1141.424560546875,472.43096923828125,1157.0660400390625,487.1827697753906,1160.6474609375,490.18280029296875,1120.1961669921875,488.28863525390625,1122.9215087890625,489.824462890625,1135.95166015625,517.137939453125,1146.058349609375,517.8919677734375,1136.14794921875,551.0619506835938,1151.19189453125,552.7327880859375
1148.9332275390625,428.7345886230469,1148.5740966796875,424.33697509765625,1146.0225830078125,424.7787780761719,1140.9527587890625,423.39788818359375,1138.30908203125,424.2100830078125,1129.715576171875,438.5917053222656,1131.734619140625,439.97210693359375,1132.994873046875,464.6194152832031,1133.3897705078125,467.38665771484375,1141.6513671875,485.97113037109375,1141.072021484375,491.3531799316406,1109.594482421875,476.5300598144531,1116.25341796875,477.70001220703125,1112.654296875,509.79913330078125,1148.63330078125,511.2066650390625,1092.5633544921875,543.737548828125,1155.9827880859375,549.3193969726562
0.0,0.0,0.0,0.0,0.0,0.0,0.0,0.0,0.0,0.0,0.0,0.0,0.0,0.0,0.0,0.0,0.0,0.0,0.0,0.0,0.0,0.0,0.0,0.0,0.0,0.0,0.0,0.0,0.0,0.0,0.0,0.0,0.0,0.0
1136.40625,413.1869201660156,1138.329833984375,409.680419921875,1133.416748046875,409.4176025390625,1136.433349609375,410.45635986328125,1125.7125244140625,409.78875732421875,1130.4989013671875,423.4730529785156,1115.7586669921875,428.6794738769531,1149.1334228515625,429.2780456542969,1106.729248046875,453.10443115234375,1160.318115234375,420.92840576171875,1107.1466064453125,476.51849365234375,1114.921875,470.5681457519531,1110.10302734375,473.60797119140625,1118.843017578125,508.51324462890625,1140.74169921875,510.82330322265625,1116.8570556640625,545.6798706054688,1156.204345703125,549.678466796875
1128.35888671875,408.2142333984375,1131.19921875,404.550048828125,1124.593505859375,404.565185546875,1134.3787841796875,404.96734619140625,1116.0059814453125,405.06640625,1135.0816650390625,418.8771057128906,1106.549072265625,425.3769836425781,1152.998046875,426.2122802734375,1099.6690673828125,455.15167236328125,1158.02587890625,420.6548767089844,1105.8031005859375,479.60321044921875,1122.11669921875,469.07537841796875,1106.9146728515625,472.21795654296875,1127.547607421875,506.0609436035156,1132.371337890625,508.7462158203125,1122.0491943359375,544.5888671875,1143.629150390625,548.2861328125
1118.29150390625,403.6588439941406,1120.116455078125,399.0995178222656,1114.9263916015625,399.8145751953125,1122.660888671875,398.46661376953125,1108.5137939453125,399.9232177734375,1126.2567138671875,413.8706359863281,1098.8951416015625,417.03826904296875,1145.697998046875,432.98626708984375,1093.5628662109375,441.5137939453125,1161.097412109375,446.3469543457031,1101.102783203125,452.8802490234375,1121.206298828125,465.1373291015625,1104.966552734375,467.5390625,1131.16357421875,501.73797607421875,1122.0078125,503.86773681640625,1131.0404052734375,545.765869140625,1125.1553955078125,548.6799926757812
1118.3504638671875,403.78082275390625,1120.17822265625,399.23468017578125,1115.0089111328125,399.932861328125,1122.70947265625,398.586669921875,1108.6307373046875,399.98895263671875,1126.1787109375,413.9023132324219,1098.9481201171875,417.0201416015625,1145.59130859375,433.0196228027344,1093.80908203125,441.5226745605469,1161.1334228515625,446.3182373046875,1101.689208984375,452.8541564941406,1121.010986328125,465.07666015625,1104.83447265625,467.473388671875,1131.2491455078125,501.6229248046875,1122.08251953125,503.7557373046875,1131.083251953125,545.6862182617188,1125.1556396484375,548.6148681640625
1110.2890625,403.01409912109375,1112.20703125,397.5921630859375,1105.2894287109375,398.80230712890625,1114.9267578125,397.06646728515625,1096.609130859375,400.22747802734375,1121.66650390625,414.1692810058594,1091.45751953125,419.0185546875,1139.927490234375,430.9429931640625,1085.288818359375,439.92779541015625,1151.466552734375,447.34747314453125,1089.98486328125,453.76812744140625,1126.067138671875,465.293701171875,1107.3192138671875,468.04132080078125,1127.1268310546875,505.19415283203125,1114.21142578125,507.5292663574219,1128.03564453125,545.7188720703125,1117.2908935546875,548.6497192382812
1100.55126953125,401.4667053222656,1102.954345703125,397.3371276855469,1097.5423583984375,398.1058044433594,1109.5089111328125,396.472412109375,1093.04833984375,398.52001953125,1120.91748046875,411.75360107421875,1087.2342529296875,418.6982421875,1139.98486328125,425.6816711425781,1081.9019775390625,445.7335205078125,1148.96142578125,438.9853515625,1082.5570068359375,470.51873779296875,1119.9345703125,464.7131652832031,1098.0977783203125,467.960693359375,1128.61767578125,505.2435607910156,1099.75244140625,508.7242431640625,1133.181640625,546.3472900390625,1101.5567626953125,551.1287841796875
1091.795166015625,401.2581481933594,1094.489013671875,397.33013916015625,1088.854248046875,397.9140625,1101.927001953125,397.04705810546875,1085.200927734375,398.98651123046875,1115.6705322265625,413.47412109375,1080.5643310546875,419.7450256347656,1134.75537109375,428.72509765625,1076.5355224609375,447.9602966308594,1131.6141357421875,436.64154052734375,1077.5845947265625,467.95941162109375,1118.308349609375,465.34442138671875,1094.4368896484375,467.88720703125,1128.3709716796875,502.7159729003906,1088.9290771484375,505.3054504394531,1133.8681640625,542.9542236328125,1087.4923095703125,546.1074829101562
1084.3841552734375,401.43756103515625,1087.0472412109375,397.4188232421875,1081.20654296875,398.13714599609375,1094.900634765625,397.6771545410156,1077.5772705078125,399.3201599121094,1108.7994384765625,415.774169921875,1073.458740234375,420.8133544921875,1124.77392578125,434.3248291015625,1069.7080078125,448.255859375,1130.662109375,449.26361083984375,1072.432861328125,470.55657958984375,1113.15185546875,467.9222717285156,1088.0426025390625,470.0750732421875,1128.417724609375,506.0397033691406,1080.0516357421875,508.10992431640625,1133.8192138671875,543.8333740234375,1071.647705078125,546.2837524414062
1074.8182373046875,400.32135009765625,1077.5416259765625,396.2216796875,1071.8477783203125,396.8487548828125,1086.094482421875,396.0850830078125,1069.177001953125,397.4886474609375,1101.6304931640625,413.7790832519531,1067.0150146484375,417.80328369140625,1117.2728271484375,434.01995849609375,1066.5968017578125,445.97955322265625,1121.37744140625,451.80914306640625,1068.446533203125,472.322265625,1108.3701171875,465.2608642578125,1082.8665771484375,466.59515380859375,1124.07958984375,504.73773193359375,1070.53955078125,505.37255859375,1132.515625,543.78759765625,1061.3193359375,543.6608276367188
1074.70654296875,400.2041931152344,1077.4293212890625,396.114990234375,1071.7493896484375,396.7364501953125,1085.99658203125,396.01629638671875,1069.111572265625,397.40478515625,1101.526611328125,413.72149658203125,1066.9912109375,417.7703857421875,1117.322509765625,433.82562255859375,1066.610107421875,445.95806884765625,1121.4730224609375,451.3838195800781,1068.50048828125,472.316162109375,1108.3310546875,465.2166748046875,1082.876953125,466.55908203125,1124.0697021484375,504.6975402832031,1070.56103515625,505.3349304199219,1132.532470703125,543.7080078125,1061.2633056640625,543.5877685546875
1066.022216796875,398.5677490234375,1068.9837646484375,394.5244445800781,1063.54736328125,394.89312744140625,1078.47705078125,394.5499267578125,1061.381103515625,395.6893615722656,1094.4754638671875,412.8712463378906,1059.29248046875,416.17291259765625,1113.719482421875,436.9293212890625,1055.39306640625,443.99481201171875,1114.556640625,459.856201171875,1057.4454345703125,468.76092529296875,1099.9569091796875,463.1466064453125,1073.824462890625,464.45654296875,1114.9075927734375,501.19384765625,1054.8370361328125,502.1751708984375,1128.656005859375,542.4412231445312,1045.1734619140625,543.0435791015625
1060.690185546875,397.34552001953125,1063.2166748046875,393.24578857421875,1057.6629638671875,393.76397705078125,1070.740234375,392.5791015625,1054.2816162109375,394.0648193359375,1085.752197265625,410.2594299316406,1051.999267578125,413.4645080566406,1105.2296142578125,433.55963134765625,1047.1033935546875,439.57977294921875,1107.833251953125,457.3904113769531,1044.63623046875,463.23651123046875,1091.7640380859375,460.6619567871094,1066.59326171875,461.91363525390625,1106.136962890625,500.1768493652344,1046.3017578125,501.03094482421875,1124.4296875,542.8746948242188,1039.362548828125,542.626953125
1052.345458984375,393.7956848144531,1055.0098876953125,389.72479248046875,1049.4066162109375,390.34783935546875,1062.887939453125,389.90838623046875,1046.398193359375,391.7772216796875,1078.680908203125,408.90020751953125,1044.0526123046875,413.17724609375,1096.9678955078125,430.8587646484375,1042.295166015625,439.94793701171875,1099.5137939453125,454.67022705078125,1043.97314453125,464.39990234375,1084.18359375,460.87237548828125,1058.2210693359375,462.6607666015625,1100.8424072265625,500.22247314453125,1040.865478515625,501.47979736328125,1122.72021484375,541.5820922851562,1038.93359375,541.4932861328125
1046.11669921875,390.7674560546875,1048.62353515625,386.76470947265625,1043.4652099609375,387.362548828125,1055.6810302734375,386.98760986328125,1041.088134765625,388.7747802734375,1070.1270751953125,404.9372863769531,1038.444580078125,409.3644104003906,1090.23876953125,426.70745849609375,1036.2696533203125,434.6026611328125,1092.7109375,447.644287109375,1035.657958984375,450.6025390625,1074.569580078125,457.6473388671875,1050.9827880859375,459.62493896484375,1088.7811279296875,496.9974060058594,1036.8564453125,499.44049072265625,1112.142578125,538.55419921875,1037.35302734375,541.127685546875
1039.917724609375,386.40423583984375,1042.64208984375,382.24713134765625,1037.20361328125,382.6914367675781,1049.927978515625,382.3406982421875,1034.75439453125,383.83544921875,1064.4071044921875,401.31671142578125,1032.470458984375,404.337890625,1083.8740234375,425.566162109375,1029.44580078125,428.11004638671875,1084.060302734375,453.01715087890625,1022.420654296875,446.9598388671875,1068.2730712890625,454.5976867675781,1045.4544677734375,455.8874816894531,1078.7998046875,495.019775390625,1034.37890625,496.94390869140625,1098.8009033203125,536.6643676757812,1038.732421875,538.7957763671875
1039.8817138671875,386.4241943359375,1042.602783203125,382.26104736328125,1037.1715087890625,382.70843505859375,1049.8924560546875,382.3411865234375,1034.7391357421875,383.84698486328125,1064.41455078125,401.3060302734375,1032.486083984375,404.33831787109375,1083.969482421875,425.61865234375,1029.4415283203125,428.12420654296875,1084.127197265625,453.1639709472656,1022.3582153320312,446.92742919921875,1068.3170166015625,454.61627197265625,1045.505859375,455.9072265625,1078.76611328125,494.9092712402344,1034.322509765625,496.8424072265625,1098.81982421875,536.6534423828125,1038.681640625,538.7841796875
1035.5457763671875,382.30340576171875,1038.1591796875,378.07452392578125,1032.3743896484375,378.58392333984375,1044.730712890625,378.3214416503906,1030.321533203125,379.9192199707031,1059.3143310546875,398.1806640625,1029.5780029296875,400.20855712890625,1080.447265625,422.4007873535156,1026.85302734375,422.15008544921875,1081.0145263671875,449.0870361328125,1020.1663818359375,437.9947509765625,1063.4200439453125,450.98284912109375,1043.3714599609375,451.9197692871094,1066.521484375,492.4701232910156,1032.0660400390625,493.5802917480469,1081.308837890625,534.88916015625,1037.9805908203125,534.6319580078125
1030.077880859375,378.0801086425781,1033.099609375,373.99468994140625,1026.9197998046875,374.36962890625,1040.796142578125,375.01483154296875,1024.6510009765625,376.13873291015625,1052.90966796875,395.17974853515625,1024.5400390625,396.41595458984375,1072.549560546875,419.3150634765625,1018.2528076171875,417.84014892578125,1073.9874267578125,444.7401123046875,1014.2759399414062,429.4091796875,1055.453125,447.82672119140625,1037.1220703125,448.06915283203125,1054.275634765625,490.40850830078125,1029.1458740234375,491.374267578125,1065.2366943359375,534.4788818359375,1034.54150390625,535.2030639648438
1025.934326171875,377.6279296875,1029.054443359375,373.2071533203125,1024.1513671875,373.46246337890625,1037.5833740234375,373.275634765625,1022.488525390625,374.3387451171875,1051.7393798828125,392.4117431640625,1023.3021240234375,393.37908935546875,1066.8426513671875,417.6829833984375,1015.202880859375,417.1146240234375,1065.5413818359375,440.19171142578125,1004.5555419921875,436.8417663574219,1048.0836181640625,446.4566345214844,1031.0335693359375,445.9902648925781,1042.7301025390625,489.514892578125,1032.1590576171875,489.1661682128906,1045.10791015625,531.235107421875,1036.09814453125,529.6522216796875
1016.1099853515625,374.69989013671875,1019.2664794921875,369.8802795410156,1013.9342651367188,370.4556884765625,1029.138671875,369.59228515625,1012.4560546875,371.4353942871094,1044.2822265625,388.9682922363281,1015.5465087890625,391.00555419921875,1062.411376953125,414.36468505859375,1010.9609375,416.7296142578125,1061.1102294921875,439.60150146484375,999.5179443359375,437.6983642578125,1042.959228515625,442.37579345703125,1025.701416015625,442.2853088378906,1033.091064453125,485.8153076171875,1025.331298828125,485.64642333984375,1033.5269775390625,529.5567016601562,1028.9273681640625,528.1982421875
1016.74609375,378.4154052734375,1019.804443359375,374.45654296875,1013.9735107421875,374.1226806640625,1026.3311767578125,377.0005187988281,1012.1602783203125,376.1018371582031,1035.1165771484375,397.0887451171875,1013.272216796875,394.685302734375,1053.89453125,420.098388671875,1003.666015625,409.13067626953125,1054.7802734375,445.69464111328125,990.1322021484375,417.9949951171875,1041.4114990234375,442.78497314453125,1029.5191650390625,441.5457763671875,1021.3504638671875,485.88262939453125,1021.6777954101562,485.9112854003906,1020.2896728515625,531.4974975585938,1027.11669921875,531.8250732421875
1008.9592895507812,382.10791015625,1011.4501953125,377.873779296875,1006.4615478515625,377.8883972167969,1017.3115234375,378.844970703125,1005.8233642578125,378.5032653808594,1027.4403076171875,397.2043762207031,1006.2555541992188,398.184326171875,1050.02294921875,416.9638366699219,994.930908203125,419.7373352050781,1054.6158447265625,441.2525634765625,978.7137451171875,436.37310791015625,1037.7783203125,446.1673583984375,1026.8828125,445.72174072265625,1011.7042236328125,490.57293701171875,1015.216796875,491.5361328125,1007.0540771484375,536.3380126953125,1021.1885986328125,537.2117919921875
1008.8721313476562,382.10906982421875,1011.380859375,377.86688232421875,1006.352294921875,377.89105224609375,1017.3023071289062,378.8359375,1005.6937866210938,378.5223388671875,1027.4608154296875,397.2130126953125,1006.1640625,398.25408935546875,1049.970458984375,416.9676513671875,994.890625,419.8376770019531,1054.536376953125,441.24212646484375,978.549560546875,436.46563720703125,1037.872802734375,446.2001953125,1026.90283203125,445.7870178222656,1011.9219970703125,490.5522766113281,1015.333740234375,491.56365966796875,1007.145263671875,536.3969116210938,1021.2390747070312,537.3543090820312
1002.344482421875,385.8680419921875,1005.016845703125,381.8978576660156,1000.528564453125,381.7416687011719,1012.0582275390625,383.4610290527344,1002.4575805664062,382.629638671875,1021.32080078125,401.5963439941406,1003.813720703125,402.3529357910156,1036.882568359375,419.8433837890625,992.3712158203125,425.0012512207031,1035.6995849609375,432.4847412109375,975.9791259765625,440.86346435546875,1028.663818359375,451.4033203125,1019.7189331054688,450.74603271484375,1004.4849853515625,494.086181640625,1006.023681640625,494.11932373046875,1001.4625244140625,541.2471923828125,1011.0155029296875,540.679931640625
999.041015625,391.45428466796875,1001.8709716796875,387.4974365234375,997.661376953125,387.30950927734375,1008.201171875,389.44964599609375,1001.6534423828125,388.7776794433594,1015.7069091796875,408.1474914550781,1004.3280029296875,407.38934326171875,1011.7117309570312,428.7946472167969,987.4022827148438,428.17388916015625,996.734619140625,442.247802734375,967.014404296875,448.8342590332031,1026.08349609375,457.5762939453125,1020.7340087890625,456.5196533203125,995.9776611328125,496.74420166015625,999.935791015625,495.53375244140625,1002.9142456054688,540.8081665039062,1014.9786376953125,537.886474609375
992.6596069335938,399.0450439453125,995.74267578125,395.1973571777344,990.9168701171875,394.943603515625,1001.6724243164062,396.499267578125,993.2808837890625,396.0043029785156,1008.61279296875,413.0228271484375,996.9566650390625,413.6212158203125,1019.0743408203125,431.57208251953125,983.562255859375,432.3192138671875,1021.0076904296875,444.95806884765625,965.725341796875,450.09466552734375,1021.017822265625,459.8431091308594,1017.0625,460.1230773925781,988.8114624023438,496.0492858886719,1002.30224609375,496.52972412109375,998.7503662109375,536.2731323242188,1023.541748046875,536.1580200195312
987.0001831054688,407.8667907714844,989.797607421875,404.2110595703125,985.8279418945312,404.502685546875,997.1175537109375,405.21380615234375,985.9476928710938,406.05401611328125,1006.4156494140625,422.30035400390625,989.1229248046875,422.0953369140625,1002.4583740234375,444.81524658203125,974.7028198242188,440.1757507324219,988.2821044921875,449.791748046875,958.6060791015625,446.60894775390625,1011.4758911132812,470.29150390625,1000.3590087890625,469.3172607421875,995.727783203125,496.5440368652344,988.3247680664062,495.39349365234375,1007.3959350585938,536.0554809570312,1000.5228271484375,533.5769653320312
982.9698486328125,413.22393798828125,986.4595947265625,409.4872741699219,980.2310791015625,409.7117919921875,993.8307495117188,411.3972473144531,977.05126953125,412.0731201171875,1004.6871337890625,429.8692932128906,976.6561279296875,430.40765380859375,1016.7335205078125,452.6802062988281,966.0591430664062,451.87115478515625,1017.9292602539062,465.909423828125,958.439208984375,464.4487609863281,1005.8074951171875,476.26220703125,988.5703125,475.72381591796875,994.2802734375,495.1695556640625,979.907470703125,494.337158203125,1003.7357177734375,536.6640014648438,992.36474609375,535.353271484375
982.9458618164062,413.226318359375,986.4834594726562,409.47161865234375,980.1787109375,409.69512939453125,993.9116821289062,411.42236328125,976.9674682617188,412.10186767578125,1004.699462890625,430.02642822265625,976.6009521484375,430.5640869140625,1016.552490234375,452.99761962890625,966.0960693359375,452.16961669921875,1017.4824829101562,466.1715087890625,958.6387939453125,464.7109680175781,1005.7254638671875,476.47222900390625,988.4002075195312,475.9267272949219,994.34521484375,495.01336669921875,979.6192016601562,494.17547607421875,1003.859130859375,536.7056274414062,992.1080322265625,535.388916015625
980.9020385742188,412.85955810546875,984.1441040039062,408.91766357421875,977.808837890625,409.11236572265625,990.240966796875,410.3173828125,973.9890747070312,410.88165283203125,999.7586059570312,428.5919189453125,972.5234375,429.24029541015625,1010.8057861328125,451.05914306640625,963.8724975585938,451.25042724609375,1013.8020629882812,467.1565246582031,958.6488037109375,466.3450012207031,1001.4739990234375,472.2005310058594,983.555419921875,472.12872314453125,1000.9857788085938,497.7100524902344,972.2659912109375,497.3739013671875,1009.2449340820312,538.1043701171875,974.7117919921875,537.430419921875
979.265625,414.5965576171875,981.8106079101562,410.6730651855469,976.09228515625,411.10162353515625,985.3372192382812,411.7325134277344,971.631103515625,412.906494140625,992.1890258789062,429.7171630859375,967.851806640625,431.379638671875,1000.76318359375,451.32940673828125,960.3709716796875,453.48516845703125,1003.984375,470.1126708984375,958.0230712890625,471.7445068359375,993.2633056640625,470.56060791015625,976.70751953125,471.4503173828125,1002.6897583007812,496.6412658691406,968.7255859375,497.3531799316406,1011.0646362304688,533.246337890625,967.4705200195312,533.9244384765625
975.9124145507812,418.21148681640625,979.3856201171875,414.2086486816406,972.7744140625,413.9410400390625,984.5797119140625,415.3330993652344,967.1419677734375,414.4060363769531,990.544677734375,433.148193359375,960.670654296875,432.0493469238281,998.8787841796875,458.63995361328125,950.8152465820312,456.41925048828125,999.212158203125,477.7239990234375,948.6485595703125,476.1506652832031,986.52685546875,476.8834228515625,966.6377563476562,476.6529541015625,996.0452880859375,505.16143798828125,965.8636474609375,505.0322265625,1002.7491455078125,548.999755859375,968.7603149414062,548.40625
972.5073852539062,420.4146728515625,975.8442993164062,416.61627197265625,969.076171875,416.3323059082031,980.9320678710938,417.75177001953125,962.9886474609375,416.8759765625,985.1966552734375,438.34381103515625,954.28955078125,435.8087158203125,994.0350341796875,465.1390686035156,942.1353149414062,456.2742004394531,999.7655639648438,491.9295959472656,935.9158935546875,475.51348876953125,975.821533203125,481.49951171875,958.3566284179688,480.7235412597656,971.1945190429688,517.1719970703125,963.4295654296875,517.2342529296875,962.810302734375,555.9517822265625,969.2503662109375,559.041748046875
963.8795166015625,423.4825744628906,967.9755249023438,419.2923583984375,960.3198852539062,419.0175476074219,974.7896728515625,421.4649658203125,954.8680419921875,420.49853515625,980.949462890625,442.77001953125,948.2198486328125,440.990478515625,990.2003173828125,467.81475830078125,935.338134765625,463.93914794921875,989.0150756835938,490.12811279296875,929.8280639648438,487.48126220703125,972.6080932617188,490.6427001953125,952.8800048828125,489.61669921875,967.2299194335938,526.0863647460938,956.1170654296875,525.2709350585938,966.8527221679688,563.8286743164062,961.375732421875,562.4775390625
963.967041015625,423.50628662109375,968.055908203125,419.31414794921875,960.4056396484375,419.04583740234375,974.8731689453125,421.4703369140625,954.964599609375,420.51654052734375,981.1165771484375,442.743408203125,948.2552490234375,440.9858093261719,990.66748046875,467.69464111328125,935.2578735351562,463.89312744140625,989.759765625,490.02880859375,929.6529541015625,487.42657470703125,972.7210693359375,490.71710205078125,952.9367065429688,489.6975402832031,967.255859375,526.31005859375,956.1425170898438,525.497314453125,966.79638671875,564.0316162109375,961.308349609375,562.6994018554688
958.6126098632812,423.9872131347656,962.3397216796875,420.3860778808594,955.5030517578125,419.5648498535156,967.7186279296875,421.91705322265625,949.9136962890625,419.86285400390625,972.2927856445312,443.58502197265625,941.716064453125,438.7013854980469,978.104248046875,472.35906982421875,931.2286376953125,462.87322998046875,971.6083984375,499.4579772949219,929.784912109375,490.0948791503906,964.74169921875,489.7284851074219,946.703125,487.094482421875,961.204833984375,530.7298583984375,949.0361328125,527.3888549804688,956.8152465820312,572.180908203125,958.1936645507812,568.0091552734375
950.1998291015625,426.34796142578125,954.2998046875,422.5567626953125,947.0088500976562,421.8739929199219,960.1534423828125,424.7825927734375,940.8726806640625,422.710693359375,965.7401733398438,445.22003173828125,932.6429443359375,441.6182556152344,971.0323486328125,471.25665283203125,914.76513671875,462.4660949707031,969.1307373046875,492.75994873046875,906.5498657226562,487.2386474609375,957.308837890625,491.00738525390625,936.4744873046875,489.34014892578125,956.5742797851562,527.5621337890625,937.879150390625,526.2020263671875,961.889404296875,564.385009765625,945.2669677734375,561.8345336914062
941.7392578125,427.7961730957031,945.334716796875,424.292724609375,939.121826171875,423.60760498046875,951.939208984375,424.7840881347656,934.8348999023438,423.1123352050781,959.3794555664062,443.5701904296875,926.0621337890625,439.1865234375,962.5054321289062,467.3412780761719,911.3631591796875,460.44744873046875,955.0909423828125,485.5487365722656,902.1311645507812,490.091552734375,951.5692138671875,486.71148681640625,929.9150390625,484.1611633300781,955.7952880859375,526.0113525390625,924.7747192382812,521.5748291015625,959.0062255859375,566.621826171875,929.2042236328125,560.0960693359375
929.4964599609375,429.3798828125,933.52197265625,425.4026184082031,926.629638671875,425.2647399902344,940.898681640625,427.2404479980469,921.81494140625,426.94830322265625,948.968994140625,446.98016357421875,915.6831665039062,445.64288330078125,952.1602783203125,473.1234130859375,900.701171875,467.73040771484375,940.444091796875,490.64959716796875,895.9814453125,487.9305419921875,943.5470581054688,492.0921630859375,920.612548828125,491.1097412109375,947.3846435546875,522.235595703125,911.8843994140625,521.21142578125,959.7974853515625,560.0139770507812,920.3883056640625,558.04931640625
920.4977416992188,427.59173583984375,924.1353149414062,424.0483703613281,917.1800537109375,423.6539306640625,931.2801513671875,426.037841796875,911.7357788085938,424.9635009765625,941.1644897460938,446.76812744140625,903.9318237304688,444.2018737792969,948.3623046875,469.9754333496094,888.8490600585938,467.8374938964844,938.4120483398438,486.03857421875,880.193115234375,499.4344482421875,937.3416137695312,492.9612121582031,910.9894409179688,491.06396484375,947.516845703125,525.2569580078125,897.8032836914062,521.3642578125,960.802001953125,567.1903076171875,897.9603271484375,561.974365234375
920.4559326171875,427.60809326171875,924.108154296875,424.0630187988281,917.14794921875,423.65936279296875,931.2987060546875,426.0561218261719,911.7198486328125,424.95623779296875,941.1983642578125,446.80865478515625,903.9019775390625,444.1549987792969,948.2883911132812,470.1982727050781,888.799560546875,467.76556396484375,938.1134033203125,486.4703063964844,880.2434692382812,499.3795166015625,937.363525390625,492.85162353515625,910.9638061523438,490.92095947265625,947.6004638671875,525.1019897460938,897.8453369140625,521.1741333007812,960.8267822265625,567.0817260742188,898.0438842773438,561.842041015625
908.2146606445312,426.8514404296875,911.8453369140625,423.3326110839844,905.3046875,423.16424560546875,919.24365234375,425.0622253417969,900.4974365234375,424.7109375,927.7498779296875,442.2867431640625,892.743408203125,445.493408203125,940.0811767578125,454.9369812011719,876.3778076171875,473.2830810546875,935.19677734375,455.4267578125,870.8959350585938,500.76971435546875,923.81298828125,491.77423095703125,897.9935302734375,492.3721923828125,937.9839477539062,524.0186157226562,884.4176025390625,523.5960083007812,956.337158203125,566.3316650390625,879.6639404296875,565.7526245117188
895.7700805664062,429.27313232421875,899.145751953125,425.7770690917969,892.874267578125,425.74835205078125,905.716796875,427.07867431640625,888.348388671875,427.0503845214844,913.7730102539062,443.4853820800781,880.3917236328125,448.1534729003906,930.9208374023438,451.1582336425781,866.470947265625,475.26068115234375,937.9194946289062,449.7999572753906,860.1767578125,503.35894775390625,909.4779052734375,493.8397216796875,883.3855590820312,494.9410400390625,932.486572265625,524.0604248046875,867.0452270507812,524.0570068359375,954.7476806640625,567.6031494140625,855.63720703125,567.2850341796875
881.4093017578125,431.221923828125,884.746337890625,427.4935302734375,878.8720092773438,427.8355712890625,892.5950927734375,427.62811279296875,876.2210693359375,428.75482177734375,903.1697387695312,442.7053527832031,870.2237548828125,449.3165588378906,923.1292724609375,448.568115234375,853.2882080078125,477.94049072265625,930.5806884765625,446.3841247558594,844.266357421875,508.8116455078125,898.45458984375,494.0862121582031,872.536865234375,495.656982421875,921.2803955078125,526.2163696289062,855.5244140625,526.2274169921875,949.5057373046875,566.3687744140625,848.1077880859375,564.2978515625
867.8629150390625,433.4858093261719,871.1114501953125,429.81060791015625,865.3536376953125,429.88385009765625,879.745849609375,430.7892150878906,863.03955078125,430.9759521484375,891.2606201171875,446.37017822265625,858.684326171875,452.2744140625,917.1387939453125,445.20367431640625,841.6922607421875,476.7559814453125,929.2044067382812,440.3287353515625,834.0155639648438,510.27294921875,893.285400390625,495.9441833496094,868.8619995117188,497.4576416015625,910.8121337890625,524.117919921875,846.3045654296875,523.5775756835938,938.84912109375,557.5382080078125,841.4140625,555.2613525390625
853.1116333007812,438.2031555175781,856.747802734375,434.4011535644531,850.9092407226562,434.5972595214844,865.5587768554688,435.6748046875,849.1343994140625,436.5846862792969,875.2922973632812,452.28375244140625,843.30712890625,461.2310791015625,902.9686889648438,452.010498046875,824.8826904296875,487.2120666503906,916.3951416015625,448.8196105957031,814.283935546875,516.8224487304688,876.9962158203125,507.45074462890625,855.4332275390625,511.37738037109375,897.467529296875,532.1817626953125,855.4742431640625,535.6533813476562,921.7781982421875,563.0450439453125,862.0413208007812,567.1294555664062
853.142822265625,438.220947265625,856.7499389648438,434.4090576171875,850.9344482421875,434.62811279296875,865.4913330078125,435.6484680175781,849.1397705078125,436.6201171875,875.2518310546875,452.193603515625,843.2554321289062,461.2767333984375,903.0140991210938,451.72869873046875,824.763671875,487.1906433105469,916.616943359375,448.51898193359375,814.2066650390625,516.6730346679688,877.0897216796875,507.54388427734375,855.5140380859375,511.5462646484375,897.6014404296875,532.3443603515625,855.55029296875,535.9216918945312,922.0318603515625,563.276123046875,862.1466064453125,567.487548828125
835.0650634765625,447.249267578125,838.50634765625,442.91607666015625,833.9736328125,442.9913635253906,849.0829467773438,444.3389892578125,837.1203002929688,444.4417724609375,862.623046875,466.2737731933594,833.857177734375,467.8735656738281,876.8271484375,488.25286865234375,813.617919921875,490.8994140625,865.055419921875,512.878662109375,792.9327392578125,520.404052734375,869.412109375,520.3533935546875,850.5958251953125,521.2266845703125,884.2900390625,548.5454711914062,853.2747802734375,550.1785888671875,897.99462890625,575.7469482421875,861.076171875,579.4804077148438
825.0496215820312,459.62017822265625,827.4882202148438,455.9982604980469,823.6978759765625,456.474609375,834.8612060546875,455.59283447265625,823.8896484375,456.3855285644531,850.7246704101562,470.7637939453125,828.7548828125,471.120361328125,852.40869140625,495.054443359375,811.9609375,490.56854248046875,843.3945922851562,510.98443603515625,792.57861328125,508.00189208984375,872.8455810546875,516.7125244140625,857.0001220703125,516.9750366210938,880.9132080078125,544.240966796875,853.0516357421875,544.1969604492188,908.669189453125,579.635009765625,871.372314453125,577.0635986328125
816.6519775390625,478.53070068359375,818.9127197265625,475.057861328125,815.566162109375,475.72564697265625,827.591064453125,476.1226501464844,818.0384521484375,477.9176330566406,841.8489990234375,489.87872314453125,813.853271484375,495.3697509765625,861.9188232421875,488.537353515625,790.994873046875,503.40704345703125,864.3638305664062,479.06134033203125,772.419189453125,503.7895202636719,845.25244140625,540.4532470703125,825.6229248046875,542.1624755859375,849.5582885742188,573.7551879882812,807.0734252929688,576.355224609375,859.7590942382812,611.73828125,797.1727294921875,616.0466918945312
805.9698486328125,482.2004699707031,808.6756591796875,478.7269592285156,803.791748046875,479.2944030761719,816.284423828125,481.08447265625,805.251708984375,482.4918212890625,827.9036865234375,497.3507080078125,803.9456176757812,500.5723876953125,842.55419921875,502.83111572265625,784.88427734375,511.5755310058594,844.0924072265625,490.4579772949219,771.4469604492188,507.1378173828125,834.1490478515625,546.0457153320312,817.6883544921875,546.7107543945312,831.6296997070312,579.289794921875,798.9779663085938,579.9610595703125,840.8812866210938,622.08984375,794.1864013671875,622.8217163085938
793.231689453125,490.5306701660156,795.583251953125,486.98675537109375,791.1492919921875,487.98828125,804.3026733398438,487.57861328125,790.42578125,490.1112060546875,819.2113037109375,499.1694030761719,788.1793212890625,504.50604248046875,830.8141479492188,507.97186279296875,779.658447265625,518.426025390625,829.2456665039062,501.735107421875,781.4554443359375,512.5223388671875,827.3359375,543.6590576171875,805.1951904296875,545.9061279296875,825.0601806640625,564.50341796875,787.214599609375,567.3353271484375,832.8345336914062,603.7941284179688,784.6484375,607.5654296875
793.2028198242188,490.5045166015625,795.566162109375,486.96429443359375,791.151123046875,487.9488830566406,804.2899169921875,487.5985107421875,790.4837036132812,490.08489990234375,819.079833984375,499.2452087402344,788.1992797851562,504.47467041015625,830.2960205078125,508.2314453125,779.5966796875,518.4259033203125,828.343994140625,501.9181823730469,781.3994140625,512.4229736328125,827.08203125,543.619384765625,805.04833984375,545.80908203125,824.5958251953125,564.6810913085938,787.0658569335938,567.463623046875,832.240234375,603.9281005859375,784.527587890625,607.673095703125
782.267333984375,498.51495361328125,785.9788818359375,494.5807800292969,780.7396240234375,494.92730712890625,798.962158203125,495.30792236328125,781.881103515625,496.28875732421875,816.354736328125,509.2951354980469,784.20263671875,513.474365234375,838.55712890625,516.8046875,776.0802612304688,532.5805053710938,838.4710693359375,509.56134033203125,788.07177734375,536.9744262695312,827.2494506835938,553.343017578125,804.881591796875,554.197265625,820.83984375,565.8309326171875,782.1640625,565.5479125976562,835.9004516601562,606.2427368164062,787.2774658203125,604.3557739257812
0.0,0.0,0.0,0.0,0.0,0.0,0.0,0.0,0.0,0.0,0.0,0.0,0.0,0.0,0.0,0.0,0.0,0.0,0.0,0.0,0.0,0.0,0.0,0.0,0.0,0.0,0.0,0.0,0.0,0.0,0.0,0.0,0.0,0.0
776.9981689453125,497.29962158203125,779.5809326171875,492.7689514160156,774.360107421875,493.895751953125,789.034912109375,491.5787658691406,771.890625,494.9544982910156,805.2607421875,505.62677001953125,774.0389404296875,508.5209655761719,811.6046142578125,529.8577270507812,766.3646850585938,530.7364501953125,791.5943603515625,542.5492553710938,764.4833984375,542.5725708007812,814.953857421875,544.9925537109375,793.323486328125,545.3079833984375,797.2955932617188,560.5257568359375,774.2373046875,559.69384765625,807.447265625,604.3096313476562,789.38134765625,602.5888061523438
783.21826171875,487.35968017578125,784.728759765625,483.28387451171875,778.8015747070312,484.9827880859375,789.3626708984375,485.8839111328125,773.597412109375,489.8550109863281,804.1092529296875,503.34979248046875,768.110595703125,509.3154296875,817.5858154296875,522.0943603515625,765.4417724609375,530.7047729492188,814.3736572265625,530.6036376953125,768.3016357421875,536.71630859375,809.7405395507812,541.4481811523438,785.3814697265625,544.46728515625,817.3128662109375,561.34814453125,782.577392578125,564.6421508789062,816.1048583984375,597.4810180664062,782.9258422851562,602.5609130859375
785.2264404296875,485.07269287109375,787.189453125,478.68865966796875,778.3240966796875,481.69427490234375,793.368408203125,476.2799072265625,770.2572021484375,484.260009765625,808.1514892578125,492.973388671875,767.7372436523438,502.34027099609375,820.0572509765625,516.019775390625,764.0048217773438,529.8756713867188,807.6455078125,539.563720703125,774.7294921875,549.691650390625,818.0775146484375,539.6644897460938,791.02197265625,543.623291015625,818.4085693359375,569.0960693359375,786.7344360351562,571.4590454101562,814.8927001953125,612.3778686523438,788.71728515625,614.518798828125
784.994140625,484.94085693359375,786.985107421875,478.5782775878906,778.1200561523438,481.55743408203125,793.2171630859375,476.2198791503906,770.1302490234375,484.126953125,808.09033203125,492.987548828125,767.62841796875,502.2772216796875,820.0545654296875,516.0645751953125,763.937744140625,529.822021484375,807.689453125,539.5211791992188,774.6838989257812,549.5588989257812,818.1377563476562,539.6478881835938,791.0418090820312,543.5723876953125,818.347900390625,569.1204833984375,786.5494384765625,571.4619750976562,815.0414428710938,612.3596801757812,788.6647338867188,614.4615478515625
780.8419189453125,465.4246826171875,783.16015625,459.60919189453125,774.66845703125,461.9356384277344,788.7279052734375,459.3399658203125,767.833251953125,465.51190185546875,800.8353271484375,480.42138671875,766.4775390625,488.148681640625,814.4365234375,505.95391845703125,765.1714477539062,518.2303466796875,811.244384765625,535.744140625,772.3350830078125,543.907958984375,808.4937744140625,531.9677734375,786.6845703125,535.3009033203125,807.9158935546875,569.8854370117188,788.9793701171875,572.2076416015625,803.8480224609375,611.39990234375,790.673095703125,613.3773803710938
777.2550048828125,453.16192626953125,779.9536743164062,447.64666748046875,772.131103515625,449.52081298828125,786.0821533203125,447.65570068359375,767.2449951171875,452.73919677734375,798.3123779296875,468.12115478515625,768.4158325195312,473.9793701171875,807.9630126953125,488.46002197265625,767.3816528320312,496.4951171875,797.492431640625,492.30169677734375,773.9232177734375,497.50531005859375,805.52197265625,521.990966796875,786.1212158203125,524.29638671875,806.0419921875,566.8607788085938,789.202880859375,568.4331665039062,805.9423828125,609.9534301757812,792.2344970703125,610.7816772460938
775.4767456054688,445.1611328125,778.6048583984375,439.4440612792969,770.7205810546875,441.54608154296875,786.7467041015625,438.8902587890625,767.212646484375,444.7477111816406,801.5267944335938,459.9185485839844,769.3681640625,466.973388671875,815.0839233398438,481.7101135253906,766.4339599609375,491.79620361328125,807.6060791015625,492.5539855957031,767.9290771484375,498.6623840332031,807.6448974609375,516.4746704101562,785.9100341796875,518.9884643554688,814.8463134765625,561.0504150390625,784.29443359375,562.7816162109375,819.6494140625,602.9959716796875,785.403564453125,603.8787231445312
778.8909301757812,438.9407958984375,781.4698486328125,433.4224548339844,774.192138671875,435.4285583496094,787.3328247070312,432.6494140625,769.604248046875,438.15985107421875,800.5980834960938,452.1530456542969,768.0546875,459.15118408203125,815.8564453125,472.4393310546875,759.9132080078125,482.8154296875,817.02685546875,491.1558837890625,758.8324584960938,498.38323974609375,806.3011474609375,508.2568359375,784.971435546875,511.04034423828125,814.1453857421875,549.677978515625,782.10498046875,551.6334838867188,818.0407104492188,588.4749755859375,780.468017578125,590.27587890625
778.9261474609375,432.42828369140625,781.6294555664062,428.3870849609375,775.3764038085938,429.0906982421875,788.8309326171875,428.6325988769531,770.2919921875,430.5625,800.9998779296875,445.03369140625,766.9287109375,452.52935791015625,823.514892578125,457.614013671875,759.3223876953125,480.67266845703125,820.1348876953125,461.4839172363281,756.49755859375,509.6278076171875,805.2445678710938,502.6409912109375,782.9703369140625,505.5315856933594,808.2892456054688,549.2474365234375,777.5814208984375,551.395751953125,810.3809814453125,592.6198120117188,773.812744140625,594.7675170898438
778.9583740234375,432.3573303222656,781.661865234375,428.3163757324219,775.4082641601562,429.02435302734375,788.8764038085938,428.58343505859375,770.3404541015625,430.53106689453125,801.100830078125,445.0307922363281,766.987060546875,452.5641174316406,823.6668090820312,457.61572265625,759.3627319335938,480.7332763671875,820.1808471679688,461.42205810546875,756.497802734375,509.65374755859375,805.4268798828125,502.7193603515625,783.1138916015625,505.63421630859375,808.6880493164062,549.2568359375,777.8304443359375,551.4251708984375,810.8638916015625,592.5620727539062,774.0872802734375,594.708251953125
780.134765625,429.90533447265625,782.632568359375,425.5068054199219,775.9921875,426.47320556640625,789.3321533203125,425.9569091796875,770.2291259765625,428.25274658203125,802.6376953125,446.54052734375,765.315673828125,450.33270263671875,820.1273803710938,471.905029296875,758.3971557617188,478.02978515625,824.6764526367188,502.710693359375,754.9379272460938,507.71490478515625,805.7169189453125,502.00018310546875,781.19384765625,503.60113525390625,810.15576171875,548.5684204101562,774.2662353515625,550.4349975585938,811.2083129882812,592.0596923828125,771.9801025390625,595.033935546875
782.6834716796875,429.87939453125,785.3865966796875,425.61846923828125,778.8239135742188,426.43994140625,792.46142578125,426.2291564941406,773.2645263671875,428.2499084472656,804.8270874023438,446.47015380859375,767.7548828125,450.59625244140625,819.11767578125,470.83203125,758.2227783203125,478.905517578125,818.2827758789062,497.0765075683594,752.463134765625,509.9832458496094,806.916259765625,500.50103759765625,782.2567138671875,502.1793212890625,811.9786376953125,546.08251953125,773.5021362304688,547.9095458984375,813.22265625,588.1357421875,769.8856201171875,591.1276245117188
786.1254272460938,430.2540283203125,788.9461669921875,426.254150390625,781.90869140625,426.86309814453125,794.5504150390625,428.05499267578125,774.950927734375,429.5743103027344,803.520263671875,448.46636962890625,768.55517578125,453.0233154296875,812.876708984375,472.11383056640625,757.0618286132812,482.5291748046875,800.6805419921875,489.79644775390625,750.0974731445312,512.6639404296875,805.9568481445312,501.43328857421875,782.1134033203125,503.52606201171875,813.088134765625,545.19921875,774.453125,547.4482421875,816.0413818359375,587.659912109375,769.7982177734375,591.0272216796875
788.72021484375,430.0511474609375,791.755859375,426.1265869140625,784.725341796875,426.47027587890625,797.5418701171875,427.8245849609375,777.9395141601562,428.61700439453125,805.38427734375,448.70648193359375,771.0173950195312,451.67364501953125,810.185302734375,473.6461486816406,758.5890502929688,481.40826416015625,794.7991943359375,488.8827209472656,750.09814453125,512.1246337890625,805.8165283203125,503.69378662109375,782.31591796875,504.857421875,811.3974609375,548.4295654296875,773.4102783203125,549.4306030273438,813.6557006835938,590.9969482421875,767.9518432617188,593.0935668945312
790.5809326171875,428.9959716796875,793.7869262695312,425.36016845703125,787.3406982421875,425.43212890625,800.4882202148438,427.40850830078125,781.7952880859375,427.78729248046875,809.2157592773438,447.90899658203125,774.736328125,451.437744140625,816.5928955078125,468.6383056640625,761.4805297851562,479.7347412109375,799.389404296875,476.27197265625,753.5208740234375,508.0526123046875,809.423828125,503.35589599609375,784.977294921875,504.73199462890625,819.3436889648438,546.065185546875,772.9193115234375,547.03369140625,826.4397583007812,590.6428833007812,766.0426635742188,591.997314453125
790.5711669921875,428.998291015625,793.7735595703125,425.3629150390625,787.3331298828125,425.4370422363281,800.4674072265625,427.404052734375,781.791259765625,427.7875671386719,809.197021484375,447.89984130859375,774.7178955078125,451.4498291015625,816.5008544921875,468.6603698730469,761.49365234375,479.7897033691406,799.275390625,476.337646484375,753.5422973632812,508.10931396484375,809.4332275390625,503.3956604003906,784.9830322265625,504.7890625,819.4031982421875,546.0419921875,772.956787109375,547.041259765625,826.5107421875,590.5614013671875,766.0791015625,591.966796875
796.027587890625,423.8191223144531,799.1577758789062,420.0921630859375,792.4132080078125,420.22454833984375,805.481201171875,422.7919921875,786.517333984375,423.17376708984375,814.7611083984375,445.26629638671875,779.2811279296875,447.3095397949219,823.84326171875,468.5364074707031,766.8800048828125,475.27386474609375,809.250732421875,478.3289794921875,760.1868286132812,502.11474609375,813.3846435546875,501.51568603515625,788.424072265625,501.9925231933594,821.08251953125,545.8548583984375,775.047119140625,545.64794921875,826.31787109375,592.1793823242188,767.6328125,592.154296875
801.0443115234375,416.81103515625,804.62451171875,412.36541748046875,797.396240234375,412.3819885253906,810.4951171875,414.7899169921875,792.214599609375,414.7667541503906,819.7642822265625,438.8346862792969,784.17626953125,438.54156494140625,829.2551879882812,468.40875244140625,772.903564453125,467.552490234375,822.375732421875,489.1439208984375,772.767822265625,488.87786865234375,815.524658203125,497.47174072265625,790.8443603515625,497.19866943359375,822.4568481445312,540.2755737304688,777.364501953125,539.8101196289062,823.3505859375,581.6989135742188,768.4998779296875,581.4091796875
804.9228515625,415.7626953125,807.789794921875,411.1270751953125,801.1689453125,411.78125,813.416748046875,412.8040771484375,796.1466064453125,414.7616271972656,824.9530029296875,435.88482666015625,789.7208862304688,437.959716796875,835.28271484375,463.39862060546875,780.8523559570312,466.02606201171875,826.7843017578125,480.044677734375,782.6915283203125,481.44390869140625,820.924072265625,494.48004150390625,796.520751953125,495.075439453125,826.818115234375,536.1705932617188,781.58642578125,536.359619140625,824.5479736328125,577.671875,770.0557861328125,578.0078125
809.5465087890625,414.0654602050781,813.142333984375,410.73175048828125,805.937744140625,410.402587890625,819.4942016601562,414.3636474609375,801.1836547851562,413.41412353515625,829.7722778320312,437.1389465332031,795.4147338867188,436.1164855957031,842.8468017578125,459.54461669921875,791.3270263671875,460.9715881347656,835.8096923828125,462.156982421875,797.0933837890625,473.6483459472656,823.584716796875,493.46600341796875,799.341064453125,491.9832458496094,824.0633544921875,537.3989868164062,785.0255126953125,534.87353515625,822.1207275390625,580.1695556640625,771.293212890625,575.2083740234375
814.727783203125,413.03289794921875,818.2342529296875,409.21685791015625,810.953125,409.20513916015625,825.2037963867188,411.2939453125,805.3642578125,411.3184814453125,835.7119140625,432.9324645996094,799.783447265625,433.6585693359375,850.57421875,454.8544006347656,789.231689453125,460.55682373046875,845.4605712890625,464.47833251953125,786.2557373046875,485.1121826171875,827.2446899414062,488.2982482910156,803.1395874023438,487.36199951171875,826.7432861328125,533.169921875,790.8292236328125,530.778564453125,824.9298706054688,580.7886962890625,782.053955078125,576.1026000976562
814.851806640625,412.6326599121094,818.396484375,408.97882080078125,811.045654296875,408.9300842285156,824.9547119140625,411.7264709472656,806.20458984375,411.6009521484375,835.2998657226562,433.0730895996094,799.5767822265625,433.701904296875,851.6690673828125,454.3702697753906,788.8289794921875,460.0811767578125,846.8675537109375,463.01513671875,786.7825927734375,483.61444091796875,827.6260986328125,489.0682067871094,803.7908935546875,488.4093933105469,825.5934448242188,533.9705810546875,790.672607421875,532.0738525390625,822.2887573242188,578.5852661132812,782.1055297851562,574.4071044921875
818.3687744140625,408.9112243652344,821.9053955078125,405.0289306640625,814.2406005859375,405.1468505859375,828.1673583984375,407.4505615234375,808.7279052734375,407.6846008300781,838.1602783203125,428.588623046875,801.702880859375,429.674072265625,853.7252197265625,450.17706298828125,791.8775024414062,457.3404541015625,852.3154907226562,456.4488525390625,791.1641235351562,479.1618347167969,829.68603515625,485.0135192871094,805.8543090820312,484.58331298828125,825.6812744140625,531.865234375,794.9202880859375,530.0112915039062,821.5537719726562,578.2189331054688,789.6328125,574.02685546875
821.2219848632812,405.27227783203125,824.3479614257812,400.3135070800781,817.0680541992188,401.23052978515625,830.736328125,401.9659423828125,811.39892578125,404.6282043457031,841.1246337890625,426.75885009765625,805.4716186523438,429.5849304199219,853.8238525390625,454.0859069824219,794.69287109375,457.84735107421875,850.03369140625,477.88360595703125,792.7421875,480.1314697265625,833.5966796875,486.010009765625,810.6629638671875,486.62701416015625,831.693359375,530.1865234375,803.19482421875,530.5889892578125,827.0125732421875,571.2547607421875,797.0726318359375,571.806396484375
825.0807495117188,403.2274475097656,828.07666015625,397.93450927734375,820.2423706054688,399.0676574707031,833.46435546875,399.0064697265625,813.461669921875,402.22564697265625,841.7125244140625,422.22027587890625,807.9263916015625,426.384765625,856.334228515625,447.40777587890625,800.6488037109375,454.7247619628906,858.1806640625,471.309814453125,803.11279296875,476.00750732421875,837.1408081054688,481.6533203125,815.915771484375,483.16851806640625,835.167724609375,526.0574951171875,813.372314453125,527.057861328125,829.2750244140625,568.2863159179688,808.564453125,569.8546752929688
828.9312744140625,400.32080078125,832.2916259765625,395.1680908203125,824.0526123046875,395.73944091796875,837.318603515625,396.46466064453125,816.2861938476562,398.02496337890625,844.218017578125,419.1617431640625,811.1124267578125,421.40081787109375,858.2830810546875,443.1593017578125,803.60791015625,447.18768310546875,863.9761962890625,462.5353088378906,805.04736328125,464.89996337890625,841.5167236328125,478.57928466796875,820.9799194335938,479.67626953125,838.55078125,524.0507202148438,822.7061767578125,525.144775390625,834.1060180664062,566.46923828125,820.130615234375,567.856689453125
830.8885498046875,396.835205078125,833.5347900390625,391.5064697265625,826.0086669921875,392.71710205078125,837.808349609375,392.41351318359375,818.5247802734375,395.79437255859375,844.979248046875,415.54241943359375,813.997314453125,419.88409423828125,858.1484985351562,440.4010009765625,805.6336669921875,447.12139892578125,862.8484497070312,465.7449951171875,805.2881469726562,470.6976318359375,844.7957763671875,474.020263671875,825.6824340820312,475.9827880859375,842.4132080078125,518.4862060546875,826.751953125,520.0933837890625,840.2470092773438,561.2461547851562,826.231201171875,563.2432861328125
830.8609619140625,396.83123779296875,833.4992065429688,391.50213623046875,825.9852905273438,392.71478271484375,837.788330078125,392.41778564453125,818.49951171875,395.8059997558594,845.0062255859375,415.568603515625,813.9605712890625,419.9339599609375,858.4107666015625,440.3423767089844,805.5877685546875,447.1424560546875,863.3245239257812,465.63262939453125,805.2001953125,470.616455078125,844.806884765625,474.10260009765625,825.6668701171875,476.07623291015625,842.406982421875,518.560791015625,826.7521362304688,520.1798095703125,840.2876586914062,561.278076171875,826.2454833984375,563.2926025390625
832.550048828125,397.68341064453125,835.2398071289062,392.158447265625,827.6962890625,393.66925048828125,840.3721923828125,392.53460693359375,821.0006103515625,396.7528076171875,849.9615478515625,414.9925537109375,817.3026123046875,420.1601257324219,863.8108520507812,438.70928955078125,808.364013671875,446.107666015625,865.2908935546875,460.70294189453125,807.48046875,466.0537109375,850.2020874023438,474.8658447265625,830.027099609375,476.9777526855469,848.6923828125,519.6766357421875,832.33642578125,521.2578125,847.47265625,562.2718505859375,833.5567016601562,563.9730224609375
835.4281005859375,398.8485107421875,838.27294921875,393.62774658203125,830.5931396484375,394.92474365234375,843.35009765625,394.57403564453125,823.9404296875,398.0570983886719,853.9007568359375,417.5484924316406,818.658203125,422.0369873046875,869.7471313476562,441.9271545410156,808.699951171875,448.6927185058594,873.764404296875,467.0655517578125,808.613525390625,471.7964172363281,854.2673950195312,476.51531982421875,832.7561645507812,478.4277648925781,853.427001953125,518.5836181640625,836.2955322265625,520.028564453125,851.5709228515625,557.9036254882812,837.897705078125,559.3265380859375
839.325927734375,398.08721923828125,842.425048828125,392.76226806640625,834.3803100585938,394.11187744140625,848.3616943359375,393.4591369628906,828.172119140625,397.05267333984375,859.8961181640625,416.5225830078125,823.4449462890625,420.70458984375,872.9398193359375,443.4493408203125,812.9371337890625,448.7845458984375,872.4207763671875,473.1784973144531,812.2816162109375,476.78277587890625,859.8685913085938,474.23956298828125,837.494140625,475.81866455078125,858.1609497070312,516.61962890625,840.6500244140625,517.640380859375,854.255126953125,556.8950805664062,841.851318359375,557.4940185546875
842.60791015625,395.4058837890625,845.21875,390.02490234375,837.8226928710938,391.591064453125,851.1622924804688,390.12744140625,831.7109985351562,394.33978271484375,862.964599609375,411.422607421875,827.78466796875,416.6248779296875,881.427978515625,433.6552734375,817.876708984375,441.7490234375,886.0953369140625,456.17254638671875,814.9869384765625,461.1771240234375,862.5770874023438,468.5285339355469,841.2533569335938,470.5630187988281,860.79150390625,511.9483337402344,844.0411376953125,513.2218017578125,858.9598388671875,553.5153198242188,844.9663696289062,554.6884765625
847.43896484375,392.58685302734375,850.3361206054688,387.3653869628906,842.9700927734375,388.658447265625,855.681884765625,387.8513488769531,837.7313232421875,391.4305419921875,865.9180908203125,409.3307189941406,834.52978515625,413.600341796875,878.0640869140625,433.5006103515625,824.8056640625,439.02001953125,879.1473999023438,456.6898498535156,822.8463134765625,460.61968994140625,867.1405029296875,463.7786865234375,847.2177734375,465.52056884765625,869.77490234375,505.42864990234375,846.292724609375,506.85748291015625,869.7037353515625,549.1596069335938,844.8836059570312,550.3681640625
847.33447265625,392.6382751464844,850.2476806640625,387.4261779785156,842.9005126953125,388.7021484375,855.625244140625,387.87200927734375,837.7197875976562,391.40814208984375,865.912109375,409.22515869140625,834.5302734375,413.44830322265625,877.9764404296875,433.42095947265625,824.823486328125,438.85101318359375,878.946044921875,456.62542724609375,822.9277954101562,460.4835205078125,867.1521606445312,463.6409912109375,847.2012939453125,465.359619140625,870.0057373046875,505.47601318359375,846.220458984375,506.8874816894531,870.0596923828125,549.1558837890625,844.7788696289062,550.3387451171875
849.203857421875,388.6286315917969,852.09619140625,383.20367431640625,844.7674560546875,384.723876953125,858.125,383.2349853515625,840.0682373046875,387.541259765625,869.0596923828125,404.8211975097656,838.159423828125,410.1422424316406,881.7350463867188,430.0573425292969,829.8768310546875,437.54290771484375,882.8089599609375,455.77239990234375,828.2606201171875,460.78643798828125,871.4207153320312,461.1092529296875,851.3699340820312,463.21575927734375,876.4447021484375,505.8232421875,848.0634155273438,507.38787841796875,878.5347900390625,549.1266479492188,845.5797119140625,550.510498046875
852.71484375,387.4541931152344,855.3619384765625,382.26904296875,848.720458984375,383.56658935546875,861.7943115234375,381.95465087890625,843.8389892578125,385.52996826171875,874.3087158203125,401.97601318359375,840.16064453125,406.91815185546875,890.47607421875,428.0688171386719,833.2586059570312,436.1736145019531,891.5069580078125,457.84808349609375,833.30908203125,462.8697509765625,877.4930419921875,457.8487548828125,855.0435791015625,459.97711181640625,884.3673706054688,501.3102722167969,852.7056884765625,502.6376037597656,887.8887939453125,542.8696899414062,852.0745849609375,544.1113891601562
857.9892578125,384.5878601074219,860.688232421875,379.6123046875,853.9130859375,380.732421875,866.7532958984375,379.7640380859375,848.5548706054688,382.68048095703125,878.7156982421875,399.65362548828125,843.8926391601562,403.92816162109375,895.0050048828125,425.3297424316406,837.384765625,433.01141357421875,896.3280029296875,452.255126953125,838.3016967773438,457.34381103515625,883.184326171875,454.2884216308594,859.890625,456.39727783203125,893.4005126953125,497.9504699707031,856.2453002929688,499.26165771484375,901.0703125,539.8035888671875,856.7801513671875,541.1013793945312
861.2073974609375,386.432861328125,863.96337890625,381.1542663574219,856.802490234375,382.84991455078125,870.626708984375,381.06817626953125,851.9840087890625,385.80133056640625,882.97705078125,401.196044921875,850.356201171875,407.570068359375,899.3919677734375,424.5656433105469,844.151123046875,434.8006591796875,902.632568359375,449.5679931640625,842.7698364257812,456.1759033203125,887.9430541992188,455.13037109375,866.1908569335938,457.87628173828125,899.6310424804688,496.82275390625,862.0833740234375,498.6023254394531,909.96826171875,538.2627563476562,863.3837890625,539.78125
869.767333984375,389.57659912109375,872.2703857421875,384.7013854980469,865.1837158203125,386.0690002441406,876.84423828125,385.40887451171875,859.0230712890625,389.0440979003906,885.79541015625,405.11016845703125,854.83642578125,410.8841552734375,902.8936157226562,426.8099365234375,850.5005493164062,437.9272155761719,911.803466796875,449.22406005859375,853.5422973632812,456.78448486328125,891.5606689453125,456.4823913574219,870.845458984375,459.57879638671875,908.6138305664062,493.13482666015625,869.7093505859375,495.32305908203125,918.8021240234375,533.0523071289062,869.7525634765625,535.48583984375
869.750732421875,389.5756530761719,872.245849609375,384.70245361328125,865.165283203125,386.0695495605469,876.7908325195312,385.40936279296875,858.9979248046875,389.04083251953125,885.74462890625,405.1021728515625,854.79296875,410.87786865234375,902.879150390625,426.7998962402344,850.47412109375,437.93023681640625,911.845458984375,449.22314453125,853.5338745117188,456.79833984375,891.576171875,456.4537353515625,870.8512573242188,459.55914306640625,908.7881469726562,493.0616455078125,869.69482421875,495.2575378417969,919.0943603515625,532.9331665039062,869.7518920898438,535.3748779296875
874.5692138671875,393.4194030761719,877.115478515625,389.58697509765625,870.8704833984375,390.040283203125,881.7196044921875,389.8959045410156,864.3985595703125,391.1883544921875,890.3146362304688,406.91888427734375,857.8595581054688,412.56536865234375,906.4521484375,424.83734130859375,851.605224609375,438.69329833984375,908.1114501953125,443.1427001953125,849.4295654296875,461.92376708984375,894.2296142578125,456.2553405761719,870.7923583984375,459.72222900390625,912.8494873046875,493.540283203125,863.9232788085938,497.9784851074219,934.74951171875,530.505126953125,866.2423095703125,537.2957153320312
879.388916015625,394.486083984375,882.730224609375,390.1678161621094,876.2449951171875,390.5750427246094,887.4087524414062,391.23443603515625,872.4717407226562,392.3652648925781,893.729736328125,410.6759033203125,869.389404296875,413.003173828125,903.2825317382812,434.54510498046875,863.4554443359375,438.6778564453125,910.1083984375,454.79510498046875,861.75732421875,457.98504638671875,896.5914306640625,458.15667724609375,878.662841796875,459.68646240234375,920.2352294921875,494.21142578125,870.7465209960938,495.4822082519531,937.9136352539062,534.055908203125,868.5008544921875,535.1688232421875
886.7301635742188,392.9664001464844,889.3496704101562,389.16302490234375,883.7005004882812,389.5481872558594,893.1143798828125,390.059326171875,878.79296875,391.24615478515625,901.4261474609375,408.0828857421875,870.2357177734375,413.80975341796875,913.290771484375,427.6103210449219,865.315673828125,440.8797912597656,911.108154296875,446.9461669921875,861.4854736328125,461.4371337890625,903.828125,457.7516784667969,879.9207763671875,460.7839050292969,927.0408325195312,491.3138427734375,873.2510375976562,496.0068054199219,946.8070068359375,528.1436767578125,872.270751953125,536.0166015625
895.5751953125,393.312744140625,898.3162841796875,389.4453125,892.3924560546875,389.725830078125,902.8389892578125,390.1782531738281,887.057861328125,390.89471435546875,911.528564453125,408.36456298828125,878.6468505859375,411.674072265625,921.2701416015625,431.87567138671875,873.590087890625,438.1495056152344,918.8690185546875,454.65728759765625,871.517578125,458.4419860839844,913.158203125,456.73150634765625,887.7950439453125,458.5762023925781,936.1363525390625,488.9285888671875,877.57861328125,492.051513671875,953.6753540039062,528.4627685546875,872.0421142578125,534.3786010742188
900.3533935546875,390.92779541015625,903.1041259765625,387.0966796875,897.6355590820312,387.426513671875,908.8858642578125,387.2913818359375,893.657470703125,388.3230285644531,919.0863647460938,404.4464111328125,886.3511352539062,408.1526184082031,931.2877197265625,425.809814453125,879.53857421875,434.30548095703125,933.8417358398438,445.8291320800781,872.8465576171875,456.1807861328125,918.8750610351562,454.03070068359375,894.0294799804688,455.64630126953125,939.4305419921875,490.0258483886719,881.88916015625,492.2956237792969,955.795166015625,530.1309204101562,873.7802124023438,533.9598999023438
900.3416748046875,391.000244140625,903.0939331054688,387.16876220703125,897.6298828125,387.5029296875,908.8819580078125,387.3455810546875,893.66064453125,388.3955383300781,919.1365356445312,404.4624938964844,886.3333740234375,408.20928955078125,931.3656005859375,425.8336181640625,879.567626953125,434.30126953125,933.9105224609375,445.9977722167969,872.9631958007812,455.9852600097656,918.9673461914062,454.02337646484375,894.0866088867188,455.668212890625,939.400390625,490.006591796875,881.9063720703125,492.3415832519531,955.864013671875,530.0792846679688,874.021240234375,534.0079345703125
909.127197265625,393.77471923828125,911.4847412109375,390.0965881347656,906.3590087890625,390.41259765625,916.9892578125,390.70135498046875,901.7777099609375,391.55804443359375,927.9570922851562,408.3565673828125,893.4871215820312,410.448974609375,939.03369140625,432.2091979980469,883.6787109375,432.84356689453125,936.9625854492188,453.31005859375,882.3114624023438,448.623779296875,928.7484130859375,454.056884765625,902.5699462890625,455.8194580078125,945.8287353515625,487.1571350097656,884.3809814453125,489.9828186035156,957.7626342773438,526.7632446289062,872.7328491210938,531.7135620117188
918.2488403320312,396.7490234375,920.429443359375,392.9761962890625,915.3524169921875,393.3758544921875,925.625,393.2769470214844,910.3222045898438,394.2087707519531,936.6227416992188,410.73529052734375,901.7901611328125,412.23663330078125,947.42724609375,433.99285888671875,888.2320556640625,434.18719482421875,942.0887451171875,453.4463195800781,887.966796875,452.66748046875,936.854248046875,455.75579833984375,910.64697265625,456.9084777832031,950.064208984375,490.30169677734375,890.641357421875,491.9751892089844,958.06640625,529.7620849609375,877.0836181640625,532.953857421875
922.4617919921875,392.8217468261719,924.7047729492188,389.045166015625,919.38916015625,389.3980407714844,929.9072265625,388.9435729980469,914.5134887695312,389.82293701171875,941.6885375976562,405.7197265625,907.21484375,407.8699035644531,954.5164794921875,424.01251220703125,896.0279541015625,428.8212890625,956.656982421875,438.95721435546875,889.4265747070312,448.40411376953125,943.826171875,452.77532958984375,918.12890625,453.84429931640625,952.2962036132812,487.8435974121094,894.3026123046875,488.93115234375,958.39990234375,527.3807373046875,880.525390625,528.7413330078125
925.8041381835938,387.1723937988281,928.7989501953125,383.3104248046875,922.7545166015625,383.41064453125,935.220458984375,384.0304870605469,918.212158203125,384.3489074707031,946.9070434570312,402.2593994140625,910.3582763671875,403.2642822265625,959.5545043945312,421.87103271484375,898.033203125,424.3575439453125,959.383056640625,436.85528564453125,892.358642578125,441.85052490234375,947.0711669921875,448.40411376953125,919.9846801757812,448.94927978515625,954.0638427734375,484.822265625,897.2763671875,485.5260314941406,960.35888671875,526.31005859375,884.6939697265625,527.3186645507812
929.3120727539062,380.792236328125,932.31298828125,377.2322998046875,926.263671875,377.1514892578125,938.8192749023438,377.7706298828125,921.2073974609375,377.4591979980469,949.0157470703125,395.818359375,913.25048828125,395.48895263671875,959.6533813476562,416.0153503417969,901.6527099609375,417.1167297363281,962.2879638671875,432.0672607421875,894.1280517578125,438.12884521484375,944.7841186523438,444.58709716796875,919.422607421875,443.80230712890625,952.2665405273438,483.9341125488281,901.1837768554688,482.80401611328125,957.7989501953125,524.4677734375,890.3328857421875,523.5984497070312
929.307373046875,380.92138671875,932.2952270507812,377.35302734375,926.2505493164062,377.284423828125,938.7874145507812,377.85906982421875,921.1829833984375,377.5792236328125,949.0230102539062,395.855224609375,913.244140625,395.563232421875,959.7164306640625,415.98193359375,901.62158203125,417.14617919921875,962.3439331054688,432.0240478515625,894.0916748046875,438.1400146484375,944.7811279296875,444.6367492675781,919.4124755859375,443.8614807128906,952.2386474609375,483.9544677734375,901.1405029296875,482.8303527832031,957.7230224609375,524.5359497070312,890.240478515625,523.6546630859375
926.7796630859375,370.8526611328125,930.3488159179688,367.170166015625,923.626708984375,367.0572509765625,938.4530639648438,368.880615234375,918.968017578125,368.56103515625,948.8680419921875,390.0604248046875,912.624755859375,389.73822021484375,959.330322265625,411.82330322265625,901.5948486328125,412.90673828125,960.6652221679688,428.23858642578125,895.2789306640625,434.39898681640625,944.9719848632812,442.11334228515625,919.5113525390625,441.35662841796875,953.2998046875,482.04412841796875,903.68115234375,480.79632568359375,959.580322265625,522.8452758789062,895.135009765625,521.6671142578125
929.2359008789062,366.8301086425781,932.6392822265625,362.8464660644531,925.7578125,363.03436279296875,939.6388549804688,363.2431640625,921.123291015625,363.7154541015625,949.103515625,382.69708251953125,914.3255615234375,383.7442626953125,960.744873046875,404.6787109375,903.708251953125,408.55206298828125,967.6887817382812,424.330322265625,899.3281860351562,433.6401672363281,944.678466796875,434.0968017578125,920.7496948242188,434.2869873046875,953.89990234375,475.87860107421875,909.0164794921875,475.60504150390625,960.2366943359375,519.4662475585938,902.5200805664062,518.8602294921875
931.3699951171875,363.9883117675781,934.710693359375,359.96893310546875,927.7805786132812,360.1676025390625,941.37890625,360.15985107421875,922.7296142578125,360.63714599609375,950.4930419921875,378.853515625,915.724853515625,380.2557678222656,963.229736328125,399.5439453125,905.035400390625,405.12060546875,970.74072265625,417.55413818359375,901.41748046875,431.08209228515625,945.7496337890625,430.0614013671875,921.796875,430.496337890625,956.158203125,471.47320556640625,911.1205444335938,471.20843505859375,963.6483154296875,517.364990234375,905.2706298828125,516.5108032226562
933.3082275390625,362.4017333984375,936.2950439453125,358.4327087402344,929.7343139648438,358.71173095703125,942.1495361328125,358.5389099121094,924.474609375,359.16864013671875,951.182373046875,377.099853515625,916.978271484375,378.72015380859375,963.3486328125,397.7624816894531,905.8848266601562,403.522216796875,969.1160888671875,415.33428955078125,901.712890625,429.84356689453125,946.9732666015625,428.729248046875,923.0659790039062,429.344482421875,959.2454223632812,469.185546875,911.7269287109375,469.1378173828125,967.9033203125,514.2921142578125,904.6806640625,513.8890380859375
933.7798461914062,363.9535217285156,936.731689453125,360.01873779296875,930.1551513671875,360.3130187988281,942.3773803710938,360.0872802734375,924.81982421875,360.7660217285156,951.4476318359375,378.0947265625,917.5439453125,380.02191162109375,964.5513916015625,397.77978515625,906.5108642578125,405.1861267089844,971.0478515625,413.3433837890625,902.7947387695312,432.4173889160156,947.3926391601562,428.78948974609375,923.2081298828125,429.52960205078125,961.13232421875,467.5810546875,909.4916381835938,467.273681640625,973.9488525390625,512.2216796875,903.1094970703125,510.8753356933594
933.757568359375,363.95147705078125,936.7144775390625,360.020263671875,930.1485595703125,360.3104553222656,942.3902587890625,360.0865478515625,924.8492431640625,360.7587890625,951.4808349609375,378.0709533691406,917.586669921875,380.01763916015625,964.7037963867188,397.65863037109375,906.5362548828125,405.1571044921875,971.2926635742188,413.1592712402344,902.7679443359375,432.41680908203125,947.4261474609375,428.74365234375,923.25439453125,429.492919921875,961.1773681640625,467.53692626953125,909.5487670898438,467.2369079589844,974.0455322265625,512.1150512695312,903.2066650390625,510.77178955078125
934.698974609375,368.92657470703125,937.7664184570312,365.0809020996094,931.122314453125,365.3381652832031,943.751708984375,365.6763610839844,925.8214111328125,366.29241943359375,953.3468627929688,384.14312744140625,917.92919921875,385.90472412109375,966.2904052734375,405.22216796875,906.147216796875,411.7001037597656,970.5814819335938,420.02191162109375,904.0288696289062,436.9413757324219,949.2467041015625,433.3287353515625,923.322998046875,434.13543701171875,966.997802734375,469.2022705078125,907.958984375,469.098876953125,982.316650390625,513.22412109375,900.1221313476562,512.227294921875
935.3638916015625,375.11376953125,938.8499755859375,371.26690673828125,931.9111328125,371.38214111328125,945.8673706054688,371.86712646484375,926.7752685546875,372.1732177734375,955.060546875,389.93609619140625,919.00830078125,391.20098876953125,967.294921875,412.10333251953125,906.1385498046875,417.37225341796875,968.0842895507812,427.54608154296875,904.412353515625,443.77423095703125,949.8700561523438,436.89923095703125,923.0191650390625,437.45355224609375,969.6132202148438,470.9549560546875,905.8903198242188,470.65185546875,987.0235595703125,513.262451171875,897.427978515625,512.47607421875
934.813720703125,380.10528564453125,937.7590942382812,376.5098876953125,931.4439697265625,376.725341796875,944.0504150390625,377.5236511230469,926.5881958007812,377.940673828125,954.3989868164062,395.7584228515625,918.8948364257812,397.181884765625,966.5054931640625,415.84588623046875,906.5738525390625,422.371826171875,965.9771118164062,425.4831848144531,905.9989013671875,448.1385498046875,952.1687622070312,441.53485107421875,925.334228515625,442.27362060546875,974.5984497070312,475.1103515625,908.2650146484375,474.35003662109375,991.2115478515625,514.3101196289062,897.3984375,512.055419921875
932.1692504882812,388.36041259765625,934.621337890625,384.98553466796875,929.1387939453125,385.13983154296875,939.506591796875,386.0506896972656,925.0338134765625,386.1387939453125,949.769775390625,403.9554748535156,919.416015625,403.64129638671875,959.7200317382812,422.8695373535156,907.919921875,425.608154296875,960.1122436523438,435.4833984375,904.5071411132812,447.1177978515625,951.5689086914062,447.2524108886719,927.2574462890625,446.43133544921875,972.9552001953125,478.8031005859375,909.58056640625,476.3878173828125,994.422119140625,516.9161376953125,901.2158203125,512.0430297851562
932.2904052734375,396.08990478515625,934.7578125,392.61578369140625,928.8869018554688,392.77972412109375,939.7559814453125,393.6847229003906,923.564697265625,394.06463623046875,951.210205078125,412.4100341796875,915.9409790039062,410.88690185546875,956.934814453125,436.4188232421875,905.909912109375,431.345703125,946.1054077148438,450.5193786621094,903.9136962890625,450.9193115234375,951.6060791015625,454.3867492675781,924.7183837890625,453.81024169921875,972.7320556640625,481.844970703125,907.9365234375,479.6749267578125,993.5455322265625,517.94140625,905.8629150390625,514.177001953125
932.420166015625,396.1219482421875,934.885986328125,392.65838623046875,929.0213623046875,392.814208984375,939.8507080078125,393.7358093261719,923.7030029296875,394.0912170410156,951.2001953125,412.4105529785156,916.09765625,410.8891296386719,956.78564453125,436.34967041015625,906.10107421875,431.32965087890625,945.9490356445312,450.3201904296875,904.003173828125,450.85650634765625,951.6314697265625,454.3320007324219,924.8460693359375,453.7640380859375,972.7362670898438,481.8094482421875,908.07275390625,479.66162109375,993.540771484375,517.85546875,905.874755859375,514.1334228515625
927.6256103515625,397.14947509765625,930.21630859375,393.782470703125,923.7576904296875,393.9090270996094,934.4302368164062,395.01568603515625,917.261474609375,395.2626953125,943.988037109375,413.044921875,909.8760986328125,412.4771728515625,954.1392822265625,433.43389892578125,899.9013671875,432.07373046875,949.5223388671875,445.05291748046875,898.114013671875,450.68170166015625,944.649169921875,455.09051513671875,918.8619384765625,455.21466064453125,966.4547119140625,482.1961669921875,904.8292236328125,480.94921875,991.86083984375,517.1073608398438,905.795166015625,514.6843872070312
922.6935424804688,395.931396484375,924.824951171875,392.6681213378906,918.7811279296875,392.8301696777344,927.1846923828125,394.5013427734375,911.521240234375,394.72027587890625,935.3380737304688,412.8157653808594,904.780517578125,412.083251953125,944.1787109375,433.1666564941406,890.908935546875,428.3125,933.26708984375,445.54046630859375,885.1746826171875,440.10302734375,940.2666015625,454.824951171875,916.3909912109375,455.201416015625,960.3475341796875,483.2052001953125,899.0770263671875,483.04248046875,991.2659912109375,516.36572265625,901.4864501953125,515.7452392578125
909.2142333984375,386.5408630371094,911.5101318359375,383.224365234375,906.6806640625,383.55267333984375,916.221923828125,385.20904541015625,903.444091796875,386.32012939453125,926.0872192382812,402.9703369140625,897.3734130859375,404.66510009765625,938.682373046875,420.17742919921875,883.8326416015625,422.90325927734375,937.3595581054688,426.51470947265625,880.4540405273438,430.9109802246094,928.34619140625,448.0108337402344,906.008056640625,449.82305908203125,951.2508544921875,480.3553161621094,893.280029296875,481.53955078125,986.7017822265625,515.364990234375,900.8690185546875,515.5673217773438
904.81640625,385.91009521484375,907.1991577148438,382.410400390625,901.7266845703125,382.5674743652344,910.443115234375,383.93170166015625,896.4354858398438,384.45587158203125,917.977294921875,401.23760986328125,890.1238403320312,402.4845886230469,938.4107666015625,417.6482849121094,878.7100830078125,417.6007080078125,946.1202392578125,431.5813293457031,875.9298706054688,425.510009765625,919.0989990234375,448.48126220703125,898.085693359375,449.9512939453125,942.9508666992188,479.75323486328125,893.3351440429688,481.33306884765625,974.286865234375,514.071044921875,898.1270141601562,515.35791015625
896.2037353515625,379.6593017578125,898.9324951171875,376.24407958984375,893.237548828125,376.48870849609375,903.44677734375,377.4397888183594,889.2445068359375,378.3869934082031,913.5733642578125,395.1528625488281,882.462646484375,398.47308349609375,930.5396728515625,412.7910461425781,872.97705078125,417.9400634765625,936.620361328125,425.76861572265625,860.8419799804688,429.661376953125,917.178466796875,444.255859375,895.5123291015625,446.2673034667969,930.0298461914062,477.7319641113281,889.5719604492188,480.80291748046875,950.934326171875,506.80645751953125,895.782958984375,511.890380859375
896.0404052734375,379.5877990722656,898.7777709960938,376.1796569824219,893.1153564453125,376.41387939453125,903.3502807617188,377.3918151855469,889.2229614257812,378.31500244140625,913.4804077148438,395.10040283203125,882.4938354492188,398.41632080078125,930.413818359375,412.747802734375,873.0133056640625,417.9229431152344,936.2586669921875,425.6666564941406,860.932373046875,429.66986083984375,917.121337890625,444.200439453125,895.5302124023438,446.20428466796875,929.9271240234375,477.63885498046875,889.5546875,480.71429443359375,950.85009765625,506.71014404296875,895.7180786132812,511.82171630859375
889.258056640625,376.3087158203125,892.3072509765625,372.78265380859375,885.83642578125,373.0970458984375,898.2976684570312,373.9573059082031,882.1060791015625,374.9061279296875,907.688720703125,392.22528076171875,876.6593017578125,394.1584167480469,923.8782348632812,409.21197509765625,865.2489624023438,412.6621398925781,936.7081298828125,424.010009765625,855.2371826171875,424.9959411621094,908.4732055664062,439.4154052734375,888.963134765625,440.74627685546875,918.06201171875,474.62445068359375,889.983642578125,476.3694763183594,924.5201416015625,507.833251953125,892.20458984375,510.20306396484375
881.5103759765625,379.0238037109375,884.4207763671875,375.4355163574219,878.1119384765625,375.8696594238281,891.3070678710938,376.5748291015625,873.585205078125,377.8363952636719,903.1727294921875,395.2352294921875,868.119140625,398.29412841796875,921.6658935546875,411.6827392578125,854.9154052734375,419.1611328125,933.7144775390625,422.97381591796875,842.8948974609375,431.4698486328125,902.51513671875,444.58709716796875,880.7642822265625,445.84747314453125,906.873779296875,480.86077880859375,877.5819091796875,482.03900146484375,910.5082397460938,515.4923706054688,880.2386474609375,516.3435668945312
874.6861572265625,386.57183837890625,877.470703125,382.9071350097656,871.3727416992188,383.3009033203125,884.4957275390625,383.6378173828125,866.822998046875,384.7182312011719,897.9651489257812,401.14886474609375,860.8126220703125,403.32086181640625,916.8330078125,415.02105712890625,847.8839721679688,421.7786865234375,931.135498046875,425.1797790527344,832.5736083984375,438.4743347167969,896.22216796875,450.5056457519531,873.7172241210938,450.91363525390625,894.8515625,484.66015625,868.4515380859375,484.353271484375,890.6485595703125,518.0730590820312,868.8365478515625,517.1390380859375
870.255859375,389.5599060058594,872.8943481445312,385.8712158203125,866.6798095703125,386.2344970703125,879.3358154296875,386.0126953125,861.3777465820312,386.8687744140625,892.3203125,403.0052490234375,855.452880859375,404.65667724609375,912.4077758789062,417.06695556640625,843.5520629882812,423.540283203125,932.9481811523438,431.4276123046875,828.1949462890625,445.049072265625,890.1304321289062,450.3139343261719,867.0125732421875,450.323486328125,890.372314453125,484.3852844238281,856.1827392578125,483.37176513671875,884.9884643554688,519.1044311523438,849.122802734375,516.7876586914062
860.372314453125,394.58087158203125,863.5821533203125,391.0053405761719,857.64794921875,391.1543884277344,872.07275390625,391.8943176269531,854.29443359375,392.46240234375,887.195556640625,409.088623046875,847.967529296875,411.3401184082031,909.3701171875,421.505126953125,839.979736328125,431.2165832519531,933.2432861328125,434.12890625,828.29296875,451.93389892578125,882.443115234375,456.074951171875,856.8447875976562,456.1539001464844,886.1607055664062,486.1932678222656,843.8157348632812,485.1737365722656,885.3396606445312,522.1910400390625,838.25,519.8334350585938
860.3114013671875,394.57464599609375,863.533447265625,390.9942626953125,857.5841064453125,391.1413879394531,872.0552978515625,391.88592529296875,854.2340087890625,392.4542236328125,887.19677734375,409.09295654296875,847.9385375976562,411.3460693359375,909.4268798828125,421.516845703125,840.005126953125,431.26605224609375,933.243408203125,434.03521728515625,828.224609375,452.01495361328125,882.4011840820312,456.08514404296875,856.788330078125,456.15576171875,886.0770263671875,486.09246826171875,843.7659301757812,485.05084228515625,885.339599609375,522.256103515625,838.3389892578125,519.8765258789062
854.0355834960938,401.36932373046875,856.9063110351562,397.49151611328125,850.6334228515625,398.0955505371094,864.49072265625,397.1650390625,845.911865234375,398.8058166503906,879.4773559570312,412.6944580078125,839.7182006835938,417.73065185546875,903.8702392578125,423.5379638671875,831.1263427734375,441.58941650390625,925.5076904296875,432.1195068359375,822.773193359375,465.1749572753906,875.4317626953125,460.7725524902344,848.611328125,461.9418640136719,881.4134521484375,487.5552062988281,831.32666015625,487.5497131347656,885.6409912109375,527.1126098632812,824.8676147460938,525.7984008789062
844.8821411132812,407.2667541503906,847.7481079101562,403.321533203125,841.691650390625,403.9389953613281,855.044677734375,403.37554931640625,837.6238403320312,404.9057922363281,868.0098876953125,417.15234375,830.9181518554688,423.15167236328125,889.19873046875,427.93505859375,822.529052734375,447.15252685546875,904.03662109375,431.91375732421875,820.7887573242188,467.4070129394531,867.2542724609375,461.8735656738281,840.9534301757812,464.445556640625,876.5718994140625,489.6739501953125,821.99609375,491.69024658203125,884.173828125,532.0611572265625,812.0428466796875,534.025146484375
834.896240234375,413.8477783203125,837.5888671875,410.2694091796875,831.9948120117188,410.72222900390625,845.0062255859375,410.1070556640625,827.7401123046875,411.312744140625,858.3920288085938,423.3646240234375,820.4246826171875,429.3533020019531,880.8712158203125,431.33636474609375,812.8671875,452.7669677734375,902.42919921875,435.59014892578125,809.3734130859375,471.75311279296875,856.9649658203125,467.03485107421875,829.16748046875,469.3684387207031,873.55224609375,495.44281005859375,807.9149780273438,497.3126220703125,883.957275390625,535.7978515625,793.17041015625,537.7019653320312
821.501953125,422.63323974609375,824.345947265625,418.954345703125,819.1279296875,419.42852783203125,833.4984741210938,418.4790344238281,816.9168090820312,419.6662902832031,846.852783203125,433.8597412109375,813.358642578125,437.27593994140625,861.51708984375,452.505126953125,802.3802490234375,460.76263427734375,866.501953125,470.377197265625,795.2173461914062,484.5035400390625,848.97412109375,475.02532958984375,823.2020263671875,476.1816101074219,869.4625854492188,502.2950439453125,799.6790771484375,503.4061279296875,884.5376586914062,537.3479614257812,781.8272705078125,539.63623046875
806.7767944335938,429.47515869140625,809.22265625,425.6396484375,804.5458984375,426.21514892578125,817.7367553710938,424.997314453125,803.3709716796875,426.43621826171875,831.7572021484375,439.54901123046875,802.4610595703125,443.7767028808594,850.2445068359375,462.0750732421875,795.712890625,468.28173828125,855.655517578125,490.700927734375,788.81103515625,492.1495361328125,843.0849609375,474.4790954589844,819.8776245117188,476.6181335449219,864.1331787109375,503.75946044921875,797.406982421875,507.049072265625,882.16015625,539.92333984375,780.669189453125,545.5204467773438
806.6929321289062,429.6781311035156,809.135986328125,425.85205078125,804.5289916992188,426.41656494140625,817.7301635742188,425.18798828125,803.5037841796875,426.60223388671875,831.851806640625,439.6263427734375,802.6635131835938,443.7764892578125,850.57568359375,462.18402099609375,796.2042846679688,468.036376953125,856.3295288085938,491.0838317871094,789.7301025390625,491.1727294921875,843.2169799804688,474.47027587890625,820.095703125,476.5662841796875,864.0120849609375,503.78094482421875,797.615966796875,507.1065673828125,881.616943359375,539.8923950195312,780.5931396484375,545.6119384765625
794.835205078125,443.20269775390625,797.6968994140625,439.6352233886719,794.043701171875,439.5240478515625,805.5119018554688,440.52093505859375,796.0255737304688,440.31707763671875,815.7037353515625,451.81640625,795.2401123046875,455.305908203125,826.2481689453125,467.86260986328125,787.10302734375,475.12908935546875,824.54541015625,487.7123107910156,775.842041015625,497.75994873046875,834.426513671875,481.48529052734375,815.755859375,483.417724609375,854.1943359375,508.40484619140625,790.125244140625,511.78192138671875,876.14208984375,542.1015014648438,770.4131469726562,548.1096801757812
778.9956665039062,455.2490234375,780.3580322265625,451.3385925292969,780.5989990234375,450.7491760253906,788.010986328125,451.6190185546875,795.7245483398438,449.2110595703125,795.5106811523438,468.4459228515625,807.2261962890625,463.79339599609375,780.7122802734375,498.68572998046875,789.85400390625,490.154296875,756.4774780273438,525.593505859375,759.3485717773438,514.4075927734375,822.5879516601562,499.0298767089844,835.74853515625,496.0675964355469,794.3468017578125,517.5186767578125,834.4154663085938,515.2780151367188,780.5879516601562,550.7103271484375,849.4976806640625,545.678955078125
0.0,0.0,0.0,0.0,0.0,0.0,0.0,0.0,0.0,0.0,0.0,0.0,0.0,0.0,0.0,0.0,0.0,0.0,0.0,0.0,0.0,0.0,0.0,0.0,0.0,0.0,0.0,0.0,0.0,0.0,0.0,0.0,0.0,0.0
0.0,0.0,0.0,0.0,0.0,0.0,0.0,0.0,0.0,0.0,0.0,0.0,0.0,0.0,0.0,0.0,0.0,0.0,0.0,0.0,0.0,0.0,0.0,0.0,0.0,0.0,0.0,0.0,0.0,0.0,0.0,0.0,0.0,0.0
0.0,0.0,0.0,0.0,0.0,0.0,0.0,0.0,0.0,0.0,0.0,0.0,0.0,0.0,0.0,0.0,0.0,0.0,0.0,0.0,0.0,0.0,0.0,0.0,0.0,0.0,0.0,0.0,0.0,0.0,0.0,0.0,0.0,0.0
0.0,0.0,0.0,0.0,0.0,0.0,0.0,0.0,0.0,0.0,0.0,0.0,0.0,0.0,0.0,0.0,0.0,0.0,0.0,0.0,0.0,0.0,0.0,0.0,0.0,0.0,0.0,0.0,0.0,0.0,0.0,0.0,0.0,0.0
0.0,0.0,0.0,0.0,0.0,0.0,0.0,0.0,0.0,0.0,0.0,0.0,0.0,0.0,0.0,0.0,0.0,0.0,0.0,0.0,0.0,0.0,0.0,0.0,0.0,0.0,0.0,0.0,0.0,0.0,0.0,0.0,0.0,0.0
0.0,0.0,0.0,0.0,0.0,0.0,0.0,0.0,0.0,0.0,0.0,0.0,0.0,0.0,0.0,0.0,0.0,0.0,0.0,0.0,0.0,0.0,0.0,0.0,0.0,0.0,0.0,0.0,0.0,0.0,0.0,0.0,0.0,0.0
0.0,0.0,0.0,0.0,0.0,0.0,0.0,0.0,0.0,0.0,0.0,0.0,0.0,0.0,0.0,0.0,0.0,0.0,0.0,0.0,0.0,0.0,0.0,0.0,0.0,0.0,0.0,0.0,0.0,0.0,0.0,0.0,0.0,0.0
772.069091796875,447.09521484375,774.075439453125,443.198486328125,769.1229248046875,444.0777587890625,782.41650390625,440.520263671875,768.0350341796875,442.991455078125,804.98291015625,449.6305847167969,774.033203125,453.5572509765625,825.0986328125,472.6748046875,778.3631591796875,479.44140625,821.3655395507812,492.2486572265625,777.7947998046875,492.8436584472656,827.323974609375,485.6743469238281,803.8522338867188,487.3380432128906,837.718017578125,501.77496337890625,785.7261962890625,502.7889404296875,847.185302734375,541.828369140625,779.646240234375,541.9129638671875
775.6488037109375,439.2186279296875,777.3934936523438,435.5367431640625,775.0089111328125,436.04022216796875,786.58642578125,434.0691833496094,778.3316650390625,435.35321044921875,804.6956787109375,443.03076171875,780.82421875,449.14385986328125,827.6636352539062,464.0686340332031,783.4964599609375,474.6380310058594,830.207763671875,480.94000244140625,788.9522705078125,485.19903564453125,826.1423950195312,470.1650390625,805.7979125976562,474.1566162109375,841.70849609375,501.14910888671875,782.2728881835938,506.8310546875,864.5392456054688,538.775634765625,770.65771484375,546.6449584960938
775.5668334960938,439.26324462890625,777.3487548828125,435.5757751464844,774.93017578125,436.073486328125,786.59033203125,434.0953369140625,778.161865234375,435.3842468261719,804.6510009765625,442.9692077636719,780.5860595703125,449.2288818359375,827.3052978515625,463.95587158203125,783.3555908203125,474.8469543457031,829.0577392578125,480.34271240234375,788.9060668945312,485.24847412109375,826.2460327148438,470.2828369140625,805.7398681640625,474.3456115722656,841.4913330078125,501.00335693359375,781.974853515625,506.807861328125,864.4122314453125,538.8758544921875,770.5394897460938,546.980224609375
781.694091796875,431.3777160644531,783.9434814453125,427.40673828125,779.7965087890625,428.4060974121094,793.2933349609375,426.24017333984375,780.6788330078125,428.9502868652344,811.286865234375,437.27001953125,783.17822265625,445.81787109375,836.9342041015625,456.1952819824219,786.0686645507812,469.5204162597656,838.875732421875,472.2248840332031,788.2955932617188,471.6158447265625,831.5227661132812,468.51605224609375,808.7117919921875,472.853515625,850.11181640625,495.30450439453125,788.00732421875,502.2997741699219,870.5297241210938,533.6611328125,774.7998046875,544.0986328125
790.12744140625,427.37646484375,792.3631591796875,422.6029052734375,787.21533203125,423.814208984375,800.72607421875,421.0038757324219,786.4573974609375,424.42633056640625,819.628173828125,435.52703857421875,788.9119873046875,440.86773681640625,840.483642578125,455.08074951171875,788.17041015625,464.9517822265625,844.6763916015625,479.2333984375,786.84716796875,483.76861572265625,836.9332275390625,468.5433654785156,813.636962890625,470.8323669433594,848.68017578125,495.79339599609375,786.0342407226562,497.20654296875,871.9634399414062,536.3453369140625,786.9776000976562,536.916015625
799.766357421875,424.52142333984375,802.1949462890625,420.64984130859375,796.8993530273438,421.207275390625,809.6094360351562,420.19281005859375,793.7596435546875,421.3841552734375,824.5948486328125,434.403564453125,789.6084594726562,437.71466064453125,847.130615234375,456.9333801269531,784.3500366210938,459.9913330078125,858.98876953125,479.82525634765625,790.259033203125,470.0867614746094,836.742919921875,465.201171875,810.0731201171875,467.83966064453125,861.6080932617188,494.086181640625,795.3914794921875,497.9634704589844,882.6370849609375,534.59814453125,788.0006103515625,540.6915283203125
813.3323974609375,423.54803466796875,814.9683837890625,419.705810546875,809.4229736328125,420.58489990234375,819.1861572265625,418.8199768066406,803.762451171875,420.8929443359375,831.983642578125,433.1405029296875,798.1588134765625,436.622802734375,850.8900146484375,454.97747802734375,790.2674560546875,457.54833984375,857.37109375,476.33929443359375,796.762939453125,470.56048583984375,840.77197265625,469.60479736328125,813.87939453125,473.0390625,871.7664184570312,497.06634521484375,798.0979614257812,500.90667724609375,894.869873046875,536.8016357421875,788.4366455078125,541.0201416015625
826.4951171875,421.36627197265625,828.3961181640625,417.56011962890625,822.0941162109375,418.3070068359375,831.396728515625,417.6011962890625,814.7978515625,419.4568176269531,841.1859741210938,434.17132568359375,807.2271728515625,436.95599365234375,855.248046875,457.050048828125,797.8749389648438,458.40106201171875,856.4492797851562,476.1678771972656,802.767333984375,472.93695068359375,844.5787353515625,473.4700012207031,817.004638671875,476.5584716796875,877.4481811523438,499.490966796875,799.5166015625,502.7351989746094,903.1448364257812,538.2406005859375,790.3336181640625,541.6697387695312
826.4514770507812,421.4454345703125,828.3660888671875,417.64703369140625,822.083984375,418.373291015625,831.4180908203125,417.6676940917969,814.8238525390625,419.4687194824219,841.2324829101562,434.25,807.152099609375,436.91473388671875,855.26806640625,457.12176513671875,797.2890625,458.2160339355469,856.809814453125,476.4544677734375,801.5048217773438,472.8125,844.5565185546875,473.6260070800781,816.958251953125,476.656982421875,877.3612060546875,499.556396484375,799.46337890625,502.7530517578125,903.1585693359375,538.3016357421875,790.4163818359375,541.7021484375
839.7314453125,419.2330322265625,841.415771484375,415.62139892578125,835.3775024414062,416.07598876953125,842.540283203125,416.2597961425781,827.4585571289062,417.18994140625,849.6363525390625,433.13848876953125,817.639404296875,434.7401123046875,860.3126220703125,456.0145263671875,808.5569458007812,457.0108337402344,867.939453125,475.6221923828125,809.8170776367188,475.19061279296875,851.00146484375,469.44622802734375,824.4922485351562,472.0511169433594,882.2459106445312,499.5408935546875,805.51513671875,502.21649169921875,902.5953369140625,536.95361328125,790.3421630859375,539.878662109375
854.2421875,415.79541015625,855.9744873046875,412.22576904296875,849.9342041015625,412.30059814453125,855.8267211914062,413.0118713378906,840.3148193359375,412.92523193359375,860.8353271484375,430.7626647949219,826.9888916015625,429.81475830078125,867.9775390625,455.6122741699219,811.8348388671875,451.5614013671875,870.3367309570312,473.20526123046875,810.5155029296875,472.02667236328125,857.8295288085938,467.9519348144531,829.5333251953125,469.26708984375,888.5718994140625,497.20526123046875,807.279052734375,498.05645751953125,909.392578125,536.7900390625,789.4354248046875,538.083251953125
860.2398681640625,410.61328125,862.66748046875,406.90802001953125,856.87353515625,406.9947509765625,866.24658203125,407.8692626953125,850.6298217773438,408.0367126464844,873.77294921875,426.685791015625,839.5185546875,425.2933349609375,881.7705688476562,451.13189697265625,825.134765625,445.9302978515625,883.205810546875,466.22796630859375,827.303466796875,464.2764892578125,867.5438232421875,468.1125183105469,838.443603515625,468.7039794921875,896.4786376953125,497.866455078125,814.6715698242188,497.539306640625,914.25048828125,538.9916381835938,792.5169677734375,538.3570556640625
872.7650756835938,404.5198974609375,875.1041259765625,400.95989990234375,870.006591796875,401.09771728515625,879.78369140625,402.3076171875,864.3433227539062,402.4146423339844,885.8739013671875,420.8485107421875,853.7410888671875,420.662353515625,894.7985229492188,442.074951171875,835.561279296875,442.3482666015625,895.40625,456.98651123046875,833.1992797851562,465.21685791015625,874.9891357421875,464.169677734375,848.1546630859375,464.3079528808594,902.6832275390625,496.2356872558594,821.09814453125,495.8813781738281,921.3927612304688,537.397216796875,795.9288330078125,538.24853515625
884.8698120117188,400.83660888671875,886.8458251953125,397.36334228515625,882.17333984375,397.3428955078125,889.83935546875,398.10906982421875,876.5009765625,397.775146484375,894.2108154296875,415.22869873046875,865.6426391601562,415.03546142578125,904.0821533203125,433.4566955566406,847.6741943359375,436.2886962890625,911.9122924804688,443.2033996582031,843.404052734375,455.8158874511719,882.740966796875,462.13958740234375,858.5231323242188,462.3285827636719,907.6634521484375,494.8975830078125,831.8069458007812,494.5090026855469,921.5489501953125,537.4671020507812,801.8309326171875,537.0489501953125
884.8229370117188,400.8945007324219,886.8232421875,397.42523193359375,882.1320190429688,397.3880615234375,889.8670654296875,398.18670654296875,876.419677734375,397.8117370605469,894.2228393554688,415.3303527832031,865.4763793945312,415.1607971191406,904.0994873046875,433.47723388671875,847.3262329101562,436.60369873046875,911.9111938476562,443.263916015625,842.765869140625,456.8017272949219,882.767578125,462.24566650390625,858.43310546875,462.4362487792969,907.735595703125,495.0501708984375,831.650146484375,494.64678955078125,921.6315307617188,537.5380859375,801.609619140625,537.1281127929688
899.083984375,398.8692626953125,901.23291015625,395.54412841796875,896.1575927734375,395.24200439453125,903.5411376953125,397.5137939453125,889.46728515625,396.35809326171875,906.208740234375,416.59130859375,877.1911010742188,415.0714416503906,914.103271484375,434.93450927734375,856.873779296875,436.37384033203125,920.1558837890625,440.6441345214844,853.1693115234375,455.627197265625,893.8145141601562,464.6023864746094,869.5218505859375,464.16015625,914.926513671875,496.9564208984375,844.3194580078125,495.752197265625,920.515869140625,538.3701171875,809.2721557617188,536.7777709960938
907.9493408203125,398.68475341796875,909.7615356445312,395.2815856933594,904.9058837890625,394.99688720703125,910.6444702148438,396.6636657714844,897.9224853515625,395.55352783203125,913.4559326171875,414.83489990234375,884.901123046875,413.4678039550781,923.3776245117188,430.7491149902344,866.314453125,434.47271728515625,939.464111328125,437.1290588378906,858.8695678710938,456.1907958984375,900.029052734375,465.4173583984375,876.9849853515625,464.881103515625,918.0245361328125,500.07513427734375,855.1336669921875,498.32513427734375,916.5059814453125,537.8878784179688,819.5978393554688,534.9834594726562
918.8421630859375,392.51300048828125,920.9697875976562,389.176513671875,915.66552734375,388.6854248046875,921.1644287109375,390.4084167480469,908.0281982421875,388.72491455078125,920.7174682617188,408.9147033691406,894.3868408203125,406.75482177734375,929.228759765625,427.96881103515625,876.9462890625,429.88067626953125,949.1845703125,438.09222412109375,866.4241333007812,453.34124755859375,905.905029296875,459.80621337890625,885.937255859375,458.20703125,920.4404296875,498.07696533203125,864.786865234375,495.4053955078125,919.0390625,535.5418090820312,834.07177734375,532.3079833984375
925.658935546875,391.11083984375,927.7430419921875,387.8359680175781,922.9619750976562,387.0111083984375,927.574951171875,389.29412841796875,916.818603515625,386.69775390625,926.3677368164062,406.71575927734375,903.22412109375,402.830810546875,934.360107421875,425.44805908203125,883.4691162109375,423.2822265625,951.7122802734375,435.3758239746094,871.2484130859375,446.08709716796875,911.4724731445312,455.72344970703125,894.77490234375,453.66778564453125,923.1768798828125,495.76715087890625,881.205810546875,492.59893798828125,917.2952270507812,533.6236572265625,854.4369506835938,529.4772338867188
934.2738647460938,384.0899963378906,936.0181274414062,380.83795166015625,931.0517578125,380.0076904296875,933.7938232421875,382.8380126953125,922.7823486328125,380.1708984375,930.7529296875,402.460205078125,907.8165283203125,398.4407958984375,937.9852294921875,422.84600830078125,886.979248046875,420.0149230957031,952.571533203125,431.65399169921875,873.04150390625,441.60797119140625,914.1996459960938,453.9815368652344,898.9667358398438,451.947998046875,922.4739990234375,495.775634765625,891.6728515625,492.76251220703125,912.7512817382812,534.030029296875,869.200927734375,530.6138916015625
934.1881713867188,384.0108642578125,935.94287109375,380.762939453125,930.97900390625,379.9292907714844,933.7315673828125,382.78173828125,922.7107543945312,380.10614013671875,930.6114501953125,402.40484619140625,907.6959228515625,398.39141845703125,937.693115234375,422.7807312011719,886.8067016601562,420.0112609863281,952.11474609375,431.30572509765625,873.0341796875,441.5283508300781,914.001220703125,453.967041015625,898.8396606445312,451.9342346191406,922.113525390625,495.7876281738281,891.9303588867188,492.7718811035156,912.103759765625,533.963623046875,869.5716552734375,530.5802001953125
939.5022583007812,382.3023376464844,941.556640625,378.5138854980469,936.48974609375,378.0145568847656,942.0939331054688,380.5941467285156,928.5916748046875,378.62432861328125,941.3779296875,401.80572509765625,913.61669921875,398.11029052734375,948.33544921875,422.66204833984375,889.5213623046875,416.6376953125,957.0850830078125,433.4381103515625,879.52294921875,431.80633544921875,922.3482055664062,451.8045959472656,905.3790893554688,450.12158203125,917.915771484375,492.0189514160156,898.8511962890625,491.10992431640625,909.352294921875,531.9405517578125,886.5079345703125,531.930908203125
946.7431640625,379.0210876464844,948.80615234375,375.48687744140625,943.4652099609375,374.77392578125,947.1450805664062,377.021484375,934.6506958007812,374.86944580078125,941.9853515625,396.69610595703125,919.1544189453125,392.8165283203125,950.7967529296875,420.05511474609375,897.201904296875,413.658935546875,965.1474609375,433.317138671875,882.2715454101562,437.1954345703125,918.8922729492188,445.5204162597656,907.4342651367188,444.046875,922.30419921875,488.2597961425781,923.517333984375,486.433349609375,898.6865844726562,528.0689697265625,910.7637939453125,528.47900390625
950.8200073242188,378.35174560546875,952.7638549804688,374.6766357421875,947.7160034179688,373.99127197265625,951.1068115234375,376.1069641113281,939.5638427734375,373.9543762207031,945.5274658203125,395.7906188964844,924.9912109375,391.80072021484375,957.9625244140625,418.8377685546875,900.659912109375,413.38848876953125,972.0902099609375,433.17608642578125,886.2852783203125,439.2516174316406,922.5195922851562,443.6421203613281,912.256103515625,441.949462890625,928.478515625,487.839599609375,927.543701171875,485.399658203125,912.8797607421875,531.776611328125,917.1937866210938,530.9576416015625
959.1822509765625,375.8881530761719,959.0980224609375,371.7230224609375,957.1319580078125,372.151611328125,951.04052734375,372.74090576171875,950.6090698242188,374.3974609375,933.8321533203125,393.16094970703125,946.8267822265625,395.1737060546875,908.7412719726562,419.273681640625,955.0570068359375,419.5433349609375,895.187744140625,436.7112121582031,967.3226318359375,435.4913330078125,918.9028930664062,443.5423278808594,925.5628662109375,444.5400695800781,932.6248779296875,485.0386962890625,936.3365478515625,487.0379333496094,926.1469116210938,528.6214599609375,924.38818359375,534.6466674804688
