x0,y0,x1,y1,x2,y2,x3,y3,x4,y4,x5,y5,x6,y6,x7,y7,x8,y8,x9,y9,x10,y10,x11,y11,x12,y12,x13,y13,x14,y14,x15,y15,x16,y16
632.925048828125,382.0859375,631.9569091796875,379.0636291503906,633.3683471679688,378.5972595214844,627.9326782226562,383.51165771484375,644.4481201171875,381.3262634277344,623.5593872070312,403.4810485839844,656.0074462890625,397.9875183105469,611.3036499023438,417.7790222167969,665.0797729492188,407.1795654296875,611.5618896484375,411.499755859375,655.7625732421875,402.46875,640.1885986328125,450.4052429199219,660.8405151367188,448.2514953613281,645.6985473632812,492.0107421875,659.5333862304688,488.25689697265625,655.1661987304688,533.6860961914062,661.1168212890625,526.66748046875
632.7742919921875,381.675537109375,631.8356323242188,378.6558837890625,633.281494140625,378.318115234375,627.7546997070312,383.1707458496094,644.5799560546875,381.477783203125,622.8174438476562,402.575439453125,656.371826171875,398.8829040527344,608.621337890625,413.4850158691406,666.3546142578125,409.68206787109375,609.2039794921875,397.8978271484375,658.0687866210938,401.3988037109375,638.8532104492188,451.3014221191406,660.214599609375,449.7434387207031,643.5325927734375,492.3232421875,658.9768676757812,489.153564453125,653.2752075195312,532.82958984375,661.209228515625,526.3740844726562
633.9447631835938,381.5888671875,632.513671875,378.5083312988281,634.0961303710938,378.2820739746094,627.058349609375,382.80865478515625,643.871826171875,381.2690124511719,622.1248779296875,401.8262023925781,655.7525024414062,398.47698974609375,608.2719116210938,413.916259765625,667.2230224609375,410.808349609375,606.34423828125,398.6374816894531,658.7859497070312,401.9556884765625,637.0592651367188,450.1994934082031,658.632080078125,448.75042724609375,639.6646728515625,491.0101318359375,657.177734375,488.10064697265625,649.5838623046875,530.7341918945312,661.2813720703125,524.7877807617188
631.9595336914062,381.61944580078125,630.731201171875,378.5119934082031,632.530517578125,378.4171142578125,625.81298828125,382.484619140625,643.4324951171875,381.5546875,620.2534790039062,400.5752868652344,654.8236083984375,399.0037536621094,602.5440673828125,408.0614929199219,667.2060546875,411.5684814453125,600.32080078125,390.36444091796875,662.4407958984375,405.2886657714844,634.3544311523438,450.19049072265625,656.2924194335938,449.3273620605469,637.83837890625,490.63958740234375,655.875244140625,488.26849365234375,646.9290771484375,530.4112548828125,661.0150756835938,524.8030395507812
631.8787841796875,381.5904541015625,630.6593017578125,378.4853515625,632.4581909179688,378.37823486328125,625.7289428710938,382.4825439453125,643.3890380859375,381.52716064453125,620.127685546875,400.5682067871094,654.7772216796875,398.9784851074219,602.5043334960938,407.97332763671875,667.203857421875,411.3804016113281,600.3529663085938,390.3117370605469,662.2515869140625,405.00640869140625,634.32666015625,450.1007080078125,656.3104248046875,449.24188232421875,637.9993286132812,490.54400634765625,655.9631958007812,488.19775390625,647.0288696289062,530.3922729492188,660.98046875,524.8470458984375
630.912841796875,381.2452697753906,629.6402587890625,378.10443115234375,631.4335327148438,378.12255859375,624.6904907226562,382.11651611328125,641.9927978515625,381.46307373046875,619.1190795898438,400.62744140625,653.2551879882812,399.04986572265625,599.780029296875,407.91741943359375,665.64306640625,411.8243713378906,597.8361206054688,391.0037841796875,664.31396484375,407.3745422363281,632.362060546875,450.379638671875,653.9953002929688,449.4204406738281,634.99853515625,489.611083984375,653.8516235351562,486.7190246582031,643.6864013671875,529.8760986328125,660.0404052734375,522.9927368164062
628.7078857421875,380.5609130859375,627.4916381835938,377.806640625,629.5860595703125,377.8540344238281,623.9560546875,382.1844787597656,640.6405639648438,381.62860107421875,619.6932983398438,400.753662109375,650.9686889648438,398.9195861816406,601.1083984375,409.5925598144531,663.1032104492188,410.68072509765625,596.9676513671875,392.4940185546875,663.6884765625,404.31982421875,632.8588256835938,451.8717346191406,652.4862060546875,451.0099182128906,630.349853515625,491.52313232421875,649.4741821289062,489.00555419921875,643.932373046875,531.4974365234375,660.2637939453125,524.8142700195312
632.4412231445312,381.68572998046875,629.9241333007812,378.32415771484375,631.9094848632812,378.37744140625,622.2301635742188,382.5235900878906,639.052001953125,381.25750732421875,616.6185302734375,402.851806640625,650.214599609375,399.0760803222656,599.8644409179688,413.510009765625,662.337646484375,414.0750427246094,595.5072021484375,393.3923034667969,659.4453735351562,408.31591796875,629.8854370117188,451.8978271484375,652.0377197265625,449.936767578125,628.7842407226562,492.09368896484375,652.0975952148438,487.4292907714844,635.4652099609375,534.22265625,660.4432983398438,524.122314453125
626.193359375,382.922607421875,624.5785522460938,379.92120361328125,626.2060546875,379.64349365234375,620.1890258789062,384.4219970703125,636.5152587890625,382.2218933105469,615.9384765625,404.74609375,648.8207397460938,399.510009765625,598.2583618164062,418.1341552734375,660.7740478515625,415.4654235839844,592.241943359375,399.31451416015625,657.2796630859375,411.06561279296875,629.41650390625,452.66070556640625,651.4612426757812,449.9031982421875,623.6492309570312,493.057373046875,651.1544189453125,487.6883239746094,625.6813354492188,535.8052368164062,657.5650024414062,524.7249145507812
622.3764038085938,385.6147155761719,621.1170654296875,382.497314453125,622.7003173828125,382.0234680175781,618.050048828125,386.59185791015625,634.3311157226562,383.8389587402344,613.7755737304688,408.0380859375,647.5494384765625,401.7299499511719,596.39501953125,426.3258972167969,658.8566284179688,420.64801025390625,589.4185180664062,406.8319396972656,653.5444946289062,414.0665283203125,626.6033325195312,456.2705993652344,649.8458862304688,452.9732666015625,617.6451416015625,495.0848388671875,650.0675659179688,489.39984130859375,617.7421875,537.2551879882812,656.342529296875,526.2687377929688
622.3013305664062,385.5638122558594,621.0693969726562,382.4557800292969,622.6294555664062,381.97552490234375,618.0667724609375,386.5954895019531,634.2857055664062,383.8265686035156,613.78173828125,408.07867431640625,647.4857788085938,401.75018310546875,596.304443359375,426.3111267089844,658.6852416992188,420.69659423828125,589.3175048828125,406.6315002441406,653.4365234375,414.18408203125,626.6456298828125,456.19525146484375,649.827392578125,452.8807373046875,617.700439453125,495.045654296875,650.0193481445312,489.31463623046875,617.8126831054688,537.2277221679688,656.2581787109375,526.1529541015625
619.5839233398438,386.6115417480469,618.4536743164062,383.5770568847656,619.9155883789062,382.87957763671875,615.912109375,388.45269775390625,631.2603149414062,384.99920654296875,612.2824096679688,411.2695617675781,644.7919311523438,403.9300537109375,599.25048828125,433.11773681640625,655.9666748046875,423.8591003417969,589.3184814453125,425.5695495605469,649.1403198242188,425.7088928222656,625.1351928710938,458.23443603515625,648.4112548828125,454.5400085449219,611.6080322265625,495.84246826171875,649.76904296875,490.2503662109375,610.2611083984375,537.9158935546875,658.6214599609375,528.01025390625
615.0856323242188,391.1841735839844,614.5252075195312,388.26971435546875,615.9891967773438,387.6016845703125,613.9703369140625,392.595947265625,628.193115234375,389.6114501953125,610.635498046875,414.82550048828125,641.8080444335938,408.0827331542969,596.9580078125,437.44390869140625,653.9483642578125,427.450439453125,587.7958374023438,434.7339782714844,652.1466674804688,430.1882019042969,622.7025146484375,460.4512634277344,645.3051147460938,457.0414733886719,608.4271850585938,497.3157958984375,649.0285034179688,492.45770263671875,604.9322509765625,537.9292602539062,658.1409301757812,529.6400146484375
613.3473510742188,396.15185546875,612.1199951171875,393.0777587890625,613.944580078125,392.4535217285156,610.3392333984375,396.17120361328125,625.6195068359375,392.79730224609375,608.9376220703125,417.7178955078125,640.24658203125,409.4977111816406,593.5399780273438,442.0398864746094,654.7655639648438,431.46337890625,580.34814453125,438.20501708984375,654.1509399414062,439.1219177246094,618.7853393554688,463.67437744140625,641.6478271484375,459.8317565917969,604.5618896484375,501.26385498046875,648.08349609375,494.6444091796875,598.7388916015625,542.7349853515625,660.7931518554688,531.0159912109375
611.3140869140625,398.25494384765625,609.745361328125,395.11322021484375,611.6849365234375,394.5692138671875,607.1998291015625,398.58563232421875,622.736328125,395.23590087890625,606.9241333007812,420.98590087890625,637.00830078125,412.74420166015625,593.2557373046875,445.39190673828125,651.2991333007812,434.4925537109375,579.3182373046875,440.53619384765625,649.1337280273438,440.5299377441406,617.177001953125,468.2752990722656,639.4796142578125,464.4610900878906,601.67333984375,503.63134765625,645.3177490234375,497.09234619140625,597.1829833984375,543.554443359375,660.8963623046875,532.10791015625
603.0042114257812,398.83685302734375,602.4855346679688,395.69805908203125,603.7991333007812,395.1337585449219,603.258056640625,399.3720703125,616.9866943359375,396.5251770019531,601.8604736328125,421.9818115234375,632.5199584960938,415.0569763183594,586.96533203125,444.7662658691406,647.7406616210938,438.4117431640625,571.7254028320312,443.8040771484375,648.3033447265625,448.7540588378906,614.3870849609375,467.9134826660156,636.6222534179688,464.022705078125,600.6030883789062,503.55810546875,641.8956298828125,497.27984619140625,601.3005981445312,543.463623046875,660.398193359375,531.4239501953125
602.9531860351562,398.8206787109375,602.4524536132812,395.68487548828125,603.7545166015625,395.11517333984375,603.296630859375,399.3712463378906,616.9827270507812,396.5111083984375,601.96533203125,421.9556884765625,632.52099609375,415.05670166015625,587.1775512695312,444.6855163574219,647.7806396484375,438.43914794921875,571.8228759765625,443.8812561035156,648.2783813476562,448.9850769042969,614.4992065429688,467.9076232910156,636.6664428710938,464.0266418457031,600.6900024414062,503.53326416015625,641.902099609375,497.28875732421875,601.3236083984375,543.4502563476562,660.3936157226562,531.4797973632812
600.2300415039062,398.05072021484375,599.3028564453125,394.8746643066406,600.531494140625,394.32586669921875,598.7689208984375,398.5409851074219,612.3372192382812,395.383056640625,597.510498046875,420.7317199707031,627.3394775390625,413.4052734375,582.8128051757812,441.71221923828125,643.83203125,437.5367431640625,567.6130981445312,442.3478698730469,647.2927856445312,455.286865234375,612.1564331054688,467.4765625,633.541748046875,463.40435791015625,600.3086547851562,503.63568115234375,638.7723388671875,496.3729248046875,601.8724975585938,543.4022827148438,657.44091796875,529.4267578125
593.9554443359375,395.2169494628906,594.4097290039062,392.90740966796875,595.8883666992188,392.33929443359375,597.551025390625,397.9979248046875,609.4302368164062,396.03253173828125,595.2543334960938,417.9043884277344,624.4501953125,413.80023193359375,581.9063720703125,440.8294677734375,639.7916870117188,434.7596130371094,572.4613647460938,446.1513366699219,644.1229858398438,448.5903625488281,611.681396484375,467.19873046875,631.109375,465.0230407714844,601.8935546875,504.263916015625,631.7457885742188,500.6337890625,606.8045043945312,548.5159301757812,641.186767578125,541.5740966796875
591.872314453125,394.65142822265625,591.3328247070312,391.7806091308594,592.9454345703125,390.5125732421875,592.58251953125,396.0137023925781,607.2418212890625,390.83367919921875,593.2138061523438,419.6322021484375,623.58642578125,408.6649169921875,581.8270874023438,442.1536560058594,637.9810180664062,432.0923767089844,568.7840576171875,439.2558288574219,636.2620849609375,452.69537353515625,608.7009887695312,467.5083923339844,629.812255859375,461.9491271972656,598.9558715820312,501.7159423828125,629.9984741210938,491.90936279296875,601.216064453125,543.7254638671875,640.9576416015625,526.6901245117188
590.4449462890625,394.345458984375,589.8634643554688,391.1855163574219,590.6840209960938,390.51068115234375,590.6783447265625,395.9796447753906,603.7423095703125,392.1827392578125,590.5536499023438,419.4071960449219,618.7894287109375,411.0609130859375,575.7805786132812,440.565673828125,633.6980590820312,433.5123291015625,561.0222778320312,444.5660400390625,636.6976318359375,453.9563903808594,606.486572265625,463.47003173828125,624.9912719726562,459.1897277832031,599.211181640625,500.51263427734375,621.4595336914062,492.88568115234375,602.9190063476562,543.1036376953125,631.4500122070312,528.2664184570312
588.3472290039062,395.38604736328125,587.6251831054688,392.32794189453125,588.9273071289062,391.45843505859375,587.5985717773438,397.0157165527344,602.4551391601562,392.75244140625,586.749267578125,420.4391784667969,616.889404296875,411.2243347167969,572.6504516601562,442.7154846191406,631.9599609375,432.3572692871094,561.1552734375,448.36322021484375,634.6217041015625,452.3387756347656,603.2057495117188,465.1635437011719,622.0992431640625,460.6995544433594,596.4465942382812,502.679931640625,612.0066528320312,495.00897216796875,603.1672973632812,543.4654541015625,618.3402709960938,529.0438842773438
588.3350219726562,395.3822021484375,587.6215209960938,392.3179931640625,588.9151000976562,391.4554443359375,587.64111328125,396.99713134765625,602.4735717773438,392.7526550292969,586.8175659179688,420.40631103515625,616.92822265625,411.2395935058594,572.669189453125,442.6416931152344,631.969970703125,432.4189147949219,561.10302734375,448.28997802734375,634.595947265625,452.4589538574219,603.2249145507812,465.1524963378906,622.09716796875,460.7067565917969,596.4785766601562,502.66162109375,611.9855346679688,495.02197265625,603.1865844726562,543.458740234375,618.310791015625,529.09033203125
585.8506469726562,398.549560546875,584.9071655273438,395.55157470703125,586.77978515625,394.6131286621094,583.9312133789062,399.6999206542969,600.2274169921875,395.5218200683594,583.0077514648438,422.1618957519531,614.56494140625,413.50299072265625,570.6327514648438,446.2689514160156,629.3702392578125,435.2847900390625,559.953125,453.72113037109375,630.1928100585938,453.2174072265625,601.23388671875,467.7046203613281,620.8452758789062,463.59228515625,592.0506591796875,506.249267578125,606.9677734375,499.59356689453125,603.3280029296875,546.3817749023438,614.1282348632812,533.8223876953125
586.824462890625,400.4326477050781,585.71533203125,397.4697265625,587.0603637695312,396.57159423828125,583.88330078125,401.9134521484375,598.3402099609375,397.609375,582.9149169921875,424.6927795410156,612.3955688476562,415.26617431640625,572.5725708007812,449.4162292480469,626.5433349609375,437.5164489746094,561.8629150390625,456.92559814453125,627.93359375,457.2267150878906,599.1669311523438,470.1712646484375,618.1611328125,465.554931640625,586.0134887695312,506.7691650390625,605.3846435546875,499.03765869140625,598.791748046875,545.8685913085938,617.7659912109375,531.6052856445312
584.7237548828125,403.8577880859375,584.2315673828125,401.2937316894531,585.7085571289062,400.5079345703125,583.5443115234375,405.2774353027344,596.65576171875,402.15283203125,582.4199829101562,425.20635986328125,610.043212890625,417.95355224609375,574.5557861328125,450.6979064941406,624.4053955078125,438.07635498046875,567.68701171875,460.8641662597656,627.96875,450.6280517578125,597.42138671875,471.152099609375,615.5634765625,467.53057861328125,577.5608520507812,504.56414794921875,601.1077880859375,499.3939208984375,596.7762451171875,537.3927001953125,619.9754028320312,528.3511352539062
580.377197265625,407.5934143066406,580.1967163085938,405.07275390625,581.6710205078125,403.9102783203125,580.3768920898438,410.0282287597656,595.5016479492188,405.58807373046875,578.2293701171875,432.1387634277344,610.4871215820312,422.53515625,570.22802734375,457.8951721191406,624.6959838867188,441.6578674316406,565.766845703125,468.566650390625,624.5709838867188,456.9824523925781,592.1608276367188,476.4452209472656,614.2216796875,471.71490478515625,568.0457153320312,507.81793212890625,598.1972045898438,501.19744873046875,583.8644409179688,540.846435546875,618.2725219726562,530.670166015625
577.423095703125,411.9444274902344,577.2325439453125,409.1966552734375,578.9866333007812,408.2652282714844,578.136474609375,413.4684753417969,592.9283447265625,409.79144287109375,575.189697265625,435.687744140625,608.5542602539062,427.10272216796875,565.7620239257812,460.9875793457031,622.8712158203125,444.10101318359375,558.9986572265625,472.74676513671875,622.3207397460938,456.0242004394531,586.1555786132812,479.352783203125,609.7821655273438,475.2729187011719,563.3748779296875,507.69232177734375,600.18212890625,502.30810546875,569.63916015625,541.5828247070312,616.30322265625,533.7316284179688
577.4000854492188,411.87994384765625,577.2249145507812,409.13446044921875,578.9742431640625,408.19549560546875,578.1731567382812,413.43060302734375,592.93896484375,409.7365417480469,575.2349243164062,435.66363525390625,608.5491943359375,427.0806884765625,565.8023681640625,460.9068603515625,622.798583984375,444.1124267578125,558.9077758789062,472.76165771484375,622.2008666992188,456.2751770019531,586.1468505859375,479.35333251953125,609.7381591796875,475.26788330078125,563.3463745117188,507.7242431640625,600.1492919921875,502.33636474609375,569.657470703125,541.58203125,616.309814453125,533.7295532226562
573.309814453125,412.8707275390625,572.9713134765625,410.2041015625,574.3320922851562,409.43402099609375,574.2271118164062,415.15667724609375,587.5059204101562,411.5343017578125,573.3313598632812,437.99737548828125,603.3468627929688,428.6441345214844,561.5560302734375,459.08648681640625,621.458251953125,440.3395690917969,551.713623046875,464.67913818359375,625.5559692382812,445.48785400390625,584.4392700195312,481.450927734375,606.3305053710938,477.0435791015625,559.2742309570312,509.5391845703125,600.417236328125,503.2479248046875,554.8931274414062,547.2256469726562,615.6857299804688,537.3355712890625
570.0189819335938,413.673583984375,570.1595458984375,411.0334167480469,569.7872924804688,410.4111328125,571.79541015625,416.81982421875,579.2346801757812,413.27362060546875,570.407958984375,441.9345703125,596.1966552734375,430.468017578125,548.8670043945312,462.3101806640625,614.6605224609375,439.58099365234375,530.93701171875,456.474609375,625.5507202148438,438.0591735839844,584.0383911132812,486.2322998046875,602.392822265625,480.48529052734375,554.8948364257812,512.7454223632812,597.34423828125,502.95013427734375,551.7405395507812,552.1464233398438,615.3944091796875,535.1157836914062
564.0946044921875,415.84271240234375,563.8284912109375,413.45947265625,564.5404663085938,412.673583984375,563.993408203125,418.92193603515625,574.2783813476562,415.056640625,562.7135620117188,441.6744384765625,588.0630493164062,429.38983154296875,543.7279663085938,457.85186767578125,605.9495849609375,429.6426086425781,530.3745727539062,447.4263916015625,614.1661987304688,414.524658203125,580.2489013671875,485.3954772949219,598.509765625,479.53289794921875,554.1301879882812,514.4301147460938,597.7396240234375,505.1832275390625,551.9486083984375,552.0347900390625,619.0214233398438,535.7894287109375
556.4466552734375,417.3714904785156,555.8878784179688,415.00006103515625,556.5914916992188,414.275390625,555.1201171875,420.7205505371094,566.236572265625,416.76715087890625,553.1707763671875,442.2367248535156,580.9368286132812,429.9265441894531,531.9285888671875,449.5022888183594,598.5621948242188,421.401611328125,517.7619018554688,436.23944091796875,601.85498046875,403.7984313964844,574.1879272460938,483.8246765136719,594.1663208007812,478.20751953125,552.7919921875,513.9286499023438,597.78125,504.92529296875,550.0471801757812,550.732421875,619.83154296875,535.07666015625
548.992919921875,415.6474914550781,549.2125854492188,413.3774108886719,548.9414672851562,412.4494323730469,550.9837036132812,419.4862365722656,559.5654296875,415.1153564453125,551.9383544921875,438.02105712890625,577.8328857421875,424.3925476074219,530.0758666992188,439.4836120605469,591.040771484375,409.58380126953125,515.7911376953125,426.76165771484375,588.0462646484375,393.2386779785156,577.3245239257812,478.7098388671875,596.0646362304688,472.40411376953125,546.7389526367188,512.6035766601562,594.463623046875,503.16619873046875,544.5706176757812,550.9379272460938,613.8470458984375,535.39599609375
548.97998046875,415.701904296875,549.173095703125,413.4374694824219,548.9306030273438,412.50933837890625,550.8773193359375,419.55975341796875,559.535888671875,415.1859130859375,551.842529296875,438.0912170410156,577.7908935546875,424.46038818359375,530.046630859375,439.5804138183594,591.0737915039062,409.6731872558594,515.7619018554688,426.84832763671875,588.0883178710938,393.2731018066406,577.2623901367188,478.7413024902344,596.0231323242188,472.43927001953125,546.7987670898438,512.6239624023438,594.4398803710938,503.1907958984375,544.6842041015625,550.9156494140625,613.7796020507812,535.3707275390625
543.7850341796875,418.0500183105469,544.2653198242188,416.1824645996094,544.7742919921875,414.9024658203125,545.83154296875,422.6383972167969,556.2064208984375,417.7649841308594,547.5224609375,439.0875244140625,569.599609375,424.9602966308594,525.8855590820312,437.0751037597656,576.7890014648438,404.6814880371094,513.748291015625,421.7952880859375,572.7235717773438,385.1786804199219,576.4342041015625,476.4436950683594,592.0135498046875,470.22662353515625,548.1161499023438,511.58502197265625,587.9388427734375,502.356201171875,547.1826171875,551.4569091796875,606.14599609375,536.46435546875
537.4139404296875,416.55413818359375,537.8578491210938,414.0145263671875,538.1036376953125,412.64007568359375,539.4998168945312,418.4527893066406,549.634521484375,412.72222900390625,542.8427124023438,433.77166748046875,559.1544799804688,418.7704162597656,528.1040649414062,427.4443359375,556.84326171875,397.03936767578125,522.382080078125,411.4452209472656,543.9633178710938,386.112548828125,573.0653076171875,472.41162109375,586.2860717773438,465.4981384277344,548.1476440429688,511.5166015625,584.285888671875,500.35260009765625,547.9671630859375,552.9981689453125,606.7152709960938,534.3199462890625
531.1546630859375,416.8918151855469,532.5668334960938,413.82635498046875,530.9833984375,413.0578308105469,537.71923828125,417.5450744628906,538.7098388671875,413.9100646972656,546.037109375,429.30010986328125,547.0746459960938,419.4275207519531,539.5018310546875,417.8526916503906,540.1294555664062,396.32843017578125,528.3644409179688,401.0518798828125,522.9829711914062,381.1800231933594,578.5626220703125,467.7828369140625,582.0746459960938,462.95623779296875,547.0598754882812,507.069580078125,583.4754638671875,499.86566162109375,550.2544555664062,546.9349975585938,612.5068969726562,533.8305053710938
527.7826538085938,427.6929626464844,528.5475463867188,424.242431640625,527.986083984375,423.4552307128906,534.017578125,423.5285339355469,540.7645263671875,419.4766540527344,543.1845703125,430.2621154785156,556.359619140625,419.3358154296875,535.5069580078125,428.9635925292969,549.5257568359375,408.2897644042969,525.5000610351562,406.60675048828125,525.8216552734375,397.35821533203125,573.3981323242188,467.9404296875,585.5786743164062,462.9234924316406,536.6427612304688,505.698974609375,577.5294189453125,497.74188232421875,537.274169921875,548.5344848632812,600.4541015625,535.1143798828125
526.0450439453125,421.86444091796875,526.326904296875,419.3319091796875,527.3165283203125,418.08990478515625,530.2257690429688,421.55902099609375,539.8289184570312,415.7909240722656,537.5095825195312,434.6499328613281,548.9898681640625,417.4598388671875,521.8203125,444.181640625,537.9871215820312,405.29296875,510.380126953125,426.3327941894531,520.3883056640625,384.83782958984375,571.1145629882812,470.1363830566406,582.718505859375,461.85760498046875,535.33251953125,505.89947509765625,579.9375,493.5399169921875,536.6129150390625,548.1019287109375,612.4814453125,527.3110961914062
526.020263671875,421.3749694824219,526.32763671875,418.8468017578125,527.255859375,417.6267395019531,530.276611328125,421.2084045410156,539.6795654296875,415.5151062011719,537.574951171875,434.5660705566406,548.8585815429688,417.4632568359375,521.984619140625,444.33258056640625,537.7210083007812,405.373046875,510.55999755859375,426.7456970214844,520.2173461914062,384.7307434082031,571.1220703125,470.13201904296875,582.605224609375,461.8993835449219,535.3314819335938,505.8482666015625,579.9032592773438,493.57861328125,536.6690063476562,548.0814208984375,612.4467163085938,527.42822265625
520.454345703125,424.7796936035156,521.7379760742188,421.6483154296875,521.2031860351562,420.53662109375,529.379150390625,420.7981872558594,532.9324340820312,415.6826171875,537.3680419921875,433.1688537597656,546.2283935546875,416.0871276855469,522.1529541015625,454.24090576171875,539.1282348632812,412.16009521484375,504.8258361816406,448.5552978515625,522.2233276367188,393.5267639160156,567.1130981445312,470.1820373535156,577.5252075195312,461.62908935546875,533.8451538085938,508.2501220703125,580.7325439453125,496.49078369140625,528.8881225585938,552.1356201171875,608.8643798828125,533.2114868164062
519.4844970703125,425.5220947265625,519.373779296875,422.5438537597656,520.1094360351562,421.4372253417969,523.9638061523438,423.2646484375,532.8155517578125,417.8807067871094,534.7261352539062,440.3578796386719,542.4044799804688,426.37060546875,527.1785278320312,469.7502746582031,532.6234130859375,445.2994384765625,506.5562744140625,467.0572509765625,509.360595703125,453.68280029296875,559.7278442382812,475.71441650390625,570.6752319335938,468.6226806640625,534.1531372070312,512.8489990234375,581.1923828125,501.450439453125,521.996826171875,557.5269775390625,605.579833984375,537.081787109375
519.1094970703125,427.5895690917969,517.6256103515625,424.4083557128906,518.9105224609375,422.84796142578125,517.8451538085938,427.3367004394531,532.1506958007812,419.7973937988281,529.1307373046875,449.2471008300781,544.0370483398438,430.8752136230469,524.9268798828125,478.6289367675781,533.6741333007812,450.8688659667969,502.5345458984375,473.1394348144531,506.4443054199219,465.9941711425781,555.3089599609375,483.03533935546875,572.1670532226562,473.86138916015625,527.89892578125,521.84228515625,582.4949340820312,506.62896728515625,513.6452026367188,565.8162841796875,609.6156616210938,539.7391967773438
516.2857666015625,426.65960693359375,515.5153198242188,423.80810546875,516.5159301757812,422.0718078613281,516.3414306640625,428.68597412109375,529.798828125,421.342529296875,523.6342163085938,452.37213134765625,541.9071655273438,436.1138916015625,520.2833862304688,482.72406005859375,539.261474609375,459.5592346191406,499.209228515625,488.10418701171875,515.7259521484375,481.0142517089844,549.2574462890625,487.3154296875,568.2725830078125,478.8891906738281,524.6993408203125,522.8726196289062,585.92138671875,509.6046142578125,515.2137451171875,564.1268310546875,618.2905883789062,540.7703857421875
516.447021484375,430.2590026855469,515.6419067382812,427.26702880859375,516.863037109375,425.78778076171875,516.511962890625,431.002197265625,530.0159301757812,424.6724853515625,523.7509765625,453.433349609375,541.6373901367188,439.8004150390625,524.830322265625,482.82940673828125,542.362548828125,464.416259765625,509.4486083984375,498.40521240234375,523.2786865234375,493.58935546875,545.4969482421875,491.384765625,564.537109375,484.455810546875,522.7091674804688,523.0872802734375,582.7531127929688,511.84906005859375,513.9806518554688,563.2305908203125,616.4933471679688,542.831787109375
516.4500122070312,430.2581481933594,515.6416015625,427.2737731933594,516.8885498046875,425.78564453125,516.5061645507812,431.053466796875,530.0980224609375,424.6994934082031,523.6925659179688,453.5459899902344,541.7673950195312,439.8660583496094,524.6543579101562,482.9874572753906,542.545654296875,464.4663391113281,509.1573791503906,498.51531982421875,523.4769287109375,493.5888671875,545.4296264648438,491.41119384765625,564.5638427734375,484.45849609375,522.6017456054688,523.1116943359375,582.6435546875,511.85137939453125,514.01123046875,563.212646484375,616.3612060546875,542.8005981445312
515.6318969726562,429.4617614746094,515.4616088867188,427.0811767578125,516.8646850585938,424.9665832519531,516.5050659179688,432.3506774902344,530.7382202148438,424.71966552734375,521.0387573242188,455.5307312011719,542.5036010742188,440.3083190917969,525.0413818359375,485.9281005859375,551.6471557617188,463.5698547363281,519.0128784179688,507.33660888671875,543.9779052734375,496.34173583984375,544.4944458007812,492.2744140625,564.6231689453125,484.7497253417969,519.5398559570312,522.9219970703125,576.1456298828125,511.14727783203125,515.672607421875,561.4535522460938,608.2985229492188,541.35595703125
517.6494140625,429.7808837890625,516.6297607421875,427.4173583984375,518.9134521484375,425.2919006347656,516.3404541015625,432.89581298828125,531.985107421875,425.0390625,519.9163818359375,456.403564453125,547.3781127929688,439.7121887207031,526.3768920898438,484.7523193359375,564.9166259765625,455.14776611328125,524.3331298828125,505.87506103515625,564.70556640625,482.21551513671875,541.7831420898438,490.16131591796875,564.2890625,482.80712890625,521.4675903320312,524.0531005859375,573.4729614257812,512.2915649414062,512.515869140625,563.7689819335938,591.1871337890625,544.5458984375
521.4976196289062,427.3243408203125,520.5257568359375,424.8036193847656,522.8373413085938,423.3938903808594,520.3464965820312,429.89276123046875,535.3370971679688,424.5313415527344,522.64306640625,453.050537109375,551.085205078125,440.327392578125,525.7599487304688,479.4755859375,570.1384887695312,452.1342468261719,525.4158325195312,501.53912353515625,574.8870849609375,468.6190185546875,542.5435791015625,490.44378662109375,565.07177734375,485.1311950683594,522.5902709960938,524.0527954101562,573.1644287109375,516.0300903320312,513.4385986328125,563.0012817382812,587.96240234375,549.6163330078125
528.4043579101562,421.88555908203125,527.3037109375,419.76983642578125,529.5972900390625,418.42962646484375,526.197509765625,425.45220947265625,539.6762084960938,420.3130798339844,525.9586791992188,449.822509765625,552.9016723632812,435.35540771484375,522.5413208007812,475.953857421875,580.3464965820312,440.7279968261719,519.101318359375,493.3426513671875,597.3521728515625,445.7430114746094,541.217529296875,490.57562255859375,561.981201171875,484.4544372558594,525.2084350585938,523.8179931640625,579.0324096679688,514.6644897460938,512.5855712890625,563.14453125,594.831298828125,548.3668823242188
530.1530151367188,419.539306640625,528.7833862304688,416.6431579589844,531.205810546875,415.7070007324219,528.6690063476562,421.0396728515625,544.8883056640625,416.53466796875,530.8480224609375,443.829833984375,558.5198364257812,433.7604064941406,529.6475219726562,469.4200439453125,572.466064453125,454.2967529296875,522.0210571289062,484.10699462890625,571.3277587890625,474.11053466796875,544.5370483398438,488.12176513671875,567.0120239257812,483.2645568847656,528.1128540039062,522.4016723632812,579.103271484375,515.2341918945312,516.4404296875,562.48876953125,594.7000122070312,550.0703735351562
530.1629638671875,419.54022216796875,528.7948608398438,416.64849853515625,531.220703125,415.712646484375,528.6838989257812,421.068359375,544.8947143554688,416.56890869140625,530.8521728515625,443.8836364746094,558.5181274414062,433.8076171875,529.6165771484375,469.4644775390625,572.4306640625,454.2821960449219,521.9808349609375,484.10467529296875,571.2951049804688,473.9834899902344,544.5144653320312,488.12603759765625,566.9887084960938,483.2663879394531,528.10986328125,522.3695678710938,579.1756591796875,515.1976928710938,516.3984375,562.4656982421875,594.7532348632812,550.0346069335938
535.77197265625,413.632080078125,533.9136962890625,410.5183410644531,536.3003540039062,409.868896484375,531.390625,415.23736572265625,547.8323364257812,411.577880859375,531.3095092773438,439.1414489746094,561.4811401367188,430.6566467285156,525.5870971679688,465.0240783691406,576.1821899414062,452.54248046875,514.2412109375,477.4894104003906,574.85986328125,469.9164123535156,544.8525390625,486.1797790527344,568.585693359375,482.02752685546875,527.1209106445312,520.7258911132812,579.0258178710938,514.64306640625,516.8638916015625,561.3726806640625,594.6475830078125,550.5452270507812
536.8472290039062,410.264892578125,535.1407470703125,407.0384521484375,537.7542114257812,406.42535400390625,533.0281372070312,411.0519104003906,550.2221069335938,407.68353271484375,531.7158203125,434.3388671875,563.894287109375,427.1242370605469,523.3666381835938,459.865234375,578.6892700195312,451.4080810546875,510.2264709472656,472.5478210449219,577.72412109375,471.1711730957031,543.9357299804688,483.305419921875,568.8742065429688,479.6596984863281,526.36572265625,517.17431640625,578.6287841796875,512.011474609375,517.8176879882812,558.7633056640625,595.6978759765625,549.639892578125
539.0062255859375,406.0312805175781,537.7117309570312,402.865966796875,539.9420166015625,402.35552978515625,535.6708374023438,407.1852722167969,551.4253540039062,404.5809631347656,532.5528564453125,431.2512512207031,564.6254272460938,425.2599182128906,520.779052734375,456.70843505859375,580.2726440429688,449.1222839355469,506.4325866699219,470.6413879394531,582.4859619140625,467.4490661621094,543.1400756835938,481.2579650878906,567.6110229492188,478.1436767578125,525.96044921875,514.5215454101562,578.4688720703125,510.17254638671875,519.1363525390625,555.329833984375,596.4775390625,547.2586059570312
540.3274536132812,405.7575988769531,539.0076293945312,402.5758361816406,541.3727416992188,402.1116638183594,536.4026489257812,406.28173828125,552.3280029296875,404.02691650390625,532.3945922851562,429.5267639160156,564.7439575195312,424.17974853515625,520.112548828125,455.0129699707031,580.8209838867188,448.1511535644531,507.0198059082031,470.2870788574219,584.44091796875,466.74639892578125,542.03955078125,479.37237548828125,566.9783325195312,476.5921325683594,525.402587890625,512.3310546875,580.4591064453125,508.3956298828125,517.928466796875,552.612548828125,599.7301025390625,545.1797485351562
543.1998291015625,407.51116943359375,541.4231567382812,404.1763610839844,544.14013671875,403.738525390625,537.1309814453125,407.4158935546875,553.4158325195312,405.0767517089844,533.9328002929688,429.39385986328125,566.0020751953125,423.8621826171875,523.435302734375,455.8348083496094,582.4645385742188,446.1311340332031,512.3361206054688,470.7084655761719,585.7034912109375,463.8047790527344,541.9617919921875,478.0534362792969,566.4905395507812,475.98992919921875,525.7120971679688,511.3311767578125,583.0022583007812,508.291015625,514.0767211914062,548.4913330078125,598.1353759765625,543.9969482421875
543.0828857421875,407.3914489746094,541.3367919921875,404.06182861328125,544.033935546875,403.621337890625,537.1454467773438,407.3345031738281,553.3768310546875,404.992919921875,533.9896240234375,429.3603515625,565.9866333007812,423.84228515625,523.5100708007812,455.8113708496094,582.4395141601562,446.101806640625,512.322265625,470.7473449707031,585.62890625,463.7544860839844,542.048583984375,478.0289306640625,566.5225830078125,475.9692077636719,525.7254638671875,511.35498046875,582.9386596679688,508.34759521484375,514.0894775390625,548.4452514648438,598.0270385742188,544.0153198242188
544.509765625,406.75384521484375,542.8643188476562,403.5508728027344,545.3084716796875,403.27587890625,538.135986328125,407.36358642578125,553.619384765625,405.9202575683594,532.0220947265625,430.8577575683594,564.2305908203125,426.743408203125,521.2525024414062,457.35382080078125,580.2877807617188,449.8954162597656,512.37939453125,475.51226806640625,586.0733642578125,466.4112243652344,540.522705078125,480.314208984375,566.206298828125,478.3522644042969,525.0448608398438,513.2249145507812,586.8479614257812,510.56402587890625,512.3553466796875,551.0962524414062,604.8688354492188,546.08642578125
542.2102661132812,409.1539306640625,541.3522338867188,406.14642333984375,543.5978393554688,405.7251281738281,538.69384765625,410.47198486328125,553.4503173828125,408.99444580078125,532.4263305664062,434.43731689453125,564.095947265625,430.19561767578125,522.73388671875,461.45123291015625,580.3994750976562,451.1025695800781,516.6049194335938,482.7876892089844,587.4947509765625,465.8191833496094,540.4900512695312,483.3873596191406,566.0505981445312,481.4909362792969,524.6802368164062,514.997314453125,588.42578125,512.9314575195312,510.52081298828125,551.1873168945312,606.166259765625,547.723388671875
543.3178100585938,414.18304443359375,542.2020263671875,411.0841064453125,544.411376953125,410.7548522949219,538.52880859375,415.18939208984375,553.2762451171875,413.98309326171875,532.596435546875,438.729248046875,563.77490234375,434.96038818359375,525.3484497070312,466.2845764160156,580.365478515625,455.1446228027344,519.77099609375,490.31982421875,584.9912109375,468.04364013671875,540.7669067382812,487.58050537109375,566.415283203125,485.9975891113281,524.1036376953125,517.446533203125,589.6751098632812,516.1526489257812,509.7631530761719,552.0916748046875,608.6189575195312,549.788330078125
541.7072143554688,419.0682373046875,540.6837768554688,415.9254455566406,542.6565551757812,415.62738037109375,537.794677734375,420.127197265625,552.6961669921875,418.81927490234375,532.84619140625,443.68853759765625,563.8316650390625,439.8194885253906,528.0306396484375,472.1877136230469,577.9957275390625,461.02398681640625,522.9014892578125,496.544189453125,576.6028442382812,473.2557067871094,539.53759765625,491.4400634765625,565.5830078125,489.78173828125,523.4419555664062,518.2008666992188,588.8804931640625,517.1312255859375,508.9253845214844,551.9658203125,607.8760375976562,550.2693481445312
535.7896118164062,423.796142578125,535.2537231445312,420.7945251464844,537.3908081054688,420.2474365234375,534.9047241210938,424.0719909667969,549.9346313476562,422.113525390625,531.8505249023438,445.5039367675781,561.9857788085938,441.2688903808594,528.9686279296875,472.3247375488281,575.048583984375,461.90435791015625,523.1683349609375,496.30560302734375,571.06298828125,475.4219055175781,539.4826049804688,491.9150390625,565.3576049804688,490.0057373046875,521.44091796875,518.020263671875,587.5726318359375,516.8761596679688,506.6297607421875,552.1830444335938,607.8050537109375,550.5315551757812
535.7294921875,423.805908203125,535.2079467773438,420.80419921875,537.3554077148438,420.2498779296875,534.9048461914062,424.08013916015625,549.97998046875,422.1080322265625,531.8194580078125,445.51983642578125,562.03662109375,441.2782287597656,528.92724609375,472.4281005859375,575.0013427734375,462.0076904296875,523.0952758789062,496.51202392578125,570.866943359375,475.6383361816406,539.3892211914062,491.915283203125,565.33154296875,490.00177001953125,521.4146728515625,517.9351196289062,587.6002807617188,516.8011474609375,506.666015625,552.064453125,607.8896484375,550.456298828125
529.2506713867188,423.91204833984375,529.1499633789062,421.3575744628906,531.3637084960938,420.6961669921875,529.7391357421875,424.46490478515625,542.4302368164062,422.766845703125,528.875,445.1978454589844,555.6801147460938,439.72698974609375,526.4752807617188,471.659912109375,578.40966796875,450.0439453125,523.35791015625,496.23370361328125,589.4714965820312,450.3226318359375,540.5052490234375,489.11529541015625,563.1671752929688,487.30108642578125,516.4747924804688,516.370361328125,580.0829467773438,515.2301635742188,502.3834228515625,552.2813720703125,601.210205078125,550.8554077148438
525.5433349609375,422.42974853515625,524.732421875,419.86749267578125,526.8880615234375,419.2969055175781,523.33642578125,424.0920104980469,535.3380737304688,422.03594970703125,523.5859985351562,447.02301025390625,549.105224609375,437.9870300292969,520.1456298828125,472.7749938964844,578.5497436523438,439.2006530761719,516.2811279296875,498.66680908203125,598.1917724609375,433.0859375,537.3582153320312,489.83245849609375,558.4544067382812,486.6318054199219,510.1986083984375,519.3106079101562,574.295654296875,515.7427978515625,497.0703125,556.221923828125,598.9869995117188,551.0360107421875
515.828369140625,421.6317138671875,515.3344116210938,418.5951843261719,517.2236328125,417.87860107421875,514.833251953125,421.9037170410156,530.5986938476562,419.2559814453125,518.7786254882812,443.7384948730469,541.1259765625,439.3691711425781,519.0894775390625,472.90277099609375,538.3744506835938,462.6727294921875,504.0190734863281,498.46575927734375,514.2735595703125,483.78656005859375,532.6785278320312,491.9935302734375,554.654541015625,490.3992919921875,498.2040710449219,519.8584594726562,561.6231689453125,518.960205078125,493.5242919921875,553.6206665039062,595.6682739257812,551.5396118164062
508.2140197753906,423.84478759765625,507.7989501953125,420.8684997558594,509.17779541015625,420.06146240234375,508.3066711425781,424.3639831542969,521.9760131835938,420.870361328125,514.3761596679688,446.8887634277344,531.9124755859375,439.5219421386719,512.0043334960938,476.1068420410156,520.3258666992188,461.42425537109375,493.74151611328125,495.8875732421875,492.6242370605469,484.191650390625,531.6253662109375,494.2825927734375,550.2696533203125,491.27630615234375,498.93682861328125,523.3467407226562,557.3944091796875,519.430908203125,494.98382568359375,555.4013671875,590.6836547851562,547.9697875976562
503.50164794921875,425.4418640136719,503.3630065917969,422.81390380859375,504.6070556640625,421.64691162109375,505.1636962890625,426.7318115234375,518.2991943359375,422.00213623046875,513.0948486328125,448.45751953125,525.6915283203125,437.665283203125,505.9001159667969,477.631591796875,512.9302368164062,461.08135986328125,485.4439697265625,497.1199951171875,486.33648681640625,488.81280517578125,530.76953125,491.771240234375,543.530029296875,486.02313232421875,504.8792419433594,524.0513305664062,538.1203002929688,516.3134765625,510.4636535644531,553.654296875,566.15673828125,540.2791748046875
503.5381164550781,425.37481689453125,503.39202880859375,422.7431945800781,504.62677001953125,421.5855712890625,505.1553955078125,426.6947326660156,518.2761840820312,421.98895263671875,513.0643920898438,448.4718322753906,525.6812133789062,437.7113342285156,505.87005615234375,477.6536865234375,512.8629760742188,461.153564453125,485.4135437011719,497.1617431640625,486.25616455078125,488.8671875,530.7800903320312,491.77239990234375,543.616943359375,486.03814697265625,504.7060852050781,524.044921875,538.47314453125,516.321044921875,510.1551513671875,553.6633911132812,566.7510986328125,540.2959594726562
498.6584167480469,423.6104431152344,499.7837219238281,420.6138610839844,499.79730224609375,419.3444519042969,503.9287414550781,425.03375244140625,512.32763671875,420.2246398925781,510.0309143066406,448.8778991699219,520.6573486328125,437.84100341796875,500.91412353515625,480.9493713378906,507.764404296875,459.1301574707031,479.1184387207031,495.30615234375,486.07666015625,479.0777282714844,525.3119506835938,491.56085205078125,536.5739135742188,486.46343994140625,497.2317810058594,521.8251953125,538.412353515625,514.9745483398438,498.33837890625,551.4865112304688,564.2899780273438,540.5165405273438
494.8984069824219,422.9073486328125,495.8062438964844,420.0937194824219,495.334716796875,419.34112548828125,499.92828369140625,423.9246520996094,505.46826171875,420.58795166015625,505.701904296875,445.6075744628906,510.9049987792969,437.223388671875,495.36370849609375,473.39837646484375,498.74371337890625,456.7926940917969,475.42822265625,490.15557861328125,479.3918151855469,474.1698913574219,520.647705078125,487.1680603027344,527.08203125,482.763671875,500.858642578125,518.0576171875,522.1611328125,512.2000122070312,501.21380615234375,552.0148315429688,540.1591186523438,541.2554321289062
492.7626037597656,421.5552673339844,493.5527648925781,418.5323486328125,492.29693603515625,417.8299865722656,498.1449890136719,421.1075439453125,500.8264465332031,417.4519348144531,506.4960021972656,442.15557861328125,508.0073547363281,430.6266174316406,498.4624328613281,471.4559631347656,497.1278991699219,445.8457946777344,477.2007751464844,486.3305358886719,478.1954345703125,459.32208251953125,522.001220703125,483.77935791015625,526.604248046875,477.8844909667969,500.5436706542969,516.2008056640625,524.5130615234375,507.356689453125,497.52313232421875,552.79052734375,543.8219604492188,536.443115234375
489.2372131347656,417.70050048828125,489.905029296875,414.8505554199219,488.87921142578125,413.85272216796875,494.4407653808594,418.21710205078125,497.827392578125,413.445068359375,503.7453308105469,440.4924621582031,505.7850646972656,426.0635986328125,498.7828063964844,471.8736877441406,494.16070556640625,437.15240478515625,479.007080078125,485.3254699707031,474.52081298828125,445.36187744140625,524.6138916015625,480.384765625,528.5033569335938,473.47918701171875,499.8797607421875,514.7054443359375,516.55126953125,504.57269287109375,500.5093078613281,553.5948486328125,532.4739990234375,535.557861328125
486.8733215332031,414.2140808105469,486.6536865234375,411.247314453125,487.3904113769531,410.1913757324219,489.8452453613281,414.5046691894531,499.6310119628906,409.6606140136719,500.7184753417969,436.7453918457031,507.63079833984375,422.9632568359375,495.7708740234375,468.9488220214844,495.3473815917969,439.193115234375,478.8628845214844,484.3480529785156,472.4527893066406,447.5582275390625,524.582763671875,477.1278381347656,530.4215087890625,469.97930908203125,496.95318603515625,514.1781005859375,503.9493103027344,505.40301513671875,500.5802001953125,554.5934448242188,513.3694458007812,539.7320556640625
486.8888244628906,414.19915771484375,486.6722106933594,411.23175048828125,487.40570068359375,410.18048095703125,489.8709411621094,414.4997253417969,499.64288330078125,409.6724853515625,500.7501525878906,436.74334716796875,507.62615966796875,423.01953125,495.73663330078125,468.9453125,495.31121826171875,439.3376770019531,478.7236328125,484.3521728515625,472.3688659667969,447.7711486816406,524.6275634765625,477.1288146972656,530.4467163085938,470.0059814453125,497.0181884765625,514.1353149414062,504.0465393066406,505.40087890625,500.556396484375,554.548828125,513.4356079101562,539.74560546875
485.6986083984375,410.565185546875,485.3111877441406,407.3283996582031,486.0249328613281,406.57073974609375,488.5580139160156,410.6973876953125,499.0652160644531,406.5685119628906,500.29718017578125,432.6856384277344,506.78955078125,422.2052001953125,495.468017578125,463.02001953125,495.5164794921875,445.004638671875,478.6982116699219,477.6780700683594,472.8793029785156,463.6259765625,521.7640380859375,474.8090515136719,526.8385009765625,469.21649169921875,500.67999267578125,513.8607788085938,501.1535339355469,506.3349609375,502.27471923828125,556.4549560546875,506.061767578125,542.0438232421875
485.4779052734375,408.52862548828125,485.0266418457031,405.0041198730469,485.68109130859375,404.4923400878906,488.13134765625,407.8710632324219,498.9552917480469,404.5131530761719,499.1584777832031,428.98760986328125,507.67822265625,421.1006164550781,494.9407958984375,458.4302978515625,499.1976623535156,447.6247253417969,478.79473876953125,473.52630615234375,477.82843017578125,470.569091796875,519.5026245117188,471.70928955078125,525.6925048828125,467.4892272949219,505.0819091796875,511.04443359375,504.5240173339844,504.91851806640625,508.8551025390625,553.9288940429688,509.5789489746094,540.8304443359375
485.1820373535156,407.5259094238281,484.5185546875,404.0435485839844,485.35479736328125,403.5406494140625,487.0362548828125,407.1552429199219,498.7386169433594,403.8253173828125,498.1757507324219,428.8503723144531,506.85595703125,421.08184814453125,496.2867126464844,458.38134765625,500.63531494140625,447.9276428222656,481.4205627441406,473.9584655761719,480.1416320800781,470.9383544921875,516.42333984375,471.7306213378906,522.6297607421875,467.76092529296875,507.8553161621094,511.7564697265625,505.05023193359375,505.8565673828125,513.2664184570312,552.2008666992188,510.9165344238281,539.5759887695312
486.2512512207031,407.89483642578125,485.61322021484375,404.51727294921875,486.43084716796875,403.9173889160156,487.11260986328125,407.44219970703125,498.537353515625,404.1136474609375,497.0085754394531,428.43463134765625,505.6698303222656,421.2403869628906,497.3359375,457.88848876953125,502.3280029296875,448.1060791015625,485.1940612792969,475.48675537109375,484.7162780761719,471.5187072753906,515.0243530273438,471.80291748046875,521.2650146484375,468.2413330078125,506.05908203125,511.53387451171875,504.79815673828125,506.269775390625,513.598876953125,551.0523681640625,512.8649291992188,539.6478271484375
486.2489318847656,406.9088134765625,486.1475830078125,403.7299499511719,486.43988037109375,403.0810241699219,487.8570556640625,407.02703857421875,497.2137756347656,404.01531982421875,496.84283447265625,427.3992919921875,503.4043273925781,421.6925354003906,499.68896484375,456.6366271972656,502.8411560058594,449.26910400390625,491.1119079589844,476.701171875,490.0480041503906,473.1602478027344,514.1832885742188,470.3475036621094,518.9871826171875,467.5477294921875,502.58612060546875,509.92230224609375,501.9299011230469,505.82965087890625,513.864013671875,548.5989990234375,513.8025512695312,539.1806640625
486.32330322265625,406.8621826171875,486.2313537597656,403.68621826171875,486.4971008300781,403.03607177734375,487.9196472167969,406.9998779296875,497.1998596191406,403.99139404296875,496.85528564453125,427.3851623535156,503.38397216796875,421.698486328125,499.7464904785156,456.6282653808594,502.8687438964844,449.2921447753906,491.20758056640625,476.7126159667969,490.135986328125,473.1926574707031,514.212890625,470.3196716308594,518.9948120117188,467.5312194824219,502.576416015625,509.89666748046875,501.9607849121094,505.81689453125,513.92138671875,548.5476684570312,513.8859252929688,539.1443481445312
486.42901611328125,406.7616271972656,486.3214416503906,403.6533508300781,486.75640869140625,402.91558837890625,487.33551025390625,407.0331115722656,497.5796203613281,403.9422912597656,494.9687194824219,427.33367919921875,504.037841796875,421.79681396484375,498.88720703125,456.9093322753906,505.4662780761719,449.5206604003906,491.990966796875,479.1473083496094,493.97906494140625,473.9673767089844,512.1177978515625,470.3175354003906,518.5137939453125,467.6488952636719,499.9796142578125,509.73748779296875,500.8059387207031,506.0072021484375,513.8037719726562,546.8239135742188,514.2932739257812,538.2296142578125
486.30230712890625,406.1571960449219,486.34197998046875,403.088623046875,486.78271484375,402.2154235839844,487.4471130371094,406.1304016113281,497.7513732910156,402.761474609375,494.79736328125,425.7815246582031,504.155029296875,419.9172668457031,499.2210388183594,455.9477844238281,505.7138977050781,447.97222900390625,493.02294921875,479.7026672363281,494.3896179199219,473.46337890625,511.6411437988281,468.9292297363281,518.1905517578125,466.044921875,497.3839416503906,508.53460693359375,498.273681640625,504.61785888671875,512.7896728515625,544.4746704101562,512.8219604492188,535.6702270507812
486.3289489746094,403.8251647949219,486.18438720703125,400.71142578125,486.76544189453125,399.8254089355469,486.52655029296875,403.4710693359375,497.81805419921875,400.09503173828125,492.80877685546875,422.4691162109375,505.246826171875,417.1535339355469,499.3555908203125,451.2019958496094,510.2701721191406,444.3759460449219,495.13970947265625,474.4849548339844,499.7900085449219,468.685302734375,509.73681640625,466.6969909667969,518.2298583984375,464.1886291503906,497.2363586425781,506.576416015625,499.5041198730469,503.2913818359375,511.4502868652344,543.2230224609375,511.47186279296875,535.5152587890625
485.9423828125,400.4720764160156,485.6260986328125,397.3240966796875,486.4584655761719,396.4570617675781,486.1884765625,400.177978515625,498.4036865234375,396.7085266113281,493.2312927246094,419.4096374511719,506.420166015625,413.814697265625,500.7377624511719,447.5638427734375,513.3045043945312,440.3926696777344,496.3586730957031,470.0190734863281,503.16986083984375,463.5771789550781,509.26336669921875,464.3153076171875,518.2081298828125,461.7108459472656,498.39666748046875,504.40008544921875,500.5848083496094,501.01763916015625,511.4092712402344,542.4189453125,511.69061279296875,534.6936645507812
486.8169250488281,396.8894958496094,486.260986328125,393.7330627441406,487.23883056640625,392.8635559082031,486.3653259277344,396.6250915527344,499.3385314941406,393.0107727050781,493.52581787109375,415.871337890625,507.70355224609375,410.107666015625,501.4388732910156,443.8600158691406,515.0963745117188,436.5176696777344,496.72918701171875,465.59075927734375,503.9256591796875,459.02581787109375,510.30126953125,460.548095703125,519.8968505859375,457.93206787109375,499.8119201660156,501.52569580078125,502.3412170410156,498.21307373046875,511.1766662597656,541.3546142578125,511.75445556640625,533.7977294921875
486.78900146484375,396.96826171875,486.25225830078125,393.8092041015625,487.20928955078125,392.9396667480469,486.4200439453125,396.6572265625,499.30657958984375,393.0450134277344,493.60821533203125,415.8472595214844,507.69915771484375,410.056396484375,501.4242248535156,443.86297607421875,515.0497436523438,436.47210693359375,496.6845703125,465.6444396972656,503.9676818847656,459.06488037109375,510.3412170410156,460.54547119140625,519.8760986328125,457.90606689453125,499.6850280761719,501.56719970703125,502.19952392578125,498.20782470703125,511.142333984375,541.4249267578125,511.7366638183594,533.7706298828125
485.9747314453125,393.4495544433594,485.5986633300781,390.294677734375,486.4234619140625,389.4954833984375,486.650390625,393.5617370605469,499.07403564453125,390.19537353515625,494.8775634765625,413.39544677734375,507.4952697753906,408.51495361328125,502.977783203125,440.9532775878906,514.396728515625,435.3351745605469,495.6365051269531,463.0928955078125,501.4290466308594,457.5092468261719,511.42913818359375,458.5063781738281,520.0820922851562,456.321533203125,501.96954345703125,499.36138916015625,503.6800537109375,496.92303466796875,512.6205444335938,539.6370849609375,513.436767578125,533.4512939453125
487.1762390136719,390.1426086425781,486.87994384765625,386.9148864746094,487.8073425292969,386.1318359375,488.2808532714844,389.8329162597656,500.8219299316406,386.66107177734375,496.4014892578125,409.24200439453125,508.99700927734375,405.4685363769531,504.7855529785156,437.0762023925781,516.2203979492188,433.4742126464844,494.98138427734375,460.2689514160156,501.1613464355469,455.72540283203125,511.6796569824219,455.2837829589844,520.3368530273438,453.68682861328125,504.3048095703125,496.28253173828125,505.86297607421875,495.09600830078125,514.3190307617188,536.5737915039062,514.9072875976562,532.7320556640625
490.20050048828125,387.00128173828125,490.0820007324219,383.7657775878906,490.7794494628906,382.982177734375,491.0952453613281,386.6064453125,503.450927734375,383.6396179199219,497.08251953125,406.165283203125,511.6135559082031,403.0436706542969,503.3431701660156,434.8662109375,517.62744140625,432.053955078125,493.2897644042969,458.0879821777344,501.0353698730469,454.0945739746094,511.78924560546875,452.65289306640625,521.637451171875,451.4592590332031,506.0841369628906,494.0498046875,508.2691955566406,493.57476806640625,517.5576782226562,534.3673095703125,516.681884765625,531.7933959960938
491.8670654296875,385.0751647949219,492.2136535644531,381.9296875,493.0893249511719,381.0674133300781,493.632080078125,384.79071044921875,506.1065368652344,381.9986572265625,499.503173828125,404.1076354980469,513.1395263671875,401.5499572753906,504.4837341308594,432.9467468261719,515.0609130859375,431.41961669921875,492.70458984375,456.4177551269531,497.36553955078125,453.88922119140625,513.0859985351562,451.3780517578125,522.3795166015625,449.97247314453125,505.2785949707031,492.760986328125,507.0508728027344,492.33734130859375,522.3531494140625,530.813232421875,519.847412109375,529.4468994140625
494.69830322265625,385.87841796875,494.8297424316406,382.88311767578125,496.41064453125,381.8876953125,495.205810546875,386.0130920410156,510.3314208984375,383.11614990234375,499.5473937988281,405.425537109375,517.7887573242188,402.97930908203125,504.52020263671875,434.34228515625,521.19384765625,430.9435729980469,490.08966064453125,456.62762451171875,500.5126647949219,447.920654296875,512.9528198242188,453.89984130859375,524.802490234375,452.86407470703125,506.1663513183594,495.4327392578125,509.12103271484375,496.187744140625,528.849853515625,531.2572631835938,523.740478515625,532.3602294921875
494.7283935546875,385.8568115234375,494.8482360839844,382.85552978515625,496.4241638183594,381.86773681640625,495.19580078125,385.9813537597656,510.2941589355469,383.0992736816406,499.5568542480469,405.3898010253906,517.70068359375,402.94903564453125,504.55029296875,434.27618408203125,520.986572265625,430.89764404296875,490.1417236328125,456.533203125,500.3197021484375,447.90289306640625,512.9806518554688,453.8056640625,524.7866821289062,452.77752685546875,506.20538330078125,495.3763427734375,509.2350769042969,496.12152099609375,528.7660522460938,531.3502807617188,523.8840942382812,532.4134521484375
498.1412658691406,387.60577392578125,498.16485595703125,384.6241455078125,499.91912841796875,383.8985290527344,498.9449462890625,387.5374755859375,513.9019775390625,385.4610290527344,502.0396728515625,408.2709045410156,523.281494140625,405.365966796875,502.18304443359375,436.96044921875,528.9881591796875,431.6103515625,487.96185302734375,459.4952392578125,511.4649658203125,450.12628173828125,513.4580688476562,458.195068359375,527.10205078125,456.8720703125,507.1842041015625,497.57086181640625,513.3604125976562,497.27813720703125,530.6592407226562,531.779541015625,529.1946411132812,531.241455078125
498.62274169921875,389.61260986328125,498.96368408203125,386.81658935546875,500.94476318359375,385.873046875,501.36407470703125,390.3018493652344,516.9923706054688,387.54510498046875,504.1261901855469,412.0765075683594,527.9017944335938,407.9790344238281,500.937255859375,440.91656494140625,534.837158203125,434.412109375,484.1617736816406,461.6216735839844,518.5874633789062,452.68475341796875,514.23583984375,462.6326904296875,529.0774536132812,460.59478759765625,510.45855712890625,500.97479248046875,514.923095703125,499.7667236328125,534.5277099609375,533.9041748046875,528.8802490234375,532.0784912109375
501.9035339355469,391.19024658203125,501.7957458496094,388.3475341796875,503.8584289550781,387.5563049316406,503.09588623046875,392.1311340332031,519.4255981445312,389.5151062011719,505.19720458984375,414.5707702636719,530.9376220703125,410.32305908203125,500.09124755859375,442.9962463378906,538.508544921875,437.15765380859375,482.2542724609375,461.55242919921875,522.5189208984375,454.9273376464844,514.601806640625,465.0528564453125,530.3028564453125,462.7947998046875,512.5154418945312,501.2755126953125,514.2955932617188,499.51947021484375,536.2215576171875,534.2691040039062,525.4581298828125,531.2923583984375
503.33843994140625,394.0804443359375,502.89019775390625,391.1082763671875,505.24993896484375,390.5147399902344,504.79962158203125,394.293701171875,521.2546997070312,391.85040283203125,507.69073486328125,416.2148742675781,534.5330810546875,411.9358825683594,499.6321716308594,443.0339050292969,544.2416381835938,439.9590148925781,480.33636474609375,459.9977111816406,533.245849609375,460.7354431152344,517.8509521484375,467.15264892578125,533.5637817382812,464.62249755859375,517.640869140625,502.40789794921875,515.5411987304688,499.77935791015625,540.3509521484375,535.8736572265625,522.774658203125,530.9573364257812
504.1089172363281,395.75927734375,503.84564208984375,392.6993103027344,506.0457763671875,391.87811279296875,505.7356872558594,396.3033447265625,521.7332763671875,393.1152648925781,507.8918151855469,418.0533447265625,534.5552368164062,413.34619140625,498.4701843261719,443.01495361328125,546.0154418945312,440.2591552734375,479.6309814453125,457.3396911621094,539.4962158203125,459.6806640625,519.2770385742188,467.0221862792969,533.9014892578125,464.2885437011719,520.3129272460938,504.321533203125,512.8076782226562,501.32867431640625,544.1171875,537.1207275390625,517.3506469726562,531.573486328125
504.1507568359375,395.801025390625,503.8813781738281,392.739990234375,506.0799560546875,391.9242248535156,505.7573547363281,396.32220458984375,521.7199096679688,393.1463928222656,507.8931579589844,418.0330810546875,534.5328979492188,413.33612060546875,498.4352722167969,442.9641418457031,545.9765625,440.2360534667969,479.57879638671875,457.3377685546875,539.557373046875,459.72869873046875,519.25390625,466.97674560546875,533.8455810546875,464.2416076660156,520.2744140625,504.266357421875,512.6524658203125,501.2677001953125,544.0774536132812,537.0737915039062,517.1063232421875,531.5145874023438
505.67071533203125,395.6593322753906,504.87353515625,392.63433837890625,507.18499755859375,392.1623840332031,506.0625305175781,395.3804626464844,522.161865234375,393.04052734375,508.75390625,416.6552429199219,536.3887939453125,412.3221740722656,499.218505859375,441.75836181640625,547.7982177734375,438.6869201660156,479.5950622558594,457.25653076171875,539.3258666992188,458.380615234375,522.4461669921875,466.7375183105469,538.4292602539062,464.354736328125,523.005615234375,503.92327880859375,520.6315307617188,501.22918701171875,543.1240234375,538.2396850585938,524.73486328125,532.8175048828125
506.6405334472656,394.02740478515625,505.74078369140625,391.0313720703125,508.05810546875,390.5718078613281,506.5693664550781,394.0139465332031,522.86669921875,391.6744689941406,509.4236755371094,415.71929931640625,536.7081298828125,411.4520263671875,499.8921203613281,441.03765869140625,548.1407470703125,438.13348388671875,479.9618835449219,455.9465026855469,539.896728515625,457.537109375,524.2908935546875,465.96490478515625,540.4571533203125,463.7789306640625,524.1445922851562,505.10211181640625,525.3986206054688,502.62042236328125,542.92578125,541.37451171875,531.5011596679688,536.283447265625
508.43914794921875,392.56268310546875,507.5043640136719,389.48248291015625,509.65582275390625,389.09747314453125,508.0492858886719,392.0826721191406,523.7677001953125,389.9809875488281,510.3676452636719,413.57464599609375,537.2992553710938,409.3373718261719,501.19537353515625,439.5664978027344,548.3011474609375,434.92718505859375,480.976318359375,455.1483154296875,538.4111328125,452.48065185546875,524.1791381835938,464.2713623046875,540.4785766601562,462.31341552734375,526.4877319335938,504.41021728515625,530.4603271484375,502.31439208984375,544.1244506835938,540.7759399414062,537.111328125,536.482177734375
509.0796813964844,389.5365295410156,508.5516357421875,386.5342102050781,510.731201171875,385.9269104003906,510.0184326171875,389.24578857421875,525.67919921875,386.69940185546875,512.126220703125,410.82940673828125,538.0537719726562,405.8892822265625,503.7003173828125,437.08526611328125,548.4371948242188,430.9574890136719,485.80487060546875,451.72369384765625,539.3779296875,448.24005126953125,525.1319580078125,461.19378662109375,541.3323364257812,459.0594787597656,528.2179565429688,502.6295166015625,535.5411987304688,500.21551513671875,543.73876953125,540.7249145507812,543.7687377929688,536.3763427734375
510.04425048828125,386.61138916015625,509.6119079589844,383.40692138671875,511.5382080078125,382.6806640625,511.2803649902344,387.10723876953125,526.3648681640625,384.0572814941406,512.2208862304688,409.2234802246094,540.1724853515625,404.24395751953125,504.1891784667969,435.1102294921875,550.9940185546875,430.7781066894531,488.53070068359375,448.46966552734375,544.6304321289062,449.6161804199219,526.12744140625,458.7516174316406,543.9614868164062,456.52178955078125,529.2032470703125,500.07147216796875,542.334716796875,497.27154541015625,543.7283935546875,540.2239990234375,550.625732421875,534.7463989257812
509.99554443359375,386.6180419921875,509.5655517578125,383.4195861816406,511.4918518066406,382.68695068359375,511.26019287109375,387.14599609375,526.3538208007812,384.0715026855469,512.2230224609375,409.3069763183594,540.2117919921875,404.2571716308594,504.1900634765625,435.1546936035156,551.0436401367188,430.6806335449219,488.491455078125,448.5465087890625,544.6497802734375,449.5067138671875,526.1264038085938,458.81927490234375,543.9863891601562,456.5549011230469,529.1775512695312,500.082275390625,542.3374633789062,497.236572265625,543.7974853515625,540.1854858398438,550.7410278320312,534.6429443359375
511.2923278808594,383.58636474609375,510.7398986816406,380.4278869628906,512.7332153320312,379.66888427734375,512.1679077148438,384.58514404296875,527.355712890625,381.339111328125,513.1014404296875,407.6924743652344,541.07763671875,401.3031311035156,505.69921875,434.90264892578125,551.2417602539062,426.2406921386719,491.0830993652344,449.88397216796875,545.5885009765625,443.4244689941406,526.2399291992188,457.30810546875,544.254638671875,454.4218444824219,528.1683349609375,498.7286376953125,542.7862548828125,495.14990234375,542.6153564453125,538.8441772460938,551.7203979492188,532.4617919921875
511.75274658203125,384.52593994140625,511.22943115234375,381.26239013671875,513.4093627929688,380.5722351074219,512.6976318359375,384.85986328125,527.9873657226562,381.99359130859375,513.5304565429688,406.6315612792969,541.977783203125,401.2668762207031,507.18011474609375,435.0020446777344,552.5431518554688,427.4620666503906,493.6715087890625,452.1160888671875,547.6104125976562,445.1327819824219,527.5738525390625,455.07489013671875,545.9627075195312,452.6474914550781,526.1674194335938,497.049072265625,542.7431640625,494.3597412109375,540.9645385742188,537.3028564453125,552.0164184570312,532.3997802734375
511.8348693847656,385.8753356933594,511.27398681640625,382.5997314453125,513.607666015625,381.83258056640625,512.6824340820312,385.8578796386719,528.6214599609375,382.73974609375,513.1766967773438,407.6018981933594,543.2594604492188,401.1617431640625,506.3320007324219,436.5424499511719,554.4048461914062,426.75128173828125,495.726806640625,454.8028869628906,551.8538208007812,445.71014404296875,527.6661987304688,455.55889892578125,547.1217041015625,452.6285095214844,525.8766479492188,496.861572265625,543.2139282226562,493.12689208984375,540.5421142578125,537.11376953125,552.2858276367188,530.166748046875
512.6381225585938,389.947021484375,511.8507995605469,386.63232421875,514.4456176757812,385.7881774902344,512.5828247070312,389.1649169921875,529.1415405273438,385.7404479980469,512.5924072265625,410.1253662109375,543.724853515625,402.6652526855469,506.6972351074219,439.5367736816406,555.6805419921875,428.0627746582031,499.61126708984375,459.1829528808594,556.1032104492188,450.20501708984375,527.4940185546875,457.4217224121094,547.791015625,454.0770568847656,526.008056640625,497.840576171875,544.5629272460938,492.9560546875,540.6253051757812,538.281005859375,554.3128662109375,529.051513671875
513.29345703125,392.41290283203125,512.4962158203125,389.3224182128906,515.2788696289062,388.40191650390625,513.1441040039062,392.63720703125,529.9879150390625,389.0489807128906,512.9791870117188,414.6277770996094,543.9390869140625,406.3918151855469,507.3113098144531,444.2220764160156,556.0584716796875,430.5345153808594,501.50390625,461.6890563964844,558.1860961914062,450.10614013671875,526.9982299804688,462.04522705078125,547.0134887695312,458.358642578125,526.1415405273438,501.36419677734375,543.88720703125,495.8912353515625,541.7828369140625,540.3754272460938,553.703125,530.34326171875
513.3295288085938,392.4045104980469,512.520263671875,389.3083801269531,515.30322265625,388.3937683105469,513.1378173828125,392.61956787109375,529.994140625,389.0450439453125,512.9774169921875,414.6387023925781,543.9657592773438,406.4119873046875,507.3197937011719,444.26568603515625,556.1129150390625,430.5597839355469,501.4815673828125,461.8100891113281,558.2052001953125,450.08465576171875,526.9667358398438,462.10205078125,547.0045166015625,458.41912841796875,526.1036376953125,501.4093017578125,543.8844604492188,495.9520263671875,541.7296142578125,540.4168701171875,553.6932983398438,530.4072265625
514.6080322265625,395.9734191894531,513.9120483398438,393.2644348144531,516.6482543945312,392.15509033203125,514.4764404296875,397.076904296875,530.55224609375,392.96771240234375,514.7022705078125,419.6127014160156,543.4659423828125,410.04052734375,508.91192626953125,449.1929931640625,556.7584838867188,433.20635986328125,503.3305358886719,466.3048095703125,563.2314453125,454.46209716796875,529.6760864257812,467.1697082519531,548.3392944335938,462.8062438964844,524.8690185546875,504.362060546875,544.12548828125,497.50732421875,543.4952392578125,540.5736083984375,559.5733032226562,528.3882446289062
515.480712890625,401.16729736328125,514.8622436523438,398.7015380859375,517.315673828125,397.5639343261719,514.8840942382812,403.36614990234375,530.3733520507812,399.13616943359375,514.332763671875,425.8379211425781,543.3681030273438,415.9835510253906,509.5411376953125,455.027587890625,558.2586059570312,438.5079650878906,507.2178955078125,470.93572998046875,567.3283081054688,460.0608215332031,531.519775390625,470.1271057128906,550.9150390625,465.6088562011719,521.358154296875,505.9212646484375,546.4105224609375,498.563720703125,540.3630981445312,540.8218383789062,566.3983764648438,528.1909790039062
515.5284423828125,406.17425537109375,514.8817749023438,403.76641845703125,517.1361694335938,402.8157958984375,514.76025390625,408.2752990722656,529.4685668945312,404.61199951171875,514.5501708984375,430.25201416015625,543.6406860351562,420.5613708496094,507.3367919921875,459.5140686035156,560.0213012695312,441.6451416015625,502.92138671875,476.4278869628906,570.0408935546875,459.907470703125,532.3984375,475.2710876464844,551.8751220703125,470.61553955078125,515.3615112304688,508.30987548828125,543.8568115234375,501.09039306640625,537.3065795898438,540.8426513671875,568.919189453125,528.5491943359375
514.5169677734375,413.32122802734375,514.1778564453125,410.6543884277344,515.5977172851562,409.81976318359375,514.54248046875,414.015380859375,527.6064453125,410.5116882324219,513.8397216796875,434.93475341796875,543.1567993164062,425.8479919433594,502.39599609375,460.9464111328125,560.0738525390625,445.9390563964844,495.6083068847656,471.1446838378906,569.131103515625,461.4788818359375,530.9775390625,479.8985595703125,551.0709838867188,475.2869567871094,508.6507568359375,511.54559326171875,542.2559204101562,504.1103515625,527.176025390625,543.527587890625,568.0695190429688,530.944580078125
509.9713439941406,414.1885681152344,510.20697021484375,411.8155517578125,511.3570861816406,410.89520263671875,511.77081298828125,415.642822265625,523.6367797851562,412.1881103515625,510.06683349609375,436.3749084472656,539.2716064453125,427.65704345703125,496.46783447265625,458.1757507324219,557.7860107421875,444.4921569824219,491.98028564453125,460.40960693359375,571.201171875,454.4661865234375,528.2357788085938,480.1151123046875,548.3408813476562,475.6596374511719,506.9428405761719,509.6204833984375,543.0341186523438,501.95849609375,522.4442749023438,543.04736328125,568.41162109375,530.08203125
509.94549560546875,414.2039489746094,510.1925354003906,411.83526611328125,511.34283447265625,410.9119567871094,511.7852783203125,415.65057373046875,523.6344604492188,412.1932067871094,510.068603515625,436.33917236328125,539.2264404296875,427.6265869140625,496.444580078125,458.1031494140625,557.7132568359375,444.4151916503906,491.98297119140625,460.3606872558594,571.1399536132812,454.3858642578125,528.1849365234375,480.046875,548.2672729492188,475.5959777832031,506.9580993652344,509.5498046875,543.05322265625,501.901611328125,522.336669921875,543.0342407226562,568.37060546875,530.113525390625
507.6293640136719,415.0438232421875,506.75006103515625,412.2507629394531,508.33428955078125,411.9368591308594,505.2906799316406,414.59619140625,518.31787109375,412.59112548828125,501.9517517089844,434.3997802734375,534.2807006835938,427.6651306152344,483.3904113769531,452.1293029785156,553.7564086914062,444.635009765625,478.8647766113281,437.1716003417969,568.6324462890625,442.7745666503906,521.944580078125,478.0146179199219,543.7070922851562,474.58477783203125,510.9510192871094,510.08746337890625,545.221923828125,502.6405029296875,524.6295166015625,543.5060424804688,566.696533203125,529.5906372070312
506.6917724609375,413.50726318359375,504.89056396484375,410.76690673828125,506.54150390625,410.5511474609375,500.4541015625,413.88897705078125,513.8579711914062,411.6912536621094,495.8741149902344,433.6304931640625,528.4871215820312,426.7595520019531,478.7018737792969,446.69775390625,547.2094116210938,440.87261962890625,476.0436096191406,428.3101806640625,559.2561645507812,439.99859619140625,514.9046020507812,477.4364318847656,536.69873046875,474.2081604003906,514.5153198242188,510.178466796875,544.21337890625,502.4224853515625,524.7007446289062,544.0856323242188,560.0684204101562,529.817626953125
510.5240173339844,412.6672668457031,506.74017333984375,409.76312255859375,509.5213928222656,410.04437255859375,496.1513366699219,414.62109375,511.9730224609375,413.4917907714844,491.0313415527344,434.882568359375,523.394287109375,430.125732421875,476.8076171875,443.8415222167969,541.5382080078125,439.5032043457031,478.62298583984375,423.273193359375,551.1066284179688,430.68701171875,508.9759216308594,478.18212890625,530.7378540039062,476.4346008300781,519.9338989257812,509.81463623046875,545.8702392578125,503.98333740234375,520.7005004882812,544.1516723632812,553.0316162109375,533.1019287109375
510.8918151855469,417.2535705566406,506.9158020019531,413.8880615234375,509.4330139160156,414.713623046875,494.8341369628906,417.62420654296875,509.6017761230469,418.38763427734375,487.8689880371094,435.1778564453125,517.8102416992188,434.82330322265625,475.4396057128906,440.74560546875,533.950927734375,445.55059814453125,480.1084289550781,415.60186767578125,542.1240844726562,431.49444580078125,498.8175048828125,479.71875,518.9288940429688,480.1490173339844,519.5596313476562,507.374755859375,543.0481567382812,504.87176513671875,515.2168579101562,545.273193359375,544.91748046875,539.650634765625
508.4122009277344,420.3870544433594,505.0397644042969,417.4775085449219,506.4321594238281,418.34661865234375,493.5833740234375,422.7420654296875,504.5906066894531,424.15240478515625,486.1099853515625,440.4905090332031,508.8478698730469,442.4938049316406,482.5540466308594,447.6679382324219,522.763916015625,454.6007080078125,495.16973876953125,426.046630859375,533.46630859375,439.8293762207031,497.8332214355469,487.5780944824219,513.0114135742188,489.619140625,525.23974609375,507.651123046875,541.3071899414062,508.04718017578125,514.3380126953125,545.617431640625,529.7728271484375,544.3028564453125
508.33917236328125,420.41217041015625,504.9931640625,417.5125732421875,506.381591796875,418.37841796875,493.5837097167969,422.7464599609375,504.57000732421875,424.1650390625,486.2135925292969,440.43048095703125,508.6304931640625,442.5016174316406,483.28131103515625,447.668701171875,522.45703125,454.74774169921875,496.51263427734375,426.53204345703125,533.4737548828125,440.350341796875,497.90911865234375,487.4445495605469,512.9157104492188,489.52581787109375,525.3406372070312,507.630615234375,541.24853515625,508.08343505859375,514.4522094726562,545.5225830078125,529.8150024414062,544.3123779296875
504.9490051269531,425.6878662109375,500.2234802246094,422.63018798828125,504.21600341796875,423.5457458496094,486.62420654296875,426.94964599609375,502.9735107421875,428.41015625,480.5805358886719,444.54986572265625,504.2164306640625,446.41912841796875,477.9651184082031,455.9041748046875,513.7372436523438,462.10858154296875,491.7263488769531,437.63848876953125,526.8206787109375,451.150390625,493.68206787109375,491.8006591796875,508.9812316894531,494.09765625,527.0093383789062,514.2415161132812,537.5899047851562,514.8681640625,514.2672729492188,546.354736328125,519.3635864257812,545.7899780273438
501.03656005859375,432.95458984375,496.2398986816406,429.7423400878906,499.05401611328125,431.1952209472656,483.0428161621094,432.8567199707031,494.49981689453125,435.4444274902344,478.3988037109375,447.6337890625,496.4364013671875,451.544921875,471.9626770019531,459.77520751953125,507.72344970703125,469.8157043457031,479.5411376953125,443.360595703125,523.5730590820312,461.0991516113281,492.9002990722656,493.03460693359375,503.7236022949219,496.21722412109375,527.0501708984375,524.1837158203125,532.3561401367188,525.8995361328125,510.0147399902344,550.2483520507812,508.6650390625,551.277587890625
494.47564697265625,433.0548095703125,489.7403869628906,430.1432189941406,491.7641906738281,432.139404296875,478.3831787109375,436.6974792480469,489.93310546875,440.2781982421875,478.4620361328125,453.755615234375,493.10528564453125,459.993896484375,474.5264892578125,460.4321594238281,506.2642517089844,477.635009765625,480.558837890625,439.89984130859375,519.5372314453125,467.41619873046875,492.65521240234375,498.47235107421875,499.82513427734375,502.40960693359375,525.3864135742188,534.401611328125,519.23046875,537.4715576171875,506.46173095703125,559.5977783203125,487.9529724121094,562.0311279296875
489.6865234375,439.7125549316406,485.5262451171875,436.81103515625,488.25872802734375,438.259765625,473.41412353515625,442.4839172363281,487.3763122558594,445.4541931152344,471.1463928222656,456.9361877441406,487.2087707519531,465.4447937011719,469.6456298828125,455.438232421875,504.3091735839844,480.2649230957031,476.3396301269531,435.99957275390625,517.1612548828125,474.38079833984375,484.0948486328125,502.17608642578125,491.4708251953125,506.93572998046875,516.2196044921875,531.007080078125,503.0980224609375,536.0232543945312,506.5407409667969,559.028564453125,478.57733154296875,566.2086791992188
484.9200744628906,443.4812927246094,482.0323791503906,439.92303466796875,484.326171875,441.63067626953125,470.4990539550781,443.28009033203125,483.3136291503906,448.4176025390625,464.3284912109375,454.49395751953125,480.43902587890625,471.962890625,454.8385009765625,444.4739990234375,501.5401611328125,487.9097900390625,444.8182373046875,422.10888671875,508.6808166503906,475.1552734375,479.6778869628906,504.3685302734375,484.73089599609375,512.9063110351562,514.3681640625,531.2015380859375,488.63616943359375,543.5241088867188,513.176513671875,555.1400756835938,465.2028503417969,574.7002563476562
484.9430847167969,443.5458984375,482.0187683105469,439.98980712890625,484.3467102050781,441.6699523925781,470.4320068359375,443.37225341796875,483.31756591796875,448.3975830078125,464.23773193359375,454.65264892578125,480.5546569824219,471.8425598144531,454.634033203125,444.5379638671875,501.5090026855469,487.7458190917969,444.704345703125,421.839599609375,508.6273193359375,475.3736877441406,479.5122985839844,504.47540283203125,484.71075439453125,512.8665771484375,514.254150390625,531.060302734375,488.6409912109375,543.0984497070312,513.2418823242188,555.331298828125,465.31298828125,574.4098510742188
477.12542724609375,445.1675109863281,473.6166687011719,442.4172668457031,476.209228515625,444.23907470703125,463.216796875,446.4593200683594,476.56365966796875,451.387451171875,459.1009826660156,458.3641052246094,477.5368957519531,472.1114501953125,452.3447570800781,448.7294616699219,496.69537353515625,481.33465576171875,450.3669738769531,423.6199035644531,508.6911926269531,468.06890869140625,472.0570068359375,506.60565185546875,479.4391174316406,514.3900756835938,500.2655944824219,536.9209594726562,484.09527587890625,546.4607543945312,504.5661926269531,565.57861328125,466.13116455078125,577.521728515625
473.03814697265625,438.9603271484375,468.5948181152344,435.6817321777344,472.3354187011719,437.28692626953125,454.9386291503906,439.7635803222656,471.56640625,444.1208190917969,451.3045654296875,450.7331237792969,469.45526123046875,466.08953857421875,441.93804931640625,434.2463684082031,492.6873779296875,478.5552062988281,435.6440124511719,401.5289001464844,506.46453857421875,467.8578186035156,469.72918701171875,503.65789794921875,476.4410095214844,511.8856201171875,504.1188659667969,539.3524169921875,486.42901611328125,549.4463500976562,499.455322265625,567.734619140625,464.2649841308594,581.133544921875
465.66278076171875,434.2582702636719,461.4743347167969,431.1415100097656,464.5500183105469,432.2942810058594,449.0285949707031,437.5592041015625,465.31854248046875,439.9705505371094,444.90484619140625,452.1141357421875,468.54296875,461.5711669921875,434.7048034667969,433.7565002441406,486.0129089355469,467.1526794433594,425.8577880859375,399.1623840332031,488.55035400390625,455.8183898925781,460.14825439453125,503.31597900390625,472.67401123046875,507.76715087890625,478.6597595214844,541.92236328125,480.4294738769531,547.0714111328125,470.4104919433594,575.0198364257812,462.8783264160156,581.4067993164062
451.9115295410156,428.281005859375,448.0870361328125,424.6859130859375,450.6593017578125,426.01531982421875,440.0541076660156,428.92431640625,456.21209716796875,430.9370422363281,439.3659362792969,443.3457946777344,465.2385559082031,449.30328369140625,428.2879638671875,432.0233154296875,474.3586730957031,456.7341003417969,420.7507629394531,408.65625,469.7850036621094,457.6212158203125,458.1383972167969,494.15582275390625,473.08551025390625,497.2237548828125,467.3881530761719,538.453369140625,474.2271423339844,540.876953125,463.76800537109375,578.3407592773438,462.93157958984375,577.5040893554688
433.9335021972656,427.2749938964844,432.6025085449219,423.965087890625,433.93939208984375,423.89654541015625,431.0581970214844,427.02996826171875,444.41937255859375,425.46490478515625,432.99346923828125,441.2131652832031,456.1800537109375,440.68157958984375,429.7123107910156,437.37542724609375,469.29718017578125,446.41796875,428.5561218261719,421.0618591308594,463.32623291015625,447.82635498046875,457.7017517089844,491.867919921875,472.0903015136719,491.9288330078125,457.24481201171875,533.4262084960938,470.58642578125,532.9491577148438,454.17730712890625,571.9073486328125,463.1285705566406,569.2550048828125
433.89178466796875,427.33648681640625,432.57354736328125,424.0257263183594,433.9111328125,423.94537353515625,431.0721130371094,427.0645446777344,444.435546875,425.4647521972656,433.0001220703125,441.2281188964844,456.2071838378906,440.6184997558594,429.5808410644531,437.4089050292969,469.28399658203125,446.387451171875,428.3857116699219,421.0514831542969,463.379150390625,448.0065612792969,457.70465087890625,491.82293701171875,472.0821838378906,491.84576416015625,457.3093566894531,533.4260864257812,470.4515380859375,532.8619384765625,454.43145751953125,572.0592041015625,463.0870056152344,569.2444458007812
436.02777099609375,420.6875915527344,431.1343994140625,416.380615234375,432.8334655761719,416.9341125488281,419.2333679199219,422.85260009765625,434.17529296875,421.2512512207031,421.0760192871094,441.0292053222656,448.0945129394531,439.45611572265625,437.2484130859375,435.4433898925781,467.34588623046875,434.8774719238281,440.1716613769531,422.0081481933594,446.7752380371094,419.4147033691406,442.302001953125,487.3647766113281,461.6607971191406,487.59674072265625,444.5829772949219,526.867919921875,467.6393737792969,528.0076904296875,434.53472900390625,563.5177612304688,461.864501953125,567.1898193359375
429.06524658203125,413.2115173339844,423.4599609375,410.0550842285156,426.08892822265625,410.4236755371094,410.1277160644531,419.19757080078125,425.0330810546875,417.1337585449219,415.3857421875,439.1925048828125,438.9046325683594,432.67816162109375,428.1422119140625,433.4759826660156,452.2860412597656,421.3379821777344,438.6421203613281,415.0575866699219,444.70733642578125,407.3066711425781,439.8786926269531,480.9412536621094,457.65386962890625,478.9810485839844,433.47955322265625,523.55078125,463.8381652832031,518.4487915039062,424.9444580078125,565.8687133789062,465.1669921875,557.195556640625
414.4010009765625,410.4287414550781,411.51043701171875,407.3077392578125,412.6683349609375,406.8103942871094,406.2272033691406,416.87646484375,419.63677978515625,411.8208923339844,410.5014343261719,437.7977294921875,431.7612609863281,424.6728210449219,412.5549621582031,421.11492919921875,445.4061279296875,394.7201843261719,416.37286376953125,393.6253662109375,436.8218688964844,372.2049560546875,435.5783386230469,479.57281494140625,451.85235595703125,474.5251159667969,426.3695068359375,523.5198974609375,459.92822265625,514.9231567382812,408.04425048828125,568.3272705078125,463.8041687011719,555.48681640625
409.8175964355469,413.5903625488281,406.4831237792969,410.3837890625,408.25128173828125,410.06756591796875,400.1919250488281,418.6580810546875,413.7821960449219,414.0050048828125,404.0065612792969,440.923583984375,424.9583740234375,425.3282165527344,400.41314697265625,435.508056640625,441.2054748535156,395.0317077636719,398.45526123046875,418.9584655761719,440.25439453125,366.5997619628906,431.36572265625,481.2354736328125,447.2665710449219,475.46844482421875,420.0455322265625,524.2649536132812,459.12335205078125,515.198486328125,400.1038513183594,565.8934936523438,467.5621643066406,552.145751953125
403.5184020996094,414.8680419921875,399.7119445800781,411.84637451171875,401.56689453125,411.32220458984375,391.920166015625,421.1685791015625,405.13385009765625,415.64349365234375,396.5106201171875,445.08111572265625,416.4428405761719,425.9584655761719,396.3031005859375,442.0103759765625,437.7777099609375,391.06689453125,396.5821228027344,427.206787109375,443.00115966796875,359.9839782714844,421.57159423828125,483.6084289550781,437.8748474121094,476.4119873046875,409.0980529785156,527.6845092773438,457.419677734375,515.7493896484375,386.6601257324219,569.8277587890625,472.0025634765625,551.6090087890625
403.8022155761719,414.8216247558594,399.914794921875,411.79119873046875,401.7991027832031,411.29278564453125,391.88330078125,421.1650390625,405.1537170410156,415.697998046875,396.5059509277344,445.0798034667969,416.414794921875,426.1256408691406,396.4595947265625,441.7513427734375,437.6636657714844,391.401123046875,396.8206787109375,426.45843505859375,442.7643737792969,360.2580871582031,421.5064697265625,483.64471435546875,437.8263244628906,476.50360107421875,409.013671875,527.69189453125,457.3289794921875,515.7941284179688,386.588623046875,569.8349609375,471.9931640625,551.6570434570312
404.7916564941406,418.5118408203125,397.5392761230469,415.1243896484375,402.2414855957031,414.7140808105469,380.248779296875,425.7372131347656,399.783447265625,419.97784423828125,384.28802490234375,449.903076171875,411.2326965332031,433.34600830078125,389.76080322265625,438.8478088378906,434.12005615234375,404.83782958984375,393.1092529296875,414.0203857421875,436.647216796875,383.7597351074219,407.20391845703125,489.9884033203125,429.9486999511719,483.316650390625,397.2081604003906,530.66064453125,457.1780700683594,517.4456176757812,374.92926025390625,573.651123046875,477.146484375,553.1390991210938
390.63446044921875,421.5540466308594,386.3545227050781,419.28533935546875,389.8066711425781,417.7785339355469,376.7479248046875,428.6610107421875,394.4552001953125,421.01904296875,380.35003662109375,450.8997497558594,407.2265625,434.36236572265625,386.09600830078125,445.264404296875,433.6260986328125,420.6123352050781,391.0608825683594,413.4302062988281,438.6053771972656,408.9565124511719,401.1735534667969,492.06597900390625,424.05352783203125,485.3880920410156,390.144775390625,532.6937255859375,452.69390869140625,519.2398071289062,368.44586181640625,576.3020629882812,473.1573181152344,554.843505859375
379.6419372558594,428.41473388671875,376.98663330078125,426.5545959472656,378.4020690917969,425.4455261230469,372.0859375,437.0537414550781,387.296630859375,430.6138916015625,375.9043273925781,460.859130859375,402.5848083496094,445.1702880859375,383.2783508300781,464.36822509765625,424.76580810546875,438.3038635253906,391.0044250488281,446.8328857421875,427.11236572265625,433.1357421875,399.31842041015625,501.01806640625,423.7798767089844,494.24029541015625,380.09088134765625,539.1625366210938,452.74578857421875,526.8807373046875,358.7607727050781,580.8057861328125,477.6983642578125,561.3379516601562
380.675048828125,436.2123718261719,376.9399719238281,433.76953125,380.185546875,432.37921142578125,369.4544677734375,441.90948486328125,389.63006591796875,434.47772216796875,370.8054504394531,469.3652038574219,404.80322265625,449.525390625,377.1502990722656,489.33392333984375,424.756103515625,451.42919921875,383.158447265625,486.13153076171875,428.3475341796875,451.7244873046875,390.3196105957031,509.530517578125,419.897216796875,500.74920654296875,371.8914489746094,548.16796875,451.8836975097656,533.047119140625,347.1878967285156,590.8568725585938,474.6507263183594,565.75341796875
374.52703857421875,451.20367431640625,371.92352294921875,448.8314514160156,375.0224304199219,446.85595703125,366.6859130859375,454.09796142578125,386.8111572265625,445.74224853515625,366.032470703125,479.86749267578125,401.794921875,458.4751281738281,366.8177795410156,508.15740966796875,415.43719482421875,469.73870849609375,370.30584716796875,493.97259521484375,411.9892578125,469.4631042480469,383.22869873046875,518.9308471679688,414.46514892578125,509.014892578125,365.2770690917969,554.7606811523438,446.5941467285156,537.3526611328125,343.1839599609375,599.866943359375,469.0765686035156,570.9730834960938
374.7103576660156,451.2156982421875,372.04705810546875,448.83172607421875,375.16766357421875,446.889404296875,366.6185302734375,454.07818603515625,386.7877197265625,445.80670166015625,365.9457702636719,479.8077392578125,401.67254638671875,458.57373046875,366.7675476074219,508.0726318359375,415.25640869140625,469.98638916015625,370.47314453125,493.74285888671875,411.94195556640625,469.5390930175781,383.1493835449219,518.8653564453125,414.37274169921875,509.0245361328125,365.19573974609375,554.7300415039062,446.43719482421875,537.4114990234375,343.1788024902344,599.8853149414062,469.01129150390625,571.122314453125
363.53558349609375,459.7072448730469,361.87286376953125,457.338134765625,364.7376708984375,455.0448913574219,360.7223815917969,463.03741455078125,380.2395935058594,453.6871337890625,362.14080810546875,491.06390380859375,395.71490478515625,468.6963806152344,360.6921081542969,521.5721435546875,407.1463317871094,484.98345947265625,356.57867431640625,504.87835693359375,400.9505310058594,489.0699462890625,379.2768859863281,531.1021728515625,409.23193359375,520.45751953125,360.9552001953125,563.8828125,440.2752380371094,545.5836791992188,342.0706787109375,608.0214233398438,467.07366943359375,577.892822265625
362.1992492675781,469.06610107421875,359.8988952636719,466.1896057128906,362.48583984375,465.1922302246094,355.8741149902344,472.1415100097656,375.17291259765625,466.9851989746094,356.1344909667969,497.8726806640625,390.55755615234375,483.9230651855469,354.79644775390625,527.9597778320312,396.5135803222656,504.7757568359375,356.84124755859375,534.1804809570312,386.8147277832031,517.8046875,375.27545166015625,540.6873779296875,406.520263671875,533.9495849609375,352.66168212890625,568.9119262695312,436.5538635253906,557.8568725585938,336.9030456542969,607.974365234375,465.15765380859375,588.7326049804688
358.1946105957031,477.9471435546875,357.080322265625,475.260009765625,359.44097900390625,473.9388122558594,355.5119934082031,480.3775329589844,374.0535888671875,475.0731506347656,354.0019226074219,504.5084228515625,388.6903381347656,491.36126708984375,348.7571716308594,535.1445922851562,392.115478515625,512.4893798828125,348.49609375,548.6197509765625,379.4597473144531,530.1782836914062,372.36553955078125,546.1007690429688,402.2575988769531,539.6585693359375,350.98260498046875,574.2705688476562,422.62353515625,564.6898193359375,339.54736328125,613.6698608398438,445.39654541015625,597.4732666015625
359.06689453125,483.2984619140625,358.0149230957031,480.2685241699219,360.611328125,479.327880859375,357.050048828125,483.9604187011719,375.3615417480469,480.06878662109375,354.59765625,506.21832275390625,390.2686767578125,496.9876708984375,350.2070007324219,536.9661865234375,396.0362548828125,521.890380859375,351.08837890625,552.7042236328125,387.0216064453125,541.657958984375,369.8615417480469,549.9324340820312,399.935791015625,545.4253540039062,351.2294616699219,577.9462890625,420.2484436035156,571.5106201171875,336.9648742675781,616.1943359375,436.6090087890625,605.1316528320312
365.6528625488281,486.37493896484375,364.261474609375,483.0063781738281,367.09588623046875,482.3517761230469,361.97515869140625,485.5343017578125,379.27337646484375,482.557373046875,360.1668395996094,506.00933837890625,392.5093688964844,499.1812744140625,357.52557373046875,535.26318359375,397.5223083496094,523.5076904296875,360.32183837890625,547.3250122070312,390.304443359375,540.0191040039062,374.060791015625,548.9890747070312,402.3727111816406,546.0016479492188,351.3988952636719,577.771484375,421.9606628417969,573.5643310546875,333.810546875,613.4485473632812,437.3280029296875,607.1325073242188
365.9654541015625,486.4176330566406,364.509521484375,483.0399169921875,367.3531494140625,482.3999938964844,362.0150451660156,485.5448303222656,379.32574462890625,482.5897521972656,360.1826171875,505.99066162109375,392.5018005371094,499.15313720703125,357.53515625,535.2247314453125,397.5015563964844,523.4285888671875,360.306884765625,547.2845458984375,390.2437744140625,539.8967895507812,374.00189208984375,548.9537963867188,402.3046569824219,545.96435546875,351.4319763183594,577.7781372070312,422.00006103515625,573.54248046875,333.77301025390625,613.4251098632812,437.34332275390625,607.0484008789062
371.796630859375,484.46923828125,370.9853820800781,481.1108703613281,373.87237548828125,480.5137634277344,370.5328674316406,483.6158752441406,387.831298828125,481.1679992675781,366.9832458496094,504.8599853515625,401.1873779296875,499.467529296875,361.8983459472656,534.13134765625,408.49163818359375,525.7847900390625,366.3462829589844,538.8468017578125,406.6165466308594,537.0916748046875,375.8909606933594,549.0870361328125,405.0621337890625,546.6506958007812,352.9251708984375,574.8087158203125,423.8861999511719,571.4207763671875,334.6914978027344,612.4331665039062,436.90380859375,607.452392578125
388.31976318359375,478.6094665527344,385.7220458984375,474.99365234375,389.0024108886719,474.7949523925781,379.3561706542969,477.91888427734375,398.4437561035156,476.0960998535156,373.88629150390625,500.5167236328125,410.67449951171875,495.183349609375,368.794921875,531.791259765625,417.40887451171875,522.8239135742188,373.9150390625,536.0811157226562,413.6003723144531,532.3519897460938,379.54132080078125,548.1316528320312,410.59527587890625,545.6952514648438,355.2723693847656,571.412841796875,427.40557861328125,567.6012573242188,335.6470947265625,612.931640625,439.00592041015625,606.5613403320312
403.8507995605469,470.2284851074219,400.834716796875,466.5067443847656,403.8497619628906,466.2091369628906,391.0333557128906,469.5013122558594,411.419189453125,467.3373718261719,382.6965026855469,493.9530029296875,420.39727783203125,488.23223876953125,378.9557800292969,522.1419677734375,425.51239013671875,516.4390869140625,387.8250732421875,528.9683837890625,420.61187744140625,530.4832763671875,383.9393005371094,542.5535888671875,415.5621643066406,539.375244140625,365.74029541015625,572.0253295898438,435.01776123046875,566.7137451171875,339.9801025390625,611.2867431640625,442.4905700683594,601.686279296875
417.8431091308594,463.86663818359375,414.44488525390625,460.07891845703125,417.4498291015625,460.05938720703125,402.7514953613281,463.3315734863281,421.26800537109375,462.1610107421875,393.3279724121094,486.16168212890625,428.40704345703125,482.7886962890625,389.8700256347656,515.980224609375,431.97607421875,510.306884765625,395.78314208984375,528.1180419921875,426.57525634765625,529.47509765625,389.3428649902344,533.50390625,418.2836608886719,532.5621948242188,375.6220703125,568.7402954101562,438.6210632324219,566.5824584960938,348.0277099609375,607.2782592773438,438.00347900390625,604.439453125
429.3802185058594,455.2906799316406,426.24945068359375,451.1453857421875,428.72503662109375,451.6221618652344,414.6676025390625,454.2779846191406,430.93377685546875,454.940185546875,404.2471618652344,477.6357116699219,436.88128662109375,476.7743835449219,395.536865234375,510.72930908203125,444.02911376953125,505.1806640625,401.9598388671875,509.7611083984375,445.22967529296875,501.004638671875,398.9019775390625,527.2271118164062,425.1716613769531,527.215576171875,384.9864501953125,564.48828125,444.1145935058594,564.573974609375,355.24969482421875,603.0814208984375,436.9927673339844,603.7922973632812
429.35858154296875,455.25250244140625,426.237548828125,451.11810302734375,428.7107238769531,451.5865478515625,414.6449279785156,454.2744445800781,430.882568359375,454.9319152832031,404.19818115234375,477.65081787109375,436.914306640625,476.7869873046875,395.283447265625,510.79632568359375,444.14227294921875,505.06500244140625,401.2470703125,510.81109619140625,445.2369079589844,501.389892578125,399.1806640625,527.224609375,425.48797607421875,527.207275390625,385.00384521484375,564.4490356445312,444.1221618652344,564.5819091796875,355.392578125,602.839599609375,437.1475524902344,603.6497802734375
436.93621826171875,449.0624694824219,434.54449462890625,445.225830078125,436.8268127441406,445.816650390625,424.55926513671875,447.87213134765625,442.1044616699219,449.450439453125,413.3233642578125,469.43365478515625,448.42431640625,471.4753723144531,403.23907470703125,495.2120361328125,456.642333984375,497.4229736328125,412.810302734375,500.26318359375,457.6388244628906,501.86572265625,410.2859191894531,521.2073364257812,437.2499084472656,522.3826293945312,400.01763916015625,559.4791870117188,448.43182373046875,561.1171875,372.9473571777344,594.4985961914062,438.7622375488281,596.6856079101562
443.98651123046875,440.8748474121094,441.90283203125,437.1523742675781,444.0889892578125,437.7039794921875,432.9145202636719,440.1920166015625,449.6596374511719,441.7531433105469,421.1584167480469,461.85308837890625,456.6077575683594,463.9486083984375,410.4234619140625,488.46343994140625,466.7397155761719,489.8980712890625,418.0566711425781,497.1148681640625,471.98089599609375,497.23834228515625,420.32867431640625,514.0918579101562,445.8873596191406,515.2621459960938,412.31103515625,555.6051025390625,452.12335205078125,557.3860473632812,393.9285888671875,595.274658203125,442.21112060546875,597.792724609375
453.64129638671875,435.76409912109375,451.4566650390625,432.2640686035156,454.05645751953125,432.62042236328125,441.86614990234375,434.52069091796875,459.2926330566406,435.68231201171875,430.3912048339844,455.94970703125,464.2401123046875,457.0627136230469,418.9911804199219,481.4881896972656,474.83502197265625,483.915283203125,426.93768310546875,490.3272705078125,483.33642578125,494.2200927734375,430.4346923828125,510.73779296875,454.0526123046875,511.204833984375,426.3585510253906,551.7730712890625,455.5743713378906,552.2987670898438,411.79449462890625,592.4964599609375,445.4386291503906,593.315673828125
463.4085693359375,431.8986511230469,460.0350341796875,428.0519714355469,463.25616455078125,428.632080078125,448.1575012207031,430.75250244140625,465.5120544433594,431.93731689453125,437.31451416015625,452.7582092285156,472.3257141113281,452.82275390625,426.6359558105469,480.19268798828125,483.83502197265625,477.5228271484375,430.7601013183594,497.8126220703125,494.4508056640625,492.6075439453125,437.8434143066406,505.154541015625,460.9519348144531,505.2574462890625,439.0201721191406,547.4232177734375,463.30908203125,547.0899658203125,427.8197021484375,588.5946655273438,448.95220947265625,587.7538452148438
467.2726745605469,428.96661376953125,465.1762390136719,425.49420166015625,468.1775207519531,425.7937927246094,457.262451171875,428.82568359375,474.1397399902344,429.6798400878906,446.7814025878906,450.63916015625,480.6062927246094,451.4737548828125,431.54620361328125,475.89404296875,494.4643249511719,476.140625,426.9044494628906,495.3612060546875,507.3248291015625,494.55291748046875,448.0694885253906,502.541015625,469.2095947265625,502.991455078125,452.5410461425781,543.0942993164062,471.72003173828125,543.7096557617188,444.717529296875,582.6215209960938,459.26593017578125,582.51904296875
467.18084716796875,428.9263610839844,465.08892822265625,425.455078125,468.0956726074219,425.7440185546875,457.180419921875,428.8081970214844,474.1437072753906,429.62774658203125,446.6558837890625,450.6811218261719,480.62286376953125,451.4485778808594,431.4271240234375,475.85400390625,494.3377685546875,476.0048522949219,426.8494873046875,495.1544189453125,506.8421325683594,494.30792236328125,447.9033203125,502.6571044921875,469.1871337890625,503.07830810546875,452.4026184082031,543.207275390625,471.8594970703125,543.793701171875,444.6102600097656,582.724609375,459.6040954589844,582.6228637695312
477.072021484375,427.3999328613281,474.4010314941406,424.0147705078125,477.95831298828125,424.31817626953125,464.6480407714844,427.885986328125,482.2549133300781,428.8210754394531,453.0107116699219,450.3712158203125,487.9085388183594,452.341552734375,438.3247985839844,475.0942077636719,503.3129577636719,477.93316650390625,430.36322021484375,494.59405517578125,516.9296264648438,497.99371337890625,455.1576232910156,501.84039306640625,476.65447998046875,503.2386474609375,466.0506896972656,540.4222412109375,484.7609558105469,542.1329956054688,461.9058837890625,577.5560302734375,474.0600280761719,578.7660522460938
485.7790832519531,429.81414794921875,483.6273193359375,426.4251403808594,486.76910400390625,426.6767578125,474.00506591796875,429.2066955566406,489.916015625,430.7453918457031,460.35565185546875,450.2908935546875,494.2959899902344,453.4576110839844,446.1895751953125,474.5423583984375,509.74993896484375,477.7530822753906,438.1435546875,498.0953369140625,522.4779663085938,495.2666015625,464.03466796875,501.869384765625,485.30303955078125,504.05914306640625,478.2225036621094,539.3017578125,500.1451416015625,542.9683227539062,473.6046447753906,574.5291748046875,490.8930358886719,579.7125854492188
496.0181579589844,431.9412841796875,492.8991394042969,428.4150390625,496.19708251953125,428.915771484375,481.8682861328125,431.5692138671875,497.73529052734375,432.7496337890625,470.3173522949219,452.7677307128906,502.7507019042969,453.3096618652344,453.67645263671875,479.20623779296875,516.8252563476562,478.25836181640625,444.4155578613281,501.76446533203125,531.0245361328125,496.0499267578125,472.2418212890625,503.12677001953125,491.06524658203125,503.61627197265625,494.1834716796875,542.5364990234375,505.0683898925781,543.0919189453125,488.86480712890625,577.28759765625,487.5392150878906,577.4324340820312
501.7564392089844,434.33099365234375,498.5813293457031,431.1025085449219,501.8534240722656,431.75799560546875,488.7318115234375,435.439453125,504.09307861328125,436.79400634765625,478.8087158203125,457.4472961425781,509.3431396484375,458.2122802734375,461.9508361816406,483.5260925292969,522.5408935546875,482.97540283203125,452.3741149902344,504.52532958984375,538.407470703125,500.98992919921875,481.41986083984375,507.640380859375,499.0661926269531,508.46990966796875,503.3918151855469,543.3374633789062,514.5848999023438,544.1705932617188,490.7437438964844,571.6699829101562,490.1736145019531,571.33203125
514.8286743164062,439.8518371582031,510.2051696777344,436.35296630859375,513.9680786132812,437.09112548828125,496.17626953125,440.97479248046875,511.3410949707031,441.92352294921875,485.7741394042969,463.5846252441406,517.273681640625,463.1626892089844,470.9721374511719,490.2535400390625,532.6516723632812,487.3700256347656,461.4209899902344,506.88861083984375,547.4445190429688,500.3031005859375,487.9632568359375,512.7467041015625,507.2059631347656,513.2784423828125,515.1092529296875,541.6923217773438,536.72119140625,541.63134765625,492.3288879394531,565.2417602539062,508.5299377441406,564.362548828125
514.6390991210938,439.78472900390625,510.0511169433594,436.2835998535156,513.8156127929688,437.02093505859375,496.125,440.89776611328125,511.3778381347656,441.85931396484375,485.729248046875,463.6298522949219,517.4723510742188,463.2218017578125,470.9292907714844,490.43157958984375,532.7927856445312,487.5118103027344,461.7496032714844,506.95257568359375,547.625732421875,500.30072021484375,488.17657470703125,512.936279296875,507.62548828125,513.4552001953125,514.542724609375,541.71923828125,536.3067626953125,541.6461181640625,491.97186279296875,565.4479370117188,508.33648681640625,564.55615234375
525.9153442382812,444.1748046875,522.3909912109375,440.78717041015625,525.038330078125,441.6576232910156,509.94085693359375,443.9831848144531,521.2305908203125,445.96722412109375,497.54803466796875,464.0914306640625,524.1409301757812,465.8000793457031,487.26934814453125,490.270263671875,536.135009765625,489.12176513671875,487.42657470703125,505.81005859375,554.0703735351562,499.97015380859375,495.8564453125,511.65606689453125,513.966064453125,513.4314575195312,514.6949462890625,537.9474487304688,545.7537231445312,539.7145385742188,490.30291748046875,563.948974609375,525.267578125,567.1007690429688
538.4908447265625,446.21728515625,535.1572265625,442.4175720214844,537.2124633789062,443.5137634277344,522.6011962890625,444.1837158203125,534.1993408203125,446.8682861328125,512.9359741210938,464.6227111816406,534.2362060546875,467.6650695800781,522.6214599609375,487.025390625,547.4300537109375,493.08837890625,549.012451171875,497.7154541015625,569.5516357421875,498.72442626953125,503.11920166015625,512.3684692382812,521.4161987304688,514.0026245117188,511.3979797363281,532.9226684570312,555.4454345703125,533.7200927734375,487.01104736328125,566.6798706054688,550.4929809570312,567.7584228515625
552.474853515625,446.3261413574219,548.5225830078125,442.77294921875,551.6788330078125,443.8438720703125,535.0354614257812,444.46380615234375,548.6173095703125,446.92681884765625,528.5925903320312,462.01983642578125,544.770751953125,466.1044616699219,549.3400268554688,484.8705139160156,563.9542236328125,491.07672119140625,578.9330444335938,491.79779052734375,589.8861083984375,491.50341796875,510.4662170410156,509.88427734375,526.2125854492188,513.0775146484375,518.3101196289062,528.8953247070312,565.9994506835938,532.2974243164062,489.752685546875,564.6382446289062,568.381591796875,571.4954833984375
571.5109252929688,445.078857421875,567.2848510742188,441.416748046875,569.7590942382812,442.83233642578125,552.4362182617188,443.2174072265625,563.7412109375,446.20526123046875,546.6009521484375,461.5552673339844,555.60107421875,464.9021911621094,563.4349365234375,482.4017639160156,567.9818115234375,488.542724609375,596.7279663085938,482.2457275390625,597.9441528320312,484.9090881347656,524.0162963867188,508.24896240234375,536.7379760742188,510.6243896484375,525.5870361328125,529.6181640625,577.5802001953125,530.9259033203125,486.88580322265625,567.951416015625,581.953369140625,570.96044921875
586.7159423828125,440.8802490234375,583.8880615234375,437.41229248046875,584.3321533203125,438.22833251953125,570.702880859375,440.01226806640625,576.5587768554688,441.84625244140625,564.0252075195312,457.692626953125,568.5529174804688,461.14825439453125,583.1847534179688,474.6702575683594,586.48876953125,481.9022216796875,610.3616333007812,469.849365234375,610.78662109375,471.9804382324219,538.3115234375,504.4222412109375,548.4287719726562,506.55224609375,532.7391967773438,530.1346435546875,589.4071044921875,532.45654296875,487.47625732421875,566.0497436523438,590.3492431640625,571.54443359375
586.6836547851562,440.85687255859375,583.8377075195312,437.3910217285156,584.2958984375,438.2062072753906,570.63525390625,440.0296325683594,576.5272827148438,441.8486022949219,564.10107421875,457.7946472167969,568.5464477539062,461.1922912597656,583.2647094726562,474.81072998046875,586.6680297851562,481.87353515625,610.48291015625,470.06170654296875,611.0949096679688,471.9337463378906,538.527587890625,504.47576904296875,548.6134643554688,506.57733154296875,532.5072021484375,530.0809936523438,589.2899169921875,532.3568115234375,487.1341857910156,566.020751953125,590.4270629882812,571.4462890625
602.9013061523438,434.1715087890625,598.9641723632812,430.0613708496094,600.4328002929688,432.976318359375,584.8868408203125,431.26202392578125,594.6373291015625,439.060546875,579.18798828125,445.7149658203125,586.9744873046875,459.3565673828125,592.8944702148438,452.256591796875,597.6185913085938,475.6713562011719,621.6261596679688,448.8580017089844,620.7562255859375,458.26348876953125,555.3275756835938,495.5897216796875,566.4371948242188,501.85345458984375,546.610595703125,524.35693359375,595.2283935546875,532.7424926757812,499.8890380859375,555.481201171875,587.0562133789062,568.4603881835938
612.4762573242188,428.3044128417969,610.6537475585938,424.821044921875,610.8938598632812,426.6876220703125,599.4049072265625,429.11474609375,607.959228515625,435.14727783203125,587.088134765625,443.42462158203125,605.9483032226562,456.38543701171875,581.7316284179688,444.3684997558594,622.4306030273438,461.367431640625,590.1791381835938,442.87933349609375,633.0582885742188,443.435302734375,571.32080078125,491.7945556640625,587.2939453125,498.33441162109375,553.4727172851562,521.2268676757812,604.0260009765625,532.2642211914062,511.9649658203125,548.981201171875,592.4653930664062,567.7877197265625
622.2120361328125,420.15753173828125,620.5526733398438,416.6745910644531,621.5199584960938,418.7281188964844,610.5184936523438,419.4659729003906,620.9378662109375,426.30145263671875,600.5556030273438,432.7767333984375,616.4989624023438,447.8130187988281,601.931884765625,438.0476989746094,626.79638671875,456.8442077636719,613.4459228515625,439.09271240234375,632.9423828125,434.5436096191406,587.840576171875,482.9903869628906,601.1521606445312,490.28143310546875,570.7005004882812,519.1821899414062,607.2447509765625,532.505859375,536.5994262695312,542.5750732421875,592.3660278320312,566.228515625
624.2366333007812,416.55462646484375,624.9280395507812,413.66082763671875,623.3858642578125,413.6264953613281,628.0960083007812,415.691650390625,625.4566040039062,414.5765075683594,635.169921875,431.6888732910156,620.785400390625,425.5391540527344,633.9959716796875,440.3353271484375,601.8076171875,431.9393615722656,628.4820556640625,425.31298828125,590.5397338867188,429.992431640625,618.8272705078125,480.7557373046875,608.9972534179688,475.901611328125,605.4188842773438,519.6878662109375,589.4052124023438,512.5174560546875,585.97802734375,553.925048828125,564.9216918945312,542.2286376953125
645.6550903320312,401.33673095703125,643.2017822265625,398.0731506347656,645.0877685546875,399.4136657714844,632.6116943359375,399.8720703125,643.967529296875,404.1971435546875,623.1443481445312,413.0169677734375,646.8414306640625,422.77032470703125,606.9136962890625,425.0514831542969,655.9759521484375,432.107421875,587.6986083984375,427.2267150878906,643.1292724609375,410.1928405761719,621.2239379882812,463.4385681152344,636.09765625,467.5517883300781,597.8306274414062,499.632568359375,618.0072021484375,509.340576171875,581.6731567382812,530.2052001953125,598.7052612304688,547.0531616210938
645.3106079101562,401.1665954589844,642.9015502929688,397.9309387207031,644.8200073242188,399.2557373046875,632.5187377929688,399.75830078125,643.98046875,404.0567626953125,623.116455078125,412.9509582519531,646.933349609375,422.6320495605469,606.932373046875,425.13189697265625,656.0450439453125,431.9749755859375,587.7403564453125,427.16497802734375,643.2243041992188,409.7761535644531,621.28662109375,463.3663024902344,636.1951904296875,467.4485778808594,598.0827026367188,499.526123046875,618.01708984375,509.22601318359375,582.223388671875,530.1229248046875,598.6325073242188,546.9827880859375
659.81298828125,393.4281005859375,657.7716064453125,389.9874267578125,658.5772705078125,390.45648193359375,645.4293212890625,394.82025146484375,656.6959228515625,396.7393798828125,634.190185546875,411.898681640625,662.81787109375,420.7298278808594,623.6123657226562,422.49383544921875,686.0599975585938,430.75238037109375,597.6455078125,430.94146728515625,664.6361694335938,413.75982666015625,634.3735961914062,462.958740234375,652.0992431640625,466.3413391113281,610.4812622070312,496.511962890625,629.50537109375,506.7115478515625,594.9058227539062,525.9478149414062,610.3062133789062,546.0537719726562
669.285888671875,387.6385192871094,667.0296630859375,384.2051696777344,668.093505859375,384.70867919921875,658.365234375,390.3363037109375,668.8081665039062,390.8100280761719,651.9033203125,412.28448486328125,679.4866333007812,411.1357421875,640.8432006835938,421.625732421875,706.7175903320312,409.43560791015625,631.429443359375,430.8925476074219,710.85400390625,396.365234375,649.456787109375,461.87310791015625,665.4639892578125,460.39154052734375,629.3507690429688,498.2545166015625,643.868896484375,499.177490234375,609.7598876953125,526.5398559570312,618.82177734375,531.5474853515625
689.7487182617188,385.1983642578125,684.9247436523438,381.403564453125,686.1777954101562,382.8372497558594,669.4913330078125,387.2379150390625,678.8442993164062,389.24163818359375,664.3187866210938,407.9056091308594,687.8670654296875,407.28326416015625,672.063720703125,414.90521240234375,718.8788452148438,405.6904602050781,698.455810546875,406.90008544921875,745.3819580078125,383.1847229003906,660.3387451171875,455.9345397949219,674.9520263671875,455.4326171875,651.1458129882812,497.2904052734375,662.6128540039062,495.59906005859375,620.7135620117188,522.0064697265625,629.8394165039062,520.6555786132812
701.6431274414062,383.7891540527344,697.8226318359375,379.82421875,698.5875244140625,381.0849609375,686.0272827148438,384.56500244140625,695.6524047851562,386.2685852050781,683.34619140625,402.938720703125,701.8966064453125,404.9182434082031,705.2141723632812,405.01318359375,724.352294921875,410.0044250488281,735.6885375976562,400.1558837890625,742.7045288085938,400.6378173828125,674.8882446289062,455.63177490234375,687.551025390625,456.1108093261719,668.6307983398438,494.71795654296875,681.6666870117188,495.0849609375,635.960205078125,519.1068725585938,646.0869750976562,520.4969482421875
716.8270874023438,382.3746643066406,712.320556640625,378.9715576171875,713.8246459960938,380.1152038574219,699.56494140625,383.92962646484375,709.1027221679688,385.3553161621094,698.5027465820312,401.1452941894531,713.4814453125,404.9552307128906,719.9517211914062,414.6813659667969,734.2147827148438,420.7435302734375,731.3021240234375,412.8379821777344,737.5089111328125,411.23486328125,687.9554443359375,455.9314270019531,699.3492431640625,457.76153564453125,686.0762939453125,493.368408203125,709.242919921875,497.16802978515625,646.6241455078125,510.6434326171875,671.8029174804688,518.2578735351562
716.8563232421875,382.50384521484375,712.3408203125,379.086669921875,713.88232421875,380.2386169433594,699.542236328125,383.9742126464844,709.2255249023438,385.441162109375,698.3646850585938,401.0945739746094,713.6409912109375,405.0283203125,719.7274780273438,414.56072998046875,734.3065185546875,420.7812805175781,731.1447143554688,412.84808349609375,737.3822021484375,411.28924560546875,687.783447265625,455.8595275878906,699.518310546875,457.7664489746094,685.1939697265625,493.23895263671875,709.65234375,497.1739501953125,645.3866577148438,510.56231689453125,672.7138671875,518.4118041992188
729.9806518554688,385.3771057128906,726.5778198242188,381.2592468261719,728.1806030273438,382.9237060546875,716.1416625976562,383.8427734375,728.03515625,387.643310546875,711.8114013671875,402.9159240722656,729.1122436523438,411.4116516113281,724.5120849609375,430.7143859863281,741.9373779296875,441.6397399902344,731.9708251953125,437.306884765625,740.7901611328125,434.9667053222656,698.2461547851562,455.1606750488281,714.1834106445312,459.72210693359375,688.7337646484375,489.55419921875,733.0660400390625,498.109130859375,648.2433471679688,510.72393798828125,712.4322509765625,526.4988403320312
745.7935180664062,392.85693359375,741.918701171875,388.6889343261719,745.11083984375,390.1304016113281,729.0565185546875,391.49517822265625,745.8408203125,394.79827880859375,720.0582275390625,411.18133544921875,746.9226684570312,417.8586120605469,717.8902587890625,440.1150817871094,748.593994140625,449.54803466796875,723.2415771484375,460.4117126464844,747.02978515625,467.76708984375,709.030517578125,461.09283447265625,731.8228149414062,464.7975158691406,699.7280883789062,492.847412109375,754.349853515625,498.52734375,659.8173217773438,518.8450317382812,738.75927734375,528.7393798828125
758.9450073242188,398.1424560546875,757.5513916015625,393.9991760253906,759.0977172851562,395.45684814453125,748.0398559570312,394.50457763671875,759.9301147460938,399.6415100097656,734.74951171875,413.51995849609375,756.249267578125,423.53338623046875,729.7066650390625,440.1101379394531,756.6611328125,454.76715087890625,739.1317749023438,469.44915771484375,762.7891845703125,472.2427978515625,719.0389404296875,463.234130859375,740.4439086914062,467.71942138671875,701.4122924804688,493.42822265625,767.7908935546875,500.9022216796875,669.6836547851562,526.8057250976562,775.0765380859375,539.9529418945312
771.621826171875,403.26104736328125,770.2808227539062,398.9418029785156,772.0430908203125,400.9774475097656,760.250244140625,399.20550537109375,772.614501953125,406.45947265625,744.8158569335938,417.45697021484375,769.35498046875,432.45660400390625,736.3251342773438,439.9309997558594,773.9649658203125,464.7489929199219,745.7227172851562,459.3083801269531,786.5590209960938,472.93145751953125,729.6249389648438,468.4483642578125,754.0272827148438,475.03106689453125,705.7334594726562,495.9556884765625,789.5493774414062,505.69085693359375,676.9131469726562,529.2460327148438,811.0789794921875,544.3649291992188
787.39404296875,413.8870544433594,785.1578979492188,409.7633972167969,787.9089965820312,411.1903076171875,771.9461669921875,409.15521240234375,786.5980224609375,414.6883544921875,756.1554565429688,425.9183349609375,784.5252685546875,438.1772766113281,751.92529296875,449.8580322265625,790.2247314453125,469.13409423828125,763.2998046875,474.8280334472656,800.4091796875,478.83990478515625,744.123291015625,476.46234130859375,770.80517578125,481.733154296875,716.2926025390625,502.60443115234375,801.7364501953125,510.9869384765625,687.0980834960938,535.6755981445312,819.0303344726562,548.874267578125
787.4508666992188,413.86566162109375,785.1917724609375,409.7387390136719,787.9453735351562,411.1748046875,771.873046875,409.1377868652344,786.524658203125,414.69671630859375,756.0108642578125,425.9417724609375,784.4602661132812,438.24774169921875,751.8121337890625,449.86358642578125,790.23779296875,469.18353271484375,763.3654174804688,474.8429260253906,800.6227416992188,478.8576965332031,744.110595703125,476.5650939941406,770.865234375,481.8647155761719,716.1348876953125,502.623291015625,801.8341674804688,511.0325927734375,686.810302734375,535.5423583984375,819.0917358398438,548.7750854492188
801.2077026367188,423.781005859375,798.5197143554688,419.83270263671875,801.4690551757812,421.1238708496094,785.3509521484375,420.724365234375,801.2008666992188,425.09771728515625,770.9378662109375,439.53045654296875,799.942626953125,447.85931396484375,762.77734375,463.1804504394531,809.28759765625,473.85137939453125,771.7807006835938,479.5863342285156,821.5687866210938,483.106201171875,756.3528442382812,486.7147521972656,784.3074340820312,490.7398681640625,725.7737426757812,516.4768676757812,813.6560668945312,522.2882690429688,694.291259765625,550.6304931640625,836.7001342773438,561.05712890625
811.7122802734375,435.2944641113281,809.3652954101562,431.2381591796875,812.13720703125,432.2890930175781,796.886962890625,431.4100341796875,811.7042846679688,435.3824462890625,781.9051513671875,449.4578552246094,812.9899291992188,457.5545959472656,776.6885375976562,471.7658996582031,823.8604736328125,484.5776062011719,787.8588256835938,493.1943359375,837.6997680664062,495.878173828125,772.4202880859375,499.05950927734375,800.15478515625,502.41259765625,744.498779296875,522.7416381835938,828.5410766601562,527.9208984375,718.2655029296875,553.0521240234375,845.5343627929688,561.302978515625
821.765625,442.8152770996094,819.2581176757812,439.4169921875,822.6187133789062,439.9425354003906,808.5672607421875,442.05902099609375,824.484130859375,444.0065612792969,794.4525756835938,463.1827697753906,829.002197265625,465.7738037109375,779.6052856445312,488.26678466796875,844.6235961914062,488.93218994140625,776.1162719726562,511.243896484375,859.9607543945312,505.74615478515625,784.0450439453125,507.83935546875,812.066650390625,509.14520263671875,764.7401123046875,530.597900390625,837.7587280273438,532.8361206054688,739.6653442382812,563.1026611328125,849.0406494140625,567.3500366210938
832.5192260742188,450.19744873046875,829.3432006835938,446.32061767578125,832.5479736328125,447.0040588378906,816.3096313476562,447.6729431152344,830.46240234375,449.6534118652344,801.045166015625,467.7131042480469,834.35302734375,469.4888610839844,783.9678344726562,492.8828125,851.5463256835938,494.1446533203125,781.0745849609375,513.9307861328125,872.7252197265625,513.0001220703125,790.4091186523438,515.3890991210938,815.00048828125,516.5508422851562,789.8462524414062,532.416259765625,846.7409057617188,533.4288330078125,768.7933349609375,565.548095703125,849.6002197265625,567.9325561523438
836.281494140625,452.5416259765625,833.1691284179688,448.7494812011719,836.6400146484375,449.529296875,821.1060180664062,449.26947021484375,835.35009765625,451.7153625488281,806.0559692382812,467.35858154296875,839.333984375,470.2685546875,788.9718017578125,492.0645751953125,856.9354858398438,494.4005126953125,784.0238037109375,512.9478759765625,878.25146484375,509.87213134765625,795.9683837890625,515.7386474609375,819.8966674804688,517.5183715820312,799.4725952148438,532.2314453125,853.1951293945312,534.6141357421875,775.8128662109375,563.5425415039062,849.17919921875,567.6724853515625
836.218017578125,452.5450439453125,833.1083374023438,448.7517395019531,836.591552734375,449.52862548828125,821.0614013671875,449.2596740722656,835.3351440429688,451.7033386230469,806.0028686523438,467.35601806640625,839.3338012695312,470.261962890625,788.9844970703125,492.125,856.9512939453125,494.40936279296875,784.1112060546875,513.089111328125,878.2811889648438,509.88507080078125,795.9254760742188,515.7860717773438,819.89501953125,517.5665893554688,799.4169921875,532.1881103515625,853.1884155273438,534.5840454101562,775.7147216796875,563.5687255859375,849.1121826171875,567.734375
838.63525390625,451.1394958496094,834.9324951171875,447.54986572265625,838.977783203125,448.4098815917969,821.7837524414062,448.931884765625,837.4326171875,451.4167175292969,807.6458129882812,467.2626953125,841.430908203125,470.9285583496094,790.3951416015625,490.4100341796875,859.724365234375,494.398193359375,779.5536499023438,508.52142333984375,878.8636474609375,507.171142578125,800.074951171875,515.9269409179688,823.7485961914062,518.2505493164062,805.0519409179688,533.6168212890625,855.046875,536.74560546875,784.4131469726562,563.9345703125,852.0309448242188,569.0223999023438
834.2468872070312,448.6463928222656,831.7330322265625,444.89898681640625,834.7962036132812,445.73431396484375,821.6513671875,445.8267822265625,835.7444458007812,448.5299987792969,807.1421508789062,463.64776611328125,841.3564453125,468.09552001953125,787.8154907226562,485.2679748535156,857.135986328125,491.5919189453125,778.5449829101562,504.62835693359375,872.7084350585938,506.536376953125,802.9684448242188,511.30792236328125,826.7686767578125,513.6779174804688,807.1840209960938,527.0596923828125,854.1118774414062,530.4908447265625,789.88330078125,560.5631103515625,851.0985717773438,565.9288330078125
829.7265014648438,442.26312255859375,827.4646606445312,438.6690979003906,830.420654296875,439.3262939453125,818.3093872070312,441.1046447753906,833.102783203125,443.2392578125,805.5548706054688,460.47479248046875,839.7875366210938,464.5849914550781,786.875732421875,481.72857666015625,854.9404907226562,487.9229431152344,774.3892822265625,499.3577880859375,864.9098510742188,500.71484375,805.3623046875,508.77471923828125,829.3465576171875,510.9222412109375,804.5751342773438,525.523193359375,851.9702758789062,529.1665649414062,790.7642211914062,558.712158203125,852.8201293945312,564.7374877929688
822.5152587890625,436.8957214355469,820.3574829101562,433.7684020996094,824.2438354492188,433.96697998046875,811.7652587890625,435.66400146484375,829.8317260742188,436.7638854980469,799.5062866210938,454.4150390625,837.5038452148438,458.16070556640625,782.8084106445312,476.318603515625,851.87255859375,482.95281982421875,770.8916625976562,495.249755859375,855.2637329101562,500.6544189453125,804.5704345703125,506.27960205078125,832.1807250976562,508.11151123046875,792.6182250976562,522.3207397460938,845.5823974609375,525.64306640625,788.6766967773438,557.3004760742188,857.2570190429688,562.1753540039062
814.5419921875,432.18963623046875,813.696044921875,428.54541015625,816.055419921875,428.8286437988281,807.8026733398438,430.47991943359375,824.2399291992188,432.12896728515625,795.5125732421875,449.2073974609375,833.9043579101562,455.1699523925781,782.640380859375,473.81402587890625,845.7686767578125,481.841552734375,769.3831787109375,492.73394775390625,837.430908203125,492.834716796875,799.8515014648438,497.80023193359375,827.5465087890625,501.24371337890625,794.3309326171875,521.4107055664062,845.4627685546875,528.3350219726562,787.8977661132812,550.112548828125,853.0106811523438,562.5001831054688
814.4675903320312,432.2247009277344,813.6411743164062,428.58203125,815.9830932617188,428.863037109375,807.794189453125,430.4924011230469,824.1741943359375,432.13995361328125,795.5241088867188,449.17236328125,833.8446655273438,455.14691162109375,782.6553955078125,473.7725830078125,845.7506713867188,481.85736083984375,769.4437866210938,492.7371826171875,837.5221557617188,492.95782470703125,799.9212036132812,497.69140625,827.5735473632812,501.1365966796875,794.2308959960938,521.4220581054688,845.3684692382812,528.3448486328125,787.885498046875,550.0958251953125,853.0557861328125,562.4871826171875
804.5634765625,425.9007568359375,804.87158203125,422.87200927734375,807.3594360351562,422.51617431640625,803.099853515625,426.15478515625,818.8357543945312,426.4722900390625,792.8642578125,445.6309814453125,827.16650390625,450.11474609375,782.7723999023438,468.6163635253906,837.56005859375,475.97442626953125,769.9827880859375,490.7723388671875,829.1171264648438,490.00531005859375,800.6923217773438,493.13397216796875,826.2957153320312,495.20587158203125,788.4713134765625,516.1510009765625,837.9598388671875,521.7352294921875,793.49853515625,547.07470703125,859.25,556.70263671875
801.2501831054688,423.3993225097656,800.6366577148438,420.06201171875,802.925048828125,419.69586181640625,796.1837158203125,421.90704345703125,812.375,421.6290283203125,787.3585815429688,440.8414001464844,821.0840454101562,443.3130187988281,782.7058715820312,467.98394775390625,832.55517578125,470.137939453125,771.0220947265625,492.3785400390625,818.4647827148438,482.247314453125,796.7919921875,489.5750732421875,822.6777954101562,490.9578857421875,786.6869506835938,518.0733032226562,836.2278442382812,522.7281494140625,792.4550170898438,548.5326538085938,858.4603881835938,556.6837768554688
792.0029907226562,418.3474426269531,791.8462524414062,415.06707763671875,794.0087890625,414.6542663574219,789.893798828125,417.69488525390625,805.9549560546875,416.9957275390625,784.6971435546875,438.3052062988281,816.66845703125,438.9513244628906,780.38720703125,466.3902282714844,827.4854125976562,467.0964660644531,774.3197631835938,490.78863525390625,821.7452392578125,485.61175537109375,797.0451049804688,487.28350830078125,821.84375,487.71197509765625,781.9686279296875,517.7631225585938,831.082275390625,519.9620361328125,789.461181640625,550.65478515625,855.6580810546875,555.0781860351562
785.8244018554688,415.799072265625,785.4175415039062,412.5074157714844,787.7520751953125,411.9450988769531,783.4083251953125,414.92010498046875,800.2453002929688,413.4730529785156,781.213623046875,434.842529296875,809.6283569335938,434.1910705566406,781.9439086914062,462.95550537109375,815.9087524414062,461.4741516113281,777.742431640625,486.44818115234375,804.5138549804688,480.51336669921875,795.7843017578125,482.5045166015625,818.70703125,482.5831604003906,781.9423828125,516.1975708007812,827.5521240234375,517.7747192382812,788.230712890625,549.92822265625,851.4896850585938,553.3262329101562
779.960205078125,412.414794921875,779.5432739257812,409.20050048828125,781.8911743164062,408.5177001953125,778.540771484375,411.91888427734375,794.90966796875,409.89483642578125,777.8978271484375,432.3340759277344,805.9464721679688,430.34600830078125,781.0730590820312,461.2911682128906,814.2921142578125,457.70758056640625,778.0460205078125,486.3765563964844,806.2579956054688,479.5033264160156,794.5498657226562,478.64678955078125,816.4893798828125,478.19085693359375,781.7083129882812,513.5299682617188,821.7786254882812,514.1198120117188,789.1404418945312,546.689453125,842.6492309570312,548.3229370117188
779.9906005859375,412.38800048828125,779.5634155273438,409.1781921386719,781.9180908203125,408.49859619140625,778.5330810546875,411.9112243652344,794.8833618164062,409.89630126953125,777.8522338867188,432.3201904296875,805.9461669921875,430.336669921875,781.0618286132812,461.31890869140625,814.4572143554688,457.7378845214844,778.1194458007812,486.4377746582031,806.7362670898438,479.57757568359375,794.5081787109375,478.5516357421875,816.459716796875,478.09881591796875,781.5734252929688,513.513671875,821.696533203125,514.096923828125,789.0770263671875,546.6842651367188,842.5999145507812,548.3121948242188
775.7006225585938,408.76019287109375,775.127685546875,405.5035705566406,777.5513305664062,404.84210205078125,774.795654296875,408.3412170410156,791.2222290039062,405.98358154296875,775.3084106445312,428.9110412597656,803.8469848632812,425.5188293457031,779.115966796875,458.0384826660156,811.0053100585938,452.7099304199219,777.8809204101562,480.8752136230469,802.4801025390625,475.129638671875,791.7667846679688,475.08935546875,813.692138671875,473.8548889160156,780.0457763671875,510.1671142578125,816.9400024414062,509.34765625,789.5548706054688,543.7066650390625,835.5084228515625,542.6359252929688
773.53662109375,402.6392822265625,772.96484375,399.280029296875,775.3185424804688,398.6257629394531,771.9667358398438,402.4459533691406,789.09423828125,400.12579345703125,771.3710327148438,423.2802734375,801.96533203125,419.9012451171875,774.85400390625,452.3146667480469,809.9623413085938,447.0047302246094,776.3427124023438,474.6719665527344,801.7044677734375,469.4564514160156,786.919921875,470.3343505859375,809.420654296875,469.09747314453125,777.4287109375,507.40887451171875,809.7245483398438,506.43927001953125,790.1205444335938,542.761962890625,826.686767578125,541.4697875976562
769.4823608398438,397.5901794433594,769.5142822265625,394.509033203125,771.4898681640625,393.68768310546875,769.8042602539062,398.28009033203125,787.658935546875,395.7539367675781,768.2828979492188,419.43084716796875,799.3075561523438,416.0087585449219,770.0043334960938,447.0010986328125,806.057373046875,442.1698303222656,773.1405029296875,470.33599853515625,793.78369140625,464.19110107421875,781.4810791015625,466.91851806640625,804.1841430664062,465.5426940917969,777.3893432617188,504.97796630859375,804.166259765625,503.96429443359375,790.1271362304688,540.4498901367188,819.6932983398438,538.5377197265625
768.1454467773438,391.6060485839844,768.3651123046875,388.46405029296875,769.9386596679688,387.62811279296875,768.7064208984375,392.5354309082031,785.3558959960938,390.103759765625,766.3590087890625,413.8484802246094,797.0119018554688,410.9232482910156,768.5714111328125,443.09991455078125,805.6751098632812,437.9427490234375,769.913330078125,464.58673095703125,793.336669921875,455.3902282714844,778.914306640625,459.5081787109375,800.60986328125,458.4938049316406,777.1237182617188,501.07220458984375,799.6318969726562,501.0721435546875,789.5514526367188,538.7743530273438,810.9913940429688,539.1987915039062
767.0397338867188,388.4296875,766.2820434570312,385.11053466796875,768.3487548828125,384.3428649902344,765.166259765625,388.8397216796875,782.3128051757812,385.9580078125,763.9342651367188,411.1824645996094,794.8609619140625,406.1354675292969,764.6624145507812,441.7462158203125,804.9575805664062,432.76446533203125,761.662353515625,463.1389465332031,795.1201171875,450.9604187011719,776.957275390625,458.50946044921875,798.2467041015625,456.4930725097656,776.14501953125,499.60528564453125,796.263671875,497.85693359375,786.7861938476562,538.977294921875,803.521728515625,536.2691650390625
766.986328125,388.3699035644531,766.236328125,385.06195068359375,768.2974853515625,384.29119873046875,765.153076171875,388.82891845703125,782.2557983398438,385.94207763671875,763.92333984375,411.21856689453125,794.8515014648438,406.17254638671875,764.6643676757812,441.784423828125,804.9765625,432.8657531738281,761.599365234375,463.1473693847656,795.2831420898438,451.1737976074219,776.916259765625,458.52130126953125,798.194580078125,456.5027160644531,776.0980224609375,499.58013916015625,796.2445068359375,497.8115234375,786.9016723632812,538.9468994140625,803.5796508789062,536.1734619140625
766.0635986328125,384.99786376953125,765.1593627929688,381.612548828125,767.5765991210938,381.044189453125,763.3429565429688,384.8288269042969,780.9628295898438,382.751220703125,761.28662109375,406.3374328613281,792.6635131835938,402.8507080078125,759.820068359375,435.9305419921875,802.7765502929688,428.9307556152344,754.6009521484375,459.2398986816406,795.6617431640625,447.5767822265625,774.22314453125,453.0683288574219,795.1099243164062,451.90521240234375,774.1904907226562,495.509765625,791.4063720703125,494.9342041015625,785.490966796875,535.7998046875,797.1687622070312,534.7117919921875
763.3093872070312,382.0458984375,762.3020629882812,378.7386779785156,764.6871337890625,378.1759033203125,761.064697265625,382.64581298828125,777.7066650390625,380.20196533203125,759.4348754882812,404.9441833496094,790.2811279296875,400.4785461425781,755.4385375976562,432.7547912597656,801.1782836914062,426.9808654785156,748.437744140625,453.984619140625,799.208740234375,450.3116149902344,771.8170166015625,452.0556335449219,791.799560546875,450.056884765625,770.8013916015625,493.77484130859375,786.2665405273438,491.41473388671875,782.111328125,534.970458984375,790.785888671875,530.78857421875
761.7918090820312,380.785888671875,760.8665161132812,377.4823303222656,762.9660034179688,377.1153259277344,759.43115234375,381.2907409667969,775.0372314453125,379.4746398925781,757.6792602539062,403.1119384765625,786.9015502929688,399.6922302246094,751.5663452148438,429.36285400390625,798.5324096679688,425.4778747558594,744.4041137695312,448.2542724609375,798.5578002929688,446.03887939453125,769.0716552734375,450.3983459472656,786.76953125,448.6538391113281,770.3307495117188,491.287841796875,776.3412475585938,489.2926025390625,783.560791015625,531.4864501953125,776.4132080078125,527.9317626953125
759.2763671875,381.2790222167969,758.0203857421875,378.09613037109375,760.5478515625,378.09161376953125,756.1647338867188,380.7284851074219,773.0634155273438,380.0780029296875,755.6288452148438,401.7965087890625,784.79052734375,400.05224609375,746.6785278320312,427.1831359863281,798.9574584960938,427.76995849609375,737.3199462890625,441.6422119140625,797.3289794921875,445.8502502441406,765.6735229492188,451.9761962890625,782.7962036132812,450.69158935546875,768.0904541015625,492.44476318359375,769.0711059570312,490.74859619140625,784.2744750976562,528.8040771484375,770.9275512695312,525.4899291992188
757.1844482421875,381.67559814453125,755.92822265625,378.61175537109375,758.6224365234375,378.5768737792969,753.9807739257812,381.32354736328125,771.5633544921875,380.6378479003906,753.388671875,401.903076171875,783.046142578125,400.36688232421875,745.1683349609375,425.5809326171875,797.8190307617188,428.0054626464844,738.4239501953125,436.45294189453125,797.4186401367188,445.130126953125,762.8929443359375,451.41455078125,780.4426879882812,450.158203125,765.259521484375,491.6082763671875,767.1409301757812,489.69647216796875,782.65234375,527.6251831054688,771.0347290039062,523.9884033203125
757.6218872070312,381.5315856933594,756.3080444335938,378.45257568359375,759.005615234375,378.4388427734375,754.1087036132812,381.14990234375,771.7002563476562,380.5239562988281,753.4054565429688,401.7248840332031,783.0277709960938,400.3245849609375,745.2300415039062,425.5209045410156,797.744140625,428.22589111328125,738.5052490234375,436.40838623046875,797.28173828125,445.4012145996094,762.8632202148438,451.2315368652344,780.4049072265625,450.0408935546875,765.2432250976562,491.48553466796875,767.1997680664062,489.64959716796875,782.5089721679688,527.6265869140625,771.0176391601562,524.0966796875
753.9430541992188,382.4591064453125,753.1323852539062,379.5272216796875,755.2938232421875,379.20989990234375,752.6693725585938,382.86773681640625,768.3674926757812,381.2857360839844,751.6353759765625,403.66192626953125,779.3395385742188,401.29876708984375,742.322265625,425.7676086425781,793.8228759765625,429.5753479003906,735.4384765625,428.9689025878906,797.3607788085938,445.512939453125,761.3951416015625,452.8112487792969,777.310546875,451.6155700683594,762.1185302734375,491.13616943359375,760.3002319335938,489.136474609375,780.5933837890625,526.8955078125,764.4495239257812,522.783935546875
753.4255981445312,380.4486083984375,752.703857421875,377.6786804199219,755.1340942382812,377.4286193847656,750.822509765625,382.4020080566406,766.8677368164062,381.02520751953125,747.6460571289062,403.91827392578125,775.6209716796875,401.360107421875,735.4923095703125,424.28155517578125,786.5381469726562,425.8473205566406,732.899658203125,428.6080322265625,794.6502075195312,442.7822570800781,757.4229736328125,450.1187744140625,773.4970703125,448.33673095703125,761.5970458984375,488.1549072265625,763.0713500976562,484.7187805175781,779.1842651367188,523.732666015625,765.349853515625,517.3027954101562
750.4273681640625,380.7192687988281,750.0439453125,377.8740234375,752.1864013671875,377.7682800292969,748.6619262695312,382.1509094238281,765.00927734375,381.2123718261719,745.2062377929688,402.0307922363281,774.19287109375,401.0735778808594,729.475830078125,418.72381591796875,784.5530395507812,425.798583984375,727.2698364257812,417.0068664550781,791.1371459960938,441.7791748046875,755.189697265625,449.9404602050781,772.1082763671875,448.6892395019531,755.348876953125,488.13336181640625,759.10009765625,485.06939697265625,775.072509765625,520.8588256835938,765.7489013671875,514.5441284179688
