x0,y0,x1,y1,x2,y2,x3,y3,x4,y4,x5,y5,x6,y6,x7,y7,x8,y8,x9,y9,x10,y10,x11,y11,x12,y12,x13,y13,x14,y14,x15,y15,x16,y16
822.0997314453125,383.7155456542969,824.7584838867188,379.73944091796875,818.755126953125,379.77099609375,828.69873046875,380.1442565917969,812.5435791015625,380.1536865234375,835.9696044921875,395.83856201171875,800.6053466796875,396.08673095703125,846.1979370117188,416.29852294921875,792.0701293945312,417.65484619140625,839.8824462890625,425.53900146484375,806.8197021484375,426.8797302246094,827.8331298828125,440.375732421875,804.8057861328125,440.57330322265625,828.945556640625,479.5981750488281,803.392822265625,479.8773193359375,822.90966796875,516.8905029296875,801.2898559570312,517.5853881835938
822.45947265625,384.22344970703125,825.0882568359375,380.2594299316406,819.1298217773438,380.27972412109375,828.947509765625,380.545166015625,812.9060668945312,380.50933837890625,836.1112060546875,395.9244384765625,800.849853515625,396.0750732421875,846.2493896484375,416.4084777832031,791.9200439453125,417.5495910644531,840.2039794921875,426.5511474609375,806.10693359375,427.7460021972656,827.7408447265625,439.48785400390625,804.818603515625,439.63934326171875,828.7852783203125,478.562744140625,803.277099609375,478.7987060546875,822.7413940429688,516.0580444335938,801.13525390625,516.6762084960938
821.0381469726562,383.08197021484375,823.6550903320312,378.9681701660156,817.5489501953125,379.1866455078125,827.7105102539062,379.43060302734375,811.3002319335938,380.0467529296875,834.6128540039062,396.3979797363281,801.7402954101562,397.2942810058594,844.5010986328125,418.1025390625,793.504638671875,420.1117858886719,840.3204345703125,432.8436279296875,802.7030029296875,434.3954772949219,827.5997314453125,441.8896179199219,806.1837158203125,442.2362365722656,828.2523193359375,481.269287109375,801.7805786132812,481.6112365722656,823.5364990234375,519.0640258789062,798.0228881835938,519.8687744140625
819.81640625,388.25439453125,822.01318359375,384.73480224609375,816.45361328125,384.9453125,825.1737670898438,385.46856689453125,810.0595703125,385.6962890625,832.4332275390625,402.2572021484375,800.6343994140625,402.7019348144531,844.137939453125,421.9007263183594,791.1824340820312,422.3341369628906,843.6959838867188,439.414794921875,801.11474609375,435.8579406738281,827.0205078125,448.3218994140625,806.50927734375,448.5671081542969,825.640625,485.890869140625,802.1185913085938,486.706787109375,818.1915893554688,520.8309326171875,796.87939453125,522.5147705078125
817.612548828125,395.4560546875,820.7547607421875,391.6722412109375,814.6175537109375,391.7498474121094,827.2454223632812,393.08648681640625,809.4658813476562,392.99072265625,835.354736328125,411.84088134765625,800.9381103515625,411.5757751464844,846.0064086914062,436.0829772949219,790.9985961914062,434.5251159667969,842.4656982421875,456.98858642578125,801.4945678710938,451.34307861328125,826.66845703125,458.2142028808594,805.0054931640625,457.66900634765625,819.4986572265625,491.66900634765625,799.7725830078125,491.79644775390625,803.882080078125,524.0908203125,792.5286865234375,525.7985229492188
821.0186767578125,397.17779541015625,820.4957275390625,393.61114501953125,819.1697998046875,393.7491455078125,817.212158203125,394.5391845703125,818.078369140625,394.5809326171875,821.7672119140625,411.9839172363281,812.430419921875,411.5171813964844,829.0396728515625,433.805419921875,806.2919311523438,432.51983642578125,833.0498657226562,453.94329833984375,808.49462890625,453.3392028808594,818.94970703125,458.7530517578125,813.9706420898438,458.42724609375,813.9940185546875,491.69256591796875,808.5113525390625,491.4687194824219,801.0964965820312,524.842529296875,797.20068359375,525.2943725585938
814.603271484375,400.892822265625,816.29248046875,397.34375,812.1026000976562,397.46099853515625,819.6448974609375,397.97052001953125,807.501953125,398.20623779296875,830.7039184570312,414.8638916015625,799.22265625,414.8854064941406,843.2608642578125,436.7061767578125,786.5789794921875,436.2604064941406,845.1787719726562,458.486083984375,786.0189208984375,457.57275390625,825.53955078125,460.50311279296875,806.518310546875,460.13824462890625,821.0753173828125,493.84423828125,800.6884765625,493.83197021484375,810.4654541015625,525.8051147460938,791.31884765625,525.91845703125
814.8162841796875,400.82501220703125,816.4590454101562,397.2726745605469,812.31005859375,397.386474609375,819.7490844726562,397.90594482421875,807.6676025390625,398.1251220703125,830.7918701171875,414.8473205566406,799.2606201171875,414.8438415527344,843.4095458984375,436.7383117675781,786.60986328125,436.29425048828125,845.371337890625,458.4246826171875,786.2628173828125,457.54193115234375,825.59033203125,460.70977783203125,806.54345703125,460.3428955078125,821.0982666015625,494.37420654296875,800.656494140625,494.359130859375,810.3224487304688,526.5145263671875,791.1268310546875,526.6474609375
810.817626953125,403.037841796875,812.978515625,399.57476806640625,808.6726684570312,399.657470703125,817.0416870117188,400.29022216796875,805.199951171875,400.5107116699219,829.27685546875,417.13519287109375,798.2667846679688,417.2423400878906,843.207275390625,437.976318359375,785.0026245117188,437.0613098144531,846.245361328125,460.448974609375,779.7637939453125,458.81146240234375,824.5118408203125,462.2843017578125,805.5972290039062,461.8396911621094,822.3546752929688,493.7956237792969,799.6865844726562,493.766845703125,818.2318725585938,523.2862548828125,794.3968505859375,522.9653930664062
810.5169067382812,404.2960205078125,812.5057373046875,400.65185546875,808.0156860351562,400.94305419921875,817.5836791992188,400.5962219238281,804.0423583984375,401.05987548828125,828.6183471679688,416.92230224609375,796.2222290039062,416.5869140625,840.9251708984375,439.8002014160156,782.9291381835938,435.6169738769531,845.4150390625,468.3057861328125,780.5923461914062,454.47601318359375,826.989013671875,461.047119140625,805.464111328125,460.835693359375,828.3023681640625,494.005126953125,794.6947631835938,494.3191223144531,824.1903076171875,525.9332275390625,786.2388916015625,526.499267578125
809.143310546875,406.1426696777344,811.347412109375,402.43597412109375,806.3860473632812,402.71331787109375,817.10498046875,402.2896728515625,802.2982177734375,402.77105712890625,829.1707763671875,419.244384765625,795.4154663085938,418.5753479003906,842.5777587890625,442.72357177734375,782.8357543945312,437.6377258300781,846.5421752929688,471.85906982421875,781.6307373046875,457.7721862792969,829.0867309570312,463.1966552734375,806.166259765625,462.9305419921875,834.2785034179688,496.23419189453125,794.92431640625,496.05303955078125,833.6779174804688,529.4395751953125,787.2469482421875,528.8724975585938
808.971435546875,410.2271728515625,811.56884765625,406.1994323730469,805.812255859375,406.7972717285156,817.1224365234375,406.50396728515625,802.4251708984375,408.29681396484375,830.172607421875,422.82403564453125,799.2906494140625,425.48675537109375,846.3455810546875,443.80841064453125,790.617919921875,447.9320983886719,851.521728515625,467.60906982421875,787.1668701171875,468.75830078125,831.401611328125,469.0000305175781,810.271240234375,469.8896484375,843.0059814453125,498.39886474609375,798.0223388671875,498.97418212890625,846.324951171875,529.5098266601562,788.3712158203125,530.0077514648438
812.212646484375,410.7789001464844,814.4207763671875,406.923095703125,809.2959594726562,407.45684814453125,818.671875,406.94683837890625,805.79833984375,408.3556823730469,831.7933959960938,421.7762145996094,800.318603515625,423.89312744140625,847.7089233398438,438.1358642578125,789.0799560546875,441.4391784667969,852.9863891601562,450.93890380859375,785.2198486328125,452.467041015625,834.4854736328125,464.380859375,812.6328125,465.37738037109375,848.62939453125,497.87103271484375,797.68017578125,498.3768310546875,856.78759765625,531.7612915039062,789.0778198242188,532.162353515625
811.9498901367188,410.860595703125,814.13330078125,406.98486328125,809.048095703125,407.54156494140625,818.4954833984375,406.9596862792969,805.6126708984375,408.44439697265625,831.8414306640625,421.8173828125,800.3380737304688,424.0203552246094,848.010986328125,438.3109130859375,789.1382446289062,441.7380065917969,853.319091796875,451.4911193847656,785.0392456054688,453.01519775390625,834.6448974609375,464.6358947753906,812.77490234375,465.6510314941406,848.6354370117188,498.07177734375,797.7061157226562,498.58709716796875,856.6197509765625,531.9371337890625,788.8856201171875,532.3434448242188
817.1141357421875,411.53070068359375,819.5994873046875,407.5485534667969,813.895751953125,408.032958984375,823.9375,407.6861572265625,809.6358032226562,408.94805908203125,835.36767578125,422.7652587890625,803.3419189453125,424.9175720214844,852.4103393554688,439.2582092285156,791.884521484375,443.383056640625,860.9690551757812,453.0970458984375,788.052734375,455.38232421875,836.4135131835938,464.70263671875,813.931884765625,465.78131103515625,854.173095703125,497.0992126464844,798.2283325195312,497.65887451171875,865.5580444335938,533.525146484375,790.2125244140625,534.1400146484375
824.4863891601562,411.68115234375,826.0321655273438,407.6684875488281,821.6709594726562,408.5779724121094,830.461181640625,406.92864990234375,816.7724609375,409.2170104980469,842.502197265625,421.68896484375,808.00439453125,425.13787841796875,861.9156494140625,438.97650146484375,791.076904296875,443.40093994140625,865.0636596679688,448.6940002441406,793.8817138671875,448.04998779296875,840.08935546875,468.0359802246094,814.5091552734375,470.285400390625,859.9194946289062,496.13055419921875,800.4136962890625,498.724853515625,869.6044921875,534.8681640625,786.6009521484375,537.5765991210938
828.6903076171875,412.6560974121094,830.7595825195312,408.82427978515625,825.9595947265625,409.29486083984375,835.9872436523438,408.559326171875,821.583251953125,409.8167724609375,847.115234375,423.8870544433594,814.0479736328125,426.00787353515625,864.68017578125,439.05804443359375,798.0457763671875,443.737060546875,866.6875,443.58123779296875,798.3253173828125,450.74810791015625,845.39501953125,469.9195556640625,820.00732421875,471.3692321777344,865.8327026367188,497.9120178222656,802.0655517578125,498.96136474609375,878.8232421875,537.1395263671875,787.5435791015625,537.2177734375
833.9859008789062,415.459716796875,835.4542236328125,411.84552001953125,830.7808227539062,412.4195251464844,838.7191162109375,411.91876220703125,825.905029296875,413.303955078125,850.697998046875,426.5774230957031,818.55712890625,428.9342041015625,869.9862670898438,440.411865234375,804.4140014648438,446.6992492675781,875.7222290039062,441.2676086425781,805.4694213867188,454.5746154785156,852.153076171875,470.8651428222656,826.5272827148438,472.55267333984375,873.0950927734375,500.0174560546875,804.7263793945312,500.55499267578125,889.2615966796875,538.1062622070312,788.27880859375,536.0008544921875
843.167236328125,415.1631774902344,845.061279296875,411.8697509765625,839.6795654296875,412.2836608886719,848.4307250976562,412.16436767578125,833.6378173828125,412.77886962890625,858.2473754882812,426.7568359375,826.322021484375,427.94677734375,876.7300415039062,439.23516845703125,810.8486328125,444.97314453125,888.3880615234375,441.2483825683594,812.4358520507812,452.68438720703125,858.484619140625,472.061279296875,833.1007690429688,471.95733642578125,879.4442138671875,502.61737060546875,811.794677734375,501.5235900878906,892.7547607421875,540.209716796875,788.5369262695312,536.7505493164062
843.1922607421875,415.126708984375,845.061279296875,411.8389892578125,839.7027587890625,412.262451171875,848.367431640625,412.169189453125,833.6434936523438,412.7989501953125,858.14404296875,426.7638244628906,826.2996826171875,427.9921875,876.669677734375,439.2176513671875,810.8876953125,445.01611328125,888.4686279296875,441.289306640625,812.7969360351562,452.62969970703125,858.4573974609375,471.97760009765625,833.119140625,471.9102783203125,879.55224609375,502.4883728027344,811.9227294921875,501.45233154296875,892.9031982421875,540.0933837890625,788.6712646484375,536.733154296875
847.23193359375,419.3509521484375,849.5562744140625,415.73681640625,844.0577392578125,416.37744140625,856.0081787109375,415.0294189453125,840.08203125,416.2982177734375,867.677001953125,428.59930419921875,836.16259765625,430.370361328125,885.9164428710938,441.546875,820.3428955078125,447.48773193359375,894.0538330078125,442.3869323730469,821.1307983398438,452.202880859375,867.023193359375,474.9108581542969,841.9169921875,474.57861328125,886.3175048828125,504.31732177734375,818.2239990234375,503.0109558105469,897.4200439453125,540.4814453125,790.4112548828125,536.4510498046875
851.298828125,418.93646240234375,853.7138671875,415.39630126953125,848.17578125,415.9642333984375,860.2509155273438,415.0522155761719,844.5396728515625,416.1534423828125,871.2208251953125,428.85577392578125,841.29443359375,430.7615661621094,888.7633666992188,441.12249755859375,828.6578369140625,447.96539306640625,898.0731201171875,441.47491455078125,831.5557861328125,452.06097412109375,870.5345458984375,473.8055419921875,846.839599609375,473.5843505859375,888.087646484375,504.08154296875,824.40185546875,502.9593200683594,897.612548828125,539.8174438476562,798.192626953125,536.1483154296875
856.1914672851562,420.44061279296875,858.4403686523438,416.63946533203125,853.330810546875,417.4736022949219,865.450927734375,415.94207763671875,851.17431640625,417.9466552734375,878.9884033203125,429.6007080078125,847.7869873046875,431.60797119140625,896.5731811523438,442.739990234375,833.44189453125,446.6045837402344,901.18310546875,446.5071716308594,831.0433349609375,451.580810546875,877.5186767578125,473.0567321777344,853.508056640625,472.80126953125,889.906982421875,503.45660400390625,830.2904663085938,502.4572448730469,898.864013671875,543.6859130859375,807.7822265625,540.274169921875
864.8929443359375,420.5325622558594,866.8441162109375,416.64874267578125,861.3885498046875,417.497802734375,872.6401977539062,416.3077697753906,857.0223388671875,418.34112548828125,885.6509399414062,431.3812255859375,852.95263671875,433.284912109375,904.20751953125,444.72174072265625,836.0657958984375,448.48516845703125,904.34228515625,442.51702880859375,834.350341796875,452.9501037597656,883.99169921875,475.4134826660156,859.0471801757812,475.6317138671875,897.0076904296875,502.5857849121094,833.644775390625,501.3893737792969,903.7188720703125,542.9009399414062,811.7294311523438,539.2277221679688
868.80908203125,422.9769287109375,871.6173095703125,418.80377197265625,865.7039794921875,419.608154296875,880.0090942382812,416.668701171875,862.44140625,418.95361328125,894.5894775390625,429.5936279296875,858.166748046875,432.44903564453125,914.9744873046875,443.50048828125,840.410400390625,449.52630615234375,912.3001708984375,449.58856201171875,833.3477783203125,462.33203125,888.2640380859375,473.3024597167969,861.804443359375,473.126953125,899.517578125,498.1351318359375,840.0765380859375,496.8863525390625,906.5076904296875,544.6790771484375,822.1316528320312,541.2552490234375
868.8056640625,422.9671630859375,871.6195068359375,418.7985534667969,865.717529296875,419.59442138671875,880.0311279296875,416.6688537597656,862.4759521484375,418.9364013671875,894.6337280273438,429.59649658203125,858.1573486328125,432.4205322265625,915.048583984375,443.4996643066406,840.339599609375,449.4541015625,912.364013671875,449.57598876953125,833.22021484375,462.2300720214844,888.26708984375,473.34454345703125,861.7757568359375,473.15863037109375,899.6043701171875,498.19146728515625,840.1484375,496.9336853027344,906.6146240234375,544.73486328125,822.2470092773438,541.3068237304688
872.5794677734375,424.1023864746094,874.9566650390625,420.068115234375,869.7349853515625,420.8855895996094,883.081298828125,417.38238525390625,867.51513671875,419.45208740234375,898.4950561523438,428.9151611328125,863.924072265625,430.5257263183594,918.400146484375,442.95458984375,844.985595703125,447.30059814453125,923.28515625,446.4337158203125,836.716064453125,458.0240478515625,893.8177490234375,470.7633056640625,868.9324951171875,469.96630859375,902.5665893554688,498.4012451171875,845.6339721679688,495.8777160644531,908.607666015625,545.5208129882812,826.5457763671875,539.626953125
881.40966796875,423.6984558105469,883.9658203125,420.0313720703125,878.6127319335938,420.37908935546875,890.600830078125,419.68353271484375,875.3754272460938,420.5618591308594,901.5964965820312,435.4266357421875,870.537353515625,433.15863037109375,904.168212890625,456.27386474609375,853.3974609375,446.9211730957031,890.6865234375,454.2931823730469,849.74267578125,447.57891845703125,896.5636596679688,472.83709716796875,872.4876708984375,471.07861328125,902.20947265625,499.725830078125,844.5521850585938,496.373291015625,907.3921508789062,542.3983154296875,829.423095703125,536.822998046875
886.8377685546875,423.2867431640625,889.7437744140625,420.13873291015625,884.5889892578125,419.80426025390625,896.1141357421875,420.94891357421875,881.184326171875,420.1333923339844,905.4776000976562,437.2998046875,873.811279296875,432.35552978515625,904.600341796875,458.3991394042969,854.6236572265625,444.12994384765625,888.5179443359375,454.8973388671875,848.1509399414062,445.03399658203125,899.281005859375,472.9681396484375,875.0355834960938,470.0918884277344,903.181640625,498.797119140625,848.7635498046875,494.08343505859375,907.3035278320312,541.3148193359375,836.01171875,534.1448974609375
894.2933349609375,426.7801208496094,896.9217529296875,423.1661682128906,892.355712890625,422.7003479003906,902.8870849609375,423.38592529296875,888.1312866210938,422.2473449707031,914.736572265625,437.737060546875,880.71826171875,434.0206298828125,919.351318359375,452.6871643066406,860.617919921875,442.9679260253906,902.7006225585938,445.826904296875,848.5845947265625,439.28656005859375,907.9609375,474.3621826171875,883.1632690429688,471.9227294921875,905.9833984375,498.42083740234375,855.9251708984375,496.1300354003906,908.6222534179688,534.5126953125,845.7189331054688,531.5277709960938
900.4282836914062,426.6844482421875,903.5184326171875,422.94329833984375,897.5689086914062,422.6536560058594,909.5579833984375,423.6688232421875,892.2947998046875,422.9111328125,918.590087890625,438.57562255859375,884.7200317382812,436.752685546875,930.88671875,453.94696044921875,868.88671875,450.10284423828125,928.7445068359375,456.8203125,862.87353515625,453.2135009765625,908.31103515625,473.87396240234375,885.7481689453125,472.4458923339844,905.720703125,498.75250244140625,869.40771484375,497.4145202636719,906.28955078125,537.5091552734375,864.040771484375,535.9886474609375
900.3291015625,426.6448059082031,903.4147338867188,422.8905029296875,897.4722290039062,422.62225341796875,909.5086669921875,423.6146240234375,892.245361328125,422.9208984375,918.6099243164062,438.5937194824219,884.7929077148438,436.8475341796875,930.9138793945312,454.1618957519531,869.1011352539062,450.4327697753906,928.5982666015625,457.19183349609375,863.1773681640625,453.6574401855469,908.4725341796875,474.0271911621094,885.9669799804688,472.624267578125,905.5181884765625,498.7342529296875,869.5991821289062,497.4056396484375,906.1635131835938,537.7151489257812,864.5908203125,536.202392578125
902.912841796875,426.05859375,905.8969116210938,422.74609375,901.4067993164062,422.2061767578125,913.475830078125,423.4693603515625,898.4820556640625,422.1634826660156,925.22900390625,438.3476257324219,893.1309814453125,435.22674560546875,935.157958984375,458.950439453125,877.3572998046875,451.459228515625,925.185546875,463.0357666015625,868.5015869140625,456.44183349609375,916.7832641601562,475.29315185546875,895.9683837890625,472.9981689453125,903.050537109375,495.82025146484375,878.6964111328125,493.73602294921875,904.9365234375,537.3184814453125,881.7163696289062,534.4085693359375
907.8876342773438,422.60723876953125,911.26806640625,419.53143310546875,906.3380126953125,418.7148742675781,917.9730224609375,421.3008728027344,902.6837158203125,419.1297607421875,926.58251953125,437.65765380859375,896.217529296875,433.2410888671875,933.1301879882812,457.799560546875,878.612060546875,447.304931640625,922.3679809570312,460.4028625488281,867.599609375,452.73504638671875,915.7064208984375,474.8599853515625,896.56689453125,472.184326171875,904.3798828125,498.4544677734375,888.5697021484375,496.248046875,909.3564453125,536.9952392578125,897.83349609375,533.5524291992188
912.343994140625,416.5038757324219,916.11328125,413.2196044921875,909.9768676757812,412.18414306640625,922.7615966796875,415.3070983886719,904.2835693359375,412.27886962890625,930.2982788085938,432.3873291015625,895.843505859375,427.116455078125,940.53076171875,450.6662292480469,875.9691162109375,439.5738830566406,936.7315063476562,450.827880859375,864.5604248046875,442.8265686035156,919.5357055664062,470.691650390625,898.1767578125,468.0784606933594,911.8024291992188,498.20709228515625,897.7750244140625,496.14483642578125,916.8875732421875,540.2311401367188,907.8869018554688,536.7727661132812
917.605712890625,412.21923828125,920.6200561523438,409.06982421875,915.5299072265625,408.269775390625,925.091064453125,410.21685791015625,911.8262329101562,408.1971130371094,931.2489624023438,427.6729736328125,902.58447265625,419.9129638671875,942.2136840820312,448.97686767578125,880.49853515625,426.23291015625,945.1881103515625,468.2578125,869.8790283203125,432.87567138671875,922.4970703125,469.0187072753906,905.3952026367188,465.4118957519531,913.0255737304688,503.10443115234375,900.3486328125,499.4526672363281,919.470947265625,543.7510986328125,910.4146728515625,540.640380859375
921.0963134765625,408.90460205078125,924.2653198242188,405.82733154296875,918.7095947265625,405.1694641113281,929.926025390625,406.41436767578125,914.5166015625,404.7364501953125,936.7725830078125,424.13189697265625,905.69384765625,417.2274169921875,947.3010864257812,444.38250732421875,884.45654296875,424.3232116699219,946.0907592773438,459.68511962890625,877.278564453125,428.9861755371094,925.4756469726562,467.20068359375,906.92626953125,463.96044921875,921.5187377929688,504.0057678222656,907.903564453125,500.6129150390625,924.515869140625,541.2970581054688,915.9984130859375,538.3002319335938
921.093017578125,408.90301513671875,924.2437133789062,405.82196044921875,918.7135009765625,405.1661682128906,929.86376953125,406.3778076171875,914.5250244140625,404.7040100097656,936.7373657226562,424.08221435546875,905.6854248046875,417.179931640625,947.242431640625,444.3819580078125,884.5367431640625,424.3671569824219,945.9619140625,459.53070068359375,877.3017578125,429.0667419433594,925.4866333007812,467.2982482910156,906.9276123046875,464.05029296875,921.588623046875,504.08184814453125,907.7971801757812,500.65557861328125,924.7115478515625,541.3466186523438,915.8565673828125,538.2862548828125
922.41845703125,405.800537109375,926.5252685546875,402.17138671875,920.0167236328125,401.2193298339844,933.31201171875,403.3933410644531,914.7357788085938,400.6539001464844,942.316162109375,419.4276123046875,907.4539794921875,414.60284423828125,950.872802734375,436.94073486328125,886.3734741210938,425.32421875,947.9507446289062,441.0780944824219,874.403076171875,432.4655456542969,931.2249755859375,463.078369140625,910.0269775390625,460.3298034667969,924.9281616210938,499.6820068359375,913.103515625,497.49688720703125,926.1168823242188,537.28515625,919.2691650390625,533.6548461914062
929.3369750976562,402.98663330078125,931.993408203125,399.52191162109375,927.4722900390625,398.9300537109375,936.7135009765625,400.253173828125,922.78564453125,398.44744873046875,947.8067626953125,415.882080078125,912.8638916015625,412.2939453125,959.177490234375,432.12432861328125,891.4700317382812,423.3270263671875,954.9976806640625,434.5859069824219,879.5960693359375,428.4390563964844,938.11865234375,459.47845458984375,916.531494140625,457.4592590332031,934.280029296875,495.3073425292969,914.0086669921875,493.736572265625,937.7349243164062,531.7413330078125,918.3180541992188,529.0189819335938
932.97607421875,400.260498046875,936.1954345703125,397.017333984375,930.7587890625,396.66192626953125,942.5809936523438,397.5364990234375,926.026611328125,396.62762451171875,950.408203125,413.58074951171875,915.322265625,410.7957458496094,958.217041015625,435.2524108886719,897.3931884765625,424.13427734375,954.59619140625,450.4080810546875,892.84765625,429.3367919921875,940.0171508789062,456.8663635253906,917.5595703125,455.7953796386719,941.5128173828125,490.6190185546875,913.6761474609375,490.2135314941406,946.3265380859375,527.0931396484375,919.4681396484375,528.6763916015625
939.8328857421875,401.2079772949219,943.5866088867188,397.829833984375,937.0946044921875,396.9876708984375,948.4246215820312,399.69610595703125,931.402099609375,397.2889709472656,954.0484619140625,415.94976806640625,919.520263671875,413.04986572265625,962.3055419921875,437.739990234375,905.1736450195312,432.8370666503906,962.1668701171875,451.1474304199219,907.645263671875,448.31591796875,946.7958984375,455.8233947753906,923.631103515625,454.7513122558594,952.7943115234375,482.88482666015625,917.2381591796875,481.9763488769531,958.14697265625,523.340087890625,919.485595703125,522.1248779296875
945.6264038085938,401.8055419921875,948.38037109375,398.556396484375,943.1507568359375,398.14569091796875,953.2156982421875,399.32818603515625,937.2797241210938,398.0581970214844,960.8025512695312,416.09014892578125,924.406494140625,412.7249755859375,967.0806884765625,440.78955078125,907.07861328125,429.1286315917969,960.4993286132812,461.9952392578125,908.6965942382812,441.3972473144531,953.2001953125,455.51104736328125,927.754150390625,454.5980529785156,965.25244140625,486.44085693359375,918.2953491210938,486.04705810546875,973.9304809570312,524.9674072265625,917.4633178710938,526.4456176757812
945.5538330078125,401.7825927734375,948.318603515625,398.5461730957031,943.103759765625,398.1214599609375,953.185302734375,399.32489013671875,937.2755126953125,398.02117919921875,960.794189453125,416.02947998046875,924.4381713867188,412.6485595703125,967.067138671875,440.68231201171875,907.1954956054688,429.0758972167969,960.4111328125,461.79302978515625,908.8111572265625,441.46282958984375,953.319091796875,455.3416748046875,927.8795166015625,454.4078063964844,965.08837890625,486.3809509277344,918.0645751953125,485.9593505859375,973.981201171875,524.8043823242188,917.3428344726562,526.2686767578125
947.7532958984375,401.833251953125,950.43310546875,398.5523986816406,945.3678588867188,398.19158935546875,955.5075073242188,398.8362121582031,940.0386962890625,397.8305969238281,964.1011962890625,415.2919006347656,928.67724609375,412.7647705078125,973.8279418945312,438.72735595703125,913.7085571289062,430.5782470703125,973.5247802734375,459.61083984375,913.4266357421875,446.5141296386719,957.8255615234375,457.97686767578125,932.186767578125,457.4210205078125,974.819091796875,487.7811584472656,920.022705078125,487.09454345703125,988.2142333984375,523.9495849609375,915.4539184570312,523.7938232421875
956.5196533203125,403.05157470703125,958.517578125,399.7515563964844,954.2830810546875,399.6177062988281,961.744384765625,400.205078125,948.612060546875,399.7162170410156,969.1697387695312,416.35772705078125,935.587890625,414.479736328125,978.8323974609375,439.3893127441406,919.305419921875,433.2879638671875,979.269775390625,459.30859375,924.8113403320312,449.50836181640625,959.998291015625,458.256591796875,934.682373046875,458.17486572265625,981.2943115234375,488.05242919921875,921.7647705078125,487.5896301269531,998.269775390625,524.7646484375,915.150390625,524.2947387695312
961.2306518554688,401.03564453125,963.3878173828125,397.6672668457031,958.7412109375,397.51397705078125,966.58349609375,398.21258544921875,952.6668701171875,397.7113037109375,973.827880859375,414.96380615234375,939.795166015625,413.94921875,985.979248046875,437.675048828125,924.227783203125,434.569580078125,989.6130981445312,458.9510498046875,928.6294555664062,453.2079162597656,965.2241821289062,458.5831298828125,939.6077270507812,458.93157958984375,985.9180908203125,488.43218994140625,924.6773681640625,488.6834716796875,1003.2559814453125,524.180419921875,917.2662963867188,524.8468017578125
965.9734497070312,399.1075744628906,968.0886840820312,395.7916259765625,963.7889404296875,395.7083740234375,971.3519897460938,396.3869934082031,958.9615478515625,396.131591796875,979.166259765625,411.834716796875,945.6817626953125,411.57867431640625,992.02587890625,430.0723876953125,927.940185546875,429.78411865234375,998.741943359375,444.6226806640625,930.4356689453125,441.970703125,969.4220581054688,455.33673095703125,944.495361328125,455.7831115722656,986.2849731445312,487.70306396484375,928.3018798828125,488.4701843261719,1000.46875,525.114990234375,918.697021484375,526.585205078125
971.826416015625,397.143310546875,975.2700805664062,393.2148742675781,969.2574462890625,392.7486877441406,980.1302490234375,394.0531311035156,964.2196655273438,392.75457763671875,987.706787109375,410.5059814453125,952.2020874023438,409.3199157714844,1001.3572998046875,428.8197326660156,937.3670654296875,428.3193359375,1005.61376953125,434.9252014160156,939.009033203125,434.7049255371094,975.9749755859375,454.2315673828125,950.74072265625,453.633544921875,994.4385986328125,480.512451171875,933.18212890625,480.15911865234375,1000.8755493164062,519.8493041992188,921.2894287109375,520.0573120117188
971.771240234375,397.1833190917969,975.2203369140625,393.25469970703125,969.2100830078125,392.78765869140625,980.1077270507812,394.0893859863281,964.1925659179688,392.79071044921875,987.7168579101562,410.53948974609375,952.2113037109375,409.34735107421875,1001.3688354492188,428.8570861816406,937.338623046875,428.3266296386719,1005.60986328125,435.01275634765625,938.8809814453125,434.7637023925781,975.980712890625,454.2552490234375,950.7509765625,453.64697265625,994.373291015625,480.5397033691406,933.15478515625,480.17669677734375,1000.8551025390625,519.87060546875,921.315185546875,520.0621337890625
975.8436279296875,390.6189880371094,980.0640869140625,386.917724609375,973.3837280273438,385.9280090332031,986.6798095703125,388.55474853515625,968.3193969726562,385.90704345703125,995.5626220703125,406.61572265625,955.6636962890625,403.37005615234375,1007.796142578125,428.7210693359375,938.8536376953125,423.86346435546875,1008.3348999023438,440.8825378417969,937.775390625,436.90570068359375,981.5194702148438,449.86639404296875,953.3981323242188,448.27703857421875,998.215087890625,476.3359680175781,935.5245361328125,475.2322082519531,1002.4495239257812,516.5321655273438,923.0408935546875,515.3749389648438
980.006103515625,390.19683837890625,982.9918212890625,386.9661865234375,977.1588134765625,386.54254150390625,987.7366333007812,387.5731201171875,970.9266357421875,386.198974609375,995.0487670898438,402.9212951660156,958.8662109375,400.1241760253906,1006.4053955078125,421.341552734375,942.7694091796875,415.46087646484375,1011.5672607421875,437.49810791015625,945.0421142578125,428.1285400390625,984.3131103515625,440.9990234375,958.099365234375,439.57366943359375,996.6527709960938,475.06280517578125,941.4097900390625,473.40985107421875,1006.393798828125,513.3707885742188,931.808349609375,511.7637634277344
982.9758911132812,389.333251953125,985.63818359375,385.8060302734375,979.8336181640625,385.6865234375,990.2044677734375,386.0869140625,973.080078125,385.3123779296875,998.1751098632812,400.9375305175781,960.6053466796875,399.630615234375,1006.9940185546875,420.066650390625,943.879150390625,419.30657958984375,1009.3064575195312,437.7607421875,948.361328125,439.0093994140625,990.195068359375,436.70709228515625,962.91162109375,436.03326416015625,1001.6636962890625,470.0120544433594,944.550537109375,469.08074951171875,1009.6658935546875,511.4684143066406,935.004638671875,510.99871826171875
989.621826171875,388.16912841796875,992.1654052734375,384.60791015625,986.2518310546875,384.47076416015625,995.812744140625,385.1409912109375,978.4178466796875,384.18084716796875,1002.708984375,399.77545166015625,963.6681518554688,398.803955078125,1011.6661376953125,417.7565002441406,944.0813598632812,419.2997131347656,1013.84521484375,434.09918212890625,950.0916137695312,440.34698486328125,993.4375,433.3259582519531,964.8338623046875,433.0174560546875,1006.768310546875,465.71490478515625,944.9326171875,465.33624267578125,1015.9974975585938,507.19329833984375,935.045654296875,507.9208984375
994.323486328125,390.18084716796875,997.0380249023438,386.843505859375,991.0345458984375,386.5974426269531,1000.418701171875,387.3203125,983.8613891601562,386.28759765625,1006.6298828125,402.0603332519531,970.7852783203125,399.2738037109375,1012.0626220703125,424.2117004394531,953.0340576171875,418.6224365234375,1013.448974609375,445.9989013671875,955.1552124023438,440.1799621582031,997.2548217773438,429.18292236328125,969.5408935546875,428.1455383300781,1012.5377197265625,463.1051330566406,947.0709228515625,461.5433349609375,1027.0155029296875,503.3619689941406,934.2750244140625,501.6975402832031
994.27099609375,390.20855712890625,996.9732055664062,386.87042236328125,990.9716796875,386.63232421875,1000.3441162109375,387.3485412597656,983.7973022460938,386.3302917480469,1006.5762939453125,402.0972900390625,970.8092651367188,399.27008056640625,1011.9884033203125,424.2986755371094,953.1619873046875,418.5685729980469,1013.3853759765625,446.0821838378906,955.4075927734375,440.06915283203125,997.24169921875,429.1555480957031,969.5743408203125,428.0928955078125,1012.4833984375,463.1385498046875,947.1007080078125,461.517333984375,1026.9425048828125,503.3994140625,934.3090209960938,501.611572265625
996.6002197265625,392.3839416503906,999.1448364257812,389.13519287109375,994.0789794921875,388.7547912597656,1002.6090087890625,389.7226867675781,987.7835083007812,388.4762878417969,1009.435791015625,403.73577880859375,973.815185546875,400.537841796875,1013.821044921875,424.36444091796875,956.1236572265625,417.766357421875,1011.2645874023438,443.82904052734375,958.179931640625,438.298583984375,999.472412109375,432.2771301269531,971.0450439453125,431.04351806640625,1017.6743774414062,463.70367431640625,946.6524658203125,461.841552734375,1035.3955078125,502.7613830566406,933.36669921875,500.83935546875
1000.029052734375,394.7542724609375,1002.711669921875,391.5413818359375,996.7725830078125,391.2586669921875,1006.0140380859375,392.67242431640625,989.5680541992188,391.730712890625,1011.3128662109375,408.30352783203125,977.7474365234375,407.32159423828125,1020.7179565429688,427.4326171875,961.820068359375,428.9914855957031,1023.383056640625,446.099853515625,960.5407104492188,454.8732604980469,1002.4586791992188,439.950927734375,975.413330078125,439.61083984375,1024.7529296875,469.03631591796875,950.3464965820312,468.21917724609375,1042.8033447265625,502.9150085449219,931.8984375,502.45458984375
1000.451416015625,397.44061279296875,1003.0704345703125,394.13397216796875,997.056640625,394.08087158203125,1007.0718383789062,395.7051086425781,990.1902465820312,395.3943786621094,1014.5956420898438,412.55743408203125,979.4723510742188,412.67034912109375,1028.414794921875,432.4921875,963.659423828125,435.548583984375,1032.7608642578125,452.2283020019531,962.6270751953125,461.17974853515625,1008.262451171875,446.43621826171875,980.55029296875,446.6615295410156,1031.10693359375,472.6950988769531,955.7543334960938,472.45989990234375,1047.80322265625,504.662353515625,937.283935546875,504.53070068359375
999.585205078125,403.48089599609375,1002.00048828125,400.0765686035156,996.44970703125,400.25140380859375,1006.4935302734375,401.0451965332031,990.41552734375,401.364990234375,1015.8463134765625,416.8248291015625,980.2291259765625,417.19573974609375,1029.6829833984375,435.71826171875,963.887939453125,437.35443115234375,1033.462890625,454.76654052734375,962.369873046875,459.6175537109375,1010.0054931640625,451.21295166015625,982.2757568359375,451.531494140625,1032.59912109375,475.81884765625,958.7210693359375,475.5436706542969,1048.13037109375,506.15057373046875,941.7423706054688,505.54010009765625
991.4608154296875,407.1691589355469,993.7816162109375,403.64703369140625,988.595458984375,404.0263671875,999.303466796875,404.2738037109375,983.6672973632812,405.169189453125,1010.371337890625,418.37457275390625,975.3388671875,420.48455810546875,1026.0745849609375,436.8367919921875,960.8428955078125,441.982177734375,1029.156982421875,456.6881103515625,960.2838134765625,464.6428527832031,1009.046630859375,450.0718994140625,981.5498046875,451.3831787109375,1034.1044921875,475.05413818359375,960.2777099609375,476.11859130859375,1049.7625732421875,503.5295104980469,942.2325439453125,504.7213439941406
991.4701538085938,407.10601806640625,993.7921142578125,403.6158447265625,988.71240234375,403.9622497558594,999.4147338867188,404.2958984375,984.015380859375,405.11090087890625,1010.5098876953125,418.4410400390625,975.8157958984375,420.3377380371094,1026.068359375,436.8453369140625,961.2364501953125,441.46893310546875,1029.03271484375,456.6482849121094,960.34521484375,464.097900390625,1009.1898193359375,450.1445617675781,981.906494140625,451.3340148925781,1034.05712890625,475.0998229980469,960.423583984375,476.00537109375,1049.76953125,503.5351867675781,942.2473754882812,504.5167236328125
985.0629272460938,405.3319091796875,987.4595947265625,401.83367919921875,981.7234497070312,402.1837158203125,992.5760498046875,402.2852783203125,975.946044921875,402.98931884765625,1002.94970703125,415.5713195800781,968.6202392578125,417.37664794921875,1017.9227294921875,433.7567138671875,956.7755126953125,437.7983093261719,1018.883056640625,451.32635498046875,960.72900390625,456.5867614746094,1004.668212890625,445.2147216796875,977.670654296875,446.70806884765625,1029.4039306640625,471.8292236328125,958.82373046875,473.1195373535156,1047.8489990234375,502.009033203125,945.476318359375,503.5843505859375
975.0203857421875,404.6587829589844,977.0557861328125,400.976318359375,971.9676513671875,401.75433349609375,982.2415771484375,400.8282470703125,967.7242431640625,402.7967529296875,993.0866088867188,413.021728515625,962.554443359375,417.57830810546875,1006.2914428710938,431.74420166015625,955.998046875,439.74127197265625,1005.53857421875,448.8879089355469,960.3209838867188,457.6031494140625,997.8905029296875,443.5908203125,974.0997314453125,446.5902099609375,1019.3294677734375,469.1318359375,959.1407470703125,472.5194091796875,1041.9869384765625,505.65838623046875,955.0811767578125,510.29486083984375
967.546875,401.8465576171875,969.2451171875,397.9405517578125,964.1221923828125,398.9625244140625,973.4664306640625,397.5050048828125,959.781005859375,400.0254821777344,983.6475219726562,409.74139404296875,956.3648681640625,415.02752685546875,999.2367553710938,429.5087585449219,953.4876708984375,437.50360107421875,1003.39111328125,451.6527099609375,955.2303466796875,455.35125732421875,991.1845703125,439.5933837890625,970.074462890625,443.023681640625,1011.753662109375,468.0726318359375,959.1275634765625,472.4124755859375,1033.3436279296875,504.8477783203125,956.052001953125,511.44451904296875
960.0269165039062,401.025634765625,961.119384765625,397.1375732421875,957.3189697265625,398.4171142578125,964.7323608398438,396.773681640625,954.2135009765625,399.9249267578125,975.505859375,408.0376281738281,949.2899780273438,415.4461669921875,991.1600341796875,425.72308349609375,949.0279541015625,439.9087829589844,997.674560546875,444.04876708984375,955.4268798828125,457.27020263671875,982.4036865234375,439.27056884765625,962.755859375,443.7073974609375,1003.6386108398438,466.4580078125,959.74951171875,471.8349609375,1016.9489135742188,502.4559631347656,955.8330688476562,510.1723937988281
940.8213500976562,396.75604248046875,942.2423095703125,392.02996826171875,937.6019287109375,393.263916015625,947.402587890625,389.9673156738281,936.4246826171875,392.9818115234375,962.5045166015625,402.5743408203125,938.0806884765625,407.24365234375,980.5050048828125,424.884765625,941.31640625,433.72393798828125,985.4258422851562,455.666015625,945.9010009765625,460.244873046875,979.7462768554688,440.90472412109375,963.834716796875,443.20562744140625,984.82861328125,474.23443603515625,960.9124145507812,475.9017333984375,995.3307495117188,511.4635009765625,968.176513671875,512.1246948242188
940.6827392578125,396.8903503417969,942.1701049804688,392.177978515625,937.498046875,393.4012451171875,947.47607421875,390.1107177734375,936.3642578125,393.12158203125,962.7298583984375,402.72967529296875,938.0062866210938,407.4287109375,980.8665771484375,425.18450927734375,941.3322143554688,434.0792541503906,985.6182861328125,455.96722412109375,945.978515625,460.5260009765625,979.8807373046875,441.1292724609375,963.7413940429688,443.4364929199219,984.939697265625,474.29302978515625,960.5604858398438,475.96728515625,995.8446044921875,511.5466003417969,968.1439819335938,512.201171875
937.6041870117188,398.982666015625,939.2298583984375,394.3244934082031,934.1892700195312,395.64129638671875,943.934326171875,392.64337158203125,931.8751831054688,395.8717346191406,956.5,404.73779296875,933.4147338867188,408.9267883300781,968.4444580078125,423.3199768066406,932.4439086914062,429.291748046875,968.95068359375,444.7406005859375,936.6368408203125,448.1575927734375,971.740966796875,439.4363708496094,957.029052734375,441.34161376953125,971.640869140625,471.83599853515625,956.6035766601562,473.08013916015625,979.4349365234375,509.030029296875,965.9862670898438,509.173583984375
934.37109375,394.94171142578125,936.7706909179688,390.2335510253906,930.4400634765625,391.67333984375,942.861572265625,389.40045166015625,927.8023681640625,393.3040466308594,955.1255493164062,403.2962951660156,929.2298583984375,409.2999267578125,975.1016845703125,420.4422607421875,932.3865966796875,431.6948547363281,982.8836669921875,438.95684814453125,940.7972412109375,445.1192321777344,966.959228515625,441.975341796875,951.3905639648438,444.53521728515625,962.6265869140625,469.9970703125,953.3204345703125,472.0445556640625,970.4283447265625,507.73114013671875,966.3753662109375,509.23626708984375
925.1639404296875,385.2483215332031,926.8704833984375,379.3331298828125,919.0922241210938,381.9249267578125,932.816162109375,377.65478515625,913.3536987304688,384.46673583984375,946.8209228515625,393.67840576171875,916.5170288085938,403.190673828125,969.621826171875,409.6125183105469,922.5406494140625,427.1241760253906,976.4694213867188,431.7099609375,930.76220703125,441.78936767578125,961.9833984375,436.8172302246094,943.270263671875,441.10626220703125,962.2286376953125,470.4229431152344,950.4395141601562,473.39544677734375,961.44384765625,507.5406494140625,955.1654052734375,510.0628967285156
926.5517578125,374.4736633300781,927.9189453125,368.97833251953125,920.373779296875,370.9228515625,930.828369140625,368.68408203125,911.5724487304688,373.6002502441406,940.4042358398438,385.0125732421875,909.29833984375,392.66778564453125,962.7257080078125,397.13714599609375,913.3218383789062,412.87237548828125,971.8057250976562,397.5174865722656,930.639404296875,407.3242492675781,953.1791381835938,436.1164855957031,933.9856567382812,440.3768005371094,960.001953125,473.53118896484375,948.2407836914062,476.76885986328125,958.3424072265625,513.3642578125,952.361572265625,516.9326171875
922.7426147460938,371.8216552734375,923.7900390625,366.71612548828125,917.8214721679688,368.140625,925.3232421875,366.1163330078125,910.6929931640625,369.4263610839844,932.198486328125,380.8290710449219,910.656982421875,385.59442138671875,946.302490234375,391.22088623046875,908.6815185546875,399.9486083984375,956.245361328125,385.97332763671875,916.3443603515625,391.7383117675781,944.9820556640625,431.16748046875,931.93896484375,433.73907470703125,948.0059814453125,474.4169921875,940.5107421875,476.1389465332031,950.0238647460938,514.1846313476562,943.705810546875,516.0147705078125
922.7694091796875,371.82275390625,923.812255859375,366.71319580078125,917.840087890625,368.1385498046875,925.3244018554688,366.11181640625,910.6883544921875,369.42193603515625,932.1650390625,380.8275146484375,910.662353515625,385.59368896484375,946.2365112304688,391.23095703125,908.7276611328125,399.9632263183594,956.166015625,385.95867919921875,916.414794921875,391.7330322265625,944.9736328125,431.188720703125,931.95068359375,433.76409912109375,948.0191650390625,474.47601318359375,940.53515625,476.1993408203125,950.0482177734375,514.3246459960938,943.7349243164062,516.1607055664062
0.0,0.0,0.0,0.0,0.0,0.0,0.0,0.0,0.0,0.0,0.0,0.0,0.0,0.0,0.0,0.0,0.0,0.0,0.0,0.0,0.0,0.0,0.0,0.0,0.0,0.0,0.0,0.0,0.0,0.0,0.0,0.0,0.0,0.0
0.0,0.0,0.0,0.0,0.0,0.0,0.0,0.0,0.0,0.0,0.0,0.0,0.0,0.0,0.0,0.0,0.0,0.0,0.0,0.0,0.0,0.0,0.0,0.0,0.0,0.0,0.0,0.0,0.0,0.0,0.0,0.0,0.0,0.0
0.0,0.0,0.0,0.0,0.0,0.0,0.0,0.0,0.0,0.0,0.0,0.0,0.0,0.0,0.0,0.0,0.0,0.0,0.0,0.0,0.0,0.0,0.0,0.0,0.0,0.0,0.0,0.0,0.0,0.0,0.0,0.0,0.0,0.0
897.5457763671875,344.0565490722656,898.6473999023438,340.512451171875,893.65234375,340.9393310546875,898.5189208984375,344.3909606933594,888.1522216796875,344.5171813964844,901.5833740234375,362.12982177734375,885.3436279296875,361.79913330078125,909.0745239257812,368.17236328125,885.3961181640625,366.84197998046875,913.6419067382812,356.99761962890625,893.9957275390625,355.52587890625,912.3279418945312,413.4570007324219,902.9566650390625,414.1128845214844,915.73876953125,455.50433349609375,917.9517822265625,455.80926513671875,903.097412109375,491.6329650878906,911.6094970703125,492.20635986328125
887.9122924804688,341.42486572265625,890.474365234375,337.715087890625,884.0888671875,338.46746826171875,895.1929321289062,341.2783203125,881.5052490234375,342.70587158203125,898.61083984375,358.2250671386719,881.90087890625,359.90313720703125,893.67333984375,359.712890625,871.8712158203125,360.3983154296875,885.45849609375,341.5575866699219,863.6275634765625,341.2127685546875,907.768310546875,409.3575439453125,897.9794311523438,410.5909423828125,909.1840209960938,449.24517822265625,910.4459228515625,450.9537353515625,900.28369140625,482.7174072265625,906.6055297851562,484.6463928222656
888.5260009765625,341.15997314453125,890.9627685546875,337.4360656738281,884.5274658203125,338.2413635253906,895.413330078125,341.03125,881.3623046875,342.558349609375,899.3633422851562,357.903564453125,881.5633544921875,359.89056396484375,898.17626953125,358.9012756347656,872.04248046875,360.1192932128906,892.02978515625,341.66571044921875,864.4818115234375,341.16265869140625,908.414794921875,409.01904296875,898.063232421875,410.418212890625,909.5696411132812,448.88201904296875,910.8154296875,450.8974609375,899.88525390625,482.16229248046875,906.1375732421875,484.7601013183594
863.3582763671875,339.6991882324219,864.5440673828125,335.5207824707031,860.8328857421875,336.6521911621094,869.6033935546875,335.53515625,862.8731689453125,338.06658935546875,882.000732421875,346.7203369140625,866.249267578125,352.1392822265625,887.63720703125,353.9306945800781,862.662109375,363.2822570800781,877.3507080078125,344.185302734375,851.3763427734375,353.10443115234375,899.8782348632812,392.7219543457031,888.8536376953125,395.786376953125,905.166748046875,436.63507080078125,888.5986328125,440.4201965332031,911.92822265625,478.6167297363281,887.8681640625,482.2244567871094
864.3226318359375,335.2357482910156,865.32177734375,331.64996337890625,862.281982421875,332.2509765625,869.4193115234375,333.5566711425781,864.5191650390625,334.537109375,880.3516845703125,346.053955078125,866.0826416015625,348.2384033203125,884.6729736328125,351.313720703125,860.8646850585938,355.22991943359375,871.2566528320312,332.3133850097656,850.6067504882812,337.3725891113281,894.821533203125,392.802734375,883.054443359375,394.0540466308594,903.889892578125,436.2043762207031,874.3778686523438,437.75537109375,911.696044921875,477.5140686035156,864.8102416992188,477.9784240722656
844.9708251953125,336.76226806640625,846.8385009765625,332.32769775390625,843.3790283203125,332.9832458496094,854.901123046875,329.7595520019531,848.271728515625,331.234375,869.0849609375,337.56494140625,856.1669921875,342.39996337890625,873.1166381835938,345.23974609375,857.411865234375,355.5615234375,857.4630126953125,333.34820556640625,844.0676879882812,342.8086242675781,892.097900390625,386.70977783203125,879.689453125,388.7464599609375,901.150634765625,428.9443359375,859.6512451171875,431.7586669921875,916.27099609375,472.4869079589844,847.471923828125,473.8208312988281
839.95703125,336.5918884277344,842.3189697265625,332.4591064453125,837.55810546875,333.60888671875,849.6514892578125,331.9898986816406,838.210205078125,335.460693359375,861.9832763671875,336.56060791015625,842.4345703125,349.37335205078125,872.3726806640625,313.0533447265625,839.7127685546875,346.4913635253906,857.747314453125,286.62542724609375,825.1483154296875,340.96435546875,887.8796997070312,379.288330078125,870.081787109375,385.1307678222656,898.5443115234375,416.3035583496094,851.6365356445312,423.44293212890625,919.655029296875,456.4398193359375,840.2001342773438,463.8721923828125
831.7992553710938,337.07037353515625,835.0650634765625,333.5042419433594,829.635009765625,333.7326965332031,845.7205810546875,334.87628173828125,831.1008911132812,335.5284423828125,855.9633178710938,343.72540283203125,839.8350830078125,349.03448486328125,859.8092041015625,330.6428527832031,836.6131591796875,344.68017578125,845.2153930664062,305.15020751953125,822.724853515625,332.6477966308594,881.0615844726562,384.5235900878906,865.0742797851562,387.66259765625,894.808837890625,418.297119140625,844.2874145507812,422.2482604980469,918.2398681640625,449.1636657714844,831.43310546875,453.83685302734375
831.822998046875,337.0546875,835.0863037109375,333.4847717285156,829.651123046875,333.716552734375,845.726318359375,334.8509521484375,831.0979614257812,335.51123046875,855.9717407226562,343.7352294921875,839.8079223632812,349.0613708496094,859.8678588867188,330.8556823730469,836.5189208984375,344.89862060546875,845.2611083984375,305.64190673828125,822.5908203125,333.111083984375,881.06640625,384.52703857421875,865.0735473632812,387.6761474609375,894.7825927734375,418.28765869140625,844.3216552734375,422.2539367675781,918.16943359375,449.1741027832031,831.4663696289062,453.8665771484375
838.9795532226562,338.02410888671875,841.3157958984375,334.3004455566406,836.2029418945312,334.7661437988281,847.9119873046875,337.1640319824219,835.7315673828125,337.6683044433594,854.02001953125,348.13531494140625,840.5656127929688,348.6566162109375,850.4173583984375,335.02972412109375,837.2933349609375,332.053955078125,838.2237548828125,320.4945068359375,831.9629516601562,316.54779052734375,871.86572265625,386.7298583984375,859.6964111328125,387.526123046875,872.8017578125,420.7859802246094,847.20361328125,422.54736328125,873.0913696289062,447.6891174316406,831.0401000976562,450.73675537109375
832.5369873046875,341.07867431640625,833.564208984375,337.5130615234375,830.6011962890625,338.0194091796875,837.425537109375,337.236328125,830.36962890625,337.8726806640625,846.4501953125,348.4012756347656,831.9336547851562,346.9668273925781,845.858642578125,354.90234375,820.937255859375,350.43914794921875,828.2314453125,341.9924011230469,809.394775390625,341.7882080078125,854.819091796875,388.0091857910156,854.6390991210938,386.73284912109375,825.4222412109375,421.9512939453125,889.1617431640625,419.0169982910156,797.6255493164062,449.999267578125,918.7469482421875,443.9725341796875
0.0,0.0,0.0,0.0,0.0,0.0,0.0,0.0,0.0,0.0,0.0,0.0,0.0,0.0,0.0,0.0,0.0,0.0,0.0,0.0,0.0,0.0,0.0,0.0,0.0,0.0,0.0,0.0,0.0,0.0,0.0,0.0,0.0,0.0
0.0,0.0,0.0,0.0,0.0,0.0,0.0,0.0,0.0,0.0,0.0,0.0,0.0,0.0,0.0,0.0,0.0,0.0,0.0,0.0,0.0,0.0,0.0,0.0,0.0,0.0,0.0,0.0,0.0,0.0,0.0,0.0,0.0,0.0
0.0,0.0,0.0,0.0,0.0,0.0,0.0,0.0,0.0,0.0,0.0,0.0,0.0,0.0,0.0,0.0,0.0,0.0,0.0,0.0,0.0,0.0,0.0,0.0,0.0,0.0,0.0,0.0,0.0,0.0,0.0,0.0,0.0,0.0
0.0,0.0,0.0,0.0,0.0,0.0,0.0,0.0,0.0,0.0,0.0,0.0,0.0,0.0,0.0,0.0,0.0,0.0,0.0,0.0,0.0,0.0,0.0,0.0,0.0,0.0,0.0,0.0,0.0,0.0,0.0,0.0,0.0,0.0
0.0,0.0,0.0,0.0,0.0,0.0,0.0,0.0,0.0,0.0,0.0,0.0,0.0,0.0,0.0,0.0,0.0,0.0,0.0,0.0,0.0,0.0,0.0,0.0,0.0,0.0,0.0,0.0,0.0,0.0,0.0,0.0,0.0,0.0
0.0,0.0,0.0,0.0,0.0,0.0,0.0,0.0,0.0,0.0,0.0,0.0,0.0,0.0,0.0,0.0,0.0,0.0,0.0,0.0,0.0,0.0,0.0,0.0,0.0,0.0,0.0,0.0,0.0,0.0,0.0,0.0,0.0,0.0
0.0,0.0,0.0,0.0,0.0,0.0,0.0,0.0,0.0,0.0,0.0,0.0,0.0,0.0,0.0,0.0,0.0,0.0,0.0,0.0,0.0,0.0,0.0,0.0,0.0,0.0,0.0,0.0,0.0,0.0,0.0,0.0,0.0,0.0
0.0,0.0,0.0,0.0,0.0,0.0,0.0,0.0,0.0,0.0,0.0,0.0,0.0,0.0,0.0,0.0,0.0,0.0,0.0,0.0,0.0,0.0,0.0,0.0,0.0,0.0,0.0,0.0,0.0,0.0,0.0,0.0,0.0,0.0
0.0,0.0,0.0,0.0,0.0,0.0,0.0,0.0,0.0,0.0,0.0,0.0,0.0,0.0,0.0,0.0,0.0,0.0,0.0,0.0,0.0,0.0,0.0,0.0,0.0,0.0,0.0,0.0,0.0,0.0,0.0,0.0,0.0,0.0
0.0,0.0,0.0,0.0,0.0,0.0,0.0,0.0,0.0,0.0,0.0,0.0,0.0,0.0,0.0,0.0,0.0,0.0,0.0,0.0,0.0,0.0,0.0,0.0,0.0,0.0,0.0,0.0,0.0,0.0,0.0,0.0,0.0,0.0
0.0,0.0,0.0,0.0,0.0,0.0,0.0,0.0,0.0,0.0,0.0,0.0,0.0,0.0,0.0,0.0,0.0,0.0,0.0,0.0,0.0,0.0,0.0,0.0,0.0,0.0,0.0,0.0,0.0,0.0,0.0,0.0,0.0,0.0
828.6859130859375,361.2571105957031,830.5584716796875,357.6827087402344,826.0760498046875,358.15997314453125,836.295166015625,357.39105224609375,823.5108032226562,358.8548583984375,851.1168823242188,372.67657470703125,820.345703125,374.33709716796875,870.468994140625,390.53887939453125,814.7735595703125,392.94049072265625,864.05859375,410.27862548828125,814.2588500976562,413.47906494140625,852.906005859375,410.98468017578125,830.4271240234375,410.9431457519531,863.4713134765625,437.4356689453125,811.5484619140625,436.4449462890625,873.06201171875,472.337890625,804.095458984375,468.7784729003906
833.79931640625,362.11029052734375,835.948486328125,358.4532470703125,831.1503295898438,358.9127197265625,842.3446655273438,357.31256103515625,828.5174560546875,358.6930847167969,855.9912109375,370.4853515625,825.5579223632812,372.5232238769531,874.8731689453125,387.5391845703125,817.9979248046875,391.1355285644531,872.2694091796875,406.4328918457031,815.474609375,410.75128173828125,857.3548583984375,406.02374267578125,835.9996337890625,406.44854736328125,865.8012084960938,435.25787353515625,821.7105102539062,435.0762634277344,874.5499877929688,470.82550048828125,817.81494140625,468.99755859375
837.7454223632812,359.8177185058594,839.6966552734375,355.90576171875,834.910888671875,356.5634765625,845.6651000976562,355.079833984375,831.7598876953125,356.87762451171875,860.31005859375,368.76806640625,827.6689453125,371.22650146484375,879.384765625,387.85198974609375,821.1246337890625,391.6084899902344,876.6326293945312,408.28009033203125,823.4754638671875,411.05126953125,862.2655029296875,406.73883056640625,838.7821044921875,407.50323486328125,871.9595947265625,439.1496276855469,823.299072265625,439.3448486328125,879.8277587890625,478.2992248535156,816.85888671875,476.77581787109375
840.253173828125,363.8405456542969,842.4951782226562,359.97607421875,837.251953125,360.6127624511719,849.158203125,359.1806945800781,834.35791015625,360.88140869140625,863.7396240234375,372.1240539550781,831.5004272460938,374.7159118652344,880.4503784179688,391.9078674316406,823.795166015625,396.078369140625,877.233642578125,412.22467041015625,822.57177734375,417.8494873046875,869.1077270507812,404.3605041503906,846.020263671875,405.3541259765625,875.8505859375,437.0958251953125,828.4482421875,437.521484375,886.1260986328125,476.8314514160156,825.7102661132812,475.9146423339844
840.139892578125,363.8399963378906,842.4097900390625,359.9748229980469,837.162841796875,360.60546875,849.1602783203125,359.17724609375,834.3154296875,360.8726806640625,863.7116088867188,372.0845947265625,831.4865112304688,374.7554626464844,880.3629150390625,391.8890380859375,823.8067016601562,396.19921875,876.9173583984375,412.1970520019531,822.6036987304688,417.8515625,869.085205078125,404.2899169921875,845.99755859375,405.3271484375,875.804443359375,436.9708251953125,828.4176025390625,437.50634765625,886.0152587890625,476.866943359375,825.5670166015625,476.17364501953125
841.8985595703125,368.1201171875,844.306884765625,364.0523986816406,839.119873046875,364.7242126464844,851.883056640625,362.0675354003906,836.8116455078125,363.958740234375,867.4208984375,374.1875,834.005859375,378.0238037109375,886.8206787109375,394.76019287109375,826.7279052734375,401.25079345703125,889.6451416015625,419.8602294921875,824.584716796875,423.0950927734375,873.778564453125,407.33990478515625,849.690185546875,409.1906433105469,882.6421508789062,437.3154602050781,829.837890625,439.4294128417969,895.774169921875,477.520751953125,827.024658203125,479.35357666015625
847.9014892578125,367.4367370605469,849.507080078125,363.68035888671875,845.755859375,364.3971862792969,855.7886352539062,363.0105285644531,844.986328125,364.7823486328125,870.9423828125,376.5968017578125,841.6854248046875,379.37457275390625,891.0230712890625,395.2462158203125,830.745849609375,398.78851318359375,895.3367919921875,420.07470703125,828.3880004882812,418.26654052734375,878.2000732421875,412.98040771484375,856.0449829101562,414.7731628417969,892.9381103515625,444.32928466796875,836.0439453125,446.372314453125,912.7875366210938,483.44525146484375,831.3897705078125,484.9878845214844
854.654052734375,371.91192626953125,858.1793212890625,368.49462890625,853.5532836914062,367.9598388671875,865.868408203125,368.24774169921875,852.9189453125,367.08782958984375,877.70556640625,380.20245361328125,849.8817138671875,380.0274658203125,894.7714233398438,397.6336669921875,840.0447998046875,398.1636657714844,908.7806396484375,419.465576171875,833.3001708984375,417.5008850097656,879.375732421875,416.2735290527344,859.0203857421875,416.09912109375,900.0535888671875,450.56231689453125,840.9620361328125,450.2843017578125,921.4083251953125,485.8016357421875,836.9805908203125,484.81829833984375
863.5067138671875,372.2826232910156,865.7019653320312,368.8721008300781,861.8560180664062,368.98431396484375,872.897705078125,368.987548828125,860.958251953125,369.153076171875,886.1336669921875,386.23883056640625,856.575927734375,383.1990051269531,905.083740234375,408.6794128417969,836.6771240234375,390.5440673828125,913.636474609375,434.50726318359375,821.49853515625,395.60113525390625,887.81494140625,427.2052917480469,864.6810302734375,426.99737548828125,911.7965087890625,455.37213134765625,842.0826416015625,455.299560546875,937.7586669921875,488.7080383300781,832.6954345703125,488.16864013671875
876.1102294921875,371.9849853515625,878.5616455078125,368.8465576171875,873.7432250976562,368.650634765625,884.499267578125,369.55181884765625,870.2657470703125,368.97589111328125,896.456298828125,389.2621765136719,863.9344482421875,383.0570983886719,915.2498779296875,413.791748046875,843.76123046875,386.9840087890625,922.0838012695312,443.0955505371094,830.5925903320312,384.573974609375,894.6769409179688,433.6310119628906,869.7303466796875,431.05072021484375,914.8716430664062,463.85028076171875,846.0382080078125,461.9967956542969,940.761962890625,493.81207275390625,835.7398681640625,492.03704833984375
876.28466796875,371.9933166503906,878.7269897460938,368.8564453125,873.899169921875,368.66253662109375,884.5973510742188,369.56854248046875,870.3521118164062,368.9964599609375,896.49755859375,389.27252197265625,863.9306640625,383.087890625,915.2486572265625,413.76629638671875,843.7597045898438,386.9803466796875,922.086181640625,443.05291748046875,830.5728759765625,384.5162658691406,894.7088623046875,433.6398010253906,869.742919921875,431.08477783203125,914.9462890625,463.81365966796875,846.1814575195312,462.00384521484375,940.751953125,493.7906799316406,835.92333984375,492.0931396484375
878.5515747070312,378.4234313964844,881.3025512695312,375.18524169921875,875.6800537109375,375.0085144042969,887.2874755859375,375.54669189453125,871.5640869140625,375.1262512207031,899.096923828125,393.9251403808594,866.4340209960938,390.08251953125,916.176513671875,417.9559020996094,853.867919921875,402.25311279296875,922.336669921875,446.26544189453125,850.2425537109375,409.3673095703125,898.9780883789062,436.5849609375,873.6436157226562,434.92083740234375,917.3922119140625,467.546630859375,848.8636474609375,466.0501708984375,944.3931884765625,495.1922607421875,841.6594848632812,492.752685546875
879.7470703125,379.70196533203125,882.547119140625,376.68084716796875,877.2797241210938,376.30303955078125,889.055908203125,377.68756103515625,874.1507568359375,376.62860107421875,900.6636962890625,397.3980712890625,869.9342041015625,389.70556640625,916.610107421875,422.3526306152344,853.752197265625,390.39532470703125,921.453369140625,449.8597412109375,844.0046997070312,381.0059814453125,901.776611328125,441.0859680175781,878.1082763671875,438.1198425292969,919.3385009765625,470.24285888671875,855.732421875,468.05145263671875,946.0528564453125,496.33831787109375,849.0321044921875,494.10400390625
876.46435546875,377.71142578125,879.5003662109375,375.07818603515625,874.6929931640625,374.2823181152344,886.4057006835938,376.7749328613281,872.952392578125,374.6668701171875,897.086669921875,395.6226806640625,869.009765625,386.418701171875,912.2865600585938,418.62115478515625,853.148681640625,383.624755859375,913.7660522460938,439.478759765625,842.0725708007812,371.8733825683594,897.8592529296875,436.7183837890625,876.0595092773438,433.18212890625,914.3984985351562,465.1429138183594,856.0413208007812,461.9067077636719,944.9983520507812,494.1504821777344,853.7071533203125,490.9157409667969
869.1669921875,376.4733581542969,872.7083740234375,373.66009521484375,868.176025390625,372.59307861328125,880.2061767578125,375.66552734375,868.7818603515625,373.392822265625,890.5992431640625,394.14251708984375,865.8509521484375,389.93975830078125,900.2451171875,421.039794921875,863.8905029296875,407.3651123046875,896.890869140625,448.86309814453125,859.0541381835938,421.15679931640625,895.056884765625,437.91375732421875,874.9945068359375,436.4206237792969,908.3959350585938,466.81341552734375,854.196533203125,465.8766174316406,945.0218505859375,494.58544921875,862.2196655273438,494.1322021484375
862.093505859375,372.4421081542969,866.2608642578125,369.89776611328125,860.6597900390625,368.7693786621094,871.6016235351562,373.5894775390625,861.7944946289062,371.547607421875,876.8875122070312,388.8531494140625,862.139404296875,389.9120178222656,882.693359375,406.0187072753906,871.5872802734375,407.19927978515625,871.5942993164062,409.8564147949219,869.341064453125,402.8851318359375,892.739501953125,437.45977783203125,878.5186767578125,438.75396728515625,897.04638671875,466.9032897949219,854.18994140625,470.71337890625,944.5372924804688,489.4162902832031,870.743408203125,496.2701416015625
862.1435546875,372.24041748046875,866.3157958984375,369.6969909667969,860.6892700195312,368.5731201171875,871.597412109375,373.4088134765625,861.8173828125,371.383544921875,876.7572021484375,388.66192626953125,862.2020263671875,389.70367431640625,882.2642211914062,405.59869384765625,871.4061279296875,406.5932922363281,870.949951171875,408.86798095703125,868.5584106445312,401.46575927734375,892.62841796875,437.4385986328125,878.5816650390625,438.7261962890625,896.6517333984375,466.90972900390625,854.4002685546875,470.749755859375,944.259765625,489.23724365234375,871.259765625,496.17681884765625
854.9360961914062,370.6346740722656,858.6256103515625,367.2556457519531,853.885009765625,366.738037109375,864.9443359375,369.59686279296875,858.1077880859375,369.16436767578125,873.2330932617188,386.39569091796875,861.98583984375,389.0873107910156,878.0667724609375,413.35235595703125,867.7904663085938,418.36181640625,866.2871704101562,438.03521728515625,861.9853515625,435.6849060058594,890.661376953125,434.7232360839844,881.1790771484375,436.23394775390625,884.533935546875,468.53936767578125,859.9725952148438,471.814697265625,930.1329345703125,491.988037109375,889.792724609375,495.5559997558594
850.55419921875,372.6618347167969,854.2014770507812,369.21002197265625,849.12939453125,368.7840576171875,861.09375,370.48944091796875,851.6028442382812,370.27044677734375,869.693359375,386.0167236328125,854.8905029296875,390.04107666015625,877.9251708984375,409.6745910644531,863.8270263671875,417.3104248046875,863.5762939453125,427.1514587402344,860.9119873046875,426.6312561035156,886.07421875,431.87066650390625,874.228271484375,433.9837646484375,884.93408203125,466.75506591796875,858.49169921875,471.39141845703125,914.812255859375,491.70379638671875,874.03955078125,498.2917785644531
839.7515869140625,376.3611145019531,841.83056640625,372.0812072753906,839.6624755859375,372.9147033691406,850.695068359375,372.06524658203125,846.68603515625,373.7645263671875,860.62744140625,389.8109130859375,858.19873046875,391.2133483886719,850.3328857421875,413.7360534667969,846.1572875976562,413.38812255859375,830.5826416015625,417.9366760253906,823.8370361328125,417.14068603515625,878.8695068359375,438.9251403808594,876.62939453125,438.84375,864.3499755859375,468.63116455078125,865.3346557617188,468.4961242675781,889.0252685546875,511.20867919921875,887.3675537109375,508.4278564453125
838.0973510742188,374.11993408203125,840.6734619140625,369.81170654296875,836.8409423828125,370.5409240722656,849.25732421875,369.5888671875,838.7872314453125,371.25433349609375,856.912353515625,386.9477233886719,845.962890625,387.5911560058594,846.1961669921875,407.2353515625,830.9349975585938,404.5392150878906,825.239013671875,402.6708068847656,812.2369384765625,400.91912841796875,869.1846923828125,435.31854248046875,861.5414428710938,435.2771301269531,861.704833984375,472.57891845703125,860.06005859375,472.49798583984375,875.4041748046875,513.23779296875,872.7490234375,510.6872863769531
834.2626953125,375.32861328125,837.8656005859375,371.5584716796875,832.3720703125,371.39141845703125,846.15283203125,372.7376403808594,836.711181640625,372.139892578125,852.1402587890625,389.458984375,843.9508056640625,386.7969970703125,836.51806640625,406.42633056640625,826.058349609375,400.2587585449219,811.3114013671875,401.96331787109375,801.5413818359375,399.2053527832031,870.8079833984375,437.40350341796875,866.2695922851562,435.55682373046875,851.5411376953125,475.8111572265625,853.1405029296875,473.09967041015625,874.9549560546875,511.34796142578125,877.5008544921875,504.2721862792969
834.2550659179688,375.32525634765625,837.8548583984375,371.5582580566406,832.3704833984375,371.3932800292969,846.136962890625,372.7396240234375,836.7343139648438,372.1495056152344,852.1357421875,389.44781494140625,843.9857177734375,386.8133239746094,836.5546875,406.40606689453125,826.1185913085938,400.2964782714844,811.400390625,401.9564208984375,801.6158447265625,399.23272705078125,870.7957763671875,437.419921875,866.279052734375,435.586181640625,851.4881591796875,475.8082580566406,853.061279296875,473.11798095703125,875.006103515625,511.28790283203125,877.4656982421875,504.23876953125
829.182373046875,378.6786804199219,832.256103515625,375.1268310546875,827.7757568359375,375.09521484375,839.8609619140625,376.04705810546875,833.0443725585938,375.9775390625,847.314453125,391.28912353515625,839.291015625,390.7142333984375,837.10791015625,405.6199951171875,823.4683227539062,402.30413818359375,812.2921142578125,400.88623046875,799.0134887695312,396.903564453125,864.9825439453125,438.57373046875,859.89306640625,437.93939208984375,849.968017578125,475.02276611328125,844.5399169921875,474.8074035644531,873.1707763671875,506.9949645996094,862.844482421875,504.544189453125
820.0841064453125,380.05517578125,823.8418579101562,376.8287353515625,820.3240356445312,375.83837890625,834.038818359375,378.88336181640625,827.1553955078125,376.1639099121094,840.7769775390625,394.355712890625,831.84326171875,390.98675537109375,826.7557373046875,406.66278076171875,808.6014404296875,398.2886962890625,795.9215087890625,401.9852600097656,778.8385620117188,395.2998046875,857.8131103515625,441.0985107421875,854.36279296875,439.25238037109375,834.2525024414062,479.7274475097656,846.593994140625,478.5839538574219,838.318603515625,516.3106689453125,862.1663818359375,514.1494140625
817.0157470703125,388.4501037597656,821.07080078125,384.76324462890625,816.5059204101562,383.5198059082031,830.3602294921875,386.27197265625,823.67626953125,383.1510009765625,834.9739379882812,403.42352294921875,832.869140625,399.2496643066406,834.544189453125,423.57623291015625,835.6961669921875,413.5361328125,825.02001953125,435.51605224609375,824.7171630859375,418.5616455078125,847.1537475585938,450.61639404296875,850.0240478515625,448.48028564453125,823.7048950195312,489.0789794921875,854.8493041992188,487.5586853027344,812.9664306640625,520.9222412109375,866.4044189453125,518.5418701171875
814.5091552734375,390.25018310546875,818.5130615234375,386.4394226074219,813.33154296875,385.676513671875,827.7877197265625,388.44677734375,819.70361328125,386.3656311035156,831.7238159179688,406.80328369140625,828.5479736328125,403.452392578125,823.8463134765625,425.5456237792969,828.488525390625,419.09625244140625,809.7529907226562,423.90576171875,819.1328125,417.63262939453125,839.81787109375,457.80682373046875,841.9352416992188,455.8299560546875,817.9246215820312,497.85748291015625,850.384765625,495.6072998046875,804.7779541015625,528.8373413085938,861.3528442382812,524.5861206054688
807.4984130859375,398.3982238769531,811.3818969726562,394.8716125488281,807.5736083984375,394.2789001464844,821.0813598632812,396.1062927246094,815.5076904296875,394.8110046386719,826.185546875,412.19940185546875,819.3343505859375,410.2337951660156,807.4330444335938,423.828857421875,800.8408813476562,420.1075439453125,780.230224609375,414.5525207519531,777.92333984375,414.8792724609375,832.26220703125,464.456298828125,832.671875,463.0206298828125,806.1881103515625,502.77667236328125,842.1564331054688,501.5701904296875,794.0282592773438,535.5548095703125,860.5757446289062,532.8938598632812
807.53759765625,398.5938720703125,811.427978515625,395.059814453125,807.6058349609375,394.4732666015625,821.0813598632812,396.24957275390625,815.461669921875,394.987060546875,826.173583984375,412.23870849609375,819.177490234375,410.3916015625,807.4661865234375,423.7565002441406,800.638427734375,420.2529296875,780.1008911132812,414.45574951171875,777.5839233398438,414.99444580078125,832.2421875,464.58074951171875,832.5714111328125,463.20208740234375,805.793701171875,502.9388122558594,841.9033203125,501.8335876464844,793.9550170898438,535.628173828125,860.7957763671875,533.1568603515625
807.0281982421875,401.4095764160156,810.742431640625,397.70928955078125,806.897216796875,397.3517761230469,819.1654052734375,398.71148681640625,813.7569580078125,398.1627502441406,823.759765625,414.892822265625,815.922607421875,414.4501647949219,803.60595703125,427.724609375,793.1958618164062,425.9722595214844,773.6322021484375,422.79217529296875,766.3035888671875,423.53436279296875,830.3724975585938,468.28143310546875,829.4813232421875,467.4969177246094,798.1112060546875,501.97418212890625,828.14990234375,502.1483154296875,793.2421875,537.84423828125,849.9684448242188,537.384765625
804.0303955078125,404.69482421875,806.6673583984375,400.7238464355469,804.5257568359375,401.1072692871094,815.6782836914062,400.65826416015625,813.220947265625,401.3165283203125,819.025390625,416.650634765625,819.0535888671875,415.603759765625,798.6453857421875,432.5958251953125,795.94580078125,428.5207214355469,773.37060546875,415.1912841796875,770.2657470703125,413.6401062011719,822.046630859375,471.2128601074219,821.6793823242188,469.63641357421875,795.79541015625,502.22918701171875,801.3187255859375,501.2053527832031,796.7562255859375,542.8318481445312,801.0057373046875,540.684326171875
802.658935546875,402.0777282714844,805.597412109375,397.7490234375,802.6522216796875,398.44171142578125,815.7075805664062,398.06231689453125,810.939453125,399.5765380859375,818.904052734375,416.59600830078125,818.2142333984375,416.57098388671875,797.69580078125,435.5234375,795.6214599609375,432.9339294433594,771.2747802734375,425.1380310058594,768.3546752929688,424.65899658203125,823.3460083007812,471.3613586425781,822.3529052734375,470.21478271484375,797.5767822265625,502.09014892578125,801.3070678710938,501.30670166015625,800.5775146484375,544.1371459960938,802.9140625,541.98486328125
804.2656860351562,398.5959777832031,806.9593505859375,394.64654541015625,804.5772705078125,394.8512878417969,815.3619384765625,395.13702392578125,811.9139404296875,395.47601318359375,820.785888671875,412.9739685058594,817.8701171875,412.3413391113281,805.678955078125,433.15875244140625,800.7740478515625,430.4171447753906,785.402587890625,427.9166259765625,779.4849243164062,425.74456787109375,823.5391845703125,467.0997619628906,821.778564453125,465.7841491699219,802.51806640625,501.96405029296875,806.237060546875,501.45489501953125,804.762451171875,543.2965087890625,806.9261474609375,541.4166870117188
803.5581665039062,397.66424560546875,805.9825439453125,393.59100341796875,804.0479736328125,393.81353759765625,814.6506958007812,393.7301330566406,809.7916259765625,394.949951171875,822.100830078125,412.5444030761719,818.1693115234375,412.529296875,819.60205078125,442.00146484375,815.6464233398438,439.31842041015625,805.27392578125,460.9790954589844,802.8429565429688,457.51104736328125,821.4614868164062,464.6854248046875,819.4546508789062,463.2226867675781,802.241455078125,501.15350341796875,804.0023193359375,499.8465270996094,800.167236328125,543.1437377929688,802.890625,540.926025390625
803.5833740234375,397.69610595703125,806.00732421875,393.619873046875,804.066162109375,393.84442138671875,814.6705322265625,393.75537109375,809.7822265625,394.98016357421875,822.113525390625,412.5857849121094,818.1549682617188,412.57806396484375,819.6311645507812,442.0999755859375,815.6504516601562,439.428466796875,805.2848510742188,461.18994140625,802.83935546875,457.73089599609375,821.4611206054688,464.72760009765625,819.4354248046875,463.27001953125,802.2822265625,501.2538757324219,804.0100708007812,499.9510803222656,800.2484130859375,543.276611328125,802.9449462890625,541.0628051757812
806.5518798828125,393.72705078125,809.0472412109375,389.7222900390625,806.2939453125,390.0119934082031,817.5958251953125,390.2093811035156,809.531494140625,391.6967468261719,825.3529052734375,409.4105529785156,817.3862915039062,409.6448974609375,823.919921875,436.348388671875,815.1280517578125,433.87738037109375,809.7359619140625,449.63037109375,804.09130859375,445.7447509765625,823.7550659179688,461.22918701171875,818.6632080078125,459.8991394042969,805.24755859375,499.763671875,803.9111938476562,498.523681640625,799.614990234375,540.348388671875,797.667724609375,538.20654296875
810.8897705078125,389.32952880859375,813.9638671875,385.1298522949219,809.299560546875,385.4380187988281,822.943115234375,385.754638671875,808.5802001953125,386.8391418457031,831.6158447265625,405.23797607421875,811.7171630859375,404.4603271484375,830.2520751953125,427.7506103515625,797.9991455078125,422.8131408691406,813.2715454101562,428.8191833496094,782.4087524414062,424.61004638671875,829.120849609375,455.4849853515625,816.06884765625,453.874755859375,811.3004150390625,489.917236328125,802.2822265625,488.3695068359375,809.6222534179688,530.7694091796875,800.7791748046875,528.1165161132812
811.6314697265625,388.8675842285156,814.718994140625,384.5239562988281,810.144287109375,384.95440673828125,824.1220703125,385.0166931152344,809.840087890625,386.369384765625,833.087158203125,404.76605224609375,813.4112548828125,404.14202880859375,829.4276123046875,427.0128479003906,797.247314453125,421.71978759765625,810.048828125,427.1737060546875,778.6461181640625,423.0601501464844,832.306884765625,455.831787109375,819.1859130859375,454.3358154296875,814.5096435546875,490.87335205078125,805.6181640625,489.40338134765625,814.9188232421875,532.976806640625,805.6708984375,530.148193359375
821.1355590820312,383.4354248046875,824.51904296875,379.406982421875,818.1798095703125,379.388671875,832.103271484375,381.00244140625,813.590087890625,380.98626708984375,843.4599609375,401.4055480957031,810.288818359375,400.12664794921875,854.5701904296875,425.34320068359375,795.549560546875,420.5184631347656,850.8092651367188,437.32830810546875,786.0455322265625,432.6063232421875,838.178466796875,453.8621520996094,817.7880249023438,452.5947265625,827.0095825195312,492.2381286621094,813.8505249023438,490.9920959472656,824.7388916015625,532.8948974609375,815.16015625,530.7214965820312
824.36767578125,384.4010009765625,827.383544921875,380.1558837890625,821.1170654296875,380.4626770019531,834.516845703125,380.98175048828125,816.2987060546875,381.8492431640625,846.3359985351562,399.8480529785156,812.5455322265625,399.9014892578125,860.1971435546875,422.4510498046875,798.128662109375,420.40289306640625,858.9447021484375,437.9442138671875,788.886962890625,435.140625,841.4492797851562,451.57806396484375,820.4009399414062,450.9559326171875,833.912353515625,490.47698974609375,815.9066162109375,489.6641845703125,831.419677734375,529.2281494140625,814.572509765625,527.7544555664062
824.3995361328125,384.41461181640625,827.41845703125,380.1676940917969,821.1395874023438,380.4732971191406,834.5433349609375,381.00408935546875,816.2947998046875,381.86492919921875,846.34716796875,399.89288330078125,812.5020751953125,399.9350280761719,860.2564086914062,422.4678039550781,797.9917602539062,420.4029235839844,859.1065063476562,437.8894958496094,788.6896362304688,435.0857849121094,841.416748046875,451.6758728027344,820.343994140625,451.0494689941406,833.898681640625,490.5538330078125,815.888427734375,489.7387390136719,831.4337768554688,529.3431396484375,814.580078125,527.8689575195312
825.6329345703125,385.130126953125,828.64013671875,380.90960693359375,822.7799072265625,381.1962890625,836.4556274414062,381.55535888671875,818.9913330078125,382.5115966796875,850.7591552734375,399.8338623046875,815.3218994140625,400.3642272949219,867.0324096679688,422.69464111328125,803.17138671875,422.05108642578125,864.2027587890625,439.69891357421875,795.792724609375,437.21533203125,846.0115356445312,451.3065490722656,823.4107666015625,450.7447814941406,839.5875244140625,487.3142395019531,814.8087158203125,486.59295654296875,838.1434936523438,525.739501953125,812.6932373046875,524.4104614257812
831.6516723632812,386.832275390625,834.72802734375,382.6453857421875,828.8173828125,382.86846923828125,841.8590087890625,383.24212646484375,824.8074951171875,384.0361633300781,854.7335205078125,401.1442565917969,818.78662109375,401.74432373046875,869.2662963867188,424.1011047363281,807.081298828125,424.15155029296875,865.1094360351562,441.4053955078125,803.1787109375,440.1221923828125,848.94677734375,450.34710693359375,825.085693359375,450.0954895019531,850.40380859375,486.5223388671875,814.4851684570312,486.14208984375,851.1693115234375,525.2149047851562,810.23583984375,524.3992309570312
835.3497314453125,391.16937255859375,838.4269409179688,387.2776794433594,832.714111328125,387.40167236328125,844.5947265625,388.03631591796875,829.322509765625,388.4922180175781,857.057861328125,405.3569641113281,823.5855712890625,405.81011962890625,869.355224609375,427.5004577636719,811.2713623046875,427.0986328125,868.432373046875,444.4604187011719,808.8107299804688,443.2325439453125,854.6749267578125,451.8575439453125,831.9664306640625,451.7599182128906,862.826416015625,487.1470642089844,819.8265380859375,486.96484375,868.0704345703125,523.9520874023438,814.84033203125,523.3017578125
838.8597412109375,392.7598876953125,841.7413330078125,389.38677978515625,836.4315185546875,389.24615478515625,848.816650390625,389.7190246582031,832.4306030273438,389.44232177734375,859.9794921875,407.25439453125,825.8043212890625,406.1474304199219,871.8590698242188,430.631103515625,812.819091796875,424.82562255859375,865.580078125,448.5445556640625,807.4095458984375,439.867919921875,859.27392578125,452.91925048828125,834.6597290039062,452.435791015625,871.4837646484375,487.05047607421875,819.0010986328125,486.53680419921875,884.5316162109375,523.732177734375,813.7509765625,523.984130859375
848.989013671875,396.9194641113281,851.3048095703125,393.5001525878906,845.949462890625,393.55810546875,855.9640502929688,394.1947021484375,840.230224609375,394.2023620605469,866.2963256835938,412.3340148925781,831.1734008789062,410.7292785644531,879.169189453125,436.2056884765625,816.3759765625,427.9364318847656,879.951416015625,456.40972900390625,810.46826171875,442.59228515625,865.0603637695312,457.842041015625,838.9544677734375,457.65472412109375,883.479736328125,488.8980712890625,821.26318359375,488.4181823730469,900.3919677734375,525.2028198242188,812.915771484375,524.9500122070312
849.0045776367188,396.89892578125,851.3160400390625,393.47930908203125,845.9583740234375,393.53955078125,855.9583740234375,394.17083740234375,840.227294921875,394.1834716796875,866.2928466796875,412.29949951171875,831.16455078125,410.6902770996094,879.1307373046875,436.132080078125,816.3641967773438,427.88336181640625,879.9874267578125,456.2976379394531,810.4619140625,442.576904296875,865.0552978515625,457.75909423828125,838.957275390625,457.569580078125,883.4581298828125,488.851806640625,821.324462890625,488.35009765625,900.3697509765625,525.1663818359375,813.077392578125,524.854248046875
856.118896484375,396.01959228515625,858.0880126953125,392.6561279296875,854.0704345703125,392.5947265625,862.3765869140625,393.8336181640625,849.9696044921875,393.666015625,873.827392578125,412.05731201171875,839.2154541015625,409.99365234375,887.7734375,436.7705383300781,825.7279052734375,428.1766662597656,891.5095825195312,458.82501220703125,822.700927734375,444.3785400390625,870.2281494140625,457.82257080078125,843.2835693359375,457.5627136230469,892.85205078125,488.37646484375,822.89306640625,487.4264831542969,916.0130615234375,525.1092529296875,814.996337890625,523.3648681640625
863.6417236328125,397.64715576171875,865.5243530273438,394.3709716796875,861.5233154296875,394.41888427734375,869.5181884765625,395.186279296875,857.246826171875,395.2292175292969,879.7740478515625,412.6448974609375,846.5872192382812,410.91937255859375,893.5089111328125,437.06817626953125,832.0018310546875,426.92431640625,897.8602294921875,456.8953857421875,833.2593383789062,434.13751220703125,875.4124145507812,456.53515625,849.0137329101562,456.8011474609375,899.8931884765625,487.27813720703125,827.6240234375,487.6908874511719,922.6861572265625,524.3929443359375,815.8427734375,525.121337890625
870.8585205078125,398.20465087890625,872.6856689453125,394.828125,868.364501953125,395.1623840332031,877.4896240234375,395.69677734375,864.7003173828125,396.48486328125,889.7021484375,412.6910400390625,856.7371215820312,412.503173828125,904.8810424804688,430.10394287109375,840.15380859375,426.60357666015625,908.7090454101562,439.68048095703125,834.3309326171875,434.8570861816406,887.6171264648438,456.6457214355469,861.4185791015625,456.9334716796875,908.6705932617188,488.70526123046875,835.61181640625,488.285888671875,926.1070556640625,526.4022827148438,818.4056396484375,524.868896484375
878.0943603515625,396.37774658203125,880.6260986328125,392.7149963378906,875.892333984375,392.89013671875,887.8932495117188,393.06292724609375,873.5078125,393.4700927734375,901.0950927734375,410.0250244140625,867.294921875,408.88555908203125,917.8321533203125,427.10284423828125,848.181640625,421.60284423828125,918.2838134765625,434.0195617675781,840.6767578125,426.8255310058594,899.1422119140625,454.96893310546875,872.876953125,454.473388671875,914.45947265625,486.8577880859375,846.4876098632812,485.6087646484375,925.8176879882812,525.304931640625,827.4109497070312,522.4652099609375
887.2705078125,389.60662841796875,889.785400390625,386.065185546875,884.220703125,386.29278564453125,895.7001342773438,386.4952392578125,880.0896606445312,386.9486083984375,907.6492309570312,403.7122802734375,873.4503173828125,403.159423828125,925.2753295898438,421.3239440917969,859.858642578125,417.56170654296875,935.1505126953125,439.34490966796875,855.8807373046875,425.1617431640625,905.0322265625,450.1275634765625,879.8992919921875,449.44696044921875,915.7589721679688,483.2161560058594,856.8949584960938,482.8534240722656,925.59619140625,520.385986328125,840.9146728515625,519.6922607421875
887.2918701171875,389.44720458984375,889.82177734375,385.9126281738281,884.2369384765625,386.13616943359375,895.759765625,386.37335205078125,880.0997314453125,386.81866455078125,907.6688232421875,403.6241455078125,873.4762573242188,403.05010986328125,925.2163696289062,421.13897705078125,859.7371826171875,417.304443359375,934.884033203125,439.0055236816406,855.6204833984375,424.8174133300781,905.000244140625,450.1063232421875,879.8643798828125,449.41131591796875,915.7260131835938,483.2843017578125,856.8223876953125,482.90484619140625,925.614013671875,520.429443359375,840.7941284179688,519.722900390625
896.1828002929688,387.40374755859375,898.7645263671875,383.7838134765625,892.921630859375,383.958740234375,904.2559204101562,383.75299072265625,887.4576416015625,383.98370361328125,915.3590698242188,400.26025390625,879.7183227539062,399.31439208984375,932.3026123046875,419.63470458984375,862.94140625,412.3301696777344,938.2966918945312,439.6669921875,856.3858642578125,421.13616943359375,912.896728515625,443.59832763671875,887.3544921875,443.20697021484375,921.360107421875,478.9516296386719,865.483642578125,478.99749755859375,930.1766357421875,518.3663330078125,852.5725708007812,518.9446411132812
899.7335205078125,384.93267822265625,901.655029296875,381.24658203125,896.9434204101562,381.58734130859375,906.5564575195312,381.20941162109375,893.3697509765625,381.71795654296875,919.1171264648438,397.16778564453125,887.23291015625,396.0279541015625,937.6990966796875,414.51007080078125,872.0445556640625,408.2024230957031,949.3583984375,437.3714599609375,865.5670166015625,421.976806640625,918.9658203125,439.3861999511719,896.442138671875,438.84149169921875,923.3009033203125,476.85711669921875,876.0045776367188,475.9699401855469,933.0595092773438,516.248291015625,867.323486328125,514.2439575195312
906.6573486328125,383.20416259765625,908.278076171875,379.42626953125,903.5740966796875,379.9752502441406,912.3232421875,379.43603515625,899.1890869140625,380.49139404296875,925.9376220703125,395.84033203125,892.39501953125,394.71295166015625,945.835205078125,414.12762451171875,878.6781005859375,406.6724853515625,956.7269287109375,437.28631591796875,879.2792358398438,418.8404541015625,925.900390625,437.014404296875,902.064208984375,436.6358642578125,931.8345336914062,474.2333679199219,882.7291259765625,473.0294494628906,941.7273559570312,515.1691284179688,876.521484375,511.85980224609375
912.5509643554688,382.3462829589844,914.141845703125,378.6513977050781,909.1063842773438,379.0560607910156,917.0438232421875,378.8546447753906,902.863525390625,379.42962646484375,927.9222412109375,395.57537841796875,894.5478515625,393.89031982421875,948.1434326171875,412.80609130859375,877.6527099609375,406.00811767578125,957.5533447265625,434.772705078125,880.6810913085938,422.6402893066406,927.408935546875,435.8482666015625,904.1339721679688,435.6140441894531,938.2353515625,471.19342041015625,892.1036376953125,469.733642578125,950.8770751953125,510.87841796875,889.8604736328125,507.60845947265625
917.4671630859375,384.8088684082031,920.2073974609375,380.8208312988281,914.607421875,380.8072814941406,925.3632202148438,380.8464660644531,910.1153564453125,380.6252746582031,936.9677734375,395.3232421875,902.4757080078125,395.5650634765625,955.7067260742188,411.73583984375,889.1483154296875,412.8675842285156,964.9757080078125,427.1120910644531,884.0051879882812,426.90850830078125,935.693603515625,433.4160461425781,912.667724609375,433.65673828125,946.0230102539062,469.5370788574219,900.8410034179688,469.459716796875,955.8297729492188,511.02728271484375,897.6205444335938,510.764892578125
917.5323486328125,384.759033203125,920.2869873046875,380.78997802734375,914.69921875,380.75262451171875,925.4293212890625,380.8466796875,910.2249755859375,380.5596923828125,937.017578125,395.34222412109375,902.4969482421875,395.4972839355469,955.7642211914062,411.7061767578125,889.0263061523438,412.689208984375,965.080810546875,426.83038330078125,883.8079833984375,426.5261535644531,935.52685546875,433.56396484375,912.504638671875,433.75897216796875,945.86474609375,469.68878173828125,900.7724609375,469.5876159667969,955.6093139648438,511.09954833984375,897.513671875,510.8092041015625
922.178466796875,388.64312744140625,924.2660522460938,384.7099914550781,918.0899047851562,385.1382751464844,928.086669921875,384.1319274902344,910.8246459960938,384.934814453125,940.1439208984375,398.06719970703125,902.8928833007812,398.4957275390625,959.8656005859375,416.0459289550781,889.5250854492188,416.92431640625,964.6376953125,434.92669677734375,894.308837890625,437.30255126953125,942.9808349609375,435.386962890625,916.3584594726562,436.0143127441406,957.8634033203125,473.1101989746094,905.60400390625,472.5235595703125,975.4615478515625,515.8807373046875,906.06640625,513.3118896484375
925.7557373046875,388.9534606933594,928.2398071289062,385.20660400390625,921.7944946289062,385.5118103027344,932.73193359375,385.43280029296875,914.9668579101562,386.189453125,944.1952514648438,400.63946533203125,908.00732421875,402.0367126464844,962.9813232421875,418.9461364746094,899.7952880859375,421.79913330078125,969.534912109375,436.267333984375,901.0200805664062,439.4729919433594,947.0101318359375,437.164794921875,920.9105224609375,438.42047119140625,963.41064453125,475.97735595703125,909.8640747070312,476.4571533203125,984.417236328125,515.2718505859375,913.384521484375,514.80126953125
928.9718017578125,394.7978210449219,931.0821533203125,391.1404724121094,925.51318359375,391.5267333984375,935.7804565429688,391.1553039550781,920.5518798828125,392.140625,949.9118041992188,406.78759765625,913.8834228515625,406.6328125,967.2621459960938,427.38433837890625,906.0778198242188,424.706787109375,975.8311767578125,447.63861083984375,903.5987548828125,440.445068359375,954.4759521484375,445.65838623046875,928.7298583984375,446.095703125,969.77978515625,482.992431640625,916.90478515625,482.40594482421875,991.1376342773438,521.2938232421875,922.645751953125,518.9609375
940.265625,399.926025390625,942.1907958984375,396.20245361328125,936.28759765625,396.68182373046875,945.6095581054688,396.01068115234375,930.21826171875,397.01361083984375,956.371826171875,411.736572265625,924.2625732421875,411.2060546875,969.88525390625,431.88189697265625,913.809814453125,427.95477294921875,975.557861328125,446.1488037109375,909.2415161132812,439.8502197265625,960.2913208007812,452.70538330078125,936.9636840820312,453.1007080078125,977.1666870117188,485.3656005859375,924.771240234375,484.66497802734375,997.703369140625,522.8233032226562,925.4752807617188,520.675537109375
943.9942626953125,403.4302978515625,946.2306518554688,399.8321533203125,941.1989135742188,400.28265380859375,952.557861328125,400.60870361328125,938.2230834960938,401.4296875,965.7127075195312,417.4501953125,935.5933227539062,416.20233154296875,981.3374633789062,439.0981750488281,926.046875,430.696044921875,985.1786499023438,455.33642578125,924.56298828125,436.17913818359375,971.3052978515625,458.976318359375,948.5155029296875,458.22308349609375,985.4393920898438,486.4933776855469,930.761474609375,485.0009765625,1004.1666870117188,523.0297241210938,925.02294921875,519.9654541015625
944.123046875,403.3287353515625,946.3389892578125,399.7391357421875,941.358154296875,400.187255859375,952.619384765625,400.567138671875,938.425537109375,401.3680419921875,965.7161865234375,417.4629821777344,935.6889038085938,416.1328125,981.5350341796875,439.2067565917969,925.9100341796875,430.5386962890625,985.957763671875,455.48614501953125,924.6064453125,435.7295837402344,971.2325439453125,458.9687805175781,948.4962158203125,458.1993713378906,985.4520263671875,486.460205078125,930.7039794921875,484.96307373046875,1004.3768920898438,523.097900390625,924.890625,520.053466796875
957.9703369140625,403.35272216796875,960.041015625,399.9254150390625,954.9735107421875,400.251708984375,964.2998046875,400.7156982421875,950.8494873046875,401.4188232421875,974.9880981445312,417.841796875,944.440673828125,416.8426208496094,989.43359375,437.236328125,933.0850830078125,432.20086669921875,996.708251953125,452.47589111328125,931.8680419921875,439.72906494140625,975.2137451171875,460.78912353515625,952.160400390625,460.1056823730469,991.7554321289062,492.0633544921875,936.7955322265625,490.97314453125,1006.6561279296875,527.96484375,926.0220947265625,525.4725952148438
969.25634765625,401.94293212890625,971.6346435546875,398.30999755859375,965.3648681640625,398.80657958984375,976.49462890625,399.0888977050781,960.0580444335938,400.12359619140625,986.9328002929688,416.5107421875,955.559326171875,416.880859375,1004.008544921875,434.5732727050781,948.4498901367188,435.8288269042969,1011.0225830078125,447.2514953613281,953.303955078125,447.6565246582031,983.6881713867188,459.5435791015625,960.1390380859375,459.05023193359375,998.526123046875,488.82293701171875,942.8179931640625,487.2098693847656,1009.6748046875,525.6151733398438,928.519775390625,521.44970703125
980.7914428710938,399.50152587890625,983.0087890625,396.17633056640625,977.5499267578125,396.23712158203125,987.1016845703125,397.2025146484375,973.1805419921875,397.05413818359375,996.602783203125,414.07904052734375,967.393310546875,411.5186767578125,1009.3677978515625,432.76019287109375,960.0098876953125,427.4493713378906,1015.416015625,441.63665771484375,964.1420288085938,434.4837341308594,992.0166015625,456.4259033203125,970.2967529296875,454.6460266113281,1002.57470703125,489.6907653808594,953.8086547851562,486.4417419433594,1010.7327880859375,527.3466796875,940.6309204101562,521.0892333984375
987.7681884765625,397.12554931640625,990.5260620117188,393.56170654296875,983.9173583984375,393.6464538574219,996.33056640625,394.91583251953125,978.5347900390625,394.7366943359375,1007.5303955078125,413.91400146484375,973.4344482421875,410.5225830078125,1023.4736328125,433.06121826171875,956.281005859375,421.97222900390625,1033.80224609375,448.0577392578125,943.857177734375,430.8145751953125,1006.9506225585938,457.564208984375,983.5250244140625,455.5372314453125,1010.7734985351562,490.0318908691406,964.6871337890625,486.62335205078125,1013.33740234375,528.4655151367188,952.4174194335938,521.9971313476562
993.70361328125,394.247314453125,996.5147705078125,390.60919189453125,990.2940673828125,390.8432922363281,1003.4266357421875,391.8431396484375,986.7330322265625,392.10791015625,1014.7996215820312,410.9068908691406,983.7015380859375,408.55126953125,1028.3245849609375,429.49420166015625,967.0241088867188,419.67919921875,1037.218505859375,445.33270263671875,951.3067626953125,426.90045166015625,1015.3966064453125,458.15765380859375,995.3824462890625,456.6890869140625,1013.8196411132812,493.530517578125,982.669921875,491.3128967285156,1013.3853759765625,528.5464477539062,976.8011474609375,524.0241088867188
993.8099365234375,393.9582824707031,996.6066284179688,390.3282470703125,990.4183959960938,390.56536865234375,1003.4946899414062,391.6271667480469,986.9225463867188,391.895751953125,1014.8607177734375,410.755859375,983.8656005859375,408.39947509765625,1028.3001708984375,429.4020080566406,967.2779541015625,419.58148193359375,1037.188720703125,445.1794738769531,951.620361328125,426.70233154296875,1015.3843994140625,458.1014404296875,995.446533203125,456.6397705078125,1013.8779296875,493.53631591796875,982.9683837890625,491.33160400390625,1013.3328857421875,528.4556884765625,977.0948486328125,523.953857421875
999.862060546875,389.0635070800781,1003.1273803710938,385.14227294921875,997.2896728515625,385.24365234375,1010.3565673828125,386.96319580078125,994.0252075195312,387.27911376953125,1021.724609375,406.5926513671875,990.4953002929688,406.28399658203125,1035.406982421875,424.8221740722656,977.094482421875,422.7899169921875,1033.5555419921875,429.135009765625,970.9293823242188,426.62591552734375,1018.6571044921875,456.37152099609375,998.8082275390625,455.66815185546875,1017.5425415039062,490.97625732421875,997.083740234375,490.32977294921875,1019.5413208007812,524.924560546875,998.4566650390625,523.3233642578125
1005.8094482421875,389.37066650390625,1009.68017578125,385.42462158203125,1002.6905517578125,385.4729919433594,1018.3203125,387.35321044921875,998.3380126953125,387.5664367675781,1030.7557373046875,407.0657958984375,995.6953125,406.6016845703125,1044.78564453125,428.7503662109375,983.1542358398438,425.6069641113281,1042.108154296875,439.8186950683594,976.792236328125,435.826171875,1026.7889404296875,456.0242614746094,1005.1710205078125,455.20843505859375,1021.33056640625,490.815673828125,1007.5230102539062,490.00115966796875,1024.96826171875,526.8468017578125,1015.9874267578125,524.6087646484375
1015.015869140625,388.58984375,1017.962646484375,384.1475830078125,1011.6454467773438,384.8345947265625,1024.6829833984375,384.93609619140625,1007.394775390625,386.843994140625,1035.2177734375,404.340576171875,1005.8709716796875,406.30670166015625,1048.3204345703125,424.76971435546875,997.7310791015625,426.8292236328125,1045.8284912109375,433.9274597167969,994.4148559570312,434.041259765625,1034.4315185546875,454.5253601074219,1016.1640625,454.99249267578125,1032.2847900390625,492.44439697265625,1017.7084350585938,492.5512390136719,1033.884765625,528.6166381835938,1021.2291870117188,527.96435546875
1022.2020263671875,392.28790283203125,1025.5928955078125,388.74859619140625,1019.2531127929688,388.892822265625,1032.6668701171875,390.670166015625,1016.1025390625,391.28192138671875,1041.50439453125,410.1728210449219,1014.4971923828125,410.5504150390625,1046.17041015625,434.31646728515625,1007.947021484375,431.1420593261719,1033.2691650390625,444.2811279296875,1004.320556640625,435.8540954589844,1042.011962890625,460.3109130859375,1025.8538818359375,460.28662109375,1032.971923828125,498.52490234375,1024.8740234375,498.49603271484375,1045.4918212890625,528.6508178710938,1045.8203125,528.2627563476562
1033.2469482421875,397.35906982421875,1036.427001953125,393.7320556640625,1029.720703125,393.8813781738281,1041.60009765625,395.1268310546875,1025.073486328125,395.60247802734375,1050.034912109375,414.36285400390625,1020.560546875,414.0076904296875,1060.40185546875,438.3611755371094,1016.0828857421875,435.9915771484375,1063.108154296875,457.6619873046875,1018.90869140625,448.531982421875,1049.3857421875,463.19439697265625,1032.1966552734375,462.978271484375,1042.619873046875,501.7813720703125,1035.035400390625,501.32568359375,1055.135009765625,532.2290649414062,1058.56005859375,531.347900390625
1033.227783203125,397.35308837890625,1036.411865234375,393.7222900390625,1029.6776123046875,393.87274169921875,1041.571533203125,395.1358642578125,1024.9949951171875,395.6094970703125,1049.9658203125,414.418701171875,1020.5154418945312,414.0078125,1060.160888671875,438.5743408203125,1016.1160888671875,436.0278625488281,1062.7457275390625,457.5968017578125,1019.11865234375,448.1787414550781,1049.3485107421875,463.15234375,1032.15625,462.91455078125,1042.615234375,501.77447509765625,1035.0108642578125,501.2822570800781,1055.1319580078125,532.259521484375,1058.5347900390625,531.304443359375
1041.505859375,403.36114501953125,1043.963623046875,399.8670654296875,1038.5494384765625,400.053466796875,1048.109619140625,401.3841247558594,1034.62939453125,401.84405517578125,1057.2686767578125,420.017822265625,1029.0859375,418.9873046875,1064.4669189453125,443.51361083984375,1020.09619140625,438.5701904296875,1056.532958984375,456.91156005859375,1021.949462890625,446.09814453125,1058.342529296875,468.2763977050781,1041.2120361328125,467.64373779296875,1050.8599853515625,502.7992858886719,1038.875732421875,501.9980163574219,1063.10791015625,536.1236572265625,1058.734130859375,534.7386474609375
1047.7138671875,407.90240478515625,1050.50732421875,404.13714599609375,1044.425048828125,404.3731689453125,1055.431640625,406.01995849609375,1038.8101806640625,406.5615234375,1065.094970703125,425.0045471191406,1031.856201171875,425.3653564453125,1074.104736328125,447.84381103515625,1022.016845703125,447.02923583984375,1064.5999755859375,457.2904357910156,1027.1258544921875,456.5834655761719,1064.228271484375,471.27557373046875,1042.728515625,471.53436279296875,1067.734375,499.87506103515625,1046.45263671875,499.95001220703125,1069.405029296875,532.3596801757812,1053.2652587890625,531.65380859375
1060.0101318359375,410.4429016113281,1063.5999755859375,406.74847412109375,1056.50927734375,406.3314208984375,1068.6976318359375,409.3030700683594,1049.5955810546875,407.8309326171875,1077.2667236328125,428.8919677734375,1039.0205078125,426.3152160644531,1086.117431640625,450.34161376953125,1020.9981079101562,444.1851806640625,1080.769775390625,456.91815185546875,1018.7752685546875,453.75885009765625,1073.429931640625,475.3905029296875,1048.0172119140625,474.42169189453125,1080.9305419921875,501.40692138671875,1047.4775390625,500.63934326171875,1087.949951171875,535.564208984375,1053.60595703125,533.8685913085938
1072.194580078125,413.8439025878906,1075.341796875,410.3785400390625,1069.1544189453125,409.9131774902344,1080.376708984375,411.70440673828125,1063.2149658203125,410.02301025390625,1086.3035888671875,433.1302185058594,1053.3966064453125,425.48681640625,1096.065185546875,458.595703125,1031.0682373046875,430.71978759765625,1103.05615234375,478.9437255859375,1019.10009765625,432.18817138671875,1081.734375,480.23443603515625,1059.412109375,478.00445556640625,1093.53759765625,506.3279113769531,1053.061279296875,503.5809326171875,1104.5321044921875,543.8756103515625,1052.516357421875,541.0731201171875
1085.5338134765625,416.61932373046875,1088.684814453125,413.31768798828125,1081.8905029296875,412.6646728515625,1092.4482421875,415.50152587890625,1074.197998046875,413.3394470214844,1095.514404296875,437.2406005859375,1064.852783203125,430.23095703125,1110.5523681640625,459.87249755859375,1040.9443359375,431.723388671875,1113.4208984375,475.84136962890625,1020.3085327148438,427.8089904785156,1092.7978515625,482.23931884765625,1071.4398193359375,480.2252197265625,1108.82177734375,510.8927307128906,1060.8875732421875,509.5877380371094,1119.0045166015625,545.04736328125,1049.735107421875,545.8684692382812
1085.755126953125,416.6598815917969,1088.865234375,413.3634033203125,1082.09912109375,412.69903564453125,1092.452880859375,415.5094299316406,1074.288330078125,413.30670166015625,1095.46728515625,437.18267822265625,1064.767333984375,430.10235595703125,1110.543212890625,459.8470458984375,1040.7869873046875,431.5283203125,1113.5023193359375,475.854736328125,1020.0609741210938,427.637939453125,1092.834716796875,482.1402282714844,1071.45263671875,480.1165466308594,1108.914794921875,510.7261962890625,1060.903076171875,509.40594482421875,1119.11181640625,544.9432373046875,1049.756103515625,545.7437133789062
1096.160400390625,423.380859375,1099.337890625,420.08294677734375,1092.5113525390625,419.4110107421875,1103.234375,421.86346435546875,1084.765625,419.5009460449219,1106.5712890625,444.1341552734375,1074.0909423828125,435.4368896484375,1119.9473876953125,468.5761413574219,1047.4539794921875,435.72698974609375,1128.065673828125,487.61981201171875,1024.7952880859375,432.3844299316406,1100.3486328125,488.37799072265625,1077.4263916015625,485.41107177734375,1115.4825439453125,519.06005859375,1061.0577392578125,516.3318481445312,1124.21875,554.706787109375,1045.7978515625,553.3602294921875
1110.5498046875,431.3687744140625,1112.804931640625,427.796630859375,1106.74609375,427.3347473144531,1113.79736328125,429.02215576171875,1097.4847412109375,426.90582275390625,1116.4166259765625,450.66943359375,1084.197998046875,441.328369140625,1128.101318359375,476.5875549316406,1053.975830078125,439.76385498046875,1139.4339599609375,501.4464111328125,1032.405029296875,434.29193115234375,1108.912841796875,495.9844665527344,1086.2655029296875,492.93548583984375,1122.29931640625,525.0316162109375,1069.0013427734375,522.6306762695312,1124.71826171875,555.7181396484375,1048.945556640625,554.6719360351562
1122.3529052734375,440.0343933105469,1123.9591064453125,436.73089599609375,1119.14794921875,436.3795166015625,1123.18310546875,438.17510986328125,1110.19482421875,436.26263427734375,1124.0732421875,458.5014953613281,1095.0621337890625,449.62335205078125,1136.063720703125,481.78704833984375,1068.521240234375,448.3636779785156,1149.633056640625,507.8608703613281,1073.8642578125,442.1847839355469,1112.6788330078125,500.750732421875,1091.10888671875,498.2963562011719,1130.4864501953125,530.3073120117188,1076.54443359375,528.2791748046875,1137.1348876953125,560.4773559570312,1058.54541015625,559.379150390625
1124.8609619140625,451.03765869140625,1126.565185546875,447.79022216796875,1122.2725830078125,447.709716796875,1127.4862060546875,448.9456787109375,1115.928466796875,448.31671142578125,1131.314453125,468.69769287109375,1103.9256591796875,462.9645080566406,1146.458740234375,493.1968688964844,1083.7645263671875,466.25048828125,1155.53271484375,518.4805908203125,1077.4708251953125,460.085693359375,1120.11572265625,512.8067626953125,1100.1575927734375,510.411865234375,1134.45654296875,541.4906616210938,1084.064208984375,540.2554931640625,1138.152587890625,569.5146484375,1064.8426513671875,570.3048095703125
1132.0904541015625,461.9673156738281,1134.7108154296875,458.53656005859375,1128.801513671875,457.9683837890625,1137.0390625,459.22802734375,1120.6417236328125,457.265869140625,1140.288330078125,478.5729675292969,1108.0732421875,475.12530517578125,1155.181396484375,503.03424072265625,1095.8980712890625,496.53839111328125,1160.2142333984375,528.775390625,1103.49951171875,518.6943969726562,1128.8682861328125,520.5442504882812,1104.3802490234375,518.602783203125,1145.7850341796875,547.125,1084.850341796875,545.0691528320312,1150.7967529296875,576.8173828125,1063.12548828125,575.4835205078125
1132.080078125,461.9955139160156,1134.7064208984375,458.56158447265625,1128.79736328125,457.994873046875,1137.042724609375,459.265869140625,1120.644775390625,457.3095703125,1140.2677001953125,478.57977294921875,1108.0521240234375,475.21112060546875,1155.1544189453125,502.9910888671875,1096.01513671875,496.6793212890625,1160.1241455078125,528.6920166015625,1103.996337890625,518.7195434570312,1128.9364013671875,520.5535888671875,1104.3994140625,518.6724243164062,1146.10009765625,547.1898803710938,1084.89404296875,545.2288818359375,1151.2501220703125,577.02294921875,1063.1331787109375,575.834228515625
1147.1146240234375,468.61688232421875,1143.4688720703125,464.30902099609375,1146.3917236328125,465.82098388671875,1129.619384765625,463.03277587890625,1145.217529296875,466.88458251953125,1115.2755126953125,474.48162841796875,1146.382568359375,484.941162109375,1086.981689453125,479.7322998046875,1157.892333984375,509.8757629394531,1071.8746337890625,475.9212646484375,1163.6116943359375,528.40283203125,1107.4039306640625,521.67333984375,1131.5250244140625,526.03076171875,1091.39453125,543.483154296875,1146.150390625,547.888671875,1068.5355224609375,575.978515625,1156.032958984375,581.3882446289062
1141.6300048828125,478.8791198730469,1143.887939453125,475.8619384765625,1140.464111328125,475.2016296386719,1145.927978515625,476.24920654296875,1136.1253662109375,474.1885070800781,1153.1318359375,489.1183776855469,1124.416748046875,485.9533996582031,1163.487060546875,505.066650390625,1102.05908203125,498.449951171875,1170.891357421875,521.5886840820312,1084.6558837890625,517.7223510742188,1137.055908203125,525.6263427734375,1117.949462890625,523.7442626953125,1151.5614013671875,546.8710327148438,1105.71630859375,545.9281616210938,1157.200439453125,576.7952270507812,1094.567626953125,575.8013916015625
1150.682861328125,481.6632080078125,1152.4189453125,479.0069580078125,1149.0936279296875,478.1962890625,1153.898681640625,480.2361145019531,1144.0631103515625,477.58905029296875,1156.254638671875,494.58135986328125,1131.0819091796875,485.9287109375,1164.4376220703125,511.01812744140625,1104.3726806640625,487.87261962890625,1166.621337890625,527.7086791992188,1097.65625,493.757568359375,1140.2298583984375,527.9075927734375,1121.275146484375,523.513671875,1149.945068359375,549.3375854492188,1102.704833984375,544.0980834960938,1153.2230224609375,580.32177734375,1082.3995361328125,573.5140380859375
1152.5758056640625,486.7182312011719,1154.354248046875,483.2049865722656,1150.329833984375,483.2686767578125,1156.312255859375,484.08843994140625,1145.51220703125,483.59100341796875,1156.661865234375,500.7937316894531,1133.153564453125,494.52215576171875,1155.72900390625,517.69873046875,1109.064208984375,497.9751892089844,1150.73095703125,530.7546997070312,1112.0074462890625,500.5577087402344,1133.9000244140625,535.7730102539062,1117.062744140625,532.6282348632812,1146.884521484375,564.8172607421875,1109.834716796875,560.8116455078125,1144.5345458984375,602.9685668945312,1096.7672119140625,598.4838256835938
1158.136474609375,484.6319580078125,1159.5543212890625,481.2865905761719,1155.65576171875,481.21685791015625,1159.57666015625,481.8644714355469,1149.497802734375,481.0416259765625,1159.576171875,498.3716125488281,1136.0670166015625,492.1917724609375,1159.203125,515.679443359375,1113.7674560546875,497.0653381347656,1155.562255859375,527.412353515625,1116.50341796875,500.2055969238281,1138.3369140625,534.1109619140625,1121.463623046875,531.1409912109375,1151.336181640625,561.0562744140625,1112.0711669921875,557.0850830078125,1149.58544921875,598.5004272460938,1099.24951171875,593.9410400390625
1158.1630859375,484.6330261230469,1159.5611572265625,481.285400390625,1155.671875,481.2205810546875,1159.5401611328125,481.8558349609375,1149.4564208984375,481.03509521484375,1159.561767578125,498.38330078125,1135.98388671875,492.17132568359375,1159.28173828125,515.6796264648438,1113.402099609375,496.94415283203125,1155.684814453125,527.3842163085938,1115.99951171875,500.02777099609375,1138.3779296875,534.2262573242188,1121.4815673828125,531.2432861328125,1151.298095703125,561.103515625,1112.0408935546875,557.10888671875,1149.5567626953125,598.584716796875,1099.20361328125,593.9900512695312
1159.328369140625,485.4122314453125,1160.6173095703125,482.1065368652344,1156.9130859375,482.0972900390625,1160.779296875,483.0989990234375,1151.4061279296875,482.3352355957031,1161.6279296875,499.2091064453125,1138.4971923828125,492.64013671875,1159.89794921875,515.5784301757812,1114.724365234375,495.045654296875,1154.2298583984375,526.0897216796875,1115.4002685546875,495.7396545410156,1142.0606689453125,532.56494140625,1125.64697265625,529.5167846679688,1152.931396484375,561.54052734375,1116.5018310546875,557.5175170898438,1150.9609375,598.88037109375,1105.018798828125,594.2009887695312
1159.8302001953125,485.3062744140625,1161.844482421875,482.37451171875,1157.902099609375,481.7694396972656,1162.1268310546875,483.60595703125,1152.06201171875,481.7817077636719,1163.851318359375,498.376220703125,1139.156494140625,494.96685791015625,1167.051025390625,512.7803955078125,1117.77734375,506.2142333984375,1166.302978515625,517.4594116210938,1108.2120361328125,514.7626953125,1146.74365234375,528.93505859375,1129.5169677734375,527.0143432617188,1155.1988525390625,547.4349365234375,1113.6285400390625,546.2386474609375,1152.7359619140625,576.288330078125,1098.4249267578125,575.591064453125
0.0,0.0,0.0,0.0,0.0,0.0,0.0,0.0,0.0,0.0,0.0,0.0,0.0,0.0,0.0,0.0,0.0,0.0,0.0,0.0,0.0,0.0,0.0,0.0,0.0,0.0,0.0,0.0,0.0,0.0,0.0,0.0,0.0,0.0
1157.0811767578125,470.20574951171875,1158.9232177734375,467.34967041015625,1155.70654296875,466.44232177734375,1160.267822265625,466.945068359375,1150.09228515625,464.6965026855469,1163.2877197265625,480.78570556640625,1133.573974609375,473.84185791015625,1167.27978515625,501.6478271484375,1102.9581298828125,484.32318115234375,1158.96044921875,514.692138671875,1082.4051513671875,493.8406982421875,1143.499755859375,517.9771728515625,1122.78564453125,514.2237548828125,1152.890869140625,548.3712158203125,1109.749755859375,544.627685546875,1157.9320068359375,590.68359375,1099.6885986328125,587.7904052734375
1148.6728515625,461.23699951171875,1151.421630859375,458.3103332519531,1146.2918701171875,457.49871826171875,1155.016357421875,459.18072509765625,1140.09375,457.26446533203125,1159.9698486328125,476.46710205078125,1126.3758544921875,470.54156494140625,1166.05224609375,498.3236389160156,1098.644287109375,483.1712951660156,1155.206787109375,510.27496337890625,1078.639404296875,494.2304992675781,1144.815673828125,517.603515625,1121.784912109375,514.291748046875,1153.0672607421875,547.9293212890625,1108.843017578125,544.4450073242188,1158.1826171875,591.6675415039062,1101.0123291015625,588.6179809570312
1148.3890380859375,461.1947021484375,1151.18212890625,458.25970458984375,1146.055419921875,457.44549560546875,1155.04443359375,459.108154296875,1140.105224609375,457.18365478515625,1160.010009765625,476.4786376953125,1126.8118896484375,470.43780517578125,1165.979248046875,498.195556640625,1098.982666015625,482.76470947265625,1155.041748046875,509.8746337890625,1078.4849853515625,493.7505798339844,1144.9345703125,517.6644897460938,1122.157958984375,514.25048828125,1152.9306640625,548.03271484375,1108.863525390625,544.39306640625,1158.191650390625,591.5675048828125,1100.8731689453125,588.308837890625
1141.1959228515625,456.61968994140625,1144.448974609375,453.43670654296875,1138.8372802734375,452.7036437988281,1150.4254150390625,454.2790832519531,1134.1544189453125,452.5859069824219,1156.51025390625,473.40740966796875,1124.205078125,466.57879638671875,1162.603759765625,497.25738525390625,1097.4127197265625,477.1888427734375,1155.3114013671875,519.211669921875,1075.224365234375,488.75653076171875,1144.795654296875,514.3048095703125,1122.625,510.503662109375,1151.140380859375,546.4224853515625,1106.7242431640625,542.9127197265625,1159.8087158203125,589.6224365234375,1101.1683349609375,587.0247802734375
1135.574462890625,446.648681640625,1138.7132568359375,443.0990295410156,1132.6954345703125,442.7207336425781,1144.4603271484375,444.24169921875,1127.3505859375,443.4264221191406,1151.907958984375,466.33001708984375,1117.32373046875,460.5367126464844,1159.2520751953125,492.9813537597656,1091.632568359375,473.2403869628906,1153.306396484375,520.3856811523438,1071.5211181640625,485.247802734375,1141.621826171875,513.7322387695312,1118.0638427734375,510.5364990234375,1148.081298828125,548.9825439453125,1102.9495849609375,546.421142578125,1158.797119140625,591.6307983398438,1100.5673828125,590.1802978515625
1129.7152099609375,439.080078125,1132.7957763671875,435.578125,1127.02392578125,435.10479736328125,1138.34375,436.75885009765625,1122.0123291015625,435.6794128417969,1146.971923828125,458.869140625,1111.23974609375,452.71051025390625,1155.05859375,486.94488525390625,1088.062744140625,466.9530944824219,1153.4249267578125,516.1613159179688,1070.1572265625,480.8405456542969,1138.4031982421875,508.3437194824219,1114.545654296875,505.22357177734375,1144.2435302734375,546.3297119140625,1103.473876953125,543.4598999023438,1156.288818359375,587.0628662109375,1106.5672607421875,584.5643920898438
1121.654052734375,433.67724609375,1126.250244140625,429.74908447265625,1119.0694580078125,428.7274169921875,1133.2242431640625,432.0655517578125,1113.90185546875,429.17755126953125,1141.12841796875,453.2686767578125,1103.5001220703125,449.05535888671875,1150.2830810546875,477.6735534667969,1082.882080078125,469.20660400390625,1150.492431640625,493.8273010253906,1074.38671875,488.1895751953125,1129.803955078125,502.2810974121094,1104.628173828125,500.09771728515625,1137.9295654296875,539.0816650390625,1095.466796875,537.43310546875,1147.6778564453125,578.4530029296875,1095.9525146484375,575.852294921875
1115.529541015625,429.6861572265625,1119.8802490234375,425.60955810546875,1112.423095703125,425.04150390625,1126.749267578125,428.04351806640625,1106.855224609375,426.38397216796875,1135.03466796875,448.8675537109375,1097.5626220703125,446.18511962890625,1144.8565673828125,468.4853515625,1078.539794921875,462.545654296875,1143.9451904296875,469.53814697265625,1075.5040283203125,465.70306396484375,1127.519287109375,498.40118408203125,1102.787841796875,496.99957275390625,1133.2108154296875,535.9632568359375,1097.010009765625,534.7139892578125,1142.3682861328125,577.0357666015625,1100.357421875,574.8497924804688
1115.5220947265625,429.65618896484375,1119.87109375,425.5767822265625,1112.414306640625,425.0181884765625,1126.75146484375,427.9991455078125,1106.8450927734375,426.3677673339844,1135.0469970703125,448.7954406738281,1097.5745849609375,446.1398620605469,1144.820068359375,468.408935546875,1078.5633544921875,462.49163818359375,1143.754150390625,469.4041748046875,1075.53857421875,465.6007080078125,1127.5322265625,498.2899475097656,1102.793212890625,496.8951416015625,1133.13525390625,535.7734375,1096.961669921875,534.5244140625,1142.371337890625,576.8927001953125,1100.4456787109375,574.70947265625
1115.441650390625,427.5724182128906,1119.598388671875,423.68927001953125,1111.961181640625,423.01806640625,1124.58447265625,426.0365295410156,1104.982666015625,423.760986328125,1129.9815673828125,445.9084167480469,1091.7811279296875,442.84405517578125,1138.77197265625,469.28582763671875,1073.261474609375,463.76263427734375,1139.751708984375,479.1781311035156,1075.2076416015625,477.0334167480469,1121.489990234375,494.8638610839844,1096.2215576171875,493.9383544921875,1129.5533447265625,533.9410400390625,1095.803955078125,533.2724609375,1137.5821533203125,576.015625,1100.7496337890625,574.8313598632812
1109.5523681640625,424.7353820800781,1113.1103515625,421.158447265625,1106.929443359375,420.552978515625,1118.2705078125,423.69921875,1100.946533203125,421.91064453125,1124.909423828125,442.70086669921875,1090.3809814453125,439.99932861328125,1132.392333984375,461.00213623046875,1074.10400390625,455.2171325683594,1127.614013671875,457.4924011230469,1074.9573974609375,454.64117431640625,1119.562255859375,491.9227294921875,1096.452392578125,490.9248962402344,1126.10205078125,530.2567138671875,1094.1405029296875,529.2965087890625,1136.125244140625,567.964111328125,1100.0567626953125,566.4232177734375
1107.1903076171875,423.15625,1110.7310791015625,419.5672607421875,1103.980712890625,418.9324035644531,1114.7955322265625,421.81732177734375,1096.927978515625,419.7667236328125,1119.8319091796875,439.9402770996094,1084.963134765625,437.39990234375,1127.82958984375,460.3699035644531,1070.761962890625,455.90252685546875,1125.21142578125,465.8052978515625,1074.815673828125,464.07373046875,1114.344482421875,485.07843017578125,1091.017578125,484.4684143066406,1122.8494873046875,521.2859497070312,1091.8912353515625,520.7825927734375,1130.9642333984375,559.6533203125,1098.1806640625,558.7681884765625
1102.99853515625,422.47369384765625,1107.036376953125,418.8584289550781,1100.1163330078125,418.168701171875,1111.5855712890625,420.493408203125,1094.062744140625,418.0968017578125,1117.2130126953125,437.53912353515625,1081.0938720703125,433.93975830078125,1121.0794677734375,458.73931884765625,1061.961669921875,451.1119079589844,1115.8824462890625,459.00439453125,1067.392333984375,455.9539794921875,1108.767578125,483.91876220703125,1084.847412109375,482.73675537109375,1117.5443115234375,518.12890625,1089.5838623046875,517.4925537109375,1121.974365234375,557.7734375,1094.896240234375,556.463623046875
1099.6312255859375,422.2706298828125,1102.838134765625,418.73040771484375,1096.6478271484375,418.37762451171875,1108.1905517578125,419.7127990722656,1090.296630859375,418.51739501953125,1114.3531494140625,438.99725341796875,1077.9283447265625,434.4310302734375,1120.6265869140625,465.11297607421875,1058.7674560546875,450.58282470703125,1119.3831787109375,484.49542236328125,1064.12060546875,454.36407470703125,1103.44677734375,483.3930358886719,1080.836181640625,481.79241943359375,1108.9345703125,520.9225463867188,1086.0391845703125,519.8553466796875,1108.77294921875,560.241943359375,1093.3966064453125,560.5717163085938
1099.8505859375,422.1147766113281,1102.996826171875,418.59283447265625,1096.929931640625,418.23583984375,1108.19970703125,419.6141052246094,1090.625732421875,418.40960693359375,1114.383056640625,438.91644287109375,1078.03076171875,434.25762939453125,1120.556640625,465.1705627441406,1058.8695068359375,450.37176513671875,1119.2908935546875,484.4080810546875,1064.045166015625,454.0569763183594,1103.35888671875,483.3787536621094,1080.773193359375,481.73272705078125,1108.868896484375,521.0394287109375,1086.058349609375,519.8948364257812,1108.816162109375,560.4375610351562,1093.43115234375,560.6683349609375
1093.3258056640625,423.64984130859375,1097.84375,419.9153137207031,1089.79248046875,418.93194580078125,1103.339111328125,422.6012878417969,1082.78564453125,419.47332763671875,1107.6201171875,440.533447265625,1070.2239990234375,436.1854248046875,1113.755615234375,461.5299072265625,1054.7635498046875,454.0447082519531,1109.4959716796875,464.3408203125,1060.829345703125,460.2606201171875,1098.5125732421875,485.5377197265625,1074.5648193359375,483.969482421875,1101.1109619140625,515.210205078125,1079.982177734375,513.981201171875,1098.4630126953125,557.519287109375,1083.120849609375,556.0677490234375
1090.17529296875,424.47198486328125,1093.334228515625,421.19354248046875,1087.22998046875,420.6077880859375,1098.6875,422.883544921875,1081.099853515625,420.99835205078125,1104.594482421875,441.1577453613281,1069.3153076171875,436.89691162109375,1105.3447265625,459.59521484375,1050.7099609375,452.69476318359375,1084.0279541015625,452.2969665527344,1059.0841064453125,455.5494384765625,1095.94921875,486.45819091796875,1074.0660400390625,484.5764465332031,1099.8876953125,524.02099609375,1084.155517578125,521.2142944335938,1087.8326416015625,557.923095703125,1083.8939208984375,554.7081298828125
1081.4144287109375,423.804931640625,1085.13720703125,420.5421142578125,1078.5662841796875,419.71270751953125,1089.90576171875,423.0521240234375,1072.62158203125,420.4959716796875,1095.2769775390625,440.1204833984375,1062.292724609375,436.7135009765625,1103.0443115234375,458.8459167480469,1048.314208984375,452.57025146484375,1100.976318359375,462.48876953125,1050.88232421875,458.59637451171875,1087.2615966796875,484.53509521484375,1066.5946044921875,483.2137451171875,1088.6998291015625,516.4853515625,1073.611083984375,515.613037109375,1087.31201171875,551.252197265625,1077.8837890625,549.8452758789062
1079.2760009765625,425.357666015625,1082.36767578125,422.101806640625,1076.38134765625,421.564453125,1087.140625,423.17205810546875,1070.496826171875,421.64666748046875,1093.199951171875,440.409423828125,1058.904541015625,437.25408935546875,1103.7198486328125,459.35107421875,1044.3382568359375,452.83685302734375,1102.0496826171875,470.6646423339844,1047.7919921875,462.68902587890625,1083.5013427734375,483.455322265625,1062.8594970703125,482.4613037109375,1088.468994140625,519.634521484375,1073.2076416015625,518.90380859375,1080.5125732421875,553.7958374023438,1075.536376953125,554.4749755859375
1074.833251953125,423.20849609375,1077.7838134765625,419.9231872558594,1071.9990234375,419.456787109375,1083.138671875,420.9683837890625,1066.984375,419.6595458984375,1090.259765625,439.02093505859375,1057.7301025390625,434.18084716796875,1099.3319091796875,462.021240234375,1042.78759765625,448.88385009765625,1092.6966552734375,476.0893249511719,1042.267578125,456.314453125,1079.52587890625,481.35333251953125,1059.908203125,479.0767822265625,1080.8026123046875,517.3377685546875,1066.1854248046875,515.2470092773438,1070.4151611328125,553.9537353515625,1064.8585205078125,552.7205200195312
1074.826171875,423.2304382324219,1077.7852783203125,419.9417724609375,1071.9881591796875,419.4715576171875,1083.166259765625,420.9744873046875,1066.9776611328125,419.65655517578125,1090.27490234375,439.02032470703125,1057.776123046875,434.17791748046875,1099.330810546875,462.01226806640625,1042.8153076171875,448.90667724609375,1092.572998046875,476.015625,1042.0997314453125,456.487060546875,1079.5518798828125,481.36700439453125,1059.9613037109375,479.08026123046875,1080.7734375,517.3638916015625,1066.217529296875,515.250732421875,1070.236572265625,554.0159912109375,1064.746337890625,552.7469482421875
1070.685546875,421.1732177734375,1073.90380859375,417.80194091796875,1067.57861328125,417.5012512207031,1079.5565185546875,418.8338928222656,1062.620849609375,418.04400634765625,1085.8236083984375,435.823974609375,1054.79931640625,433.18328857421875,1098.018798828125,456.935546875,1043.2757568359375,449.4619445800781,1099.5025634765625,471.86138916015625,1044.39208984375,457.7589111328125,1073.6807861328125,477.593994140625,1055.6630859375,476.46087646484375,1072.4400634765625,513.6033935546875,1063.845703125,513.0719604492188,1059.6322021484375,548.0578002929688,1062.44873046875,548.82958984375
1066.1854248046875,418.6566467285156,1069.8798828125,415.37249755859375,1063.2440185546875,414.86578369140625,1076.5772705078125,416.69091796875,1058.57470703125,415.40899658203125,1083.0589599609375,434.3458557128906,1051.1268310546875,430.34063720703125,1095.0284423828125,454.37420654296875,1038.38623046875,443.9708251953125,1090.83935546875,463.9818420410156,1042.80419921875,447.92999267578125,1069.05810546875,476.4516906738281,1049.9840087890625,474.40545654296875,1063.21484375,511.3544921875,1052.2977294921875,509.47674560546875,1058.53662109375,548.3787841796875,1057.3895263671875,547.3886108398438
1064.88037109375,416.1058044433594,1068.133544921875,413.15692138671875,1061.8565673828125,412.40264892578125,1072.38232421875,414.373046875,1055.8587646484375,412.5372314453125,1078.4677734375,430.10113525390625,1045.9013671875,426.10052490234375,1091.068115234375,445.02740478515625,1030.208740234375,437.19342041015625,1087.89013671875,440.88525390625,1021.4148559570312,439.9419250488281,1066.2255859375,472.54473876953125,1046.501220703125,470.52996826171875,1062.583740234375,509.951416015625,1049.0743408203125,507.1203918457031,1060.002197265625,547.1595458984375,1052.4915771484375,544.0394897460938
1058.89697265625,412.3114929199219,1061.929931640625,409.0546875,1055.9166259765625,408.6571044921875,1066.6468505859375,409.7196350097656,1049.534423828125,408.4988708496094,1072.149658203125,425.63690185546875,1039.544677734375,422.305908203125,1085.3533935546875,439.79803466796875,1020.7274169921875,433.7569885253906,1085.7271728515625,446.2524719238281,1024.2152099609375,440.9609069824219,1059.6387939453125,469.404296875,1039.670166015625,467.4357604980469,1057.19921875,503.8453369140625,1038.48828125,500.86614990234375,1055.8984375,543.1138916015625,1041.899658203125,539.03125
1054.8997802734375,412.6849365234375,1058.7332763671875,409.5202331542969,1052.4564208984375,408.3395690917969,1065.03466796875,410.0867919921875,1046.8626708984375,406.8851623535156,1070.388427734375,427.510009765625,1035.6302490234375,420.58990478515625,1082.9552001953125,446.8768310546875,1016.635986328125,433.91741943359375,1082.18798828125,464.0776062011719,1023.9735717773438,447.14471435546875,1057.6168212890625,469.939208984375,1035.615478515625,466.3931579589844,1056.593505859375,500.25909423828125,1030.341552734375,496.12548828125,1056.206298828125,542.0545043945312,1032.1429443359375,537.4619140625
1055.009033203125,412.7478332519531,1058.8289794921875,409.5861511230469,1052.5419921875,408.4111328125,1065.050048828125,410.1314697265625,1046.880615234375,406.9393615722656,1070.3555908203125,427.4526672363281,1035.573974609375,420.57489013671875,1082.800537109375,446.65966796875,1016.5660400390625,433.82244873046875,1082.037353515625,463.48089599609375,1023.8956298828125,446.8885498046875,1057.65283203125,469.87176513671875,1035.6142578125,466.3656921386719,1056.81201171875,500.24664306640625,1030.3946533203125,496.14459228515625,1056.525634765625,542.0177612304688,1032.174560546875,537.4564819335938
1053.3604736328125,411.11273193359375,1056.2620849609375,407.6307678222656,1050.7989501953125,407.247314453125,1059.69091796875,408.19482421875,1045.12060546875,406.80487060546875,1064.9398193359375,422.97418212890625,1029.9591064453125,420.85162353515625,1073.569091796875,441.8540954589844,1010.86083984375,438.69635009765625,1074.590576171875,449.2225341796875,1015.4987182617188,448.7401123046875,1049.8974609375,462.1934814453125,1026.263427734375,461.43804931640625,1057.6497802734375,491.70977783203125,1017.72412109375,491.582275390625,1053.397216796875,531.1304931640625,1007.5211181640625,531.6348876953125
1047.3248291015625,410.79669189453125,1050.475341796875,407.61151123046875,1044.63525390625,407.02850341796875,1055.84716796875,408.2452697753906,1039.204345703125,406.5905456542969,1062.3253173828125,424.43505859375,1028.865234375,419.92913818359375,1071.7618408203125,443.3089599609375,1012.4715576171875,433.05450439453125,1068.3133544921875,458.0869140625,1016.318359375,442.990966796875,1050.7640380859375,464.0816345214844,1027.7078857421875,461.5621032714844,1054.4140625,494.6123046875,1013.9222412109375,492.05841064453125,1055.705078125,534.9495849609375,1005.7666625976562,532.8883666992188
1041.659423828125,411.3047790527344,1045.481201171875,408.4871520996094,1039.84912109375,407.3466796875,1053.09423828125,409.54815673828125,1035.565673828125,406.5444030761719,1059.004638671875,426.5699157714844,1026.12939453125,419.717041015625,1057.49169921875,450.3591613769531,1008.3509521484375,434.76263427734375,1037.531494140625,457.61383056640625,1009.474853515625,444.1689453125,1046.7489013671875,466.96026611328125,1022.581787109375,462.7198486328125,1050.6278076171875,494.320068359375,1000.2728271484375,488.87615966796875,1052.5699462890625,532.6302490234375,987.731689453125,525.9130859375
1038.730712890625,410.10760498046875,1041.615478515625,407.04998779296875,1036.587158203125,406.3577880859375,1046.5484619140625,408.13897705078125,1032.4384765625,406.3111572265625,1053.5408935546875,425.593505859375,1022.4486083984375,418.98101806640625,1056.795166015625,447.1681823730469,1004.3776245117188,431.259521484375,1048.6016845703125,456.59130859375,1004.8145141601562,441.75140380859375,1042.1142578125,462.64410400390625,1018.4031372070312,459.10845947265625,1047.8790283203125,493.20867919921875,994.8023681640625,488.0780029296875,1051.333740234375,532.059814453125,980.725830078125,525.03564453125
1033.914794921875,411.28033447265625,1036.682861328125,408.053955078125,1031.260986328125,407.47613525390625,1041.2646484375,408.34149169921875,1025.9697265625,406.75457763671875,1048.036376953125,425.4553527832031,1016.507568359375,418.31658935546875,1049.8160400390625,448.6893310546875,996.232666015625,429.84588623046875,1038.290283203125,459.38189697265625,992.4527587890625,438.56341552734375,1038.134765625,460.9508056640625,1014.3173828125,457.09564208984375,1043.7677001953125,491.3203125,989.6574096679688,486.0022888183594,1047.2149658203125,531.65087890625,975.8470458984375,524.4571533203125
1033.8076171875,411.29620361328125,1036.588134765625,408.0674743652344,1031.173583984375,407.4827880859375,1041.230224609375,408.3245849609375,1025.9246826171875,406.7274169921875,1048.0323486328125,425.4072265625,1016.5211791992188,418.2410888671875,1049.75732421875,448.6795349121094,996.2488403320312,429.7406005859375,1038.0648193359375,459.42681884765625,992.326171875,438.4873046875,1038.175048828125,460.8348388671875,1014.3850708007812,456.9552001953125,1043.6845703125,491.1898193359375,989.7275390625,485.8451843261719,1047.0093994140625,531.544189453125,975.9519653320312,524.32080078125
1029.2803955078125,410.52020263671875,1031.7001953125,407.30206298828125,1026.58544921875,406.843505859375,1035.0322265625,407.4381103515625,1021.028076171875,406.23004150390625,1041.0767822265625,424.5028076171875,1011.1197509765625,418.344970703125,1043.1441650390625,448.9578552246094,993.46826171875,431.8942565917969,1032.021484375,462.14208984375,991.1961669921875,440.8515930175781,1030.1810302734375,460.441650390625,1007.43505859375,457.2303771972656,1038.37744140625,489.82269287109375,984.8636474609375,485.5064697265625,1046.344970703125,530.12890625,974.93115234375,524.3907470703125
1022.9583740234375,407.1867370605469,1025.871337890625,403.95050048828125,1020.0814208984375,403.3544921875,1030.134033203125,404.21728515625,1013.648681640625,402.410888671875,1035.738037109375,421.1591796875,1002.827880859375,415.0447998046875,1040.1732177734375,446.1902160644531,985.1038818359375,428.1043395996094,1035.7408447265625,460.73101806640625,988.5419311523438,435.31268310546875,1026.661376953125,458.9475402832031,1001.9002685546875,456.55938720703125,1038.19580078125,487.99969482421875,982.30419921875,484.6947326660156,1047.136474609375,527.1043701171875,971.696533203125,522.8005981445312
1018.8997192382812,400.0177001953125,1022.7921142578125,396.5634765625,1016.36474609375,395.39666748046875,1027.44091796875,398.34490966796875,1010.72216796875,395.2843322753906,1031.89501953125,415.05694580078125,999.22998046875,411.3336181640625,1038.23486328125,437.3155517578125,987.6341552734375,431.5968017578125,1035.220703125,450.28668212890625,988.5841064453125,446.1949462890625,1020.9461669921875,453.8094482421875,996.7300415039062,452.3924560546875,1040.167724609375,481.16644287109375,981.27783203125,480.191162109375,1044.2529296875,520.0022583007812,968.4796142578125,518.9713134765625
1016.0408935546875,395.2349853515625,1019.677001953125,392.1297912597656,1013.2784423828125,391.43682861328125,1024.700439453125,393.02398681640625,1007.3014526367188,390.9708251953125,1028.9508056640625,409.73260498046875,995.5867309570312,406.1737976074219,1031.104736328125,434.98577880859375,983.3575439453125,428.3677978515625,1026.677978515625,447.43597412109375,990.489990234375,439.34710693359375,1018.5921630859375,448.45037841796875,993.24755859375,446.6925048828125,1032.0377197265625,479.3955078125,977.0123291015625,477.515380859375,1042.7464599609375,517.9909057617188,966.98486328125,516.96337890625
1013.5563354492188,385.9200439453125,1016.238037109375,383.0221252441406,1011.238037109375,382.3548889160156,1019.900390625,384.36566162109375,1006.077392578125,382.59893798828125,1026.1534423828125,400.4783020019531,993.916259765625,398.1733703613281,1031.3131103515625,419.4014892578125,978.9041748046875,417.0623474121094,1029.2215576171875,431.533935546875,976.184814453125,436.7301025390625,1017.8442993164062,441.3470764160156,994.1787109375,440.3346862792969,1027.286376953125,477.61248779296875,977.0904541015625,476.04290771484375,1032.9278564453125,516.6072998046875,965.6911010742188,514.70166015625
1013.708740234375,385.82403564453125,1016.3697509765625,382.93536376953125,1011.382080078125,382.279052734375,1019.95458984375,384.3073425292969,1006.2291259765625,382.5661926269531,1026.133544921875,400.417236328125,994.1298828125,398.10699462890625,1031.3515625,419.1923828125,979.2255249023438,416.6546630859375,1029.2803955078125,431.21942138671875,976.8416748046875,435.5995788574219,1017.775146484375,441.3943176269531,994.239501953125,440.38775634765625,1027.1673583984375,477.7513732910156,977.1148681640625,476.2374267578125,1032.913330078125,516.7437744140625,965.5865478515625,514.9376831054688
1009.3936767578125,387.20367431640625,1012.5072021484375,384.1555480957031,1007.333984375,383.2704162597656,1018.103515625,385.4140625,1002.41064453125,382.9017333984375,1024.568603515625,402.02911376953125,990.5325927734375,397.15008544921875,1030.843994140625,420.1422119140625,969.41796875,410.0435485839844,1029.0009765625,438.1397705078125,961.0182495117188,432.20123291015625,1016.36328125,438.9102783203125,991.7876586914062,436.7079162597656,1024.333251953125,475.450927734375,973.759033203125,472.73272705078125,1030.6981201171875,514.66357421875,962.7474365234375,512.601806640625
1007.7294921875,388.4903564453125,1010.6953125,385.2855224609375,1005.476318359375,384.6739196777344,1016.1075439453125,385.75726318359375,1000.280517578125,384.1249694824219,1023.591064453125,400.6709289550781,988.536376953125,397.3770446777344,1031.203857421875,417.1571960449219,966.6097412109375,410.247802734375,1028.5458984375,433.9266357421875,955.900146484375,431.0859375,1014.2301025390625,435.34625244140625,988.94287109375,433.6641845703125,1022.218017578125,470.58843994140625,969.150390625,468.552001953125,1029.8721923828125,510.730224609375,959.0040893554688,509.33282470703125
1007.6167602539062,389.00848388671875,1010.3807373046875,385.8300476074219,1004.926025390625,385.23248291015625,1014.28076171875,386.143798828125,998.3512573242188,384.4410095214844,1020.4183349609375,401.0466613769531,985.0826416015625,397.35491943359375,1028.529541015625,420.46392822265625,961.768798828125,409.783447265625,1028.9609375,440.13690185546875,946.993896484375,426.5459289550781,1011.1070556640625,433.554931640625,985.242919921875,432.1216735839844,1022.20947265625,468.94061279296875,963.4842529296875,467.83392333984375,1031.990234375,509.09588623046875,950.9397583007812,509.4870300292969
1003.815673828125,389.5463562011719,1006.3665161132812,386.3273620605469,1001.4292602539062,385.922607421875,1010.4638671875,386.8868408203125,995.8159790039062,385.68499755859375,1019.3538818359375,402.3541259765625,981.6926879882812,398.3575744628906,1027.6640625,423.115966796875,958.3428955078125,410.6935729980469,1029.107421875,443.8111572265625,946.4979858398438,426.6446228027344,1009.8656616210938,434.77618408203125,981.6282348632812,433.3356628417969,1025.495849609375,469.9983215332031,959.9376220703125,468.297119140625,1037.25732421875,509.14642333984375,945.46337890625,507.4622802734375
1002.4881591796875,390.8048400878906,1005.0498046875,387.7768249511719,1000.208740234375,387.293212890625,1009.3013305664062,388.4781188964844,994.7957763671875,387.0006408691406,1017.318603515625,404.99664306640625,981.7376708984375,400.762451171875,1026.18310546875,425.90496826171875,958.809326171875,414.0072021484375,1028.8994140625,446.4404296875,949.84375,431.04779052734375,1008.4451904296875,441.86016845703125,981.0604248046875,440.16815185546875,1026.387939453125,472.38153076171875,955.3148803710938,470.24713134765625,1039.962890625,505.40789794921875,936.6783447265625,502.8976135253906
1002.44970703125,390.7687683105469,1005.0137329101562,387.74847412109375,1000.1832275390625,387.2596435546875,1009.2866821289062,388.4674987792969,994.8062744140625,386.97857666015625,1017.3067626953125,404.9933166503906,981.7908935546875,400.73321533203125,1026.19140625,425.86102294921875,958.848388671875,413.92730712890625,1028.890625,446.3423767089844,949.8239135742188,430.98193359375,1008.424072265625,441.81317138671875,981.0928344726562,440.1019592285156,1026.3150634765625,472.36492919921875,955.3831787109375,470.1995849609375,1039.867431640625,505.36175537109375,936.7510986328125,502.8020324707031
1001.2706909179688,396.9927062988281,1003.916259765625,394.064208984375,998.365966796875,393.6456298828125,1007.479248046875,395.2804870605469,991.66015625,393.7361755371094,1013.115478515625,411.81829833984375,979.686279296875,407.8982849121094,1021.5346069335938,431.728515625,960.760498046875,419.8819885253906,1023.0818481445312,447.8861389160156,962.9742431640625,428.75701904296875,1005.3543701171875,447.69305419921875,978.892578125,446.40789794921875,1024.5723876953125,474.8529052734375,952.1361694335938,473.54986572265625,1038.3736572265625,506.10882568359375,931.8898315429688,505.19842529296875
995.9137573242188,401.222412109375,998.4274291992188,398.3606872558594,993.44091796875,398.11798095703125,1002.669677734375,399.91815185546875,987.9655151367188,398.9945068359375,1009.169189453125,417.26190185546875,977.1575927734375,414.91534423828125,1017.3272094726562,438.44854736328125,963.413818359375,432.3296813964844,1015.5399169921875,453.64093017578125,973.5220947265625,444.1485595703125,1000.41748046875,455.7598876953125,974.9195556640625,454.9267578125,1021.2359619140625,482.9112854003906,951.587890625,481.7456359863281,1036.80908203125,513.2635498046875,935.4964599609375,512.0733642578125
987.3408203125,408.06005859375,990.0150146484375,405.13006591796875,984.9856567382812,404.9384765625,995.583740234375,405.5919189453125,980.525146484375,405.0150146484375,1004.0143432617188,420.590576171875,972.8486328125,419.0213928222656,1015.43701171875,439.8058776855469,959.887939453125,433.7298889160156,1012.9436645507812,455.3974609375,962.5248413085938,443.71380615234375,998.768310546875,456.7002868652344,974.022216796875,456.08441162109375,1019.0806274414062,481.0926513671875,949.543701171875,480.3983154296875,1037.0731201171875,509.83184814453125,934.6529541015625,509.2251892089844
974.931884765625,409.4546813964844,977.454345703125,406.45751953125,972.1151123046875,406.46307373046875,982.6553955078125,407.5120849609375,967.7111206054688,407.5842590332031,992.04833984375,423.9663391113281,963.104736328125,423.28314208984375,998.4457397460938,446.5013427734375,954.254150390625,442.33880615234375,982.419189453125,460.71142578125,951.46630859375,456.10552978515625,992.7903442382812,459.4466857910156,969.032470703125,458.8823547363281,1012.8243408203125,481.0084533691406,943.5459594726562,479.8890380859375,1035.666015625,510.6634826660156,934.3489990234375,508.884521484375
957.1876831054688,405.71185302734375,958.900146484375,402.3717041015625,955.7978515625,402.24560546875,962.0120849609375,403.4718017578125,955.468505859375,402.99957275390625,976.971435546875,419.36151123046875,948.2171630859375,418.3104248046875,987.9024658203125,441.38482666015625,948.463623046875,440.3114318847656,982.3193359375,460.27587890625,948.615478515625,454.8485412597656,983.1024169921875,455.3936462402344,957.5037231445312,454.1406555175781,1006.942138671875,479.10650634765625,935.5045166015625,477.68731689453125,1041.0101318359375,512.882080078125,933.913818359375,509.9369201660156
956.34033203125,405.82159423828125,958.1700439453125,402.49273681640625,955.1105346679688,402.32843017578125,961.7609252929688,403.6092224121094,955.4089965820312,403.0626525878906,976.9349365234375,419.5135498046875,948.5272216796875,418.45220947265625,987.7745361328125,441.6596374511719,948.694091796875,440.584716796875,981.60888671875,460.631103515625,948.1824951171875,455.2268371582031,983.53857421875,455.69769287109375,958.1845703125,454.403564453125,1006.6437377929688,479.14300537109375,935.5013427734375,477.76251220703125,1041.298828125,512.8436889648438,934.3680419921875,509.98193359375
939.0159912109375,403.7328186035156,941.8291015625,400.0267333984375,937.699462890625,400.0489196777344,949.5732421875,401.1768798828125,940.89404296875,401.21417236328125,969.222412109375,418.4757385253906,939.03076171875,417.7933044433594,977.9349975585938,440.463134765625,941.93359375,440.0975646972656,963.1547241210938,464.2803955078125,940.146728515625,458.8330078125,983.6596069335938,456.35858154296875,957.505859375,454.99493408203125,999.6461791992188,480.8528137207031,934.9634399414062,479.14117431640625,1040.390380859375,511.6800842285156,947.3505859375,506.9275817871094
923.7530517578125,404.4337158203125,926.7796630859375,400.827880859375,921.322509765625,400.9652099609375,934.4072265625,401.39349365234375,922.0823974609375,401.759765625,947.2413330078125,416.69757080078125,929.0579833984375,418.8349609375,957.07373046875,439.5519104003906,935.55712890625,441.2720947265625,945.07177734375,461.0428161621094,931.2485961914062,455.8651428222656,968.323974609375,453.71160888671875,954.9837646484375,454.9150390625,966.8875732421875,480.38922119140625,940.9503173828125,481.85186767578125,995.8547973632812,504.26837158203125,961.3408813476562,504.84063720703125
908.0227661132812,404.3467712402344,910.76318359375,400.4691162109375,906.19921875,400.64324951171875,919.1552124023438,400.97265625,908.2626953125,401.5351867675781,932.4378662109375,415.84283447265625,917.0806884765625,417.4866943359375,947.9801025390625,438.441650390625,911.9932250976562,437.970703125,939.4990234375,463.817138671875,897.5509033203125,454.0602722167969,955.95947265625,450.7929382324219,950.9853515625,451.5970458984375,927.8919677734375,482.713623046875,953.0941772460938,483.6272277832031,939.6273193359375,507.72747802734375,991.2388916015625,506.20880126953125
901.8365478515625,409.27386474609375,904.5661010742188,405.601318359375,898.9554443359375,406.12445068359375,912.333251953125,405.9102783203125,898.5623779296875,407.3013916015625,925.8839111328125,420.6458740234375,905.2763671875,423.1070251464844,937.259521484375,441.74139404296875,896.5953369140625,442.0560607910156,928.4012451171875,457.2034606933594,878.28173828125,452.4608154296875,949.8486328125,455.773681640625,937.9456787109375,457.17449951171875,937.9828491210938,483.6776123046875,927.978515625,484.9567565917969,961.4928588867188,506.4493103027344,955.09765625,506.2237548828125
894.628173828125,413.47308349609375,896.3602294921875,409.60064697265625,891.0009155273438,410.91534423828125,901.34765625,408.3959655761719,888.6622314453125,411.77532958984375,915.3321533203125,420.0311279296875,893.6197509765625,426.27532958984375,927.738037109375,435.25360107421875,885.8776245117188,445.5367126464844,925.01806640625,448.69732666015625,871.982421875,458.0045471191406,941.0054931640625,458.4476318359375,927.5037841796875,461.82293701171875,935.0560302734375,487.1976318359375,917.834228515625,490.24542236328125,967.731689453125,510.2718200683594,948.29052734375,511.6527099609375
894.70654296875,413.4398193359375,896.42529296875,409.5650939941406,891.0596923828125,410.89788818359375,901.3802490234375,408.3604431152344,888.6693115234375,411.78460693359375,915.3576049804688,419.9595947265625,893.6141967773438,426.28863525390625,927.9097900390625,435.0284729003906,885.884765625,445.4204406738281,925.3228759765625,448.3779602050781,872.1575317382812,457.614990234375,941.0098876953125,458.3485107421875,927.4682006835938,461.76837158203125,935.1505737304688,487.0864562988281,917.749755859375,490.20556640625,967.8155517578125,510.19012451171875,948.0208740234375,511.6830139160156
0.0,0.0,0.0,0.0,0.0,0.0,0.0,0.0,0.0,0.0,0.0,0.0,0.0,0.0,0.0,0.0,0.0,0.0,0.0,0.0,0.0,0.0,0.0,0.0,0.0,0.0,0.0,0.0,0.0,0.0,0.0,0.0,0.0,0.0
0.0,0.0,0.0,0.0,0.0,0.0,0.0,0.0,0.0,0.0,0.0,0.0,0.0,0.0,0.0,0.0,0.0,0.0,0.0,0.0,0.0,0.0,0.0,0.0,0.0,0.0,0.0,0.0,0.0,0.0,0.0,0.0,0.0,0.0
864.541748046875,417.41436767578125,865.577880859375,413.214111328125,863.390869140625,414.43023681640625,874.020263671875,411.3855285644531,865.2189331054688,414.1656494140625,886.8799438476562,425.27081298828125,876.60888671875,426.7340087890625,874.5503540039062,447.358642578125,860.3250732421875,443.87725830078125,847.72900390625,457.6318359375,832.5013427734375,454.56964111328125,911.35302734375,465.00531005859375,902.9464111328125,465.2525634765625,896.1806030273438,491.1085510253906,893.94482421875,490.83782958984375,910.5214233398438,525.7486572265625,906.6861572265625,522.3994140625
854.1126708984375,422.3167724609375,856.497314453125,418.3927001953125,852.666015625,418.8858642578125,866.9415283203125,418.09088134765625,855.0148315429688,419.2412109375,883.548828125,432.98272705078125,860.22412109375,434.8354797363281,888.6941528320312,452.6256408691406,841.299560546875,452.0541687011719,864.3037109375,460.0560302734375,818.0645141601562,460.8118896484375,904.942626953125,472.89215087890625,893.5411376953125,473.507568359375,884.7621459960938,495.2522277832031,891.4356079101562,496.0074462890625,879.144287109375,531.6654052734375,907.5885009765625,531.5184936523438
849.6809692382812,425.27557373046875,852.0756225585938,420.82122802734375,846.7611694335938,421.6330261230469,860.130859375,420.73382568359375,848.16455078125,422.23095703125,872.37646484375,435.91754150390625,855.1287231445312,437.0409851074219,864.5948486328125,454.07318115234375,834.06884765625,453.28839111328125,836.295166015625,456.8507995605469,813.7769165039062,460.4999084472656,898.5411376953125,474.9007873535156,892.1099853515625,475.1844482421875,865.3536376953125,502.40386962890625,893.2620849609375,502.58184814453125,846.2968139648438,536.9315185546875,904.43408203125,534.7138671875
849.0460205078125,424.4903869628906,851.5460815429688,419.9195251464844,846.250732421875,420.9718017578125,861.8479614257812,418.95709228515625,846.9654541015625,420.9222106933594,876.697998046875,433.63037109375,854.280029296875,434.7384338378906,867.028076171875,454.07623291015625,833.4512939453125,453.1094055175781,835.14501953125,457.75311279296875,812.0445556640625,461.74310302734375,904.67041015625,475.49072265625,894.128662109375,474.687255859375,869.1575927734375,502.1109924316406,889.605224609375,500.549560546875,848.306884765625,536.70703125,900.326171875,530.9768676757812
838.6363525390625,432.2308044433594,840.2442626953125,427.634521484375,837.1525268554688,428.56005859375,848.7998657226562,425.5084533691406,843.1909790039062,427.1278381347656,863.4728393554688,438.13702392578125,853.1549072265625,440.36920166015625,863.110595703125,456.8162841796875,838.9641723632812,459.4844055175781,840.9970092773438,460.4294128417969,818.35693359375,463.2278137207031,892.1478881835938,483.0486145019531,890.6639404296875,483.0119934082031,851.9474487304688,519.015625,886.40478515625,519.4102783203125,838.3758544921875,550.3375854492188,903.7122802734375,547.4774780273438
830.2589721679688,435.69879150390625,831.71142578125,431.5750732421875,830.0291748046875,431.75830078125,841.3493041992188,429.9534912109375,839.7662353515625,429.2818908691406,854.6343383789062,442.6344909667969,850.8854370117188,439.569091796875,847.775390625,459.4679260253906,836.9464111328125,454.1487121582031,826.0991821289062,462.4540100097656,815.02685546875,459.80255126953125,875.9923095703125,484.67779541015625,880.437255859375,482.16961669921875,847.651611328125,520.432373046875,894.9373168945312,516.5262451171875,825.2060546875,552.7644653320312,913.3621215820312,542.7030029296875
825.5513305664062,443.4588317871094,827.9342651367188,439.19708251953125,824.0465087890625,439.6309814453125,836.2730712890625,438.1229553222656,830.1015014648438,438.8284606933594,848.068359375,451.33538818359375,840.1426391601562,451.91058349609375,843.9664306640625,467.80645751953125,833.285888671875,467.58233642578125,822.601318359375,469.70526123046875,820.2315673828125,469.73712158203125,865.4155883789062,490.68603515625,866.3138427734375,490.9254455566406,832.1370849609375,521.200927734375,877.2705078125,521.1954345703125,820.4320068359375,552.2384033203125,905.29638671875,549.651611328125
0.0,0.0,0.0,0.0,0.0,0.0,0.0,0.0,0.0,0.0,0.0,0.0,0.0,0.0,0.0,0.0,0.0,0.0,0.0,0.0,0.0,0.0,0.0,0.0,0.0,0.0,0.0,0.0,0.0,0.0,0.0,0.0,0.0,0.0
813.5941772460938,446.24774169921875,815.287841796875,442.6083984375,814.0252685546875,443.18798828125,824.9825439453125,440.7391662597656,820.9187622070312,442.10968017578125,839.165771484375,452.92694091796875,832.8499145507812,452.6727294921875,827.630615234375,478.2227783203125,818.17333984375,473.12286376953125,799.9967041015625,488.03631591796875,791.645751953125,482.8546142578125,857.8126220703125,495.30035400390625,853.0420532226562,494.05340576171875,830.4552612304688,516.0407104492188,832.9072265625,514.8403930664062,833.904052734375,554.3850708007812,838.2261962890625,550.848388671875
813.6072998046875,446.2547607421875,815.298583984375,442.61517333984375,814.0465087890625,443.19525146484375,824.9832763671875,440.7398986816406,820.959228515625,442.1111755371094,839.1483154296875,452.91241455078125,832.8901977539062,452.66461181640625,827.604736328125,478.1861572265625,818.2308349609375,473.1064453125,800.0062255859375,488.0653381347656,791.6846923828125,482.8934326171875,857.7706298828125,495.24127197265625,853.0431518554688,493.99871826171875,830.4717407226562,516.0737915039062,832.948974609375,514.880615234375,833.9031372070312,554.4147338867188,838.2332153320312,550.8831176757812
812.5610961914062,444.58935546875,814.50732421875,441.048828125,812.5372924804688,441.60418701171875,823.702880859375,439.7824401855469,817.6605834960938,441.2791442871094,836.380615234375,452.320068359375,828.171142578125,452.755126953125,828.429931640625,476.952392578125,817.244873046875,473.82257080078125,805.8729248046875,487.87689208984375,796.8349609375,484.0580749511719,852.4454345703125,493.037841796875,846.4100341796875,492.22174072265625,830.7987670898438,514.2471313476562,828.3521118164062,513.33740234375,837.2213134765625,552.8201904296875,835.2097778320312,549.9580078125
809.9608154296875,441.6947021484375,811.816162109375,437.538330078125,809.0887451171875,438.285400390625,820.83447265625,435.88525390625,811.930419921875,438.0389404296875,833.5087280273438,448.791259765625,822.189697265625,450.1936340332031,830.71630859375,472.93780517578125,816.006103515625,472.0009460449219,810.5831909179688,481.9919128417969,802.9971923828125,480.0971374511719,850.3616943359375,488.82000732421875,841.8936767578125,488.45550537109375,829.7266845703125,512.3057861328125,822.6119384765625,511.36077880859375,840.573974609375,553.7916259765625,833.6685791015625,551.4102172851562
808.071533203125,436.5509948730469,809.680419921875,432.1273498535156,806.828857421875,432.99566650390625,818.435302734375,430.2655334472656,808.828125,432.8410949707031,832.5921630859375,444.0328674316406,818.842041015625,445.81256103515625,833.8258056640625,468.434326171875,816.359375,468.36920166015625,813.2186279296875,475.013671875,808.1671142578125,473.4452819824219,848.7806396484375,484.67047119140625,838.4952392578125,484.39361572265625,829.6422729492188,509.67547607421875,819.267578125,508.7866516113281,839.9046630859375,551.8501586914062,829.4700927734375,549.583740234375
807.7142333984375,431.52044677734375,809.4949951171875,427.0813293457031,806.4607543945312,427.8102722167969,818.2490234375,425.6142883300781,808.2028198242188,427.9554443359375,832.2753295898438,440.3460388183594,817.3990478515625,442.3261413574219,837.4951171875,465.1454772949219,818.38037109375,466.2992248535156,822.1224975585938,478.0210876464844,813.7359008789062,476.5458068847656,845.3572998046875,481.618896484375,834.8670654296875,481.5087890625,829.2034912109375,510.50927734375,819.9710693359375,509.8653564453125,835.3643798828125,550.99462890625,826.7279052734375,549.1928100585938
807.4910888671875,426.3411865234375,809.4803466796875,421.91973876953125,806.17578125,422.50341796875,818.4254150390625,420.77960205078125,807.28955078125,422.7899169921875,831.8314208984375,436.37066650390625,815.44091796875,437.98992919921875,838.047119140625,461.08935546875,816.969482421875,461.8204650878906,824.046875,472.7060546875,813.8782958984375,470.3885192871094,841.813720703125,479.25494384765625,830.8037109375,479.06707763671875,826.5556640625,511.5526428222656,820.0068359375,510.9452819824219,830.0777587890625,551.1380615234375,825.3724365234375,549.262451171875
807.5216064453125,426.3720703125,809.505615234375,421.9541931152344,806.2110595703125,422.53936767578125,818.4666137695312,420.8060302734375,807.312744140625,422.8211975097656,831.9457397460938,436.3988342285156,815.497314453125,438.0057678222656,838.1610717773438,461.1947937011719,816.9437255859375,461.8618469238281,824.0161743164062,472.8556823730469,813.6721801757812,470.4841003417969,841.9312744140625,479.3255310058594,830.8756713867188,479.123046875,826.5591430664062,511.5422058105469,819.9702758789062,510.9198303222656,830.1106567382812,551.1478271484375,825.3660888671875,549.2496337890625
811.9595947265625,419.4077453613281,814.111572265625,415.3818054199219,810.332275390625,415.6872253417969,821.700927734375,415.1019287109375,809.6190185546875,416.336181640625,833.2183837890625,431.4710693359375,815.1160888671875,432.6300048828125,842.3080444335938,456.593505859375,817.733642578125,457.52362060546875,833.6043090820312,472.2362060546875,815.8624877929688,469.7370300292969,838.3385009765625,474.92706298828125,826.854248046875,474.74169921875,826.668212890625,509.82818603515625,820.4952392578125,509.417724609375,828.4022827148438,548.0018310546875,824.2783813476562,546.64794921875
811.5797119140625,412.35137939453125,814.564208984375,408.54327392578125,809.9473876953125,408.3798522949219,822.6680908203125,409.189697265625,808.7791748046875,409.15423583984375,834.3217163085938,427.001953125,810.4337768554688,427.11212158203125,845.6900024414062,453.0059814453125,811.92919921875,453.05596923828125,839.4459228515625,469.7081298828125,814.224365234375,466.1790771484375,834.573486328125,473.0882263183594,819.52392578125,472.5846862792969,826.5037841796875,510.2214660644531,815.4292602539062,509.7646179199219,827.1198120117188,547.6404418945312,818.6116943359375,546.2259521484375
810.3375244140625,409.250244140625,813.3271484375,405.3984375,808.7952880859375,405.2335205078125,821.5471801757812,406.141357421875,807.953125,406.099609375,833.932373046875,424.58843994140625,809.486083984375,424.67486572265625,845.667236328125,451.3287353515625,810.586669921875,451.2008972167969,839.5316162109375,468.91461181640625,812.77197265625,465.25457763671875,834.5792236328125,472.3023376464844,819.2940673828125,471.765869140625,825.6922607421875,509.8539733886719,815.1756591796875,509.3758544921875,825.9072265625,547.7451782226562,818.487060546875,546.2551879882812
806.1949462890625,405.2189025878906,809.3446655273438,401.2088623046875,805.525390625,401.56988525390625,819.797607421875,402.32342529296875,807.2713623046875,403.7857666015625,834.5001220703125,422.125244140625,810.6956176757812,423.1907958984375,846.251953125,449.814208984375,807.3627319335938,449.75787353515625,834.7174072265625,468.8702087402344,800.2113647460938,465.9657897949219,832.7198486328125,473.5067138671875,817.9149169921875,472.8003845214844,821.7980346679688,509.43231201171875,812.2855224609375,508.838134765625,827.1375732421875,549.4996337890625,821.04052734375,547.2898559570312
808.269287109375,403.4942321777344,811.21728515625,399.38037109375,807.1981201171875,399.4866943359375,820.39990234375,400.15667724609375,807.2218017578125,400.7757568359375,833.7532958984375,420.19354248046875,809.7640380859375,420.3805847167969,845.243896484375,447.3673095703125,806.179443359375,446.11187744140625,835.939453125,468.11737060546875,797.695068359375,464.3995056152344,833.3567504882812,471.31683349609375,817.9698486328125,470.6121826171875,826.56005859375,510.82220458984375,814.57958984375,510.26080322265625,831.0869140625,548.6435546875,819.8600463867188,546.5719604492188
808.32763671875,403.52801513671875,811.2664794921875,399.406005859375,807.2144165039062,399.5224914550781,820.4383544921875,400.18426513671875,807.12548828125,400.82208251953125,833.8240966796875,420.22064208984375,809.5559692382812,420.4075927734375,845.3934326171875,447.1678161621094,805.6818237304688,445.87042236328125,836.1436767578125,467.4676513671875,797.097900390625,463.7624816894531,833.4947509765625,471.2866516113281,817.921875,470.59344482421875,826.6934814453125,510.734130859375,814.5614013671875,510.1702880859375,831.2796630859375,548.5753173828125,819.8828125,546.4976196289062
808.972900390625,402.8053894042969,812.2972412109375,398.60736083984375,807.5802001953125,398.63299560546875,821.7431030273438,399.41815185546875,807.1790771484375,399.7319641113281,834.9881591796875,419.46966552734375,808.7583618164062,419.4837646484375,847.44775390625,447.0394592285156,803.16552734375,445.73980712890625,841.9934692382812,473.803955078125,793.6217041015625,470.29010009765625,834.9190673828125,469.212890625,817.964111328125,468.4825744628906,830.2918701171875,506.86492919921875,813.2398681640625,506.2640380859375,835.9759521484375,545.1019287109375,817.9383544921875,543.076416015625
809.986572265625,402.3226318359375,813.65966796875,398.2529296875,808.380615234375,398.133544921875,823.0021362304688,399.253173828125,807.406005859375,399.32427978515625,836.150390625,419.3079833984375,808.2665405273438,419.4555358886719,848.1376953125,447.59930419921875,803.0604858398438,446.29266357421875,846.147216796875,475.4134521484375,797.9375,471.4358825683594,836.115234375,468.74261474609375,818.5772705078125,468.1539001464844,831.2750244140625,505.3753967285156,814.02197265625,504.756591796875,836.5087890625,543.515869140625,819.1563720703125,541.5970458984375
810.9967041015625,400.89068603515625,814.3804321289062,396.78216552734375,809.139404296875,396.8096008300781,823.6224365234375,397.5267333984375,807.9054565429688,397.88836669921875,837.539794921875,416.72833251953125,808.377197265625,417.1546630859375,850.7470703125,442.92828369140625,802.1097412109375,442.308349609375,850.0560302734375,466.189208984375,797.5516357421875,462.7857666015625,840.18310546875,464.93170166015625,821.7160034179688,464.58447265625,833.4669799804688,500.56573486328125,814.6080322265625,499.97564697265625,837.8475952148438,539.8223876953125,818.3316650390625,538.0106811523438
813.1668090820312,400.6106872558594,816.6878662109375,396.42254638671875,811.092529296875,396.47515869140625,826.1251831054688,397.2332763671875,809.4677734375,397.62249755859375,840.1364135742188,416.8384094238281,810.1597900390625,417.01068115234375,851.5299682617188,443.8521423339844,802.3807983398438,442.24114990234375,848.2801513671875,466.28948974609375,796.1524658203125,462.610595703125,843.5267333984375,465.04742431640625,823.885498046875,464.5357666015625,838.0799560546875,499.04705810546875,813.369873046875,498.23541259765625,844.58251953125,539.551025390625,816.8681030273438,537.4736328125
814.686767578125,400.4072570800781,818.0084228515625,396.1537170410156,812.422119140625,396.42279052734375,826.9561157226562,397.04241943359375,810.5323486328125,398.003173828125,841.0145263671875,416.76092529296875,811.5990600585938,417.74267578125,853.774658203125,442.6300048828125,804.3920288085938,442.707275390625,850.7975463867188,463.08465576171875,797.0545654296875,460.91748046875,844.6673583984375,464.77655029296875,825.0664672851562,464.56640625,840.959228515625,496.79840087890625,811.7232055664062,496.18646240234375,851.4754638671875,537.6502075195312,816.570068359375,536.0513305664062
814.5031127929688,400.3688049316406,817.8228149414062,396.11810302734375,812.27197265625,396.3851318359375,826.785400390625,396.98828125,810.464111328125,397.9527587890625,840.9080810546875,416.6430358886719,811.5975952148438,417.66455078125,853.673095703125,442.53863525390625,804.7252197265625,442.72509765625,850.5884399414062,463.12359619140625,797.6647338867188,460.99102783203125,844.6549072265625,464.6018371582031,825.1078491210938,464.412353515625,841.0482788085938,496.7764892578125,811.7719116210938,496.1866149902344,851.5621337890625,537.6495971679688,816.5966796875,536.0757446289062
814.8685913085938,399.99688720703125,818.0099487304688,395.73822021484375,812.612548828125,396.05859375,827.0555419921875,396.33013916015625,810.70947265625,397.4481201171875,841.4893798828125,414.9459228515625,813.9261474609375,416.0767822265625,854.8076171875,438.58587646484375,808.2421875,438.92919921875,850.8927612304688,454.29962158203125,799.0562744140625,452.0413818359375,847.197021484375,460.99237060546875,828.1866455078125,460.7976379394531,846.1685791015625,493.49102783203125,813.9907836914062,492.8759765625,860.6244506835938,533.2945556640625,819.2530517578125,531.5379638671875
815.5453491210938,396.87872314453125,817.8667602539062,392.078369140625,812.9752807617188,392.9072570800781,826.6140747070312,391.11517333984375,810.7285766601562,393.5048828125,841.9027099609375,409.283935546875,817.284423828125,411.3976135253906,853.349609375,432.790771484375,811.7246704101562,433.7892150878906,847.10107421875,450.046875,797.106689453125,448.05999755859375,852.9991455078125,454.56402587890625,835.1991577148438,454.8760986328125,854.2921142578125,492.27569580078125,821.4215087890625,491.9863586425781,867.0552978515625,531.5960693359375,821.169921875,529.739501953125
816.3603515625,395.70623779296875,819.15234375,391.69403076171875,814.1044921875,391.7551574707031,828.20556640625,391.30499267578125,814.973388671875,391.373291015625,842.6483154296875,407.1453552246094,818.0113525390625,406.8946838378906,857.4609375,432.1740417480469,816.3319091796875,428.4624938964844,859.7662353515625,456.1603088378906,802.8623657226562,444.5913391113281,857.7139892578125,449.1788635253906,840.7703247070312,449.00311279296875,858.44921875,490.62109375,826.241943359375,490.8726806640625,868.5576782226562,530.4193725585938,826.372314453125,530.93896484375
818.8057250976562,393.3260192871094,821.272216796875,389.2998962402344,816.0836181640625,389.33038330078125,829.5982666015625,389.1802978515625,816.2979736328125,388.834716796875,844.7572021484375,405.09832763671875,819.8953857421875,402.6937255859375,859.0739135742188,432.7363586425781,818.24462890625,424.44287109375,859.630126953125,455.97186279296875,808.4269409179688,440.88006591796875,862.51953125,441.68243408203125,845.0955810546875,440.53912353515625,863.2523803710938,486.6844482421875,830.6884765625,484.98388671875,870.205078125,531.4320068359375,827.6544189453125,528.1529541015625
816.4130859375,391.2205810546875,817.999755859375,386.812744140625,815.4633178710938,387.44287109375,827.541748046875,384.4599609375,817.197998046875,386.5188903808594,846.1349487304688,397.95068359375,825.73779296875,400.28253173828125,860.1922607421875,423.1332092285156,826.7041625976562,425.90081787109375,855.3931274414062,444.83575439453125,818.867431640625,442.50750732421875,863.4605712890625,444.02532958984375,848.410400390625,444.61407470703125,862.4893798828125,486.3553161621094,835.1951904296875,486.36285400390625,869.9139404296875,527.460693359375,831.0042114257812,525.8567504882812
816.3239135742188,391.19927978515625,817.9134521484375,386.7836608886719,815.3612060546875,387.41943359375,827.4860229492188,384.4120788574219,817.0764770507812,386.48199462890625,846.1448974609375,397.8941345214844,825.640869140625,400.226318359375,860.19970703125,423.0831298828125,826.5181274414062,425.81884765625,855.3699951171875,444.8544616699219,818.525634765625,442.4979248046875,863.5380249023438,443.9612731933594,848.4190673828125,444.54852294921875,862.5126342773438,486.29302978515625,835.22509765625,486.2983703613281,869.9313354492188,527.4310913085938,831.035400390625,525.80908203125
818.0977783203125,392.2711181640625,819.6427001953125,387.52532958984375,816.6150512695312,388.1773681640625,828.8082275390625,385.0657958984375,819.1503295898438,386.96142578125,847.254638671875,398.04473876953125,827.565673828125,400.06549072265625,859.7847290039062,421.4688720703125,827.482177734375,423.6328125,855.419921875,442.5101623535156,821.2205200195312,440.8221435546875,867.7208862304688,440.8285217285156,853.284423828125,441.4464111328125,864.7757568359375,485.28125,839.9390869140625,485.3471374511719,872.10546875,527.5487060546875,837.1466674804688,525.9981689453125
820.085205078125,393.9493408203125,821.341796875,389.07659912109375,818.1640625,389.9982604980469,829.864501953125,386.36572265625,819.9893188476562,388.9434814453125,848.2896728515625,399.5804443359375,829.2145385742188,402.71673583984375,863.7328491210938,424.1128234863281,830.88330078125,428.7475891113281,862.0625610351562,450.0511474609375,823.2430419921875,450.0848693847656,869.5969848632812,443.8779602050781,855.599365234375,444.9541015625,867.8010864257812,486.4027404785156,842.0439453125,486.81634521484375,878.0341796875,528.1639404296875,841.4185791015625,527.19677734375
824.2149658203125,400.0809631347656,826.2957763671875,395.80645751953125,821.7782592773438,396.4126281738281,834.8124389648438,394.221435546875,823.9187622070312,395.35125732421875,852.053466796875,406.01519775390625,831.2744140625,408.79351806640625,873.0719604492188,427.85626220703125,835.34228515625,434.0038146972656,877.6318359375,447.3307800292969,834.408447265625,453.81939697265625,875.509033203125,443.38995361328125,861.3359375,444.73846435546875,870.0997924804688,484.0723876953125,846.728271484375,484.6512451171875,884.7303466796875,526.9183349609375,853.888916015625,524.9716796875
827.1234741210938,402.96075439453125,829.27783203125,398.7494201660156,824.77001953125,399.58013916015625,838.0274658203125,397.7500305175781,827.257080078125,399.52960205078125,854.2119140625,410.2921142578125,834.48876953125,414.6756591796875,869.79345703125,431.3240661621094,837.3729248046875,440.72100830078125,869.0681762695312,445.56817626953125,836.4896240234375,459.15936279296875,877.215576171875,450.13677978515625,863.414794921875,452.406494140625,874.7565307617188,486.34222412109375,849.9080810546875,487.99072265625,892.9846801757812,526.5340576171875,859.1515502929688,526.281982421875
827.9057006835938,404.0928955078125,828.613037109375,399.75140380859375,826.72802734375,400.35626220703125,835.5400390625,398.3784484863281,829.8212890625,399.96380615234375,852.81396484375,412.8697814941406,839.77197265625,414.64306640625,866.971923828125,436.7956237792969,842.8741455078125,438.974853515625,861.2645263671875,454.1741943359375,835.872314453125,453.261962890625,876.3218994140625,456.3409423828125,866.5621948242188,456.9703369140625,874.5518188476562,492.53997802734375,858.7181396484375,492.662353515625,890.430419921875,531.765625,868.4686889648438,530.1925659179688
827.7808837890625,404.03546142578125,828.480712890625,399.69964599609375,826.619384765625,400.2911376953125,835.40478515625,398.3454895019531,829.80029296875,399.88531494140625,852.6156005859375,412.83050537109375,839.8357543945312,414.5378723144531,866.6641845703125,436.73541259765625,843.011474609375,438.8055419921875,860.8482055664062,453.7288513183594,836.1455078125,452.75616455078125,876.2998046875,456.3670654296875,866.7392578125,456.97869873046875,874.4476318359375,492.6748352050781,859.38037109375,492.79132080078125,890.3441162109375,531.95947265625,869.4735107421875,530.3516845703125
828.7933349609375,404.8857421875,830.0718994140625,400.56781005859375,827.4911499023438,401.25079345703125,838.0462646484375,399.53985595703125,829.5120849609375,401.486328125,855.9596557617188,414.40496826171875,839.123046875,416.8157043457031,871.12109375,438.4827575683594,841.7921142578125,441.47161865234375,865.191650390625,456.70208740234375,835.0548706054688,456.2679443359375,878.140869140625,456.5887451171875,866.057861328125,457.318359375,872.6766357421875,489.4395751953125,856.1475219726562,489.47998046875,892.0345458984375,530.8262329101562,871.1376953125,529.3233642578125
831.75732421875,403.7080078125,833.4754638671875,399.4432373046875,829.9718017578125,400.1439514160156,841.6532592773438,398.5208740234375,830.000244140625,400.5879821777344,860.957275390625,413.57672119140625,835.9693603515625,417.0877685546875,880.7862548828125,437.6423034667969,839.154541015625,443.965576171875,879.4597778320312,459.4503479003906,837.183349609375,460.803466796875,881.3052978515625,456.42041015625,863.533935546875,457.7386779785156,878.44091796875,486.1401672363281,847.2295532226562,486.55242919921875,898.8604736328125,527.31689453125,859.5269775390625,526.8118286132812
832.246337890625,399.9372253417969,833.9822998046875,395.5889892578125,829.6773681640625,396.3433837890625,841.9073486328125,394.4458923339844,828.0972290039062,396.5256042480469,862.191650390625,409.3034362792969,831.52099609375,413.4077453613281,884.7716674804688,433.931396484375,835.76953125,442.4819641113281,885.9160766601562,459.390380859375,838.97705078125,461.9432373046875,884.3916015625,452.2994384765625,862.537353515625,454.31072998046875,885.70654296875,484.2677001953125,846.1166381835938,485.2017822265625,903.9132080078125,525.4044189453125,854.6343994140625,525.603271484375
829.5804443359375,397.830322265625,831.9573974609375,393.533935546875,826.158447265625,394.7166748046875,840.6948852539062,392.13140869140625,824.3802490234375,395.27252197265625,860.209228515625,405.2281494140625,827.564208984375,410.9682312011719,880.640380859375,426.5245361328125,831.3756103515625,435.31085205078125,881.123779296875,442.90887451171875,836.9237060546875,449.2503662109375,880.30859375,446.7336730957031,857.0867919921875,449.6816711425781,884.5509033203125,481.78302001953125,842.9718017578125,484.1747131347656,899.504150390625,525.120849609375,848.3728637695312,525.84423828125
826.888671875,395.36968994140625,829.6087646484375,390.3885498046875,823.961669921875,392.037353515625,840.0860595703125,388.03546142578125,824.362548828125,392.59002685546875,862.6602783203125,402.4569091796875,828.0189208984375,409.07537841796875,886.831787109375,424.2318115234375,826.3456420898438,435.18212890625,891.1285400390625,450.7557678222656,824.9910278320312,455.7261657714844,880.81396484375,448.0037841796875,856.91455078125,450.578857421875,888.301025390625,481.0140380859375,843.828125,482.90509033203125,907.1739501953125,518.8535766601562,850.103759765625,519.2188110351562
826.8642578125,395.3138427734375,829.594482421875,390.3348388671875,823.9345703125,391.9816589355469,840.0799560546875,387.98858642578125,824.326904296875,392.5366516113281,862.6697387695312,402.42071533203125,827.94970703125,409.03045654296875,886.8094482421875,424.258056640625,826.2665405273438,435.18609619140625,891.0196533203125,450.84783935546875,824.926025390625,455.8164367675781,880.81982421875,447.948486328125,856.8689575195312,450.5206604003906,888.2611083984375,480.90087890625,843.7376708984375,482.7890625,907.2265625,518.8326416015625,850.145263671875,519.193115234375
832.05419921875,394.6455078125,833.8858642578125,390.177001953125,829.039306640625,391.6998596191406,841.3194580078125,388.3682556152344,827.5194091796875,392.4192810058594,861.0450439453125,401.35565185546875,827.9677734375,408.807373046875,882.519775390625,423.5259704589844,827.54833984375,433.7350158691406,883.2620849609375,447.9661865234375,828.7237548828125,449.1619873046875,879.220703125,444.028564453125,855.41748046875,447.908203125,887.6629028320312,479.22381591796875,843.2769775390625,483.8154296875,913.5811767578125,518.1947021484375,855.26904296875,522.9971923828125
832.511474609375,388.8932189941406,834.4891357421875,384.6133117675781,829.6959228515625,386.1579895019531,842.181884765625,383.1601867675781,828.874267578125,387.4669189453125,861.30322265625,396.19610595703125,830.2391357421875,405.4345703125,882.80810546875,416.78631591796875,831.822998046875,430.2772216796875,879.697021484375,434.96685791015625,833.1421508789062,436.400634765625,878.533935546875,441.9901428222656,855.7420654296875,446.69110107421875,887.6691284179688,476.27630615234375,843.3011474609375,482.5877380371094,916.2781982421875,513.387939453125,854.8355712890625,520.7694702148438
834.476318359375,379.66204833984375,836.96826171875,375.3567810058594,831.8783569335938,376.7145080566406,845.8951416015625,375.1749572753906,831.0736083984375,378.8669128417969,862.92236328125,390.928466796875,831.8345947265625,399.5740966796875,882.589599609375,413.9273986816406,830.609375,426.99627685546875,877.723876953125,428.8697204589844,833.3776245117188,429.8930969238281,875.9736328125,438.260986328125,852.8618774414062,442.5233459472656,887.5675048828125,474.366943359375,840.1367797851562,480.40057373046875,912.3920288085938,514.6497802734375,846.0101318359375,522.608154296875
838.5342407226562,366.04071044921875,841.5152587890625,361.7106628417969,836.12646484375,362.64996337890625,850.9620361328125,361.6475830078125,834.6107177734375,364.5850830078125,868.2079467773438,378.76513671875,832.8431396484375,387.3665771484375,892.4254150390625,399.862548828125,832.4537353515625,413.0093994140625,885.0430908203125,419.89483642578125,839.0989379882812,418.45672607421875,876.0640869140625,433.250244140625,851.0890502929688,437.63153076171875,886.760009765625,471.2196350097656,844.7898559570312,478.333251953125,906.039306640625,508.6658020019531,852.1102294921875,518.8407592773438
844.6014404296875,361.1840515136719,847.2669677734375,357.05926513671875,842.2081298828125,357.95849609375,856.1080322265625,357.3868103027344,840.7044677734375,359.7746887207031,871.4741821289062,374.8988342285156,838.4232788085938,380.70123291015625,890.591552734375,396.276611328125,836.6987915039062,405.29046630859375,886.0732421875,410.08856201171875,843.0863037109375,409.85113525390625,875.5166015625,429.3563232421875,851.7691040039062,432.12945556640625,889.08349609375,469.9164733886719,845.429443359375,474.16925048828125,901.8973388671875,511.291748046875,844.0338134765625,517.7069702148438
844.8341674804688,361.2783508300781,847.4737548828125,357.1705322265625,842.4351196289062,358.06085205078125,856.1661376953125,357.54559326171875,840.8615112304688,359.9007568359375,871.415283203125,375.0286865234375,838.427001953125,380.7693786621094,890.4368896484375,396.3476257324219,836.6195068359375,405.3021240234375,885.7535400390625,409.7650451660156,843.0428466796875,409.6827392578125,875.4659423828125,429.4102478027344,851.74609375,432.1614074707031,889.046142578125,469.92572021484375,845.4495849609375,474.1405334472656,901.94970703125,511.2322998046875,844.086669921875,517.6019897460938
847.6522216796875,359.12115478515625,850.17431640625,355.2052001953125,845.9569702148438,355.8275146484375,859.218017578125,355.2503356933594,845.318115234375,357.2449951171875,876.3583374023438,371.63623046875,842.4402465820312,376.63848876953125,897.2836303710938,392.030517578125,840.107177734375,399.99713134765625,886.48388671875,400.03302001953125,845.20166015625,402.827392578125,877.8167724609375,426.6158752441406,854.1011352539062,428.52203369140625,887.828125,467.7197570800781,849.6806640625,470.614501953125,895.847900390625,507.31268310546875,847.7501220703125,511.097900390625
855.5911865234375,351.40301513671875,857.852783203125,347.6293640136719,852.4843139648438,348.30157470703125,864.173828125,348.8621520996094,848.6275634765625,350.7435607910156,879.174560546875,367.40802001953125,845.464599609375,370.8631591796875,901.6668701171875,387.203857421875,849.8194580078125,390.6838073730469,889.9713134765625,387.31256103515625,866.2706909179688,382.0099182128906,878.8839111328125,422.46337890625,855.4317626953125,423.6332702636719,884.9434814453125,465.87408447265625,850.2532958984375,467.5498352050781,887.898681640625,507.89324951171875,848.4457397460938,509.773681640625
861.728271484375,354.66156005859375,863.6024169921875,350.960205078125,858.8326416015625,351.49420166015625,868.501953125,351.6777648925781,854.3999633789062,353.1299743652344,881.568115234375,367.8917541503906,848.6302490234375,372.83953857421875,904.4588012695312,382.734619140625,842.8928833007812,398.39617919921875,904.6060180664062,387.4832763671875,844.77490234375,415.1033020019531,880.3434448242188,420.4525451660156,858.424072265625,422.0054626464844,882.5145263671875,463.81011962890625,851.8536987304688,464.87158203125,883.4114990234375,506.290771484375,846.521484375,506.20550537109375
867.1580200195312,354.30377197265625,869.12109375,349.771240234375,863.5745849609375,350.7432861328125,873.5086669921875,349.814208984375,857.869873046875,352.65899658203125,885.0679931640625,366.5784912109375,852.868408203125,370.7460021972656,905.0396118164062,382.268798828125,848.4678955078125,390.3057861328125,909.0086669921875,388.06317138671875,852.2899169921875,392.3984069824219,881.9705200195312,419.9049072265625,861.3619384765625,421.5113525390625,882.825927734375,459.8828430175781,856.341552734375,461.58502197265625,880.2723999023438,497.58282470703125,849.559326171875,499.9226989746094
871.2816162109375,353.3876953125,873.2333984375,349.0133972167969,867.67626953125,349.7144775390625,876.8973388671875,349.09808349609375,861.5684814453125,351.0744323730469,887.438232421875,365.300048828125,854.213623046875,368.3853759765625,906.970458984375,380.8160705566406,846.5914306640625,387.12255859375,913.1343383789062,389.096435546875,851.589599609375,392.69744873046875,884.40576171875,416.03924560546875,863.55078125,417.39483642578125,882.6242065429688,457.3846435546875,860.219970703125,458.82025146484375,878.027099609375,495.149658203125,854.7489013671875,497.2802734375
871.2900390625,353.3873291015625,873.243896484375,349.0189208984375,867.6919555664062,349.7139892578125,876.900146484375,349.1087646484375,861.5911865234375,351.0683898925781,887.4364013671875,365.2984619140625,854.2135009765625,368.36651611328125,906.9705810546875,380.80419921875,846.5662841796875,387.08514404296875,913.1720581054688,389.1200866699219,851.5493774414062,392.705322265625,884.3963012695312,415.98736572265625,863.5418701171875,417.3373718261719,882.6483154296875,457.2913818359375,860.2054443359375,458.72454833984375,878.071533203125,495.0480651855469,854.7288818359375,497.1757507324219
870.5450439453125,351.1986083984375,873.107177734375,347.628173828125,867.6046142578125,348.08709716796875,879.7791748046875,348.863525390625,863.2670288085938,349.7996826171875,890.8875732421875,365.9786682128906,857.8338623046875,368.2885437011719,908.8536376953125,379.492431640625,849.5165405273438,388.4217224121094,907.6602172851562,374.64495849609375,861.4482421875,390.2181701660156,885.03515625,416.9306640625,864.2852783203125,417.3233642578125,880.5653686523438,456.9438171386719,859.373779296875,456.8678283691406,876.0038452148438,498.1387023925781,858.40869140625,498.2825927734375
868.4100341796875,347.8360595703125,871.430908203125,344.1647644042969,865.7136840820312,344.3179931640625,878.399169921875,345.1143493652344,862.7301635742188,345.451904296875,886.947021484375,361.77862548828125,859.3225708007812,362.82476806640625,887.9979858398438,382.0016784667969,856.5372314453125,383.4809875488281,869.7196044921875,382.72967529296875,867.3602294921875,382.59283447265625,886.159912109375,408.5997619628906,867.3424072265625,408.9020690917969,885.4140014648438,449.15093994140625,864.418212890625,449.9544982910156,884.5296630859375,490.1122741699219,863.4696044921875,491.24725341796875
877.300537109375,343.2834777832031,879.0079345703125,339.4240417480469,873.5125122070312,339.9902648925781,881.1365966796875,340.28167724609375,866.7119750976562,341.18359375,887.2285766601562,356.84228515625,860.9650268554688,359.1612854003906,893.1948852539062,375.5285339355469,864.83740234375,379.70477294921875,885.73828125,369.621826171875,886.3682861328125,370.95025634765625,888.435546875,407.2958679199219,870.5267333984375,408.85406494140625,888.4000854492188,448.93341064453125,869.20458984375,451.180419921875,887.7958374023438,487.5296630859375,868.8642578125,491.47686767578125
875.474365234375,336.1974792480469,877.7708740234375,332.5178527832031,872.1747436523438,332.84649658203125,881.8862915039062,333.89447021484375,866.8599243164062,334.5782165527344,889.5328369140625,351.30908203125,862.0335693359375,353.73565673828125,895.9073486328125,372.6843566894531,865.5081787109375,377.12237548828125,880.4736328125,370.28240966796875,882.3975219726562,373.07501220703125,890.24853515625,400.83721923828125,871.4169921875,402.2082824707031,891.795166015625,441.74884033203125,871.0384521484375,443.83734130859375,894.58349609375,480.6647644042969,873.5952758789062,483.9163513183594
876.6707763671875,335.64886474609375,879.0228881835938,331.97930908203125,873.1224365234375,332.2503662109375,882.8032836914062,333.367431640625,867.18212890625,334.0347595214844,890.0026245117188,351.377197265625,862.7810668945312,353.8011474609375,897.87451171875,374.28802490234375,866.638916015625,378.01336669921875,879.9774169921875,375.54315185546875,881.259765625,376.26910400390625,890.7057495117188,399.827392578125,872.151611328125,401.16815185546875,892.566162109375,439.48760986328125,871.7089233398438,441.68475341796875,896.9778442382812,476.713134765625,876.36474609375,479.99249267578125
876.8878784179688,335.8070983886719,879.2396240234375,332.13665771484375,873.3133544921875,332.4088134765625,882.9681396484375,333.50775146484375,867.286376953125,334.17437744140625,890.0865478515625,351.4827575683594,862.84619140625,353.9407653808594,897.916259765625,374.30181884765625,866.7862548828125,378.0883483886719,880.0240478515625,375.376953125,881.5574340820312,376.093505859375,890.8452758789062,399.93743896484375,872.281005859375,401.3094482421875,892.6822509765625,439.53271484375,871.8499755859375,441.7882080078125,897.047607421875,476.6437683105469,876.531494140625,480.0348815917969
878.2757568359375,337.1716613769531,880.4549560546875,333.39459228515625,874.9300537109375,333.7593994140625,884.093505859375,333.7705078125,869.0721435546875,334.7791748046875,892.1848754882812,349.7890625,863.8672485351562,353.7602233886719,901.562255859375,372.1859130859375,872.2930297851562,378.5624084472656,883.91064453125,372.78717041015625,890.2962646484375,373.72637939453125,893.55810546875,398.89959716796875,873.5696411132812,401.1566162109375,898.7850952148438,437.288818359375,872.4201049804688,441.10699462890625,901.7923583984375,471.9912109375,873.7232666015625,478.0904846191406
884.5632934570312,343.0116882324219,886.4349365234375,339.3381042480469,880.7792358398438,339.769287109375,888.7955932617188,339.7323303222656,873.57080078125,340.4554443359375,894.45361328125,355.2977600097656,866.4945068359375,357.5349426269531,900.61474609375,374.7248840332031,869.6629638671875,378.4512634277344,891.2369384765625,373.4198913574219,890.034423828125,373.385498046875,893.1930541992188,400.92828369140625,873.91357421875,402.66522216796875,901.6109619140625,436.13885498046875,876.6094970703125,438.7740478515625,900.63720703125,469.1676025390625,875.087890625,473.6432189941406
884.4904174804688,344.75299072265625,886.7188110351562,341.10906982421875,880.8001098632812,341.68121337890625,890.514404296875,341.4901123046875,874.3319091796875,342.7076110839844,895.2021484375,356.6346435546875,869.3453369140625,360.19549560546875,901.7059936523438,375.0438537597656,875.203369140625,381.32733154296875,893.6298828125,373.6849365234375,895.6309204101562,374.50634765625,894.0437622070312,402.58673095703125,875.357421875,404.8662109375,907.535888671875,433.8293151855469,876.818115234375,437.17266845703125,907.2979736328125,466.3819580078125,871.5791015625,471.8153076171875
890.1800537109375,344.590087890625,892.0761108398438,341.3240966796875,886.34326171875,341.282470703125,893.0026245117188,343.2388916015625,879.5111083984375,342.7193603515625,895.94287109375,358.05218505859375,869.962890625,359.0884094238281,906.4249267578125,372.9322814941406,873.1280517578125,379.380126953125,908.5943603515625,362.21392822265625,899.7138061523438,366.5391540527344,895.642578125,402.7453308105469,877.63671875,404.30535888671875,909.422607421875,434.6241760253906,879.9369506835938,436.1751708984375,904.2258911132812,465.4425048828125,870.823486328125,468.13836669921875
891.1203002929688,341.64654541015625,893.2225341796875,338.1974182128906,887.5149536132812,338.4734191894531,895.40380859375,339.00994873046875,881.004638671875,339.34130859375,898.6839599609375,353.41693115234375,874.981201171875,355.5179443359375,907.95947265625,367.43389892578125,882.7230224609375,371.0942687988281,910.0487060546875,365.9006652832031,903.8142700195312,364.9869384765625,897.37060546875,398.98663330078125,880.062744140625,400.7632141113281,908.0015869140625,432.2806396484375,878.796630859375,435.21771240234375,907.093505859375,460.1494445800781,869.6685791015625,466.29608154296875
891.1473999023438,341.65887451171875,893.234375,338.2040100097656,887.5360107421875,338.48541259765625,895.369384765625,339.00445556640625,881.0081176757812,339.3445739746094,898.62353515625,353.39202880859375,874.9876098632812,355.5178527832031,907.9793701171875,367.38299560546875,882.8223266601562,371.1107482910156,910.2669067382812,365.8341979980469,903.9854736328125,365.01593017578125,897.357177734375,399.0592041015625,880.0870971679688,400.8502197265625,908.0159912109375,432.42510986328125,878.8053588867188,435.37847900390625,907.051025390625,460.3435363769531,869.5438842773438,466.5268249511719
0.0,0.0,0.0,0.0,0.0,0.0,0.0,0.0,0.0,0.0,0.0,0.0,0.0,0.0,0.0,0.0,0.0,0.0,0.0,0.0,0.0,0.0,0.0,0.0,0.0,0.0,0.0,0.0,0.0,0.0,0.0,0.0,0.0,0.0
0.0,0.0,0.0,0.0,0.0,0.0,0.0,0.0,0.0,0.0,0.0,0.0,0.0,0.0,0.0,0.0,0.0,0.0,0.0,0.0,0.0,0.0,0.0,0.0,0.0,0.0,0.0,0.0,0.0,0.0,0.0,0.0,0.0,0.0
0.0,0.0,0.0,0.0,0.0,0.0,0.0,0.0,0.0,0.0,0.0,0.0,0.0,0.0,0.0,0.0,0.0,0.0,0.0,0.0,0.0,0.0,0.0,0.0,0.0,0.0,0.0,0.0,0.0,0.0,0.0,0.0,0.0,0.0
0.0,0.0,0.0,0.0,0.0,0.0,0.0,0.0,0.0,0.0,0.0,0.0,0.0,0.0,0.0,0.0,0.0,0.0,0.0,0.0,0.0,0.0,0.0,0.0,0.0,0.0,0.0,0.0,0.0,0.0,0.0,0.0,0.0,0.0
0.0,0.0,0.0,0.0,0.0,0.0,0.0,0.0,0.0,0.0,0.0,0.0,0.0,0.0,0.0,0.0,0.0,0.0,0.0,0.0,0.0,0.0,0.0,0.0,0.0,0.0,0.0,0.0,0.0,0.0,0.0,0.0,0.0,0.0
0.0,0.0,0.0,0.0,0.0,0.0,0.0,0.0,0.0,0.0,0.0,0.0,0.0,0.0,0.0,0.0,0.0,0.0,0.0,0.0,0.0,0.0,0.0,0.0,0.0,0.0,0.0,0.0,0.0,0.0,0.0,0.0,0.0,0.0
0.0,0.0,0.0,0.0,0.0,0.0,0.0,0.0,0.0,0.0,0.0,0.0,0.0,0.0,0.0,0.0,0.0,0.0,0.0,0.0,0.0,0.0,0.0,0.0,0.0,0.0,0.0,0.0,0.0,0.0,0.0,0.0,0.0,0.0
0.0,0.0,0.0,0.0,0.0,0.0,0.0,0.0,0.0,0.0,0.0,0.0,0.0,0.0,0.0,0.0,0.0,0.0,0.0,0.0,0.0,0.0,0.0,0.0,0.0,0.0,0.0,0.0,0.0,0.0,0.0,0.0,0.0,0.0
0.0,0.0,0.0,0.0,0.0,0.0,0.0,0.0,0.0,0.0,0.0,0.0,0.0,0.0,0.0,0.0,0.0,0.0,0.0,0.0,0.0,0.0,0.0,0.0,0.0,0.0,0.0,0.0,0.0,0.0,0.0,0.0,0.0,0.0
0.0,0.0,0.0,0.0,0.0,0.0,0.0,0.0,0.0,0.0,0.0,0.0,0.0,0.0,0.0,0.0,0.0,0.0,0.0,0.0,0.0,0.0,0.0,0.0,0.0,0.0,0.0,0.0,0.0,0.0,0.0,0.0,0.0,0.0
0.0,0.0,0.0,0.0,0.0,0.0,0.0,0.0,0.0,0.0,0.0,0.0,0.0,0.0,0.0,0.0,0.0,0.0,0.0,0.0,0.0,0.0,0.0,0.0,0.0,0.0,0.0,0.0,0.0,0.0,0.0,0.0,0.0,0.0
0.0,0.0,0.0,0.0,0.0,0.0,0.0,0.0,0.0,0.0,0.0,0.0,0.0,0.0,0.0,0.0,0.0,0.0,0.0,0.0,0.0,0.0,0.0,0.0,0.0,0.0,0.0,0.0,0.0,0.0,0.0,0.0,0.0,0.0
0.0,0.0,0.0,0.0,0.0,0.0,0.0,0.0,0.0,0.0,0.0,0.0,0.0,0.0,0.0,0.0,0.0,0.0,0.0,0.0,0.0,0.0,0.0,0.0,0.0,0.0,0.0,0.0,0.0,0.0,0.0,0.0,0.0,0.0
0.0,0.0,0.0,0.0,0.0,0.0,0.0,0.0,0.0,0.0,0.0,0.0,0.0,0.0,0.0,0.0,0.0,0.0,0.0,0.0,0.0,0.0,0.0,0.0,0.0,0.0,0.0,0.0,0.0,0.0,0.0,0.0,0.0,0.0
0.0,0.0,0.0,0.0,0.0,0.0,0.0,0.0,0.0,0.0,0.0,0.0,0.0,0.0,0.0,0.0,0.0,0.0,0.0,0.0,0.0,0.0,0.0,0.0,0.0,0.0,0.0,0.0,0.0,0.0,0.0,0.0,0.0,0.0
0.0,0.0,0.0,0.0,0.0,0.0,0.0,0.0,0.0,0.0,0.0,0.0,0.0,0.0,0.0,0.0,0.0,0.0,0.0,0.0,0.0,0.0,0.0,0.0,0.0,0.0,0.0,0.0,0.0,0.0,0.0,0.0,0.0,0.0
922.2998046875,289.95556640625,924.0992431640625,286.604736328125,919.4485473632812,287.02392578125,927.52734375,289.5954895019531,918.5821533203125,290.0179748535156,931.6265258789062,307.32684326171875,917.8818969726562,306.887939453125,930.3282470703125,319.57598876953125,911.9661865234375,318.1341552734375,926.3530883789062,305.49468994140625,911.7760009765625,306.0982666015625,929.5281982421875,356.51336669921875,920.9734497070312,355.9310302734375,923.3300170898438,396.81646728515625,916.3101806640625,395.9642333984375,909.6434326171875,431.8765869140625,901.5662841796875,430.2981262207031
922.5196533203125,289.800048828125,924.3114624023438,286.4268798828125,919.5196533203125,286.8761291503906,927.6956787109375,289.4066162109375,918.1917114257812,289.8912658691406,931.93994140625,307.2998046875,917.448974609375,306.9089660644531,931.742431640625,319.986328125,911.8275146484375,318.2782897949219,927.8823852539062,307.3862609863281,911.93603515625,306.9805603027344,929.7166748046875,356.57769775390625,920.651611328125,356.03436279296875,923.851806640625,396.823974609375,916.124267578125,396.08563232421875,910.379150390625,431.75958251953125,901.16796875,430.52203369140625
924.5362548828125,284.00262451171875,926.1746826171875,280.48504638671875,920.8822631835938,281.0960693359375,929.05810546875,282.137451171875,916.0501708984375,283.0672607421875,935.41796875,297.64697265625,912.903076171875,299.71771240234375,940.7239379882812,307.25970458984375,909.968505859375,313.7876281738281,935.8844604492188,296.07476806640625,915.4267578125,309.9895324707031,934.83544921875,347.85321044921875,919.899169921875,348.401123046875,929.8980102539062,389.7152099609375,913.4412841796875,390.052978515625,920.6207885742188,427.7053527832031,901.0380249023438,428.3243408203125
931.1109619140625,282.9295654296875,931.9202270507812,279.24603271484375,927.29443359375,279.77154541015625,931.349609375,280.76104736328125,918.923095703125,281.4427490234375,937.2116088867188,293.930908203125,911.3226318359375,297.0675048828125,949.28564453125,296.4310302734375,911.62939453125,306.4327697753906,947.0875244140625,278.36016845703125,927.7503662109375,292.8000793457031,937.6328125,346.581787109375,919.5755615234375,348.15814208984375,937.3851928710938,389.8763122558594,914.9925537109375,391.7892150878906,931.3870239257812,429.172607421875,904.23681640625,432.00897216796875
916.4141235351562,285.44354248046875,919.3294677734375,281.8356628417969,912.6920166015625,282.1482849121094,924.9508666992188,283.50762939453125,907.5693969726562,284.3520202636719,932.31787109375,295.5249938964844,905.6251220703125,301.99554443359375,944.8070068359375,284.938232421875,911.1068115234375,307.7857666015625,944.0278930664062,259.193115234375,921.0819091796875,296.6549377441406,937.946044921875,347.06976318359375,918.3050537109375,349.8564147949219,943.5032958984375,388.67584228515625,913.73583984375,392.04022216796875,943.067626953125,426.7982177734375,902.179443359375,431.04290771484375
914.15283203125,292.0832824707031,917.0799560546875,288.5062255859375,911.1048583984375,288.9674377441406,924.9688110351562,290.225830078125,908.2904663085938,291.5100402832031,934.38525390625,301.2973327636719,910.07177734375,308.48992919921875,947.439697265625,289.9971923828125,911.5430908203125,316.2393493652344,944.7881469726562,266.41748046875,915.2410888671875,310.8671875,942.1505126953125,349.47943115234375,924.2821044921875,351.96240234375,945.0953979492188,389.4498291015625,915.0169677734375,392.2588806152344,948.2362060546875,425.7441101074219,905.1033935546875,429.11785888671875
922.4794921875,300.1485595703125,924.6190185546875,296.7451171875,919.4357299804688,297.07550048828125,928.5280151367188,298.104248046875,914.8514404296875,299.1557922363281,937.8658447265625,307.660400390625,910.655517578125,314.5342102050781,958.22998046875,298.90625,915.0628051757812,316.69378662109375,957.7540283203125,281.4149169921875,921.762451171875,300.3279113769531,945.13623046875,353.3543701171875,924.9078369140625,356.96240234375,952.840576171875,391.0106506347656,919.0045166015625,396.6316223144531,955.96875,425.6510925292969,907.7949829101562,433.6269836425781
922.1343994140625,300.1012268066406,924.2877197265625,296.6882629394531,919.107177734375,297.04052734375,928.35009765625,298.05120849609375,914.6324462890625,299.16644287109375,937.8689575195312,307.6045227050781,910.5672607421875,314.5995788574219,958.3024291992188,298.8243408203125,914.91455078125,316.8006286621094,957.64599609375,281.3831481933594,921.5518798828125,300.3930969238281,945.28466796875,353.32183837890625,924.98974609375,356.976318359375,952.9468994140625,391.00653076171875,919.0145263671875,396.7001953125,956.077880859375,425.68731689453125,907.7647705078125,433.7586364746094
920.1472778320312,301.7083740234375,922.166259765625,297.8822326660156,917.0943603515625,298.90576171875,927.9896850585938,298.0462951660156,913.5555419921875,300.6257019042969,939.2974853515625,312.1221923828125,911.6046142578125,317.3665771484375,951.501220703125,331.2877502441406,913.2294921875,335.7860412597656,947.782958984375,345.0887451171875,920.7086791992188,334.7301330566406,945.3988037109375,355.17742919921875,925.702392578125,358.0943298339844,951.863037109375,394.242431640625,919.262451171875,398.8482971191406,956.9342041015625,430.501708984375,914.4818115234375,437.388427734375
920.5399169921875,314.2821350097656,922.01611328125,310.1305236816406,917.0379638671875,311.6134033203125,927.0858154296875,308.5542297363281,913.31494140625,312.3619384765625,940.0640258789062,320.98822021484375,911.213623046875,327.33984375,955.000732421875,339.8764343261719,910.3994750976562,346.80621337890625,951.7979736328125,354.126220703125,914.97900390625,347.78643798828125,945.9556884765625,362.4853515625,925.6788330078125,365.8624267578125,957.025146484375,398.27850341796875,921.7955322265625,403.15582275390625,964.1939697265625,434.6573181152344,918.2301635742188,441.3674011230469
919.4199829101562,324.8504333496094,921.333740234375,320.97186279296875,916.4404907226562,321.8243408203125,927.14794921875,319.498291015625,913.5731201171875,321.8330383300781,940.7982788085938,331.7198486328125,911.3065795898438,336.192138671875,958.048583984375,348.9661560058594,911.2344360351562,356.20367431640625,956.4974365234375,365.3220520019531,914.5317993164062,369.29718017578125,946.9993896484375,371.98046875,926.2615356445312,374.3564758300781,960.2100830078125,403.73919677734375,921.9462890625,406.28424072265625,969.4707641601562,441.2244873046875,920.6585083007812,443.47119140625
0.0,0.0,0.0,0.0,0.0,0.0,0.0,0.0,0.0,0.0,0.0,0.0,0.0,0.0,0.0,0.0,0.0,0.0,0.0,0.0,0.0,0.0,0.0,0.0,0.0,0.0,0.0,0.0,0.0,0.0,0.0,0.0,0.0,0.0
0.0,0.0,0.0,0.0,0.0,0.0,0.0,0.0,0.0,0.0,0.0,0.0,0.0,0.0,0.0,0.0,0.0,0.0,0.0,0.0,0.0,0.0,0.0,0.0,0.0,0.0,0.0,0.0,0.0,0.0,0.0,0.0,0.0,0.0
0.0,0.0,0.0,0.0,0.0,0.0,0.0,0.0,0.0,0.0,0.0,0.0,0.0,0.0,0.0,0.0,0.0,0.0,0.0,0.0,0.0,0.0,0.0,0.0,0.0,0.0,0.0,0.0,0.0,0.0,0.0,0.0,0.0,0.0
0.0,0.0,0.0,0.0,0.0,0.0,0.0,0.0,0.0,0.0,0.0,0.0,0.0,0.0,0.0,0.0,0.0,0.0,0.0,0.0,0.0,0.0,0.0,0.0,0.0,0.0,0.0,0.0,0.0,0.0,0.0,0.0,0.0,0.0
939.2195434570312,332.7735595703125,941.4120483398438,329.53314208984375,936.5828857421875,329.7525634765625,946.5609741210938,330.9226989746094,932.3328857421875,331.2730712890625,955.8986206054688,345.7634582519531,925.65380859375,346.88330078125,964.5166625976562,364.17437744140625,920.1630249023438,365.6792907714844,955.34375,372.705078125,931.8240966796875,374.3559265136719,957.121826171875,382.31011962890625,935.51513671875,383.2184143066406,967.8465576171875,411.7796630859375,929.6398315429688,412.86273193359375,969.7816772460938,442.69268798828125,923.603759765625,444.4915466308594
947.50830078125,331.88592529296875,949.8447875976562,328.4888916015625,944.8316650390625,328.67626953125,954.8776245117188,329.2735290527344,940.3903198242188,329.4678039550781,963.613525390625,344.59820556640625,932.1908569335938,344.9152526855469,971.5089111328125,362.6029052734375,924.1820068359375,363.83685302734375,966.6285400390625,372.47039794921875,934.5397338867188,377.900634765625,961.6484985351562,382.04595947265625,939.5135498046875,382.4332580566406,970.7840576171875,410.59283447265625,930.939208984375,410.71929931640625,971.0564575195312,442.81494140625,923.65380859375,443.4083251953125
0.0,0.0,0.0,0.0,0.0,0.0,0.0,0.0,0.0,0.0,0.0,0.0,0.0,0.0,0.0,0.0,0.0,0.0,0.0,0.0,0.0,0.0,0.0,0.0,0.0,0.0,0.0,0.0,0.0,0.0,0.0,0.0,0.0,0.0
964.2874145507812,333.20513916015625,966.1634521484375,329.98028564453125,960.91845703125,329.9730224609375,967.8599853515625,330.3675842285156,953.584716796875,330.01214599609375,973.2103271484375,345.85882568359375,943.739501953125,344.3456115722656,979.13427734375,365.2881774902344,932.9767456054688,361.328857421875,972.7447509765625,380.54046630859375,940.3280639648438,376.543701171875,967.7960205078125,384.1249694824219,948.004150390625,383.4769592285156,970.375244140625,415.2503356933594,940.1925659179688,414.2084655761719,967.5986328125,446.88250732421875,936.57763671875,445.59283447265625
964.252197265625,333.21026611328125,966.1140747070312,329.9728088378906,960.868408203125,329.97894287109375,967.787109375,330.3272399902344,953.519287109375,330.0087890625,973.2017211914062,345.7887878417969,943.71142578125,344.357666015625,979.3998413085938,365.0609436035156,932.9470825195312,361.3080139160156,973.1497192382812,380.31878662109375,940.2274169921875,376.570068359375,967.8114624023438,384.2322998046875,948.0255126953125,383.6141052246094,970.3582763671875,415.3857421875,940.2387084960938,414.3749084472656,967.5598754882812,447.0392761230469,936.5897827148438,445.7602844238281
965.9013671875,335.6624755859375,967.8759155273438,332.51373291015625,962.858154296875,332.50762939453125,970.2093505859375,332.7874450683594,956.4654541015625,332.6410217285156,976.009521484375,347.83929443359375,947.1448974609375,347.3800354003906,983.0502319335938,366.96893310546875,936.4378662109375,365.71539306640625,978.3880615234375,384.4974060058594,936.7714233398438,384.3287658691406,970.1346435546875,384.0824890136719,951.2503051757812,383.7320556640625,970.9517822265625,414.14056396484375,943.2368774414062,413.742919921875,967.390625,444.9628601074219,940.8408203125,444.94964599609375
967.5858764648438,335.6379089355469,970.0694580078125,332.3692932128906,964.9697265625,332.1609802246094,973.3958740234375,333.61224365234375,959.9959716796875,332.91949462890625,978.2320556640625,349.55865478515625,950.4135131835938,348.5379638671875,985.7296142578125,368.57666015625,937.059326171875,366.29571533203125,984.927978515625,384.71234130859375,936.4927978515625,383.9566650390625,972.3614501953125,387.7775573730469,954.6336669921875,387.4755859375,973.029541015625,417.5710144042969,952.9931640625,417.2698974609375,972.5769653320312,446.86456298828125,952.942626953125,446.56219482421875
969.3228759765625,337.8516845703125,971.6585693359375,334.3755187988281,966.3214111328125,334.47021484375,974.7320556640625,334.8322448730469,960.4568481445312,334.9580993652344,981.3338623046875,349.01409912109375,951.734619140625,348.6376953125,988.835205078125,367.1405029296875,938.754150390625,365.27783203125,983.7857666015625,383.7170104980469,937.8623046875,383.2281494140625,977.4283447265625,387.1976318359375,958.2083740234375,387.0039367675781,977.6226196289062,417.2183532714844,957.0020141601562,416.89959716796875,975.0601806640625,445.250244140625,956.7789916992188,444.9042663574219
968.54638671875,338.3419189453125,970.934814453125,334.9385070800781,966.1676025390625,334.65496826171875,975.3751831054688,334.6659240722656,961.5477294921875,333.83709716796875,982.860107421875,349.7142333984375,953.4168701171875,348.07940673828125,992.2384643554688,370.2122802734375,943.0922241210938,366.0950927734375,987.963623046875,390.051025390625,943.1558837890625,385.47247314453125,976.7290649414062,390.9099426269531,959.0436401367188,390.2723388671875,973.5082397460938,427.3521423339844,961.5830078125,426.7565002441406,968.4892578125,462.39385986328125,965.6214599609375,462.3226318359375
970.9222412109375,333.1324462890625,973.1595458984375,329.7993469238281,969.0243530273438,329.4866943359375,977.1964111328125,329.91546630859375,965.6099853515625,329.1797790527344,986.0072021484375,346.2881164550781,956.333984375,344.3504638671875,995.2037353515625,367.13372802734375,947.2846069335938,362.09234619140625,992.9190673828125,389.8477478027344,947.11865234375,382.2587585449219,980.3956298828125,388.7645263671875,962.1919555664062,387.9278869628906,979.59130859375,424.67138671875,963.134521484375,423.93756103515625,974.4527587890625,455.8525085449219,965.37353515625,455.3544921875
970.6939086914062,332.885986328125,972.9486694335938,329.5450744628906,968.82470703125,329.2257995605469,977.06494140625,329.662109375,965.485107421875,328.92083740234375,985.990966796875,346.0668640136719,956.1995849609375,344.1470947265625,995.255859375,367.00323486328125,947.2728271484375,362.0362243652344,992.9305419921875,389.9330749511719,946.989501953125,382.518798828125,980.3713989257812,388.654052734375,962.0849609375,387.81939697265625,979.5728759765625,424.6357727050781,963.0372314453125,423.8961181640625,974.4911499023438,455.8209228515625,965.4160766601562,455.2962646484375
974.4017333984375,333.11248779296875,976.64794921875,329.84283447265625,972.455078125,329.5018310546875,981.2548828125,330.1022644042969,968.90380859375,329.1771240234375,989.392333984375,345.27471923828125,961.4741821289062,343.0091552734375,999.5194702148438,365.3896179199219,952.236083984375,358.430419921875,993.76611328125,382.69281005859375,953.203125,370.3649597167969,983.9976196289062,388.18927001953125,966.8870849609375,387.1950988769531,982.2691040039062,424.6967468261719,969.17236328125,423.863525390625,978.2213745117188,457.90576171875,970.8587646484375,457.05108642578125
978.1473999023438,334.78863525390625,980.798828125,331.22454833984375,975.7208251953125,331.1560363769531,984.7786865234375,332.0252380371094,971.1311645507812,331.85028076171875,993.1869506835938,347.75653076171875,963.2173461914062,347.6192321777344,1004.1948852539062,366.85162353515625,952.630859375,366.025390625,1003.1834106445312,380.1156921386719,954.3370361328125,379.49615478515625,987.404296875,391.9278564453125,968.388427734375,391.7679748535156,989.69287109375,425.6516418457031,967.7603759765625,425.8975524902344,991.7996826171875,454.71514892578125,969.5955810546875,454.78546142578125
981.045166015625,335.19989013671875,983.84765625,331.6953125,978.2250366210938,331.67877197265625,989.4244995117188,331.80853271484375,973.4796142578125,331.8233642578125,997.7769775390625,348.1383361816406,966.2645874023438,347.6463317871094,1008.7685546875,368.48333740234375,955.9074096679688,363.3778076171875,1007.4564208984375,390.5931396484375,956.24169921875,372.5755920410156,991.7232666015625,392.5807800292969,971.5516357421875,392.41912841796875,993.68310546875,428.6100769042969,968.6559448242188,429.64862060546875,993.3356323242188,462.20269775390625,967.8814697265625,464.7177429199219
986.3545532226562,336.02825927734375,989.0396118164062,332.45477294921875,983.401611328125,332.37860107421875,993.9222412109375,332.9054870605469,977.9246826171875,332.66131591796875,1002.354736328125,350.2700500488281,968.7811889648438,349.3058166503906,1011.558837890625,372.09326171875,958.484130859375,367.77130126953125,1008.3104248046875,394.33856201171875,960.218505859375,382.85125732421875,996.7232666015625,395.79290771484375,974.3018188476562,395.3788146972656,1001.1905517578125,433.7421569824219,967.93798828125,433.92974853515625,1003.2427978515625,471.53643798828125,966.6370239257812,472.74835205078125
992.014892578125,337.54443359375,994.7264404296875,333.85955810546875,988.423583984375,333.87158203125,998.866455078125,334.7723083496094,981.60888671875,334.64288330078125,1006.8692626953125,353.4604797363281,971.4658813476562,353.00201416015625,1014.1666259765625,377.32733154296875,963.0411376953125,375.57720947265625,1010.5662231445312,399.74298095703125,967.5462646484375,395.5799560546875,1001.768310546875,399.7110595703125,977.2476806640625,399.6255798339844,1009.1114501953125,437.20037841796875,967.0636596679688,437.30718994140625,1013.443603515625,477.7689514160156,965.0289916992188,478.6322021484375
992.182373046875,337.5413513183594,994.8777465820312,333.852783203125,988.5697021484375,333.87042236328125,998.9287719726562,334.7612609863281,981.6820068359375,334.64056396484375,1006.8585205078125,353.4368591308594,971.458251953125,353.021484375,1014.1708984375,377.2987976074219,963.036376953125,375.6098327636719,1010.692138671875,399.8167419433594,967.5624389648438,395.54290771484375,1001.76416015625,399.7013854980469,977.238037109375,399.6529541015625,1009.13720703125,437.1918640136719,967.0103759765625,437.3778991699219,1013.52734375,477.7925720214844,964.9583740234375,478.80670166015625
996.4319458007812,345.731689453125,999.1234130859375,342.13775634765625,992.7694702148438,341.9800720214844,1002.3580322265625,342.6646728515625,985.1453247070312,341.9551696777344,1008.2752075195312,360.6534118652344,973.6301879882812,359.52789306640625,1015.4405517578125,384.34210205078125,963.7132568359375,382.523193359375,1014.4312133789062,404.31982421875,972.3834228515625,401.78173828125,1002.1016235351562,405.8787841796875,977.5394897460938,405.808349609375,1013.6771850585938,441.73919677734375,966.691650390625,441.758544921875,1021.98876953125,480.92279052734375,963.7294921875,481.90576171875
997.7788696289062,351.5138854980469,1000.1285400390625,348.1376953125,994.2659912109375,348.0484619140625,1002.3781127929688,349.72711181640625,987.2735595703125,349.31524658203125,1008.0201416015625,368.73126220703125,976.7839965820312,367.429443359375,1016.3637084960938,392.3096008300781,967.830322265625,389.1199035644531,1018.7448120117188,413.5623779296875,974.2820434570312,407.49359130859375,1002.1203002929688,413.1462707519531,979.2095947265625,413.0128173828125,1017.1207275390625,447.646240234375,967.218017578125,447.36846923828125,1029.88720703125,485.8106689453125,962.3834228515625,485.586181640625
999.574951171875,357.8973388671875,1002.370361328125,354.6960754394531,996.40283203125,354.28717041015625,1006.2237548828125,356.0367431640625,989.9747314453125,354.88427734375,1012.04052734375,374.650146484375,980.1533203125,373.22442626953125,1020.957275390625,397.6480712890625,971.369140625,395.05596923828125,1022.757568359375,418.72747802734375,973.32763671875,416.8832702636719,1006.0458984375,418.944580078125,982.0057373046875,418.74481201171875,1023.5169067382812,454.1326904296875,966.7408447265625,453.7015380859375,1036.27880859375,490.7081298828125,956.6402587890625,490.4488220214844
1000.310546875,366.0206298828125,1003.25146484375,362.5626525878906,997.1123657226562,362.2413024902344,1008.1016235351562,363.95562744140625,991.029296875,363.0440368652344,1015.64404296875,384.0282897949219,981.1770629882812,382.8758239746094,1025.00732421875,408.83990478515625,971.9093017578125,407.15423583984375,1026.84716796875,432.76959228515625,972.0523681640625,433.6044921875,1009.881103515625,429.70770263671875,984.08935546875,429.4761962890625,1027.5135498046875,462.57843017578125,966.474365234375,461.9990234375,1038.872802734375,499.66552734375,955.833984375,499.2620544433594
1003.251708984375,375.6098327636719,1006.138916015625,372.21685791015625,1000.1285400390625,371.88836669921875,1011.2109375,373.49945068359375,994.1138305664062,372.538330078125,1019.6742553710938,392.9920654296875,983.8004150390625,391.5176696777344,1030.273193359375,417.02508544921875,973.0419921875,414.32958984375,1031.424072265625,439.961181640625,972.7289428710938,439.6337890625,1014.1016235351562,436.07269287109375,987.3487548828125,435.6330871582031,1031.774169921875,464.9075927734375,968.1150512695312,464.1435546875,1040.9222412109375,501.1043701171875,955.7635498046875,500.77557373046875
1003.3193359375,375.640625,1006.2130126953125,372.242919921875,1000.2017822265625,371.90924072265625,1011.28271484375,373.497802734375,994.166015625,372.52294921875,1019.7445068359375,392.9586181640625,983.7530517578125,391.47943115234375,1030.294677734375,417.0511474609375,973.0111083984375,414.33428955078125,1031.3798828125,440.01495361328125,972.947998046875,439.48486328125,1014.0888061523438,436.1393737792969,987.2352294921875,435.7001037597656,1031.714599609375,464.85406494140625,967.83642578125,464.1181640625,1040.8411865234375,501.1282653808594,955.4573974609375,500.8638610839844
1004.7863159179688,379.60528564453125,1007.39697265625,376.1086120605469,1001.4405517578125,376.1531066894531,1012.2939453125,377.3350830078125,995.2648315429688,377.33203125,1022.2827758789062,396.508544921875,985.1727294921875,396.04718017578125,1033.751220703125,419.77325439453125,975.63720703125,418.4757080078125,1029.81298828125,439.2106018066406,982.0966796875,441.2016906738281,1016.4442749023438,438.91265869140625,988.8597412109375,438.7251892089844,1032.8045654296875,463.227783203125,968.918212890625,462.4221496582031,1039.4783935546875,500.6719970703125,957.4367065429688,500.0137023925781
1004.5175170898438,384.84210205078125,1007.036376953125,381.181884765625,1001.2205200195312,381.4981689453125,1012.3499755859375,382.14764404296875,995.413818359375,382.8287658691406,1022.9527587890625,400.1962890625,985.494873046875,401.6751708984375,1035.2919921875,421.97161865234375,975.2338256835938,425.09002685546875,1033.3843994140625,441.7491760253906,982.4915771484375,447.9390563964844,1017.8944702148438,441.22607421875,990.2373046875,442.1153564453125,1034.526123046875,464.68511962890625,971.6885375976562,465.425048828125,1040.395263671875,500.60064697265625,960.3258056640625,502.08282470703125
1008.1166381835938,386.55859375,1009.986572265625,382.9664611816406,1004.51904296875,383.51300048828125,1013.2886962890625,384.09307861328125,997.9052734375,385.2069396972656,1022.5922241210938,401.26470947265625,987.37109375,403.757080078125,1035.0731201171875,421.404541015625,975.7135620117188,426.70806884765625,1035.7601318359375,440.47955322265625,981.6275634765625,448.8157958984375,1017.8880615234375,441.95025634765625,991.5574951171875,443.5977783203125,1036.8135986328125,468.0889892578125,974.9631958007812,469.8929443359375,1041.9222412109375,505.4237365722656,959.0667724609375,508.1529235839844
1009.48046875,392.6780090332031,1011.769775390625,389.1285095214844,1006.0746459960938,389.57037353515625,1015.9495849609375,390.3507080078125,999.8658447265625,391.24798583984375,1024.082763671875,406.400634765625,989.3794555664062,409.84649658203125,1034.9412841796875,425.1600341796875,977.2664794921875,433.054443359375,1034.615478515625,439.6611328125,984.5286254882812,450.931640625,1019.2493896484375,445.1098937988281,992.9730834960938,447.43426513671875,1039.3919677734375,467.6582336425781,976.6060180664062,470.8028564453125,1043.48046875,504.02685546875,957.7283935546875,509.139404296875
1013.873291015625,397.1256103515625,1016.1278076171875,393.59417724609375,1010.7335815429688,393.9600830078125,1020.5791625976562,394.4130859375,1005.183349609375,395.0831298828125,1028.7093505859375,409.97894287109375,995.3651733398438,412.16827392578125,1039.810302734375,430.18603515625,983.9677734375,434.39141845703125,1040.153564453125,446.25128173828125,993.1036376953125,450.78497314453125,1022.7555541992188,447.2322998046875,997.22265625,448.85443115234375,1042.010498046875,470.5963134765625,979.9462890625,473.0420837402344,1043.9482421875,506.7062072753906,958.0376586914062,511.1287536621094
1013.9156494140625,396.8837890625,1016.1593017578125,393.36260986328125,1010.796630859375,393.723876953125,1020.580078125,394.21142578125,1005.2704467773438,394.87274169921875,1028.693603515625,409.85357666015625,995.400634765625,412.0484619140625,1039.8173828125,430.111083984375,983.8763427734375,434.29486083984375,1040.182861328125,446.30682373046875,992.7796630859375,450.691650390625,1022.752685546875,447.1912536621094,997.2515258789062,448.8218994140625,1042.032958984375,470.597900390625,979.8800048828125,473.08673095703125,1044.179931640625,506.5965270996094,958.004638671875,511.1146545410156
1022.427001953125,397.5799255371094,1024.25537109375,393.8089599609375,1018.932861328125,394.5120849609375,1027.5263671875,393.87896728515625,1012.7744750976562,395.52105712890625,1035.478515625,408.03192138671875,1003.199951171875,412.01385498046875,1045.22412109375,427.2770690917969,991.8594360351562,436.3030700683594,1046.4384765625,440.5415954589844,992.9730834960938,456.73345947265625,1028.51904296875,444.199951171875,1003.506591796875,446.4388732910156,1047.9364013671875,469.65667724609375,985.251220703125,472.147705078125,1048.4881591796875,507.5702819824219,961.254638671875,511.1575927734375
1027.5927734375,395.4937744140625,1029.99267578125,391.8291015625,1024.1524658203125,392.26416015625,1034.67578125,392.0364074707031,1018.7548828125,393.1279296875,1043.99462890625,406.86163330078125,1010.4281616210938,409.8121032714844,1054.6402587890625,424.2177429199219,997.852294921875,432.395263671875,1057.1964111328125,434.45806884765625,994.7186279296875,452.4992980957031,1037.5406494140625,443.9559631347656,1011.8505249023438,445.2543640136719,1051.6160888671875,472.05352783203125,988.825927734375,472.9957275390625,1050.3873291015625,508.6899719238281,964.4189453125,509.12921142578125
1038.5343017578125,387.8358154296875,1040.8173828125,384.59222412109375,1034.7227783203125,384.858154296875,1044.37646484375,386.0599365234375,1028.529052734375,386.3306884765625,1050.4246826171875,403.5114440917969,1020.779052734375,403.62744140625,1064.5833740234375,419.09991455078125,1009.7239990234375,421.7685546875,1074.9261474609375,428.96429443359375,1009.6521606445312,433.35809326171875,1038.021728515625,446.0732421875,1015.7887573242188,445.1071472167969,1052.5308837890625,476.81103515625,996.76611328125,475.55157470703125,1049.2294921875,507.9121398925781,966.5198974609375,505.96435546875
1043.972412109375,383.55084228515625,1046.146484375,379.9390869140625,1039.861083984375,380.42333984375,1049.88623046875,380.57415771484375,1033.3189697265625,381.34564208984375,1057.655517578125,396.808837890625,1026.4893798828125,397.62689208984375,1075.9130859375,410.66485595703125,1015.69091796875,414.3150634765625,1087.9288330078125,424.5453186035156,1016.4071044921875,428.09234619140625,1046.656005859375,440.61688232421875,1024.0877685546875,439.9062194824219,1055.0882568359375,474.0852355957031,1004.1119384765625,473.129638671875,1049.7633056640625,506.3993225097656,976.5552978515625,504.6705322265625
0.0,0.0,0.0,0.0,0.0,0.0,0.0,0.0,0.0,0.0,0.0,0.0,0.0,0.0,0.0,0.0,0.0,0.0,0.0,0.0,0.0,0.0,0.0,0.0,0.0,0.0,0.0,0.0,0.0,0.0,0.0,0.0,0.0,0.0
0.0,0.0,0.0,0.0,0.0,0.0,0.0,0.0,0.0,0.0,0.0,0.0,0.0,0.0,0.0,0.0,0.0,0.0,0.0,0.0,0.0,0.0,0.0,0.0,0.0,0.0,0.0,0.0,0.0,0.0,0.0,0.0,0.0,0.0
1052.94775390625,362.166748046875,1054.1522216796875,358.5223388671875,1049.6556396484375,359.16790771484375,1056.653564453125,360.07275390625,1046.2481689453125,360.899658203125,1065.96923828125,377.499755859375,1040.6846923828125,376.227783203125,1079.1251220703125,395.86297607421875,1038.52392578125,394.5758056640625,1086.0340576171875,392.34051513671875,1055.183837890625,394.4041748046875,1056.3709716796875,426.44989013671875,1037.9976806640625,425.10662841796875,1058.625244140625,467.36248779296875,1025.0364990234375,464.33038330078125,1050.8587646484375,503.6814880371094,1005.1597900390625,497.9612731933594
1068.2679443359375,351.9009704589844,1069.2340087890625,348.06805419921875,1064.605224609375,348.45068359375,1067.593994140625,349.42620849609375,1058.1390380859375,349.7354736328125,1071.1966552734375,367.4105224609375,1049.46044921875,365.81195068359375,1081.38232421875,387.2813720703125,1055.617431640625,385.02734375,1099.5228271484375,388.09521484375,1080.88671875,385.4307861328125,1059.9024658203125,417.0442199707031,1044.489013671875,416.28143310546875,1062.780029296875,460.3758544921875,1039.328857421875,457.92388916015625,1052.7071533203125,499.194580078125,1026.83251953125,494.77703857421875
1072.40234375,346.0335693359375,1073.1898193359375,342.3455810546875,1068.4114990234375,342.73992919921875,1071.0362548828125,343.79608154296875,1059.16796875,343.88568115234375,1073.6685791015625,360.59185791015625,1050.394287109375,360.0065002441406,1081.9775390625,377.2978515625,1055.201171875,375.9913330078125,1090.7381591796875,371.2086181640625,1078.2548828125,368.9466247558594,1068.0859375,413.1219482421875,1052.95654296875,413.3517150878906,1067.7431640625,457.923583984375,1054.974609375,457.47418212890625,1058.7532958984375,495.47088623046875,1050.77685546875,496.3144226074219
1071.490966796875,344.43157958984375,1072.419677734375,340.5091857910156,1066.788818359375,341.38262939453125,1071.150146484375,341.8782958984375,1058.0908203125,343.3897705078125,1074.5224609375,357.51934814453125,1053.6021728515625,360.85003662109375,1090.536376953125,365.7160949707031,1065.77392578125,374.1133117675781,1109.04541015625,356.2081298828125,1090.66943359375,363.0476989746094,1074.21435546875,410.6197509765625,1060.7366943359375,412.703369140625,1074.87158203125,455.02777099609375,1063.546875,456.98223876953125,1064.9490966796875,494.14691162109375,1058.04052734375,497.7173767089844
1074.0908203125,337.7960205078125,1075.014892578125,334.045166015625,1070.6082763671875,334.8216247558594,1074.7601318359375,335.0570983886719,1064.388427734375,336.59014892578125,1079.358154296875,349.482666015625,1058.297119140625,353.78997802734375,1094.205078125,359.46026611328125,1070.1693115234375,369.69818115234375,1110.498291015625,349.0849609375,1094.3594970703125,356.4228515625,1081.0321044921875,404.3760681152344,1066.665771484375,407.0211181640625,1088.16015625,446.87274169921875,1069.666259765625,450.07330322265625,1077.4716796875,483.86761474609375,1058.771728515625,489.309326171875
1074.072265625,337.7517395019531,1074.9805908203125,333.9916076660156,1070.58837890625,334.78253173828125,1074.709228515625,334.987060546875,1064.35400390625,336.55511474609375,1079.3529052734375,349.396484375,1058.208740234375,353.74859619140625,1094.1617431640625,359.376220703125,1069.94287109375,369.6871337890625,1110.4996337890625,349.1159362792969,1094.157470703125,356.48834228515625,1081.005615234375,404.32318115234375,1066.6005859375,406.9906311035156,1088.10009765625,446.828369140625,1069.6614990234375,450.05218505859375,1077.314453125,483.79791259765625,1058.7847900390625,489.25323486328125
1076.0445556640625,330.94207763671875,1077.409912109375,327.3609619140625,1073.228271484375,327.775634765625,1078.10986328125,329.5113525390625,1069.07666015625,330.35711669921875,1083.4598388671875,344.18756103515625,1062.527587890625,348.60650634765625,1098.789794921875,354.11627197265625,1076.3924560546875,362.47259521484375,1110.13818359375,347.0602722167969,1097.303466796875,348.0063171386719,1087.4749755859375,399.7616271972656,1071.9173583984375,402.8196716308594,1099.18310546875,442.15032958984375,1073.99755859375,447.1383056640625,1089.8485107421875,475.22467041015625,1056.7342529296875,484.2178955078125
1082.11865234375,328.58721923828125,1083.493896484375,324.991455078125,1079.049072265625,325.24566650390625,1084.37548828125,327.5608215332031,1074.77685546875,327.66455078125,1089.69384765625,342.3798828125,1070.791748046875,344.78863525390625,1106.4093017578125,349.0783996582031,1088.5262451171875,353.40960693359375,1114.9052734375,343.2066650390625,1109.42626953125,344.008544921875,1096.377197265625,396.2236633300781,1080.782470703125,398.2308349609375,1107.576904296875,437.37359619140625,1074.679931640625,440.7196044921875,1106.102294921875,473.8995361328125,1056.912841796875,481.7828063964844
1089.879150390625,326.26568603515625,1090.1378173828125,322.879150390625,1086.87890625,323.0554504394531,1088.085205078125,325.2629699707031,1081.3978271484375,324.8840026855469,1092.989990234375,339.3865051269531,1075.935302734375,340.5145263671875,1110.153076171875,347.990234375,1092.502197265625,350.3458251953125,1116.87451171875,343.5130310058594,1111.88427734375,345.7723388671875,1099.2762451171875,390.5241394042969,1084.412353515625,392.0367736816406,1113.3388671875,431.44696044921875,1075.6234130859375,433.67462158203125,1116.258056640625,469.10504150390625,1058.3043212890625,475.53399658203125
1089.98193359375,331.1702880859375,1090.495849609375,327.3126525878906,1087.0413818359375,327.8753356933594,1091.03662109375,326.6405029296875,1082.17626953125,327.6788330078125,1102.5931396484375,339.32421875,1076.65283203125,343.76800537109375,1121.9066162109375,345.5934753417969,1088.9000244140625,352.4347229003906,1114.7620849609375,337.5395202636719,1104.156494140625,340.7108154296875,1114.0699462890625,396.45440673828125,1092.524658203125,399.55718994140625,1127.16943359375,438.270263671875,1078.0057373046875,443.2638244628906,1132.3887939453125,469.87310791015625,1059.105224609375,478.6424560546875
1092.3917236328125,333.47186279296875,1093.89501953125,329.73712158203125,1089.1441650390625,330.4036560058594,1096.4490966796875,330.6630859375,1084.8526611328125,332.1014099121094,1105.1173095703125,343.30267333984375,1081.12158203125,349.4981689453125,1120.4869384765625,345.602783203125,1093.9429931640625,357.35467529296875,1120.5093994140625,334.8592529296875,1111.599365234375,342.8039245605469,1117.73046875,397.7249450683594,1096.8699951171875,401.8919677734375,1132.1641845703125,437.74755859375,1081.0604248046875,444.32513427734375,1139.010009765625,470.0984802246094,1061.1490478515625,481.22674560546875
1092.6575927734375,333.4704895019531,1094.1845703125,329.75152587890625,1089.389892578125,330.4089050292969,1096.7403564453125,330.76171875,1085.0538330078125,332.1874694824219,1105.4306640625,343.4937744140625,1081.253662109375,349.6324768066406,1120.734619140625,345.6852722167969,1094.237060546875,357.30120849609375,1120.67529296875,334.7026062011719,1112.0272216796875,342.4655456542969,1117.78955078125,397.87298583984375,1096.7945556640625,402.00494384765625,1132.1923828125,437.985107421875,1080.9638671875,444.50482177734375,1139.029296875,470.6155700683594,1061.206787109375,481.64044189453125
1093.49951171875,339.63287353515625,1095.603271484375,336.01324462890625,1090.416259765625,336.8035888671875,1100.3587646484375,337.5617980957031,1088.77392578125,339.9292297363281,1110.88330078125,348.2474670410156,1088.27197265625,356.6944580078125,1128.135986328125,332.2619934082031,1106.1746826171875,351.520263671875,1134.4052734375,305.4018859863281,1121.7930908203125,322.2318115234375,1121.093994140625,401.2447509765625,1100.2425537109375,406.2622375488281,1140.2333984375,440.5500183105469,1084.707763671875,447.559814453125,1153.037841796875,475.64404296875,1069.2265625,484.7030029296875
1103.16015625,341.77313232421875,1103.656005859375,338.0018005371094,1100.632568359375,338.7021179199219,1104.086181640625,342.26153564453125,1098.55859375,344.22943115234375,1111.8790283203125,354.2351989746094,1100.1593017578125,361.62103271484375,1139.529541015625,330.4448547363281,1128.2713623046875,344.5422668457031,1149.063232421875,307.71942138671875,1144.1580810546875,312.5380859375,1125.419189453125,404.16778564453125,1110.689453125,409.17529296875,1150.7216796875,440.3916320800781,1100.2491455078125,448.34539794921875,1160.1712646484375,472.624755859375,1076.1942138671875,485.1733703613281
0.0,0.0,0.0,0.0,0.0,0.0,0.0,0.0,0.0,0.0,0.0,0.0,0.0,0.0,0.0,0.0,0.0,0.0,0.0,0.0,0.0,0.0,0.0,0.0,0.0,0.0,0.0,0.0,0.0,0.0,0.0,0.0,0.0,0.0
0.0,0.0,0.0,0.0,0.0,0.0,0.0,0.0,0.0,0.0,0.0,0.0,0.0,0.0,0.0,0.0,0.0,0.0,0.0,0.0,0.0,0.0,0.0,0.0,0.0,0.0,0.0,0.0,0.0,0.0,0.0,0.0,0.0,0.0
1109.098876953125,350.8955383300781,1110.797607421875,346.9603271484375,1105.96533203125,347.97369384765625,1115.8643798828125,346.5154724121094,1101.937255859375,349.2845458984375,1129.306884765625,359.08795166015625,1099.858642578125,363.4269104003906,1147.8504638671875,371.06060791015625,1099.015869140625,379.44171142578125,1146.4482421875,368.58428955078125,1107.0477294921875,372.656494140625,1136.3994140625,401.4010009765625,1116.9185791015625,403.40606689453125,1142.7799072265625,434.3712158203125,1116.251708984375,435.61798095703125,1148.06005859375,465.3199768066406,1118.681640625,466.4552001953125
1109.084228515625,350.48931884765625,1110.7841796875,346.5266418457031,1105.8834228515625,347.5650634765625,1115.84423828125,346.0843505859375,1101.77978515625,348.91534423828125,1129.23388671875,358.7666015625,1099.7547607421875,363.1804504394531,1147.8017578125,370.8423156738281,1098.9605712890625,379.36676025390625,1146.522216796875,368.52386474609375,1107.0267333984375,372.70452880859375,1136.46484375,401.25372314453125,1116.9599609375,403.2995910644531,1142.849609375,434.29388427734375,1116.313232421875,435.5655517578125,1147.9984130859375,465.354736328125,1118.607666015625,466.52606201171875
0.0,0.0,0.0,0.0,0.0,0.0,0.0,0.0,0.0,0.0,0.0,0.0,0.0,0.0,0.0,0.0,0.0,0.0,0.0,0.0,0.0,0.0,0.0,0.0,0.0,0.0,0.0,0.0,0.0,0.0,0.0,0.0,0.0,0.0
0.0,0.0,0.0,0.0,0.0,0.0,0.0,0.0,0.0,0.0,0.0,0.0,0.0,0.0,0.0,0.0,0.0,0.0,0.0,0.0,0.0,0.0,0.0,0.0,0.0,0.0,0.0,0.0,0.0,0.0,0.0,0.0,0.0,0.0
1105.525146484375,331.5938720703125,1107.0831298828125,327.61590576171875,1102.07568359375,328.17718505859375,1108.4239501953125,327.4786682128906,1095.438232421875,328.81341552734375,1115.618408203125,344.4408264160156,1086.4871826171875,346.5821228027344,1126.8023681640625,371.22869873046875,1088.0609130859375,368.03997802734375,1128.2286376953125,399.3880615234375,1105.5753173828125,374.7435607910156,1117.8599853515625,392.7589111328125,1096.2047119140625,395.4430847167969,1135.459228515625,432.17315673828125,1093.3681640625,436.9947509765625,1143.7799072265625,468.8224182128906,1089.4053955078125,476.8719482421875
1103.003662109375,328.45123291015625,1105.03759765625,324.7837829589844,1099.247802734375,325.142333984375,1107.692626953125,325.67413330078125,1091.828125,326.0848388671875,1113.6800537109375,343.6903991699219,1081.7213134765625,344.83343505859375,1122.077880859375,367.345703125,1074.064697265625,367.48590087890625,1120.3892822265625,385.71087646484375,1092.980712890625,379.27191162109375,1113.543212890625,390.2906799316406,1090.7510986328125,392.23529052734375,1129.867431640625,427.88897705078125,1088.0400390625,430.826416015625,1135.360595703125,465.62359619140625,1083.260986328125,470.86651611328125
1099.9423828125,330.09649658203125,1102.1092529296875,326.65191650390625,1096.709228515625,326.828857421875,1105.2890625,327.8869323730469,1089.9970703125,327.815185546875,1111.040771484375,345.50042724609375,1079.171875,347.2202453613281,1118.695068359375,366.69342041015625,1072.485107421875,371.45745849609375,1115.234619140625,379.76904296875,1092.845458984375,386.5689697265625,1109.953857421875,392.6952209472656,1087.260986328125,394.57244873046875,1122.2711181640625,427.39105224609375,1081.36572265625,430.0789489746094,1126.0181884765625,462.62774658203125,1076.2318115234375,468.02069091796875
1100.364013671875,330.1232604980469,1102.5126953125,326.67230224609375,1097.0565185546875,326.8565673828125,1105.536865234375,327.9364013671875,1090.166259765625,327.86126708984375,1111.100341796875,345.64324951171875,1079.2569580078125,347.30401611328125,1118.6148681640625,366.8824462890625,1072.47705078125,371.4912414550781,1115.2744140625,379.9432067871094,1093.0057373046875,386.50140380859375,1109.9510498046875,392.8306884765625,1087.2677001953125,394.6980285644531,1122.3935546875,427.4810485839844,1081.407470703125,430.15264892578125,1126.0228271484375,462.7401123046875,1076.1015625,468.11700439453125
1092.6656494140625,333.5741271972656,1094.643798828125,330.167724609375,1089.80322265625,330.4063720703125,1097.920166015625,330.7261962890625,1083.588134765625,331.0887451171875,1105.1488037109375,345.44537353515625,1073.26416015625,350.3150634765625,1119.0052490234375,360.22406005859375,1067.467529296875,375.29351806640625,1115.3251953125,367.41412353515625,1081.28076171875,392.71728515625,1103.387451171875,393.5567626953125,1081.0828857421875,396.3084411621094,1111.8521728515625,428.77752685546875,1073.35888671875,432.5364074707031,1113.3028564453125,462.79376220703125,1065.4454345703125,469.2509765625
1089.1356201171875,339.3076171875,1091.0181884765625,336.0189514160156,1086.3695068359375,336.2425842285156,1094.1708984375,336.79718017578125,1080.90185546875,337.015380859375,1101.053955078125,351.71722412109375,1071.5960693359375,353.9920654296875,1111.11083984375,366.46759033203125,1063.8165283203125,374.22821044921875,1109.085693359375,368.994384765625,1075.4862060546875,383.39892578125,1097.541259765625,398.21075439453125,1076.5458984375,399.42138671875,1105.078125,433.67218017578125,1066.8055419921875,435.18658447265625,1106.947998046875,466.8318786621094,1055.5369873046875,469.5628967285156
1077.22314453125,344.95013427734375,1080.489013671875,341.4981689453125,1074.988525390625,341.3431396484375,1088.0338134765625,342.4205322265625,1071.84912109375,342.086181640625,1096.147216796875,360.2076416015625,1065.8740234375,360.6400146484375,1102.51123046875,383.05743408203125,1058.7276611328125,383.78070068359375,1095.52880859375,405.70892333984375,1059.965087890625,405.88714599609375,1091.02978515625,403.2640380859375,1069.3662109375,403.037109375,1098.5562744140625,435.4395446777344,1055.166015625,435.98541259765625,1101.3114013671875,466.28265380859375,1044.65283203125,468.6798095703125
1069.673828125,352.85772705078125,1072.7193603515625,349.01422119140625,1067.0938720703125,349.1502685546875,1080.4063720703125,348.876953125,1064.703125,349.29998779296875,1090.89697265625,365.874755859375,1061.068115234375,366.23333740234375,1100.6085205078125,389.4962158203125,1052.1497802734375,386.77374267578125,1094.416259765625,412.2422790527344,1048.5625,406.1518249511719,1090.8699951171875,405.3719787597656,1068.118408203125,405.5226745605469,1098.4512939453125,436.20013427734375,1045.193359375,437.0166320800781,1102.7197265625,468.1205749511719,1030.73828125,470.1275634765625
1064.9996337890625,353.16162109375,1067.3824462890625,349.79522705078125,1063.2432861328125,349.7496337890625,1073.958740234375,350.6927490234375,1062.3944091796875,350.57159423828125,1085.5345458984375,368.97021484375,1056.51318359375,367.3211669921875,1095.0335693359375,391.74774169921875,1044.4984130859375,383.94866943359375,1089.88623046875,411.627197265625,1037.0362548828125,396.0753479003906,1083.3560791015625,409.6275634765625,1060.990966796875,408.82135009765625,1093.248291015625,440.7776184082031,1036.866943359375,440.74957275390625,1101.108642578125,471.4007263183594,1022.5218505859375,472.58740234375
1064.9366455078125,353.1484680175781,1067.321533203125,349.78363037109375,1063.19091796875,349.730712890625,1073.916259765625,350.68011474609375,1062.3660888671875,350.54156494140625,1085.5057373046875,368.9794921875,1056.446533203125,367.3252258300781,1094.99365234375,391.74169921875,1044.1396484375,383.934326171875,1089.93212890625,411.7208251953125,1035.81640625,396.107666015625,1083.3333740234375,409.6786193847656,1060.9827880859375,408.86065673828125,1093.156005859375,440.83251953125,1036.793701171875,440.83404541015625,1100.9405517578125,471.33489990234375,1022.410400390625,472.616455078125
1042.022216796875,353.8212890625,1044.8116455078125,350.38916015625,1040.8018798828125,350.44921875,1054.5982666015625,350.4947509765625,1042.4495849609375,350.57373046875,1068.4603271484375,364.27728271484375,1044.09326171875,364.21331787109375,1083.4287109375,379.1868896484375,1032.845947265625,375.5374755859375,1078.9842529296875,387.7269287109375,1019.890625,379.25445556640625,1075.146240234375,406.98785400390625,1056.0389404296875,406.06402587890625,1084.935302734375,436.56719970703125,1030.8505859375,435.929931640625,1100.6226806640625,469.048583984375,1015.8748779296875,468.7832336425781
1031.759765625,353.24676513671875,1034.8243408203125,349.70269775390625,1030.2186279296875,349.8458251953125,1043.9345703125,350.1512145996094,1031.403564453125,350.814697265625,1058.55810546875,364.652587890625,1031.010986328125,366.8048400878906,1074.68701171875,379.84881591796875,1025.3896484375,378.97930908203125,1068.591064453125,388.8501892089844,1014.9100341796875,375.6295166015625,1068.7578125,409.90966796875,1046.9986572265625,410.47637939453125,1080.3779296875,438.232177734375,1024.885498046875,440.90655517578125,1096.156982421875,467.9658508300781,1010.700927734375,473.07525634765625
1021.655517578125,354.25787353515625,1024.7637939453125,350.49676513671875,1019.9661254882812,350.60009765625,1034.7384033203125,349.94659423828125,1020.3385620117188,350.61932373046875,1050.3199462890625,365.82147216796875,1018.7433471679688,367.41009521484375,1069.82373046875,386.3606872558594,1009.1281127929688,384.74432373046875,1074.3533935546875,409.8560485839844,995.0093994140625,394.0447082519531,1056.771240234375,408.8368835449219,1033.62255859375,409.75079345703125,1070.889404296875,438.20672607421875,1014.739501953125,440.8228759765625,1088.2476806640625,469.9963073730469,1007.4820556640625,474.75640869140625
1016.5211791992188,351.75164794921875,1019.4708251953125,348.461181640625,1015.6602783203125,348.24969482421875,1029.84765625,348.85516357421875,1017.1439208984375,348.53125,1044.5791015625,364.6322021484375,1017.259033203125,365.42608642578125,1065.09228515625,383.5983581542969,1006.9586181640625,381.3478088378906,1067.7958984375,404.3614196777344,993.71044921875,391.0209045410156,1050.9342041015625,408.17840576171875,1031.3258056640625,408.39459228515625,1058.1597900390625,440.7987060546875,1011.609619140625,442.35504150390625,1071.6719970703125,472.2703857421875,1003.3958129882812,475.3677062988281
1011.7879638671875,350.48333740234375,1014.3436889648438,346.643310546875,1010.2532958984375,346.6949462890625,1023.0194091796875,346.9618835449219,1009.12451171875,347.3260498046875,1039.1256103515625,364.2041015625,1009.4459838867188,364.88238525390625,1059.3115234375,383.3341369628906,1001.262451171875,384.5190124511719,1063.53955078125,397.876708984375,990.9788818359375,395.29425048828125,1042.794677734375,409.64630126953125,1022.355224609375,409.4365539550781,1049.572021484375,443.2975158691406,1008.0667724609375,442.9493408203125,1061.31494140625,474.47711181640625,1004.0634765625,473.04388427734375
1011.8087768554688,350.57666015625,1014.4246215820312,346.75347900390625,1010.3267211914062,346.759521484375,1023.2107543945312,347.13818359375,1009.2750244140625,347.3873596191406,1039.279296875,364.4636535644531,1009.638671875,364.9853515625,1059.3701171875,383.656982421875,1001.3475952148438,384.5477600097656,1063.596435546875,398.19854736328125,990.78759765625,395.3707580566406,1042.67822265625,409.850830078125,1022.274658203125,409.55120849609375,1049.4107666015625,443.3859558105469,1007.987060546875,442.98199462890625,1061.3651123046875,474.57763671875,1004.162109375,473.04559326171875
1007.6038818359375,352.8441467285156,1010.4039306640625,348.70806884765625,1005.12841796875,349.60302734375,1018.4697265625,348.1278991699219,1004.1917724609375,350.8292541503906,1033.18408203125,362.7578430175781,1003.9740600585938,366.5201416015625,1053.56640625,378.498779296875,995.8507080078125,384.74658203125,1060.659912109375,390.2238464355469,992.6966552734375,392.4762268066406,1035.607177734375,407.46319580078125,1016.0652465820312,408.52001953125,1042.59912109375,441.97802734375,1006.107177734375,442.9312744140625,1050.2454833984375,474.64208984375,1002.2611083984375,475.15447998046875
998.961181640625,352.67901611328125,1001.7869873046875,348.8428955078125,997.08544921875,349.36505126953125,1010.0572509765625,348.7477111816406,995.7376708984375,350.5760192871094,1025.9156494140625,363.95428466796875,996.1558227539062,366.752685546875,1044.2218017578125,385.78314208984375,990.8382568359375,389.4817199707031,1045.697265625,407.66845703125,984.7064208984375,407.27545166015625,1027.635986328125,410.9316101074219,1008.2427978515625,411.5892333984375,1029.7191162109375,445.0753173828125,1000.4976196289062,445.3370361328125,1037.84228515625,481.33648681640625,1002.1253662109375,480.8858642578125
998.4139404296875,352.4267578125,1000.831298828125,348.7515563964844,995.5743408203125,349.1231689453125,1006.8463134765625,349.0125732421875,993.3629150390625,349.97247314453125,1019.4332275390625,365.53814697265625,989.9214477539062,366.5599365234375,1035.62109375,385.21307373046875,984.1007080078125,386.24591064453125,1043.813232421875,408.6434326171875,983.4318237304688,403.01776123046875,1021.725341796875,405.89080810546875,1001.9859619140625,406.2994079589844,1024.6436767578125,438.05157470703125,990.9547119140625,438.3017578125,1032.0867919921875,475.87628173828125,993.56640625,474.8045654296875
991.2061767578125,358.5174560546875,993.6463623046875,354.7356262207031,988.734619140625,355.0082702636719,1000.5474853515625,354.76251220703125,987.6337890625,355.3546142578125,1014.0335693359375,370.7492980957031,985.7110595703125,371.0501708984375,1030.018798828125,391.575439453125,978.84130859375,393.5230712890625,1035.6539306640625,415.3385925292969,975.3502807617188,418.4803466796875,1017.3837890625,410.85577392578125,999.4715576171875,410.2832336425781,1010.837646484375,444.60211181640625,986.3340454101562,442.980224609375,1014.8362426757812,484.4210205078125,992.1761474609375,480.1632385253906
979.6224975585938,366.28631591796875,982.2999267578125,361.79095458984375,976.615478515625,362.57293701171875,991.181884765625,360.373046875,973.2352294921875,362.77880859375,1007.075439453125,373.928466796875,974.2476196289062,376.92083740234375,1026.298583984375,394.569091796875,968.1326293945312,398.5352783203125,1026.64404296875,418.52435302734375,961.7254638671875,418.188232421875,1009.6724853515625,415.8324279785156,988.8511962890625,416.3696594238281,999.6069946289062,448.4570617675781,980.9815063476562,448.3443603515625,1003.2861328125,487.0865478515625,985.7490234375,486.2939453125
979.5931396484375,366.34844970703125,982.268798828125,361.8526611328125,976.5858764648438,362.63525390625,991.151123046875,360.4307861328125,973.2066650390625,362.8385925292969,1007.05029296875,373.9726867675781,974.21728515625,376.9706726074219,1026.2864990234375,394.60400390625,968.1226806640625,398.58984375,1026.640869140625,418.550048828125,961.7509765625,418.22576904296875,1009.6630859375,415.8486328125,988.8330078125,416.3887939453125,999.597412109375,448.4815979003906,980.910400390625,448.37078857421875,1003.286376953125,487.137939453125,985.6617431640625,486.3501892089844
974.011962890625,372.39166259765625,977.1820678710938,368.468505859375,971.241455078125,368.9458923339844,986.9613647460938,369.1341247558594,970.8760986328125,370.548583984375,1002.4506225585938,387.71343994140625,971.6358032226562,387.0843200683594,1021.0046997070312,409.63970947265625,960.65771484375,405.2489013671875,1021.4902954101562,433.3111267089844,953.05126953125,421.703125,1001.5108642578125,429.2652282714844,982.7130126953125,427.744140625,994.2262573242188,458.12982177734375,971.633544921875,455.8439025878906,997.19970703125,501.4952087402344,977.8985595703125,497.03662109375
976.3406982421875,375.5001220703125,979.7542724609375,371.7147216796875,972.7200927734375,371.80133056640625,986.54296875,372.0196533203125,968.171142578125,372.3062438964844,994.76611328125,390.5118408203125,963.6754760742188,387.50445556640625,1011.574462890625,409.34625244140625,947.044677734375,397.7388916015625,1021.0711669921875,430.5293884277344,938.13037109375,402.13592529296875,988.4462890625,432.51348876953125,970.6622314453125,430.9723205566406,985.5010986328125,465.1077880859375,972.9111328125,464.1471862792969,988.1881713867188,501.88385009765625,982.628662109375,501.7839660644531
974.5244140625,375.91009521484375,977.485107421875,372.58428955078125,972.2579956054688,372.3966064453125,983.68212890625,373.97625732421875,968.8965454101562,373.466064453125,992.4095458984375,392.93975830078125,961.550537109375,388.04351806640625,1006.2463989257812,415.8853454589844,943.7682495117188,392.7293701171875,1015.4848022460938,437.35174560546875,929.601318359375,390.34478759765625,984.5374755859375,435.35980224609375,967.4334716796875,433.88946533203125,981.921142578125,471.8703918457031,974.2373657226562,470.63763427734375,981.5051879882812,507.85540771484375,987.12451171875,506.84539794921875
972.1910400390625,377.9640197753906,976.0634765625,374.59368896484375,970.0567016601562,373.6449279785156,981.8306884765625,376.46966552734375,965.3798828125,373.7919921875,986.766845703125,393.69268798828125,958.6134033203125,390.39599609375,996.7877197265625,413.08251953125,947.6031494140625,407.605224609375,999.0140380859375,420.08111572265625,945.5985107421875,415.2503356933594,977.4486694335938,436.2353515625,960.3001098632812,434.72772216796875,977.9221801757812,471.4542236328125,965.6549072265625,470.5187072753906,981.2546997070312,507.72589111328125,971.564208984375,505.96484375
969.5692749023438,380.1689453125,972.4991455078125,377.17205810546875,967.2685546875,376.7860107421875,976.5712280273438,379.234619140625,963.86767578125,378.22412109375,979.3214111328125,397.22943115234375,957.5663452148438,390.22100830078125,986.183837890625,415.0946960449219,937.837158203125,385.44207763671875,985.4892578125,427.0767517089844,932.1534423828125,369.1577453613281,970.948486328125,440.56610107421875,958.4965209960938,438.43115234375,971.5328979492188,476.7754211425781,967.9044189453125,475.3854675292969,980.9937744140625,509.3628845214844,981.1942749023438,508.9924621582031
968.930908203125,379.96630859375,971.9512939453125,376.98297119140625,966.692138671875,376.571533203125,976.3699951171875,379.13360595703125,963.5159912109375,378.07965087890625,979.306396484375,397.18438720703125,957.465576171875,390.21319580078125,986.23046875,414.950927734375,937.7920532226562,385.5289306640625,985.1394653320312,426.6799621582031,932.065673828125,369.26763916015625,971.0360107421875,440.54937744140625,958.5327758789062,438.41015625,971.36767578125,476.8060302734375,967.8737182617188,475.42437744140625,981.00830078125,509.49383544921875,981.390380859375,509.13427734375
962.56640625,382.67803955078125,965.63671875,379.25799560546875,959.6039428710938,378.95953369140625,970.2093505859375,380.2226257324219,954.74169921875,379.35211181640625,975.1168212890625,398.1961669921875,949.3189086914062,390.0694885253906,982.3748779296875,420.4173583984375,933.321533203125,385.6204833984375,982.2562866210938,441.47808837890625,932.8924560546875,369.2095642089844,970.466064453125,439.7958068847656,954.4421997070312,437.27783203125,972.4080810546875,476.555908203125,959.6519775390625,474.9111328125,984.6590576171875,510.04791259765625,973.88232421875,509.0633239746094
954.9471435546875,386.7886047363281,958.45458984375,383.22503662109375,953.1121826171875,382.24395751953125,963.2276611328125,385.2728576660156,951.4449462890625,382.95916748046875,966.3484497070312,404.427978515625,946.25732421875,399.07757568359375,970.3817138671875,428.744873046875,947.316650390625,413.2843017578125,965.636474609375,455.42022705078125,949.59619140625,429.9782409667969,961.97021484375,447.50164794921875,948.2122802734375,445.6288146972656,969.71923828125,483.39190673828125,951.1500244140625,480.80322265625,982.263916015625,514.4219360351562,964.2614135742188,510.80096435546875
941.4569091796875,386.9697265625,944.9108276367188,383.3919677734375,939.474365234375,383.03485107421875,952.028564453125,385.47998046875,939.5960693359375,384.5718994140625,957.633544921875,404.1876525878906,940.2434692382812,399.229248046875,963.202392578125,424.983642578125,941.6845092773438,402.64715576171875,958.7994384765625,443.90069580078125,940.802490234375,398.3709411621094,957.7855224609375,447.9306335449219,946.3385009765625,446.4304504394531,964.1566162109375,483.42144775390625,950.7047119140625,481.798583984375,976.900390625,513.80322265625,964.130615234375,511.78851318359375
927.3719482421875,385.40093994140625,929.9884033203125,381.58575439453125,925.9627075195312,381.43707275390625,936.1734008789062,383.5877380371094,928.801025390625,383.33551025390625,945.8743896484375,404.3793640136719,929.9564208984375,403.5341796875,948.51123046875,432.34149169921875,933.4935302734375,429.6488037109375,936.9012451171875,461.4888610839844,935.562744140625,454.2499694824219,955.0515747070312,444.681640625,944.2327880859375,444.453125,956.0326538085938,481.63067626953125,937.4763793945312,480.72802734375,974.6903686523438,512.8900146484375,959.5123901367188,510.18511962890625
918.388916015625,388.89697265625,921.221435546875,384.76483154296875,916.9481201171875,384.846923828125,928.9639892578125,385.0719909667969,921.0584106445312,385.2726745605469,938.2767333984375,403.59454345703125,925.5233154296875,404.71246337890625,941.532958984375,431.81719970703125,927.3841552734375,433.29107666015625,929.0145263671875,459.78814697265625,924.4952392578125,455.2281188964844,948.0614013671875,446.52978515625,939.96337890625,446.8711853027344,942.0873413085938,481.29443359375,928.5994262695312,482.1109313964844,955.6975708007812,516.408447265625,944.698974609375,516.9443359375
918.404541015625,388.9338684082031,921.2342529296875,384.7969665527344,916.965087890625,384.88580322265625,929.0010986328125,385.1199951171875,921.1324462890625,385.332275390625,938.2835083007812,403.69189453125,925.6851806640625,404.80731201171875,941.488525390625,431.89794921875,927.5283203125,433.35113525390625,928.9852294921875,459.877685546875,924.529541015625,455.30975341796875,948.076904296875,446.6483459472656,940.1307373046875,446.9936828613281,942.1873168945312,481.39044189453125,929.1304321289062,482.20306396484375,955.646240234375,516.4174194335938,945.3321533203125,516.9471435546875
904.8785400390625,391.0789794921875,908.0811767578125,386.50738525390625,902.5592041015625,386.7320251464844,916.2261962890625,385.98834228515625,905.3963012695312,386.55230712890625,926.13671875,404.4009704589844,911.4261474609375,406.12359619140625,930.2243041992188,434.61871337890625,915.9117431640625,436.70660400390625,917.3858642578125,463.77935791015625,912.5965576171875,458.2384033203125,939.9969482421875,450.0400085449219,929.8280639648438,450.8238830566406,936.4931640625,484.1114501953125,916.7898559570312,485.3726806640625,954.449462890625,522.416259765625,933.2984619140625,523.2681274414062
893.7493286132812,391.9937744140625,897.247802734375,387.943359375,892.569091796875,387.8778991699219,905.4791259765625,387.93328857421875,896.0849609375,388.44268798828125,914.4640502929688,403.4462890625,900.5945434570312,408.90496826171875,919.3475341796875,429.10125732421875,906.544189453125,439.537109375,906.5473022460938,454.25189208984375,902.0623779296875,457.6710205078125,932.3114013671875,449.009765625,920.3450317382812,451.92034912109375,940.1856079101562,482.09808349609375,905.218017578125,487.38031005859375,969.5093994140625,516.0797119140625,914.207275390625,523.482177734375
883.70263671875,398.44451904296875,887.0352783203125,394.3662414550781,882.120849609375,394.341796875,896.0013427734375,394.9970397949219,885.11474609375,395.0213623046875,904.4248046875,411.84521484375,891.4930419921875,413.9163818359375,908.770263671875,439.16619873046875,894.90283203125,443.6903076171875,898.911376953125,464.8277893066406,894.3656616210938,469.27764892578125,919.5895385742188,458.00567626953125,911.5405883789062,459.03216552734375,912.1170654296875,491.4949035644531,905.7071533203125,492.74761962890625,927.65576171875,528.08740234375,922.814453125,528.0254516601562
874.127197265625,401.35064697265625,877.5756225585938,397.2882080078125,872.1813354492188,397.2718505859375,886.9381713867188,398.3035583496094,874.8121337890625,398.3482666015625,897.2408447265625,416.61376953125,881.932373046875,417.564208984375,904.2572021484375,445.140869140625,886.6390380859375,447.08404541015625,891.9651489257812,465.5870361328125,886.4801025390625,467.7528991699219,910.6083984375,462.88372802734375,901.42333984375,463.04638671875,900.5271606445312,495.4496154785156,895.408935546875,495.29217529296875,919.966796875,531.2781372070312,918.4522705078125,529.5062866210938
860.5863647460938,407.6443176269531,862.318603515625,403.010009765625,859.5233154296875,403.6929016113281,870.1155395507812,402.6500244140625,866.961669921875,404.0,882.3216552734375,419.7298278808594,877.7096557617188,421.0687255859375,883.827392578125,445.3507080078125,876.6884765625,447.3338928222656,872.8500366210938,459.42071533203125,868.568603515625,459.87744140625,902.1590576171875,469.98004150390625,899.037353515625,470.1070861816406,897.7550048828125,504.9720153808594,897.412841796875,505.4500732421875,910.79443359375,541.8450317382812,909.908935546875,540.0957641601562
860.4619140625,407.95697021484375,862.1215209960938,403.31304931640625,859.48388671875,403.97900390625,869.8907470703125,402.9212646484375,867.2669677734375,404.20074462890625,882.0361328125,420.0050048828125,878.2266845703125,421.21722412109375,883.2960205078125,445.7238464355469,877.1035766601562,447.544677734375,872.2307739257812,460.10223388671875,868.4236450195312,460.4437255859375,902.15380859375,469.9481506347656,899.5292358398438,470.0263366699219,897.6065673828125,505.0500183105469,897.707763671875,505.5035705566406,910.7012939453125,541.954345703125,910.08935546875,540.13232421875
849.8919677734375,407.722900390625,852.3170166015625,403.400146484375,849.3528442382812,403.2334899902344,860.9210815429688,403.50274658203125,858.3367309570312,402.7677001953125,873.397216796875,421.1402587890625,867.4576416015625,419.17181396484375,874.3189086914062,451.1380615234375,865.096435546875,448.41864013671875,859.6016235351562,473.61260986328125,854.3757934570312,470.5716247558594,894.5165405273438,465.25347900390625,891.5186767578125,464.1083984375,886.672119140625,506.1142272949219,884.1492919921875,504.0609130859375,910.220947265625,544.5162963867188,910.3379516601562,538.6788330078125
842.29443359375,411.32989501953125,844.6776123046875,406.9293212890625,840.3436889648438,407.314453125,852.174560546875,406.5277099609375,844.3172607421875,407.34014892578125,866.0872802734375,422.85198974609375,852.1429443359375,423.453369140625,869.2537841796875,450.7489013671875,853.066650390625,452.3096008300781,854.7783203125,468.9311828613281,850.0036010742188,470.276123046875,888.57080078125,466.7957763671875,880.369384765625,466.76068115234375,871.0550537109375,503.2166748046875,868.9375,502.19091796875,895.120849609375,543.5337524414062,900.2950439453125,538.736572265625
832.06982421875,412.25152587890625,834.40771484375,407.93780517578125,831.2093505859375,408.65435791015625,844.6023559570312,407.77001953125,834.8904418945312,409.99359130859375,859.8507080078125,425.10211181640625,847.1746826171875,426.7610778808594,859.926025390625,453.7325134277344,844.3156127929688,452.92822265625,836.6290283203125,462.4947509765625,833.0517578125,460.6608581542969,878.382568359375,476.34906005859375,868.3201904296875,475.94378662109375,864.1396484375,501.91357421875,851.5760498046875,501.0086975097656,883.7579956054688,542.8380126953125,869.513916015625,540.2862548828125
822.14501953125,417.853271484375,824.32568359375,413.13629150390625,820.9423828125,414.19012451171875,833.8720092773438,412.0845947265625,824.9503784179688,414.8406982421875,847.12548828125,429.44586181640625,837.1961059570312,431.8074951171875,846.032470703125,454.60693359375,830.8521728515625,455.5384826660156,829.51611328125,464.4390869140625,813.2858276367188,463.6949462890625,866.3432006835938,476.017822265625,858.8157348632812,476.2132568359375,855.281005859375,505.586669921875,844.66259765625,505.446044921875,871.9088134765625,546.0825805664062,856.7593994140625,543.7718505859375
809.589599609375,422.24267578125,812.81201171875,417.8212890625,807.8756103515625,418.15948486328125,824.1681518554688,418.83148193359375,811.8235473632812,419.9154968261719,838.3657836914062,438.38909912109375,820.4420166015625,441.9019775390625,843.5615844726562,462.28961181640625,817.8341674804688,467.0904235839844,809.0577392578125,470.54736328125,796.600830078125,475.48675537109375,852.443603515625,485.03497314453125,845.2008056640625,485.8223876953125,828.2008056640625,516.4530029296875,847.3487548828125,518.3757934570312,820.8988037109375,551.43896484375,871.1607055664062,554.4842529296875
809.676025390625,422.2392883300781,812.87841796875,417.81536865234375,807.9398803710938,418.1690673828125,824.1773071289062,418.79248046875,811.7991943359375,419.9032287597656,838.3577880859375,438.26605224609375,820.33251953125,441.7784729003906,843.2186279296875,462.11920166015625,817.52880859375,466.91741943359375,808.761474609375,470.48272705078125,796.4610595703125,475.4902038574219,852.5791625976562,484.78570556640625,845.258544921875,485.58056640625,828.111328125,516.1062622070312,847.2469482421875,518.0140380859375,820.6683349609375,551.32421875,871.0018310546875,554.3063354492188
799.926025390625,429.68670654296875,803.1417846679688,425.216552734375,799.3302001953125,425.3735046386719,813.477783203125,425.68621826171875,807.1939697265625,425.98443603515625,821.6717529296875,443.9416809082031,814.98046875,446.9184265136719,809.4173583984375,467.1661376953125,806.188720703125,471.22003173828125,777.2327880859375,478.31634521484375,783.0479736328125,479.0921630859375,842.1610107421875,492.7473449707031,836.7361450195312,493.81439208984375,840.4710693359375,526.5370483398438,823.2064208984375,529.6925048828125,842.3304443359375,560.5526733398438,819.0660400390625,565.311279296875
788.3946533203125,438.3240051269531,790.9185791015625,433.8414001464844,788.0911865234375,433.84564208984375,799.1742553710938,433.34356689453125,796.4049682617188,433.1818542480469,809.0361328125,449.38214111328125,803.1238403320312,451.65869140625,800.8194580078125,472.27752685546875,794.914306640625,475.29901123046875,769.8204345703125,485.211181640625,770.2886962890625,484.0071716308594,834.100830078125,502.1951904296875,828.4920043945312,502.87371826171875,832.009765625,538.1986083984375,809.5255737304688,540.8768310546875,835.838134765625,575.1541748046875,802.664794921875,578.3540649414062
778.5462646484375,446.4525146484375,782.0744018554688,442.0066223144531,776.80908203125,442.26312255859375,791.2630615234375,443.59783935546875,782.6329345703125,444.057373046875,799.7034301757812,462.16668701171875,791.3732299804688,465.1105041503906,784.539306640625,479.7507019042969,778.6485595703125,483.90771484375,748.3701782226562,483.67095947265625,754.9285888671875,488.19171142578125,824.817138671875,515.7529296875,821.9583740234375,516.7905883789062,794.8592529296875,548.0372924804688,812.9811401367188,550.829345703125,781.325927734375,584.2212524414062,820.1962280273438,587.5881958007812
763.571533203125,454.18743896484375,765.5602416992188,450.24993896484375,764.3820190429688,449.5952453613281,773.4486694335938,452.5199890136719,778.47412109375,449.7530517578125,781.348388671875,473.3778991699219,788.0318603515625,466.86236572265625,760.064453125,496.88616943359375,766.753662109375,485.4436340332031,732.7379760742188,499.7894287109375,735.9618530273438,496.6083984375,802.46142578125,527.0585327148438,811.4866943359375,523.5240478515625,774.802978515625,558.2529907226562,807.9359130859375,552.9994506835938,760.935546875,597.2214965820312,822.0902709960938,585.4293212890625
754.554443359375,461.877685546875,756.0955810546875,458.2281188964844,756.5499877929688,457.31744384765625,763.0147094726562,458.74407958984375,770.4274291992188,455.48712158203125,768.9715576171875,475.12921142578125,778.87255859375,470.993896484375,748.9938354492188,499.49945068359375,760.0730590820312,494.8758544921875,726.6937866210938,501.4340515136719,732.1968994140625,506.5869140625,800.40673828125,526.5547485351562,806.8677978515625,524.2955322265625,775.1019287109375,554.5262451171875,778.6583862304688,552.4022827148438,780.2850952148438,588.9686279296875,779.6951293945312,582.7055053710938
754.6402587890625,461.861083984375,756.2081909179688,458.2098388671875,756.621337890625,457.29180908203125,763.1470947265625,458.72064208984375,770.4244995117188,455.4501953125,769.0498046875,475.1412353515625,778.8182373046875,471.01226806640625,748.8963012695312,499.67962646484375,759.9166870117188,495.0562744140625,726.5372314453125,501.51019287109375,732.0879516601562,506.70379638671875,800.5787353515625,526.580810546875,806.883544921875,524.3262329101562,775.16796875,554.5677490234375,778.1907958984375,552.4624633789062,780.275634765625,589.018310546875,778.7543334960938,582.7744140625
752.68896484375,477.9817199707031,753.47021484375,472.9639892578125,750.2532958984375,474.3652038574219,760.175048828125,470.41839599609375,753.1968994140625,472.883056640625,769.0047607421875,484.5824890136719,764.0866088867188,485.4898681640625,747.4672241210938,507.0228271484375,740.7471313476562,504.31610107421875,725.5070190429688,513.1572265625,715.32373046875,512.05322265625,798.4491577148438,529.658935546875,793.8389282226562,529.2445678710938,763.728759765625,549.5908813476562,766.0603637695312,548.4866943359375,767.103515625,589.0016479492188,769.810302734375,585.7979125976562
744.754150390625,481.7332763671875,746.06640625,476.75921630859375,742.0533447265625,478.276611328125,753.9261474609375,474.3955993652344,744.358154296875,477.26971435546875,765.9876098632812,488.87261962890625,755.93359375,490.5156555175781,750.3892211914062,510.836181640625,733.121826171875,509.049072265625,731.533447265625,516.0272216796875,706.5771484375,515.036376953125,797.6325073242188,533.468994140625,789.35400390625,533.3052368164062,765.4512329101562,548.62109375,760.1175537109375,547.7250366210938,776.160400390625,586.7906494140625,768.672119140625,583.5072021484375
741.0148315429688,482.08782958984375,742.5692749023438,478.24395751953125,740.9318237304688,477.9079284667969,749.7098999023438,477.5452880859375,749.904296875,475.39727783203125,759.296875,491.0145263671875,760.430908203125,486.96331787109375,744.3270263671875,514.6109008789062,743.902099609375,508.70111083984375,720.1829223632812,519.7606811523438,717.4076538085938,520.2076416015625,795.5308227539062,530.3087158203125,800.33837890625,527.72216796875,756.6959228515625,552.8109741210938,788.1298828125,549.1463623046875,755.5421142578125,590.421630859375,811.553466796875,580.8495483398438
737.68896484375,481.3861083984375,739.45947265625,477.47113037109375,737.4105224609375,477.0314025878906,747.9249267578125,476.46875,746.3375854492188,474.0229797363281,759.6407470703125,489.9245910644531,758.697265625,485.73187255859375,748.9158935546875,515.1118774414062,744.9624633789062,509.56793212890625,724.3157348632812,522.2762451171875,718.317626953125,523.8707885742188,797.8346557617188,527.4314575195312,801.36376953125,524.6552734375,756.7842407226562,549.4522705078125,787.40771484375,545.4833984375,754.22900390625,591.04150390625,810.1539916992188,580.7840576171875
739.5634765625,481.03546142578125,740.6731567382812,475.5953063964844,736.5801391601562,477.32232666015625,749.1563720703125,472.0082702636719,738.1185913085938,475.7928771972656,762.9197387695312,484.82904052734375,752.4152221679688,487.9736022949219,755.75927734375,510.1363220214844,741.7044677734375,511.5589599609375,740.2723388671875,529.3134765625,721.2637329101562,529.3154907226562,795.6567993164062,524.4827270507812,786.9483032226562,525.08544921875,769.1572265625,546.1554565429688,761.4782104492188,545.7802734375,784.0079956054688,590.0818481445312,773.71240234375,587.3809204101562
739.505859375,481.12408447265625,740.6141967773438,475.6723937988281,736.5089111328125,477.4142761230469,749.1106567382812,472.0518493652344,737.994384765625,475.88653564453125,762.9798583984375,484.8289489746094,752.3228149414062,488.0382080078125,756.0599365234375,510.05804443359375,741.6896362304688,511.5609130859375,740.70947265625,529.34033203125,721.2618408203125,529.3837280273438,795.73681640625,524.4368896484375,786.9002685546875,525.0634765625,769.44775390625,546.1878051757812,761.4130249023438,545.8192749023438,784.4630126953125,590.0411987304688,773.6253662109375,587.3524169921875
738.9624633789062,469.39703369140625,740.5814819335938,465.5878601074219,738.3177490234375,464.74609375,746.4083251953125,465.23583984375,745.5932006835938,462.20501708984375,759.00732421875,481.6619567871094,754.412109375,476.630126953125,760.718505859375,512.0841064453125,754.286376953125,502.7646789550781,743.0750732421875,529.7811889648438,739.5597534179688,522.462646484375,787.2967529296875,520.9328002929688,789.196044921875,518.9808349609375,759.1092529296875,552.9451904296875,788.2896728515625,549.5858154296875,753.5455322265625,594.4039306640625,814.465087890625,586.5806884765625
737.6746826171875,461.7979431152344,739.5551147460938,457.80615234375,737.190673828125,456.8491516113281,746.7664184570312,457.3601989746094,745.8328247070312,454.1836853027344,761.8448486328125,474.87774658203125,755.5189208984375,470.07470703125,768.4632568359375,507.57635498046875,762.5404052734375,498.9512939453125,756.28515625,529.8531494140625,751.4072875976562,520.2787475585938,790.9638061523438,516.9231567382812,791.881591796875,515.1798706054688,765.7982177734375,555.4263916015625,794.154296875,552.3767700195312,756.8349609375,598.5926513671875,819.563232421875,590.6757202148438
739.5827026367188,453.8614196777344,742.34326171875,449.74444580078125,738.1434326171875,449.3652648925781,750.4907836914062,449.3317565917969,742.9354858398438,448.1962890625,763.34814453125,466.7093811035156,750.265380859375,465.80169677734375,773.3480224609375,492.5387878417969,760.2833251953125,490.3663330078125,771.7611083984375,517.84228515625,762.2857666015625,511.0415954589844,785.1421508789062,509.40753173828125,780.9571533203125,509.7528991699219,771.232421875,549.47265625,790.202880859375,549.153564453125,764.70947265625,590.1741333007812,813.55126953125,587.5101318359375
742.8485717773438,450.9659729003906,745.5491943359375,446.6618957519531,740.2720947265625,446.401123046875,753.7922973632812,446.298583984375,743.964599609375,445.1343994140625,767.0802001953125,465.95208740234375,753.824951171875,463.0694274902344,776.7881469726562,495.9542236328125,767.5609130859375,488.70660400390625,775.4732666015625,524.7293090820312,769.11572265625,511.146484375,789.3587036132812,506.38787841796875,784.8328857421875,505.63897705078125,776.4933471679688,549.68896484375,792.6351928710938,547.5762329101562,765.2802734375,590.9205322265625,811.128662109375,585.483154296875
747.1635131835938,446.42791748046875,749.839111328125,441.5623779296875,744.8739624023438,441.65277099609375,757.78662109375,440.8190002441406,749.0038452148438,440.5626525878906,767.5809936523438,457.90472412109375,759.37890625,458.0863037109375,775.2132568359375,487.2603759765625,770.3036499023438,486.5445556640625,779.7823486328125,516.4320068359375,773.6695556640625,510.133544921875,792.5784301757812,497.53643798828125,788.5153198242188,498.0135498046875,778.0159912109375,542.586669921875,778.62890625,542.8511352539062,769.822265625,584.4576416015625,779.945556640625,583.1131591796875
747.11474609375,446.522216796875,749.7691650390625,441.64398193359375,744.8033447265625,441.7603454589844,757.75244140625,440.8788757324219,748.9462280273438,440.68017578125,767.69189453125,457.97796630859375,759.4181518554688,458.2341613769531,775.4564208984375,487.39337158203125,770.427001953125,486.80047607421875,779.987060546875,516.5594482421875,773.6964111328125,510.30780029296875,792.6406860351562,497.6033935546875,788.5264892578125,498.10498046875,778.1236572265625,542.6463623046875,778.6053466796875,542.9393920898438,769.9346923828125,584.50439453125,779.880615234375,583.17822265625
747.1617431640625,445.119140625,749.8524169921875,440.56622314453125,745.26025390625,440.9598388671875,760.0040283203125,440.677978515625,749.3974609375,441.4285888671875,775.2339477539062,458.74676513671875,758.3800048828125,461.32452392578125,790.87158203125,487.12017822265625,770.12744140625,490.8575134277344,791.5281982421875,515.111328125,776.8976440429688,510.68951416015625,794.795654296875,499.54156494140625,784.4208984375,500.81756591796875,782.3931884765625,541.6114501953125,772.329833984375,543.316162109375,784.6304931640625,583.37109375,780.2623291015625,584.8057861328125
748.6316528320312,445.24676513671875,751.3875122070312,440.81817626953125,746.32568359375,441.5220947265625,761.9232177734375,440.85528564453125,748.628662109375,442.53631591796875,779.2874755859375,458.4365234375,755.2470703125,462.20220947265625,798.779541015625,482.4754943847656,767.2479248046875,486.94085693359375,800.4078369140625,511.68353271484375,776.6229858398438,504.62396240234375,796.747802734375,500.342041015625,780.8966674804688,502.3521728515625,795.1975708007812,540.895263671875,773.2628173828125,543.516357421875,803.3499755859375,578.9515380859375,782.4442138671875,582.5545654296875
753.5333862304688,444.9978332519531,756.0741577148438,440.5631103515625,750.304443359375,441.6940612792969,765.619873046875,440.77978515625,750.931640625,443.3551025390625,781.9850463867188,458.9913330078125,757.1658935546875,463.2979431152344,797.14599609375,481.6956787109375,770.4827270507812,486.17608642578125,797.4779052734375,504.88909912109375,781.8046875,498.29034423828125,800.3009033203125,501.26068115234375,783.9724731445312,503.64886474609375,799.859619140625,541.7022705078125,778.4811401367188,544.4542236328125,805.15576171875,579.2011108398438,788.2348022460938,583.2814331054688
755.9663696289062,441.50091552734375,757.6669921875,436.7886657714844,754.1009521484375,437.81011962890625,766.391357421875,434.66015625,754.779541015625,437.65277099609375,782.2399291992188,449.5699462890625,762.72607421875,453.51947021484375,800.5330810546875,474.4755859375,767.6162109375,481.03961181640625,800.7420654296875,495.78045654296875,766.3546752929688,495.99755859375,796.0065307617188,497.80389404296875,783.6934814453125,499.2763671875,794.0791015625,540.6608276367188,786.8366088867188,541.5313110351562,798.5361328125,579.8541870117188,791.74609375,579.0679931640625
757.2149047851562,441.0350341796875,758.2886352539062,436.477294921875,756.941650390625,437.080322265625,767.973388671875,434.27716064453125,761.172607421875,436.32501220703125,784.951171875,450.5323791503906,772.1171264648438,452.19073486328125,797.664306640625,479.33953857421875,774.037353515625,480.2576904296875,787.3253173828125,498.49078369140625,764.0048217773438,495.4221496582031,798.615478515625,504.42584228515625,790.1588745117188,504.56817626953125,788.6541748046875,551.0203857421875,786.6412353515625,550.8170166015625,793.501708984375,591.5732421875,791.0733032226562,589.5850219726562
757.1919555664062,441.0308837890625,758.2588500976562,436.46343994140625,756.936767578125,437.061767578125,767.9500732421875,434.2633056640625,761.2274169921875,436.29742431640625,784.9293212890625,450.5911560058594,772.238037109375,452.207763671875,797.5341796875,479.4950866699219,774.1206665039062,480.324462890625,786.9873046875,498.50103759765625,763.9389038085938,495.3728942871094,798.5758056640625,504.64459228515625,790.2001953125,504.76312255859375,788.6351318359375,551.4352416992188,786.6773681640625,551.218994140625,793.4586181640625,592.0848999023438,791.0323486328125,590.070068359375
758.3094482421875,439.25732421875,759.6353759765625,434.79461669921875,757.8909912109375,435.51470947265625,768.9224853515625,433.6531677246094,765.5870971679688,435.19903564453125,787.284423828125,450.2457275390625,770.0760498046875,454.3083801269531,807.4967651367188,474.99871826171875,769.0991821289062,480.46929931640625,799.419921875,492.6298828125,756.8063354492188,489.6616516113281,803.46337890625,503.3956298828125,793.6451416015625,505.40606689453125,800.2589111328125,551.619873046875,792.6849975585938,555.3765869140625,806.4368896484375,583.6832885742188,803.158203125,589.3944091796875
761.86767578125,435.239990234375,763.2520141601562,430.9989013671875,760.3841552734375,432.24603271484375,771.7139892578125,430.5987548828125,764.024169921875,433.68914794921875,790.6337890625,445.60687255859375,766.8349609375,452.30322265625,813.9674072265625,466.6042785644531,765.0698852539062,476.01849365234375,812.1937255859375,484.6408996582031,758.5166625976562,483.53692626953125,808.7520751953125,488.66015625,794.6104736328125,492.1009521484375,804.7344970703125,527.7223510742188,794.603759765625,532.7946166992188,813.345458984375,556.2383422851562,809.095703125,563.1429443359375
761.8648071289062,430.7421569824219,763.1585693359375,426.7352600097656,760.4300537109375,427.58636474609375,771.2857666015625,424.96246337890625,764.9761962890625,426.93328857421875,790.625732421875,437.16778564453125,772.3121337890625,439.579833984375,810.8351440429688,464.37799072265625,769.1409301757812,464.60882568359375,805.6978759765625,492.01025390625,762.5677490234375,478.5918273925781,816.7467041015625,472.27520751953125,806.3428344726562,473.3355712890625,803.076171875,515.0069580078125,796.1680297851562,516.8513793945312,821.2608032226562,553.1748046875,818.3460693359375,554.0199584960938
768.305419921875,427.6145324707031,769.6009521484375,423.86297607421875,765.3807983398438,424.9547119140625,775.4132080078125,423.97900390625,765.9366455078125,426.55206298828125,792.914306640625,436.7040710449219,771.8091430664062,441.9686279296875,818.309814453125,457.00946044921875,776.9588012695312,465.7936706542969,825.3687744140625,481.63153076171875,779.5736083984375,480.0991516113281,818.495361328125,468.57568359375,805.7977294921875,471.29736328125,807.492431640625,506.7095031738281,796.6752319335938,509.91583251953125,819.8120727539062,545.470947265625,812.9371948242188,547.07275390625
770.5150146484375,427.33270263671875,771.3094482421875,422.02899169921875,766.4976806640625,423.5854797363281,778.6759643554688,419.2166748046875,763.8585815429688,423.0724182128906,798.3736572265625,433.02734375,771.322021484375,438.115966796875,820.9755859375,453.5889892578125,775.06982421875,462.36114501953125,825.27685546875,479.79888916015625,773.0447387695312,481.95159912109375,823.9266357421875,471.716796875,806.6549072265625,474.09747314453125,812.850341796875,510.16650390625,805.3375854492188,511.60986328125,815.7069091796875,549.1356201171875,811.1197509765625,548.8657836914062
770.52587890625,427.235107421875,771.3182373046875,421.8956298828125,766.4141845703125,423.48785400390625,778.7010498046875,419.123046875,763.690185546875,423.06103515625,798.466064453125,433.0828857421875,771.205078125,438.269775390625,821.2039794921875,453.642822265625,775.093505859375,462.60546875,825.481689453125,479.960205078125,773.2684936523438,482.2705078125,824.197265625,471.90423583984375,806.790771484375,474.32470703125,813.128173828125,510.19732666015625,805.6016235351562,511.6656494140625,815.925537109375,549.1239624023438,811.5003662109375,548.879150390625
772.4525756835938,431.8038330078125,772.9630126953125,426.73193359375,769.81103515625,427.9820251464844,780.8834838867188,423.4346008300781,769.7413330078125,426.62664794921875,801.4200439453125,436.09967041015625,778.645751953125,440.0477600097656,823.18310546875,458.50567626953125,782.865478515625,464.956298828125,823.283447265625,485.13043212890625,777.943359375,485.538330078125,826.5089111328125,472.8824462890625,811.6905517578125,474.5796203613281,812.9957885742188,510.1837158203125,806.3648681640625,511.03082275390625,819.0562744140625,550.5745849609375,814.6336669921875,549.5791015625
774.7108154296875,432.5518798828125,775.8590698242188,427.8860778808594,772.6115112304688,429.01904296875,784.0780029296875,425.47357177734375,772.8264770507812,428.58258056640625,803.2593994140625,438.7640075683594,779.2139892578125,443.41839599609375,826.9625244140625,459.5426330566406,782.9485473632812,467.9244384765625,831.0199584960938,485.552978515625,780.6029663085938,487.1444091796875,821.9463500976562,477.63775634765625,806.64990234375,479.65130615234375,815.697509765625,513.8712158203125,805.1593017578125,515.1240844726562,823.9083251953125,550.8697509765625,813.9588623046875,550.6203002929688
777.806396484375,437.6120910644531,779.4483642578125,433.090576171875,775.7686157226562,434.358154296875,787.8554077148438,431.80181884765625,777.9749755859375,435.1202392578125,808.496337890625,444.2510986328125,784.5511474609375,452.982177734375,835.513916015625,465.7713317871094,789.59912109375,481.3299560546875,839.3626098632812,489.976806640625,786.3734130859375,497.99798583984375,834.501708984375,485.0627746582031,819.5286254882812,489.40887451171875,820.4578857421875,524.151123046875,806.0926513671875,529.6638793945312,838.50244140625,566.7379150390625,825.6150512695312,572.5914916992188
778.5562133789062,440.1895751953125,780.2535400390625,435.78759765625,776.864501953125,436.57373046875,788.2796630859375,434.82427978515625,779.7327880859375,436.77655029296875,808.285400390625,447.3097229003906,786.068603515625,453.7489013671875,834.5110473632812,468.70794677734375,794.4749755859375,482.4721984863281,838.319580078125,491.62933349609375,794.736572265625,502.5319519042969,833.470947265625,488.2474365234375,818.9734497070312,491.394775390625,821.8541259765625,527.658203125,804.2217407226562,531.21240234375,841.3606567382812,571.18115234375,822.4295654296875,573.947998046875
781.2393798828125,442.0990905761719,782.5699462890625,437.6051330566406,779.51611328125,438.9254150390625,790.848876953125,436.8353576660156,783.6047973632812,439.9849548339844,810.8541870117188,450.0196533203125,791.6017456054688,458.1925964355469,837.036376953125,470.9593505859375,794.3003540039062,486.186279296875,841.3156127929688,494.01458740234375,789.3056030273438,503.68865966796875,837.1693115234375,491.5458984375,825.4207763671875,495.4014587402344,820.73388671875,528.7398681640625,807.8908081054688,533.649658203125,838.1720581054688,568.7565307617188,824.888427734375,574.0594482421875
781.3385009765625,442.18194580078125,782.6583251953125,437.6818542480469,779.59814453125,439.02178955078125,790.9248046875,436.8861083984375,783.650634765625,440.08782958984375,810.9201049804688,450.0335998535156,791.652587890625,458.28778076171875,837.048095703125,470.8736572265625,794.298828125,486.19500732421875,841.28857421875,493.96234130859375,789.2726440429688,503.6146240234375,837.2111206054688,491.5381164550781,825.4705810546875,495.4351501464844,820.7594604492188,528.755859375,808.0692138671875,533.7247314453125,838.0404052734375,568.8005981445312,825.037109375,574.1856689453125
782.467041015625,442.92193603515625,784.4044189453125,437.8970031738281,780.0305786132812,439.23468017578125,794.3258056640625,435.801025390625,781.2664794921875,439.4568786621094,812.76025390625,449.92230224609375,790.0028076171875,454.77056884765625,832.5972290039062,474.0120849609375,793.515625,481.524169921875,834.616943359375,498.089111328125,792.9570922851562,500.1458740234375,834.0624389648438,492.47161865234375,819.6629638671875,494.24383544921875,822.832275390625,525.6228637695312,815.687255859375,526.557373046875,838.3980712890625,567.122802734375,834.550048828125,566.22314453125
780.8642578125,438.4501647949219,783.0999755859375,433.5029296875,778.739501953125,434.79364013671875,794.391845703125,431.83050537109375,781.257568359375,435.44903564453125,817.05322265625,447.24603271484375,787.9544677734375,452.68353271484375,843.2378540039062,471.961669921875,792.609130859375,481.51556396484375,846.6451416015625,500.3912658691406,796.0697021484375,503.01275634765625,837.7974243164062,494.78759765625,819.2803344726562,496.96435546875,835.9598388671875,532.790283203125,820.7125854492188,534.3823852539062,848.4417114257812,570.7017822265625,834.3458862304688,570.1514892578125
790.3778686523438,429.1387939453125,792.2999267578125,424.7831726074219,787.728515625,425.794921875,801.5364990234375,425.72564697265625,788.209228515625,427.78839111328125,821.5907592773438,442.876220703125,791.5552368164062,445.094482421875,841.159912109375,465.1612243652344,795.8834228515625,467.0781555175781,842.8746337890625,488.28826904296875,802.4086303710938,485.484130859375,838.386474609375,484.5828857421875,818.0654296875,485.6217956542969,843.223876953125,520.9242553710938,812.7859497070312,520.9291381835938,846.8428955078125,563.900390625,815.8529663085938,562.401123046875
794.3395385742188,421.72247314453125,796.3822631835938,417.31109619140625,790.944091796875,418.608154296875,805.5338134765625,418.74615478515625,789.7783813476562,421.7029724121094,826.2097778320312,438.06427001953125,793.0758056640625,440.4185791015625,845.2666625976562,463.46026611328125,795.0762939453125,462.51300048828125,841.5748901367188,484.52960205078125,802.7330322265625,474.78131103515625,841.1998291015625,481.3123779296875,818.4613037109375,482.1101989746094,845.092041015625,517.4854125976562,808.9389038085938,517.01513671875,847.7232666015625,562.6912231445312,810.1131591796875,559.758056640625
797.1488037109375,419.18341064453125,798.8720703125,414.75933837890625,794.050048828125,416.22161865234375,807.646484375,414.7735595703125,792.9156494140625,418.2386169433594,827.898193359375,431.6783752441406,796.193115234375,435.41607666015625,844.3345947265625,457.24969482421875,799.4426879882812,460.2845458984375,832.5701293945312,471.6775817871094,812.3404541015625,468.87860107421875,842.5545043945312,475.717041015625,820.531982421875,477.0286560058594,847.1319580078125,512.8674926757812,812.3897705078125,512.9053955078125,850.4432373046875,557.383544921875,814.3082885742188,554.9376220703125
797.063720703125,419.2685546875,798.79931640625,414.82049560546875,793.9180297851562,416.2980651855469,807.5864868164062,414.7757263183594,792.730224609375,418.301513671875,827.9420166015625,431.6934814453125,796.061279296875,435.4596862792969,844.5686645507812,457.31707763671875,799.3984375,460.3116760253906,832.9515380859375,472.1505432128906,811.8967895507812,469.276123046875,842.4320068359375,475.76336669921875,820.3128662109375,477.0694885253906,847.194091796875,512.9411010742188,812.29296875,512.9342651367188,850.527587890625,557.7085571289062,814.3543701171875,555.155517578125
801.0732421875,416.6739807128906,802.4337158203125,411.93115234375,797.9533081054688,413.87603759765625,810.806640625,409.9695739746094,796.8963623046875,414.8432922363281,832.0374755859375,424.8434143066406,799.846923828125,430.6654357910156,848.422119140625,449.6298828125,801.2363891601562,455.72515869140625,839.6624755859375,471.37237548828125,810.8003540039062,469.065185546875,844.6561279296875,468.9546203613281,822.6494140625,471.1815185546875,849.120849609375,509.917724609375,814.761474609375,510.96807861328125,855.669921875,554.3645629882812,819.968017578125,552.7430419921875
807.5965576171875,411.64459228515625,810.3511962890625,406.73895263671875,804.867919921875,408.01458740234375,819.63232421875,404.7605895996094,804.0781860351562,408.5470275878906,837.549072265625,418.71832275390625,807.036865234375,423.5362548828125,851.9671630859375,440.3169250488281,807.706787109375,446.8284912109375,842.16796875,454.4920349121094,811.9656982421875,456.9437255859375,847.5194091796875,462.15606689453125,826.4833984375,463.865966796875,849.3023681640625,503.89068603515625,819.1822509765625,505.1397399902344,860.0418701171875,548.4238891601562,825.711181640625,548.4110107421875
810.5284423828125,400.19964599609375,812.192626953125,395.70526123046875,807.62548828125,397.4803466796875,820.801025390625,394.4096374511719,806.7808227539062,398.7808837890625,839.0947265625,409.97052001953125,808.3599853515625,416.7437438964844,852.6995849609375,431.9656677246094,807.1290893554688,443.29815673828125,846.7928466796875,449.8645935058594,814.0831298828125,456.7207946777344,848.6372680664062,458.4749450683594,827.75341796875,461.3515319824219,854.30615234375,500.6772766113281,821.5885009765625,503.3028259277344,861.693603515625,544.0834350585938,824.1513671875,546.185546875
821.4603881835938,397.30352783203125,823.2409057617188,392.8121337890625,818.6141967773438,394.3658447265625,831.0892333984375,392.22503662109375,816.68115234375,396.0696716308594,847.6666259765625,410.4288330078125,814.2310180664062,416.54583740234375,861.1111450195312,432.92254638671875,811.0721435546875,443.6342468261719,859.716552734375,460.297119140625,819.3385009765625,464.89117431640625,851.9811401367188,460.418212890625,829.4434204101562,463.1986083984375,859.5091552734375,500.35137939453125,823.4600830078125,503.3416442871094,865.4930419921875,539.8148193359375,825.99853515625,543.10400390625
824.6798095703125,396.9104919433594,827.0540771484375,392.34600830078125,821.2784423828125,393.60064697265625,834.8596801757812,391.724365234375,817.459228515625,395.01190185546875,850.3536987304688,409.1317138671875,813.9371337890625,414.67962646484375,865.1490478515625,431.38153076171875,810.6990966796875,440.1737365722656,867.3082275390625,458.46923828125,815.4508666992188,460.8173828125,854.4476318359375,458.8978271484375,829.1663818359375,461.5303955078125,864.1316528320312,497.29705810546875,820.55078125,500.07379150390625,874.45751953125,539.6740112304688,823.3253173828125,542.3162841796875
824.75,396.889892578125,827.129638671875,392.3313903808594,821.3575439453125,393.5750427246094,834.92333984375,391.7341003417969,817.5341796875,394.994140625,850.402099609375,409.16656494140625,813.9393310546875,414.67578125,865.179443359375,431.4422607421875,810.7120361328125,440.1761169433594,867.3240966796875,458.5166015625,815.5457153320312,460.80072021484375,854.4422607421875,459.00421142578125,829.1303100585938,461.62359619140625,864.1481323242188,497.35406494140625,820.5655517578125,500.11962890625,874.457763671875,539.6856689453125,823.3721923828125,542.3215942382812
834.120849609375,397.257080078125,836.21728515625,392.9498291015625,831.086669921875,393.87725830078125,840.1212158203125,393.02301025390625,827.3037109375,395.68377685546875,851.2425537109375,410.02490234375,821.5962524414062,414.34173583984375,867.284912109375,432.40087890625,815.7784423828125,440.05462646484375,872.04833984375,454.99395751953125,816.8668212890625,460.00213623046875,853.424560546875,458.6796875,833.161376953125,460.90191650390625,869.5928955078125,496.38348388671875,823.6679077148438,498.0419921875,882.8655395507812,532.9835815429688,822.8585205078125,534.6717529296875
838.76806640625,397.0961608886719,841.31982421875,392.658203125,835.6419067382812,393.4128112792969,846.5848388671875,392.65447998046875,831.2669677734375,394.9378967285156,858.0671997070312,409.2620544433594,825.2392578125,412.79833984375,874.5394287109375,428.6455078125,817.656494140625,434.85662841796875,877.21826171875,443.806640625,820.1771850585938,447.7239990234375,856.9581298828125,456.356201171875,834.0025634765625,458.09857177734375,872.5746459960938,491.9072570800781,824.6445922851562,493.7249450683594,880.9129028320312,530.50244140625,818.8438110351562,532.487060546875
846.1025390625,390.0738830566406,848.4717407226562,386.424072265625,842.6987915039062,387.1610107421875,854.714599609375,387.09796142578125,838.1588134765625,388.77813720703125,866.8516845703125,403.8096923828125,832.2442016601562,407.35052490234375,879.28955078125,422.3272705078125,823.5391845703125,430.9223327636719,882.3836669921875,436.842041015625,827.106201171875,448.779052734375,866.80322265625,453.16375732421875,843.393310546875,454.56463623046875,869.5706176757812,490.06781005859375,831.9266357421875,491.3984375,868.5181274414062,527.2725830078125,824.8292236328125,528.2913818359375
857.86181640625,391.50738525390625,859.846923828125,387.357666015625,854.4927978515625,388.36810302734375,865.042236328125,388.256103515625,849.093017578125,390.30364990234375,875.523681640625,406.763916015625,840.31982421875,411.1088562011719,886.2864990234375,422.26373291015625,826.9495239257812,434.10491943359375,883.2091064453125,436.5008544921875,838.6429443359375,453.18310546875,874.4400634765625,457.0001220703125,850.87646484375,458.6829833984375,873.9424438476562,490.08514404296875,838.9279174804688,492.1278076171875,869.61572265625,525.58154296875,833.3826904296875,528.9465942382812
867.5609130859375,384.92041015625,869.6934814453125,380.6646728515625,863.6990966796875,381.37738037109375,873.1239624023438,382.4732666015625,856.3541259765625,383.4317626953125,880.9802856445312,402.501708984375,845.948486328125,404.6761474609375,883.7467041015625,424.9134521484375,835.33740234375,429.7191467285156,876.9947509765625,440.20245361328125,849.2332763671875,444.0585021972656,878.665283203125,452.4839172363281,854.801513671875,453.527099609375,876.4865112304688,488.1766662597656,842.454345703125,489.9383239746094,871.19677734375,528.6445922851562,837.428466796875,532.8184814453125
867.6658935546875,385.0325927734375,869.7816162109375,380.77935791015625,863.8118896484375,381.48486328125,873.162353515625,382.56915283203125,856.452880859375,383.4965515136719,880.9658203125,402.5492248535156,846.045166015625,404.621337890625,883.578369140625,425.01324462890625,835.2711181640625,429.56097412109375,876.76171875,440.5081787109375,849.0950927734375,444.153564453125,878.7694702148438,452.3616027832031,854.9827880859375,453.3631896972656,876.5040283203125,488.0594787597656,842.578125,489.75628662109375,871.255615234375,528.418701171875,837.5504150390625,532.5158081054688
878.270751953125,383.73443603515625,881.241455078125,379.1653747558594,873.7757568359375,379.03143310546875,883.9572143554688,380.8369445800781,865.6414794921875,380.335693359375,886.1376342773438,401.66082763671875,854.2509155273438,401.4472961425781,888.3660888671875,431.8656005859375,851.448486328125,433.32464599609375,882.2471923828125,447.2348327636719,871.3756103515625,448.31011962890625,879.1785278320312,451.02392578125,856.91357421875,451.74786376953125,894.33154296875,478.4510192871094,854.7508544921875,479.35308837890625,879.9468994140625,526.6822509765625,837.4273681640625,528.3179931640625
885.1187744140625,382.01220703125,887.3919677734375,377.88641357421875,880.9921875,377.9068908691406,888.64794921875,379.47705078125,873.902099609375,379.4057922363281,890.8222045898438,398.7743225097656,863.5028076171875,399.3883056640625,895.5794677734375,425.5088195800781,861.51025390625,429.1244201660156,893.5955200195312,443.28564453125,877.6876831054688,445.8299560546875,885.384521484375,445.4087219238281,866.21875,446.2909240722656,898.6144409179688,478.04901123046875,859.45751953125,478.998779296875,887.1697998046875,518.12744140625,841.224365234375,520.0565185546875
894.45703125,383.52960205078125,895.9654541015625,379.4585266113281,890.0663452148438,379.47979736328125,894.983154296875,381.55413818359375,880.8636474609375,381.32965087890625,893.986328125,401.5906677246094,869.116455078125,402.2119445800781,899.6363525390625,427.3125,869.0504150390625,431.78900146484375,901.0645751953125,438.43438720703125,888.175048828125,441.63916015625,885.3900146484375,449.304443359375,867.778076171875,450.5546875,904.3848266601562,476.6356201171875,867.3865356445312,478.04345703125,888.9402465820312,519.1600952148438,845.448974609375,521.9349975585938
908.3629760742188,385.0511474609375,907.092041015625,380.7521667480469,905.0106201171875,381.5220947265625,898.1048583984375,381.264404296875,895.8330688476562,382.54364013671875,893.5135498046875,399.25830078125,885.5584716796875,401.4630432128906,902.5497436523438,420.7037353515625,887.9068603515625,424.89398193359375,911.8636474609375,434.6402587890625,903.85693359375,436.92889404296875,879.5300903320312,449.3020935058594,876.0140380859375,450.72052001953125,886.6251220703125,483.5523681640625,886.2626953125,485.07379150390625,873.2997436523438,521.7899169921875,882.3631591796875,526.815673828125
911.5200805664062,384.8843994140625,912.4594116210938,381.40081787109375,908.5640258789062,381.43182373046875,908.9696044921875,382.15264892578125,899.6077880859375,381.7132568359375,905.9298706054688,399.13372802734375,885.7450561523438,398.9512023925781,912.5643310546875,418.499267578125,880.4681396484375,420.59368896484375,918.1356811523438,429.7183837890625,899.6039428710938,434.35894775390625,890.9818115234375,444.65386962890625,875.5074462890625,444.4428405761719,902.5365600585938,480.3060302734375,863.5420532226562,480.1134338378906,903.521240234375,515.2745361328125,849.04833984375,518.0906982421875
911.58447265625,384.9447021484375,912.5057373046875,381.44677734375,908.6380004882812,381.48345947265625,908.9357299804688,382.16070556640625,899.68408203125,381.74591064453125,905.7163696289062,399.02117919921875,885.9175415039062,398.9085693359375,912.3936767578125,418.30352783203125,880.8385009765625,420.54168701171875,918.0272827148438,429.5008850097656,899.9923095703125,434.249267578125,890.5610961914062,444.35321044921875,875.5867309570312,444.18218994140625,901.3778076171875,479.93572998046875,864.77685546875,479.7977600097656,901.593994140625,514.7410888671875,851.1329956054688,517.6463012695312
921.6055297851562,381.9283447265625,922.7537841796875,378.7686767578125,918.8040161132812,378.7493896484375,920.908447265625,380.2253723144531,911.9989013671875,379.88818359375,920.6707763671875,398.7021789550781,899.4314575195312,398.3118896484375,931.4000244140625,417.3743896484375,894.7424926757812,419.173583984375,938.4552001953125,429.9313659667969,911.0256958007812,434.31585693359375,905.684814453125,439.2058410644531,887.7392578125,439.01776123046875,926.113525390625,473.16229248046875,869.0635986328125,472.65802001953125,935.3753662109375,510.0694580078125,851.3157958984375,511.1331787109375
934.389404296875,377.6399230957031,935.4207763671875,373.939453125,931.1861572265625,374.21832275390625,932.1661376953125,375.5199279785156,924.0980224609375,375.98876953125,928.0794067382812,395.3046875,913.8378295898438,395.53076171875,938.9989013671875,415.384033203125,915.1931762695312,417.58660888671875,949.7733154296875,429.5203857421875,935.7735595703125,431.822021484375,905.2124633789062,435.6787109375,895.6594848632812,435.2578125,906.5489501953125,469.1144714355469,889.706298828125,468.48101806640625,895.803955078125,506.12103271484375,878.6533813476562,507.62030029296875
0.0,0.0,0.0,0.0,0.0,0.0,0.0,0.0,0.0,0.0,0.0,0.0,0.0,0.0,0.0,0.0,0.0,0.0,0.0,0.0,0.0,0.0,0.0,0.0,0.0,0.0,0.0,0.0,0.0,0.0,0.0,0.0,0.0,0.0
957.2274169921875,365.39300537109375,957.3934936523438,361.2300109863281,955.041015625,361.5041198730469,952.398681640625,360.6354675292969,948.1544189453125,361.24853515625,943.4166870117188,377.4703369140625,939.5345458984375,378.81103515625,955.536376953125,396.7310791015625,945.8828125,401.56085205078125,975.6223754882812,400.3233642578125,958.5550537109375,404.22479248046875,921.2723388671875,430.62078857421875,918.9783935546875,431.55181884765625,934.3641357421875,462.5301513671875,919.4432373046875,463.11688232421875,917.98974609375,498.56011962890625,896.2417602539062,501.8087158203125
956.172607421875,357.8892822265625,957.0880126953125,354.47515869140625,953.3846435546875,354.7978820800781,955.9473876953125,356.6148681640625,949.4990234375,357.0176696777344,957.7174072265625,375.83514404296875,942.270263671875,374.7672119140625,968.112548828125,391.96710205078125,950.9932250976562,390.3219909667969,982.027099609375,386.81512451171875,977.708740234375,387.0991516113281,942.6531982421875,428.9909362792969,927.9479370117188,428.6461486816406,954.4425659179688,467.91546630859375,911.5541381835938,466.6625061035156,951.0979614257812,503.1427001953125,885.6285400390625,502.9018249511719
956.19482421875,358.0633544921875,957.1025390625,354.6357421875,953.3724365234375,354.97320556640625,955.9329833984375,356.771728515625,949.4173583984375,357.21051025390625,957.6800537109375,376.03070068359375,942.21044921875,375.01055908203125,968.1624755859375,392.207763671875,950.9886474609375,390.6358337402344,981.9678955078125,387.0709228515625,977.7387084960938,387.365966796875,942.4268188476562,429.2340087890625,927.7257080078125,428.895751953125,954.1229248046875,468.0037536621094,911.35498046875,466.77020263671875,950.6284790039062,503.29949951171875,885.3865966796875,503.09637451171875
967.5594482421875,351.3804931640625,968.0663452148438,347.458984375,964.3648681640625,347.77703857421875,965.3173828125,347.82958984375,958.1332397460938,347.8165588378906,964.8294067382812,365.18182373046875,949.7288818359375,364.169189453125,971.42578125,387.3514709472656,955.16015625,386.7833251953125,981.6593017578125,380.53448486328125,979.1778564453125,384.9192810058594,953.7806396484375,418.951904296875,940.975830078125,418.5313720703125,964.08837890625,460.736328125,930.082275390625,459.458740234375,959.0972900390625,494.8311767578125,907.2526245117188,494.37335205078125
974.6138916015625,346.2006530761719,974.8095703125,342.21173095703125,971.4124755859375,342.52142333984375,969.9822998046875,342.46136474609375,964.5250854492188,343.33245849609375,966.4246215820312,359.1330871582031,960.820068359375,360.6900329589844,978.2694091796875,374.81097412109375,972.2813720703125,379.2210388183594,990.7560424804688,365.9848937988281,988.5849609375,369.391845703125,957.851318359375,415.04815673828125,953.8844604492188,415.85687255859375,960.875244140625,457.742431640625,953.1480712890625,458.1171569824219,955.2791748046875,493.5429382324219,941.8500366210938,496.1179504394531
982.9173583984375,341.8325500488281,980.9398193359375,337.5807800292969,979.1314697265625,338.38116455078125,972.2679443359375,339.27130126953125,971.3985595703125,339.9931945800781,973.107177734375,356.44598388671875,968.1556396484375,356.3270263671875,989.8011474609375,370.292236328125,986.3253173828125,369.48529052734375,1008.748046875,358.8824462890625,1004.231201171875,356.30078125,966.643310546875,412.124755859375,963.4735107421875,412.2118835449219,967.7030639648438,456.8870544433594,964.001953125,456.07086181640625,957.19921875,493.27362060546875,953.2506103515625,494.4648742675781
988.936279296875,339.37799072265625,987.5628662109375,335.6380615234375,984.68212890625,336.16986083984375,980.0867919921875,338.78485107421875,976.528564453125,338.8582458496094,980.519287109375,357.68359375,974.554443359375,357.1764221191406,1000.9569091796875,371.72796630859375,996.08154296875,370.7091064453125,1021.2610473632812,364.3931579589844,1018.9349365234375,361.09130859375,977.1795043945312,410.73199462890625,973.3955078125,410.9197082519531,983.7160034179688,452.5799560546875,980.027099609375,451.94232177734375,965.9195556640625,483.9919738769531,961.7228393554688,484.9983215332031
992.9324340820312,337.70513916015625,992.7381591796875,334.2064208984375,988.7411499023438,334.7950134277344,989.0023193359375,336.5964660644531,980.6527099609375,337.1706848144531,992.4483642578125,352.79107666015625,975.569091796875,353.8755798339844,1007.90087890625,366.30126953125,990.8512573242188,367.93646240234375,1016.767578125,359.99114990234375,1011.3264770507812,358.7789306640625,990.3135986328125,404.3277587890625,978.213134765625,405.4333190917969,1002.1353149414062,444.99395751953125,984.859375,446.08935546875,988.24658203125,474.6954345703125,966.4010009765625,477.51177978515625
993.0513916015625,337.64385986328125,992.8607177734375,334.14984130859375,988.8602294921875,334.7322082519531,989.0890502929688,336.5523376464844,980.740478515625,337.1133117675781,992.4521484375,352.7679748535156,975.621826171875,353.84942626953125,1007.8881225585938,366.2681884765625,990.8740234375,367.90753173828125,1016.8240966796875,359.9447937011719,1011.335205078125,358.75250244140625,990.29345703125,404.27862548828125,978.2213745117188,405.3841552734375,1002.073486328125,444.923583984375,984.7489013671875,446.0261535644531,988.3375244140625,474.6165771484375,966.369140625,477.4761962890625
1000.7911376953125,338.472900390625,1001.4517822265625,335.0019226074219,996.3402099609375,335.4313659667969,999.0733642578125,337.39117431640625,988.087646484375,337.54547119140625,998.66943359375,352.46142578125,982.4760131835938,353.14111328125,1013.4186401367188,359.8929443359375,990.412841796875,363.69195556640625,1030.874755859375,350.66680908203125,1010.6551513671875,357.96234130859375,994.7335205078125,404.118408203125,983.4876708984375,405.337890625,1014.8275146484375,440.18670654296875,999.534423828125,440.91064453125,994.7091064453125,472.42364501953125,973.1336669921875,474.27655029296875
1007.6735229492188,336.4326477050781,1008.7395629882812,333.22991943359375,1003.927490234375,333.5957336425781,1008.228271484375,336.196044921875,997.9976806640625,336.5477294921875,1010.1128540039062,351.91876220703125,992.241943359375,353.86053466796875,1018.029052734375,360.5350341796875,998.5596313476562,365.3836669921875,1020.3308715820312,351.91064453125,1011.1822509765625,360.0178527832031,1008.397705078125,402.79736328125,993.4531860351562,404.52825927734375,1029.14306640625,439.353515625,993.3961181640625,441.70831298828125,1019.03955078125,469.0198059082031,964.3009643554688,473.425048828125
0.0,0.0,0.0,0.0,0.0,0.0,0.0,0.0,0.0,0.0,0.0,0.0,0.0,0.0,0.0,0.0,0.0,0.0,0.0,0.0,0.0,0.0,0.0,0.0,0.0,0.0,0.0,0.0,0.0,0.0,0.0,0.0,0.0,0.0
0.0,0.0,0.0,0.0,0.0,0.0,0.0,0.0,0.0,0.0,0.0,0.0,0.0,0.0,0.0,0.0,0.0,0.0,0.0,0.0,0.0,0.0,0.0,0.0,0.0,0.0,0.0,0.0,0.0,0.0,0.0,0.0,0.0,0.0
0.0,0.0,0.0,0.0,0.0,0.0,0.0,0.0,0.0,0.0,0.0,0.0,0.0,0.0,0.0,0.0,0.0,0.0,0.0,0.0,0.0,0.0,0.0,0.0,0.0,0.0,0.0,0.0,0.0,0.0,0.0,0.0,0.0,0.0
0.0,0.0,0.0,0.0,0.0,0.0,0.0,0.0,0.0,0.0,0.0,0.0,0.0,0.0,0.0,0.0,0.0,0.0,0.0,0.0,0.0,0.0,0.0,0.0,0.0,0.0,0.0,0.0,0.0,0.0,0.0,0.0,0.0,0.0
0.0,0.0,0.0,0.0,0.0,0.0,0.0,0.0,0.0,0.0,0.0,0.0,0.0,0.0,0.0,0.0,0.0,0.0,0.0,0.0,0.0,0.0,0.0,0.0,0.0,0.0,0.0,0.0,0.0,0.0,0.0,0.0,0.0,0.0
0.0,0.0,0.0,0.0,0.0,0.0,0.0,0.0,0.0,0.0,0.0,0.0,0.0,0.0,0.0,0.0,0.0,0.0,0.0,0.0,0.0,0.0,0.0,0.0,0.0,0.0,0.0,0.0,0.0,0.0,0.0,0.0,0.0,0.0
1062.90185546875,350.6749267578125,1063.925537109375,347.19207763671875,1060.0009765625,347.6003112792969,1064.044677734375,347.0517883300781,1053.6055908203125,347.7851867675781,1070.9161376953125,358.7520751953125,1044.205322265625,359.8330993652344,1089.3583984375,363.81317138671875,1027.5328369140625,366.8423767089844,1103.105712890625,351.6627502441406,1022.7760009765625,354.7171630859375,1067.59619140625,405.76104736328125,1050.7999267578125,406.26947021484375,1073.9486083984375,436.59295654296875,1045.390869140625,437.185546875,1075.95654296875,461.8052673339844,1036.8466796875,463.4995422363281
1070.2725830078125,353.29156494140625,1072.533935546875,350.1720886230469,1067.41455078125,349.92547607421875,1075.261474609375,350.2876281738281,1061.1002197265625,349.36688232421875,1078.2432861328125,363.44451904296875,1048.68896484375,362.8427734375,1097.756591796875,367.3345642089844,1026.431640625,370.2087707519531,1115.4747314453125,355.99298095703125,1023.412353515625,366.57391357421875,1063.1170654296875,410.99847412109375,1045.419677734375,411.150390625,1074.3316650390625,442.97381591796875,1059.0089111328125,443.11474609375,1056.984130859375,466.2485046386719,1040.265380859375,466.7396240234375
0.0,0.0,0.0,0.0,0.0,0.0,0.0,0.0,0.0,0.0,0.0,0.0,0.0,0.0,0.0,0.0,0.0,0.0,0.0,0.0,0.0,0.0,0.0,0.0,0.0,0.0,0.0,0.0,0.0,0.0,0.0,0.0,0.0,0.0
0.0,0.0,0.0,0.0,0.0,0.0,0.0,0.0,0.0,0.0,0.0,0.0,0.0,0.0,0.0,0.0,0.0,0.0,0.0,0.0,0.0,0.0,0.0,0.0,0.0,0.0,0.0,0.0,0.0,0.0,0.0,0.0,0.0,0.0
0.0,0.0,0.0,0.0,0.0,0.0,0.0,0.0,0.0,0.0,0.0,0.0,0.0,0.0,0.0,0.0,0.0,0.0,0.0,0.0,0.0,0.0,0.0,0.0,0.0,0.0,0.0,0.0,0.0,0.0,0.0,0.0,0.0,0.0
1074.97705078125,344.62640380859375,1077.633056640625,341.071533203125,1071.4306640625,340.72698974609375,1079.271484375,341.971923828125,1062.623046875,340.3411865234375,1076.8948974609375,358.83416748046875,1050.12109375,354.58929443359375,1084.5987548828125,383.4022521972656,1028.8160400390625,364.408447265625,1091.3585205078125,405.90606689453125,1034.783447265625,363.98699951171875,1066.524169921875,399.64971923828125,1048.772705078125,399.3302307128906,1084.654541015625,431.0980224609375,1054.8251953125,432.9071044921875,1072.5145263671875,457.775390625,1033.7034912109375,463.776123046875
0.0,0.0,0.0,0.0,0.0,0.0,0.0,0.0,0.0,0.0,0.0,0.0,0.0,0.0,0.0,0.0,0.0,0.0,0.0,0.0,0.0,0.0,0.0,0.0,0.0,0.0,0.0,0.0,0.0,0.0,0.0,0.0,0.0,0.0
0.0,0.0,0.0,0.0,0.0,0.0,0.0,0.0,0.0,0.0,0.0,0.0,0.0,0.0,0.0,0.0,0.0,0.0,0.0,0.0,0.0,0.0,0.0,0.0,0.0,0.0,0.0,0.0,0.0,0.0,0.0,0.0,0.0,0.0
0.0,0.0,0.0,0.0,0.0,0.0,0.0,0.0,0.0,0.0,0.0,0.0,0.0,0.0,0.0,0.0,0.0,0.0,0.0,0.0,0.0,0.0,0.0,0.0,0.0,0.0,0.0,0.0,0.0,0.0,0.0,0.0,0.0,0.0
0.0,0.0,0.0,0.0,0.0,0.0,0.0,0.0,0.0,0.0,0.0,0.0,0.0,0.0,0.0,0.0,0.0,0.0,0.0,0.0,0.0,0.0,0.0,0.0,0.0,0.0,0.0,0.0,0.0,0.0,0.0,0.0,0.0,0.0
0.0,0.0,0.0,0.0,0.0,0.0,0.0,0.0,0.0,0.0,0.0,0.0,0.0,0.0,0.0,0.0,0.0,0.0,0.0,0.0,0.0,0.0,0.0,0.0,0.0,0.0,0.0,0.0,0.0,0.0,0.0,0.0,0.0,0.0
1069.1173095703125,336.0225830078125,1071.4124755859375,332.61553955078125,1066.68603515625,332.2806701660156,1072.31982421875,333.68597412109375,1060.18017578125,331.9612121582031,1070.9014892578125,349.08135986328125,1044.4503173828125,346.43951416015625,1074.7904052734375,365.8102111816406,1023.5679931640625,362.6613464355469,1080.3623046875,362.7298583984375,1026.1944580078125,363.86639404296875,1052.7183837890625,392.8287048339844,1034.648681640625,392.0312805175781,1064.587890625,420.04449462890625,1032.3831787109375,420.0092468261719,1059.1885986328125,455.90606689453125,1018.7303466796875,457.0545959472656
1070.2197265625,339.7923889160156,1072.565673828125,336.2825927734375,1066.7998046875,335.82794189453125,1072.52392578125,335.70623779296875,1057.25341796875,334.1906433105469,1071.817138671875,349.00445556640625,1039.8218994140625,348.6874694824219,1083.1427001953125,358.0141296386719,1016.032470703125,363.7906494140625,1093.181640625,359.7552795410156,1011.3455200195312,378.8599853515625,1049.49560546875,393.2431640625,1028.399169921875,393.17578125,1061.156005859375,427.8270263671875,1025.3194580078125,427.978271484375,1049.2479248046875,458.0056457519531,1003.1539306640625,460.3019714355469
1066.7708740234375,344.27032470703125,1069.678466796875,340.8734436035156,1063.4547119140625,340.2902526855469,1070.8570556640625,341.5862121582031,1054.0029296875,339.6591796875,1066.6192626953125,358.732666015625,1037.864013671875,355.92584228515625,1062.9381103515625,382.0855712890625,1017.9402465820312,376.473876953125,1056.8477783203125,401.26409912109375,1023.0064086914062,393.9233093261719,1044.5958251953125,399.53912353515625,1025.03955078125,398.42694091796875,1049.5704345703125,432.701416015625,1017.1126708984375,432.9539794921875,1041.371826171875,462.498291015625,1003.929931640625,466.3662109375
1055.11376953125,349.3893127441406,1058.20263671875,346.4490051269531,1052.5556640625,345.798095703125,1062.18505859375,347.4129638671875,1045.8572998046875,345.42059326171875,1062.8265380859375,363.1808166503906,1033.1307373046875,361.2426452636719,1064.2747802734375,381.2908630371094,1015.1568603515625,380.26416015625,1060.1461181640625,391.85357666015625,1017.1483154296875,395.4415283203125,1047.490478515625,404.662353515625,1027.45068359375,403.5040283203125,1049.5841064453125,434.74169921875,1015.9454345703125,434.3448486328125,1043.25634765625,461.83685302734375,1002.8549194335938,463.88629150390625
1055.1278076171875,349.38031005859375,1058.2091064453125,346.4458923339844,1052.5654296875,345.79400634765625,1062.1728515625,347.41278076171875,1045.861572265625,345.4131774902344,1062.813232421875,363.160888671875,1033.15478515625,361.1834716796875,1064.247314453125,381.2010498046875,1015.1958618164062,380.1319885253906,1060.1793212890625,391.5936584472656,1017.2237548828125,395.25830078125,1047.467041015625,404.59625244140625,1027.4755859375,403.4123840332031,1049.44140625,434.6358947753906,1016.0473022460938,434.1815185546875,1042.939208984375,461.66009521484375,1002.94580078125,463.5968017578125
1040.1336669921875,353.0596618652344,1042.876220703125,349.85504150390625,1038.3173828125,349.5628662109375,1048.390869140625,350.17303466796875,1034.307861328125,349.4183349609375,1054.946044921875,365.09320068359375,1023.8699951171875,365.5804443359375,1063.2691650390625,383.4408874511719,1011.1876831054688,385.66168212890625,1056.3624267578125,397.7142333984375,1014.7359619140625,401.4525146484375,1045.19873046875,406.50213623046875,1023.680908203125,406.4231872558594,1049.545654296875,436.2886047363281,1011.0042114257812,437.39501953125,1046.715087890625,466.1988525390625,998.5255126953125,469.94635009765625
1038.3580322265625,354.99371337890625,1040.451171875,351.50042724609375,1035.5667724609375,351.5965576171875,1043.7593994140625,351.22650146484375,1029.4110107421875,351.41412353515625,1051.031494140625,366.6402587890625,1018.4474487304688,367.7437744140625,1061.7979736328125,386.3271789550781,1006.6849365234375,387.3680419921875,1053.787109375,406.7662353515625,1008.4011840820312,403.7044677734375,1042.22509765625,407.373291015625,1019.257568359375,407.58587646484375,1049.44482421875,436.10369873046875,1004.2982177734375,437.7838439941406,1048.717041015625,465.30633544921875,991.531005859375,469.6473388671875
1028.2376708984375,355.92938232421875,1031.09423828125,352.56982421875,1025.9051513671875,352.44384765625,1037.6004638671875,352.53643798828125,1022.3446044921875,352.29486083984375,1046.612060546875,368.96533203125,1015.1895751953125,367.6077880859375,1055.330322265625,389.9508361816406,1003.4031982421875,383.68426513671875,1050.820556640625,411.765380859375,996.9739379882812,396.74652099609375,1040.1358642578125,407.78765869140625,1018.19482421875,406.5032043457031,1044.82958984375,435.29901123046875,1001.2291259765625,435.16217041015625,1044.843017578125,464.00537109375,989.103759765625,466.01824951171875
1020.5882568359375,354.61456298828125,1024.1168212890625,351.318603515625,1018.4805908203125,350.767578125,1032.1519775390625,351.1755065917969,1015.5255126953125,349.97955322265625,1041.7347412109375,367.1937255859375,1009.362060546875,364.1473388671875,1051.64892578125,389.60198974609375,998.83642578125,379.3878479003906,1050.6644287109375,414.03851318359375,990.6853637695312,391.583740234375,1036.8338623046875,404.60797119140625,1014.564208984375,402.6328125,1040.2615966796875,430.96807861328125,998.4025268554688,430.1365966796875,1042.19873046875,462.0821533203125,990.1646728515625,463.316162109375
1019.205322265625,350.05279541015625,1021.9576416015625,346.7937927246094,1017.2506713867188,346.5306701660156,1028.0400390625,347.1510925292969,1014.4122314453125,346.5530700683594,1037.59228515625,363.60784912109375,1006.3613891601562,361.41705322265625,1047.54541015625,384.3360595703125,992.0,375.35675048828125,1047.9884033203125,408.3836975097656,984.971923828125,386.5930480957031,1032.9197998046875,401.71075439453125,1011.0570068359375,400.65301513671875,1036.553955078125,431.24786376953125,994.5936279296875,431.43731689453125,1038.3037109375,462.127197265625,986.1139526367188,464.2709655761719
1019.1646728515625,350.05804443359375,1021.902099609375,346.81060791015625,1017.2191772460938,346.54351806640625,1027.9893798828125,347.1953430175781,1014.414794921875,346.5774841308594,1037.613037109375,363.6920471191406,1006.3748779296875,361.4266662597656,1047.5272216796875,384.4610595703125,991.942626953125,375.4202880859375,1048.02294921875,408.57000732421875,984.7906494140625,387.06121826171875,1033.03759765625,401.56201171875,1011.1727294921875,400.4625244140625,1036.7353515625,431.02288818359375,994.668212890625,431.10760498046875,1038.47021484375,461.84417724609375,986.217529296875,463.795166015625
1019.550048828125,349.0560302734375,1022.3662719726562,345.78326416015625,1016.8240966796875,345.61968994140625,1027.2230224609375,346.65484619140625,1012.1273803710938,346.27197265625,1034.1627197265625,363.6407775878906,1003.902099609375,362.09912109375,1043.526123046875,382.6278076171875,990.09423828125,374.7831115722656,1043.0274658203125,403.3618469238281,985.1552734375,382.3453369140625,1028.623046875,402.793212890625,1007.5733642578125,402.205322265625,1032.6224365234375,432.70904541015625,994.0054931640625,433.61529541015625,1033.9393310546875,461.62646484375,985.47119140625,464.90386962890625
1021.34521484375,346.0974426269531,1024.2806396484375,343.01654052734375,1018.5316772460938,342.71307373046875,1028.3514404296875,343.93695068359375,1012.6700439453125,343.0732116699219,1033.3935546875,360.65496826171875,1002.4801025390625,359.10430908203125,1040.33837890625,381.77459716796875,989.0377807617188,374.2575988769531,1042.44677734375,399.9580993652344,984.1544189453125,382.54278564453125,1025.2425537109375,403.09906005859375,1004.482421875,402.4948425292969,1028.3359375,435.1753234863281,993.2429809570312,435.7625427246094,1029.039306640625,465.12188720703125,986.7276611328125,468.14398193359375
1015.87158203125,343.56439208984375,1018.6027221679688,340.234130859375,1013.0272216796875,340.0242614746094,1023.015625,341.4644775390625,1007.693603515625,340.7933044433594,1030.78955078125,359.92413330078125,996.88525390625,358.41107177734375,1040.09326171875,381.15655517578125,984.343994140625,376.44525146484375,1042.3299560546875,401.88885498046875,988.0969848632812,389.93927001953125,1024.7017822265625,404.71929931640625,1001.3709716796875,404.32391357421875,1030.974365234375,439.9333190917969,991.2068481445312,440.2149658203125,1030.77490234375,473.751708984375,984.0634765625,475.0513916015625
1016.197021484375,346.0453796386719,1018.922119140625,342.58721923828125,1013.067626953125,342.314453125,1022.932373046875,343.3360595703125,1007.09716796875,342.42529296875,1030.015380859375,361.59942626953125,996.6036376953125,358.9360656738281,1037.6417236328125,384.355712890625,984.294677734375,377.5318908691406,1039.453857421875,406.59735107421875,987.613037109375,394.4272155761719,1023.2388916015625,404.8997802734375,999.8600463867188,403.8040771484375,1029.4837646484375,440.3762512207031,986.8533325195312,439.32769775390625,1029.6126708984375,476.4014892578125,978.2001953125,475.4156494140625
1013.6539306640625,348.93157958984375,1016.3746337890625,345.58184814453125,1010.88818359375,345.300537109375,1020.82177734375,346.3678283691406,1005.8861083984375,345.42327880859375,1027.59423828125,363.9324951171875,996.0750732421875,361.58294677734375,1033.436767578125,385.69873046875,984.2850952148438,381.12371826171875,1035.2861328125,403.7392578125,987.985107421875,399.5660705566406,1020.81396484375,406.582763671875,998.3607788085938,405.5626220703125,1028.060791015625,441.777587890625,984.6077270507812,440.2984313964844,1029.5570068359375,476.6697692871094,974.9112548828125,474.7612609863281
1013.98486328125,349.4797668457031,1016.737548828125,346.23565673828125,1010.9896240234375,346.0418701171875,1021.0589599609375,347.0796813964844,1005.23974609375,346.2626037597656,1027.762451171875,364.2379150390625,995.8742065429688,362.316650390625,1032.5631103515625,386.21240234375,985.2526245117188,382.1972351074219,1034.258056640625,404.8343505859375,986.7932739257812,400.029296875,1021.0687866210938,406.668212890625,998.5579833984375,405.4604187011719,1027.659912109375,441.2266845703125,985.4954833984375,439.6590576171875,1029.4642333984375,474.48876953125,976.0865478515625,472.83660888671875
1015.7473754882812,354.28436279296875,1018.036376953125,350.8101806640625,1012.506103515625,350.75811767578125,1020.1547241210938,350.9710693359375,1005.9746704101562,350.5894775390625,1025.5594482421875,368.085205078125,994.9046630859375,365.82513427734375,1028.254638671875,391.36956787109375,981.8121337890625,386.63031005859375,1030.3270263671875,411.87054443359375,978.8483276367188,408.4169921875,1016.0594482421875,411.6927490234375,993.697998046875,410.04388427734375,1026.1090087890625,447.5658874511719,979.3265380859375,445.29644775390625,1029.078125,484.42181396484375,965.8021240234375,481.5826721191406
1011.9179077148438,358.88140869140625,1014.7132568359375,355.5850524902344,1008.6470947265625,355.3917236328125,1018.4140625,356.84033203125,1002.9033203125,356.077880859375,1024.0225830078125,375.6825256347656,993.6370849609375,372.5565185546875,1025.8839111328125,400.2549133300781,981.3045654296875,394.43817138671875,1022.7066650390625,419.4974670410156,979.8511962890625,416.78424072265625,1014.5213012695312,417.3955993652344,991.8806762695312,415.083251953125,1025.20947265625,452.4134216308594,976.0406494140625,449.21942138671875,1029.759765625,488.9206237792969,962.06298828125,484.7481994628906
1015.7554321289062,359.3729248046875,1017.3231201171875,356.12603759765625,1012.746337890625,355.9629821777344,1017.673095703125,358.08551025390625,1006.4345703125,357.21630859375,1021.0400390625,377.9317932128906,994.649658203125,374.72064208984375,1020.9271240234375,403.1282958984375,981.1118774414062,397.185546875,1019.3492431640625,420.3122863769531,975.67529296875,422.2694091796875,1009.8321533203125,421.0003662109375,989.729736328125,419.45294189453125,1022.4944458007812,455.9471740722656,972.2708129882812,452.96185302734375,1031.454833984375,491.29266357421875,961.3409423828125,487.2657470703125
1008.7681884765625,378.54278564453125,1011.584228515625,375.21368408203125,1005.4249267578125,374.7778015136719,1014.54345703125,376.2543640136719,998.78955078125,374.93572998046875,1017.7940673828125,394.83111572265625,988.8453369140625,390.9317321777344,1018.869873046875,418.7281494140625,976.3660888671875,411.61651611328125,1017.9024658203125,437.0052795410156,973.22119140625,436.14532470703125,1007.766357421875,432.81024169921875,986.1768798828125,430.92535400390625,1021.1434326171875,461.77587890625,968.9170532226562,458.6793212890625,1031.48583984375,496.7042236328125,960.9530029296875,492.8570556640625
1010.2831420898438,385.15869140625,1013.06591796875,382.142578125,1007.2095947265625,381.5858459472656,1016.4006958007812,383.63616943359375,999.9913330078125,381.75225830078125,1020.6693115234375,401.87823486328125,987.568115234375,397.287353515625,1026.2266845703125,424.69244384765625,971.663818359375,413.72906494140625,1023.0554809570312,441.5992126464844,978.2264404296875,428.6341552734375,1008.9589233398438,440.6186828613281,984.5180053710938,438.5819091796875,1018.91552734375,468.1424560546875,964.0603637695312,465.5935363769531,1026.2357177734375,502.8251953125,953.6317749023438,500.5140380859375
1010.2222900390625,385.26275634765625,1013.0142822265625,382.23974609375,1007.1397705078125,381.6871337890625,1016.368408203125,383.72442626953125,999.9144287109375,381.8533630371094,1020.64794921875,401.97491455078125,987.5035400390625,397.41302490234375,1026.2227783203125,424.88128662109375,971.5352783203125,413.91729736328125,1023.06103515625,441.8727722167969,978.0474853515625,428.70440673828125,1008.966796875,440.686767578125,984.5136108398438,438.6680603027344,1018.8486328125,468.2064514160156,964.0460815429688,465.7010498046875,1026.19921875,502.8175964355469,953.7232666015625,500.5697937011719
1011.7307739257812,385.8838806152344,1014.3416748046875,382.90484619140625,1008.7904052734375,382.41339111328125,1017.872802734375,384.604248046875,1003.5694580078125,383.12054443359375,1023.9376220703125,403.3411560058594,995.463623046875,398.70269775390625,1029.994140625,424.7359619140625,988.7625732421875,414.6077880859375,1030.217529296875,439.1639404296875,991.1332397460938,430.4420471191406,1013.7042846679688,443.5223388671875,992.234130859375,440.76226806640625,1019.4186401367188,474.4664306640625,969.873291015625,470.01904296875,1022.6112060546875,509.1390380859375,956.6032104492188,502.22735595703125
1024.35986328125,388.82794189453125,1025.9283447265625,385.918701171875,1021.4794921875,385.7192687988281,1027.34765625,387.11297607421875,1014.6689453125,385.70635986328125,1032.635986328125,405.4838562011719,1003.4088134765625,396.0582275390625,1037.0146484375,427.8311767578125,982.667724609375,396.43096923828125,1037.3873291015625,439.7840881347656,984.7174072265625,391.64520263671875,1019.2808837890625,445.7611083984375,997.7221069335938,441.37835693359375,1023.1368408203125,478.22955322265625,975.5338134765625,472.19140625,1021.9117431640625,510.4998779296875,957.40869140625,502.2525329589844
1029.3060302734375,392.07220458984375,1031.093017578125,389.0438232421875,1025.8197021484375,388.9925537109375,1033.9931640625,389.1043395996094,1019.2128295898438,388.0318603515625,1040.7393798828125,406.61328125,1010.98779296875,396.3390197753906,1048.5,429.41290283203125,991.1884765625,396.527099609375,1054.662841796875,446.5317077636719,991.8429565429688,387.1151123046875,1026.26416015625,446.57318115234375,1004.5736083984375,440.74267578125,1030.905517578125,478.90869140625,981.9805908203125,472.19305419921875,1025.817138671875,511.56829833984375,955.0347290039062,502.7652282714844
1037.30322265625,387.0235290527344,1039.104736328125,384.07415771484375,1033.95849609375,383.8341979980469,1041.503662109375,385.8921203613281,1027.6646728515625,384.52972412109375,1048.432861328125,407.56390380859375,1019.166748046875,395.4875793457031,1055.50927734375,432.20391845703125,997.606201171875,396.35333251953125,1060.33740234375,446.1164245605469,997.0089111328125,391.1710510253906,1033.48828125,449.8585510253906,1012.4197998046875,443.19097900390625,1034.572265625,481.36956787109375,991.5096435546875,472.04803466796875,1022.6923828125,512.644775390625,966.2249755859375,498.511962890625
1043.9345703125,387.982666015625,1046.0570068359375,385.3426208496094,1040.642333984375,384.7343444824219,1049.44287109375,387.3333435058594,1035.05615234375,384.711669921875,1055.5618896484375,408.1207275390625,1028.2396240234375,394.78662109375,1065.7635498046875,430.8514709472656,1007.5732421875,394.4372863769531,1072.8782958984375,446.05462646484375,1004.922607421875,391.17816162109375,1042.0631103515625,446.6452331542969,1023.6180419921875,439.2196044921875,1038.94970703125,480.31365966796875,1004.873779296875,470.3432922363281,1032.674072265625,511.4010314941406,986.03369140625,497.0213623046875
1043.9625244140625,387.9822692871094,1046.07568359375,385.3387451171875,1040.66259765625,384.73681640625,1049.447265625,387.3271484375,1035.06201171875,384.71807861328125,1055.56005859375,408.11004638671875,1028.25634765625,394.7930603027344,1065.7823486328125,430.814697265625,1007.5490112304688,394.4332580566406,1072.83740234375,445.97503662109375,1004.937744140625,391.1634521484375,1042.0540771484375,446.68328857421875,1023.6242065429688,439.26519775390625,1038.9696044921875,480.33453369140625,1004.94091796875,470.3726806640625,1032.5877685546875,511.3841552734375,985.986083984375,497.01251220703125
1044.1767578125,387.20947265625,1048.309326171875,383.98089599609375,1042.24853515625,382.7469177246094,1055.685302734375,386.5567932128906,1038.270263671875,383.45916748046875,1063.5164794921875,404.7412109375,1031.9483642578125,399.6726379394531,1072.0283203125,421.42840576171875,1017.8114013671875,411.8624267578125,1064.83447265625,414.95050048828125,1012.3609619140625,406.4161376953125,1046.2789306640625,448.189453125,1025.2109375,444.84893798828125,1040.6492919921875,478.71661376953125,1010.93896484375,476.2901916503906,1035.86865234375,511.8917236328125,1001.29296875,508.9935302734375
1052.604736328125,386.7049560546875,1056.59375,383.4969177246094,1050.0654296875,382.4197082519531,1062.6080322265625,386.4957275390625,1044.8896484375,383.48809814453125,1068.785888671875,405.5743103027344,1036.750732421875,400.4887390136719,1078.494384765625,421.199462890625,1018.6318359375,411.4736022949219,1076.1722412109375,411.6925048828125,1011.205322265625,404.29571533203125,1052.933349609375,452.54791259765625,1032.8837890625,449.5036926269531,1044.3759765625,483.7964172363281,1027.302001953125,481.5391845703125,1038.4952392578125,516.3817138671875,1022.54052734375,513.6783447265625
1059.2615966796875,383.205322265625,1063.484130859375,379.6468505859375,1056.413330078125,378.75738525390625,1070.473388671875,382.2811279296875,1050.739501953125,379.87078857421875,1077.3525390625,401.4046325683594,1043.65625,396.20599365234375,1081.266845703125,418.6539001464844,1024.7149658203125,406.64483642578125,1067.80908203125,407.53497314453125,1016.861328125,399.2021484375,1063.52978515625,448.1430358886719,1041.9378662109375,444.89111328125,1050.390869140625,480.89697265625,1035.765869140625,478.24664306640625,1046.06103515625,516.675537109375,1036.6016845703125,512.9951171875
1065.4677734375,385.5445861816406,1069.107666015625,382.22418212890625,1062.689208984375,381.66290283203125,1075.0623779296875,384.4827575683594,1057.4080810546875,382.7982177734375,1080.938720703125,405.948486328125,1049.2764892578125,398.1724853515625,1088.5643310546875,429.870361328125,1026.0509033203125,403.0540466308594,1085.84814453125,450.41015625,1015.4972534179688,405.44134521484375,1070.710205078125,452.1817932128906,1051.5068359375,448.286865234375,1059.6761474609375,488.07391357421875,1043.2647705078125,483.74554443359375,1062.1788330078125,520.8362426757812,1050.37158203125,515.9412841796875
1072.546630859375,392.0472412109375,1077.099365234375,388.2432861328125,1069.208740234375,387.37518310546875,1083.966064453125,391.1499938964844,1062.940185546875,388.53857421875,1090.44384765625,412.15673828125,1055.14306640625,407.3228759765625,1098.663818359375,431.118408203125,1034.3382568359375,420.6244812011719,1095.8135986328125,427.33013916015625,1024.517578125,420.05987548828125,1077.998779296875,459.32537841796875,1056.120361328125,456.56756591796875,1070.9591064453125,489.15240478515625,1054.598388671875,487.00115966796875,1071.4564208984375,527.3409423828125,1058.9163818359375,524.0413818359375
1072.67578125,392.00946044921875,1077.214111328125,388.20648193359375,1069.329833984375,387.3439636230469,1084.0296630859375,391.11968994140625,1063.041015625,388.5209655761719,1090.5401611328125,412.11688232421875,1055.15966796875,407.2947692871094,1098.720458984375,430.9866027832031,1034.251953125,420.4947509765625,1095.815673828125,426.96600341796875,1024.523681640625,419.7433776855469,1078.222412109375,459.3234558105469,1056.27880859375,456.57342529296875,1071.138916015625,489.119384765625,1054.5693359375,486.96429443359375,1071.7447509765625,527.4036865234375,1058.9588623046875,524.11181640625
1080.1011962890625,399.96728515625,1082.7266845703125,396.61737060546875,1076.89794921875,396.558349609375,1086.789794921875,397.73394775390625,1071.3607177734375,397.42791748046875,1094.0592041015625,416.37835693359375,1062.73046875,412.16448974609375,1100.4710693359375,437.08721923828125,1042.13671875,421.62884521484375,1095.8729248046875,448.1673889160156,1033.267578125,420.5072021484375,1088.961181640625,462.7593994140625,1069.38037109375,460.77069091796875,1085.3594970703125,495.45013427734375,1063.466796875,493.75067138671875,1092.7861328125,530.8370971679688,1071.181640625,529.8330078125
1088.479736328125,407.5392150878906,1090.8094482421875,404.1116638183594,1084.9681396484375,403.9362487792969,1094.171142578125,404.9488220214844,1078.77099609375,404.04864501953125,1101.677978515625,424.08984375,1070.48876953125,417.5731201171875,1110.3017578125,445.0748291015625,1047.8370361328125,425.10333251953125,1109.4730224609375,458.5277099609375,1036.3948974609375,427.039306640625,1099.5750732421875,468.8486328125,1079.056396484375,465.7066955566406,1100.1722412109375,499.6181640625,1066.91845703125,496.00665283203125,1110.0811767578125,538.1298828125,1068.2529296875,534.236083984375
1100.1549072265625,412.4541320800781,1102.5596923828125,409.17333984375,1096.5029296875,408.8621520996094,1105.245361328125,410.522705078125,1088.54345703125,409.160400390625,1109.908935546875,427.983642578125,1078.4407958984375,421.95709228515625,1119.2615966796875,446.6043701171875,1053.5792236328125,425.3353271484375,1117.246337890625,460.97491455078125,1044.44580078125,426.06878662109375,1105.575927734375,469.86236572265625,1084.4415283203125,467.7657470703125,1112.7718505859375,497.74371337890625,1077.347900390625,495.51318359375,1117.4326171875,534.3007202148438,1072.1387939453125,531.9825439453125
1117.2625732421875,418.04119873046875,1118.4625244140625,414.6041259765625,1114.133544921875,414.34356689453125,1117.6124267578125,416.67962646484375,1105.67333984375,414.92218017578125,1119.508544921875,435.53350830078125,1092.2015380859375,427.43292236328125,1128.4967041015625,454.4971618652344,1064.347900390625,423.3319091796875,1134.758056640625,471.87335205078125,1053.929443359375,419.14788818359375,1115.2308349609375,476.5320739746094,1094.795166015625,474.49761962890625,1133.8359375,499.40972900390625,1082.0465087890625,497.4102783203125,1138.6885986328125,532.8829345703125,1062.7406005859375,531.7472534179688
1130.178955078125,424.913818359375,1131.47412109375,422.02587890625,1127.9901123046875,421.2576599121094,1130.7508544921875,423.43572998046875,1121.2945556640625,420.67529296875,1131.4801025390625,440.8280029296875,1107.7537841796875,431.28106689453125,1139.028076171875,461.81121826171875,1080.58251953125,426.92535400390625,1137.13525390625,474.3820495605469,1062.0255126953125,418.05657958984375,1122.257080078125,477.8363037109375,1103.401123046875,474.7838134765625,1139.371826171875,504.3047790527344,1084.2080078125,501.6759033203125,1146.524658203125,537.48876953125,1061.86181640625,536.5859375
1130.1749267578125,424.91888427734375,1131.46435546875,422.03839111328125,1128.0029296875,421.260986328125,1130.7357177734375,423.45794677734375,1121.3111572265625,420.66986083984375,1131.4501953125,440.8537902832031,1107.733642578125,431.232421875,1139.0364990234375,461.81884765625,1080.3885498046875,426.67340087890625,1137.0904541015625,474.3779296875,1061.662109375,417.6554260253906,1122.2303466796875,477.86572265625,1103.3834228515625,474.7905578613281,1139.45361328125,504.285888671875,1084.2669677734375,501.6363830566406,1146.6114501953125,537.3842163085938,1061.845458984375,536.461181640625
1148.7166748046875,437.0299987792969,1150.5799560546875,434.1781311035156,1146.0478515625,432.5655517578125,1148.891845703125,435.0560302734375,1136.603271484375,429.88189697265625,1147.107666015625,454.32843017578125,1121.8070068359375,437.5782165527344,1159.353759765625,480.4527282714844,1090.78466796875,426.60888671875,1168.92822265625,506.70916748046875,1067.0594482421875,417.92120361328125,1132.798095703125,488.37432861328125,1114.82763671875,481.7516784667969,1138.582763671875,515.0293579101562,1098.69189453125,507.94891357421875,1136.62548828125,548.0568237304688,1076.73681640625,540.8052978515625
1157.4337158203125,454.775146484375,1157.8057861328125,450.45269775390625,1155.8284912109375,450.7812194824219,1152.946044921875,450.696533203125,1152.95849609375,451.58111572265625,1147.236572265625,464.1298828125,1144.1201171875,465.5451965332031,1151.5504150390625,474.056640625,1132.9267578125,470.0068359375,1162.6416015625,488.03857421875,1123.89453125,471.0157470703125,1124.935791015625,502.89935302734375,1130.133056640625,503.7660827636719,1096.09912109375,523.62255859375,1139.7430419921875,526.5379638671875,1058.349853515625,547.1328735351562,1144.5135498046875,554.3493041992188
1171.8690185546875,462.65814208984375,1172.43896484375,459.88800048828125,1170.55224609375,459.0205078125,1170.114013671875,463.04376220703125,1166.9705810546875,459.70379638671875,1171.302734375,482.2498779296875,1151.6961669921875,467.7799987792969,1184.5128173828125,500.1662292480469,1121.896240234375,455.46221923828125,1189.6658935546875,513.4415283203125,1103.96240234375,441.057861328125,1137.7889404296875,516.9554443359375,1124.1220703125,509.2577819824219,1139.132568359375,531.0830078125,1100.778564453125,522.3007202148438,1129.80859375,558.1736450195312,1076.9215087890625,548.4910888671875
0.0,0.0,0.0,0.0,0.0,0.0,0.0,0.0,0.0,0.0,0.0,0.0,0.0,0.0,0.0,0.0,0.0,0.0,0.0,0.0,0.0,0.0,0.0,0.0,0.0,0.0,0.0,0.0,0.0,0.0,0.0,0.0,0.0,0.0
1194.5648193359375,507.590087890625,1194.6031494140625,504.5420837402344,1194.253662109375,504.2174072265625,1191.05224609375,500.67041015625,1188.65234375,498.9881591796875,1180.3515625,503.11492919921875,1171.063232421875,502.1053161621094,1198.139404296875,523.5255737304688,1177.031494140625,528.44970703125,1219.0538330078125,550.9821166992188,1195.8580322265625,554.5753784179688,1137.3076171875,518.2516479492188,1130.756591796875,518.778564453125,1171.596435546875,533.4391479492188,1157.00146484375,535.0758056640625,1163.2568359375,571.3145141601562,1146.06396484375,574.3245239257812
1194.2718505859375,507.72076416015625,1194.326171875,504.66595458984375,1193.971923828125,504.327880859375,1190.632080078125,500.72357177734375,1188.3087158203125,499.03192138671875,1179.96826171875,503.046875,1170.8270263671875,502.0692138671875,1198.152587890625,523.4158325195312,1177.28662109375,528.359619140625,1219.461669921875,550.8865356445312,1196.3111572265625,554.3805541992188,1136.86767578125,518.204345703125,1130.459716796875,518.732177734375,1171.050048828125,533.591796875,1156.817626953125,535.2085571289062,1162.7646484375,571.4562377929688,1146.0462646484375,574.4508666992188
1204.473388671875,529.0211181640625,1205.20556640625,526.2938232421875,1204.8826904296875,524.9342041015625,1201.53173828125,522.2999267578125,1201.258544921875,518.9765014648438,1195.42333984375,521.0223388671875,1182.2669677734375,516.05224609375,1207.1922607421875,541.0170288085938,1168.1611328125,535.14892578125,1218.0361328125,570.4906005859375,1163.6025390625,566.5003662109375,1154.81591796875,507.4244384765625,1144.73486328125,504.468017578125,1167.538330078125,540.8897705078125,1140.234619140625,538.31298828125,1160.4471435546875,563.6008911132812,1121.839599609375,564.3948364257812
0.0,0.0,0.0,0.0,0.0,0.0,0.0,0.0,0.0,0.0,0.0,0.0,0.0,0.0,0.0,0.0,0.0,0.0,0.0,0.0,0.0,0.0,0.0,0.0,0.0,0.0,0.0,0.0,0.0,0.0,0.0,0.0,0.0,0.0
0.0,0.0,0.0,0.0,0.0,0.0,0.0,0.0,0.0,0.0,0.0,0.0,0.0,0.0,0.0,0.0,0.0,0.0,0.0,0.0,0.0,0.0,0.0,0.0,0.0,0.0,0.0,0.0,0.0,0.0,0.0,0.0,0.0,0.0
0.0,0.0,0.0,0.0,0.0,0.0,0.0,0.0,0.0,0.0,0.0,0.0,0.0,0.0,0.0,0.0,0.0,0.0,0.0,0.0,0.0,0.0,0.0,0.0,0.0,0.0,0.0,0.0,0.0,0.0,0.0,0.0,0.0,0.0
1196.2576904296875,520.0332641601562,1196.787353515625,517.4268188476562,1195.4647216796875,517.6141357421875,1195.18310546875,511.2351379394531,1191.1990966796875,510.715576171875,1192.842529296875,505.84912109375,1183.8350830078125,505.0645751953125,1194.949462890625,517.556396484375,1176.1143798828125,516.6915283203125,1199.5179443359375,542.9913330078125,1167.9775390625,542.4769287109375,1181.73583984375,507.6483154296875,1177.58642578125,507.74041748046875,1186.938720703125,535.6869506835938,1181.739501953125,535.849853515625,1178.823486328125,571.8233032226562,1174.058837890625,572.3812255859375
1196.693603515625,519.9837036132812,1197.150634765625,517.3690795898438,1195.95849609375,517.5726318359375,1195.1053466796875,511.1617126464844,1191.7685546875,510.700439453125,1192.0467529296875,505.77593994140625,1184.6827392578125,505.125244140625,1193.5615234375,517.5928955078125,1177.7113037109375,516.9409790039062,1198.328125,543.06201171875,1169.917724609375,542.6647338867188,1180.8892822265625,507.709716796875,1177.929443359375,507.8740234375,1185.7137451171875,535.7013549804688,1182.795654296875,535.9098510742188,1177.0419921875,571.9161376953125,1175.311767578125,572.561767578125
1199.9290771484375,517.6104736328125,1201.6273193359375,514.0680541992188,1198.538330078125,514.220703125,1206.5347900390625,510.147705078125,1196.9002685546875,509.82562255859375,1212.41552734375,511.5484313964844,1186.41357421875,507.9771728515625,1211.7493896484375,530.5134887695312,1163.5009765625,519.55859375,1202.225830078125,550.57275390625,1157.27685546875,537.8341064453125,1196.88037109375,508.67340087890625,1178.0125732421875,507.0546875,1203.861572265625,543.9146728515625,1167.75830078125,542.3094482421875,1202.7003173828125,579.72802734375,1154.735595703125,580.5164794921875
1223.06396484375,515.7139892578125,1224.8463134765625,512.447021484375,1221.931396484375,512.0656127929688,1225.384033203125,508.26708984375,1216.998046875,507.06292724609375,1223.591552734375,510.7295837402344,1196.9853515625,504.8897705078125,1208.795654296875,538.37353515625,1168.6248779296875,523.009033203125,1197.997802734375,565.8400268554688,1152.7076416015625,552.2205200195312,1188.2047119140625,506.430908203125,1167.8968505859375,503.0869445800781,1203.667236328125,542.0946044921875,1164.62451171875,538.2938232421875,1191.896240234375,582.7830200195312,1141.593505859375,581.1951904296875
1231.2197265625,506.16058349609375,1233.02294921875,502.562255859375,1229.417724609375,502.4735107421875,1232.755615234375,499.08642578125,1222.9375,498.72027587890625,1231.9451904296875,503.009033203125,1202.314208984375,499.89202880859375,1221.28173828125,527.2169799804688,1172.1785888671875,519.587158203125,1214.651611328125,553.064208984375,1154.58447265625,550.753662109375,1197.251220703125,504.0406494140625,1175.1817626953125,501.48516845703125,1202.41796875,542.8834838867188,1160.1343994140625,540.1375732421875,1194.1983642578125,585.3872680664062,1138.94287109375,585.2452392578125
1236.29638671875,490.6749572753906,1237.3424072265625,487.25189208984375,1234.736572265625,487.42156982421875,1237.0615234375,485.02471923828125,1230.8531494140625,485.15228271484375,1237.4254150390625,492.953369140625,1214.192138671875,491.94635009765625,1233.843017578125,511.1650390625,1194.2626953125,512.0970458984375,1230.4080810546875,529.4383544921875,1197.6214599609375,535.958251953125,1204.74072265625,510.36151123046875,1186.9761962890625,509.15667724609375,1212.0396728515625,543.53564453125,1167.79638671875,542.302490234375,1205.9923095703125,581.0867919921875,1148.435791015625,582.1033935546875
1242.739990234375,485.4833679199219,1243.8291015625,481.97698974609375,1241.4337158203125,481.99072265625,1241.3499755859375,479.5326232910156,1236.469482421875,479.7627868652344,1236.927978515625,490.3770446777344,1218.29052734375,490.67059326171875,1232.5892333984375,513.7520141601562,1206.275146484375,517.2042236328125,1230.225341796875,537.3569946289062,1217.09716796875,546.0203857421875,1201.295166015625,514.6061401367188,1185.6007080078125,514.1233520507812,1213.6162109375,547.1437377929688,1164.257568359375,547.0284423828125,1213.309326171875,581.4912109375,1147.055908203125,585.3236083984375
1242.6181640625,485.54644775390625,1243.7470703125,482.0743103027344,1241.3216552734375,482.03472900390625,1241.3272705078125,479.684326171875,1236.2840576171875,479.77154541015625,1236.9241943359375,490.5875244140625,1217.965576171875,490.62005615234375,1232.659912109375,514.02001953125,1205.8369140625,517.001708984375,1230.25,537.5025634765625,1216.591064453125,545.8624877929688,1201.290771484375,514.6682739257812,1185.3447265625,514.0728759765625,1213.781982421875,547.4591674804688,1163.9970703125,547.1754150390625,1213.6497802734375,582.1949462890625,1146.7662353515625,585.7755126953125
1246.2900390625,485.0765075683594,1247.2796630859375,481.3948059082031,1244.629150390625,481.3752136230469,1243.741943359375,478.9537353515625,1238.2154541015625,479.253662109375,1239.0638427734375,490.50677490234375,1220.7308349609375,490.82061767578125,1238.11328125,515.1854248046875,1212.115966796875,517.1500854492188,1237.34521484375,536.1715087890625,1224.983642578125,540.09130859375,1206.226806640625,518.9945068359375,1189.82421875,518.7904663085938,1222.1146240234375,547.6217041015625,1167.060546875,547.6399536132812,1225.7864990234375,587.7904663085938,1148.183349609375,591.1935424804688
1249.514892578125,486.2115478515625,1250.573974609375,482.6158447265625,1247.1585693359375,482.87176513671875,1248.1131591796875,481.9485168457031,1239.73291015625,482.3258056640625,1242.73828125,495.4234619140625,1224.37060546875,494.2216796875,1244.837158203125,522.8348388671875,1222.490478515625,523.049072265625,1253.6859130859375,543.8660888671875,1238.495849609375,545.0731811523438,1204.2911376953125,522.34716796875,1186.1727294921875,519.9376831054688,1227.3924560546875,553.170654296875,1161.7828369140625,550.1390380859375,1230.4112548828125,596.794677734375,1128.8638916015625,595.2722778320312
1249.3466796875,488.04620361328125,1250.4415283203125,484.6087646484375,1246.6873779296875,484.73602294921875,1248.465087890625,483.8194885253906,1238.35791015625,483.646728515625,1245.1055908203125,497.2367248535156,1222.621337890625,495.21160888671875,1248.040771484375,523.015869140625,1219.5662841796875,522.360107421875,1256.06005859375,539.0051879882812,1238.018310546875,540.1092529296875,1210.170166015625,527.4403686523438,1189.421142578125,524.80908203125,1233.6572265625,554.4158935546875,1163.9613037109375,550.884765625,1235.356689453125,596.7460327148438,1130.0462646484375,593.9188842773438
1248.121826171875,486.679443359375,1249.3201904296875,483.3271484375,1245.399658203125,483.33795166015625,1247.919189453125,482.727783203125,1237.052978515625,482.176025390625,1245.251708984375,496.7601318359375,1222.285888671875,493.98504638671875,1249.875732421875,521.7960815429688,1219.6527099609375,519.0047607421875,1257.042724609375,536.5380249023438,1236.573486328125,534.9779663085938,1212.810302734375,528.751220703125,1192.028076171875,525.7823486328125,1234.184326171875,557.3953247070312,1165.8587646484375,553.5531005859375,1234.6878662109375,598.7445068359375,1131.243408203125,595.7825927734375
1244.4259033203125,483.6785888671875,1246.4404296875,480.55755615234375,1241.4993896484375,480.16778564453125,1247.14208984375,480.9569091796875,1233.08740234375,479.2502746582031,1246.2802734375,496.80035400390625,1217.8214111328125,491.703125,1248.138671875,522.6810302734375,1208.60498046875,515.6170654296875,1250.180908203125,536.7957763671875,1220.929443359375,534.2445068359375,1217.1497802734375,527.99560546875,1193.5455322265625,524.0910034179688,1233.819580078125,558.9588623046875,1168.0018310546875,553.6001586914062,1235.33837890625,599.4700317382812,1139.61962890625,593.8778076171875
1244.3759765625,483.72039794921875,1246.396240234375,480.5931701660156,1241.4471435546875,480.21148681640625,1247.1092529296875,480.9895935058594,1233.0386962890625,479.302490234375,1246.13720703125,496.8046875,1217.82958984375,491.77764892578125,1247.904052734375,522.6981201171875,1208.69384765625,515.737548828125,1249.79150390625,536.8873291015625,1221.0703125,534.37548828125,1217.008544921875,527.993896484375,1193.47509765625,524.1253662109375,1233.832275390625,559.0150146484375,1167.9759521484375,553.7421875,1235.2786865234375,599.4213256835938,1139.283447265625,594.0330810546875
1237.868896484375,481.80029296875,1240.35107421875,478.6455078125,1235.2930908203125,478.15423583984375,1243.3525390625,478.7346496582031,1228.1778564453125,476.94793701171875,1246.178955078125,493.43817138671875,1213.519287109375,488.79913330078125,1248.82080078125,518.4180297851562,1203.0936279296875,512.274169921875,1245.0185546875,533.681884765625,1215.25390625,531.879638671875,1221.0875244140625,525.3792114257812,1195.3406982421875,521.8295288085938,1233.6478271484375,556.9249267578125,1171.279052734375,552.1497192382812,1234.8072509765625,598.2222290039062,1148.76318359375,592.8701782226562
1233.29150390625,478.18231201171875,1235.855224609375,474.89544677734375,1230.4296875,474.5517883300781,1239.2550048828125,474.9229736328125,1223.27197265625,473.54571533203125,1244.060302734375,490.77325439453125,1208.330078125,486.52020263671875,1249.041748046875,517.2359619140625,1198.6259765625,511.102783203125,1251.962890625,539.1268920898438,1210.66650390625,533.8746337890625,1219.8167724609375,522.0460205078125,1192.5714111328125,518.89990234375,1232.7845458984375,557.1358642578125,1170.338134765625,552.7694702148438,1234.220703125,597.0880126953125,1151.857421875,591.8662109375
1230.6689453125,477.1051940917969,1233.1290283203125,473.6725158691406,1227.7200927734375,473.348876953125,1235.571533203125,472.76617431640625,1220.0074462890625,471.58575439453125,1240.5830078125,487.49737548828125,1203.8017578125,483.6632995605469,1248.9847412109375,511.184326171875,1186.8848876953125,503.22125244140625,1256.643798828125,535.3177490234375,1187.5899658203125,522.7344970703125,1217.3525390625,522.812744140625,1190.1318359375,520.1922607421875,1230.49169921875,555.3090209960938,1168.867919921875,552.204345703125,1234.016845703125,595.8707275390625,1150.581787109375,592.2899169921875
1226.484619140625,468.6508483886719,1228.035888671875,465.22576904296875,1224.9722900390625,464.92816162109375,1229.7279052734375,465.0764465332031,1220.15673828125,464.07122802734375,1236.9443359375,481.57470703125,1204.21875,476.42474365234375,1247.718994140625,508.57684326171875,1189.7598876953125,496.369873046875,1255.1845703125,534.81591796875,1191.2779541015625,516.208251953125,1212.80908203125,523.3519287109375,1187.639892578125,519.8394775390625,1229.724365234375,556.6981811523438,1168.622802734375,551.6767578125,1235.5831298828125,598.486328125,1148.320068359375,590.4881591796875
1219.0802001953125,463.44610595703125,1217.839111328125,459.2732849121094,1219.179443359375,459.49896240234375,1211.957275390625,458.507080078125,1220.6959228515625,459.23211669921875,1204.2674560546875,473.9702453613281,1221.23681640625,475.2356872558594,1205.31787109375,498.64288330078125,1231.857177734375,503.43450927734375,1208.857666015625,525.652099609375,1243.561279296875,531.8717041015625,1190.316650390625,520.3964233398438,1198.4166259765625,520.362548828125,1205.950439453125,553.3887939453125,1193.4637451171875,553.4627685546875,1211.7467041015625,594.5103149414062,1174.8663330078125,595.0078125
1218.9703369140625,463.4979248046875,1217.849609375,459.3679504394531,1218.98779296875,459.5642395019531,1212.44189453125,458.67132568359375,1220.2176513671875,459.2744140625,1205.64013671875,474.2022399902344,1220.2056884765625,475.1025695800781,1208.341552734375,498.8865051269531,1229.491455078125,503.0618591308594,1212.773193359375,526.0414428710938,1240.625732421875,531.484619140625,1191.3201904296875,520.3760375976562,1197.373046875,520.0492553710938,1208.4293212890625,553.366455078125,1189.783935546875,553.0315551757812,1215.8564453125,594.7454223632812,1168.89501953125,594.5514526367188
1202.2119140625,459.2490234375,1204.8353271484375,456.1460266113281,1201.802001953125,455.15167236328125,1211.633056640625,458.06732177734375,1200.9173583984375,455.34466552734375,1222.494140625,478.7164306640625,1187.973388671875,471.412109375,1238.216552734375,502.2344055175781,1161.0101318359375,486.103515625,1243.9873046875,520.531982421875,1143.85205078125,507.00830078125,1207.8624267578125,526.9898681640625,1182.0162353515625,523.1353759765625,1224.6204833984375,558.1123046875,1157.71484375,552.2667236328125,1235.85595703125,599.225341796875,1137.7489013671875,590.4766235351562
1189.352783203125,453.074951171875,1191.3408203125,449.7564697265625,1189.0970458984375,449.1294250488281,1198.4754638671875,452.2903747558594,1190.7734375,450.15264892578125,1213.1488037109375,476.22882080078125,1180.310791015625,467.0262451171875,1228.967529296875,508.57879638671875,1153.448486328125,479.9659423828125,1235.07470703125,537.539306640625,1130.55859375,495.8826599121094,1204.9560546875,526.2091674804688,1180.218017578125,522.0313110351562,1224.2823486328125,557.417236328125,1155.3837890625,551.5302734375,1237.6348876953125,599.2831420898438,1136.452392578125,590.2371215820312
1173.7003173828125,447.4521789550781,1175.375244140625,443.56005859375,1176.980224609375,443.2294921875,1179.337646484375,446.1142272949219,1195.095703125,445.64947509765625,1174.7880859375,463.2879638671875,1205.0928955078125,469.2398986816406,1150.947509765625,474.96246337890625,1219.29638671875,498.05010986328125,1126.26904296875,476.4787902832031,1213.0623779296875,518.806640625,1176.2894287109375,523.398681640625,1198.233154296875,525.550048828125,1158.515625,553.282958984375,1204.4600830078125,557.6895751953125,1154.63623046875,590.4276123046875,1221.033447265625,597.8494873046875
1162.945068359375,441.4205322265625,1167.3204345703125,438.53485107421875,1163.4871826171875,437.0329284667969,1178.828857421875,442.4391174316406,1167.55126953125,439.13800048828125,1192.883544921875,466.21490478515625,1163.017578125,458.2116394042969,1208.9337158203125,496.878662109375,1166.743896484375,475.21038818359375,1208.413818359375,520.9198608398438,1182.5313720703125,477.1253356933594,1185.8525390625,523.6925048828125,1161.749755859375,519.7755126953125,1199.904541015625,560.0112915039062,1144.3892822265625,556.1642456054688,1232.244384765625,596.3450317382812,1148.615234375,592.5263671875
1151.5023193359375,436.5676574707031,1155.8524169921875,433.0639343261719,1151.337890625,431.9632568359375,1167.487548828125,435.6188049316406,1153.8492431640625,433.34710693359375,1182.09814453125,457.3232421875,1150.6358642578125,456.76678466796875,1198.6649169921875,484.5403747558594,1145.3287353515625,490.85772705078125,1198.3204345703125,502.85205078125,1142.580078125,524.1260986328125,1181.4921875,516.70068359375,1157.9749755859375,515.760986328125,1189.553955078125,555.8121948242188,1138.22802734375,553.321044921875,1221.621826171875,593.6625366210938,1144.831298828125,588.7802124023438
1151.487060546875,436.574951171875,1155.809326171875,433.0632019042969,1151.3341064453125,431.9794921875,1167.4110107421875,435.6036071777344,1153.8665771484375,433.37548828125,1182.09326171875,457.26568603515625,1150.568115234375,456.8319396972656,1198.6717529296875,484.40716552734375,1145.2159423828125,491.0732421875,1198.2943115234375,502.7170715332031,1142.330322265625,524.6478271484375,1181.4818115234375,516.6942749023438,1157.933349609375,515.8096923828125,1189.5770263671875,555.837890625,1138.2252197265625,553.408935546875,1221.5548095703125,593.692138671875,1144.849853515625,588.8977661132812
