x0,y0,x1,y1,x2,y2,x3,y3,x4,y4,x5,y5,x6,y6,x7,y7,x8,y8,x9,y9,x10,y10,x11,y11,x12,y12,x13,y13,x14,y14,x15,y15,x16,y16
1066.911865234375,362.6190185546875,1070.5355224609375,359.00494384765625,1064.521728515625,358.7456359863281,1078.65625,360.50604248046875,1060.330810546875,359.733642578125,1089.1641845703125,381.85406494140625,1051.949462890625,376.741455078125,1105.06982421875,405.68548583984375,1031.274658203125,386.9382019042969,1100.680908203125,417.8453369140625,1034.13818359375,385.10760498046875,1082.23486328125,431.6368103027344,1059.5631103515625,429.2294921875,1080.493896484375,477.033935546875,1063.2490234375,473.89947509765625,1077.8931884765625,522.3473510742188,1069.3824462890625,518.695068359375
1067.395263671875,362.05413818359375,1070.610595703125,358.49755859375,1064.572509765625,358.38824462890625,1078.0169677734375,360.2525939941406,1059.85498046875,359.58135986328125,1087.1156005859375,380.6260986328125,1053.146728515625,376.41424560546875,1100.9681396484375,403.45343017578125,1033.6817626953125,387.14703369140625,1097.51171875,413.896484375,1036.8388671875,386.6690368652344,1080.766845703125,430.46063232421875,1060.349365234375,428.96368408203125,1079.0159912109375,474.6268615722656,1063.4774169921875,472.80023193359375,1078.34716796875,518.3612060546875,1068.4200439453125,516.94580078125
1066.388916015625,361.72979736328125,1069.9521484375,358.13934326171875,1064.175048828125,357.9085693359375,1078.2366943359375,359.95770263671875,1060.5072021484375,359.2379150390625,1088.75634765625,381.6298828125,1052.5875244140625,376.3934326171875,1104.709228515625,405.64727783203125,1031.64013671875,386.4697265625,1100.655517578125,418.11737060546875,1034.779052734375,384.8125305175781,1081.728271484375,430.70635986328125,1059.719482421875,428.20416259765625,1079.884521484375,475.96392822265625,1063.4422607421875,472.64166259765625,1077.644775390625,521.7221069335938,1069.302490234375,517.7738037109375
1066.1956787109375,362.40460205078125,1069.483642578125,358.8125,1063.625732421875,358.63836669921875,1077.533447265625,360.2601013183594,1059.45068359375,359.43829345703125,1087.233642578125,380.3861389160156,1052.7799072265625,375.9983825683594,1101.0345458984375,403.63568115234375,1032.701171875,387.92962646484375,1098.24365234375,415.95318603515625,1036.104248046875,391.10357666015625,1081.0191650390625,430.4297790527344,1060.2442626953125,428.807861328125,1080.4073486328125,475.1875,1064.112548828125,473.0215759277344,1079.780029296875,519.7993774414062,1068.5491943359375,517.760009765625
1066.6424560546875,365.8392333984375,1070.3052978515625,362.1353759765625,1064.081298828125,361.9027404785156,1078.47216796875,363.3447265625,1059.7138671875,362.7290954589844,1089.257568359375,384.2139892578125,1051.490478515625,379.4191589355469,1104.396240234375,408.39691162109375,1031.06982421875,391.99188232421875,1101.024169921875,420.3824462890625,1030.6387939453125,394.0728759765625,1082.3896484375,432.20281982421875,1059.439697265625,429.79052734375,1082.7689208984375,476.397216796875,1064.4462890625,472.75946044921875,1079.82373046875,520.696044921875,1071.0977783203125,515.7531127929688
1067.6610107421875,369.50335693359375,1070.968017578125,365.7698974609375,1064.059326171875,365.7630615234375,1077.947021484375,367.11181640625,1057.83154296875,366.7597961425781,1087.8564453125,387.25811767578125,1050.206298828125,384.838623046875,1101.2305908203125,409.81451416015625,1031.21728515625,402.2132568359375,1094.57861328125,417.89862060546875,1037.484375,408.6595458984375,1084.0616455078125,439.3388671875,1061.0289306640625,438.487548828125,1085.5657958984375,481.3616638183594,1064.6221923828125,479.67132568359375,1085.7755126953125,520.8070068359375,1072.3153076171875,518.409912109375
1067.5345458984375,369.94659423828125,1071.0091552734375,366.08209228515625,1063.718017578125,366.07415771484375,1077.6614990234375,366.6307373046875,1057.8101806640625,366.395751953125,1087.0333251953125,386.2271728515625,1050.18115234375,384.34735107421875,1099.9678955078125,407.7021789550781,1032.4794921875,402.716064453125,1095.728515625,414.5726623535156,1038.17578125,408.5668029785156,1083.4754638671875,438.59954833984375,1060.9989013671875,437.9815979003906,1084.216552734375,480.8361511230469,1066.0401611328125,479.82330322265625,1086.79638671875,519.70654296875,1074.6446533203125,518.2456665039062
1068.51171875,374.2734375,1071.599609375,369.6905517578125,1064.3160400390625,370.36553955078125,1077.0113525390625,370.5639953613281,1057.4866943359375,372.38909912109375,1086.80810546875,389.6925048828125,1049.7021484375,391.6822814941406,1097.9012451171875,411.85992431640625,1037.5391845703125,413.511474609375,1093.504638671875,423.72259521484375,1043.115478515625,425.41644287109375,1085.318603515625,441.93939208984375,1061.660888671875,443.00726318359375,1086.6021728515625,480.8022766113281,1066.119140625,481.7203369140625,1086.535888671875,519.6543579101562,1070.8214111328125,520.2007446289062
1067.0743408203125,375.723876953125,1070.567626953125,372.07757568359375,1063.6619873046875,372.0141906738281,1077.42724609375,372.71466064453125,1058.295654296875,372.629638671875,1087.06787109375,389.644775390625,1050.447021484375,389.58917236328125,1099.5372314453125,411.2308044433594,1037.9979248046875,412.48883056640625,1090.69677734375,422.19024658203125,1043.191162109375,430.3028564453125,1081.1298828125,432.9917907714844,1058.0213623046875,433.02044677734375,1086.0504150390625,475.30462646484375,1062.5018310546875,474.6575927734375,1088.27001953125,517.5220947265625,1070.6259765625,516.28759765625
1068.7703857421875,375.61468505859375,1071.822021484375,370.8651123046875,1064.404296875,371.77447509765625,1077.627197265625,371.8466491699219,1057.7220458984375,374.37274169921875,1088.572509765625,392.1229248046875,1049.224853515625,395.0218505859375,1101.304443359375,415.0075378417969,1036.37158203125,418.4222412109375,1097.1689453125,430.82574462890625,1041.3564453125,433.6376953125,1085.804931640625,444.5933532714844,1060.3232421875,445.9779968261719,1089.84130859375,481.2308349609375,1061.087158203125,482.4232177734375,1089.1131591796875,520.2334594726562,1062.20849609375,521.143798828125
1069.8975830078125,375.51495361328125,1072.646240234375,370.6690979003906,1065.3367919921875,371.6260986328125,1077.4451904296875,371.7563781738281,1058.0013427734375,374.4205627441406,1086.626953125,392.5006103515625,1049.942626953125,395.931640625,1100.6077880859375,415.0517578125,1039.2244873046875,420.32855224609375,1101.0833740234375,431.51177978515625,1043.864013671875,435.433837890625,1084.521484375,445.03057861328125,1060.556640625,446.8860168457031,1091.917236328125,478.876953125,1060.43603515625,480.5052795410156,1090.75927734375,519.4099731445312,1057.57861328125,521.1885986328125
1068.9862060546875,375.9906921386719,1071.533447265625,371.0709228515625,1064.390380859375,372.38116455078125,1076.667236328125,371.7957458496094,1057.725341796875,375.421875,1087.2122802734375,391.547607421875,1049.95556640625,396.4736022949219,1105.1300048828125,412.1476135253906,1041.301513671875,421.00469970703125,1106.9349365234375,428.45123291015625,1045.771240234375,434.30517578125,1083.848388671875,443.75970458984375,1059.609619140625,445.98388671875,1091.8514404296875,477.03387451171875,1056.87939453125,478.50653076171875,1089.9383544921875,517.9930419921875,1052.031494140625,519.9505615234375
1068.994140625,375.8436584472656,1071.5615234375,370.880859375,1064.343994140625,372.2120361328125,1076.80712890625,371.5243835449219,1057.61767578125,375.20855712890625,1087.37890625,391.2609558105469,1049.9564208984375,396.236083984375,1105.2498779296875,412.47186279296875,1041.21044921875,421.35821533203125,1107.155517578125,430.27630615234375,1045.318359375,436.13397216796875,1084.0802001953125,443.5042724609375,1059.7493896484375,445.7355651855469,1091.864013671875,476.42413330078125,1056.8165283203125,477.89178466796875,1089.98388671875,517.8656616210938,1052.13134765625,519.8046875
1068.841064453125,377.6358642578125,1071.3643798828125,372.4566650390625,1063.9703369140625,373.7399597167969,1075.9638671875,372.94940185546875,1056.568603515625,376.53350830078125,1085.373046875,393.16387939453125,1050.0152587890625,397.88226318359375,1102.054443359375,413.27557373046875,1040.15673828125,421.3333740234375,1106.890625,427.1038818359375,1042.0205078125,432.6363830566406,1083.634033203125,445.9362487792969,1060.16650390625,448.21307373046875,1093.251220703125,477.1826171875,1055.0601806640625,479.103759765625,1091.83349609375,519.927490234375,1046.6539306640625,522.39794921875
1065.4674072265625,378.99493408203125,1068.377685546875,374.99761962890625,1061.5079345703125,375.65313720703125,1075.1357421875,375.70257568359375,1056.0753173828125,377.15673828125,1086.469482421875,394.0380859375,1050.441650390625,399.1013488769531,1108.2642822265625,406.4063415527344,1039.9658203125,424.3121337890625,1108.64892578125,404.5403137207031,1045.59326171875,447.68756103515625,1081.9744873046875,448.7957763671875,1057.7642822265625,450.58935546875,1091.1434326171875,487.18798828125,1051.9443359375,487.2021484375,1089.593505859375,526.585693359375,1039.635009765625,524.3485717773438
1063.7021484375,380.50946044921875,1065.92041015625,376.4678649902344,1059.7393798828125,377.19677734375,1070.96728515625,377.29547119140625,1053.694091796875,379.26202392578125,1082.677734375,394.248291015625,1047.686279296875,400.3720703125,1107.6744384765625,403.9661865234375,1041.00390625,425.97283935546875,1114.9737548828125,404.96099853515625,1044.95166015625,445.4825439453125,1080.883544921875,448.87237548828125,1056.50341796875,451.02923583984375,1091.132568359375,488.2125244140625,1049.0660400390625,489.593994140625,1083.773193359375,529.0253295898438,1030.3238525390625,528.9974365234375
1064.060546875,381.0804443359375,1066.029052734375,376.72674560546875,1059.206298828125,377.7391662597656,1070.29248046875,377.3262634277344,1051.177978515625,379.5321350097656,1080.5196533203125,394.3441162109375,1045.59912109375,401.485595703125,1104.2215576171875,402.156982421875,1040.324951171875,428.2427673339844,1118.000732421875,405.61712646484375,1045.8533935546875,450.65533447265625,1079.370361328125,449.5216064453125,1055.3463134765625,452.12713623046875,1091.04052734375,490.19256591796875,1049.5008544921875,492.14080810546875,1086.456787109375,532.4879760742188,1031.751953125,533.50439453125
1061.6846923828125,382.81707763671875,1063.8011474609375,378.3629150390625,1056.8521728515625,379.3927917480469,1068.0958251953125,378.799560546875,1048.7845458984375,381.11474609375,1077.6986083984375,395.2247314453125,1042.58544921875,403.78192138671875,1102.3701171875,400.92987060546875,1040.0498046875,429.710693359375,1120.05419921875,405.1407165527344,1046.0604248046875,449.7559814453125,1077.5250244140625,450.85174560546875,1053.51025390625,454.55548095703125,1090.318115234375,490.3828125,1050.2039794921875,494.3724060058594,1086.6158447265625,532.9688110351562,1035.23828125,537.8370971679688
1061.63134765625,382.82257080078125,1063.756591796875,378.36065673828125,1056.799560546875,379.402587890625,1068.10205078125,378.7877197265625,1048.764404296875,381.1417236328125,1077.76611328125,395.2025146484375,1042.59423828125,403.8346252441406,1102.413818359375,400.8402099609375,1040.1328125,429.7064208984375,1120.1319580078125,405.1401672363281,1046.039306640625,449.671875,1077.5877685546875,450.82177734375,1053.5445556640625,454.560302734375,1090.3209228515625,490.3091125488281,1050.235595703125,494.36102294921875,1086.572998046875,532.8716430664062,1035.3670654296875,537.839599609375
1060.54345703125,381.1694641113281,1062.490234375,376.653564453125,1055.8875732421875,377.9616394042969,1065.7730712890625,376.1605224609375,1048.7236328125,379.12713623046875,1074.43115234375,392.16009521484375,1043.05712890625,402.1383361816406,1101.3770751953125,399.1343994140625,1037.2113037109375,428.3634033203125,1122.79736328125,400.0740051269531,1042.4512939453125,451.9390869140625,1074.8077392578125,450.9628601074219,1053.880859375,455.9453430175781,1086.6961669921875,492.82818603515625,1050.9918212890625,497.10260009765625,1089.62646484375,538.0987548828125,1040.0390625,541.887939453125
1057.619140625,381.2650451660156,1059.3084716796875,376.66534423828125,1052.974853515625,378.16595458984375,1061.9510498046875,376.28985595703125,1045.8984375,379.680908203125,1069.2030029296875,392.18402099609375,1040.9671630859375,403.067138671875,1093.80712890625,398.44903564453125,1036.693115234375,429.6557922363281,1116.0067138671875,398.6160888671875,1042.3724365234375,454.90167236328125,1070.426025390625,450.5611267089844,1051.339111328125,456.05767822265625,1083.99755859375,492.8762512207031,1049.6517333984375,497.5899658203125,1087.380859375,538.8458251953125,1037.88525390625,543.493896484375
1057.4996337890625,379.5242919921875,1058.529052734375,375.200927734375,1053.22021484375,376.31317138671875,1058.2095947265625,376.01318359375,1045.739013671875,378.8517150878906,1063.0047607421875,391.7284240722656,1037.9522705078125,401.7532958984375,1087.1954345703125,394.36199951171875,1037.92138671875,428.02862548828125,1107.67578125,396.6587219238281,1046.9267578125,448.4735412597656,1065.2171630859375,445.65618896484375,1047.83837890625,450.7010498046875,1081.278564453125,489.41259765625,1049.363037109375,495.1673583984375,1080.814697265625,532.12744140625,1037.4248046875,540.600830078125
1051.8583984375,379.6145324707031,1052.6431884765625,374.93804931640625,1047.8173828125,376.0974426269531,1052.2755126953125,375.73193359375,1040.546875,378.23968505859375,1056.105712890625,391.90869140625,1035.3134765625,400.40777587890625,1073.218017578125,402.3792724609375,1041.4649658203125,426.6021423339844,1085.774169921875,412.91845703125,1052.242919921875,449.3887023925781,1060.666015625,444.840576171875,1045.2879638671875,449.29541015625,1079.4429931640625,487.5601806640625,1049.6397705078125,492.9942626953125,1080.15771484375,532.3778686523438,1037.48486328125,542.3314819335938
1048.1134033203125,380.3647155761719,1049.16162109375,375.97222900390625,1043.6475830078125,377.01580810546875,1048.978759765625,377.3941650390625,1036.355224609375,379.750732421875,1052.7908935546875,396.9959716796875,1032.104736328125,402.3875427246094,1068.2950439453125,416.33123779296875,1038.4334716796875,429.13690185546875,1072.5638427734375,432.4560241699219,1051.9093017578125,447.1438293457031,1057.32763671875,449.6422119140625,1042.6702880859375,453.0596923828125,1073.557373046875,492.1553649902344,1047.1414794921875,496.245849609375,1075.624267578125,534.0836181640625,1040.592041015625,541.2174072265625
1049.1336669921875,380.07275390625,1050.3330078125,375.7054138183594,1044.49462890625,376.74041748046875,1050.27490234375,377.36236572265625,1036.6253662109375,379.7445373535156,1053.9071044921875,397.09539794921875,1031.9466552734375,402.84796142578125,1069.43896484375,415.40789794921875,1037.4224853515625,429.45172119140625,1073.4403076171875,430.05731201171875,1050.261474609375,446.8548889160156,1058.121337890625,449.5540771484375,1042.54150390625,453.1310119628906,1074.575439453125,491.8289794921875,1046.6759033203125,496.181396484375,1076.46240234375,533.726318359375,1039.445068359375,541.2522583007812
1040.442626953125,383.674560546875,1043.109619140625,379.67413330078125,1037.291015625,380.4364929199219,1048.7374267578125,381.24505615234375,1033.469970703125,383.33575439453125,1056.6529541015625,397.5088806152344,1029.61572265625,406.7313232421875,1067.7490234375,409.6451110839844,1039.91796875,431.42059326171875,1061.77783203125,404.56121826171875,1050.880615234375,425.3629150390625,1061.105224609375,451.6478271484375,1041.498291015625,456.54461669921875,1077.467041015625,490.2635192871094,1047.7412109375,497.9954833984375,1077.207763671875,530.4120483398438,1041.919677734375,543.4042358398438
1043.1817626953125,382.14410400390625,1044.9339599609375,378.50390625,1039.86572265625,379.09088134765625,1047.6201171875,381.47515869140625,1035.840576171875,382.89727783203125,1053.5146484375,397.7218322753906,1032.71240234375,401.768798828125,1068.921630859375,402.99749755859375,1046.3194580078125,409.1820373535156,1065.5631103515625,394.7158203125,1058.57373046875,396.1251220703125,1054.7684326171875,451.7811584472656,1039.25341796875,454.5289306640625,1070.8978271484375,493.50933837890625,1046.95556640625,497.82427978515625,1070.7952880859375,533.064453125,1040.097900390625,541.6483154296875
1045.6605224609375,381.9269714355469,1046.18994140625,378.07684326171875,1041.673095703125,378.6534118652344,1045.041015625,382.1578674316406,1037.6407470703125,382.65997314453125,1046.97412109375,401.52203369140625,1039.561279296875,400.2591247558594,1068.397705078125,400.32470703125,1051.675048828125,399.9859619140625,1085.7882080078125,387.56365966796875,1069.1331787109375,388.7373046875,1046.0880126953125,453.2478332519531,1042.9735107421875,452.83160400390625,1052.49169921875,495.8106994628906,1059.9281005859375,493.50823974609375,1040.4542236328125,537.880615234375,1057.2669677734375,534.49365234375
1045.321044921875,381.08721923828125,1042.6724853515625,376.9763488769531,1041.762939453125,377.4305419921875,1033.4605712890625,381.260009765625,1038.030517578125,380.47064208984375,1032.312255859375,402.0262756347656,1041.877197265625,397.20123291015625,1049.1346435546875,410.1239013671875,1057.1273193359375,402.3154296875,1064.9110107421875,398.8966064453125,1068.745361328125,395.4129638671875,1034.3563232421875,453.676513671875,1042.574462890625,451.8833312988281,1046.1630859375,497.3460693359375,1060.572021484375,492.31634521484375,1032.8114013671875,540.6547241210938,1055.109130859375,533.3748779296875
1040.374267578125,380.78265380859375,1038.5595703125,376.54541015625,1036.9326171875,377.0733947753906,1032.19384765625,380.20794677734375,1036.322265625,379.66485595703125,1031.3980712890625,401.13079833984375,1041.173828125,396.7008361816406,1040.148681640625,414.37762451171875,1050.186279296875,406.2576599121094,1045.9373779296875,400.0562438964844,1048.9766845703125,395.19696044921875,1032.5,454.4571533203125,1040.6424560546875,452.70208740234375,1043.8226318359375,500.3445739746094,1052.880126953125,496.16485595703125,1032.588623046875,544.8609619140625,1046.6175537109375,538.694091796875
1040.20703125,380.7982177734375,1038.490234375,376.5478820800781,1036.7296142578125,377.0885925292969,1032.400146484375,380.19525146484375,1036.176513671875,379.69830322265625,1031.603271484375,401.1442565917969,1041.11865234375,396.7878112792969,1040.1795654296875,414.488525390625,1049.8885498046875,406.4753723144531,1045.666015625,400.2600402832031,1048.40966796875,395.4526062011719,1032.5570068359375,454.4867248535156,1040.53076171875,452.7569274902344,1043.939697265625,500.37615966796875,1052.87353515625,496.2603759765625,1032.61572265625,544.8792114257812,1046.4913330078125,538.796630859375
1036.36865234375,383.9036865234375,1037.6143798828125,379.6544494628906,1032.552490234375,380.7725830078125,1039.4344482421875,381.49493408203125,1028.1644287109375,383.8224792480469,1045.5091552734375,400.511962890625,1025.9901123046875,403.1293029785156,1065.4462890625,416.731689453125,1038.066162109375,418.8783874511719,1078.3458251953125,418.624755859375,1060.560302734375,410.11334228515625,1042.778076171875,455.1843566894531,1030.84912109375,456.8652648925781,1050.11279296875,499.1838684082031,1042.20361328125,500.9215087890625,1037.8333740234375,541.81103515625,1036.9974365234375,545.1932373046875
1029.156494140625,386.2369079589844,1031.494873046875,381.71563720703125,1025.048095703125,382.2991943359375,1035.2828369140625,382.66357421875,1019.0450439453125,384.18157958984375,1039.8848876953125,401.0897216796875,1016.36083984375,404.2612609863281,1055.388671875,419.33953857421875,1019.7518310546875,427.8642883300781,1063.9888916015625,418.4656982421875,1034.2947998046875,423.08953857421875,1043.2091064453125,455.6082458496094,1029.10986328125,457.5136413574219,1044.209716796875,502.25775146484375,1036.7711181640625,503.7637023925781,1043.233642578125,546.3564453125,1038.3267822265625,548.3736572265625
1032.818359375,386.19781494140625,1034.635009765625,381.7773742675781,1028.2828369140625,382.18048095703125,1036.52392578125,383.09912109375,1020.5077514648438,383.9404296875,1037.36376953125,402.1927490234375,1015.6008911132812,404.9195251464844,1054.2755126953125,420.40765380859375,1023.4091796875,429.75872802734375,1068.6923828125,420.5084228515625,1044.2740478515625,426.33477783203125,1039.2979736328125,456.5080261230469,1026.200927734375,458.7261657714844,1041.9105224609375,501.1663513183594,1035.8074951171875,502.9781494140625,1039.1201171875,544.9124755859375,1035.3729248046875,547.8782348632812
1035.5478515625,384.5990295410156,1036.93994140625,380.0693664550781,1030.8863525390625,380.5316162109375,1037.3267822265625,381.2191162109375,1021.971923828125,382.2193908691406,1036.445068359375,400.7855224609375,1014.7576904296875,404.294921875,1060.3734130859375,418.31500244140625,1028.1611328125,430.1106262207031,1083.347412109375,422.1493835449219,1055.697265625,430.03662109375,1034.44677734375,457.84124755859375,1021.025634765625,460.8177490234375,1041.529296875,499.0965270996094,1035.4322509765625,501.479248046875,1037.0736083984375,541.6158447265625,1032.9234619140625,545.9635009765625
1031.7596435546875,384.47613525390625,1033.181884765625,380.33355712890625,1026.9730224609375,381.4720458984375,1034.3232421875,382.70843505859375,1017.9322509765625,384.958984375,1040.0909423828125,403.8672180175781,1008.9666137695312,408.2813415527344,1061.556884765625,423.5294494628906,1002.3795776367188,436.2552795410156,1077.765869140625,430.9442138671875,1023.4956665039062,444.0504455566406,1035.466552734375,457.9530944824219,1017.445068359375,460.6471252441406,1043.0794677734375,499.8049621582031,1033.2578125,502.387451171875,1032.01171875,542.5143432617188,1032.9774169921875,546.024658203125
1032.0745849609375,383.8682556152344,1033.25830078125,379.6998291015625,1027.295166015625,380.908447265625,1033.71728515625,382.15948486328125,1018.1065063476562,384.56243896484375,1039.1044921875,403.4434814453125,1009.1929931640625,408.160400390625,1060.640380859375,423.41143798828125,1002.984619140625,436.4695129394531,1076.9337158203125,430.478515625,1025.4755859375,443.2182312011719,1035.122802734375,458.2112731933594,1017.8278198242188,461.09552001953125,1042.8597412109375,499.7243957519531,1033.4512939453125,502.5786437988281,1031.812255859375,542.0686645507812,1032.632568359375,545.942626953125
1026.871337890625,380.0252685546875,1028.80859375,375.64996337890625,1022.2947998046875,376.7555236816406,1031.5826416015625,377.75579833984375,1014.3660278320312,380.12847900390625,1036.3707275390625,398.742431640625,1005.809326171875,403.4856262207031,1054.6536865234375,419.69964599609375,998.6303100585938,433.22808837890625,1069.9210205078125,435.5179443359375,1012.006591796875,452.7230529785156,1025.927001953125,448.4901123046875,1008.8560791015625,451.2854919433594,1032.68115234375,492.8059387207031,1031.416015625,495.4567565917969,1021.7726440429688,534.612548828125,1036.2266845703125,538.039794921875
1021.2431640625,374.51275634765625,1023.90966796875,370.0632019042969,1016.7296142578125,370.96612548828125,1029.09033203125,371.3868713378906,1009.36669921875,373.4544677734375,1035.829345703125,392.2868957519531,1001.1271362304688,396.4344177246094,1050.901123046875,415.609619140625,993.9102783203125,430.05810546875,1061.1376953125,432.01580810546875,1001.74560546875,456.19415283203125,1022.3779296875,442.34161376953125,1002.8373413085938,444.47784423828125,1026.5313720703125,485.1713562011719,1024.5699462890625,486.91290283203125,1008.8199462890625,529.3323974609375,1026.6240234375,531.9828491210938
1019.112060546875,370.1307678222656,1023.0089721679688,365.4925231933594,1014.74658203125,365.06915283203125,1027.294677734375,367.0014953613281,1006.2617797851562,365.3652648925781,1030.029541015625,387.88555908203125,994.0347290039062,386.56268310546875,1043.71923828125,414.49176025390625,982.0662841796875,414.70977783203125,1055.6702880859375,438.10089111328125,991.0435791015625,439.29364013671875,1020.8878784179688,443.7265319824219,998.2467041015625,443.6455078125,1020.079345703125,483.9453125,1004.1337890625,484.6676025390625,1013.0809326171875,527.7321166992188,1001.485595703125,529.25537109375
1019.261962890625,370.713134765625,1022.0277099609375,366.17669677734375,1014.811279296875,366.2414245605469,1024.19482421875,367.7769775390625,1006.790771484375,367.5251770019531,1028.2384033203125,389.18023681640625,994.076416015625,389.301025390625,1040.775390625,415.66717529296875,981.6854248046875,417.405517578125,1048.4117431640625,440.5621337890625,990.5791015625,443.00347900390625,1022.7437744140625,444.93035888671875,1001.5003051757812,445.54705810546875,1023.486328125,486.56353759765625,1005.9805297851562,487.23309326171875,1015.768798828125,525.722900390625,1002.680908203125,527.08642578125
1012.1517333984375,365.9879150390625,1014.7763671875,361.47998046875,1007.755615234375,362.28253173828125,1019.3922119140625,363.47161865234375,1000.2645263671875,364.9124755859375,1026.668212890625,385.9873352050781,990.0953979492188,390.18023681640625,1038.024169921875,410.8231201171875,980.4237670898438,421.673583984375,1043.774169921875,432.91143798828125,990.9017944335938,448.410888671875,1018.891845703125,442.5967712402344,996.2059936523438,445.1097106933594,1022.1441650390625,484.93402099609375,1002.065185546875,488.24163818359375,1009.7517700195312,524.5086669921875,998.847900390625,530.1445922851562
1012.402587890625,365.7032775878906,1014.9874877929688,361.1944885253906,1007.9765625,362.00634765625,1019.446533203125,363.2644958496094,1000.3796997070312,364.7176513671875,1026.6905517578125,385.9071044921875,990.1045532226562,390.0931091308594,1038.0330810546875,410.822509765625,980.428466796875,421.6112060546875,1043.821533203125,432.98358154296875,990.9459228515625,448.35943603515625,1019.01220703125,442.6311950683594,996.3095703125,445.14898681640625,1022.2315673828125,484.9150085449219,1002.1048583984375,488.2254638671875,1009.781494140625,524.424072265625,998.8038330078125,530.062744140625
1012.7576293945312,363.2874755859375,1014.75439453125,358.97393798828125,1008.96142578125,359.6802062988281,1016.6167602539062,360.6497802734375,1001.0433349609375,362.0448303222656,1022.8987426757812,381.609375,987.48193359375,386.51239013671875,1034.5146484375,406.9461669921875,974.970458984375,419.2880859375,1039.4600830078125,428.61474609375,985.1314697265625,448.16998291015625,1014.701416015625,438.4538269042969,992.0828857421875,441.4560241699219,1021.6527099609375,481.9122619628906,996.0770874023438,485.7483215332031,1011.5630493164062,521.9502563476562,989.6314086914062,527.7977294921875
1008.4818115234375,367.6544494628906,1010.9544067382812,363.6968994140625,1004.4664306640625,363.9824523925781,1013.916259765625,365.2457275390625,996.1612548828125,365.70904541015625,1021.1854248046875,385.90911865234375,982.7872924804688,388.345947265625,1031.869140625,408.7613525390625,970.0579833984375,417.3587646484375,1034.2349853515625,427.357177734375,974.3182983398438,443.49237060546875,1012.8792724609375,439.64483642578125,986.78369140625,441.0333251953125,1021.1197509765625,478.4903869628906,978.0736083984375,479.9564208984375,1023.017822265625,520.0111083984375,974.576171875,522.29052734375
1001.7676391601562,374.31707763671875,1004.45361328125,370.407470703125,997.7003173828125,370.52203369140625,1008.5780029296875,371.12994384765625,989.817626953125,371.0153503417969,1016.5039672851562,391.477294921875,978.374755859375,391.8926696777344,1027.813232421875,414.95196533203125,965.9478149414062,418.8724365234375,1032.2860107421875,435.71807861328125,969.1070556640625,446.6796569824219,1009.775146484375,442.47808837890625,983.157958984375,442.70599365234375,1020.01220703125,481.8017578125,968.8690185546875,481.5458984375,1022.67822265625,522.4772338867188,960.1156005859375,522.3321533203125
996.5277099609375,374.63427734375,999.34814453125,370.83935546875,992.59912109375,370.9360656738281,1004.421630859375,372.1116027832031,985.6331176757812,371.9532470703125,1012.771728515625,393.4225158691406,975.9449462890625,392.56768798828125,1026.253173828125,416.9109191894531,960.854736328125,417.84130859375,1033.86572265625,438.4322204589844,960.88232421875,444.68023681640625,1003.9993896484375,442.0552978515625,977.593505859375,441.0934753417969,1014.818603515625,480.34893798828125,956.8079833984375,478.4041748046875,1020.2129516601562,519.7860717773438,942.7979736328125,516.679443359375
989.5046997070312,380.27923583984375,991.783935546875,376.6505126953125,985.844482421875,376.9353332519531,996.7523803710938,377.0559997558594,979.0468139648438,377.1585388183594,1005.4239501953125,395.66473388671875,969.7757568359375,395.190673828125,1019.7588500976562,415.79766845703125,953.4775390625,419.78448486328125,1029.1051025390625,432.9521484375,957.0115356445312,445.74945068359375,996.16796875,441.799072265625,969.1763916015625,440.55206298828125,1011.293212890625,479.0993957519531,942.111083984375,476.5584716796875,1016.6229858398438,518.1436157226562,916.5477905273438,514.0321044921875
989.7535400390625,379.78204345703125,991.9601440429688,376.1470642089844,986.0555419921875,376.4548645019531,996.748291015625,376.57470703125,979.1581420898438,376.71820068359375,1005.3037109375,395.312744140625,969.9263305664062,394.8851623535156,1019.3508911132812,415.54815673828125,953.6953125,419.8920593261719,1028.138671875,432.05145263671875,957.2283325195312,446.31634521484375,996.3377685546875,442.0748291015625,969.47216796875,440.84417724609375,1011.7285766601562,479.5155944824219,942.5924072265625,476.896484375,1017.11376953125,518.4760131835938,916.6986694335938,514.190673828125
981.3901977539062,382.88946533203125,983.723388671875,379.18743896484375,977.6959228515625,379.54461669921875,988.6715698242188,379.3211669921875,970.7927856445312,379.7145080566406,998.2531127929688,397.3992004394531,961.3496704101562,397.3810729980469,1013.062744140625,416.10845947265625,943.9747314453125,420.534423828125,1021.8214111328125,432.40826416015625,946.8148193359375,444.63763427734375,990.3473510742188,443.07781982421875,962.3857421875,442.05267333984375,1005.0604248046875,479.932861328125,933.8527221679688,477.59088134765625,1016.5808715820312,520.2200317382812,913.7913818359375,516.1456298828125
977.7874755859375,383.5675964355469,979.506591796875,379.4871826171875,974.078369140625,380.29443359375,982.5639038085938,379.642822265625,967.044677734375,381.5210266113281,993.480712890625,397.26605224609375,954.65869140625,399.83868408203125,1009.5501708984375,414.60791015625,934.0310668945312,423.801025390625,1018.9625244140625,433.312744140625,935.88037109375,450.8038330078125,986.0101318359375,441.4500732421875,956.0797119140625,442.83868408203125,1007.7628173828125,478.7337341308594,932.2745361328125,479.0565490722656,1023.9094848632812,518.3831787109375,916.5726928710938,517.6630859375
972.9288940429688,382.13079833984375,974.736083984375,378.2742004394531,968.9924926757812,378.85455322265625,977.1649169921875,378.2012939453125,960.98095703125,379.22406005859375,984.8809204101562,395.35821533203125,949.865234375,396.8370361328125,1001.9744873046875,413.80194091796875,932.5106201171875,420.134033203125,1015.457763671875,433.706298828125,933.6689453125,444.16522216796875,976.5210571289062,438.5859375,949.5006103515625,438.8590393066406,997.89306640625,476.634521484375,927.407470703125,476.17950439453125,1016.1707763671875,517.4771728515625,911.2512817382812,516.0748291015625
969.6412353515625,381.6751708984375,970.953125,377.85736083984375,966.0382690429688,378.2144775390625,971.13427734375,377.7041015625,957.3031005859375,378.1943664550781,977.0279541015625,393.70025634765625,944.4805297851562,395.072021484375,995.8368530273438,410.6539306640625,926.6112670898438,419.59051513671875,1008.8433837890625,428.468994140625,926.0330810546875,448.92486572265625,967.6946411132812,437.17431640625,942.345703125,437.455810546875,991.7747802734375,475.73846435546875,925.901611328125,474.8614196777344,1012.8101806640625,515.5184936523438,911.9959716796875,513.5823974609375
960.5949096679688,379.0382080078125,962.7951049804688,375.3091735839844,957.1593017578125,375.440673828125,965.4276123046875,375.11578369140625,949.7713623046875,375.19378662109375,972.0755615234375,391.48699951171875,938.024169921875,392.74932861328125,989.2916259765625,409.5008239746094,922.7193603515625,418.7287902832031,1002.716064453125,429.281005859375,921.702880859375,450.0509033203125,963.8043212890625,433.8050537109375,937.7083740234375,434.05609130859375,987.7916259765625,470.7040100097656,922.9697265625,469.970947265625,1006.9595947265625,511.706787109375,911.160400390625,510.18621826171875
960.527099609375,379.0344543457031,962.7588500976562,375.30596923828125,957.0927734375,375.4320068359375,965.4803466796875,375.13177490234375,949.7369384765625,375.19976806640625,972.140869140625,391.5304870605469,938.0319213867188,392.790283203125,989.3487548828125,409.47125244140625,922.7230224609375,418.73162841796875,1002.7538452148438,429.1634216308594,921.7542724609375,449.967529296875,963.8120727539062,433.87127685546875,937.6671752929688,434.1148681640625,987.7998046875,470.6928405761719,922.846923828125,469.95465087890625,1007.0426025390625,511.683349609375,911.076416015625,510.145751953125
953.6921997070312,376.44146728515625,956.6889038085938,372.6003112792969,950.1677856445312,372.73883056640625,962.2318115234375,372.57440185546875,944.025146484375,372.7830505371094,970.859130859375,390.3800354003906,935.2852783203125,391.96875,986.1866455078125,410.1297607421875,923.2569580078125,419.28436279296875,997.881103515625,432.6803283691406,919.561767578125,452.0023498535156,964.667236328125,433.45635986328125,937.6781616210938,433.5795593261719,986.0813598632812,469.31494140625,920.1641235351562,468.6004943847656,1002.818115234375,510.1674499511719,908.1597900390625,508.9072265625
951.5868530273438,375.00390625,954.4502563476562,370.99908447265625,947.7725830078125,371.5035095214844,960.210205078125,370.758544921875,941.7095947265625,372.0264892578125,970.3392333984375,388.182373046875,932.3160400390625,391.21728515625,984.62109375,408.63189697265625,919.454345703125,416.7098388671875,991.4313354492188,429.4093017578125,917.7156372070312,444.5658874511719,964.760986328125,432.5206604003906,936.777099609375,434.34881591796875,987.6395874023438,464.21246337890625,919.572265625,465.7321472167969,1000.9700317382812,505.1693115234375,909.2924194335938,507.013916015625
948.4921875,376.2005615234375,951.6198120117188,372.4955749511719,945.1387939453125,372.474365234375,957.4136352539062,372.7584228515625,939.2294921875,372.56121826171875,966.8999633789062,389.99627685546875,930.0384521484375,391.00567626953125,982.1127319335938,409.2264404296875,917.497314453125,416.052001953125,988.0400390625,428.88330078125,914.6878051757812,442.729248046875,960.881103515625,432.81744384765625,932.4864501953125,432.5957336425781,983.5992431640625,463.7355651855469,912.992919921875,463.1003723144531,999.292724609375,504.65008544921875,897.97998046875,503.8418884277344
944.8050537109375,381.56005859375,947.5724487304688,377.70892333984375,941.37939453125,377.92559814453125,953.2494506835938,377.3673095703125,935.694091796875,377.69085693359375,963.537109375,393.7847900390625,928.0391235351562,394.0421447753906,978.5066528320312,416.0728454589844,914.2686767578125,418.8414306640625,985.69091796875,442.06201171875,909.3590698242188,448.92755126953125,959.7552490234375,431.61944580078125,931.3984375,430.892578125,984.3399658203125,465.1658020019531,907.9791870117188,463.5617980957031,1000.5968627929688,504.83837890625,886.9465942382812,502.06500244140625
942.256103515625,383.00897216796875,944.6591796875,379.15423583984375,938.2512817382812,379.718505859375,949.7649536132812,379.07110595703125,931.3980712890625,380.4776916503906,958.5526123046875,395.2784729003906,926.0048828125,399.4456787109375,976.4918212890625,410.6161193847656,911.6676025390625,424.6656494140625,982.70458984375,425.71343994140625,904.01416015625,454.09375,956.9163818359375,435.5631103515625,930.5498046875,436.9337158203125,980.9130859375,467.0609436035156,899.064697265625,467.601806640625,1000.149169921875,503.57421875,874.6046142578125,503.1481018066406
941.8665771484375,383.2411193847656,944.2496337890625,379.3856506347656,937.925048828125,379.95806884765625,949.4100341796875,379.19091796875,931.1226196289062,380.62042236328125,958.1370849609375,394.97955322265625,925.7938842773438,399.4310302734375,976.5675659179688,409.41693115234375,911.18994140625,424.6387939453125,982.436279296875,423.0211181640625,904.2548828125,453.5504150390625,956.5585327148438,435.6191711425781,930.22998046875,437.0860290527344,980.7655029296875,467.39825439453125,898.4412841796875,468.068115234375,1000.4578857421875,503.74920654296875,873.375732421875,503.53106689453125
940.68896484375,386.36749267578125,942.8508911132812,382.50299072265625,936.6784057617188,383.0413513183594,947.1469116210938,382.8861083984375,929.37255859375,383.90411376953125,955.9865112304688,400.0748291015625,922.148681640625,402.3738098144531,973.0518798828125,417.8348388671875,905.0333862304688,425.7012939453125,982.04443359375,438.5169982910156,898.1090698242188,455.75439453125,954.824951171875,438.7449951171875,927.1146240234375,439.434326171875,978.8508911132812,470.8979187011719,891.607177734375,470.7578430175781,1000.2940673828125,507.1974792480469,865.902099609375,506.34381103515625
934.3807373046875,396.384765625,937.478515625,392.8773193359375,931.6361083984375,392.876708984375,943.7316284179688,393.4349670410156,927.6249389648438,393.4955749511719,954.6085205078125,408.21380615234375,920.2520751953125,409.39373779296875,969.0330810546875,424.3011474609375,903.755859375,433.4215393066406,969.0999755859375,439.87158203125,893.5875244140625,462.2033386230469,951.7242431640625,444.1540832519531,922.1837158203125,443.2259521484375,978.0653686523438,473.7712097167969,892.273681640625,471.8111572265625,1003.2957763671875,509.76153564453125,868.0588989257812,506.12799072265625
930.812255859375,403.7379455566406,933.9783325195312,400.30279541015625,927.8021240234375,400.3153076171875,940.0123901367188,401.66265869140625,924.106201171875,401.638427734375,952.6917724609375,419.41119384765625,916.104736328125,418.2984619140625,965.84814453125,441.16363525390625,901.5247192382812,440.3082275390625,971.9774780273438,461.3630676269531,892.172607421875,465.28778076171875,950.3206787109375,455.687255859375,919.6697998046875,453.84808349609375,975.6427001953125,478.0726318359375,886.3207397460938,474.95855712890625,999.697265625,512.09423828125,864.166748046875,506.14422607421875
919.55126953125,408.7330627441406,922.454345703125,405.32000732421875,916.875,405.55340576171875,929.073486328125,406.630615234375,914.7843017578125,407.1746520996094,945.36083984375,423.5168151855469,906.9900512695312,422.21710205078125,962.7841186523438,445.0778503417969,892.3253173828125,441.83551025390625,966.3211669921875,465.34185791015625,884.02880859375,461.89019775390625,942.779296875,455.7527160644531,910.4580688476562,453.67523193359375,968.0960693359375,476.9393005371094,876.3883056640625,473.7151794433594,998.8580322265625,511.9844970703125,860.00341796875,505.80206298828125
905.1117553710938,411.86785888671875,908.060791015625,408.163330078125,902.5105590820312,408.5486755371094,915.7222900390625,408.4632568359375,900.6670532226562,409.34381103515625,933.8125,423.68621826171875,893.5213623046875,424.4527587890625,953.9468994140625,443.92889404296875,879.796630859375,446.19287109375,953.3391723632812,463.83966064453125,870.3897705078125,468.3489074707031,932.9530029296875,457.206787109375,899.1329956054688,456.3143310546875,962.529296875,475.844970703125,870.9922485351562,473.88916015625,995.1815185546875,510.9042663574219,858.2290649414062,506.4209289550781
905.1736450195312,410.1900329589844,907.2793579101562,406.39178466796875,902.0213012695312,407.0682373046875,913.7411499023438,407.096923828125,898.8565063476562,408.8828430175781,927.8333740234375,422.7743225097656,895.695068359375,425.0473937988281,951.5352172851562,443.5394287109375,876.44970703125,446.50689697265625,955.6895141601562,461.95025634765625,864.2565307617188,468.523681640625,933.2023315429688,454.5253601074219,905.8346557617188,456.2059326171875,968.0641479492188,475.17327880859375,875.2849731445312,475.626708984375,1001.1104736328125,508.73236083984375,856.693115234375,507.04168701171875
885.169921875,411.03265380859375,888.746826171875,407.2867126464844,882.980712890625,407.27069091796875,898.776123046875,407.7047424316406,881.2652587890625,407.95947265625,914.4098510742188,421.95880126953125,878.8741455078125,425.46844482421875,937.7700805664062,437.5841064453125,860.6599731445312,447.021484375,936.1441650390625,449.0369873046875,843.797119140625,471.225830078125,927.1119384765625,455.66748046875,897.8289794921875,457.0675048828125,955.595703125,474.79376220703125,865.3529052734375,475.70184326171875,990.4281005859375,509.30291748046875,850.7574462890625,509.80279541015625
869.8423461914062,413.4525146484375,872.5189819335938,409.61114501953125,867.4119873046875,410.0521545410156,881.7879638671875,409.31243896484375,865.5152587890625,410.90478515625,900.7044677734375,422.5523986816406,863.19970703125,426.39642333984375,930.117431640625,437.257080078125,844.3009643554688,444.709228515625,934.9909057617188,448.6949157714844,825.4844970703125,469.14697265625,915.2916870117188,452.00445556640625,885.3572998046875,454.4634704589844,949.64453125,474.0145263671875,857.7420043945312,474.87921142578125,987.5527954101562,511.024658203125,849.312255859375,510.71954345703125
853.1500854492188,413.84765625,855.396240234375,410.080810546875,851.953857421875,410.55377197265625,864.828369140625,409.85107421875,852.9368896484375,411.4005432128906,882.2559814453125,422.2823486328125,852.1679077148438,427.3731689453125,892.0369873046875,436.82952880859375,830.23388671875,444.1822509765625,867.7051391601562,447.9472961425781,804.855712890625,467.0840148925781,906.6517333984375,453.51702880859375,881.1073608398438,457.01708984375,937.156982421875,475.623046875,855.038330078125,479.4701843261719,976.1669311523438,507.86468505859375,851.329833984375,513.1488037109375
843.6905517578125,415.1407470703125,845.6683959960938,411.4856872558594,841.6528930664062,411.77850341796875,852.2579956054688,411.41021728515625,840.4681396484375,412.1179504394531,866.4757080078125,422.4472961425781,839.6939697265625,427.7379455566406,876.7681274414062,434.1295166015625,822.781005859375,444.51422119140625,857.64013671875,444.2031555175781,799.1180419921875,467.8001403808594,897.2796020507812,450.9729309082031,873.643310546875,455.110595703125,927.9908447265625,472.89215087890625,848.774658203125,477.794677734375,969.998779296875,505.3460693359375,846.0390014648438,512.4955444335938
831.34716796875,414.440673828125,834.0404052734375,410.85296630859375,829.7730712890625,411.126953125,843.3648681640625,411.03826904296875,831.30712890625,412.04718017578125,860.636962890625,422.01544189453125,833.9979858398438,428.08056640625,870.6951904296875,438.0581359863281,819.5755615234375,449.1690673828125,842.470458984375,450.612060546875,792.73828125,468.61102294921875,892.875,451.2558288574219,868.75537109375,455.16339111328125,919.1435546875,471.10003662109375,840.1100463867188,476.5438232421875,967.0391235351562,505.6035461425781,842.0267944335938,513.4465942382812
832.044921875,414.4541931152344,834.6773681640625,410.8332824707031,830.3297119140625,411.1489562988281,843.79931640625,411.0828552246094,831.4395751953125,412.2572937011719,861.358642578125,421.8934020996094,833.691162109375,428.5943298339844,876.39013671875,435.73187255859375,819.2122802734375,449.6268310546875,855.1188354492188,446.49237060546875,792.496826171875,470.07220458984375,892.9447631835938,451.475341796875,868.4306640625,455.6817626953125,919.8409423828125,471.2793273925781,840.1627197265625,476.82562255859375,967.754150390625,506.48492431640625,841.660888671875,514.3524169921875
824.8759765625,411.086669921875,827.9256591796875,407.0933532714844,823.1348876953125,407.6529541015625,838.7142333984375,406.57440185546875,823.734375,408.5552978515625,857.4050903320312,417.1346740722656,825.5546875,427.04620361328125,886.0125732421875,426.3382873535156,809.6273193359375,448.4979248046875,887.7320556640625,434.29443359375,784.3489990234375,470.13531494140625,886.7886962890625,449.26116943359375,862.10107421875,454.9920959472656,909.791259765625,467.0298156738281,839.2716064453125,473.9605407714844,949.4302368164062,502.35296630859375,841.17138671875,511.8876953125
822.8223266601562,404.8327331542969,824.639404296875,401.2984313964844,820.5873413085938,401.9010314941406,830.6180419921875,401.19921875,817.8629150390625,403.1680908203125,845.480224609375,411.1370544433594,814.3623046875,420.45318603515625,878.4500732421875,419.3846435546875,799.6220703125,444.76959228515625,895.6594848632812,424.5169372558594,784.4573364257812,468.0431213378906,866.41259765625,442.64447021484375,842.72412109375,448.9586181640625,898.15771484375,468.03851318359375,831.0785522460938,474.18109130859375,943.4342651367188,500.8706359863281,839.1179809570312,507.4884338378906
816.320556640625,401.65191650390625,818.631591796875,397.91986083984375,814.4163208007812,398.53802490234375,827.0557250976562,397.4476318359375,812.6885986328125,399.5213928222656,842.5943603515625,408.1790771484375,810.8882446289062,417.1484375,877.8308715820312,415.5550231933594,796.3159790039062,438.9923095703125,898.357666015625,427.3697204589844,784.071044921875,462.94146728515625,860.39111328125,442.814453125,837.1821899414062,448.7808837890625,892.4569091796875,468.3585205078125,830.9002685546875,474.38348388671875,933.4017333984375,501.67364501953125,839.1199951171875,508.5676574707031
811.0379638671875,391.19720458984375,813.3557739257812,387.76446533203125,809.3922119140625,387.85272216796875,819.52734375,388.5224304199219,808.954833984375,388.9307861328125,832.9267578125,398.8367614746094,806.5557861328125,404.9266357421875,867.9517822265625,408.842529296875,795.5750732421875,426.50335693359375,897.4013671875,422.0966796875,786.79833984375,454.4722595214844,856.1010131835938,432.5367736816406,836.250244140625,437.8079833984375,882.834716796875,464.4146728515625,828.4517822265625,469.12921142578125,929.2579345703125,499.1944885253906,839.7132568359375,504.228515625
803.792236328125,381.540771484375,806.3516235351562,377.8450927734375,802.439697265625,378.15576171875,814.3658447265625,377.71881103515625,803.584228515625,378.8086853027344,828.4442138671875,390.702392578125,801.82470703125,396.0451354980469,837.3336181640625,412.4436950683594,793.3052978515625,421.9294738769531,833.9071655273438,429.34991455078125,781.9561157226562,444.1890563964844,851.09716796875,428.33203125,830.6881713867188,432.8631591796875,876.1580810546875,462.61175537109375,825.1566162109375,467.9839782714844,912.3623657226562,496.97802734375,837.20361328125,504.67266845703125
803.8991088867188,381.54827880859375,806.4183349609375,377.85418701171875,802.46240234375,378.22222900390625,814.43896484375,377.71697998046875,803.4215087890625,378.94293212890625,828.8802490234375,390.525634765625,801.5718994140625,396.16253662109375,839.684326171875,411.3027648925781,793.02734375,421.8108215332031,838.5357666015625,427.322021484375,782.013427734375,444.1295471191406,851.0362548828125,428.1365966796875,830.3284912109375,432.79266357421875,876.1536254882812,462.4921875,825.310302734375,467.8578186035156,912.14697265625,496.9911804199219,837.47314453125,504.55133056640625
808.2974853515625,375.63458251953125,810.2675170898438,371.47991943359375,804.7752685546875,372.79803466796875,816.313720703125,371.474609375,801.1250610351562,374.94854736328125,830.9584350585938,385.06036376953125,797.7642822265625,394.37884521484375,850.2405395507812,397.39654541015625,787.5684814453125,419.88470458984375,854.1304321289062,405.1196594238281,778.5335083007812,447.39422607421875,844.9671630859375,426.3018493652344,821.359130859375,431.9688720703125,870.0423583984375,459.82867431640625,821.7431030273438,464.66180419921875,899.4747314453125,499.28265380859375,833.0531005859375,504.23822021484375
803.4671630859375,367.31268310546875,806.53466796875,362.98126220703125,800.0733032226562,363.8363342285156,814.543212890625,362.79632568359375,796.2332153320312,365.2979736328125,829.113037109375,377.7393493652344,792.0120849609375,386.9852294921875,850.4719848632812,392.0821533203125,784.5961303710938,416.32135009765625,860.4986572265625,403.6528015136719,776.4537353515625,446.9813232421875,840.9171142578125,423.15740966796875,814.3876953125,428.6554870605469,865.6503295898438,458.9049072265625,811.248291015625,464.0287170410156,894.3473510742188,498.2582702636719,819.943359375,504.2076416015625
797.926025390625,363.90521240234375,801.3733520507812,359.9431457519531,794.8841552734375,360.66571044921875,810.8413696289062,361.5876159667969,793.252197265625,363.67291259765625,824.993408203125,377.76971435546875,789.4465942382812,386.44842529296875,845.6995239257812,393.7035827636719,781.1273803710938,417.265869140625,854.519775390625,400.92559814453125,774.8763427734375,445.9944763183594,832.9114379882812,424.0086364746094,806.4376220703125,429.5188293457031,862.494873046875,457.09893798828125,797.5198974609375,462.1273498535156,890.8449096679688,499.03973388671875,798.599853515625,504.4591369628906
796.6030883789062,364.31536865234375,799.8334350585938,360.48944091796875,793.5714111328125,361.2698974609375,808.754150390625,362.39501953125,791.8114013671875,364.46051025390625,822.23388671875,378.9919738769531,787.54345703125,387.1128845214844,842.360595703125,395.05242919921875,779.0498657226562,417.32537841796875,855.856201171875,404.41925048828125,777.3997192382812,445.21075439453125,828.3304443359375,426.17822265625,801.4905395507812,431.28228759765625,857.7445678710938,461.117431640625,786.0844116210938,465.7416687011719,885.421875,502.321533203125,779.6141357421875,506.9253845214844
795.732421875,369.25537109375,799.0693359375,365.26263427734375,792.5159912109375,365.5714111328125,806.8526611328125,366.2135925292969,788.3316650390625,367.0915832519531,815.927734375,384.11370849609375,786.6048583984375,390.3606262207031,840.2466430664062,398.4773254394531,777.94140625,420.7288818359375,852.6856689453125,409.4523010253906,774.719970703125,447.2447204589844,822.48681640625,433.193359375,797.8921508789062,435.50714111328125,850.4470825195312,466.67352294921875,773.113037109375,468.9049072265625,877.8099975585938,505.734375,752.4067993164062,508.0511169433594
796.2621459960938,370.1728820800781,799.5660400390625,366.13409423828125,792.8704833984375,366.4816589355469,806.96240234375,366.93267822265625,788.235107421875,367.9020080566406,815.6884765625,384.675048828125,786.21044921875,391.0245666503906,840.1221313476562,399.33056640625,777.5985717773438,421.465576171875,853.5753173828125,411.27618408203125,773.927001953125,448.3731994628906,822.0986328125,433.1970520019531,797.4361572265625,435.6197509765625,850.1468505859375,467.02374267578125,772.91259765625,469.40716552734375,877.4908447265625,505.78662109375,752.39404296875,508.3486328125
795.1051025390625,376.1695861816406,798.3854370117188,372.1306457519531,791.5299072265625,372.3179626464844,805.2189331054688,372.71246337890625,786.4945068359375,373.1089782714844,812.9180908203125,391.056884765625,784.5567626953125,394.09393310546875,837.0654296875,409.8271484375,773.4549560546875,421.922607421875,849.9834594726562,429.8109130859375,768.0643310546875,452.4824523925781,815.8196411132812,435.5340270996094,791.1336669921875,436.2142639160156,846.4183349609375,471.0079345703125,763.9962768554688,470.97900390625,875.10546875,509.8394775390625,738.8441162109375,508.804931640625
795.604736328125,380.8305358886719,798.1044921875,377.0682373046875,791.7335205078125,377.38592529296875,803.4710083007812,377.8508605957031,785.1302490234375,378.3804931640625,812.4073486328125,396.7162170410156,779.4823608398438,398.8268737792969,832.8966064453125,415.95263671875,766.775634765625,423.965576171875,845.978759765625,435.349609375,763.8475341796875,452.42608642578125,813.9664306640625,441.5527038574219,786.929931640625,442.8652038574219,843.6669921875,477.2479248046875,758.2701416015625,477.69482421875,870.8656005859375,515.0637817382812,737.3363037109375,514.99853515625
796.097900390625,382.47894287109375,798.82470703125,378.5536193847656,791.8912353515625,379.01409912109375,804.2924194335938,379.43121337890625,785.1044311523438,380.3513488769531,812.917724609375,399.28460693359375,780.1787109375,401.28125,829.10888671875,422.37823486328125,768.5152587890625,427.41046142578125,840.8634033203125,447.05841064453125,763.0361938476562,455.9227294921875,813.88232421875,443.6417236328125,787.1511840820312,444.7416687011719,839.228271484375,479.0113525390625,756.2601318359375,479.5144958496094,864.77783203125,513.70263671875,736.26513671875,513.727783203125
799.091064453125,384.0673828125,801.8973999023438,380.3009033203125,795.3302001953125,380.5545959472656,807.4678955078125,381.30865478515625,789.0214233398438,381.7394714355469,814.7449951171875,401.0703125,783.8021850585938,402.3023681640625,828.796875,423.95013427734375,770.712646484375,428.4634094238281,838.2350463867188,446.71038818359375,765.2089233398438,458.29669189453125,813.389404296875,446.2521057128906,787.8239135742188,446.88043212890625,838.88232421875,479.9111328125,757.4781494140625,479.65850830078125,865.2013549804688,513.57470703125,737.3124389648438,512.539306640625
804.5823974609375,381.08770751953125,807.81591796875,377.2125549316406,800.7530517578125,377.3504333496094,813.0485229492188,378.49163818359375,794.4578247070312,378.60723876953125,819.33642578125,399.4952392578125,788.4063720703125,399.28765869140625,831.0576782226562,425.3339538574219,773.7866821289062,427.1437683105469,839.1243896484375,451.7214660644531,767.3253173828125,459.6484680175781,815.185546875,443.130126953125,789.2930908203125,442.07177734375,840.562744140625,477.74139404296875,761.1695556640625,475.41961669921875,864.9888916015625,513.4785766601562,740.728515625,509.29205322265625
804.6839599609375,381.10546875,807.9010009765625,377.2215270996094,800.8584594726562,377.36236572265625,813.1019897460938,378.4901123046875,794.5341796875,378.6107482910156,819.4229736328125,399.50970458984375,788.3421630859375,399.3594970703125,831.2283935546875,425.4217529296875,773.6903076171875,427.55352783203125,839.4464721679688,451.9708251953125,767.228759765625,460.7022399902344,815.2011108398438,443.1711730957031,789.1939697265625,442.13861083984375,840.7784423828125,477.8057861328125,761.1253662109375,475.484130859375,865.1705322265625,513.61279296875,740.5965576171875,509.4176330566406
809.230224609375,375.38177490234375,812.961669921875,371.496826171875,805.6033935546875,371.43389892578125,819.928466796875,373.0888366699219,800.028076171875,372.77984619140625,825.7750854492188,394.3307189941406,794.8939208984375,394.23028564453125,836.8255004882812,418.7840576171875,780.32373046875,423.34967041015625,842.0357666015625,441.43927001953125,772.605224609375,457.6734924316406,820.0316162109375,437.6864318847656,794.232666015625,436.5360107421875,846.5223388671875,472.7143249511719,768.0554809570312,470.16064453125,868.0376586914062,512.4859619140625,744.5341796875,508.17608642578125
817.0679931640625,372.4700927734375,820.8466796875,368.56549072265625,813.6132202148438,368.56280517578125,828.167724609375,370.7552490234375,808.160888671875,370.64080810546875,834.2821655273438,392.45257568359375,801.2177734375,393.6440734863281,842.995361328125,415.23419189453125,785.355712890625,423.1800537109375,841.1175537109375,434.507568359375,776.6837158203125,456.05084228515625,826.6251220703125,439.3726806640625,799.1401977539062,438.7626953125,853.4042358398438,470.4837341308594,771.7532958984375,469.27880859375,872.984619140625,511.3299560546875,746.1883544921875,510.2460021972656
826.6463012695312,367.75732421875,829.8392333984375,363.71697998046875,822.4180297851562,364.24713134765625,834.9034423828125,365.5415954589844,815.3322143554688,366.66705322265625,839.6401977539062,386.2588806152344,806.8302001953125,389.9777526855469,848.6197509765625,408.1304626464844,791.1737060546875,419.38714599609375,851.3091430664062,426.5743408203125,784.25146484375,449.69482421875,831.125,435.65155029296875,804.619384765625,436.8349914550781,857.4111328125,469.46002197265625,783.0064697265625,470.6245422363281,874.0508422851562,508.66278076171875,758.5870971679688,510.751953125
832.244873046875,363.97125244140625,835.67578125,359.95306396484375,828.19140625,360.23504638671875,841.5675659179688,361.38714599609375,821.1275634765625,362.02325439453125,847.7298583984375,382.03802490234375,811.8642578125,384.7200622558594,858.1320190429688,405.4105224609375,798.221923828125,415.3999328613281,861.320068359375,425.318603515625,793.765625,447.46624755859375,836.5948486328125,428.91400146484375,808.8594970703125,429.6365966796875,860.2750854492188,465.54559326171875,789.9208374023438,465.6893005371094,876.5379638671875,507.75018310546875,773.4047241210938,507.7892761230469
835.9506225585938,363.1722412109375,839.7006225585938,359.0350341796875,832.6131591796875,358.60491943359375,844.2936401367188,360.7462158203125,826.9432373046875,359.45306396484375,850.6473999023438,381.1742248535156,816.3634643554688,380.23516845703125,861.7908935546875,406.88153076171875,804.6384887695312,406.57061767578125,866.7159423828125,429.50653076171875,805.185546875,429.62493896484375,844.60498046875,429.4927978515625,820.0753173828125,429.44024658203125,866.0883178710938,467.91448974609375,807.1345825195312,467.91864013671875,875.288818359375,509.564208984375,797.8463745117188,509.6417541503906
835.8975219726562,363.4552001953125,839.6707763671875,359.29559326171875,832.530517578125,358.8651123046875,844.37255859375,360.9527893066406,826.8070678710938,359.6541748046875,851.0145263671875,381.27374267578125,816.06201171875,380.328125,862.3192138671875,406.9208679199219,804.3116455078125,406.6092529296875,866.7745361328125,429.05255126953125,805.3778686523438,429.14056396484375,845.042236328125,429.51654052734375,820.0526733398438,429.47625732421875,866.666015625,468.02069091796875,807.2984619140625,468.03277587890625,875.67626953125,509.9903869628906,798.08544921875,510.05181884765625
841.8821411132812,365.5810546875,844.6793212890625,361.350830078125,838.5831298828125,361.45458984375,846.9921875,361.7496643066406,832.779541015625,361.5,851.7071533203125,379.1882629394531,819.876708984375,379.52850341796875,863.3443603515625,402.1786193847656,804.2138671875,404.0260009765625,874.8015747070312,424.18426513671875,805.7637939453125,427.59771728515625,847.5263671875,425.5628662109375,826.0146484375,426.55816650390625,865.9661865234375,463.20709228515625,822.547119140625,464.21746826171875,874.94873046875,505.2532958984375,819.3701171875,506.5221862792969
845.8665771484375,363.22357177734375,848.1608276367188,358.81536865234375,841.93505859375,359.38763427734375,849.94970703125,359.5107421875,835.1424560546875,360.547119140625,854.7447509765625,378.174560546875,822.7386474609375,380.12213134765625,868.97216796875,399.71295166015625,807.4578857421875,404.3498840332031,882.4451904296875,419.7685546875,808.793212890625,425.110595703125,853.2676391601562,426.02703857421875,832.2373046875,427.8896484375,868.7098388671875,463.6410827636719,830.8568115234375,465.123046875,876.283935546875,506.33319091796875,828.7003784179688,508.24505615234375
851.2431640625,358.9494323730469,853.7638549804688,354.5948181152344,847.076416015625,354.99127197265625,855.3140869140625,356.0021667480469,840.0062255859375,356.47650146484375,859.2069091796875,376.22698974609375,828.3746337890625,377.3095703125,871.6593017578125,399.690185546875,812.7607421875,402.5442810058594,885.5769653320312,422.3819274902344,811.8665771484375,426.3765869140625,857.748046875,425.61224365234375,837.8150634765625,427.02447509765625,872.1923217773438,463.2989501953125,837.8171997070312,464.4364929199219,876.8703002929688,507.25518798828125,833.97216796875,508.736328125
853.5748901367188,358.0595397949219,857.2249145507812,353.80419921875,849.8453369140625,354.018798828125,863.2557373046875,355.0518493652344,843.8248291015625,355.6180419921875,868.1013793945312,375.3646240234375,833.9754638671875,379.23992919921875,880.521240234375,396.9178161621094,818.3345947265625,407.5306396484375,889.2621459960938,416.7518005371094,811.52294921875,435.67254638671875,860.93994140625,427.2291259765625,838.1734619140625,429.7497253417969,880.0426025390625,465.3534851074219,844.890380859375,468.797607421875,879.9819946289062,508.96966552734375,838.4932861328125,514.984619140625
855.3656616210938,356.3443908691406,859.181884765625,351.9575500488281,851.58349609375,352.3325500488281,865.7166137695312,353.34173583984375,845.6956787109375,354.3944091796875,870.8619384765625,373.49365234375,835.6282958984375,379.1353454589844,884.4744873046875,394.7596435546875,821.9736328125,409.316162109375,896.7071533203125,415.47174072265625,817.1707763671875,436.97271728515625,864.5286865234375,425.24188232421875,840.7191162109375,428.7223205566406,885.8007202148438,462.18109130859375,846.5418090820312,467.0713806152344,887.2733154296875,505.8404846191406,840.050537109375,514.1488037109375
855.3539428710938,356.2702331542969,859.1668701171875,351.8873291015625,851.584228515625,352.2611083984375,865.6810913085938,353.27685546875,845.7113037109375,354.32977294921875,870.849853515625,373.441650390625,835.56884765625,379.11279296875,884.36865234375,394.7655029296875,822.0239868164062,409.3802490234375,896.5706176757812,415.5231628417969,817.3345947265625,436.9985046386719,864.5257568359375,425.28302001953125,840.66748046875,428.781005859375,885.8589477539062,462.06756591796875,846.4317626953125,466.9954833984375,887.327880859375,505.70928955078125,839.9335327148438,514.0816650390625
856.4104614257812,354.42352294921875,860.5592041015625,350.09039306640625,852.7642822265625,350.4385986328125,867.8197021484375,351.84381103515625,847.571533203125,353.02197265625,873.9930419921875,372.2772216796875,838.2811279296875,378.2646789550781,888.8472900390625,394.2812805175781,827.695556640625,408.87847900390625,901.6171875,415.0016784667969,822.95263671875,436.3614501953125,868.9564819335938,425.76483154296875,844.739013671875,429.36614990234375,889.1414794921875,459.37506103515625,848.0364990234375,464.35821533203125,894.2817993164062,505.7394104003906,843.6813354492188,513.9248046875
861.779052734375,357.5733947753906,865.9234619140625,353.3257141113281,858.013916015625,353.47320556640625,872.4112548828125,354.98004150390625,851.8389892578125,355.6312255859375,877.2498779296875,374.7340393066406,841.40185546875,380.11724853515625,893.179931640625,396.09759521484375,829.6484985351562,410.83416748046875,906.662353515625,416.31634521484375,824.4266967773438,441.12921142578125,870.9413452148438,426.5512390136719,846.5726318359375,429.97052001953125,892.8741455078125,459.24493408203125,850.542724609375,463.70672607421875,899.6647338867188,505.9541931152344,846.8948364257812,513.2105712890625
866.684326171875,359.67010498046875,870.1336669921875,355.32635498046875,862.525146484375,355.68988037109375,875.1417846679688,356.44677734375,855.1427001953125,357.38653564453125,879.4205932617188,376.29510498046875,844.3062744140625,381.173828125,895.078125,397.6083068847656,831.4654541015625,411.255859375,908.120361328125,418.99420166015625,826.5560302734375,441.16363525390625,872.051025390625,426.629638671875,847.53515625,429.8211669921875,897.3217163085938,461.6600341796875,851.1450805664062,465.705322265625,909.7672119140625,505.51751708984375,849.0499267578125,512.4915771484375
872.0023193359375,365.7994079589844,874.4415893554688,361.1231689453125,867.902099609375,361.7127685546875,876.3990478515625,362.2684020996094,860.873046875,363.417724609375,880.3966064453125,383.46466064453125,850.6707763671875,385.760009765625,895.7083740234375,406.7231140136719,837.6600341796875,412.6159973144531,911.5343017578125,431.03692626953125,835.875732421875,436.751220703125,878.83642578125,432.1834716796875,858.6710205078125,433.99468994140625,898.3042602539062,467.02532958984375,852.081298828125,468.47576904296875,910.2137451171875,510.9293518066406,848.234375,512.9991455078125
874.2006225585938,372.30999755859375,877.6646728515625,368.21112060546875,871.4013671875,367.8327941894531,881.4404296875,369.671630859375,866.1708984375,368.2525634765625,886.1146240234375,388.84881591796875,854.8902587890625,388.19683837890625,901.3038330078125,412.57257080078125,840.9156494140625,413.72998046875,916.6942138671875,436.2669677734375,839.3754272460938,438.0504455566406,878.944091796875,437.3466796875,857.429931640625,437.6062316894531,901.9637451171875,469.7923278808594,852.5826416015625,470.312255859375,915.1939086914062,510.47015380859375,849.0723876953125,511.2796630859375
874.3316650390625,372.6038818359375,877.8857421875,368.49102783203125,871.516845703125,368.0836181640625,881.8826293945312,369.8817443847656,866.2582397460938,368.4156494140625,886.4666748046875,388.81341552734375,855.1818237304688,388.12799072265625,901.4027709960938,412.62078857421875,841.6517944335938,413.7579345703125,916.28076171875,436.17474365234375,840.7852783203125,437.8525085449219,879.2477416992188,437.0668029785156,857.606201171875,437.2832336425781,902.019287109375,469.4301452636719,852.4571533203125,469.8990478515625,915.0921020507812,510.1697998046875,848.9420166015625,510.9471130371094
879.2649536132812,384.7042236328125,881.8839111328125,380.6710510253906,876.2044677734375,380.71783447265625,884.5292358398438,381.2032470703125,870.1690673828125,381.01123046875,890.118408203125,397.40435791015625,857.9913940429688,398.208984375,906.2880249023438,418.1927490234375,845.3750610351562,421.573486328125,918.7181396484375,440.12603759765625,844.7393188476562,443.19873046875,882.351806640625,441.3364562988281,860.4027099609375,442.365234375,906.4541015625,469.05169677734375,857.406982421875,470.162109375,913.89013671875,508.5865173339844,850.075439453125,510.23370361328125
875.3575439453125,388.22149658203125,878.4904174804688,384.68902587890625,872.654541015625,384.73333740234375,885.1270751953125,385.7192687988281,867.568603515625,386.08575439453125,893.5032958984375,401.9898681640625,858.4033203125,406.26617431640625,907.421142578125,419.04327392578125,846.8883056640625,432.93927001953125,907.8956909179688,430.81243896484375,841.271240234375,454.93133544921875,888.7110595703125,443.6636962890625,864.0137939453125,445.73583984375,906.361572265625,466.64984130859375,856.6429443359375,469.44488525390625,918.750244140625,505.2950439453125,854.4340209960938,510.6859130859375
870.416259765625,391.6624755859375,873.360595703125,387.9156494140625,868.0336303710938,388.3763427734375,880.4310302734375,388.3380432128906,863.9558715820312,389.9573974609375,890.527099609375,403.20355224609375,855.3155517578125,410.0849609375,907.2083740234375,418.9111633300781,842.7833251953125,436.123046875,909.9942626953125,435.1564636230469,833.0696411132812,459.1072998046875,887.5504150390625,444.1117858886719,863.0899658203125,447.52349853515625,903.8032836914062,470.2623596191406,856.2350463867188,475.13641357421875,919.6832885742188,504.3966979980469,857.871337890625,513.0390014648438
864.00634765625,391.23724365234375,866.86962890625,387.55462646484375,861.4458618164062,388.0347900390625,872.7430419921875,388.392333984375,857.19091796875,390.0443115234375,880.816162109375,404.376953125,848.9163208007812,411.4430236816406,899.1055297851562,419.47674560546875,836.0601806640625,438.03448486328125,905.9837036132812,434.09246826171875,828.101806640625,461.31201171875,878.5050659179688,448.92828369140625,855.8876953125,452.69537353515625,898.4942626953125,477.38525390625,851.26953125,482.34136962890625,923.7910766601562,509.135009765625,857.793701171875,517.28076171875
855.8604125976562,389.21697998046875,858.4739990234375,385.57379150390625,853.406005859375,386.1830749511719,863.32470703125,386.32757568359375,849.2052001953125,388.4398193359375,870.8802490234375,401.6724853515625,840.54638671875,410.62701416015625,890.619384765625,415.3818054199219,829.5592041015625,439.05572509765625,894.7740478515625,426.07781982421875,825.2382202148438,459.62652587890625,869.064697265625,448.7758483886719,847.001953125,453.53912353515625,891.8164672851562,478.2359619140625,845.00244140625,484.57000732421875,922.8646240234375,509.19317626953125,855.848388671875,518.938232421875
855.717529296875,389.193603515625,858.3554077148438,385.55322265625,853.28173828125,386.1539306640625,863.2974853515625,386.32745361328125,849.1265869140625,388.4270324707031,870.8868408203125,401.6883544921875,840.5007934570312,410.69891357421875,890.6463623046875,415.3006896972656,829.5016479492188,439.11895751953125,894.482421875,425.94293212890625,825.1177368164062,459.64215087890625,869.1051025390625,448.82550048828125,847.0145874023438,453.61273193359375,891.8585815429688,478.21923828125,845.0640869140625,484.6189270019531,922.7250366210938,509.1407470703125,855.8055419921875,519.0035400390625
852.4925537109375,387.5503234863281,854.8950805664062,383.74383544921875,849.1651611328125,384.4988708496094,858.888916015625,384.62841796875,843.4462280273438,386.8583679199219,867.0992431640625,401.10467529296875,834.4173583984375,409.61968994140625,888.36572265625,413.8039855957031,822.0762939453125,436.115478515625,896.9459228515625,426.9707336425781,816.7073974609375,458.5666809082031,868.0816040039062,447.78900146484375,845.2515869140625,452.54901123046875,890.6127319335938,479.9293212890625,846.5716552734375,485.9515686035156,913.7960205078125,513.5638427734375,854.7372436523438,522.4172973632812
844.1724853515625,382.62896728515625,846.9486694335938,378.87860107421875,841.0419921875,379.44158935546875,852.0601806640625,379.837158203125,836.6119384765625,381.62994384765625,862.3742065429688,396.48114013671875,828.51416015625,404.10601806640625,883.4678955078125,410.64794921875,818.7559204101562,428.5640869140625,891.9613037109375,422.087890625,810.3671264648438,448.37127685546875,865.55029296875,445.382568359375,843.2108154296875,449.939697265625,880.30712890625,476.713134765625,847.09130859375,482.60516357421875,895.1218872070312,511.4381103515625,856.3727416992188,520.0242309570312
836.5186767578125,381.6761169433594,839.96630859375,378.0090637207031,833.9022216796875,378.1213073730469,848.460693359375,379.23602294921875,830.0484008789062,379.9757995605469,859.593994140625,396.25616455078125,823.0446166992188,401.00457763671875,881.3787231445312,409.1884460449219,809.590087890625,424.79144287109375,886.649658203125,419.14129638671875,800.540283203125,444.31768798828125,855.49462890625,445.113525390625,834.053466796875,447.1634216308594,862.981201171875,479.3316650390625,846.06298828125,481.73016357421875,861.8104248046875,515.8535766601562,853.7755126953125,519.59130859375
832.9974975585938,381.4898681640625,836.5072631835938,377.96954345703125,830.0330200195312,378.0849609375,844.2156372070312,379.8348388671875,825.4103393554688,380.5802001953125,854.6964111328125,398.6994323730469,817.0958251953125,402.54290771484375,874.2756958007812,412.8656005859375,802.494140625,424.58984375,882.1248779296875,421.1737060546875,789.24365234375,439.738525390625,848.916015625,450.2434387207031,827.1097412109375,452.03265380859375,855.59423828125,484.577392578125,839.186279296875,486.71337890625,856.6213989257812,518.5894775390625,851.2569580078125,522.1834716796875
828.951904296875,382.7987365722656,832.8770141601562,379.1285705566406,825.7301025390625,379.1817626953125,840.9768676757812,380.757568359375,821.4475708007812,381.407958984375,852.9561767578125,401.01129150390625,812.0315551757812,403.0910339355469,872.5321044921875,415.34002685546875,793.916015625,421.30914306640625,890.0886840820312,426.325439453125,772.8409423828125,435.8112487792969,843.900390625,453.8914489746094,819.8446655273438,454.7862854003906,846.4308471679688,485.3337707519531,824.4490966796875,486.1788330078125,851.55517578125,520.3631591796875,838.7879638671875,521.5536499023438
828.5308837890625,383.06280517578125,832.4525756835938,379.387451171875,825.424560546875,379.45220947265625,840.7487182617188,380.88055419921875,821.3892822265625,381.61322021484375,853.14306640625,400.91180419921875,811.896728515625,403.11456298828125,872.754638671875,415.1705017089844,793.5379028320312,421.02142333984375,889.7647705078125,426.4406433105469,771.490966796875,435.12908935546875,843.7794189453125,454.0462646484375,819.5513305664062,454.9858703613281,846.5960693359375,485.42340087890625,824.5997314453125,486.4177551269531,851.3221435546875,520.2420043945312,838.9129028320312,521.702880859375
822.1532592773438,388.3378601074219,825.5333862304688,384.5760498046875,819.068603515625,384.75543212890625,832.86083984375,385.6328125,814.7291259765625,386.455810546875,845.4747314453125,403.76568603515625,804.006103515625,405.2401123046875,869.3154296875,416.63836669921875,785.166748046875,419.27703857421875,887.6021118164062,422.11785888671875,766.7147216796875,423.590576171875,833.53125,456.88165283203125,808.4137573242188,457.59490966796875,841.2149658203125,486.88031005859375,815.935546875,487.919677734375,838.6170654296875,524.0960083007812,817.8026733398438,525.79931640625
812.1409912109375,389.6926574707031,815.657470703125,385.9266357421875,809.4050903320312,386.06011962890625,824.0388793945312,387.650390625,805.4312744140625,388.3060302734375,834.92529296875,406.45263671875,795.7593383789062,408.28155517578125,859.30810546875,416.78900146484375,775.62744140625,421.0681457519531,878.6192626953125,416.2989501953125,756.5010986328125,421.85089111328125,821.6640625,464.4560546875,796.8458862304688,465.2196044921875,836.356201171875,491.6690368652344,803.0919189453125,492.7547607421875,830.0537109375,531.50732421875,793.1910400390625,533.2339477539062
804.336181640625,392.9371032714844,807.7625732421875,389.5196533203125,801.4541015625,389.43310546875,814.437255859375,391.5352783203125,797.3045654296875,391.5272216796875,822.7227783203125,408.6698913574219,788.0018310546875,410.010986328125,847.3101196289062,415.00726318359375,764.187744140625,422.40240478515625,871.2401733398438,408.60546875,743.2317504882812,421.09613037109375,812.6983642578125,463.69580078125,791.153564453125,464.13726806640625,820.3526611328125,495.1744079589844,791.2838745117188,495.4833984375,826.953369140625,535.966064453125,789.2210083007812,535.8577880859375
793.9296875,396.70733642578125,796.94775390625,393.5103759765625,791.6006469726562,393.36407470703125,803.3946533203125,395.3758850097656,788.3106079101562,395.3376159667969,814.73779296875,411.0850524902344,778.6942749023438,413.27777099609375,843.4583129882812,418.1168518066406,755.3988647460938,426.89642333984375,858.6771240234375,411.71917724609375,737.0185546875,425.16668701171875,809.558349609375,466.457763671875,785.138427734375,467.61968994140625,822.2218017578125,498.5443115234375,778.598388671875,499.814453125,835.9953002929688,542.36376953125,775.6591186523438,543.429443359375
781.276123046875,406.0644836425781,783.4068603515625,402.03143310546875,779.854248046875,402.57208251953125,791.1168212890625,403.2660827636719,782.4033203125,404.37060546875,805.8043212890625,421.1283874511719,776.262939453125,422.16693115234375,832.5049438476562,425.4375,750.9326171875,429.8015441894531,847.2716064453125,415.55877685546875,727.7326049804688,419.67852783203125,797.3453979492188,476.51708984375,781.2394409179688,476.00970458984375,791.432861328125,509.34478759765625,780.3829345703125,508.57794189453125,783.11669921875,545.536865234375,782.0887451171875,543.4462890625
781.438720703125,406.10443115234375,783.5748291015625,402.0530090332031,779.993896484375,402.60003662109375,791.2421264648438,403.2457580566406,782.490478515625,404.3654479980469,805.8553466796875,421.05926513671875,776.31689453125,422.1546936035156,832.625244140625,425.191650390625,750.8132934570312,429.88458251953125,847.5551147460938,415.3060302734375,727.334716796875,420.0086975097656,797.1868896484375,476.5029602050781,781.3163452148438,475.9757995605469,790.3367919921875,509.50555419921875,781.087646484375,508.69964599609375,781.3172607421875,545.7630004882812,783.4953002929688,543.587890625
769.9971313476562,410.57989501953125,773.8570556640625,406.492919921875,767.8551025390625,406.9847717285156,783.2711791992188,407.0501708984375,767.87548828125,408.8877868652344,797.3983154296875,422.275390625,761.3176879882812,427.63720703125,826.3443603515625,426.79425048828125,742.43017578125,437.481689453125,852.54296875,422.8649597167969,719.9635009765625,437.54327392578125,797.7977294921875,478.11749267578125,772.68603515625,480.5787048339844,806.586181640625,512.2888793945312,761.9776611328125,515.9205322265625,820.30712890625,551.068603515625,755.1150512695312,555.5125122070312
759.1470947265625,417.19171142578125,762.8516845703125,413.17535400390625,758.522705078125,413.170654296875,773.8468017578125,415.24371337890625,764.1541137695312,414.93890380859375,778.36474609375,433.99169921875,766.5157470703125,433.804443359375,768.434814453125,447.4932861328125,740.1768798828125,449.1405029296875,749.2899169921875,437.97344970703125,713.6497192382812,446.98583984375,778.458251953125,486.26617431640625,776.5067138671875,484.9236145019531,749.7869873046875,518.8724975585938,783.8113403320312,518.1090698242188,729.5692138671875,558.1414794921875,794.8145751953125,557.3076782226562
748.9195556640625,427.7690734863281,752.6152954101562,423.9423522949219,747.7205810546875,423.31170654296875,761.076171875,425.391357421875,750.45068359375,423.81134033203125,767.8764038085938,443.0579833984375,753.6629638671875,442.3050842285156,773.8831787109375,459.01409912109375,751.0697021484375,458.50701904296875,764.3528442382812,458.517333984375,746.78564453125,463.12249755859375,770.0396728515625,493.99346923828125,768.542236328125,493.838623046875,734.931640625,527.3875122070312,785.2307739257812,527.2079467773438,711.5736083984375,562.149658203125,811.80859375,562.5557250976562
739.3228759765625,439.8743591308594,741.9340209960938,435.742431640625,738.080810546875,435.9419860839844,748.8746337890625,436.6870422363281,743.2261352539062,437.0321960449219,756.6688232421875,453.2471008300781,746.988525390625,454.8572998046875,746.463623046875,468.0025634765625,726.8781127929688,469.8873291015625,711.8303833007812,465.2254943847656,694.883544921875,473.1715393066406,765.7186889648438,501.79962158203125,766.5203247070312,502.5938415527344,732.95849609375,532.4111938476562,782.0255126953125,534.122802734375,713.354248046875,565.4774169921875,809.6790771484375,567.8458251953125
733.2108154296875,447.1556396484375,736.96728515625,442.97479248046875,731.69482421875,443.40142822265625,747.091064453125,443.99359130859375,735.188720703125,445.25152587890625,756.0925903320312,460.17340087890625,738.6820068359375,464.91485595703125,752.3934326171875,478.17401123046875,727.0686645507812,485.0118713378906,719.3643798828125,483.85333251953125,705.9636840820312,485.0408935546875,769.47412109375,503.9371337890625,753.6170043945312,505.1152038574219,777.767333984375,531.6477661132812,729.1689453125,535.4947509765625,794.99462890625,565.299072265625,718.6272583007812,572.3824462890625
733.6517333984375,446.135498046875,737.5867309570312,442.03082275390625,732.1097412109375,442.2745056152344,747.6876220703125,443.2391357421875,735.2971801757812,444.026611328125,755.7213134765625,459.9295349121094,738.9818115234375,463.9298400878906,751.9219970703125,479.382568359375,728.802001953125,484.3853759765625,718.8497314453125,487.19598388671875,707.8060302734375,484.6922607421875,769.396728515625,503.68389892578125,752.9170532226562,504.4678955078125,781.952880859375,531.4824829101562,725.294921875,535.0943603515625,802.7900390625,565.9664916992188,710.7257080078125,573.0818481445312
732.1815185546875,446.4510498046875,735.470703125,442.2045593261719,729.69287109375,443.0536193847656,745.203125,443.58343505859375,729.4891357421875,445.9696044921875,756.9241943359375,458.8799743652344,731.5177001953125,467.11553955078125,780.6941528320312,471.0960693359375,722.25,492.32684326171875,779.2197265625,475.92108154296875,718.9745483398438,505.66314697265625,766.9572143554688,499.65496826171875,747.0851440429688,502.77410888671875,780.8292846679688,526.5291748046875,730.2554931640625,530.4937744140625,799.174560546875,563.1036376953125,720.2705078125,568.2152709960938
734.1600341796875,446.8642272949219,737.7785034179688,442.6776123046875,732.1270751953125,443.25469970703125,748.517578125,443.4646911621094,733.1620483398438,445.23101806640625,759.2604370117188,458.290283203125,736.5090942382812,465.82611083984375,782.1084594726562,470.46319580078125,728.87890625,491.852783203125,783.26025390625,477.7729797363281,723.2557983398438,511.0800476074219,766.7033081054688,500.1929931640625,748.9398803710938,502.7672119140625,780.0565795898438,528.1859130859375,732.7943725585938,531.3795166015625,797.189208984375,563.839111328125,721.679931640625,568.239013671875
741.74169921875,443.43603515625,745.5853271484375,439.27789306640625,739.5465698242188,439.480712890625,754.800537109375,440.7898864746094,739.2830810546875,441.43475341796875,761.1068115234375,458.22021484375,740.8128662109375,462.5352783203125,769.6552734375,477.55255126953125,733.7626953125,488.13720703125,756.5078735351562,497.11773681640625,728.1734008789062,510.04840087890625,767.171142578125,500.26568603515625,749.2642822265625,501.3966064453125,784.3456420898438,528.0997314453125,729.3343505859375,530.690673828125,800.7024536132812,561.716552734375,711.7478637695312,566.8575439453125
748.823974609375,434.5509338378906,752.5343627929688,430.7494812011719,746.4281005859375,430.8567810058594,761.5986938476562,433.5802917480469,744.866943359375,433.80718994140625,768.2378540039062,452.5618896484375,743.5505981445312,456.72265625,776.5504760742188,469.8523864746094,733.511962890625,484.8924865722656,760.7518310546875,479.68817138671875,729.6358642578125,508.27630615234375,770.2254638671875,495.8894348144531,749.0037841796875,496.62420654296875,791.463623046875,524.3535766601562,729.5865478515625,525.8185424804688,804.132568359375,560.679443359375,706.4483642578125,564.26708984375
763.392822265625,429.1326904296875,765.9488525390625,425.4163513183594,759.35107421875,425.9585266113281,770.099853515625,427.5614013671875,752.0099487304688,428.8184814453125,776.3543701171875,444.31329345703125,744.4212646484375,452.6278381347656,792.8546142578125,455.2861328125,735.830810546875,481.88555908203125,790.771240234375,454.76068115234375,739.6949462890625,509.1854553222656,775.7620849609375,491.7878723144531,750.6182250976562,496.057373046875,795.5225830078125,525.3668212890625,730.807861328125,529.69287109375,807.2388916015625,565.97216796875,710.4254760742188,571.824951171875
763.2503662109375,429.04296875,765.810302734375,425.31756591796875,759.2276000976562,425.86767578125,770.0601196289062,427.39923095703125,751.967529296875,428.6884460449219,776.5301513671875,444.11376953125,744.5008544921875,452.49658203125,793.2607421875,454.93218994140625,736.0845947265625,481.76751708984375,791.2791748046875,454.23394775390625,740.093017578125,509.075927734375,776.111328125,491.7672119140625,750.9082641601562,496.04248046875,795.6655883789062,525.3895263671875,730.8839111328125,529.6829223632812,807.33447265625,566.07666015625,710.5792236328125,571.8043823242188
767.2617797851562,426.6900329589844,770.5531005859375,422.4454650878906,764.1644897460938,422.8601989746094,777.812255859375,424.30242919921875,759.931396484375,425.3011779785156,784.3093872070312,442.30706787109375,751.4906005859375,446.35845947265625,786.9923095703125,461.0069274902344,739.1591796875,476.57476806640625,779.3096923828125,476.41064453125,740.33740234375,507.95208740234375,776.6932983398438,485.60137939453125,750.762939453125,487.1666564941406,796.5087890625,525.1063232421875,737.55517578125,527.1494750976562,795.10791015625,562.4683227539062,709.89892578125,566.7146606445312
774.2986450195312,418.08270263671875,777.740966796875,414.21563720703125,771.303955078125,414.80615234375,786.6881103515625,414.731689453125,767.0814208984375,416.4432373046875,797.59033203125,428.0080261230469,759.3360595703125,437.48828125,823.043701171875,433.1369934082031,746.798095703125,468.87158203125,841.12939453125,432.67626953125,742.9207763671875,502.7317199707031,784.0472412109375,478.3448486328125,756.8496704101562,481.32476806640625,803.3626098632812,518.076904296875,748.6593627929688,520.0469970703125,798.8036499023438,556.628662109375,719.9346923828125,557.7493896484375
780.6556396484375,414.3231201171875,784.5372314453125,410.2310791015625,777.1798095703125,410.6048583984375,793.9737548828125,410.4419860839844,771.7025756835938,411.54193115234375,805.7177124023438,425.1058044433594,762.068359375,432.8191223144531,829.3650512695312,433.10699462890625,752.6929321289062,463.2698974609375,852.18408203125,437.8627624511719,749.1249389648438,493.4351806640625,792.457275390625,475.02862548828125,762.0679931640625,477.58587646484375,811.3924560546875,515.260986328125,753.51953125,517.2244873046875,805.448486328125,556.490234375,731.0601196289062,558.5524291992188
786.483642578125,409.95477294921875,790.1473388671875,406.1065979003906,783.3799438476562,406.2747802734375,799.01318359375,406.2604064941406,778.22998046875,406.77496337890625,811.563232421875,420.98260498046875,767.6357421875,426.51043701171875,832.65576171875,431.37359619140625,756.8341674804688,454.68389892578125,854.116455078125,438.57757568359375,754.77880859375,481.1170654296875,800.788330078125,469.22998046875,770.9505615234375,471.06134033203125,813.7630004882812,510.29498291015625,761.4435424804688,511.5877990722656,810.5404052734375,551.2728271484375,747.606689453125,552.7471923828125
793.9322509765625,406.1752624511719,797.476318359375,402.2492980957031,790.925537109375,402.461669921875,804.340087890625,403.1496276855469,786.5853271484375,403.66485595703125,815.0521240234375,419.3923645019531,774.7642822265625,424.21240234375,835.8707275390625,434.5494689941406,763.9300537109375,452.20947265625,857.783447265625,445.12139892578125,767.5323486328125,480.1671142578125,807.150634765625,468.1930847167969,779.0048217773438,470.6539306640625,823.057373046875,505.8164978027344,773.6603393554688,507.7926025390625,825.99853515625,549.9166259765625,764.91796875,551.2908325195312
793.689208984375,406.6002502441406,797.2593994140625,402.6437072753906,790.6424560546875,402.8941955566406,804.3195190429688,403.56195068359375,786.297607421875,404.1783142089844,815.2774658203125,419.7918701171875,774.636962890625,424.7467346191406,836.1109619140625,434.8504638671875,763.8529052734375,452.725341796875,856.8656005859375,445.3638610839844,767.6422119140625,480.69970703125,807.156005859375,468.10931396484375,778.7215576171875,470.59429931640625,822.9285888671875,505.751220703125,773.1749267578125,507.75738525390625,825.9842529296875,550.1446533203125,764.60498046875,551.568359375
800.1893310546875,404.15887451171875,803.3017578125,400.1794738769531,796.825439453125,400.79241943359375,809.154296875,401.2855224609375,791.9150390625,402.90252685546875,819.4637451171875,417.9606628417969,780.9422607421875,424.22845458984375,838.353759765625,434.62310791015625,770.88232421875,452.0442810058594,856.2064208984375,450.524658203125,773.8402099609375,477.2620849609375,812.9866943359375,464.1888427734375,786.25048828125,467.4300842285156,827.8928833007812,499.71563720703125,781.0248413085938,503.3625183105469,831.292236328125,544.74658203125,774.2445068359375,548.9593505859375
810.7249755859375,405.9454345703125,813.4654541015625,401.9718017578125,807.1290283203125,402.53155517578125,817.394775390625,403.151123046875,800.2945556640625,404.5296630859375,825.8369750976562,420.5790710449219,786.4508056640625,427.0555114746094,842.549560546875,439.636962890625,775.9422607421875,456.9913330078125,852.17724609375,458.330078125,780.4384765625,483.0498962402344,818.6505126953125,468.40447998046875,790.3369140625,472.0560607910156,841.1431274414062,498.36676025390625,785.0946044921875,503.17181396484375,849.9354248046875,542.8123779296875,778.3072509765625,549.8175048828125
818.847412109375,405.2613525390625,821.7362060546875,401.3411865234375,815.166748046875,401.51849365234375,826.1376953125,402.43743896484375,807.748779296875,402.4932861328125,833.3040771484375,421.6165466308594,793.73681640625,423.64764404296875,849.3658447265625,443.6867980957031,779.61328125,452.697998046875,861.3758544921875,464.56500244140625,787.397705078125,478.9245300292969,823.036376953125,468.4814453125,793.2811279296875,469.8228759765625,851.035400390625,505.7042541503906,782.9906005859375,507.18927001953125,867.9944458007812,548.668212890625,773.923828125,551.2666015625
826.7449951171875,403.8408508300781,829.4675903320312,400.1160888671875,823.076904296875,400.27789306640625,833.7322998046875,402.21051025390625,815.7091064453125,402.26800537109375,841.08642578125,422.9156799316406,802.9208984375,423.6065368652344,855.7615356445312,446.922119140625,788.2051391601562,449.87994384765625,860.333984375,464.56866455078125,795.3978271484375,467.8199462890625,831.217041015625,468.92852783203125,801.8248291015625,469.69744873046875,860.4922485351562,498.82940673828125,788.7105102539062,499.7117614746094,881.2178955078125,543.0740356445312,778.47509765625,544.7833251953125
831.5489501953125,405.17816162109375,834.73095703125,401.2818603515625,828.2442626953125,401.5800476074219,839.024169921875,402.3018798828125,823.2138061523438,402.9267883300781,844.9528198242188,424.00140380859375,814.2410888671875,424.27783203125,854.2677612304688,449.789306640625,800.1366577148438,449.7541809082031,853.5838623046875,467.3738708496094,803.5579833984375,464.95849609375,835.9505615234375,475.625,810.3240966796875,475.2485046386719,863.6800537109375,507.4542236328125,794.4556884765625,506.73724365234375,888.5701904296875,547.5507202148438,783.784912109375,546.2174682617188
831.6846313476562,405.2967224121094,834.8433837890625,401.41119384765625,828.3814697265625,401.7045593261719,839.0732421875,402.40289306640625,823.264892578125,403.013427734375,845.1110229492188,424.02880859375,813.983154296875,424.2578430175781,854.7689208984375,449.60540771484375,799.3240966796875,449.583251953125,854.4952392578125,467.009765625,802.46337890625,465.11871337890625,835.6962890625,475.6051940917969,809.9254150390625,475.2181396484375,863.1483154296875,507.0769958496094,794.434326171875,506.2874450683594,887.6953125,547.1375732421875,784.1654663085938,545.6567993164062
842.0432739257812,401.61328125,845.0618896484375,397.46490478515625,838.6140747070312,397.7718505859375,849.2586669921875,398.534423828125,832.900390625,398.77703857421875,853.6461181640625,418.56280517578125,823.815673828125,419.3734130859375,856.7862548828125,444.510498046875,816.8073120117188,446.8408203125,848.06884765625,449.91851806640625,835.4539794921875,444.7383728027344,845.110595703125,471.00262451171875,819.315673828125,471.23858642578125,876.8845825195312,503.9153137207031,809.6043090820312,504.84991455078125,896.1494140625,541.5577392578125,794.9815673828125,542.6973876953125
854.3441162109375,392.6019287109375,854.8682861328125,388.1628112792969,850.3326416015625,389.33905029296875,853.3629150390625,389.3345947265625,842.3300170898438,391.3958740234375,853.3321533203125,408.40252685546875,836.60107421875,411.6705322265625,857.8445434570312,429.9483642578125,835.351806640625,437.040283203125,864.3194580078125,418.8113708496094,860.6453247070312,430.65740966796875,843.529541015625,461.11712646484375,839.5416259765625,464.15655517578125,830.4720458984375,497.78826904296875,879.85595703125,500.54595947265625,796.44580078125,532.794677734375,894.373779296875,537.8450927734375
863.3704833984375,387.04168701171875,864.6812744140625,382.7449035644531,859.4600830078125,382.9327697753906,863.1658935546875,387.0283203125,853.207275390625,386.5557861328125,860.455322265625,403.9120788574219,852.2320556640625,403.406005859375,868.9388427734375,397.29425048828125,863.02587890625,396.74810791015625,871.043701171875,378.5398864746094,864.021484375,379.7860107421875,853.6159057617188,459.96722412109375,843.9830932617188,459.35504150390625,873.890625,496.8836975097656,839.6351318359375,496.60809326171875,871.5745849609375,534.6136474609375,811.3480224609375,537.9451293945312
870.7307739257812,377.7188415527344,869.7928466796875,373.9135437011719,865.6429443359375,374.0913391113281,862.16650390625,378.42352294921875,857.8555297851562,377.7696533203125,863.2899169921875,400.3072814941406,858.23046875,397.7529296875,888.2080078125,403.5928955078125,888.6319580078125,396.9849853515625,899.8028564453125,385.1346130371094,904.9078369140625,374.5218200683594,860.4343872070312,454.9166564941406,852.0855102539062,454.4517822265625,886.357421875,493.7412414550781,837.638427734375,492.06671142578125,893.1622924804688,537.184326171875,817.1299438476562,536.797119140625
883.180419921875,375.11712646484375,882.45556640625,370.99090576171875,879.0947265625,371.4377746582031,875.6903686523438,375.18096923828125,869.9378662109375,375.3704833984375,875.984375,393.36126708984375,868.0153198242188,394.368896484375,903.944580078125,388.097900390625,899.902587890625,390.77154541015625,926.9170532226562,373.95916748046875,927.1697998046875,370.44232177734375,870.8057861328125,455.9405517578125,859.4896240234375,456.01190185546875,892.579833984375,492.5940856933594,843.18994140625,492.77349853515625,895.6873168945312,532.1387939453125,810.6533203125,535.9365844726562
880.8616333007812,374.42572021484375,880.7103881835938,370.319580078125,876.7890014648438,370.7373046875,875.8613891601562,374.44976806640625,868.815185546875,374.6313171386719,876.6575927734375,392.8118896484375,868.0806884765625,393.67010498046875,905.100341796875,386.7986755371094,899.6797485351562,389.577880859375,927.6412353515625,372.8656311035156,926.8685302734375,369.85198974609375,871.328369140625,455.1761169433594,859.73583984375,455.0751953125,891.7355346679688,492.0953063964844,843.4140625,492.0634765625,894.7391357421875,531.8668212890625,811.4324340820312,534.995849609375
891.2044677734375,367.5029296875,891.9461059570312,363.4554748535156,886.5452270507812,363.703125,887.7544555664062,367.149169921875,876.520751953125,367.0498352050781,885.672607421875,385.8630065917969,874.922607421875,386.4800720214844,914.1549072265625,382.91424560546875,904.4679565429688,386.8695068359375,942.590576171875,370.67840576171875,938.1447143554688,372.58465576171875,878.57568359375,447.56976318359375,866.8320922851562,447.5036315917969,894.1275634765625,485.55523681640625,854.3545532226562,485.07989501953125,893.8617553710938,526.8844604492188,825.163330078125,529.3515625
901.6734008789062,359.9945983886719,900.73095703125,356.1233825683594,897.9638671875,356.53228759765625,891.8930053710938,360.4205017089844,890.9581298828125,360.8697509765625,888.535400390625,381.10198974609375,887.3721923828125,382.44866943359375,916.0794067382812,384.62774658203125,915.393798828125,387.5035400390625,947.5870361328125,374.2520751953125,943.765380859375,371.60784912109375,875.858642578125,441.988037109375,876.1342163085938,442.9915771484375,876.3876953125,487.31756591796875,886.4410400390625,488.6911926269531,855.806396484375,527.2938232421875,871.519287109375,532.777587890625
906.068115234375,360.36773681640625,906.666259765625,356.141845703125,901.7578125,356.227783203125,900.3583374023438,361.4821472167969,895.073974609375,361.2529296875,894.4757080078125,384.8023681640625,893.8394165039062,384.92022705078125,919.9354248046875,385.2261657714844,923.255615234375,386.43902587890625,949.3731079101562,376.97698974609375,949.0223388671875,374.0494079589844,881.6865234375,445.30279541015625,880.7865600585938,445.6355895996094,888.878173828125,487.6171875,888.8878784179688,487.8507385253906,875.8994750976562,527.1934814453125,872.9452514648438,530.1800537109375
915.8508911132812,365.08489990234375,914.12255859375,360.7524719238281,913.160888671875,361.35888671875,905.3699340820312,361.84014892578125,904.4097290039062,363.578857421875,900.6890258789062,383.1719055175781,900.4293212890625,385.6560974121094,911.284912109375,405.03936767578125,908.0681762695312,409.6061096191406,922.4174194335938,409.1824951171875,917.9826049804688,412.44970703125,890.0491333007812,441.01031494140625,890.3330078125,442.1701354980469,892.7099609375,485.8296203613281,895.0079956054688,486.4719543457031,884.1431884765625,528.253662109375,884.37451171875,530.6868896484375
924.1221923828125,358.82806396484375,926.520751953125,353.55303955078125,919.3511962890625,354.233642578125,924.3621826171875,355.6079406738281,911.6380004882812,357.31048583984375,911.4083862304688,379.8170166015625,907.1953125,382.6875,918.3140258789062,411.83880615234375,915.6915283203125,417.930419921875,942.1638793945312,415.69732666015625,941.4574584960938,422.37762451171875,890.5045166015625,441.162841796875,888.920654296875,443.1438903808594,910.6885986328125,483.6230163574219,915.73388671875,485.55780029296875,886.3480224609375,527.9385375976562,893.7906494140625,531.8106079101562
924.1552734375,358.7667236328125,926.541259765625,353.46551513671875,919.3742065429688,354.1690979003906,924.3677978515625,355.4427490234375,911.672607421875,357.2059326171875,911.46630859375,379.6143493652344,907.2535400390625,382.5946044921875,918.7965087890625,411.65423583984375,916.034423828125,417.9725341796875,943.3903198242188,415.4134521484375,942.354736328125,422.1697082519531,890.5618286132812,441.1271667480469,888.9743041992188,443.1673278808594,910.9217529296875,483.4886169433594,915.888427734375,485.4800720214844,886.4906616210938,527.8110961914062,893.77783203125,531.7359008789062
931.4586181640625,363.1950988769531,931.9241943359375,358.469482421875,927.78271484375,358.95965576171875,925.357421875,360.8009033203125,919.623046875,361.6745910644531,914.9708251953125,384.22760009765625,912.42578125,385.5271911621094,926.9701538085938,417.1146240234375,922.8993530273438,419.47076416015625,953.277587890625,426.54949951171875,951.361328125,427.73907470703125,895.7557983398438,442.8327941894531,896.1041259765625,444.5224914550781,912.49658203125,484.783203125,926.15283203125,486.4375305175781,893.306884765625,522.8670654296875,915.0640869140625,527.8624877929688
939.6884765625,365.6269226074219,941.430908203125,360.45806884765625,935.227783203125,361.1514892578125,938.2344360351562,361.50823974609375,926.9156494140625,362.977294921875,927.1881103515625,385.5314025878906,920.3692016601562,387.06610107421875,933.6334228515625,418.45330810546875,921.9766845703125,422.063720703125,951.1507568359375,430.0029296875,941.4354858398438,436.90008544921875,903.4776611328125,441.2154541015625,903.7410888671875,442.6868591308594,910.1092529296875,486.01043701171875,942.0040283203125,486.9408874511719,893.94580078125,528.9721069335938,950.6651000976562,532.5045776367188
942.6619262695312,366.07098388671875,945.840087890625,361.0350341796875,937.5697631835938,361.3920593261719,945.77685546875,363.23358154296875,928.1343994140625,363.8409423828125,935.76611328125,389.12847900390625,922.8231811523438,390.4263916015625,940.36669921875,421.4777526855469,921.86328125,424.7066650390625,954.712646484375,439.9034729003906,940.3193359375,444.469970703125,921.9801635742188,445.5075988769531,919.2606201171875,446.9160461425781,920.4862060546875,485.49591064453125,954.4364013671875,486.91851806640625,900.18798828125,524.6962890625,963.9640502929688,528.9409790039062
948.8695678710938,367.89703369140625,951.2611083984375,362.8794250488281,943.7063598632812,363.3404846191406,949.4945068359375,365.07196044921875,933.5302734375,365.7690124511719,938.1400146484375,390.33099365234375,928.355224609375,391.2197265625,941.9954223632812,423.6263427734375,929.4014892578125,426.13018798828125,955.3372802734375,441.8407287597656,951.3250732421875,446.3031005859375,925.5935668945312,445.4542236328125,923.88671875,446.86053466796875,936.9215698242188,480.62054443359375,965.2714233398438,481.5231628417969,915.802490234375,523.1217041015625,968.2305908203125,526.1065063476562
953.0074462890625,370.1179504394531,954.5277099609375,365.6265869140625,949.904296875,365.5179443359375,953.4300537109375,367.29345703125,942.6769409179688,366.3040771484375,944.0575561523438,388.7029724121094,932.2285766601562,388.966552734375,944.2742919921875,420.51239013671875,931.5025634765625,425.2077941894531,960.8523559570312,442.69805908203125,952.074951171875,447.62237548828125,940.682861328125,445.0104675292969,932.9335327148438,446.9647521972656,958.5052490234375,479.016845703125,948.7884521484375,480.895751953125,951.592529296875,521.9407958984375,939.2499389648438,525.07470703125
952.74951171875,370.12896728515625,954.283935546875,365.63421630859375,949.6822509765625,365.54229736328125,953.3248901367188,367.2622375488281,942.6146240234375,366.33355712890625,944.1375732421875,388.60205078125,932.2373046875,388.96026611328125,944.6453247070312,420.34149169921875,931.678955078125,425.1858215332031,961.6505126953125,441.99530029296875,952.54833984375,446.884033203125,940.7807006835938,445.0280456542969,933.0254516601562,447.0360107421875,959.2034912109375,478.559326171875,949.2919921875,480.46575927734375,951.9197387695312,521.9620971679688,939.3598022460938,525.0865478515625
956.139404296875,368.370849609375,958.7378540039062,363.711669921875,952.10693359375,363.2630615234375,959.5046997070312,365.9500732421875,943.5895385742188,364.138916015625,951.4264526367188,388.9878845214844,932.590087890625,388.2999572753906,952.4111328125,422.1473388671875,932.129150390625,425.42767333984375,965.754638671875,447.427490234375,954.1499633789062,451.3338317871094,950.3275146484375,447.7966003417969,938.1036376953125,449.39849853515625,962.6761474609375,484.6828308105469,953.4730224609375,486.3741760253906,955.4169921875,526.1332397460938,947.74267578125,528.875732421875
959.6424560546875,367.8829650878906,962.263427734375,363.2152099609375,955.1804809570312,362.8290710449219,962.3007202148438,365.37945556640625,945.711181640625,363.612548828125,955.3742065429688,387.8561096191406,933.8531494140625,387.18951416015625,958.7286987304688,420.7455139160156,932.8116455078125,423.88525390625,970.6389770507812,448.1853332519531,952.0061645507812,451.90625,951.28759765625,444.0953063964844,937.6063842773438,445.64306640625,965.3534545898438,477.0887145996094,957.24462890625,478.9420166015625,955.06103515625,521.1648559570312,951.4205322265625,524.0562744140625
965.2216796875,369.57244873046875,967.3683471679688,365.3848876953125,961.172607421875,364.9928283691406,966.305908203125,367.32598876953125,951.4874267578125,365.46038818359375,962.54736328125,387.64898681640625,936.4766845703125,386.4981994628906,968.523193359375,417.8647155761719,928.9571533203125,419.2633056640625,977.6817626953125,441.74176025390625,941.9804077148438,444.49755859375,953.740234375,437.7957458496094,936.7464599609375,438.89385986328125,972.6824340820312,467.3822937011719,952.5106201171875,468.96185302734375,964.536376953125,513.60546875,945.4227294921875,516.0501708984375
965.595947265625,369.76226806640625,967.935302734375,365.60888671875,961.56982421875,365.29736328125,967.5823974609375,367.8456115722656,952.05419921875,366.3408203125,966.5675048828125,388.89862060546875,936.1580200195312,388.4443359375,975.743408203125,416.3971252441406,927.4213256835938,419.14288330078125,984.3936767578125,435.63287353515625,939.97412109375,439.410888671875,959.835693359375,438.4681396484375,938.99072265625,439.8642883300781,982.7913208007812,469.27642822265625,946.2177734375,470.8902282714844,982.7173461914062,514.5049438476562,939.970947265625,516.9901733398438
968.0322265625,371.3550109863281,970.5279541015625,367.32452392578125,964.015625,367.71533203125,970.8734130859375,368.9432373046875,954.8893432617188,369.8509826660156,971.1331787109375,387.63934326171875,938.4940185546875,392.3380126953125,982.29150390625,412.07501220703125,925.5897216796875,425.773681640625,992.50146484375,430.41650390625,932.8448486328125,450.690185546875,954.153076171875,433.64849853515625,930.7064208984375,436.7987060546875,981.6539306640625,467.7515869140625,937.982177734375,471.91790771484375,992.2432250976562,513.1029663085938,935.5823364257812,520.1358642578125
967.5687255859375,371.19354248046875,970.2141723632812,367.1679382324219,963.6005859375,367.52178955078125,970.9974975585938,368.83795166015625,954.7318725585938,369.66796875,971.2705078125,387.62103271484375,938.5079956054688,392.23602294921875,982.1630859375,412.05120849609375,925.4888916015625,425.66162109375,991.959716796875,430.5015869140625,932.7174682617188,450.8090515136719,954.242919921875,433.5387268066406,930.6923217773438,436.6333923339844,981.614013671875,467.6045837402344,937.7850341796875,471.7379150390625,992.176025390625,512.9619140625,935.3187255859375,519.98681640625
965.1009521484375,373.29351806640625,968.6570434570312,369.3837890625,961.5953369140625,369.33319091796875,972.94775390625,371.099853515625,954.5086669921875,370.90283203125,974.2406005859375,391.3876953125,941.2542114257812,393.75152587890625,985.1180419921875,413.26708984375,926.7222290039062,424.9107971191406,995.2353515625,432.32550048828125,932.8406982421875,452.6380920410156,959.3761596679688,437.6531066894531,934.0001220703125,438.916015625,988.319580078125,476.00579833984375,927.948974609375,477.6916809082031,1004.634765625,519.0178833007812,917.437255859375,522.6168212890625
966.841552734375,378.478271484375,968.7954711914062,374.65576171875,963.8070068359375,374.8681640625,970.6155395507812,376.3856506347656,957.2794189453125,377.0173645019531,975.233642578125,395.7988586425781,943.8898315429688,399.1197509765625,989.18603515625,412.363525390625,925.64599609375,425.1537780761719,989.1637573242188,425.0113220214844,926.7205810546875,447.6675109863281,965.0091552734375,442.8390197753906,940.7330322265625,444.8621520996094,994.9910888671875,479.3250732421875,930.57080078125,481.67242431640625,1008.25390625,519.4288940429688,914.2735595703125,523.3534545898438
967.749755859375,383.8488464355469,969.279052734375,380.0296325683594,965.0797119140625,380.3214111328125,970.64794921875,381.1842041015625,959.1066284179688,381.9588317871094,976.499755859375,400.40521240234375,944.8692626953125,402.5240478515625,992.62841796875,417.2676086425781,923.1265869140625,425.4744873046875,997.5485229492188,433.931640625,920.5556030273438,448.70068359375,963.599365234375,447.4239501953125,939.10107421875,448.6676025390625,993.1818237304688,482.66851806640625,924.28271484375,483.8319396972656,1007.5577392578125,521.74267578125,906.6161499023438,523.7833251953125
962.6240844726562,386.621337890625,964.908447265625,382.6947021484375,959.9910278320312,382.93341064453125,969.1448364257812,384.0094299316406,955.140380859375,384.6958923339844,977.3111572265625,403.60601806640625,942.5018920898438,405.78515625,993.312255859375,420.890380859375,920.756103515625,430.20306396484375,994.91162109375,435.90869140625,917.2545776367188,454.88177490234375,965.7229614257812,450.74603271484375,938.437255859375,451.66387939453125,994.6864013671875,481.9891357421875,917.8709716796875,482.60345458984375,1010.1895751953125,521.6177978515625,898.001220703125,522.6674194335938
955.92626953125,385.2067565917969,958.3372192382812,381.3955078125,953.31689453125,381.71734619140625,963.8223266601562,382.6317443847656,949.1885986328125,383.4271240234375,973.6140747070312,403.64990234375,938.9456176757812,403.67083740234375,990.1250610351562,424.437255859375,918.5115966796875,423.1611328125,994.5148315429688,443.54541015625,916.1423950195312,440.5799560546875,963.6011352539062,451.557861328125,936.0482177734375,451.489501953125,991.2320556640625,483.1035461425781,909.9087524414062,482.6053466796875,1008.7069702148438,522.6031494140625,888.8125,521.9768676757812
956.196533203125,385.7254943847656,958.49072265625,381.88262939453125,953.5386962890625,382.250244140625,963.656494140625,382.9188537597656,949.4649658203125,383.8516845703125,973.4754638671875,403.6356201171875,939.4762573242188,404.01165771484375,989.937744140625,423.9667053222656,919.4764404296875,423.88934326171875,994.7091064453125,443.03802490234375,915.7842407226562,442.050048828125,963.7630004882812,451.49383544921875,936.718017578125,451.557861328125,991.0090942382812,483.17193603515625,910.46044921875,482.78228759765625,1008.900390625,522.6670532226562,890.0000610351562,521.9659423828125
954.0816650390625,383.7777099609375,956.1510009765625,380.1002197265625,951.37548828125,380.42474365234375,959.763427734375,380.527099609375,946.4818115234375,381.42010498046875,967.700439453125,400.7601013183594,935.0289916992188,401.14727783203125,984.1297607421875,422.5719909667969,912.0228881835938,421.903564453125,992.711181640625,441.65557861328125,902.6577758789062,438.8844909667969,956.6204223632812,450.05841064453125,930.41748046875,450.245361328125,985.6370849609375,482.08001708984375,903.008544921875,482.10089111328125,1007.978515625,522.21533203125,882.4773559570312,522.3280029296875
945.0759887695312,375.750732421875,947.7676391601562,372.1059265136719,942.4942016601562,372.3727111816406,953.6123046875,373.04315185546875,939.79541015625,373.9089660644531,962.0678100585938,394.3413391113281,932.6863403320312,394.5709533691406,976.610107421875,416.51007080078125,912.422607421875,416.6142883300781,983.6021118164062,433.40216064453125,898.8982543945312,434.43896484375,952.4309692382812,442.830810546875,928.7817993164062,442.40399169921875,976.62255859375,477.75982666015625,900.111572265625,476.74420166015625,1000.1131591796875,519.1220703125,882.8126220703125,517.6400146484375
938.7042236328125,370.92474365234375,942.07373046875,367.2332763671875,935.7435302734375,367.09796142578125,949.0177001953125,368.0827331542969,931.6953125,367.82757568359375,957.201904296875,388.0688781738281,925.7762451171875,388.10614013671875,974.7069091796875,410.46221923828125,909.3468017578125,411.5803527832031,986.6971435546875,430.1171875,893.2386474609375,433.15655517578125,950.584228515625,438.73931884765625,925.76708984375,438.2099609375,968.568359375,474.3724365234375,894.705078125,473.6726989746094,995.2205810546875,514.1763916015625,878.671630859375,513.5955200195312
934.3621826171875,364.77593994140625,937.6869506835938,361.06201171875,931.3697509765625,361.12042236328125,944.626953125,362.012939453125,927.1704711914062,362.3839416503906,952.75927734375,381.14324951171875,921.1295166015625,383.088623046875,972.8179321289062,401.69073486328125,905.7769775390625,406.72857666015625,981.2110595703125,418.5257263183594,893.77880859375,422.7961120605469,942.718505859375,433.1219482421875,918.8184814453125,433.19573974609375,958.5157470703125,469.3655090332031,896.1734619140625,470.0662536621094,974.7882080078125,508.78497314453125,876.841552734375,510.290771484375
925.187744140625,364.00213623046875,929.136962890625,359.92584228515625,921.8626098632812,360.1773376464844,938.6826782226562,361.018798828125,917.9635009765625,362.030029296875,949.2747802734375,381.673828125,913.8294677734375,384.97613525390625,969.1204833984375,400.5797119140625,901.5789794921875,409.927490234375,975.7315673828125,411.5035400390625,885.0355224609375,424.1695556640625,939.247802734375,436.14044189453125,913.5980224609375,436.240966796875,953.5409545898438,470.4890441894531,893.1989135742188,471.075927734375,958.6085815429688,509.2121887207031,871.038818359375,510.6984558105469
925.17626953125,364.03472900390625,929.0985107421875,359.96099853515625,921.84619140625,360.22747802734375,938.598876953125,361.04669189453125,917.9443359375,362.0938720703125,949.2691040039062,381.71728515625,913.763916015625,385.04205322265625,969.1239013671875,400.6458740234375,901.507080078125,410.01104736328125,975.86572265625,411.72052001953125,884.9756469726562,424.3363037109375,939.187255859375,436.18804931640625,913.508544921875,436.2911682128906,953.4508666992188,470.58660888671875,893.086181640625,471.16485595703125,958.4202880859375,509.3244323730469,870.9215698242188,510.77056884765625
918.9559936523438,363.3562316894531,922.60791015625,359.24462890625,915.9087524414062,359.6717834472656,931.3681640625,359.98828125,913.3978271484375,361.39508056640625,942.2261962890625,379.0350036621094,909.2206420898438,383.61456298828125,964.0301513671875,395.94866943359375,894.2140502929688,407.7095947265625,969.7308349609375,401.743896484375,877.8953247070312,421.0775146484375,934.8621826171875,434.74798583984375,911.1884765625,435.6934814453125,944.5220947265625,469.3089294433594,891.046630859375,470.916015625,953.80859375,507.41387939453125,872.2340698242188,509.90533447265625
913.6671142578125,364.13665771484375,917.737060546875,360.0063171386719,910.2943115234375,360.37158203125,926.948486328125,361.2335205078125,907.56396484375,362.4201965332031,936.5869140625,380.8960876464844,904.8275756835938,385.029052734375,958.6858520507812,396.0846862792969,890.1356201171875,407.08380126953125,970.8863525390625,402.55804443359375,873.0113525390625,420.9349365234375,931.9237060546875,436.68231201171875,908.894287109375,437.5324401855469,942.2958984375,470.171142578125,887.5831298828125,471.44677734375,953.6449584960938,510.044677734375,867.55517578125,511.9492492675781
906.8138427734375,366.41455078125,911.15087890625,362.6453857421875,904.18310546875,362.7422790527344,920.9229736328125,364.84228515625,903.1990966796875,365.45001220703125,929.9134521484375,384.0163879394531,900.5296630859375,387.781494140625,950.9155883789062,396.6299743652344,887.7000732421875,407.4879455566406,968.83349609375,405.02398681640625,872.738037109375,423.05718994140625,927.7483520507812,436.88043212890625,905.931640625,437.811767578125,940.098876953125,469.66510009765625,884.9019775390625,471.09234619140625,952.3187255859375,512.1715087890625,864.1573486328125,514.5441284179688
894.1506958007812,369.74285888671875,897.753173828125,366.29718017578125,893.2967529296875,366.375732421875,908.1741943359375,368.0887756347656,896.5875244140625,368.69415283203125,919.055419921875,383.1741027832031,893.7665405273438,390.377685546875,933.410400390625,394.6810302734375,884.0531616210938,414.67877197265625,935.4744873046875,393.00067138671875,867.5579223632812,428.3753662109375,920.753173828125,434.76287841796875,900.9494018554688,438.2324523925781,934.3269653320312,471.11993408203125,879.1546630859375,476.39349365234375,949.1009521484375,511.161865234375,862.6770629882812,520.1163330078125
891.6534423828125,372.3037109375,894.929443359375,368.5670471191406,890.0211181640625,368.62237548828125,903.1943359375,369.89422607421875,892.18505859375,369.967529296875,911.1849975585938,385.73004150390625,891.5858154296875,389.55877685546875,935.3935546875,395.3630676269531,879.0390625,412.9296875,958.006591796875,395.4707336425781,869.6473388671875,429.92529296875,906.7783813476562,436.2884521484375,901.3475341796875,437.28289794921875,884.19287109375,477.2478332519531,917.3990478515625,477.625,864.9453735351562,518.85400390625,928.0587158203125,517.9644165039062
892.11669921875,372.95758056640625,895.4029541015625,369.18182373046875,890.3240966796875,369.390380859375,903.7805786132812,370.4405517578125,891.8977661132812,370.98529052734375,912.5439453125,385.98828125,890.3871459960938,390.84161376953125,936.952880859375,395.06048583984375,879.045654296875,413.6858825683594,959.38720703125,395.48187255859375,869.267822265625,428.73492431640625,908.2694091796875,437.1268310546875,899.813232421875,438.66253662109375,890.1066284179688,477.740478515625,911.246337890625,479.2132873535156,873.3206787109375,518.2489013671875,917.34619140625,519.534912109375
887.5673828125,378.06732177734375,890.6717529296875,374.77752685546875,885.8970947265625,374.8018798828125,899.3999633789062,376.41656494140625,885.4354248046875,376.64501953125,909.075927734375,390.9815368652344,883.23193359375,397.01129150390625,931.95703125,398.8479309082031,874.1134643554688,420.2485656738281,945.5352172851562,398.142333984375,867.8615112304688,435.547119140625,910.707275390625,439.9986572265625,891.7119140625,442.58111572265625,921.494873046875,478.0469970703125,876.033935546875,481.16748046875,934.8268432617188,517.3438110351562,861.820068359375,521.85205078125
880.6796264648438,380.11834716796875,883.6541748046875,376.7106628417969,879.6484375,376.72265625,893.464111328125,377.5152587890625,880.5643310546875,377.758544921875,905.0820922851562,391.149169921875,878.9034423828125,398.2184143066406,930.2151489257812,399.01605224609375,871.30078125,424.3795166015625,941.8502197265625,399.80657958984375,866.011962890625,446.1055908203125,907.668212890625,440.24981689453125,888.1400756835938,443.2863464355469,921.3099975585938,478.7955322265625,872.2080078125,482.1805114746094,936.6400146484375,518.07861328125,858.6129150390625,522.8175659179688
881.0396118164062,383.281494140625,883.9080810546875,379.7963562011719,879.120849609375,379.9560241699219,892.14013671875,380.76141357421875,877.4935913085938,381.32159423828125,901.7882080078125,394.17437744140625,875.5167846679688,401.979736328125,927.2906494140625,401.89422607421875,868.7886962890625,428.84735107421875,935.1614990234375,402.90557861328125,868.1064453125,453.88623046875,905.23681640625,441.07452392578125,885.5987548828125,444.7198486328125,920.8536987304688,477.8359680175781,873.6015014648438,481.5442199707031,936.5245971679688,517.375244140625,860.4954833984375,522.0716552734375
882.2659912109375,383.65118408203125,883.2680053710938,379.95513916015625,880.04052734375,380.264892578125,885.171142578125,380.1396484375,877.3614501953125,380.547119140625,892.5462646484375,393.19342041015625,875.0076904296875,398.33258056640625,917.7283935546875,405.05963134765625,870.934326171875,424.4111328125,932.9505615234375,407.45135498046875,874.3789672851562,454.1968688964844,897.7664794921875,436.89691162109375,890.6800537109375,440.4225769042969,894.1241455078125,476.3428955078125,913.1314086914062,478.48895263671875,887.13916015625,517.33203125,925.5914306640625,518.8187255859375
878.7620849609375,383.72515869140625,881.3406982421875,380.15753173828125,876.3154907226562,380.54010009765625,888.63916015625,380.67474365234375,872.9155883789062,381.79766845703125,899.7022705078125,393.76953125,868.9828491210938,402.48486328125,924.01171875,403.75103759765625,866.6617431640625,430.0284423828125,927.5791015625,407.2629089355469,875.1531982421875,453.03460693359375,906.273193359375,439.614013671875,882.2913208007812,444.4593200683594,930.671142578125,476.45245361328125,870.5927124023438,481.7478332519531,949.57861328125,515.48388671875,857.6358032226562,522.4913940429688
878.67041015625,383.70074462890625,881.2508544921875,380.13836669921875,876.2568969726562,380.5198059082031,888.584716796875,380.6831359863281,872.9127197265625,381.81109619140625,899.7110595703125,393.7623596191406,868.9378662109375,402.54443359375,923.91552734375,403.82293701171875,866.7540283203125,430.22747802734375,927.083740234375,407.192138671875,875.2245483398438,453.2081298828125,906.322509765625,439.60040283203125,882.2816162109375,444.47479248046875,930.6751098632812,476.46282958984375,870.4915771484375,481.8206787109375,949.5711669921875,515.5079345703125,857.5633544921875,522.6677856445312
877.92919921875,380.54010009765625,880.8645629882812,376.84295654296875,875.95556640625,377.4440002441406,890.6405029296875,378.20953369140625,874.1786499023438,379.93890380859375,903.2279052734375,392.7318420410156,871.1017456054688,402.4223327636719,927.1572265625,405.6709899902344,868.7250366210938,431.4242248535156,928.52978515625,412.3766784667969,880.3200073242188,451.35186767578125,908.4434814453125,438.7088623046875,883.2755126953125,444.04608154296875,933.706298828125,473.986328125,871.4686889648438,480.6787109375,951.4209594726562,514.3556518554688,857.2952270507812,524.6539306640625
884.40869140625,378.7369384765625,887.1641845703125,374.83514404296875,881.6192626953125,375.42608642578125,894.842529296875,376.14385986328125,878.5596923828125,377.4014892578125,905.322509765625,393.0035400390625,875.5390625,399.141845703125,926.71728515625,408.06524658203125,872.2890014648438,428.69952392578125,931.9506225585938,417.71002197265625,883.7293701171875,449.3939208984375,910.3961181640625,437.4736633300781,885.8472290039062,439.8342590332031,936.9554443359375,475.018798828125,870.7406005859375,477.5876770019531,954.091796875,517.157958984375,852.1521606445312,520.9183349609375
888.1056518554688,376.756103515625,891.0794677734375,372.9524230957031,885.1395263671875,373.2829284667969,897.7186889648438,374.8260498046875,881.484619140625,375.4952087402344,905.0501708984375,392.84332275390625,878.9442138671875,398.96258544921875,926.1966552734375,407.6470642089844,877.94873046875,428.7811279296875,934.77001953125,418.18804931640625,887.4420166015625,450.8953857421875,912.08203125,439.25262451171875,889.969970703125,441.7510070800781,938.3446044921875,475.0531311035156,872.676025390625,478.1390075683594,956.7449340820312,515.653564453125,853.052490234375,520.8577270507812
894.486572265625,375.1553649902344,896.9628295898438,371.52874755859375,891.194091796875,371.9830627441406,902.608154296875,373.7630615234375,886.2844848632812,374.57720947265625,910.703857421875,392.02691650390625,879.7286376953125,396.7420654296875,925.3262329101562,413.5544128417969,877.2098388671875,425.7543640136719,930.3292236328125,428.0225830078125,888.2905883789062,449.0777587890625,914.6590576171875,436.9815673828125,889.6276245117188,440.54547119140625,942.639404296875,474.50921630859375,875.8978271484375,478.662353515625,959.8276977539062,514.219970703125,860.106201171875,521.3670654296875
902.3772583007812,374.0309143066406,905.2469482421875,370.1473388671875,898.4154052734375,370.454833984375,909.2176513671875,372.17205810546875,891.631591796875,372.6206359863281,914.5762939453125,391.8084411621094,883.85546875,395.96002197265625,928.8646240234375,413.0167236328125,882.346435546875,426.9919738769531,938.5738525390625,428.885986328125,889.891845703125,453.15740966796875,915.01708984375,440.56732177734375,890.186767578125,442.7747497558594,943.55078125,477.1533508300781,878.025634765625,479.56329345703125,960.81982421875,518.025634765625,863.3912353515625,522.22119140625
902.3955078125,374.0486755371094,905.216796875,370.1437683105469,898.2745971679688,370.49652099609375,909.006591796875,372.3769226074219,891.1583251953125,372.8828125,914.4466552734375,392.4791564941406,883.4152221679688,396.6607666015625,928.642333984375,414.2603759765625,882.4678344726562,428.04498291015625,937.528564453125,430.01849365234375,891.1803588867188,453.1781005859375,915.1543579101562,441.5166320800781,890.09326171875,443.7484130859375,943.3661499023438,477.258056640625,877.6484985351562,479.76690673828125,960.4163818359375,517.8605346679688,863.0802001953125,522.26904296875
905.7830810546875,376.93572998046875,909.0892333984375,372.76422119140625,901.6690063476562,373.14617919921875,915.0911865234375,374.3121337890625,895.0133056640625,374.9120178222656,920.2242431640625,394.93408203125,889.1035766601562,398.5091552734375,935.0458374023438,416.2171630859375,883.8487548828125,429.81683349609375,942.1027221679688,433.1703186035156,892.8870849609375,455.59716796875,917.583740234375,445.14697265625,892.3721923828125,446.5064697265625,944.70556640625,480.1265869140625,877.0240478515625,481.5178527832031,960.01123046875,522.2634887695312,857.5792236328125,525.0438232421875
913.98583984375,378.25054931640625,916.015625,374.4668884277344,909.8369750976562,375.00079345703125,918.149658203125,376.5216979980469,902.2918701171875,377.4749755859375,925.004638671875,397.0247497558594,891.3180541992188,401.122802734375,938.953857421875,419.0289306640625,883.7061767578125,430.80596923828125,944.01318359375,432.9381408691406,892.981201171875,456.7206115722656,922.1787109375,450.52752685546875,896.1558837890625,453.56268310546875,948.8961181640625,486.5552673339844,882.94873046875,489.53076171875,958.97607421875,523.325927734375,865.0404052734375,527.3395385742188
919.1934814453125,383.50286865234375,921.6571044921875,379.48907470703125,915.2008056640625,379.8705139160156,925.0501708984375,381.00128173828125,907.5548095703125,381.37603759765625,928.7078857421875,401.3321228027344,898.650146484375,402.721435546875,942.01904296875,423.5706481933594,887.596923828125,429.9689025878906,947.6185302734375,442.92059326171875,895.8148193359375,454.21795654296875,922.0094604492188,449.7631530761719,898.011474609375,450.0469970703125,945.5277099609375,483.9107666015625,882.1561889648438,484.1836853027344,956.3887939453125,524.667236328125,859.7718505859375,526.3937377929688
929.0308837890625,383.6065979003906,931.189453125,379.75750732421875,924.517333984375,380.04217529296875,932.729736328125,381.106689453125,915.009521484375,381.26092529296875,935.8727416992188,400.3312683105469,902.9584350585938,401.5133972167969,944.8086547851562,423.25311279296875,891.2371826171875,428.3266296386719,951.3409423828125,441.4772644042969,896.353271484375,456.7430419921875,927.669677734375,446.8433532714844,902.0120849609375,448.2908935546875,950.9796752929688,483.416259765625,885.536376953125,484.62408447265625,958.19970703125,523.169677734375,864.6763916015625,525.878173828125
931.8389892578125,379.28759765625,934.688232421875,375.4407958984375,927.8311767578125,375.6109313964844,938.61376953125,377.7156982421875,920.1397705078125,377.73876953125,941.3919677734375,398.86529541015625,909.2200927734375,399.39434814453125,947.4813232421875,424.4134521484375,895.614013671875,427.21240234375,951.91064453125,445.66143798828125,899.14501953125,457.5654296875,930.7871704101562,444.8411865234375,905.252197265625,445.8841552734375,955.4360961914062,481.67999267578125,888.73583984375,482.56842041015625,962.81298828125,521.921875,865.7803344726562,524.4956665039062
931.7408447265625,379.2772521972656,934.6144409179688,375.4296875,927.7476196289062,375.59234619140625,938.5968017578125,377.69854736328125,920.0952758789062,377.7111511230469,941.314208984375,398.7958984375,909.2254028320312,399.35638427734375,947.3924560546875,424.31256103515625,895.6807861328125,427.20599365234375,951.811767578125,445.61627197265625,899.0537109375,457.6209411621094,930.6121826171875,444.62103271484375,905.1573486328125,445.66961669921875,955.1634521484375,481.5531921386719,888.7781982421875,482.47137451171875,962.3571166992188,521.69677734375,865.783203125,524.33984375
939.6680908203125,375.7015380859375,942.215576171875,371.8217468261719,935.5020751953125,372.22686767578125,945.5614013671875,373.716796875,927.121337890625,374.18170166015625,946.6185302734375,393.28216552734375,917.001708984375,394.74835205078125,954.05078125,416.9050598144531,901.30078125,424.63909912109375,956.1015625,433.246826171875,903.4322509765625,455.1325378417969,931.5972900390625,436.7371826171875,908.1988525390625,436.9230651855469,955.45068359375,478.17669677734375,895.1204833984375,477.7180480957031,960.3748168945312,520.3621826171875,867.9552001953125,520.4024658203125
944.468994140625,368.26361083984375,947.122802734375,364.52789306640625,940.8250732421875,364.61285400390625,951.07861328125,366.1207580566406,933.3583984375,365.89752197265625,953.345458984375,386.13433837890625,923.095703125,386.3939208984375,960.3213500976562,411.4516296386719,908.5284423828125,417.0599670410156,962.2044067382812,431.4549560546875,909.718505859375,451.07611083984375,938.8203125,430.14337158203125,915.61767578125,429.7085266113281,958.534423828125,474.17657470703125,901.6168212890625,472.81219482421875,962.143798828125,515.8009033203125,878.1611328125,514.1401977539062
948.4996948242188,366.33544921875,951.3880004882812,362.6745300292969,944.6329345703125,362.59014892578125,955.45263671875,364.9214172363281,936.5484619140625,364.20947265625,957.875732421875,386.2929382324219,924.5506591796875,385.572998046875,965.2399291992188,411.937255859375,909.4418334960938,415.59613037109375,969.2081909179688,431.77081298828125,911.3182373046875,447.4518127441406,941.142822265625,430.6555480957031,916.7598266601562,429.86663818359375,959.599365234375,473.23590087890625,906.2114868164062,471.668701171875,957.5596923828125,514.812744140625,884.2413330078125,513.23828125
951.4432983398438,365.854736328125,954.384521484375,362.0649719238281,947.709228515625,362.13116455078125,958.91845703125,363.7901916503906,940.0006103515625,363.5880432128906,961.805908203125,383.73406982421875,927.7124633789062,384.2442626953125,970.88232421875,407.2471618652344,910.8258056640625,414.1044921875,977.9761962890625,426.12225341796875,911.1886596679688,445.7445373535156,942.4041137695312,427.5386962890625,918.0419921875,427.22723388671875,959.726806640625,471.1103515625,909.431884765625,470.1627502441406,955.902587890625,513.8325805664062,887.9234619140625,513.1397705078125
952.8180541992188,364.8291015625,955.4439697265625,360.9586486816406,948.7483520507812,361.1690368652344,959.0462036132812,362.663330078125,940.4225463867188,362.74395751953125,962.24609375,383.46014404296875,928.0462646484375,384.4942626953125,973.51220703125,406.4942321777344,911.6988525390625,414.3708801269531,983.1607666015625,424.7337341308594,911.6378173828125,445.2080078125,944.8203125,431.36029052734375,920.66552734375,431.48614501953125,963.2429809570312,471.7224426269531,913.4115600585938,471.2569580078125,959.2505493164062,513.3975830078125,892.089111328125,513.2374267578125
952.4962158203125,364.70635986328125,955.1522216796875,360.8021240234375,948.4083251953125,361.0425109863281,958.9876098632812,362.35626220703125,940.2024536132812,362.52166748046875,962.3697509765625,383.0581970214844,928.212890625,384.0506286621094,973.8193359375,406.024169921875,911.6694946289062,413.52923583984375,983.88818359375,424.7532958984375,911.1917724609375,444.00494384765625,944.8814697265625,431.25909423828125,920.8339233398438,431.32904052734375,963.175048828125,471.606201171875,913.8460693359375,471.0831298828125,958.68017578125,513.0869750976562,892.19287109375,512.7484130859375
954.01611328125,364.7880859375,956.6478271484375,360.9504089355469,950.166015625,361.2176513671875,960.5169067382812,362.51751708984375,942.2993774414062,362.874267578125,964.04443359375,382.5167236328125,930.2081909179688,384.4750671386719,974.32568359375,405.09149169921875,914.257568359375,414.39630126953125,980.827880859375,424.4089050292969,914.4918212890625,446.0680847167969,947.8424072265625,429.1310119628906,924.274169921875,429.88671875,964.67724609375,469.807373046875,918.7882080078125,470.264404296875,962.6273803710938,512.378662109375,902.8421630859375,513.7329711914062
955.6301879882812,367.0458068847656,958.13330078125,363.2269287109375,951.8392333984375,363.48577880859375,961.3910522460938,364.77410888671875,943.80908203125,365.1422424316406,965.1551513671875,384.6531982421875,931.0167236328125,387.21588134765625,975.4421997070312,407.2359619140625,915.6217041015625,418.50848388671875,981.5118408203125,425.03155517578125,917.087890625,450.74554443359375,949.9791870117188,432.2661437988281,926.0408935546875,433.4447021484375,967.088134765625,472.2696533203125,919.6488647460938,473.0711975097656,967.6142578125,514.382568359375,905.515380859375,515.8751220703125
956.2516479492188,369.3064270019531,959.260009765625,365.6402893066406,952.9908447265625,365.5274658203125,962.2465209960938,366.88690185546875,946.1903686523438,366.5205078125,965.130126953125,386.5767517089844,933.0888061523438,388.368408203125,974.8375854492188,410.9310302734375,919.8001708984375,420.567626953125,982.8994140625,430.9089660644531,918.7216796875,454.78826904296875,950.8460693359375,434.2105407714844,927.034423828125,434.8695068359375,972.1661376953125,473.0865783691406,919.8407592773438,473.46295166015625,982.4793090820312,515.675537109375,909.9464721679688,516.6082763671875
958.745361328125,376.1020202636719,962.0454711914062,372.50958251953125,956.079833984375,372.14117431640625,965.2083740234375,373.131591796875,950.06591796875,372.3208923339844,966.7318725585938,390.8921813964844,935.900390625,392.3211669921875,972.238525390625,415.55340576171875,922.2471313476562,423.930419921875,976.8418579101562,436.918701171875,919.906005859375,458.75274658203125,952.6141357421875,436.59173583984375,929.3622436523438,437.2437744140625,975.061279296875,476.9140625,923.3113403320312,477.67803955078125,987.5460205078125,517.7843627929688,915.54541015625,520.0850830078125
958.362060546875,386.13592529296875,961.1196899414062,381.9879150390625,955.0303955078125,381.9599304199219,963.17431640625,382.9924621582031,948.6474609375,382.65911865234375,965.8159790039062,401.9504699707031,937.5466918945312,401.6825866699219,972.651611328125,428.1739196777344,923.479736328125,428.2414855957031,978.358154296875,452.8554382324219,920.1117553710938,454.46978759765625,957.998779296875,447.33673095703125,937.6133422851562,447.7145690917969,980.5263061523438,475.5608825683594,926.3720703125,475.977783203125,986.3373413085938,518.5907592773438,914.2315673828125,519.5274658203125
958.3917846679688,386.0557861328125,961.146728515625,381.90478515625,955.0720825195312,381.8757019042969,963.1707763671875,382.9105224609375,948.6959228515625,382.57318115234375,965.7921752929688,401.87615966796875,937.5631713867188,401.5948791503906,972.4942016601562,428.10150146484375,923.440185546875,428.115478515625,978.0626220703125,452.68438720703125,920.07177734375,454.28997802734375,957.8992919921875,447.3392333984375,937.5225219726562,447.70843505859375,980.5802001953125,475.52459716796875,926.315185546875,475.93878173828125,986.3787841796875,518.5210571289062,914.1060791015625,519.4561767578125
952.1234130859375,387.93194580078125,955.8905639648438,383.98028564453125,949.5499877929688,383.71484375,961.06689453125,384.96307373046875,944.94189453125,384.2347412109375,966.2996826171875,402.511962890625,936.762939453125,401.2662353515625,967.4214477539062,429.94586181640625,924.8612060546875,426.3809814453125,958.914306640625,445.05291748046875,925.161376953125,443.9980773925781,959.1751098632812,447.1402587890625,937.16650390625,446.63616943359375,977.22802734375,474.71978759765625,924.8822021484375,474.2536926269531,988.4403076171875,521.0191040039062,922.3046875,520.3738403320312
950.6826782226562,390.05126953125,954.5678100585938,385.9693603515625,948.2382202148438,385.6119384765625,959.4453735351562,387.39312744140625,943.3727416992188,386.39019775390625,964.4754638671875,406.165771484375,932.6859130859375,404.49609375,965.88525390625,429.72540283203125,918.1944580078125,425.98126220703125,955.0498046875,429.42010498046875,921.574462890625,429.1241455078125,954.865234375,452.106201171875,930.76904296875,451.36175537109375,975.1771240234375,477.89501953125,913.19140625,477.26275634765625,990.3900146484375,524.1241455078125,911.01953125,523.61328125
948.4508056640625,388.0030517578125,950.99853515625,383.9524841308594,945.6497802734375,383.7769775390625,951.7576904296875,384.81591796875,939.1126708984375,383.7965087890625,953.9674072265625,402.6290588378906,925.4014892578125,401.81201171875,960.8690185546875,423.5728454589844,908.7764282226562,423.17828369140625,967.4449462890625,431.3673095703125,909.8265380859375,434.15509033203125,948.2935791015625,449.35040283203125,927.5531005859375,449.8872985839844,973.1980590820312,481.06622314453125,919.4298095703125,481.72076416015625,987.213134765625,523.3375244140625,914.6152954101562,524.5769653320312
932.3372802734375,385.38385009765625,935.5218505859375,382.1415710449219,929.452880859375,381.87359619140625,940.753662109375,384.33343505859375,923.970703125,383.93292236328125,948.882080078125,403.38262939453125,912.217041015625,404.75469970703125,959.302734375,421.71173095703125,896.3113403320312,428.8840026855469,959.491455078125,426.5390625,884.700439453125,450.979248046875,943.7947998046875,450.12750244140625,918.1594848632812,451.3526916503906,963.4260864257812,485.7197265625,914.81591796875,486.0479736328125,984.0708618164062,525.7222900390625,921.1522216796875,526.0197143554688
924.010009765625,388.6231384277344,927.0845947265625,385.13421630859375,921.8424072265625,384.771240234375,932.5830688476562,385.79205322265625,917.6070556640625,385.4068603515625,940.7237548828125,404.1061706542969,906.4304809570312,403.951416015625,957.7135009765625,421.93768310546875,885.017333984375,424.16851806640625,957.614990234375,432.631103515625,874.004150390625,441.5367736816406,934.7272338867188,449.2301025390625,911.217041015625,449.4240417480469,956.2772827148438,486.6237487792969,911.7518920898438,486.06976318359375,976.210205078125,528.354736328125,918.6268310546875,527.0765380859375
923.993896484375,388.28411865234375,927.1217041015625,384.809814453125,921.8475952148438,384.40625,932.52587890625,385.57763671875,917.604736328125,385.1184997558594,940.0394897460938,403.9793701171875,906.2916870117188,404.0944519042969,957.1635131835938,421.4566955566406,884.476806640625,424.70025634765625,957.0712890625,431.7962951660156,872.7806396484375,442.454833984375,934.0193481445312,449.48101806640625,910.9118041992188,449.84832763671875,956.0579223632812,486.85382080078125,912.2451171875,486.65643310546875,976.2734985351562,528.5502319335938,919.0936889648438,528.0147705078125
916.5457763671875,387.16131591796875,919.510498046875,383.49444580078125,913.7777709960938,383.44207763671875,924.8135375976562,383.72882080078125,908.5892944335938,384.0328674316406,934.4052734375,401.2562255859375,895.8272705078125,403.04736328125,954.6912231445312,418.12115478515625,877.961669921875,421.96160888671875,969.5685424804688,435.98541259765625,857.6224365234375,442.7527770996094,927.9423828125,449.3348388671875,902.2138671875,450.99334716796875,951.8916015625,482.84521484375,906.9674072265625,485.01556396484375,966.2420654296875,522.9200439453125,911.064208984375,526.8480834960938
906.79638671875,388.33697509765625,909.7891845703125,384.529052734375,904.1307373046875,384.6676940917969,915.7974243164062,385.0340881347656,899.2030029296875,385.995849609375,926.4166259765625,402.6991882324219,887.0606689453125,406.6625061035156,948.2847900390625,419.01251220703125,865.4254760742188,426.9000244140625,965.2369995117188,434.3939208984375,832.8828735351562,441.85601806640625,921.0606079101562,450.5268859863281,895.517333984375,453.16162109375,939.144775390625,480.7784729003906,894.1312255859375,484.6601257324219,953.7884521484375,521.727294921875,898.7530517578125,528.311279296875
892.9884033203125,392.3507995605469,896.3442993164062,388.3748779296875,889.821044921875,388.9935607910156,903.5867919921875,388.81414794921875,885.800048828125,391.14227294921875,919.4749755859375,405.2752685546875,874.3846435546875,411.869873046875,944.417236328125,418.46002197265625,854.208740234375,429.9088134765625,962.0645141601562,431.21002197265625,823.3738403320312,443.06121826171875,918.8514404296875,455.8270263671875,888.0977783203125,459.3256530761719,937.4334716796875,483.5614013671875,880.6929931640625,488.5551452636719,952.3203125,527.3499755859375,879.94287109375,534.2030029296875
883.1958618164062,392.90692138671875,886.127197265625,388.89605712890625,880.1380615234375,389.49017333984375,893.6177978515625,390.44873046875,876.3407592773438,392.33056640625,910.017822265625,410.23663330078125,864.973876953125,415.54779052734375,935.1163330078125,421.8291015625,844.2034912109375,431.50640869140625,963.572509765625,436.982421875,809.0101318359375,441.51263427734375,910.165771484375,463.2182922363281,878.3927001953125,466.75506591796875,933.2169189453125,491.19464111328125,862.80712890625,496.3487548828125,946.6785278320312,533.357177734375,853.10009765625,541.2186279296875
870.6185302734375,398.2689514160156,873.2255859375,394.15325927734375,867.7034912109375,394.8785705566406,881.6663818359375,394.7159423828125,865.1552124023438,396.61212158203125,900.1734008789062,412.99090576171875,856.1131591796875,417.0638122558594,922.32763671875,425.8255920410156,835.3623046875,433.4323425292969,950.063720703125,438.16046142578125,800.098876953125,446.02587890625,904.3309936523438,463.43035888671875,872.5025634765625,466.1265563964844,927.6937866210938,493.7410583496094,850.9945678710938,496.86993408203125,939.834716796875,533.939208984375,835.77587890625,537.975830078125
870.5665283203125,398.26837158203125,873.163818359375,394.140869140625,867.63818359375,394.8822021484375,881.604736328125,394.6886901855469,865.08251953125,396.621337890625,900.1737670898438,412.9486083984375,856.0396728515625,417.09881591796875,922.6090087890625,425.73370361328125,835.334228515625,433.466796875,951.0554809570312,438.381103515625,799.8890991210938,446.09246826171875,904.3811645507812,463.4013977050781,872.4974365234375,466.150634765625,927.94189453125,493.53778076171875,850.9310302734375,496.74609375,940.1375732421875,533.7607421875,835.57861328125,537.9096069335938
857.207763671875,405.03466796875,860.1282348632812,400.9003601074219,854.9412231445312,401.42791748046875,870.7681884765625,400.7221984863281,854.399169921875,402.08905029296875,888.8274536132812,417.5913391113281,848.8921508789062,422.03167724609375,914.9895629882812,427.54052734375,825.2454833984375,437.78814697265625,944.4493408203125,433.41827392578125,786.772216796875,447.53057861328125,895.4105224609375,470.6683349609375,866.1763916015625,473.5291442871094,921.984619140625,499.40899658203125,844.1984252929688,502.875732421875,937.856689453125,538.63232421875,823.8525390625,543.4715576171875
843.2867431640625,412.3905944824219,846.3627319335938,408.2755126953125,841.8223876953125,408.40185546875,857.2512817382812,409.016357421875,843.6353759765625,409.20245361328125,868.93017578125,427.2181396484375,844.2665405273438,428.281005859375,855.32470703125,449.181640625,818.3712158203125,445.29052734375,805.514892578125,448.5943603515625,778.1262817382812,451.56890869140625,887.80224609375,479.4004211425781,865.607177734375,480.1512451171875,904.7412109375,507.1871337890625,835.47998046875,509.75738525390625,919.7015991210938,541.0531005859375,811.712890625,546.060302734375
830.6588134765625,417.3241882324219,834.3055419921875,413.6190185546875,829.5232543945312,413.4754943847656,844.07763671875,416.13006591796875,834.8280029296875,415.54888916015625,852.7738037109375,437.3872375488281,839.3900756835938,437.4710998535156,836.2608642578125,457.903564453125,820.8834228515625,453.78045654296875,787.9440307617188,458.2123718261719,789.4063720703125,449.5730895996094,876.3766479492188,484.27490234375,859.7664184570312,483.1242370605469,894.4688720703125,511.4766540527344,818.0728759765625,512.3114013671875,921.4107055664062,549.00146484375,797.07177734375,551.4838256835938
820.1265869140625,425.4630432128906,823.828125,422.08282470703125,818.8890380859375,421.903564453125,835.4093627929688,424.60009765625,820.1683349609375,424.12603759765625,845.6533203125,442.4281311035156,823.123046875,444.8006286621094,843.97021484375,458.8589172363281,817.8856201171875,461.4019775390625,815.6856079101562,455.9638671875,814.7589111328125,459.3344421386719,865.1640625,486.6591796875,843.1636962890625,488.4582824707031,889.089111328125,513.6834106445312,812.1336669921875,517.1172485351562,917.8587646484375,546.3648681640625,795.7911987304688,553.2758178710938
814.7320556640625,428.55511474609375,818.27490234375,424.71014404296875,812.6832275390625,424.9580383300781,829.10107421875,425.9068603515625,812.7113037109375,426.74896240234375,839.2906494140625,444.0419921875,815.304931640625,448.98138427734375,838.7994384765625,462.14556884765625,799.5828857421875,468.5955505371094,812.2695922851562,469.29217529296875,772.7869873046875,479.25042724609375,860.7193603515625,487.2367858886719,838.0318603515625,490.28118896484375,888.7988891601562,514.4830322265625,804.1358642578125,519.6929931640625,923.476318359375,548.6343994140625,787.2280883789062,558.0996704101562
814.9241943359375,428.5963134765625,818.46728515625,424.745361328125,812.90283203125,425.0008850097656,829.32568359375,425.99835205078125,813.0214233398438,426.814208984375,839.2509155273438,444.21832275390625,815.6016845703125,449.0052795410156,836.422119140625,462.66717529296875,799.5899658203125,468.6634826660156,807.242431640625,469.91796875,773.0076904296875,479.35357666015625,860.8511352539062,487.2155456542969,838.1922607421875,490.18963623046875,889.247802734375,514.4632568359375,804.3861083984375,519.6226196289062,923.5513916015625,548.5321655273438,786.9732666015625,557.9478149414062
810.4715576171875,426.7440490722656,813.8583984375,422.97515869140625,808.135498046875,423.4961242675781,824.9951171875,424.76904296875,807.245849609375,426.4873046875,842.0947265625,442.1992492675781,805.5463256835938,448.7344970703125,861.0704956054688,456.9557189941406,792.6363525390625,470.4283447265625,858.892822265625,468.20770263671875,777.7059326171875,495.2161865234375,856.9037475585938,482.5895690917969,827.4142456054688,486.69317626953125,891.229248046875,514.2713623046875,805.5302124023438,518.6021118164062,925.6644287109375,548.815185546875,796.20654296875,555.4796142578125
808.3924560546875,423.825439453125,811.5983276367188,419.9222717285156,806.15283203125,420.48052978515625,822.9642333984375,421.3582763671875,805.7205810546875,422.93182373046875,838.9345092773438,438.73681640625,806.0765991210938,444.9638671875,857.4427490234375,456.4765625,795.0723876953125,470.52655029296875,861.169921875,473.4384765625,783.8325805664062,502.3545227050781,856.2283935546875,476.39501953125,829.323486328125,480.55364990234375,891.3671264648438,508.5738830566406,809.3629150390625,512.4407958984375,925.3932495117188,546.8416748046875,799.5404052734375,552.2298583984375
809.4014282226562,418.70672607421875,812.2320556640625,414.51751708984375,806.7218627929688,415.5330505371094,823.22119140625,415.79693603515625,805.44921875,418.5745849609375,842.2611694335938,433.56195068359375,805.3928833007812,442.5374450683594,867.1510620117188,452.9658203125,796.958984375,473.28564453125,872.24609375,473.27374267578125,791.5068969726562,509.48150634765625,860.189453125,470.4753112792969,831.417236328125,475.77374267578125,892.3687744140625,504.210205078125,812.860107421875,509.058349609375,921.2078247070312,544.4482421875,804.5684814453125,550.265380859375
811.079833984375,417.5157165527344,813.93701171875,413.1164245605469,808.6534423828125,414.45947265625,825.090087890625,413.076416015625,809.38720703125,416.46954345703125,844.4207763671875,427.701904296875,809.900390625,438.0145568847656,874.2797241210938,443.3341369628906,800.8778076171875,470.41253662109375,888.4359130859375,460.51617431640625,797.625,504.42938232421875,860.5396728515625,464.9623718261719,833.1560668945312,469.4294128417969,884.6583251953125,494.11279296875,810.869384765625,498.01287841796875,912.810302734375,537.7897338867188,800.8006591796875,540.455810546875
813.7198486328125,412.4109191894531,816.24267578125,407.945556640625,810.5576171875,409.5308532714844,826.3634033203125,408.12750244140625,808.0775756835938,412.43115234375,845.7929077148438,422.7973937988281,807.4480590820312,436.28546142578125,877.7088623046875,434.9013977050781,804.7846069335938,469.0101013183594,897.9583740234375,451.8322448730469,805.6087646484375,500.658447265625,860.3150634765625,461.03216552734375,831.46484375,467.91162109375,883.9473876953125,490.81005859375,811.4215087890625,497.5369873046875,909.4813842773438,535.67578125,806.1502685546875,542.87890625
813.6795654296875,412.44171142578125,816.1935424804688,407.9761962890625,810.5300903320312,409.559814453125,826.3187255859375,408.1176452636719,808.0900268554688,412.411376953125,845.7054443359375,422.71405029296875,807.5721435546875,436.1943359375,877.6829223632812,434.7320251464844,804.87158203125,468.893310546875,898.1295166015625,451.7403564453125,805.4364624023438,500.8222961425781,860.34619140625,460.87689208984375,831.64404296875,467.746826171875,883.8568115234375,490.83447265625,811.5057373046875,497.5390625,909.5055541992188,535.555419921875,806.2003784179688,542.7299194335938
815.884521484375,409.2532653808594,818.5172119140625,404.9598083496094,813.5609130859375,406.284912109375,829.0858154296875,405.03961181640625,811.9909057617188,408.75189208984375,848.0473022460938,418.85626220703125,809.3318481445312,431.7568359375,877.6474609375,429.425048828125,805.7236328125,463.56341552734375,899.2318725585938,445.9256286621094,806.710693359375,494.8671875,859.403564453125,460.0619201660156,830.4664306640625,466.70849609375,882.3389282226562,490.5731506347656,811.88134765625,497.3983154296875,909.333740234375,533.361083984375,810.1049194335938,541.4583740234375
820.5335693359375,408.8777160644531,823.0570678710938,404.62139892578125,818.2739868164062,405.97222900390625,831.735595703125,404.1865234375,817.6142578125,407.7950134277344,847.81640625,417.4852294921875,813.9830322265625,429.41864013671875,877.1043701171875,427.72039794921875,806.283935546875,460.2330322265625,899.1998291015625,439.737548828125,806.0570068359375,488.8192138671875,858.7249755859375,460.3279724121094,832.2888793945312,465.825927734375,883.4405517578125,493.08184814453125,814.4598388671875,498.67144775390625,912.845458984375,534.614990234375,809.787841796875,540.537841796875
825.8319091796875,404.21527099609375,828.5196533203125,399.88739013671875,823.0482788085938,401.3128967285156,836.9647216796875,399.8506164550781,821.0333862304688,403.69354248046875,852.3132934570312,414.75408935546875,816.4476318359375,427.216552734375,881.4592895507812,425.4578857421875,808.65087890625,458.6087951660156,905.524169921875,438.133056640625,808.3267822265625,485.2290344238281,861.109619140625,460.5967712402344,833.4461059570312,466.3829040527344,886.048095703125,494.181884765625,815.2459716796875,500.45849609375,913.276611328125,536.1289672851562,809.3038330078125,543.400634765625
833.367431640625,401.1649475097656,836.3436279296875,396.78790283203125,830.356201171875,397.92987060546875,844.7491455078125,396.5413818359375,827.1893920898438,399.6512451171875,859.0486450195312,411.78314208984375,821.2567138671875,422.5031433105469,886.033203125,423.3791198730469,812.5751953125,452.73046875,908.944091796875,438.04766845703125,810.1585693359375,480.299560546875,864.3355712890625,459.34796142578125,835.7281494140625,464.3149108886719,888.6925048828125,493.1044006347656,818.9221801757812,498.5982971191406,912.2808837890625,535.7460327148438,812.07275390625,542.5598754882812
833.3914794921875,395.30316162109375,836.5687255859375,391.00286865234375,831.3707885742188,391.8841552734375,847.3006591796875,391.18731689453125,830.660400390625,393.7840576171875,863.9559326171875,407.63775634765625,826.9341430664062,416.47332763671875,890.1534423828125,421.4932861328125,819.25634765625,445.0203857421875,907.89794921875,437.57269287109375,814.21826171875,469.81695556640625,869.3017578125,456.185546875,841.4583740234375,459.98089599609375,891.6495361328125,491.98651123046875,825.2501220703125,496.2783508300781,912.9617919921875,536.8721313476562,817.7501220703125,542.4193115234375
833.7742919921875,394.72320556640625,836.9798583984375,390.45648193359375,831.715576171875,391.2984924316406,847.5496826171875,390.87628173828125,830.8460693359375,393.3609924316406,863.8060302734375,407.60760498046875,826.949462890625,416.39208984375,890.14404296875,421.091064453125,819.2887573242188,444.9485778808594,907.64306640625,436.1190185546875,814.6639404296875,469.5311279296875,868.9420166015625,456.8599853515625,841.1732177734375,460.62152099609375,891.4027099609375,492.24267578125,825.0276489257812,496.49981689453125,912.905517578125,536.8800048828125,817.3223876953125,542.4573364257812
842.7176513671875,389.96173095703125,845.4803466796875,385.7220153808594,839.7388916015625,386.6322326660156,853.4549560546875,385.6877746582031,836.3304443359375,388.21258544921875,866.7130126953125,402.7156677246094,832.1297607421875,410.9735107421875,890.976318359375,416.7340393066406,823.7686157226562,438.6986389160156,903.9852905273438,432.97607421875,820.601318359375,462.41802978515625,870.9149780273438,454.4525146484375,844.51708984375,457.99505615234375,893.6414794921875,491.579345703125,828.1746826171875,495.72479248046875,913.5386352539062,534.556884765625,816.5795288085938,539.630615234375
846.373779296875,386.14385986328125,849.0989990234375,381.7235107421875,843.0428466796875,382.7632141113281,856.8308715820312,381.7317810058594,838.835693359375,384.6165771484375,871.0584716796875,399.85528564453125,833.7547607421875,408.25140380859375,894.498779296875,416.882568359375,826.49951171875,437.14166259765625,906.5070190429688,438.8231506347656,822.7679443359375,462.14312744140625,874.229736328125,452.52117919921875,846.1488037109375,456.22332763671875,896.1937866210938,490.10333251953125,829.7382202148438,494.6604309082031,914.5479125976562,533.5595703125,819.4422607421875,539.1355590820312
850.7586669921875,383.3443603515625,853.400390625,379.11883544921875,847.4122924804688,379.998779296875,860.3582763671875,379.53662109375,842.82763671875,381.93096923828125,873.817626953125,398.21942138671875,836.4708251953125,404.96514892578125,895.7272338867188,416.33160400390625,827.933349609375,433.61016845703125,907.63671875,439.0778503417969,826.2015380859375,460.6202087402344,873.9212646484375,447.30157470703125,846.008544921875,450.2247314453125,895.8408203125,486.05859375,831.1869506835938,489.2361145019531,914.35205078125,531.4295654296875,822.8904418945312,534.8385009765625
853.7615966796875,382.59197998046875,856.4063720703125,378.3547668457031,850.0352783203125,379.214111328125,862.9989013671875,378.951171875,844.6278076171875,381.1458740234375,876.3294677734375,398.1181640625,837.6538696289062,403.4949645996094,895.8848876953125,417.3218994140625,827.9776611328125,431.12158203125,906.348876953125,440.35980224609375,825.8203125,458.79656982421875,876.235107421875,445.2734069824219,847.462646484375,447.5420837402344,897.30078125,483.6006774902344,831.7201538085938,485.7137145996094,914.4058837890625,529.419921875,823.4935302734375,531.4562377929688
855.3515625,381.8524475097656,858.2620849609375,377.57720947265625,851.6619873046875,378.42242431640625,865.8370971679688,378.4698486328125,846.6337890625,380.6540222167969,879.5011596679688,398.02166748046875,840.3598022460938,403.2073059082031,898.1504516601562,417.5442810058594,830.447998046875,430.6709289550781,907.1629028320312,440.56982421875,827.2410278320312,458.5403137207031,878.9478149414062,443.57940673828125,849.6715087890625,445.57867431640625,899.627685546875,482.1812438964844,831.929931640625,483.999755859375,915.8314819335938,527.89599609375,821.6776123046875,529.8797607421875
855.347412109375,381.7882080078125,858.2501220703125,377.50421142578125,851.6419677734375,378.3662109375,865.810546875,378.3932189941406,846.5965576171875,380.62408447265625,879.5186767578125,397.98529052734375,840.3392333984375,403.29730224609375,898.205322265625,417.52996826171875,830.534423828125,430.88232421875,907.3399658203125,440.655517578125,827.2752685546875,458.6976013183594,879.103271484375,443.7452087402344,849.7955932617188,445.80712890625,899.739013671875,482.23553466796875,831.8596801757812,484.15032958984375,915.962890625,527.9495239257812,821.575439453125,530.0513305664062
856.672607421875,380.7007141113281,859.8085327148438,376.55255126953125,853.3643188476562,377.1515808105469,867.9699096679688,377.63250732421875,849.003173828125,379.2332763671875,881.0637817382812,397.547119140625,842.9215087890625,401.9235534667969,898.24755859375,418.131591796875,833.452880859375,430.2254333496094,905.5377197265625,440.36932373046875,829.3695068359375,458.981201171875,879.7037353515625,444.1676330566406,850.812255859375,445.69549560546875,901.794189453125,481.6777038574219,832.3087158203125,482.98565673828125,918.596435546875,526.1218872070312,820.295166015625,527.835693359375
858.1939086914062,384.0462341308594,860.8939819335938,379.55694580078125,855.0108642578125,380.525390625,869.0245361328125,380.3759765625,852.2645874023438,383.0220947265625,883.8023681640625,399.96405029296875,846.0836791992188,405.4068603515625,901.6434326171875,419.83880615234375,832.243408203125,433.7687072753906,903.6879272460938,441.2509460449219,826.8648681640625,462.43243408203125,882.5802001953125,447.41046142578125,853.3260498046875,449.965576171875,907.3225708007812,482.955078125,831.6204833984375,485.30767822265625,924.19970703125,524.926513671875,816.0081787109375,527.1138916015625
857.2637939453125,386.8680419921875,860.2470703125,382.87225341796875,854.4462890625,383.55352783203125,868.9447021484375,383.55609130859375,851.1162109375,385.5764465332031,883.3951416015625,402.394287109375,845.9986572265625,408.168701171875,901.3319091796875,420.5939025878906,836.564697265625,436.25872802734375,908.607666015625,441.2463684082031,828.52392578125,465.33050537109375,882.365234375,450.770263671875,853.7939453125,452.5772705078125,904.8875732421875,483.47265625,831.1126098632812,485.0909423828125,921.3470458984375,520.8289184570312,815.6649169921875,522.322021484375
858.622314453125,392.7735900878906,861.9630126953125,388.8419494628906,855.8946533203125,389.1473693847656,870.8321533203125,390.07958984375,852.7386474609375,390.995849609375,883.976806640625,410.34271240234375,847.1732177734375,413.05169677734375,899.97021484375,432.83917236328125,834.2030639648438,440.95526123046875,905.505859375,454.38372802734375,823.020751953125,471.51416015625,882.00634765625,456.8963623046875,853.74365234375,457.30902099609375,905.3319091796875,486.46356201171875,830.5035400390625,486.1947021484375,923.2012939453125,521.840087890625,813.8349609375,521.263671875
857.2772827148438,393.4041748046875,860.659912109375,389.42279052734375,854.5604248046875,389.74127197265625,869.3402709960938,390.8350524902344,851.2490234375,391.80841064453125,882.538818359375,411.71856689453125,844.4218139648438,414.84942626953125,898.5244140625,435.6270446777344,832.430419921875,444.0557861328125,903.2620239257812,458.6407470703125,822.2337646484375,474.28558349609375,879.70703125,459.7537841796875,850.50634765625,460.55126953125,904.707275390625,487.4530029296875,828.9364013671875,488.02587890625,923.69873046875,522.4632568359375,814.3672485351562,523.6463012695312
857.4395751953125,393.09832763671875,860.845703125,389.1131591796875,854.7595825195312,389.40838623046875,869.531005859375,390.68695068359375,851.5145263671875,391.60711669921875,882.7216186523438,411.9654235839844,844.4207153320312,414.8769836425781,898.6951904296875,436.317138671875,832.394775390625,444.1546325683594,904.1691284179688,459.71356201171875,821.819580078125,474.31134033203125,879.42578125,460.03466796875,850.0343017578125,460.7287902832031,904.7297973632812,487.8838806152344,828.2247314453125,488.3421630859375,924.0604248046875,522.7512817382812,813.682373046875,523.7901611328125
856.225830078125,388.94464111328125,859.4064331054688,385.2922668457031,853.248291015625,385.51312255859375,866.672607421875,386.9550476074219,848.9986572265625,387.6570739746094,877.4498291015625,406.4478759765625,843.060546875,410.028564453125,896.7427368164062,423.40985107421875,830.1556396484375,436.33428955078125,902.4114990234375,434.9814147949219,822.5101318359375,460.35675048828125,874.6708984375,456.43890380859375,847.7659912109375,457.2308349609375,898.6986694335938,485.4908752441406,825.76123046875,485.79327392578125,920.662109375,521.7679443359375,809.9078979492188,521.7047119140625
854.6141357421875,388.46685791015625,857.2862548828125,384.6997375488281,851.0567626953125,385.1382751464844,862.5049438476562,385.8267822265625,844.9169921875,387.0108947753906,873.48779296875,404.382568359375,836.52783203125,409.258544921875,893.4857177734375,419.13067626953125,823.8992919921875,437.6705017089844,898.6209716796875,427.8502197265625,817.7281494140625,465.65643310546875,870.2061767578125,455.8287048339844,841.3211669921875,457.1260986328125,894.926025390625,484.8408508300781,819.1531982421875,485.18115234375,918.1990356445312,522.7906494140625,806.1238403320312,522.037353515625
847.8564453125,383.67608642578125,850.7442626953125,379.95166015625,844.57666015625,380.20172119140625,856.3314208984375,381.55865478515625,839.2100830078125,382.3239440917969,866.061279296875,400.18975830078125,831.8131713867188,405.4765319824219,887.4552612304688,414.7160339355469,820.71240234375,435.1487731933594,893.7406005859375,423.68853759765625,812.8228759765625,463.42822265625,863.7548828125,452.39532470703125,836.7264404296875,453.8313903808594,887.2703247070312,484.5857849121094,815.95166015625,485.70654296875,907.3936157226562,522.9986572265625,799.4820556640625,523.9571533203125
838.86083984375,383.3877868652344,842.0172119140625,379.7278747558594,836.22900390625,379.86383056640625,850.4342041015625,380.8340148925781,832.6724853515625,381.35882568359375,862.7156982421875,398.10711669921875,826.3225708007812,403.1593322753906,885.80859375,411.4556884765625,815.154052734375,429.24151611328125,897.6223754882812,422.9576110839844,805.0855712890625,452.99713134765625,860.6149291992188,447.9005126953125,832.9700927734375,449.5996398925781,878.8077392578125,481.0505676269531,807.294921875,483.27520751953125,890.7200317382812,518.9327392578125,784.5822143554688,522.7210083007812
832.1654663085938,385.0959777832031,835.0606689453125,381.17987060546875,829.1098022460938,381.5950012207031,843.5108642578125,382.39154052734375,825.5095825195312,383.266845703125,856.7470703125,400.48748779296875,820.4119262695312,404.2389221191406,881.388427734375,413.631591796875,807.804931640625,428.11834716796875,902.424560546875,426.5960998535156,797.0667724609375,451.0660400390625,855.00146484375,451.2091369628906,828.583984375,451.8709716796875,867.5385131835938,484.59039306640625,804.685791015625,484.963134765625,869.852783203125,524.7384033203125,778.4256591796875,524.884521484375
832.0797119140625,385.00921630859375,834.9651489257812,381.0942077636719,829.02734375,381.5157470703125,843.4154663085938,382.31683349609375,825.45849609375,383.21136474609375,856.6378173828125,400.40020751953125,820.5013427734375,404.200439453125,881.3792724609375,413.5438232421875,807.8204345703125,428.0873107910156,901.9852294921875,426.3857421875,797.1478271484375,450.86444091796875,855.0087890625,451.1300354003906,828.7303466796875,451.8082580566406,867.4297485351562,484.6559143066406,804.8758544921875,485.06341552734375,869.7540283203125,524.71435546875,778.5361328125,524.8888549804688
825.83056640625,388.95428466796875,828.4443359375,384.5313720703125,822.7269287109375,385.5024719238281,836.826171875,384.68115234375,821.1270751953125,387.27825927734375,854.17333984375,400.88092041015625,815.7275390625,408.1607666015625,884.9674072265625,407.84735107421875,805.2901611328125,430.3521423339844,901.240966796875,416.07763671875,797.3006591796875,448.8338928222656,852.7843017578125,448.73175048828125,824.8087158203125,451.56707763671875,865.2982177734375,482.065673828125,802.702880859375,485.06976318359375,871.2403564453125,521.955078125,786.193359375,525.53857421875
818.9617919921875,389.7886962890625,821.4884033203125,385.5113525390625,815.6259765625,386.5778503417969,829.0999145507812,386.018798828125,813.3369140625,388.8017578125,843.9951782226562,402.2052001953125,809.9825439453125,410.77001953125,876.6082763671875,411.1820068359375,798.019287109375,433.4610595703125,897.2817993164062,423.5151672363281,785.2935791015625,451.83660888671875,844.25830078125,456.52569580078125,819.66357421875,460.36761474609375,855.1602783203125,487.277099609375,798.2698974609375,492.053955078125,866.041259765625,527.062744140625,781.914306640625,532.6541137695312
811.8828735351562,393.87005615234375,814.4262084960938,389.73052978515625,809.3812255859375,390.4608154296875,822.656494140625,390.42608642578125,807.6095581054688,392.3209228515625,837.4319458007812,407.14532470703125,802.0585327148438,414.2857666015625,869.2191162109375,417.11566162109375,789.677978515625,437.56695556640625,900.7340087890625,433.36102294921875,774.1367797851562,457.79150390625,837.94970703125,459.805419921875,812.2472534179688,463.344482421875,856.1105346679688,492.2520751953125,793.95166015625,496.74560546875,868.5045166015625,528.259033203125,776.1897583007812,534.1743774414062
805.716796875,398.8039855957031,809.23583984375,394.61187744140625,803.1107177734375,394.8468017578125,817.9268188476562,394.79302978515625,800.8262329101562,395.3660888671875,825.4989624023438,411.8587646484375,799.392333984375,415.16717529296875,836.1883544921875,431.06842041015625,785.392333984375,440.2489929199219,834.9818115234375,448.0159912109375,770.4303588867188,466.617919921875,829.084716796875,462.0638122558594,809.056884765625,462.95965576171875,842.3189697265625,494.17535400390625,791.038330078125,495.526611328125,856.4508056640625,530.95947265625,775.0638427734375,534.0217895507812
797.9237060546875,401.39044189453125,801.160888671875,397.10565185546875,795.619140625,397.7242126464844,810.756103515625,396.15826416015625,794.02587890625,397.90789794921875,821.1339111328125,410.8162536621094,793.40478515625,417.03961181640625,841.4031982421875,425.09075927734375,781.877197265625,443.09442138671875,848.4699096679688,436.90692138671875,771.8095703125,468.42596435546875,822.2403564453125,461.1925964355469,801.9295654296875,463.33428955078125,835.8394775390625,492.6844482421875,788.8641357421875,494.88348388671875,853.2930908203125,530.295166015625,780.3311767578125,533.507568359375
797.49365234375,401.40142822265625,800.7545166015625,397.1252746582031,795.1862182617188,397.74627685546875,810.522705078125,396.3077392578125,793.726806640625,398.0545349121094,821.0924072265625,411.26361083984375,793.477294921875,417.445556640625,840.788818359375,425.96209716796875,781.799560546875,443.5403137207031,845.955078125,438.2076416015625,771.4183349609375,468.92352294921875,822.8577880859375,461.5614013671875,802.4309692382812,463.6427001953125,836.6378173828125,492.9732666015625,788.170654296875,495.1630554199219,854.5186157226562,530.549072265625,778.9202880859375,533.7880859375
795.5994873046875,404.16815185546875,798.8157348632812,399.99798583984375,792.9596557617188,400.7743835449219,807.5304565429688,399.10504150390625,790.4998779296875,401.357666015625,817.191650390625,413.1724548339844,788.1839599609375,421.92791748046875,838.931640625,423.69732666015625,778.328857421875,450.28985595703125,855.00146484375,429.4135437011719,767.404296875,475.3309326171875,819.4395751953125,462.7235412597656,796.8751831054688,466.12109375,842.0152587890625,493.734619140625,780.0162353515625,497.1484680175781,864.5584716796875,531.9910888671875,767.3306884765625,536.4931640625
789.2408447265625,404.865234375,792.2109375,400.5401611328125,787.1639404296875,401.09600830078125,799.9290161132812,400.2671813964844,787.9276123046875,401.78216552734375,809.5177001953125,415.71728515625,788.7218017578125,421.38421630859375,820.763671875,435.55950927734375,775.5799560546875,449.52081298828125,817.3375244140625,451.7086486816406,763.6010131835938,484.053955078125,815.1619873046875,463.01715087890625,807.84521484375,466.3810729980469,795.1484985351562,494.706787109375,826.6986694335938,497.8644104003906,790.7703857421875,532.5057373046875,855.7139282226562,535.9066772460938
786.4410400390625,411.8077697753906,789.46142578125,407.36810302734375,783.784912109375,408.1785888671875,798.126953125,407.05328369140625,782.4864501953125,409.0756530761719,808.9254150390625,423.289794921875,781.9732666015625,428.6721496582031,825.85546875,444.672119140625,772.606689453125,457.0108642578125,826.3566284179688,466.01226806640625,764.5557861328125,485.49725341796875,814.3348388671875,465.3179931640625,793.32373046875,467.63525390625,836.511474609375,493.4151611328125,782.93505859375,495.82354736328125,861.3656616210938,530.3881225585938,779.4391479492188,533.8369140625
786.487060546875,416.18768310546875,788.8428955078125,411.9866943359375,783.4312133789062,413.065185546875,795.52783203125,411.95172119140625,781.0682373046875,414.56829833984375,806.3704833984375,425.4324645996094,780.6344604492188,433.6534423828125,829.7882080078125,435.6720886230469,773.5072021484375,459.9295654296875,839.745849609375,444.26470947265625,769.7049560546875,487.6370544433594,813.7044067382812,467.27935791015625,793.5242919921875,470.8034362792969,834.935546875,493.9175720214844,782.487548828125,496.6123046875,861.1638793945312,531.04833984375,778.4675903320312,533.1392822265625
780.4483642578125,419.7845458984375,782.9564208984375,415.67413330078125,778.3119506835938,416.684326171875,791.831298828125,415.4859924316406,778.4913940429688,418.00341796875,805.8983154296875,427.28790283203125,779.4226684570312,436.1578369140625,829.84375,435.5268859863281,774.7625732421875,461.937255859375,835.00732421875,441.4268798828125,773.0577392578125,487.5224304199219,816.2230224609375,467.59930419921875,794.3868408203125,471.09478759765625,837.6129150390625,492.70947265625,776.4497680664062,495.60491943359375,866.5112915039062,531.2763671875,769.768798828125,533.6508178710938
780.5087890625,419.811279296875,783.0133056640625,415.6923522949219,778.3450927734375,416.7208557128906,791.88037109375,415.4635009765625,778.4822998046875,418.0326232910156,805.9784545898438,427.23199462890625,779.4091796875,436.1903076171875,830.084716796875,435.3582763671875,774.7789306640625,461.93988037109375,835.8411254882812,441.2630615234375,772.969970703125,487.4035949707031,816.3096313476562,467.57080078125,794.4051513671875,471.1095886230469,837.8084106445312,492.5413513183594,776.3274536132812,495.4830322265625,866.75,531.1875610351562,769.5372314453125,533.6056518554688
778.316162109375,421.4189758300781,780.5674438476562,417.51025390625,776.204345703125,418.16326904296875,787.9700317382812,417.62615966796875,776.392578125,418.9961242675781,801.5247802734375,430.937744140625,777.23388671875,435.367919921875,810.5155029296875,448.024169921875,775.7442626953125,459.45013427734375,793.0576171875,461.9371337890625,775.6444091796875,477.5561828613281,815.494384765625,467.32293701171875,793.5142822265625,468.88580322265625,839.4186401367188,492.375244140625,774.6505126953125,494.02093505859375,868.5753173828125,532.353759765625,767.88037109375,533.52001953125
779.9058837890625,424.1143798828125,782.2139282226562,420.12384033203125,777.1405029296875,420.9942626953125,789.146728515625,420.41204833984375,775.599365234375,422.4906005859375,803.304443359375,434.04632568359375,775.1834716796875,440.31317138671875,815.0220947265625,452.10089111328125,778.3569946289062,466.3150634765625,795.9200439453125,465.00518798828125,782.3977661132812,480.1754150390625,815.1851806640625,469.3133239746094,790.5428466796875,471.85906982421875,841.196044921875,493.37127685546875,773.6193237304688,496.642822265625,869.1505126953125,532.2747192382812,768.1085205078125,536.261962890625
783.8712158203125,421.7852783203125,786.0384521484375,417.834716796875,780.7739868164062,418.564208984375,791.38134765625,418.3340148925781,777.7315063476562,419.990478515625,803.3003540039062,432.49310302734375,776.4541625976562,437.9241943359375,812.4039306640625,451.3292541503906,777.4564208984375,463.68603515625,789.9933471679688,465.426513671875,779.730224609375,478.04931640625,814.679931640625,468.62115478515625,790.8455810546875,470.8794250488281,841.1600341796875,494.97344970703125,775.482666015625,498.03607177734375,868.5892333984375,534.447509765625,768.7261962890625,538.125
786.7311401367188,416.60150146484375,789.1199951171875,412.71881103515625,784.4039306640625,412.8946838378906,793.8414916992188,412.4383544921875,783.4351806640625,413.06597900390625,803.3978271484375,426.00439453125,783.7498779296875,428.6456298828125,807.8009033203125,446.44573974609375,785.9329833984375,451.65863037109375,784.553955078125,466.7965393066406,783.2864990234375,463.5931396484375,816.8527221679688,466.1715087890625,797.8875732421875,466.8959655761719,837.8204956054688,495.741455078125,779.028564453125,497.9973449707031,867.80078125,536.8538208007812,773.617919921875,539.255615234375
787.1436767578125,411.8001708984375,789.7513427734375,407.91656494140625,785.348388671875,408.3743591308594,798.3400268554688,407.553466796875,785.444091796875,409.0986328125,808.8175048828125,421.596923828125,787.763427734375,426.318603515625,810.204345703125,444.2256774902344,786.595458984375,449.7412109375,786.7921142578125,460.3441162109375,784.713623046875,463.489501953125,819.79150390625,463.66265869140625,800.32421875,466.6148986816406,840.8706665039062,496.9093322753906,778.9913330078125,501.147216796875,868.800537109375,536.951171875,771.2882080078125,542.638427734375
787.786865234375,411.63330078125,790.25537109375,407.771240234375,785.8331298828125,408.2956237792969,798.4495239257812,407.4024353027344,785.6485595703125,409.0901184082031,809.4381103515625,421.59405517578125,787.4256591796875,426.1401672363281,810.8115234375,444.3576965332031,786.5880126953125,449.36651611328125,787.5195922851562,458.5439453125,785.7149047851562,461.72064208984375,820.351806640625,464.094970703125,799.9718627929688,467.0481262207031,843.9281005859375,497.7113037109375,778.7562255859375,501.6728515625,873.213623046875,538.183837890625,771.2623901367188,543.278076171875
793.6693725585938,402.94464111328125,796.4672241210938,398.82666015625,790.7684326171875,399.78814697265625,803.7979736328125,397.8948669433594,787.5185546875,400.38238525390625,813.5628662109375,410.9263916015625,784.9610595703125,419.34130859375,838.879150390625,425.3850402832031,782.123046875,445.82958984375,855.6377563476562,433.61968994140625,794.149169921875,452.9005126953125,819.4271850585938,457.1443176269531,796.6653442382812,461.22650146484375,842.935791015625,492.78350830078125,782.9317016601562,498.1556396484375,865.2877807617188,533.1568603515625,771.0152587890625,540.9483642578125
798.3980712890625,395.7023620605469,800.89892578125,391.45526123046875,796.0994873046875,392.7133483886719,808.6820068359375,390.6942138671875,793.7184448242188,394.1162109375,821.2471923828125,404.06964111328125,787.866943359375,414.57684326171875,848.341796875,419.7637023925781,784.3163452148438,442.50335693359375,865.135986328125,430.1026611328125,799.3466796875,443.0776062011719,823.5802001953125,451.3578186035156,797.597900390625,456.5582275390625,848.0780639648438,489.78570556640625,784.2720947265625,497.4234924316406,866.875244140625,532.8829345703125,771.9093017578125,543.8665771484375
811.8462524414062,392.08074951171875,813.7484130859375,387.61248779296875,807.8673706054688,389.2705993652344,818.3350830078125,386.930419921875,801.436279296875,390.927734375,829.7947998046875,401.6161193847656,792.01953125,412.36199951171875,855.8056640625,418.4921875,786.3455200195312,440.0159912109375,874.32373046875,430.29833984375,804.916015625,436.8666687011719,830.8319091796875,447.8482666015625,802.2674560546875,453.6048889160156,854.5753784179688,487.2979736328125,788.0440673828125,495.8240661621094,868.5053100585938,530.6456298828125,774.451904296875,542.87890625
814.5653686523438,388.1329650878906,816.4688720703125,383.81024169921875,810.6033935546875,385.009033203125,820.7847900390625,383.67279052734375,803.7211303710938,386.4361267089844,831.4273681640625,398.9129638671875,794.9555053710938,407.6466979980469,855.7740478515625,414.8268127441406,789.302001953125,435.677734375,869.07958984375,430.4456787109375,802.75927734375,448.5030212402344,834.4385986328125,444.0531921386719,806.38232421875,448.80255126953125,859.6075439453125,482.99505615234375,791.7650756835938,489.5530700683594,875.953857421875,528.5565185546875,778.096923828125,538.3739013671875
821.5281372070312,385.7350158691406,823.7333984375,381.6742858886719,817.4500732421875,382.46527099609375,828.402587890625,382.5008239746094,810.1459350585938,384.1231384277344,839.2820434570312,399.3580627441406,800.9254760742188,405.45281982421875,860.7015380859375,416.644775390625,793.993408203125,434.15338134765625,870.1473388671875,428.1290588378906,806.1556396484375,451.17620849609375,841.9132080078125,444.1848449707031,812.7626953125,447.78778076171875,866.82568359375,483.1092224121094,798.1701049804688,487.3651428222656,887.6605224609375,527.4725952148438,791.01416015625,533.9779052734375
821.4766845703125,385.717041015625,823.7060546875,381.6435546875,817.411376953125,382.4443359375,828.4769897460938,382.4325256347656,810.170654296875,384.0894470214844,839.4384765625,399.2918701171875,800.941650390625,405.439453125,860.8668823242188,416.63873291015625,793.9725952148438,434.1683349609375,870.5966796875,428.4570007324219,806.0650634765625,451.2108154296875,841.91796875,444.1641540527344,812.6876220703125,447.793212890625,866.854248046875,483.03753662109375,798.102783203125,487.34259033203125,887.697998046875,527.433349609375,791.0423583984375,534.004638671875
827.1888427734375,386.4385986328125,829.8045043945312,382.4903869628906,823.5352783203125,383.03961181640625,835.7171630859375,383.1578369140625,817.0621948242188,384.427978515625,847.19970703125,400.2244873046875,807.0518798828125,405.7088928222656,866.4614868164062,418.73931884765625,799.6925048828125,435.4335021972656,875.6932983398438,431.81689453125,808.14306640625,456.60870361328125,847.1174926757812,443.37274169921875,816.8594970703125,446.83868408203125,874.900634765625,483.89508056640625,804.75537109375,487.669189453125,897.933837890625,528.3909912109375,801.4583129882812,534.1862182617188
833.16845703125,385.3638610839844,835.9927978515625,381.3866271972656,829.8673095703125,381.95697021484375,841.4134521484375,382.5877990722656,824.713134765625,383.9429931640625,851.3572998046875,401.9222412109375,815.7784423828125,407.6131896972656,872.5428466796875,420.70477294921875,804.49658203125,439.8890075683594,883.2904052734375,436.23382568359375,811.2430419921875,468.2267761230469,850.8231811523438,452.46954345703125,822.592529296875,455.1107177734375,880.9758911132812,488.81011962890625,809.3607788085938,491.2046813964844,910.64453125,529.6658935546875,804.8197631835938,532.1373291015625
843.194580078125,385.3089294433594,845.7826538085938,381.38201904296875,839.7154541015625,381.75537109375,849.614013671875,382.77691650390625,833.223876953125,383.4919738769531,856.3094482421875,402.1817626953125,823.5225830078125,406.78460693359375,876.2747802734375,421.1038818359375,810.7380981445312,438.73065185546875,886.287353515625,434.39776611328125,816.630615234375,467.0313720703125,854.1485595703125,453.8309326171875,827.8597412109375,456.0138244628906,885.1611328125,488.6267395019531,815.9935302734375,490.49188232421875,911.5772705078125,531.513671875,806.2572021484375,533.6676025390625
848.216552734375,383.8933410644531,850.9388427734375,380.0662536621094,844.9169311523438,380.36865234375,856.2291870117188,381.35504150390625,839.0511474609375,381.93804931640625,865.3682861328125,399.689697265625,830.1018676757812,404.589111328125,882.3945922851562,416.44580078125,821.1925048828125,435.53021240234375,885.239990234375,428.0579833984375,826.00341796875,463.5203857421875,864.6268310546875,449.55029296875,836.9437866210938,451.5263671875,890.4523315429688,486.3143005371094,822.5908813476562,488.18975830078125,909.671875,528.341552734375,810.9241943359375,530.9874267578125
858.271240234375,385.9044189453125,860.6337890625,381.5941162109375,854.1544189453125,382.5433044433594,865.1878051757812,381.98565673828125,846.9605712890625,384.0916442871094,875.4772338867188,400.52545166015625,836.6800537109375,406.7086181640625,891.8802490234375,421.3290710449219,827.6822509765625,437.21331787109375,901.1782836914062,444.3185119628906,833.3585815429688,461.7764892578125,873.25537109375,448.6963806152344,843.5250244140625,451.61334228515625,897.6683349609375,483.84326171875,825.9124755859375,487.64727783203125,912.6983642578125,527.1578369140625,812.1831665039062,532.7290649414062
857.122314453125,385.2261657714844,859.78955078125,380.96051025390625,853.1764526367188,381.7783203125,865.2728271484375,381.5098876953125,846.5747680664062,383.3663635253906,875.91845703125,400.678955078125,836.8717041015625,406.4625549316406,891.9472045898438,421.87640380859375,828.244384765625,437.0878601074219,901.399658203125,444.94403076171875,832.4185791015625,462.0834045410156,873.5521240234375,450.4723205566406,843.6656494140625,453.10137939453125,897.916015625,485.0477294921875,825.4468994140625,488.4822692871094,912.890869140625,527.734375,811.5341796875,532.7283935546875
865.9531860351562,382.82952880859375,868.377197265625,378.6392822265625,861.9609375,379.3231201171875,872.6015625,379.609619140625,854.6170654296875,381.094482421875,882.2806396484375,398.93768310546875,843.7315063476562,403.5449523925781,897.344970703125,421.34381103515625,832.4042358398438,434.3647155761719,904.6630859375,445.186767578125,832.649658203125,463.63153076171875,878.5865478515625,444.99920654296875,849.2987060546875,446.97259521484375,900.4843139648438,480.4530029296875,830.7896728515625,482.8092041015625,914.2099609375,525.49560546875,815.7951049804688,529.2327880859375
869.6434326171875,383.95196533203125,871.9755249023438,379.4569091796875,866.0315551757812,380.0658874511719,875.7540283203125,379.2645263671875,860.61376953125,380.7792663574219,886.4364013671875,396.797607421875,850.6594848632812,399.35552978515625,903.391357421875,419.9444274902344,838.6074829101562,425.591552734375,911.1873779296875,444.55767822265625,838.6770629882812,448.46466064453125,884.2549438476562,443.1398620605469,859.2467651367188,444.5867614746094,904.4874267578125,476.5203552246094,842.8092041015625,477.55438232421875,910.4913940429688,519.5188598632812,829.9483642578125,521.066162109375
873.3704833984375,383.0526123046875,876.1295166015625,378.7222595214844,870.0620727539062,378.908935546875,880.4639282226562,378.3616943359375,864.543212890625,378.71337890625,890.408447265625,394.4755554199219,853.0982666015625,395.63250732421875,906.2188110351562,418.052978515625,841.0413208007812,421.3704528808594,911.536865234375,442.676513671875,843.7267456054688,445.0343017578125,886.0014038085938,438.4726867675781,860.1591796875,439.3818359375,905.0187377929688,474.65338134765625,848.024658203125,475.29608154296875,912.4764404296875,517.239990234375,840.5599365234375,518.1063232421875
877.6188354492188,380.52642822265625,880.807373046875,376.5619812011719,873.9852294921875,376.61407470703125,885.5297241210938,377.3076171875,868.0159912109375,377.2971496582031,894.7761840820312,393.4227294921875,857.024658203125,394.1038513183594,910.0865478515625,415.2897033691406,845.8370361328125,417.47869873046875,914.3519897460938,434.93719482421875,849.5740356445312,436.295166015625,889.9259033203125,437.4346618652344,864.3660278320312,438.13330078125,904.7737426757812,470.8655090332031,856.7552490234375,471.28314208984375,909.075439453125,512.08251953125,851.42529296875,512.6453247070312
879.2222900390625,377.34466552734375,882.487548828125,373.6465759277344,875.5302734375,373.68157958984375,888.469970703125,374.2922058105469,869.306884765625,374.3476867675781,897.3031005859375,391.84808349609375,860.390869140625,393.48712158203125,913.2835693359375,411.54046630859375,850.65576171875,419.46112060546875,919.1782836914062,430.0172424316406,850.2012939453125,451.78631591796875,892.186279296875,435.92120361328125,867.3438720703125,436.9127197265625,908.3555908203125,471.30157470703125,865.3863525390625,471.23016357421875,913.6051025390625,514.0626220703125,863.3842163085938,513.3970947265625
879.2514038085938,377.32464599609375,882.517578125,373.63018798828125,875.5523681640625,373.66497802734375,888.4937744140625,374.29156494140625,869.3170166015625,374.344970703125,897.30810546875,391.84332275390625,860.4207763671875,393.48040771484375,913.3111572265625,411.45556640625,850.6803588867188,419.3919982910156,919.161865234375,429.79315185546875,850.2540283203125,451.64703369140625,892.182861328125,435.9288024902344,867.3350830078125,436.91473388671875,908.3873291015625,471.4005432128906,865.301025390625,471.3143005371094,913.669189453125,514.1468505859375,863.1693115234375,513.44677734375
880.7467041015625,375.8566589355469,883.9754638671875,372.1353759765625,877.5602416992188,372.1922607421875,890.5391235351562,372.4483337402344,872.4993896484375,372.59637451171875,899.5445556640625,389.335205078125,863.5845336914062,391.0716552734375,913.718994140625,410.1470031738281,853.1387329101562,417.5171813964844,919.2818603515625,430.81060791015625,852.92236328125,449.8270568847656,894.111083984375,433.10491943359375,870.0320434570312,434.2436828613281,910.7726440429688,470.12164306640625,870.1134033203125,470.5577087402344,915.1049194335938,512.5980224609375,867.8394775390625,513.091796875
884.0802001953125,373.7261962890625,886.9385986328125,369.47137451171875,880.695556640625,369.8429260253906,890.8884887695312,369.7308349609375,875.7804565429688,370.51922607421875,900.31884765625,386.4324645996094,866.885498046875,388.0122985839844,913.8876342773438,408.15948486328125,854.7657470703125,411.0881652832031,920.67431640625,429.62042236328125,855.38525390625,431.96759033203125,899.4532470703125,429.2593994140625,877.089599609375,430.43292236328125,915.499267578125,464.281005859375,871.8131103515625,465.2491455078125,921.989990234375,508.42486572265625,868.1325073242188,509.2621765136719
888.8391723632812,371.58233642578125,891.959716796875,368.05096435546875,885.4144287109375,368.0759582519531,897.5009765625,369.33441162109375,879.5366821289062,369.4437561035156,907.0906982421875,386.7182922363281,868.986083984375,388.30657958984375,919.583740234375,409.3157958984375,858.5079345703125,414.5372314453125,922.535888671875,427.46954345703125,857.369140625,439.07049560546875,903.1591186523438,428.63336181640625,876.6776123046875,429.8826599121094,919.5272827148438,460.09173583984375,868.99609375,461.3143615722656,928.894775390625,506.3955078125,867.3885498046875,508.63824462890625
891.913330078125,375.03887939453125,894.5614013671875,371.2044982910156,888.1807250976562,371.5289611816406,898.7506103515625,372.44647216796875,881.7994995117188,372.98663330078125,909.6036987304688,390.57037353515625,870.1806640625,393.2691650390625,923.8009643554688,411.82440185546875,859.3538818359375,420.9017028808594,931.1380004882812,431.22711181640625,857.255615234375,449.4486083984375,906.114013671875,431.107666015625,876.9456787109375,432.5063781738281,929.4699096679688,458.8660583496094,866.7508544921875,459.88592529296875,942.153076171875,506.2015686035156,860.0341186523438,507.3262939453125
894.687255859375,376.12896728515625,897.3634643554688,372.29296875,890.4462890625,372.862060546875,902.104248046875,373.77130126953125,883.4627685546875,375.095703125,911.7703857421875,391.9093017578125,874.781982421875,395.5772705078125,927.515380859375,415.0188903808594,864.564697265625,423.89691162109375,931.3907470703125,434.92828369140625,864.7824096679688,452.0576477050781,910.8543090820312,432.2646789550781,883.331298828125,434.786865234375,935.9196166992188,458.5102844238281,868.38134765625,460.849365234375,953.58056640625,504.51611328125,861.0701293945312,507.8189392089844
894.0859375,376.81756591796875,896.7489624023438,373.10223388671875,890.2139282226562,373.3039855957031,901.53564453125,374.5325927734375,883.069580078125,374.9323425292969,911.0457763671875,392.1235656738281,873.450927734375,395.25823974609375,928.9052124023438,412.1778564453125,863.2457275390625,422.8695373535156,933.5593872070312,430.9407958984375,863.18798828125,451.5960693359375,910.474853515625,429.630615234375,882.322021484375,431.76910400390625,933.3734130859375,460.45745849609375,866.3494262695312,462.5648193359375,951.2974853515625,504.6749267578125,858.3331298828125,508.4617919921875
895.24560546875,379.53314208984375,898.2808837890625,375.7301330566406,891.618896484375,375.89691162109375,904.1914672851562,377.19927978515625,885.650634765625,377.7344970703125,915.8344116210938,394.7458190917969,876.18017578125,396.86541748046875,933.15087890625,414.9205322265625,863.5263061523438,423.3979797363281,940.050537109375,436.2337646484375,860.937744140625,453.04644775390625,914.2380981445312,431.0865783691406,883.240966796875,432.60748291015625,941.4697265625,463.7427062988281,862.7286376953125,464.58489990234375,965.0086669921875,503.65911865234375,851.3543701171875,504.09710693359375
897.9365234375,385.9732360839844,900.8631591796875,382.12518310546875,894.2235107421875,382.34002685546875,905.9496459960938,382.4249267578125,887.5968017578125,382.8838806152344,914.0184326171875,397.4161376953125,880.546875,401.51556396484375,934.8343505859375,411.41107177734375,866.415771484375,427.9402770996094,942.6998291015625,428.29736328125,861.9881591796875,460.41314697265625,912.745361328125,434.5888671875,885.1364135742188,435.9201965332031,943.3639526367188,463.708984375,862.313720703125,464.42279052734375,968.249267578125,499.27606201171875,842.136962890625,499.27105712890625
904.7999267578125,389.07464599609375,906.4654541015625,385.0938720703125,899.9246826171875,386.0221252441406,907.5463256835938,385.1505126953125,890.8778686523438,387.4927978515625,916.3709716796875,399.6982421875,879.99951171875,405.54071044921875,934.0988159179688,417.37896728515625,868.559326171875,430.5729675292969,940.42822265625,431.03790283203125,873.2974853515625,455.21429443359375,914.9036865234375,437.0105895996094,883.707763671875,441.6570739746094,953.4312744140625,463.36395263671875,860.3977661132812,467.57159423828125,976.986328125,497.84796142578125,836.6738891601562,501.82452392578125
903.8096923828125,394.66162109375,906.0324096679688,390.9440002441406,899.9818115234375,391.33837890625,910.2869873046875,392.43310546875,893.3545532226562,393.3117370605469,920.4906005859375,410.23291015625,885.5362548828125,413.13262939453125,942.3104248046875,431.9799499511719,869.825927734375,440.53399658203125,949.4456176757812,456.265625,865.5933837890625,471.64300537109375,922.5367431640625,444.670166015625,892.8076171875,446.6798095703125,957.7291259765625,472.8611755371094,861.0797119140625,474.4721374511719,984.832275390625,504.09210205078125,834.5582275390625,505.2485046386719
904.0578002929688,398.68658447265625,906.355712890625,394.96685791015625,900.0865478515625,395.4277038574219,911.3574829101562,396.96954345703125,893.7951049804688,397.8758239746094,923.1959838867188,415.9796447753906,886.86474609375,417.02569580078125,944.6727905273438,439.57952880859375,869.07421875,441.7174987792969,952.3438720703125,465.5811767578125,864.754150390625,471.8612365722656,926.309326171875,448.1007385253906,895.6536254882812,449.13067626953125,959.7269897460938,475.37786865234375,861.2713623046875,475.25006103515625,985.9568481445312,507.62164306640625,834.8773193359375,505.7940673828125
904.2353515625,398.90777587890625,906.5223999023438,395.17950439453125,900.2019653320312,395.6432189941406,911.3973999023438,397.14788818359375,893.726318359375,398.0521545410156,923.161865234375,416.1741027832031,886.6204833984375,417.17193603515625,944.5380249023438,439.8416748046875,868.7769775390625,441.8623352050781,952.2474365234375,465.89056396484375,864.5630493164062,472.07366943359375,926.186767578125,448.35626220703125,895.4117431640625,449.3806457519531,959.699462890625,475.4491882324219,861.1474609375,475.291259765625,985.9451293945312,507.7269287109375,835.0205078125,505.8433837890625
902.9234619140625,408.0069580078125,905.361328125,404.37640380859375,898.940185546875,404.74920654296875,910.5199584960938,405.166015625,892.6309204101562,405.9498596191406,921.8944702148438,421.8536682128906,886.5613403320312,423.0152893066406,943.5748901367188,443.55914306640625,867.5028076171875,446.4212646484375,952.7598266601562,466.474609375,858.3517456054688,474.5909729003906,925.32763671875,451.949462890625,895.6820068359375,452.9447021484375,957.5223999023438,476.3694763183594,860.0750732421875,476.13409423828125,986.4200439453125,507.2102966308594,836.0228271484375,505.0199890136719
903.2015991210938,408.7125244140625,905.8497314453125,404.7409973144531,899.1285400390625,405.0705871582031,911.4693603515625,405.4098815917969,892.691650390625,406.1246337890625,922.6937255859375,423.5340270996094,887.9312744140625,424.451171875,942.564697265625,446.7856750488281,872.329345703125,447.45660400390625,950.7330322265625,468.2882080078125,862.5130004882812,472.7676086425781,928.2391357421875,458.035888671875,898.7283325195312,458.8742980957031,960.1365966796875,477.6099853515625,860.7244873046875,477.2044677734375,988.734375,508.3966369628906,836.1015625,506.0314636230469
905.0139770507812,407.5128479003906,907.6734008789062,403.601318359375,901.2738037109375,403.89813232421875,914.1461791992188,404.5608215332031,896.1761474609375,405.2115478515625,926.5550537109375,423.4300537109375,892.28125,423.17327880859375,944.6339721679688,447.10723876953125,875.1198120117188,445.33612060546875,951.6476440429688,469.1289367675781,861.5509033203125,473.82867431640625,931.2160034179688,458.1988220214844,902.2329711914062,458.17034912109375,961.8480834960938,479.26593017578125,864.3843994140625,477.2637634277344,988.0872802734375,510.0436706542969,839.3084716796875,504.8968505859375
905.35986328125,404.1592712402344,908.7664794921875,400.3686218261719,902.8976440429688,400.3649597167969,919.0702514648438,401.49786376953125,901.1683349609375,401.4132385253906,934.3057861328125,420.4150390625,900.7366333007812,417.863525390625,951.8670654296875,445.19091796875,885.7395629882812,435.70001220703125,954.3966064453125,469.35369873046875,874.9237060546875,454.46795654296875,939.196044921875,456.25927734375,911.1611328125,453.76593017578125,961.3033447265625,480.4415283203125,870.5753173828125,476.58660888671875,980.9470825195312,510.4743347167969,841.0042724609375,503.7688293457031
911.02978515625,402.3963623046875,913.5087890625,398.5155944824219,909.1995849609375,399.001953125,921.7351684570312,398.82843017578125,910.6675415039062,399.8652648925781,941.7540893554688,415.26593017578125,906.9164428710938,414.3079833984375,957.6483154296875,436.1484375,897.7666625976562,431.3136291503906,957.13720703125,457.6461181640625,884.6815795898438,447.38031005859375,943.1555786132812,454.44830322265625,912.8974609375,451.8212890625,961.17919921875,480.7250061035156,870.8995361328125,477.61529541015625,984.789306640625,510.44268798828125,846.7955932617188,504.62335205078125
910.5250244140625,402.24346923828125,913.1832275390625,398.41180419921875,908.7799072265625,398.84405517578125,921.8234252929688,399.0299072265625,910.5611572265625,399.9712829589844,941.95458984375,415.9031066894531,906.7340087890625,414.98052978515625,957.59521484375,437.2027587890625,898.0406494140625,432.291259765625,956.3201293945312,458.7058410644531,885.31103515625,447.26300048828125,943.0430908203125,454.8382873535156,912.4200439453125,452.2066650390625,961.0885620117188,480.73699951171875,869.73681640625,477.85858154296875,985.0894775390625,510.395263671875,845.805908203125,505.11767578125
916.7421875,396.7206115722656,919.8323974609375,392.8568115234375,914.9954223632812,393.002197265625,928.3563232421875,393.2210693359375,917.2119140625,393.63873291015625,943.2161865234375,408.17950439453125,919.57958984375,409.0401306152344,960.0223388671875,427.12322998046875,913.2979736328125,427.31475830078125,963.6234130859375,449.98663330078125,897.551513671875,445.01397705078125,953.875,447.5054931640625,931.679931640625,445.88763427734375,961.6290283203125,475.8985290527344,882.1585693359375,474.80328369140625,986.4443359375,505.560302734375,855.1327514648438,503.1911315917969
920.5303955078125,391.180908203125,924.0911865234375,387.2835388183594,919.0757446289062,387.1552734375,935.2135620117188,388.0192565917969,922.752197265625,387.6609191894531,952.44677734375,404.66363525390625,928.0166015625,403.64898681640625,969.3140869140625,425.590576171875,929.5853271484375,424.0432434082031,972.566162109375,451.49310302734375,921.9923095703125,446.5088195800781,960.52880859375,447.19683837890625,938.1185302734375,444.2049865722656,964.9396362304688,479.9883728027344,888.0913696289062,476.4606628417969,985.45751953125,508.253662109375,862.115478515625,501.62017822265625
925.2046508789062,382.86700439453125,928.135498046875,378.9884033203125,924.6185302734375,378.83453369140625,938.9482421875,379.625,929.763427734375,379.1689453125,952.7906494140625,395.48297119140625,935.7449951171875,396.2254943847656,975.847900390625,415.204833984375,939.1375122070312,416.72808837890625,982.2119750976562,439.10137939453125,935.9332275390625,430.6692810058594,954.443115234375,442.90008544921875,939.7428588867188,441.8199462890625,957.53662109375,475.3377685546875,906.6223754882812,474.87396240234375,964.958984375,505.9192199707031,881.6607055664062,504.17431640625
936.5538330078125,375.01348876953125,939.5712890625,371.0814514160156,934.8455200195312,370.9745178222656,948.264404296875,371.8320007324219,936.3140869140625,371.4097900390625,959.2457885742188,389.95941162109375,938.52783203125,389.7913818359375,979.0130615234375,411.5394287109375,936.8829345703125,411.56451416015625,991.5704956054688,436.929931640625,931.1126708984375,430.428466796875,958.5146484375,437.5037841796875,939.363525390625,436.15875244140625,968.853759765625,471.23406982421875,894.7992553710938,469.765625,986.7037353515625,505.48052978515625,864.7721557617188,501.9971923828125
941.7945556640625,368.1843566894531,945.049560546875,364.40875244140625,939.5711059570312,364.4447937011719,954.1829223632812,365.7340393066406,939.7329711914062,365.662353515625,965.5852661132812,386.01483154296875,940.3446044921875,384.424072265625,982.1522216796875,408.1751708984375,935.5607299804688,402.951904296875,996.7862548828125,431.61199951171875,931.7027587890625,417.7856140136719,961.0859985351562,432.9236755371094,940.0380249023438,431.11370849609375,970.9773559570312,467.9693298339844,902.0721435546875,465.4095153808594,985.6273193359375,504.7121887207031,878.29248046875,499.751220703125
942.17822265625,368.09906005859375,945.3916625976562,364.33843994140625,939.9149169921875,364.3777770996094,954.2801513671875,365.71710205078125,939.92822265625,365.6402587890625,965.6109619140625,386.107177734375,940.255126953125,384.38525390625,982.1834716796875,408.228515625,936.3590087890625,402.56060791015625,997.20166015625,431.572265625,933.8011474609375,416.8814392089844,960.940673828125,433.364501953125,939.7242431640625,431.52886962890625,971.2215576171875,468.40484619140625,901.877197265625,465.7806701660156,985.7752685546875,504.87884521484375,878.0794677734375,499.8330078125
946.30224609375,363.6598205566406,949.526123046875,359.98651123046875,943.9407958984375,360.0544738769531,958.7671508789062,360.8455810546875,942.9375,360.9628601074219,972.5736083984375,380.78302001953125,940.8846435546875,378.5671691894531,991.190673828125,403.24945068359375,930.6387939453125,394.5471496582031,1001.4893188476562,420.84112548828125,924.026123046875,403.40850830078125,966.8556518554688,428.456787109375,942.837158203125,426.609375,976.21923828125,464.21893310546875,911.9906005859375,461.40008544921875,988.1092529296875,503.72265625,894.5179443359375,498.8046875
953.4854736328125,356.63568115234375,956.6614379882812,352.8725280761719,950.4600219726562,352.88433837890625,964.165283203125,354.1388854980469,946.7890625,354.12713623046875,977.7811889648438,375.6920471191406,939.2645263671875,373.7454833984375,994.2698364257812,398.414794921875,927.314208984375,394.760009765625,1007.885986328125,418.646484375,918.7208862304688,417.1259765625,969.913330078125,425.4806213378906,942.1683349609375,423.8678283691406,979.4652099609375,462.8331298828125,916.9053955078125,459.5318603515625,988.3333740234375,504.0934753417969,904.9553833007812,498.4217834472656
959.7149658203125,354.7370910644531,962.7169189453125,350.85260009765625,956.6581420898438,350.94085693359375,969.281982421875,351.99530029296875,952.2666015625,352.23681640625,982.4107666015625,372.92877197265625,943.2548828125,370.8917541503906,999.89404296875,392.64471435546875,928.205810546875,388.1481628417969,1012.3980102539062,413.21392822265625,921.656494140625,409.7296142578125,972.4822998046875,423.2762145996094,945.0457763671875,421.79278564453125,980.6317749023438,459.92181396484375,925.0486450195312,456.6636962890625,990.3521728515625,501.90216064453125,919.3965454101562,496.11077880859375
963.06982421875,351.08929443359375,966.5568237304688,347.60723876953125,960.4945678710938,347.0660400390625,973.5535888671875,348.98687744140625,956.654541015625,347.71746826171875,984.8366088867188,368.501708984375,946.790771484375,364.6422119140625,1002.58642578125,385.71710205078125,929.99755859375,380.554443359375,1012.555419921875,401.4075622558594,924.5579223632812,401.16259765625,972.8442993164062,416.42498779296875,946.87109375,413.96044921875,980.6991577148438,455.79632568359375,933.78369140625,451.2549133300781,989.8020629882812,497.3308410644531,932.2608642578125,489.68511962890625
969.3110961914062,347.1587829589844,972.1888427734375,343.84197998046875,966.536376953125,343.4356689453125,976.779052734375,345.5718994140625,961.4683227539062,344.50335693359375,986.6646728515625,365.2808532714844,949.4034423828125,362.13189697265625,1003.6844482421875,384.078369140625,934.425537109375,381.1799011230469,1014.9129638671875,398.515380859375,930.27197265625,404.488037109375,973.6795654296875,416.11639404296875,948.7608032226562,414.2210998535156,983.0484008789062,455.84326171875,945.7194213867188,451.84954833984375,993.0279541015625,495.715576171875,948.0499877929688,488.5390625
969.854248046875,347.23638916015625,972.618896484375,343.9098815917969,967.14453125,343.50616455078125,976.7349243164062,345.5335388183594,962.0597534179688,344.48388671875,986.134521484375,364.85675048828125,949.7609252929688,362.1492004394531,1002.856689453125,383.9054260253906,935.1368408203125,382.3960876464844,1014.3304443359375,398.95428466796875,930.0426635742188,407.7965087890625,973.1196899414062,415.5577392578125,948.8497924804688,413.9017639160156,982.1380004882812,455.9378356933594,945.9929809570312,452.2301025390625,992.0926513671875,496.0545959472656,948.482666015625,489.303955078125
969.7906494140625,345.9453125,972.9312744140625,342.5186462402344,966.5413818359375,342.2411193847656,977.5908203125,344.2983703613281,960.815185546875,343.64263916015625,986.850830078125,364.32098388671875,949.5623779296875,363.16741943359375,1002.0532836914062,383.5909423828125,937.400390625,385.9129638671875,1013.9178466796875,398.947021484375,931.5353393554688,413.6195983886719,975.7557373046875,415.6515197753906,951.2158813476562,414.791259765625,982.472412109375,456.01324462890625,947.3597412109375,453.3188781738281,993.0262451171875,496.0201416015625,953.5931396484375,490.8587646484375
970.8919677734375,345.63580322265625,973.5263671875,341.9761657714844,967.7186279296875,341.9640808105469,977.2626342773438,343.342041015625,961.7869873046875,343.29974365234375,986.1119384765625,362.6465148925781,949.68212890625,362.51483154296875,1002.002685546875,382.73004150390625,936.9794921875,385.36834716796875,1015.4221801757812,401.5390319824219,933.5905151367188,410.5465393066406,976.60595703125,414.1427001953125,952.7076416015625,414.1820983886719,986.722900390625,454.77447509765625,952.992919921875,453.796875,995.4119873046875,496.84442138671875,957.7589111328125,494.62060546875
978.010009765625,346.753662109375,981.026123046875,343.2222900390625,974.0612182617188,343.0038757324219,983.9725341796875,345.3025817871094,966.1155395507812,344.5368347167969,989.544189453125,366.6275634765625,952.5195922851562,364.76702880859375,1001.1681518554688,387.92437744140625,936.9879150390625,386.8382263183594,1014.6597290039062,407.0118408203125,935.7724609375,410.630615234375,977.7053833007812,417.6821594238281,953.5675048828125,417.1485900878906,988.6737060546875,455.38958740234375,954.1192626953125,453.9458312988281,997.0761108398438,497.2032165527344,959.5911865234375,494.9613037109375
976.3446044921875,348.1358642578125,979.4964599609375,344.16986083984375,973.19873046875,343.6414794921875,982.3265380859375,345.9287414550781,966.064208984375,343.9930419921875,984.593017578125,365.79248046875,952.1942138671875,363.8985595703125,996.8472900390625,388.8025817871094,935.9207153320312,387.3959655761719,1007.8912353515625,405.9117736816406,936.89208984375,406.8485412597656,976.3350219726562,415.4142150878906,954.7901611328125,415.37493896484375,987.985107421875,455.63134765625,953.087158203125,455.80621337890625,996.2060546875,494.9548645019531,952.6068115234375,495.52154541015625
979.093994140625,347.2666320800781,981.6453857421875,343.5829772949219,975.0540771484375,343.6959533691406,983.6197509765625,345.9515686035156,966.9803466796875,345.9241943359375,987.7987060546875,367.2058410644531,954.9503173828125,367.1864013671875,1000.0645751953125,389.6734313964844,942.78076171875,391.9034729003906,1011.813232421875,409.4658508300781,950.070068359375,413.92572021484375,979.0860595703125,416.7426452636719,957.1448974609375,417.33404541015625,993.057373046875,454.806396484375,958.7275390625,454.9808349609375,1003.3603515625,496.1639099121094,962.41943359375,496.3846435546875
979.0322265625,347.2700500488281,981.6202392578125,343.58978271484375,974.9957275390625,343.6851806640625,983.696533203125,345.97576904296875,966.95361328125,345.8960876464844,987.9122314453125,367.36590576171875,954.956298828125,367.244873046875,1000.0446166992188,389.8319091796875,942.6917724609375,391.93048095703125,1011.652587890625,409.5235595703125,950.0945434570312,414.0422058105469,979.2864990234375,417.2170715332031,957.2898559570312,417.7548522949219,993.0623779296875,455.1864013671875,958.752685546875,455.2742919921875,1003.390380859375,496.2840270996094,962.568603515625,496.35906982421875
984.3740844726562,347.512451171875,986.8363037109375,343.96771240234375,980.6995849609375,343.96063232421875,988.0848388671875,345.8651428222656,972.513916015625,345.5562438964844,989.6801147460938,364.23248291015625,958.974853515625,365.2232666015625,1000.23974609375,383.92889404296875,945.56494140625,391.383056640625,1009.67578125,394.2562255859375,953.6365356445312,413.19366455078125,977.685302734375,410.2464294433594,956.9580688476562,411.40570068359375,994.2523193359375,451.35821533203125,961.970458984375,451.8837890625,1005.123291015625,493.35089111328125,965.22265625,494.287841796875
986.07958984375,345.3758239746094,988.6082153320312,341.80108642578125,982.6456298828125,341.7781066894531,991.09716796875,343.4700622558594,975.107177734375,343.07415771484375,993.0130615234375,363.0420227050781,962.227294921875,362.21185302734375,1001.5684204101562,384.5997314453125,945.9676513671875,386.7098388671875,1010.7701416015625,400.79302978515625,951.3074951171875,410.74310302734375,980.411376953125,409.501708984375,959.479736328125,409.596435546875,997.4527587890625,451.6875,963.4080810546875,450.8509826660156,1007.235595703125,494.1984558105469,963.878662109375,493.40081787109375
986.3215942382812,344.66497802734375,988.904541015625,341.0581359863281,983.0000610351562,341.08135986328125,992.5116577148438,342.1038818359375,976.0152587890625,341.8118591308594,996.3602294921875,360.4638977050781,964.012451171875,359.4375915527344,1003.9281005859375,382.4603576660156,949.088623046875,384.284912109375,1010.0450439453125,398.2540283203125,954.42333984375,408.505126953125,983.4072875976562,404.25579833984375,961.0761108398438,403.91815185546875,997.6700439453125,448.56402587890625,960.9153442382812,447.10931396484375,1006.8817138671875,492.3622741699219,960.1822509765625,490.7253112792969
988.521728515625,344.0617370605469,991.317138671875,340.52923583984375,985.0552368164062,340.37347412109375,995.0289916992188,341.8583984375,977.880859375,341.00543212890625,998.8865966796875,361.4034423828125,966.0368041992188,358.7735595703125,1006.4298706054688,385.742431640625,951.56005859375,382.66705322265625,1015.5660400390625,404.97381591796875,960.2745361328125,404.401123046875,987.00048828125,405.75396728515625,964.154541015625,404.7452087402344,999.1427001953125,448.32220458984375,959.2421875,446.1624755859375,1008.383544921875,491.3140869140625,957.821533203125,488.2607421875
992.27294921875,344.9138488769531,995.2601318359375,340.90771484375,988.3731689453125,341.03533935546875,998.7685546875,341.8342590332031,980.8349609375,341.7311706542969,1003.3056640625,362.0361328125,968.126220703125,359.2744445800781,1008.3887329101562,387.81689453125,952.812744140625,382.1701354980469,1017.344482421875,410.7768859863281,961.658203125,403.65679931640625,989.972412109375,404.58172607421875,965.6094360351562,403.4376525878906,999.716064453125,448.6154479980469,958.5560302734375,446.11102294921875,1006.61279296875,494.73101806640625,957.5830078125,491.1166076660156
991.4412841796875,345.6990966796875,995.29443359375,341.7502136230469,988.7391357421875,340.7273254394531,998.6534423828125,342.6363830566406,982.64599609375,339.25006103515625,998.9291381835938,359.9577941894531,967.5665283203125,356.6009216308594,1007.7886962890625,385.8128356933594,954.355224609375,383.3583984375,1018.9330444335938,407.5921325683594,961.70263671875,407.6990966796875,985.0435791015625,406.3979187011719,963.5546875,405.53680419921875,1000.524169921875,448.572021484375,960.99560546875,448.51361083984375,1006.7718505859375,489.1376953125,956.746826171875,489.5166320800781
995.629150390625,346.27911376953125,998.0833740234375,342.2373962402344,991.7118530273438,342.46783447265625,1000.4244384765625,343.15130615234375,983.3974609375,343.16204833984375,1005.3536376953125,362.8931884765625,969.0635986328125,360.47900390625,1010.3682861328125,387.15948486328125,952.321533203125,382.60345458984375,1016.2547607421875,409.14501953125,961.2513427734375,404.5208740234375,991.7095947265625,405.2289733886719,966.4686279296875,404.2603454589844,1000.7697143554688,448.8902893066406,957.9193115234375,446.79510498046875,1007.1431884765625,496.1593322753906,956.1781005859375,493.58038330078125
997.0702514648438,344.2391357421875,999.1484985351562,340.6558837890625,993.3724365234375,340.7040710449219,1000.883056640625,341.7018737792969,984.744873046875,341.193359375,1005.221923828125,360.58612060546875,970.0501708984375,357.80120849609375,1011.7645263671875,384.582763671875,952.9465942382812,381.25616455078125,1017.542724609375,402.44305419921875,959.7266845703125,404.1151123046875,989.54736328125,403.89593505859375,964.77587890625,402.4560546875,999.2020263671875,447.0228271484375,954.27392578125,444.23260498046875,1007.334716796875,493.0229187011719,950.4598388671875,489.541748046875
995.138916015625,344.13055419921875,997.3177490234375,340.49884033203125,991.32080078125,340.5038146972656,999.0657348632812,341.6494140625,982.8709716796875,341.09686279296875,1004.1699829101562,360.55938720703125,969.5908813476562,358.11920166015625,1013.4208984375,383.74114990234375,953.5106201171875,381.057373046875,1018.64501953125,402.95867919921875,960.6619262695312,403.9252624511719,990.8546142578125,406.3203125,966.661376953125,404.8759460449219,997.9564819335938,446.5469970703125,953.0482177734375,444.0564880371094,1005.8446044921875,491.7887878417969,948.5894775390625,488.60546875
991.0900268554688,344.4103698730469,993.5835571289062,340.77032470703125,987.476318359375,340.7837829589844,996.9451904296875,341.9287109375,980.219970703125,341.5021057128906,1003.677001953125,360.9833984375,968.32861328125,358.7882995605469,1014.45751953125,383.9449768066406,952.92578125,381.51019287109375,1020.5810546875,403.66510009765625,959.3466796875,403.48779296875,991.6276245117188,406.9212341308594,966.485595703125,405.40753173828125,999.6143188476562,448.335693359375,950.0073852539062,445.8582458496094,1007.8470458984375,494.083984375,942.3048095703125,490.6848449707031
987.599853515625,347.85491943359375,990.9461669921875,344.24261474609375,984.5343017578125,343.908203125,996.9677124023438,345.3638610839844,978.7855224609375,344.265869140625,1004.6827392578125,364.472900390625,967.480712890625,361.6606750488281,1016.7081298828125,387.70391845703125,951.0001220703125,384.25,1024.1949462890625,409.9386291503906,954.6217041015625,406.74163818359375,991.6133422851562,410.29736328125,964.7986450195312,408.3028564453125,1001.6434936523438,450.90765380859375,945.3480224609375,448.2966613769531,1009.985595703125,497.0212097167969,933.8023681640625,493.7774658203125
987.443603515625,347.8121643066406,990.8177490234375,344.2073974609375,984.399169921875,343.8630676269531,996.9332885742188,345.33905029296875,978.727783203125,344.22265625,1004.7160034179688,364.49517822265625,967.485595703125,361.619873046875,1016.6033935546875,387.82818603515625,951.0584106445312,384.1512451171875,1024.097900390625,410.04290771484375,954.5684814453125,406.35205078125,991.6854248046875,410.39013671875,964.8319702148438,408.352783203125,1001.6039428710938,451.0914001464844,945.12060546875,448.45184326171875,1010.0172119140625,497.1171569824219,933.5114135742188,493.8622741699219
986.4699096679688,351.41583251953125,990.0902709960938,347.9312744140625,983.5175170898438,347.3829345703125,996.2625732421875,349.17901611328125,977.744873046875,347.67364501953125,1003.8724365234375,367.9942932128906,965.2215576171875,365.28076171875,1014.8251953125,391.15948486328125,950.0228271484375,388.17919921875,1022.708251953125,412.0994873046875,950.910888671875,409.802490234375,990.6575317382812,412.5674743652344,962.0352783203125,410.7664489746094,1005.76904296875,453.30828857421875,941.0782470703125,451.2160949707031,1015.2037353515625,499.5172119140625,925.8956909179688,497.4187316894531
985.2954711914062,355.43817138671875,988.570556640625,351.81390380859375,981.9295654296875,351.67620849609375,993.4884033203125,352.916748046875,975.35693359375,352.53076171875,1000.3265380859375,371.36370849609375,963.509033203125,372.222900390625,1014.3502197265625,392.1229248046875,948.8524169921875,398.796875,1023.4593505859375,412.8847961425781,947.0930786132812,428.7210388183594,987.5526123046875,416.745361328125,959.552001953125,416.5250244140625,1005.0772705078125,456.4947509765625,934.916015625,455.8700866699219,1020.2832641601562,499.65625,918.652099609375,498.8572998046875
983.7669677734375,359.52850341796875,987.1031494140625,355.79150390625,980.5579833984375,355.9935607910156,992.23193359375,357.27923583984375,975.7216186523438,357.8453063964844,1001.3504638671875,376.705322265625,964.39501953125,377.948486328125,1015.7767333984375,397.1378173828125,949.6790771484375,403.22821044921875,1024.65185546875,418.279052734375,947.8668823242188,432.6631164550781,987.2918701171875,422.0836486816406,957.9056396484375,421.49005126953125,1006.51318359375,457.9503479003906,932.66015625,456.6351013183594,1025.662109375,498.72418212890625,917.72314453125,495.6653137207031
978.5714111328125,366.52288818359375,981.6498413085938,362.5822448730469,975.01611328125,363.251708984375,987.701416015625,363.7077941894531,970.5244140625,365.3486022949219,1000.3075561523438,383.8644104003906,960.6204833984375,385.53472900390625,1017.4644775390625,403.1243896484375,946.84130859375,407.9288330078125,1028.63330078125,425.3856201171875,946.642822265625,432.7469787597656,988.7294311523438,431.648681640625,957.0506591796875,431.0246887207031,1009.654052734375,463.2627868652344,928.5096435546875,461.91558837890625,1026.5087890625,500.5721740722656,907.8623046875,496.91412353515625
974.7669067382812,370.0064392089844,977.52734375,366.2802429199219,970.9593505859375,367.10784912109375,983.860595703125,367.97100830078125,965.3956298828125,369.9703674316406,996.3109130859375,388.2584228515625,956.3701171875,392.1228332519531,1019.574951171875,402.315185546875,939.3038330078125,414.2913818359375,1031.2320556640625,419.35791015625,936.8385009765625,441.76434326171875,984.9422607421875,437.00482177734375,953.0843505859375,437.4474792480469,1011.40869140625,466.1569519042969,918.6593017578125,465.61669921875,1028.470947265625,501.2163391113281,887.7958374023438,498.944580078125
973.427734375,370.1573181152344,975.9926147460938,366.35723876953125,970.1253662109375,367.046875,982.3687133789062,367.8247375488281,964.8934326171875,369.78009033203125,994.53173828125,386.69866943359375,955.8751831054688,391.45135498046875,1018.270263671875,400.59857177734375,939.8380737304688,413.94122314453125,1031.821044921875,416.752197265625,939.2653198242188,440.341552734375,984.7684936523438,434.052978515625,953.194091796875,436.247314453125,1017.553955078125,465.0133056640625,921.7791748046875,466.5379638671875,1035.47705078125,501.1262512207031,892.4927978515625,502.01251220703125
965.3363037109375,372.67388916015625,968.636962890625,369.5067443847656,962.2234497070312,369.61285400390625,975.448486328125,372.2917785644531,958.19775390625,372.585205078125,987.043701171875,392.52734375,949.6950073242188,392.8488464355469,1012.6393432617188,402.46533203125,928.5880737304688,405.389892578125,1030.07177734375,415.1680908203125,918.325439453125,421.96112060546875,979.7316284179688,439.93170166015625,950.1488037109375,439.09588623046875,1002.972412109375,467.6791076660156,917.5025024414062,466.20794677734375,1028.1087646484375,502.232421875,893.2840576171875,499.4371032714844
952.0040283203125,371.78857421875,956.0416259765625,367.92681884765625,948.9409790039062,367.84783935546875,962.468994140625,369.5820007324219,944.2196044921875,369.743408203125,965.552734375,388.8505554199219,939.0751953125,392.998291015625,991.6258544921875,399.3197937011719,919.8115234375,413.3672790527344,1012.1079711914062,406.776123046875,907.7879638671875,428.057373046875,964.5521240234375,440.8349609375,942.6802978515625,442.1437683105469,987.4367065429688,464.35333251953125,913.042236328125,466.51025390625,1019.743408203125,500.7208251953125,896.0875244140625,504.98016357421875
941.666015625,371.60284423828125,944.7762451171875,368.1346435546875,939.4029541015625,367.55804443359375,948.9027099609375,370.01800537109375,935.478759765625,368.9593505859375,954.1956787109375,388.7454833984375,930.555419921875,391.4079895019531,979.2496337890625,401.5851745605469,914.2803955078125,411.8321228027344,987.83203125,403.5356140136719,903.439453125,428.7071228027344,952.4522094726562,439.71478271484375,947.863037109375,441.79559326171875,914.937255859375,469.29095458984375,976.1893310546875,471.789794921875,893.7664794921875,500.4632263183594,1012.636474609375,505.0286865234375
932.3199462890625,367.7669677734375,935.0972900390625,363.9229431152344,929.307373046875,363.99664306640625,939.6593627929688,365.65655517578125,925.428955078125,365.9219970703125,947.8131103515625,386.07806396484375,920.9742431640625,388.6007080078125,960.590087890625,402.7064208984375,899.7369384765625,411.1705627441406,948.552490234375,406.83001708984375,887.5906982421875,433.4058837890625,944.9456176757812,438.4413757324219,936.4957275390625,440.2440490722656,909.546142578125,470.434326171875,960.8504638671875,471.9927978515625,892.416015625,502.88507080078125,999.005615234375,505.047119140625
924.5118408203125,369.5079345703125,928.5322265625,365.6219787597656,921.0470581054688,365.61895751953125,935.7681884765625,366.5986633300781,915.990478515625,366.841796875,943.089111328125,384.68853759765625,909.3912963867188,389.461669921875,967.4063720703125,395.47052001953125,892.6744384765625,411.9432678222656,980.24560546875,401.078857421875,882.0133056640625,435.8609619140625,940.1732177734375,438.21368408203125,916.169189453125,440.5672607421875,956.9447021484375,467.6954040527344,902.9959716796875,469.8327941894531,978.666015625,500.53961181640625,896.3706665039062,502.9536437988281
924.503662109375,369.5323791503906,928.5419921875,365.6392822265625,921.03857421875,365.598876953125,935.6251220703125,366.5885009765625,916.0211791992188,366.75128173828125,942.49267578125,384.5084228515625,909.7922973632812,389.17108154296875,967.3272705078125,395.39251708984375,892.9264526367188,411.62054443359375,980.4678955078125,401.08026123046875,881.745361328125,435.39794921875,939.9977416992188,438.17889404296875,917.552001953125,440.54052734375,953.90283203125,467.91754150390625,908.5186157226562,470.07806396484375,974.1362915039062,500.35028076171875,905.611572265625,502.7933349609375
920.5579833984375,370.2168273925781,924.1635131835938,366.6557922363281,916.8165893554688,366.2937927246094,929.194091796875,370.2845764160156,909.9302978515625,369.2439880371094,933.5125732421875,392.3521728515625,900.0485229492188,392.80096435546875,951.1669921875,407.5165100097656,885.1412353515625,415.7207336425781,965.40380859375,419.20111083984375,876.64306640625,441.74725341796875,925.7495727539062,439.34674072265625,902.5230102539062,439.6859130859375,937.6195068359375,471.5582275390625,892.182373046875,471.38861083984375,947.6234130859375,507.5697021484375,885.357666015625,508.59246826171875
910.6768798828125,373.02166748046875,913.59814453125,368.8633117675781,907.133544921875,369.4313049316406,918.8439331054688,370.51678466796875,902.3817138671875,372.0517272949219,927.6834716796875,391.4911193847656,897.3936767578125,393.12261962890625,943.440185546875,411.9046325683594,882.509033203125,414.3007507324219,953.38427734375,429.96844482421875,872.0496826171875,431.116455078125,921.4963989257812,441.5212097167969,901.636474609375,441.82928466796875,928.92724609375,471.48834228515625,889.976318359375,471.7838134765625,930.1727294921875,503.8721008300781,878.6116943359375,504.36651611328125
906.09716796875,383.3367004394531,909.311279296875,379.9515380859375,902.965576171875,379.795654296875,914.7859497070312,381.51214599609375,897.29833984375,381.0982666015625,921.5068359375,400.20269775390625,887.3721313476562,400.7776794433594,933.6427001953125,417.4959716796875,874.2229614257812,424.724853515625,944.2977905273438,431.24896240234375,862.594482421875,451.6430969238281,910.797119140625,448.36810302734375,888.5242309570312,447.9300842285156,912.8753662109375,479.7362060546875,877.7473754882812,478.6854248046875,916.8013916015625,512.2688598632812,876.2938232421875,512.0452880859375
896.3834838867188,388.8917541503906,899.573486328125,384.68701171875,893.9482421875,384.8262939453125,905.8184814453125,385.8006591796875,890.3065795898438,386.23602294921875,913.9952392578125,405.7005615234375,882.6966552734375,406.3138732910156,934.225341796875,426.6821594238281,866.512939453125,428.91754150390625,948.8805541992188,453.5149841308594,853.9141845703125,454.4424133300781,897.57470703125,457.09539794921875,877.634765625,456.3739929199219,900.6110229492188,488.6143798828125,864.021240234375,488.3251647949219,903.80615234375,520.5385131835938,855.25048828125,520.89111328125
884.618408203125,396.77862548828125,888.104736328125,393.23773193359375,882.1605224609375,392.97021484375,896.02099609375,395.3953857421875,877.988525390625,394.8890075683594,908.54443359375,414.04107666015625,866.4957275390625,414.7237548828125,925.550537109375,431.281005859375,858.5645141601562,440.4167175292969,942.73486328125,443.4456787109375,844.0241088867188,468.69476318359375,894.8274536132812,463.424560546875,866.702880859375,462.285888671875,899.076171875,493.21697998046875,854.1828002929688,490.7060852050781,888.809326171875,528.8992919921875,839.5321655273438,525.5286254882812
885.997802734375,396.33917236328125,889.4693603515625,392.7801818847656,883.3280029296875,392.5483703613281,896.9840698242188,394.9177551269531,878.5888671875,394.48406982421875,909.2704467773438,413.7138671875,866.5008544921875,414.6497802734375,925.427978515625,431.17449951171875,858.7600708007812,440.958251953125,942.6655883789062,442.94244384765625,844.4749755859375,468.93341064453125,895.3406982421875,463.2532653808594,866.7962036132812,462.2398681640625,898.3277587890625,492.38873291015625,853.2054443359375,490.1056823730469,887.424072265625,528.9392700195312,838.912109375,525.9940185546875
872.2969970703125,400.9254150390625,875.2825927734375,397.2841796875,869.7310791015625,397.4561767578125,882.2825927734375,398.2169189453125,865.940673828125,398.813720703125,892.9649658203125,414.41046142578125,857.739013671875,417.88800048828125,913.2198486328125,426.96807861328125,849.4476318359375,442.386962890625,932.9104614257812,437.4923400878906,837.1746826171875,468.6711730957031,883.4892578125,461.1593017578125,858.4420166015625,461.37249755859375,893.4443359375,491.68463134765625,840.4334106445312,491.0408020019531,895.26904296875,528.0909423828125,822.8177490234375,527.1875
857.255615234375,410.044921875,860.26220703125,406.3166198730469,855.1036376953125,406.65966796875,869.3131713867188,406.45477294921875,853.79931640625,407.4890441894531,883.4052734375,420.9287109375,848.9778442382812,426.44677734375,909.0562744140625,425.5482177734375,838.702880859375,447.94842529296875,935.0300903320312,424.7553405761719,828.93994140625,465.737548828125,878.8624267578125,470.44110107421875,853.2095947265625,472.2569580078125,892.3262329101562,492.41619873046875,827.0992431640625,493.2232666015625,909.1787109375,529.6235961914062,813.61767578125,529.5269165039062
843.352294921875,415.55389404296875,847.04248046875,412.0152587890625,840.3729248046875,412.03411865234375,855.146240234375,413.0423583984375,837.61328125,413.18170166015625,865.05859375,429.226318359375,835.5914306640625,433.491943359375,884.4627685546875,436.0787353515625,830.4271240234375,459.2952575683594,891.610107421875,428.12310791015625,829.850830078125,477.9258728027344,866.8070068359375,475.8683166503906,842.7896118164062,475.7824401855469,884.08203125,503.6516418457031,812.890380859375,502.1168212890625,901.8123779296875,535.5865478515625,792.14306640625,532.823974609375
832.209228515625,427.6072082519531,835.2528076171875,423.81842041015625,828.597412109375,424.4253845214844,842.298583984375,423.850830078125,825.305419921875,425.4752197265625,853.365966796875,437.177490234375,823.9375,445.1639099121094,879.4246826171875,435.17059326171875,809.900390625,470.400146484375,896.4229736328125,427.0223388671875,798.5575561523438,501.7147521972656,859.23779296875,478.3546142578125,835.3367919921875,479.8334655761719,878.8764038085938,509.5355529785156,803.6464233398438,508.8917541503906,897.2724609375,542.8539428710938,777.9105834960938,539.5756225585938
823.4853515625,430.2847900390625,822.61279296875,426.70660400390625,820.1427612304688,427.22735595703125,819.988037109375,430.2847900390625,818.4473876953125,430.1685791015625,829.328369140625,446.00384521484375,824.5032348632812,442.74615478515625,856.757568359375,443.07098388671875,851.1121826171875,436.2236328125,881.531005859375,422.7608642578125,876.8238525390625,416.20269775390625,833.164794921875,485.2546691894531,834.294189453125,484.5247802734375,816.9945068359375,519.88916015625,849.32861328125,516.2608642578125,792.6238403320312,550.2012939453125,861.951171875,544.8775024414062
823.3406982421875,430.4729919433594,822.25390625,426.90362548828125,820.0262451171875,427.3666076660156,819.0862426757812,430.73419189453125,818.7599487304688,430.3919677734375,827.8712158203125,446.88104248046875,825.715087890625,442.8800354003906,854.6282958984375,444.2838134765625,852.52685546875,435.4600830078125,879.198974609375,423.26226806640625,876.983154296875,415.1575012207031,831.784423828125,486.08502197265625,836.2159423828125,485.30706787109375,810.9912109375,520.3466186523438,857.81103515625,516.45361328125,782.1392211914062,550.5745239257812,876.06298828125,544.7332153320312
799.3057861328125,449.916748046875,801.423095703125,446.031005859375,797.6456298828125,446.41998291015625,807.9988403320312,446.3536376953125,800.40380859375,446.9762878417969,816.8255615234375,457.8641357421875,804.7099609375,463.94244384765625,822.9933471679688,464.75457763671875,801.429443359375,485.56024169921875,824.2882080078125,464.82513427734375,791.3955688476562,513.2198486328125,832.368408203125,496.34271240234375,828.2874755859375,499.4173278808594,813.0122680664062,517.845703125,829.3694458007812,520.341796875,797.4669799804688,546.300537109375,833.6497802734375,548.2488403320312
793.2628784179688,461.8688049316406,794.990234375,458.0186767578125,791.7781982421875,458.612548828125,799.3193359375,457.82916259765625,792.3685302734375,459.177490234375,807.0665283203125,468.22894287109375,791.7794189453125,473.9437255859375,810.21337890625,482.3663330078125,780.8399047851562,495.48858642578125,802.1204833984375,498.89984130859375,771.2303466796875,522.833740234375,822.96337890625,501.42242431640625,813.724365234375,504.74530029296875,820.2740478515625,521.6146850585938,813.672119140625,525.8246459960938,822.8245849609375,544.3756103515625,816.9677734375,550.025634765625
0.0,0.0,0.0,0.0,0.0,0.0,0.0,0.0,0.0,0.0,0.0,0.0,0.0,0.0,0.0,0.0,0.0,0.0,0.0,0.0,0.0,0.0,0.0,0.0,0.0,0.0,0.0,0.0,0.0,0.0,0.0,0.0,0.0,0.0
0.0,0.0,0.0,0.0,0.0,0.0,0.0,0.0,0.0,0.0,0.0,0.0,0.0,0.0,0.0,0.0,0.0,0.0,0.0,0.0,0.0,0.0,0.0,0.0,0.0,0.0,0.0,0.0,0.0,0.0,0.0,0.0,0.0,0.0
0.0,0.0,0.0,0.0,0.0,0.0,0.0,0.0,0.0,0.0,0.0,0.0,0.0,0.0,0.0,0.0,0.0,0.0,0.0,0.0,0.0,0.0,0.0,0.0,0.0,0.0,0.0,0.0,0.0,0.0,0.0,0.0,0.0,0.0
0.0,0.0,0.0,0.0,0.0,0.0,0.0,0.0,0.0,0.0,0.0,0.0,0.0,0.0,0.0,0.0,0.0,0.0,0.0,0.0,0.0,0.0,0.0,0.0,0.0,0.0,0.0,0.0,0.0,0.0,0.0,0.0,0.0,0.0
0.0,0.0,0.0,0.0,0.0,0.0,0.0,0.0,0.0,0.0,0.0,0.0,0.0,0.0,0.0,0.0,0.0,0.0,0.0,0.0,0.0,0.0,0.0,0.0,0.0,0.0,0.0,0.0,0.0,0.0,0.0,0.0,0.0,0.0
0.0,0.0,0.0,0.0,0.0,0.0,0.0,0.0,0.0,0.0,0.0,0.0,0.0,0.0,0.0,0.0,0.0,0.0,0.0,0.0,0.0,0.0,0.0,0.0,0.0,0.0,0.0,0.0,0.0,0.0,0.0,0.0,0.0,0.0
0.0,0.0,0.0,0.0,0.0,0.0,0.0,0.0,0.0,0.0,0.0,0.0,0.0,0.0,0.0,0.0,0.0,0.0,0.0,0.0,0.0,0.0,0.0,0.0,0.0,0.0,0.0,0.0,0.0,0.0,0.0,0.0,0.0,0.0
778.2718505859375,448.04119873046875,780.6293334960938,443.3747863769531,775.2158203125,445.30706787109375,788.8331909179688,441.27740478515625,772.96142578125,446.8280029296875,801.4323120117188,448.6278991699219,774.1697998046875,466.81109619140625,836.2732543945312,453.129638671875,766.8599243164062,496.7538757324219,858.928955078125,466.422607421875,758.5341796875,519.42236328125,818.236572265625,476.94671630859375,797.7053833007812,485.64752197265625,837.7664794921875,507.264892578125,786.1499633789062,518.379150390625,852.8797607421875,544.4837036132812,771.1015625,558.8902587890625
782.7139892578125,440.95782470703125,785.5645751953125,436.16015625,780.203125,437.6502685546875,794.3717651367188,434.46026611328125,778.0677490234375,439.0661315917969,806.1845703125,443.0745849609375,775.8890991210938,460.1693115234375,841.1942138671875,448.63641357421875,765.9254760742188,490.9170227050781,861.6500244140625,463.87847900390625,755.576904296875,515.23193359375,816.09716796875,476.5321044921875,793.2705078125,484.73162841796875,839.9869995117188,498.4000244140625,783.3554077148438,509.4494934082031,856.881103515625,541.2234497070312,769.012939453125,556.118896484375
782.7343139648438,440.90570068359375,785.5462646484375,436.12982177734375,780.264404296875,437.61920166015625,794.3187255859375,434.41107177734375,778.22607421875,439.0161437988281,806.181396484375,442.99658203125,776.2431640625,460.0511474609375,841.3463745117188,448.66217041015625,766.155517578125,490.69195556640625,861.710205078125,464.03521728515625,755.44677734375,514.9048461914062,816.564208984375,476.40252685546875,793.9868774414062,484.5658264160156,839.965087890625,498.86041259765625,783.5776977539062,509.884521484375,856.9795532226562,541.1069946289062,769.0383911132812,555.9632568359375
791.8155517578125,432.1556396484375,794.0523681640625,427.6488037109375,788.2711181640625,429.1020812988281,801.0800170898438,427.129150390625,784.4161376953125,431.1627197265625,814.8890380859375,439.199951171875,783.548095703125,451.12847900390625,847.9110107421875,449.231689453125,773.0883178710938,478.588134765625,866.3585815429688,468.5781555175781,762.2737426757812,505.58148193359375,826.11279296875,471.3609619140625,802.5894775390625,476.7452392578125,845.2080688476562,503.2156982421875,787.5079345703125,509.46771240234375,863.0865478515625,542.6337280273438,773.50244140625,549.501953125
798.0148315429688,428.2367248535156,800.5819091796875,424.0637512207031,794.599609375,425.0087890625,808.2384033203125,424.2901611328125,790.9264526367188,426.7568664550781,822.3790283203125,439.14434814453125,789.2071533203125,446.0631408691406,851.2598876953125,454.794189453125,778.8978271484375,470.3412780761719,868.6744384765625,477.23406982421875,767.5872802734375,494.7838134765625,832.914306640625,471.8511962890625,808.3564453125,475.0870056152344,851.1495361328125,504.90972900390625,791.3215942382812,508.69696044921875,868.640625,543.336181640625,779.3934326171875,548.49169921875
810.7337646484375,424.0935974121094,812.997314453125,419.8375244140625,806.366943359375,420.8658142089844,817.9766845703125,419.8600158691406,799.73681640625,422.50152587890625,829.96923828125,435.40087890625,793.4642333984375,442.89227294921875,856.900634765625,448.37603759765625,781.2031860351562,466.14007568359375,876.2095947265625,467.6380615234375,769.349853515625,488.4934387207031,835.9400634765625,475.49578857421875,809.3040161132812,480.00701904296875,858.5057373046875,504.71734619140625,793.5087890625,510.1046447753906,879.0877075195312,541.5577392578125,786.5586547851562,548.8994140625
816.2061767578125,422.39715576171875,819.1983032226562,418.16839599609375,812.0157470703125,419.2889099121094,826.6170043945312,417.73077392578125,806.7980346679688,420.8194580078125,841.7078857421875,434.62274169921875,800.77880859375,440.72235107421875,867.5089111328125,449.9002990722656,784.819580078125,462.111572265625,881.940673828125,468.77020263671875,774.9698486328125,484.86883544921875,843.363525390625,479.57537841796875,813.4039306640625,482.5289611816406,866.9141235351562,510.86920166015625,794.917724609375,513.5982666015625,890.4351806640625,549.1558227539062,787.242919921875,551.5238037109375
826.154296875,419.12860107421875,829.2456665039062,414.787841796875,822.31787109375,415.81671142578125,835.0623779296875,414.5323486328125,817.4925537109375,417.51031494140625,848.8694458007812,431.116455078125,808.1802978515625,436.5904541015625,872.2625732421875,447.7196044921875,792.6524658203125,457.4709777832031,883.1514892578125,468.82012939453125,787.19970703125,476.2708740234375,846.0142822265625,479.044921875,814.9658203125,481.333984375,867.214599609375,511.39068603515625,797.984375,514.2379150390625,893.2564086914062,548.4086303710938,793.5045166015625,550.6388549804688
826.5294189453125,418.50909423828125,829.637451171875,414.192626953125,822.595703125,415.1672058105469,835.356689453125,414.21636962890625,817.5862426757812,417.02197265625,848.9833374023438,431.3621826171875,808.5361328125,436.19415283203125,872.447021484375,447.98126220703125,792.9332885742188,456.1512451171875,884.1783447265625,470.3037109375,786.834228515625,475.73004150390625,846.4134521484375,479.173095703125,815.59912109375,481.162353515625,867.326904296875,512.12939453125,798.6377563476562,514.55078125,892.9824829101562,548.8656005859375,793.88037109375,550.529052734375
835.1669921875,414.3304138183594,838.0508422851562,410.3822021484375,831.7803955078125,410.83795166015625,844.6002197265625,410.05560302734375,827.110107421875,411.452392578125,857.210693359375,427.7979736328125,819.310791015625,430.04302978515625,878.1646728515625,445.86962890625,802.81103515625,449.3294677734375,887.2608032226562,468.1018981933594,790.2584228515625,469.662353515625,853.0482788085938,478.29986572265625,824.9561767578125,479.16015625,873.61083984375,515.146240234375,804.332275390625,516.36083984375,893.1981201171875,550.6632690429688,792.269287109375,552.29638671875
844.18408203125,409.33148193359375,847.29296875,405.3782958984375,840.8099365234375,405.62603759765625,854.58740234375,405.7545166015625,835.89404296875,406.41143798828125,866.3087158203125,425.6858825683594,828.8886108398438,426.12359619140625,884.3519897460938,450.0317687988281,812.3486328125,447.28997802734375,891.9500732421875,477.3912353515625,796.5547485351562,468.9368591308594,861.7099609375,472.8028564453125,833.991943359375,472.8697509765625,878.847412109375,510.1505126953125,809.0848388671875,510.7096252441406,893.2589721679688,548.0621948242188,792.3299560546875,549.86572265625
856.3768310546875,402.8771667480469,859.2940063476562,398.61737060546875,852.1668701171875,398.98687744140625,865.3855590820312,398.9403076171875,845.61767578125,399.6329040527344,875.8277587890625,420.40576171875,838.5828857421875,419.57501220703125,890.80029296875,448.1644592285156,820.3094482421875,441.44775390625,895.1531982421875,478.3701171875,803.114501953125,466.3041687011719,871.868896484375,469.1287841796875,844.48291015625,468.5811767578125,885.62548828125,508.50640869140625,818.907470703125,508.1494445800781,892.383056640625,547.2180786132812,796.814697265625,547.46240234375
866.670654296875,399.93267822265625,869.8338623046875,395.39453125,863.4336547851562,394.94329833984375,876.156982421875,395.85797119140625,857.4696044921875,394.5604248046875,887.10009765625,416.58953857421875,850.089599609375,413.9716796875,899.2593994140625,442.09521484375,831.89794921875,436.697021484375,899.710693359375,464.9193420410156,815.7257080078125,460.47845458984375,881.9757080078125,467.01361083984375,855.3892822265625,465.5332946777344,890.9498291015625,508.08612060546875,831.0499267578125,506.7798156738281,896.7318115234375,549.0137939453125,815.2080078125,547.1577758789062
874.8427734375,396.35101318359375,877.630859375,391.90008544921875,871.7841796875,391.72454833984375,882.8175048828125,392.17364501953125,866.3934326171875,391.44952392578125,894.5136108398438,412.2882080078125,857.970703125,410.2171630859375,905.43115234375,438.87457275390625,836.2578735351562,433.259521484375,906.9083862304688,464.64080810546875,820.4678955078125,460.7264404296875,889.7257080078125,462.9562683105469,864.7547607421875,461.7637939453125,897.61083984375,503.9554443359375,846.0217895507812,502.86431884765625,902.4754028320312,547.23583984375,834.5152587890625,545.4910888671875
874.9066162109375,396.32525634765625,877.70556640625,391.8677978515625,871.8375244140625,391.68682861328125,882.8924560546875,392.1539611816406,866.4189453125,391.4130859375,894.5667114257812,412.34307861328125,857.9326171875,410.2357177734375,905.382080078125,438.9950866699219,836.0652465820312,433.2979736328125,906.8076171875,464.8396911621094,820.2119140625,460.8930358886719,889.7154541015625,463.05999755859375,864.66455078125,461.8495788574219,897.6341552734375,504.10162353515625,845.74658203125,502.99603271484375,902.465576171875,547.41748046875,834.0924072265625,545.6603393554688
882.0634765625,393.81463623046875,884.9254760742188,389.2881774902344,878.5079345703125,389.3387145996094,890.638916015625,389.6483154296875,871.9974975585938,389.5170593261719,902.41015625,409.54119873046875,862.7997436523438,408.18621826171875,914.3779296875,437.68389892578125,842.23681640625,432.9581298828125,913.1182861328125,464.84521484375,829.098876953125,461.52667236328125,897.16845703125,460.3519592285156,871.1104736328125,459.68218994140625,901.7572631835938,497.392578125,862.5753173828125,496.7350158691406,902.849609375,544.04345703125,857.0296630859375,542.5460815429688
888.9786987304688,388.57366943359375,892.271484375,384.7109069824219,885.5498046875,384.68316650390625,898.5188598632812,386.1221923828125,879.1151123046875,386.17803955078125,907.4056396484375,405.9657897949219,868.1436767578125,407.45050048828125,919.5122680664062,426.14617919921875,850.801025390625,433.54205322265625,918.2872924804688,440.8193359375,838.3507080078125,464.27587890625,900.5960083007812,453.1959228515625,875.761474609375,453.79132080078125,908.3138427734375,493.79473876953125,877.686279296875,493.7769470214844,910.5069580078125,539.0675048828125,882.1488037109375,540.2343139648438
898.3310546875,387.85052490234375,901.408935546875,383.3916015625,894.3798828125,383.85894775390625,905.7073974609375,384.7060546875,888.0167236328125,385.481689453125,913.8865966796875,405.186279296875,878.5966796875,405.5611267089844,925.2987670898438,430.6947021484375,859.1980590820312,429.42303466796875,930.2872314453125,457.11993408203125,850.4677734375,457.72137451171875,910.04150390625,454.7941589355469,887.8460693359375,455.1949462890625,918.640625,489.74090576171875,890.5855712890625,489.9798583984375,925.6129150390625,532.9180908203125,895.4678955078125,532.4088745117188
907.963623046875,390.4610595703125,910.6038208007812,386.45001220703125,904.388671875,386.49639892578125,912.8619384765625,387.22247314453125,896.2137451171875,387.5362243652344,917.0260620117188,405.75848388671875,881.5819091796875,409.4910888671875,931.7576904296875,427.8270263671875,865.2973022460938,435.76812744140625,940.467529296875,457.294677734375,851.602783203125,463.505859375,913.3046264648438,452.2117919921875,889.8469848632812,455.6849365234375,936.533203125,485.478515625,896.5684204101562,491.341796875,946.079345703125,523.545166015625,896.6753540039062,534.682861328125
915.329345703125,390.579345703125,917.696533203125,386.47222900390625,911.4647216796875,386.72198486328125,919.831298828125,387.4759521484375,903.0205078125,388.11895751953125,926.7431640625,406.9578552246094,888.4125366210938,409.74542236328125,941.0673828125,431.15118408203125,871.28955078125,435.75811767578125,948.459228515625,461.6075134277344,863.9078369140625,462.84625244140625,924.7245483398438,452.494384765625,897.8885498046875,455.68792724609375,949.0927734375,488.0732421875,896.1444091796875,492.7944030761719,965.7850341796875,529.2271118164062,896.6109619140625,537.4195556640625
915.9189453125,390.8553466796875,918.2752685546875,386.732421875,911.6936645507812,387.12109375,920.3052978515625,387.45025634765625,902.902099609375,388.3006591796875,928.3497314453125,406.721435546875,888.5560302734375,409.21636962890625,941.4230346679688,431.3205871582031,873.2484741210938,434.521728515625,949.1290283203125,460.5865478515625,865.4068603515625,460.96234130859375,925.78173828125,452.828857421875,897.837158203125,455.2559509277344,948.613037109375,490.5703125,895.3467407226562,494.11572265625,965.6612548828125,531.07421875,899.0066528320312,537.708984375
923.132080078125,390.95404052734375,925.789794921875,387.0271911621094,919.2559204101562,387.1234130859375,928.5888671875,388.14068603515625,910.82177734375,388.20867919921875,935.074951171875,407.79217529296875,895.578369140625,409.80804443359375,948.848876953125,431.1331787109375,878.729248046875,436.0615539550781,957.951171875,455.28863525390625,872.39404296875,463.0574951171875,929.8145751953125,454.45428466796875,901.515625,456.76171875,957.97216796875,490.6971435546875,898.6475830078125,493.9815673828125,976.8528442382812,532.260498046875,898.1412963867188,539.0596923828125
926.8939208984375,391.0456237792969,930.140869140625,387.23028564453125,923.320556640625,387.05474853515625,936.0927734375,388.93658447265625,916.480712890625,388.19287109375,944.9527587890625,409.5779113769531,904.2777099609375,408.8870849609375,959.3349609375,433.7930603027344,885.650390625,432.6056213378906,965.403076171875,458.9319763183594,879.7005615234375,461.0283508300781,941.4215698242188,451.7652282714844,912.0670166015625,452.3837890625,965.5255737304688,490.2975769042969,901.906982421875,491.08258056640625,983.62158203125,533.5546264648438,897.7835693359375,536.8211669921875
935.4393310546875,389.34869384765625,938.1949462890625,385.6986083984375,932.108642578125,385.63446044921875,943.2261962890625,386.8913269042969,925.4293212890625,386.5300598144531,952.1820068359375,406.888427734375,913.5340576171875,407.17340087890625,964.7938232421875,431.32110595703125,899.237060546875,432.5732116699219,969.6170654296875,455.9092712402344,892.7726440429688,460.7608642578125,948.2514038085938,452.1982727050781,920.2152099609375,452.9043273925781,968.5995483398438,491.44976806640625,906.72119140625,492.43975830078125,982.5704956054688,532.048583984375,898.9861450195312,535.22802734375
