x0,y0,x1,y1,x2,y2,x3,y3,x4,y4,x5,y5,x6,y6,x7,y7,x8,y8,x9,y9,x10,y10,x11,y11,x12,y12,x13,y13,x14,y14,x15,y15,x16,y16
782.1791381835938,623.126220703125,778.0625610351562,617.31103515625,780.4652709960938,618.1148681640625,762.0950317382812,620.2811889648438,784.0052490234375,621.7955932617188,746.9573974609375,650.89990234375,796.255615234375,650.6213989257812,735.2618408203125,689.7376708984375,814.8585205078125,679.8610229492188,748.8037109375,673.445068359375,812.625244140625,647.2329711914062,757.0120849609375,726.1181640625,789.0792236328125,727.265625,770.8623046875,785.177978515625,796.1124267578125,787.0753784179688,764.3115844726562,838.9242553710938,775.676513671875,840.7300415039062
783.9156494140625,623.0806884765625,779.0667724609375,617.7816162109375,782.4254150390625,618.689697265625,761.330078125,622.73828125,784.1233520507812,624.6162109375,746.7845458984375,654.5321044921875,794.3040161132812,655.0635986328125,736.4818725585938,691.2909545898438,812.4481201171875,681.8779296875,747.6793823242188,674.4306030273438,813.76318359375,646.814453125,757.2203369140625,729.5802001953125,787.8763427734375,731.269287109375,772.6505126953125,786.641845703125,798.0550537109375,789.3359985351562,765.8272094726562,838.786865234375,776.916015625,841.9326171875
781.3758544921875,628.0984497070312,776.9366455078125,622.8098754882812,780.297119140625,623.5562744140625,761.021484375,627.1448974609375,784.024658203125,628.61181640625,747.0513916015625,657.7813110351562,794.564697265625,659.0458374023438,739.2233276367188,692.0598754882812,809.01806640625,690.0682373046875,750.841552734375,676.0172729492188,807.91796875,666.1340942382812,756.692626953125,733.0834350585938,787.8121948242188,734.8140869140625,772.7318115234375,788.7625122070312,799.9590454101562,791.127197265625,767.3900756835938,838.90869140625,779.3984985351562,840.86767578125
781.413330078125,628.07275390625,776.9461669921875,622.7864990234375,780.325927734375,623.5377197265625,760.97265625,627.1536865234375,783.9948120117188,628.622802734375,747.048583984375,657.8380126953125,794.50634765625,659.0819091796875,739.2572021484375,692.1051635742188,808.947998046875,690.0819091796875,750.912841796875,675.9417114257812,807.9847412109375,666.0574340820312,756.714599609375,733.11328125,787.7979736328125,734.8339233398438,772.7433471679688,788.72314453125,799.9619140625,791.0546264648438,767.3641967773438,838.8878173828125,779.3876953125,840.7787475585938
784.4683227539062,631.6053466796875,779.4633178710938,626.4639892578125,782.6832275390625,627.3447875976562,761.6282958984375,632.0567016601562,783.42578125,633.6414794921875,747.771484375,663.129150390625,792.786376953125,664.6571044921875,739.7998046875,695.7171630859375,805.5010986328125,694.8724975585938,749.10400390625,679.8709106445312,803.3243408203125,672.991455078125,757.5565795898438,736.6049194335938,787.277587890625,738.4996948242188,774.96142578125,791.679443359375,802.4873046875,793.8008422851562,768.8494262695312,841.6558227539062,783.2301025390625,842.883544921875
786.1151123046875,637.826171875,780.5020751953125,632.34375,783.510009765625,633.4664306640625,761.2213745117188,637.4086303710938,782.6522827148438,639.1663818359375,747.6517333984375,666.899658203125,792.865234375,670.0609741210938,741.8447875976562,696.65185546875,801.924560546875,703.6334838867188,751.0953369140625,685.9315185546875,794.1519775390625,695.7660522460938,758.9495239257812,740.0465087890625,789.2462158203125,742.5732421875,776.4083251953125,796.616943359375,803.1106567382812,798.8296508789062,771.803955078125,845.2736206054688,785.0526123046875,845.7421875
786.5673828125,643.404296875,780.6692504882812,638.2184448242188,785.5399169921875,639.573974609375,760.1148681640625,642.6790771484375,784.59033203125,646.0037841796875,746.880859375,670.75732421875,792.1595458984375,676.5799560546875,740.8255615234375,699.0989990234375,808.0606689453125,704.7844848632812,753.7055053710938,683.1287841796875,812.1806640625,680.636962890625,760.2550659179688,743.643798828125,790.39697265625,747.443603515625,777.65869140625,798.2557373046875,805.690185546875,802.8218994140625,768.01123046875,844.5547485351562,786.3389892578125,851.4228515625
785.7724609375,645.9814453125,780.04833984375,640.9986572265625,785.05078125,642.40478515625,760.0509643554688,645.6974487304688,784.3606567382812,649.39697265625,746.6981201171875,673.2964477539062,791.9972534179688,679.8370361328125,741.8035888671875,700.6660766601562,812.563720703125,704.7151489257812,755.2940673828125,683.5184936523438,820.6734008789062,673.7659301757812,760.6866455078125,746.0294189453125,790.8448486328125,750.34912109375,775.4188842773438,799.7407836914062,806.2337646484375,805.622314453125,762.8465576171875,845.8031616210938,786.6978149414062,855.5795288085938
785.791259765625,646.6143798828125,779.99951171875,641.6258544921875,785.1839599609375,643.1514892578125,760.61328125,646.5819091796875,785.6541137695312,650.4595947265625,747.7904663085938,674.3099365234375,793.4097900390625,681.200439453125,741.8616943359375,700.0093994140625,812.2935791015625,707.8880615234375,754.7972412109375,681.592041015625,820.8619995117188,681.3202514648438,760.7185668945312,746.6647338867188,790.7905883789062,750.8878784179688,776.444580078125,801.579833984375,805.2123413085938,806.9075927734375,765.7051391601562,848.905029296875,785.78857421875,857.2559814453125
785.726318359375,646.5540771484375,779.9668579101562,641.5763549804688,785.142333984375,643.0921630859375,760.6273193359375,646.5523681640625,785.6572265625,650.4276733398438,747.763427734375,674.288330078125,793.4189453125,681.1917724609375,741.8554077148438,699.9844970703125,812.410400390625,707.7802734375,754.77197265625,681.6724243164062,821.00634765625,681.094970703125,760.6956176757812,746.56640625,790.7935180664062,750.7999267578125,776.242431640625,801.4161987304688,805.1385498046875,806.7857666015625,765.6536254882812,848.8265380859375,785.932373046875,857.2608642578125
784.6654052734375,648.2704467773438,779.4864501953125,643.2950439453125,784.32568359375,644.5855712890625,761.638671875,647.7623901367188,786.7644653320312,651.1155395507812,748.8211669921875,674.1663208007812,795.33056640625,680.92041015625,742.2282104492188,696.8909912109375,813.3839111328125,707.6046142578125,753.8947143554688,676.8887939453125,817.7010498046875,684.2030639648438,760.9713745117188,746.0040893554688,791.628173828125,749.8638916015625,773.0330200195312,802.4735107421875,801.5712890625,807.368408203125,766.698486328125,850.9609375,786.103271484375,858.404052734375
786.0489501953125,648.2429809570312,780.62255859375,643.2662353515625,785.4791259765625,644.741943359375,761.3629760742188,647.7144165039062,786.2767333984375,651.76953125,748.3336791992188,673.1561279296875,794.34423828125,681.7484741210938,743.466064453125,693.5462036132812,814.5957641601562,705.6214599609375,755.575927734375,672.9970092773438,817.8704833984375,677.0932006835938,760.582763671875,745.664794921875,791.189208984375,750.4315795898438,768.12841796875,801.7252807617188,798.69287109375,808.2789916992188,761.5784912109375,849.878173828125,785.452880859375,860.389892578125
786.1312255859375,646.9268188476562,779.796142578125,641.737060546875,784.8543701171875,643.347900390625,758.8353271484375,646.1072998046875,783.668212890625,649.856689453125,748.2329711914062,671.1289672851562,791.74462890625,679.3080444335938,746.4741821289062,688.6744995117188,812.3720703125,704.4102172851562,760.9200439453125,664.9248046875,816.5505981445312,680.6727905273438,760.1216430664062,745.3389892578125,789.5714721679688,749.6398315429688,763.8414916992188,802.5715942382812,793.9271240234375,807.5009765625,758.6512451171875,853.7766723632812,784.62060546875,861.6068115234375
785.6239013671875,642.6966552734375,778.8804931640625,637.4503173828125,784.1729736328125,639.1061401367188,756.8427734375,641.6052856445312,781.952880859375,645.3109741210938,747.6436157226562,666.7512817382812,789.2454833984375,673.9383544921875,748.151611328125,685.06103515625,808.69287109375,697.7218627929688,766.75927734375,657.25732421875,813.98681640625,668.3596801757812,759.1500244140625,742.48046875,787.6510009765625,746.3494873046875,760.879150390625,801.7692260742188,789.875244140625,805.6679077148438,757.4102783203125,857.7921752929688,783.190673828125,863.9166870117188
779.229736328125,638.6324462890625,773.0930786132812,633.58642578125,777.721435546875,635.2205810546875,753.98583984375,639.1312255859375,777.20849609375,642.3316650390625,748.153076171875,665.2325439453125,783.788818359375,670.926513671875,748.117431640625,683.8328857421875,799.17431640625,694.8119506835938,763.9476318359375,657.9075317382812,804.2659912109375,671.156982421875,759.572021484375,739.8253784179688,784.112548828125,742.9737548828125,759.8929443359375,800.2366333007812,787.736083984375,802.7579345703125,759.1395874023438,859.6107788085938,783.7813720703125,862.8702392578125
779.2970581054688,638.59619140625,773.139892578125,633.5310668945312,777.7791137695312,635.1786499023438,753.9779052734375,639.0208740234375,777.2404174804688,642.2540893554688,748.11865234375,665.136962890625,783.804931640625,670.8919677734375,748.22412109375,683.9298095703125,799.0926513671875,694.9783325195312,764.2135009765625,658.3031005859375,804.0732421875,671.5452270507812,759.4613037109375,739.7890625,784.0582275390625,742.9674682617188,759.8475952148438,800.136474609375,787.6935424804688,802.7037963867188,759.0498046875,859.3758544921875,783.6531982421875,862.72705078125
778.6864013671875,637.0591430664062,772.7274169921875,632.3544921875,776.7562866210938,634.3682861328125,753.8929443359375,639.2791748046875,775.09375,643.6429443359375,748.0634765625,666.3624267578125,781.398681640625,673.4661254882812,748.662109375,681.0864868164062,798.4185791015625,692.8695678710938,768.3004760742188,649.7711791992188,809.7313232421875,660.7141723632812,759.162109375,740.6181640625,782.1064453125,744.4832153320312,758.0850830078125,800.4688720703125,785.8924560546875,803.8309326171875,756.337646484375,859.1889038085938,782.4031982421875,863.7117919921875
776.0421752929688,637.4454956054688,770.0868530273438,632.6499633789062,773.5797119140625,634.9835205078125,751.8341674804688,640.6405029296875,773.2650146484375,645.7083129882812,746.5016479492188,669.0061645507812,778.3905029296875,678.5133056640625,747.983642578125,676.1727294921875,793.4580688476562,700.650390625,766.0786743164062,639.16455078125,804.7130126953125,672.2301025390625,755.2974853515625,746.9595947265625,777.2869873046875,751.363037109375,754.28369140625,809.92919921875,784.3768310546875,813.7047729492188,746.93505859375,869.5018310546875,777.542236328125,871.90478515625
774.8182983398438,640.6007690429688,768.9202880859375,636.1195068359375,772.22119140625,638.5823974609375,751.53515625,645.7119140625,772.2861328125,651.0477905273438,747.2299194335938,673.7382202148438,777.3092041015625,684.419921875,743.6353759765625,671.4292602539062,792.0177001953125,702.0689697265625,753.9835205078125,630.1119995117188,802.861328125,677.1475830078125,755.805419921875,751.0645751953125,776.080810546875,755.768798828125,753.7876586914062,813.76904296875,782.9068603515625,817.5254516601562,743.6871948242188,874.35302734375,775.7144165039062,875.347412109375
774.9473876953125,652.979248046875,769.42822265625,648.3428955078125,772.1336669921875,650.6792602539062,753.024169921875,656.9112548828125,772.0709838867188,661.879638671875,748.6648559570312,682.364013671875,777.7930297851562,692.8126831054688,742.4929809570312,670.4910888671875,791.2755126953125,702.2039794921875,748.4810791015625,633.777099609375,797.3447265625,685.183837890625,755.8717041015625,760.5220947265625,775.54736328125,764.9899291992188,751.7102661132812,822.385498046875,783.10302734375,825.83984375,738.5811767578125,879.7769775390625,774.562744140625,879.6934204101562
772.5210571289062,661.05029296875,767.8882446289062,656.0184326171875,769.767578125,657.5103149414062,752.892822265625,664.0419921875,768.8277587890625,666.6403198242188,748.4749755859375,689.0076904296875,777.242431640625,694.942626953125,741.1573486328125,676.1522216796875,795.7589721679688,697.0939331054688,743.565185546875,633.8375244140625,798.5088500976562,670.0089721679688,758.05126953125,764.534423828125,777.6073608398438,767.2005615234375,753.8129272460938,826.7264404296875,783.218505859375,828.5689697265625,736.9055786132812,884.870849609375,776.1117553710938,885.8355712890625
772.6162719726562,661.1123046875,767.9769287109375,656.0850830078125,769.94140625,657.5692138671875,752.9702758789062,664.0830688476562,769.1444091796875,666.6901245117188,748.5231323242188,688.9728393554688,777.4345092773438,695.0554809570312,741.0734252929688,675.9813232421875,796.1021728515625,697.572509765625,743.2718505859375,633.8429565429688,799.0296630859375,671.1663818359375,757.9769287109375,764.5545043945312,777.5753173828125,767.2597045898438,753.806396484375,826.6851196289062,783.0573120117188,828.58740234375,737.1404418945312,884.8125,776.0498046875,885.855224609375
768.89306640625,664.29052734375,763.516357421875,659.7562255859375,765.8604736328125,661.5704345703125,748.3898315429688,668.81640625,766.6204833984375,671.8258056640625,745.8963623046875,695.3178100585938,774.1038208007812,701.3273315429688,739.995361328125,687.9774780273438,788.7884521484375,715.7925415039062,746.0386962890625,644.5828247070312,798.368408203125,698.7716064453125,755.249267578125,772.4404907226562,775.1842041015625,774.4989624023438,749.1695556640625,832.9491577148438,784.37353515625,832.7060546875,729.6268310546875,894.0216064453125,776.4766845703125,888.5736083984375
766.6804809570312,672.6690063476562,761.8961791992188,668.26611328125,764.3389282226562,669.221435546875,747.5406494140625,676.8387451171875,766.3067016601562,677.553466796875,745.1654052734375,702.0617065429688,772.0531005859375,704.0047607421875,736.8560791015625,693.7698364257812,783.19970703125,716.04541015625,741.395751953125,650.255615234375,789.1424560546875,704.3590698242188,754.0153198242188,776.876953125,773.3726806640625,776.9549560546875,747.7174072265625,838.7008666992188,782.5519409179688,835.262939453125,729.9241943359375,899.3770751953125,778.6329345703125,888.4458618164062
765.447021484375,680.4193115234375,760.1029052734375,675.9058837890625,763.23828125,677.1749877929688,744.6033325195312,683.4509887695312,765.4806518554688,685.1049194335938,740.6185302734375,708.1642456054688,772.403076171875,712.4470825195312,733.4879760742188,701.0886840820312,784.420654296875,728.578857421875,739.3411254882812,657.6094970703125,789.215087890625,717.800537109375,747.8599853515625,783.6612548828125,771.0916748046875,784.8381958007812,743.7827758789062,843.2166748046875,784.6624145507812,841.2496337890625,728.1072387695312,900.8734130859375,783.1492919921875,892.275146484375
761.236572265625,678.7021484375,754.8653564453125,674.4752807617188,758.6517944335938,675.92626953125,737.1913452148438,684.2144775390625,760.4541625976562,685.74658203125,736.0091552734375,713.2025756835938,766.598876953125,715.4090576171875,735.2357177734375,715.817626953125,779.3765258789062,734.62451171875,747.788818359375,672.576171875,786.076416015625,715.6783447265625,744.7468872070312,789.267822265625,768.2634887695312,789.908447265625,743.1629638671875,848.5387573242188,786.1019287109375,845.573486328125,726.2246704101562,904.4170532226562,786.982177734375,894.8118896484375
762.423583984375,683.1351318359375,754.9142456054688,678.4213256835938,759.6140747070312,679.7960205078125,734.8736572265625,686.8118896484375,759.1651000976562,687.5599975585938,735.59130859375,715.7071533203125,762.60693359375,716.3342895507812,745.1080322265625,722.8115234375,775.5386352539062,737.36474609375,762.0355224609375,686.9967041015625,781.949462890625,721.2633056640625,742.705078125,790.8070068359375,764.29833984375,791.0592041015625,746.6305541992188,848.4945068359375,780.9722900390625,845.488525390625,726.1168212890625,904.607177734375,778.9963989257812,897.4837646484375
762.4190673828125,682.9176635742188,755.024169921875,678.2100219726562,759.607666015625,679.617431640625,735.209228515625,686.5556030273438,759.2202758789062,687.4578857421875,736.0738525390625,715.31640625,762.2664794921875,716.432861328125,745.6124877929688,722.306884765625,775.4627685546875,737.4698486328125,762.04931640625,686.843994140625,781.762451171875,721.0220947265625,743.1781616210938,790.7318115234375,763.9688720703125,791.2406616210938,747.0855102539062,848.3615112304688,779.074951171875,845.92431640625,726.7215576171875,903.9989013671875,776.120849609375,897.975830078125
763.5833740234375,682.433837890625,758.071533203125,677.5736083984375,760.6046142578125,680.0376586914062,741.003662109375,682.6483154296875,756.5498046875,688.2332763671875,743.023193359375,707.6365966796875,750.108642578125,721.330078125,757.0218505859375,721.6637573242188,767.1785888671875,752.37744140625,771.5595703125,701.0885620117188,781.0411376953125,732.7799072265625,753.5901489257812,787.3563232421875,755.5289306640625,794.628662109375,776.010986328125,842.6634521484375,748.1296997070312,852.1973876953125,772.7883911132812,893.6834106445312,726.3798217773438,908.685791015625
763.0474243164062,683.1227416992188,756.9634399414062,677.9623413085938,759.3721313476562,680.9354248046875,739.971435546875,683.1649780273438,755.2987670898438,689.5014038085938,743.0834350585938,709.6066284179688,750.8093872070312,722.3944702148438,759.4752807617188,726.8694458007812,765.0923461914062,755.69921875,778.9140625,710.472412109375,781.915283203125,740.5032958984375,750.53076171875,789.03076171875,753.9697875976562,795.76904296875,774.121826171875,844.3162841796875,753.5662841796875,852.0670166015625,766.424560546875,898.16357421875,731.4439086914062,909.0972290039062
763.5675659179688,684.3426513671875,757.2357788085938,679.1994018554688,760.0535888671875,682.1177978515625,739.6162719726562,685.1669921875,757.52587890625,691.305908203125,740.602783203125,711.3726806640625,755.208740234375,724.1488037109375,753.1249389648438,722.9613647460938,767.528076171875,757.1187744140625,772.0479125976562,697.2401733398438,781.4478759765625,741.8082275390625,746.5897216796875,790.2694091796875,756.927490234375,796.50732421875,763.3287353515625,846.4107055664062,767.0458374023438,852.744384765625,746.2926025390625,902.6101684570312,750.715576171875,909.82958984375
763.7484130859375,685.5014038085938,758.7392578125,680.3383178710938,760.6107177734375,683.568603515625,744.5075073242188,685.4547119140625,760.116943359375,693.1578979492188,746.39697265625,709.8693237304688,754.9215087890625,726.8104858398438,757.58544921875,719.8822631835938,765.572509765625,761.731201171875,773.3631591796875,696.552978515625,779.05078125,746.580810546875,750.517578125,789.9212036132812,754.951416015625,798.0983276367188,772.0689697265625,847.1636962890625,758.4790649414062,856.8795776367188,759.896484375,902.8170776367188,737.8939208984375,914.668212890625
765.396484375,687.194091796875,760.018310546875,681.8323974609375,763.4938354492188,684.6629028320312,743.6220703125,687.060546875,766.4471435546875,694.2822875976562,737.94921875,709.2919921875,767.0330810546875,727.59326171875,731.9444580078125,701.2390747070312,781.642333984375,754.98291015625,737.4376220703125,661.8033447265625,787.3961791992188,740.4329223632812,743.7991943359375,792.970703125,764.0567626953125,800.88818359375,752.5393676757812,850.226806640625,779.430419921875,859.1866455078125,729.5311279296875,908.9254760742188,768.214599609375,918.0968017578125
765.169921875,687.1177978515625,759.8225708007812,681.7603149414062,763.27783203125,684.5678100585938,743.53955078125,687.105224609375,766.2936401367188,694.2479248046875,737.9679565429688,709.426025390625,766.8671264648438,727.5433959960938,731.73291015625,701.1839599609375,781.3065185546875,754.529296875,736.81982421875,661.95361328125,786.939453125,740.1763916015625,743.9229736328125,793.0770263671875,763.9814453125,800.9192504882812,752.756591796875,850.27197265625,779.1696166992188,859.15087890625,729.796630859375,908.9807739257812,767.7171630859375,918.032958984375
766.7151489257812,690.2115478515625,761.2212524414062,684.8493041992188,764.6126098632812,687.45068359375,744.2052612304688,690.12841796875,766.7540283203125,696.6791381835938,737.7570190429688,711.5048828125,769.1907348632812,728.9977416992188,731.9906005859375,700.0507202148438,785.164794921875,754.8059692382812,736.7844848632812,658.835205078125,788.576171875,741.859619140625,744.78759765625,794.348388671875,768.08642578125,801.65087890625,749.5216064453125,853.336669921875,790.93994140625,861.0982666015625,724.19189453125,915.2635498046875,786.2237548828125,921.9632568359375
766.2816162109375,689.774658203125,761.4000244140625,685.3228759765625,764.58056640625,688.1647338867188,747.621337890625,693.5228271484375,769.2135009765625,700.6808471679688,742.3124389648438,716.9859619140625,774.1461181640625,734.2607421875,732.5516357421875,705.707763671875,790.5394287109375,755.5247802734375,733.7684326171875,665.4724731445312,800.7979736328125,739.8206787109375,747.44580078125,796.1907958984375,770.2366943359375,803.6548461914062,749.323486328125,855.8805541992188,794.1395874023438,863.4664306640625,725.3070068359375,915.3206176757812,787.9334106445312,919.607666015625
762.4180908203125,694.7195434570312,758.8631591796875,690.3543701171875,761.9255981445312,693.1947021484375,750.091064453125,699.6150512695312,771.363525390625,707.1942138671875,744.7247924804688,723.5402221679688,778.4349975585938,741.8424072265625,732.8684692382812,707.0118408203125,792.1561279296875,757.4256591796875,730.8851928710938,671.5191040039062,800.9639282226562,745.1982421875,748.694580078125,802.4525756835938,771.6627197265625,810.396240234375,749.7967529296875,858.996826171875,792.360107421875,868.08203125,728.5167236328125,915.771240234375,782.6806640625,922.6104736328125
770.8602905273438,700.487548828125,767.15966796875,695.5677490234375,770.553955078125,697.941162109375,754.845703125,701.7032470703125,776.6402587890625,708.517578125,746.5988159179688,722.73046875,781.364990234375,742.3222045898438,734.8529052734375,710.8834838867188,802.8275756835938,764.4592895507812,728.959228515625,676.5242309570312,808.6807250976562,751.8323974609375,751.8668212890625,803.4252319335938,775.7942504882812,812.087646484375,750.18994140625,858.0845947265625,794.0608520507812,869.5098266601562,730.7748413085938,917.5606689453125,791.8002319335938,932.732177734375
772.9777221679688,703.497314453125,768.7494506835938,699.16162109375,772.4539794921875,701.80908203125,757.7784423828125,708.4691162109375,779.7398681640625,715.2232666015625,751.9027709960938,733.896484375,785.294677734375,750.4774169921875,739.7138061523438,717.85205078125,796.5448608398438,764.568115234375,734.8377075195312,685.5477294921875,803.543701171875,757.50341796875,755.5423583984375,813.42333984375,779.4742431640625,820.5655517578125,751.505615234375,868.1612548828125,802.4595947265625,875.9161376953125,728.0844116210938,926.2860717773438,797.14404296875,931.4932250976562
772.8773193359375,703.2991943359375,768.65478515625,698.955322265625,772.3577880859375,701.630615234375,757.7200927734375,708.326416015625,779.752685546875,715.1653442382812,751.8388061523438,733.7930908203125,785.3336791992188,750.5792236328125,739.6532592773438,717.64013671875,796.623779296875,764.8082275390625,734.7581176757812,685.3848876953125,803.5477294921875,757.8187255859375,755.3504028320312,813.385986328125,779.3402099609375,820.618408203125,751.4628295898438,868.09716796875,802.3990478515625,875.9756469726562,728.0487060546875,926.2584228515625,797.0846557617188,931.6192016601562
783.5469970703125,713.5367431640625,780.3790283203125,708.8685302734375,783.2719116210938,710.7830810546875,767.128662109375,715.4927978515625,785.394775390625,721.8695678710938,756.15673828125,735.6289672851562,787.6968383789062,755.661865234375,748.5994262695312,723.8461303710938,811.4010009765625,769.382568359375,736.7161254882812,690.4088745117188,811.4218139648438,740.66162109375,763.56005859375,815.9976806640625,784.73779296875,825.5272216796875,763.192626953125,869.7608642578125,802.7737426757812,885.0888061523438,738.4622802734375,918.6536865234375,789.4598388671875,943.294921875
781.796630859375,722.3269653320312,778.6192016601562,717.9271240234375,781.67333984375,720.4837646484375,768.1067504882812,724.9462280273438,786.2111206054688,732.7406616210938,758.6066284179688,744.8480224609375,788.121826171875,766.6043701171875,747.831787109375,728.9495849609375,801.9002685546875,784.2332153320312,744.3458862304688,695.8028564453125,811.111328125,768.0979614257812,765.3347778320312,824.96533203125,785.82421875,834.5928955078125,764.151123046875,874.6817626953125,809.8258056640625,888.25537109375,729.6923828125,922.767822265625,789.6666870117188,939.5055541992188
783.5938720703125,728.6767578125,780.61181640625,724.09814453125,783.1190185546875,727.3460693359375,772.0072631835938,729.17236328125,790.1224365234375,738.493896484375,764.2886962890625,746.8328247070312,793.8134765625,770.9181518554688,750.0208740234375,741.6185302734375,808.2205810546875,797.953125,746.574951171875,708.555419921875,816.1787109375,777.736083984375,771.059814453125,826.710693359375,792.005859375,837.874755859375,774.1439208984375,875.9170532226562,817.8887329101562,891.5296630859375,732.256591796875,915.6659545898438,791.3585815429688,936.4456787109375
788.3770751953125,731.773193359375,785.3338623046875,727.444091796875,787.822509765625,730.11865234375,774.2188110351562,732.8265380859375,790.466796875,741.09912109375,765.6897583007812,750.7529296875,789.3779296875,775.3390502929688,763.1776733398438,750.28515625,807.6734619140625,809.17919921875,764.9149169921875,714.0227661132812,820.3339233398438,785.4293212890625,775.328857421875,830.24462890625,792.4742431640625,841.9129028320312,782.5698852539062,878.7147216796875,818.654296875,895.821533203125,739.2310791015625,912.8318481445312,788.92529296875,938.250732421875
783.7337036132812,727.8604736328125,780.766845703125,724.1746826171875,783.4471435546875,727.0655517578125,773.3622436523438,732.2971801757812,790.9132080078125,740.43115234375,768.142333984375,751.6551513671875,795.0562744140625,774.151611328125,756.1378784179688,746.41748046875,814.2261962890625,801.3751831054688,748.2340087890625,707.6702880859375,825.6868896484375,777.9515991210938,775.836181640625,828.5169067382812,794.4454345703125,838.976806640625,778.9345092773438,876.652587890625,821.2457275390625,891.6245727539062,734.3797607421875,913.1716918945312,791.0330810546875,933.2905883789062
783.5128173828125,727.9552612304688,780.5826416015625,724.2718505859375,783.2568359375,727.1325073242188,773.333740234375,732.3280029296875,790.831787109375,740.3665771484375,768.2217407226562,751.7230224609375,794.9972534179688,773.9646606445312,756.37255859375,746.9896240234375,814.112060546875,801.3297729492188,748.684326171875,708.3232421875,825.596435546875,777.8611450195312,775.8848876953125,828.510986328125,794.43603515625,838.8597412109375,778.9476928710938,876.7172241210938,821.161865234375,891.546142578125,734.4560546875,913.2911376953125,791.0498657226562,933.2719116210938
775.7711791992188,722.7468872070312,774.1688232421875,718.862060546875,776.6961669921875,721.1494140625,772.539306640625,725.1012573242188,788.6292114257812,731.6953735351562,769.0852661132812,742.8072509765625,796.810302734375,763.458740234375,753.064697265625,737.077880859375,817.6043701171875,791.526123046875,735.077880859375,698.8955688476562,825.1951904296875,773.3080444335938,777.474853515625,822.9285888671875,796.2464599609375,832.0565185546875,775.7408447265625,873.234619140625,819.066162109375,887.1168823242188,734.4468383789062,913.9081420898438,791.523193359375,933.411865234375
777.5381469726562,717.9292602539062,775.6749267578125,713.8643798828125,778.64013671875,715.660888671875,771.1197509765625,719.5943603515625,789.0997924804688,725.28759765625,764.3713989257812,736.4859008789062,798.00341796875,757.032958984375,748.8555297851562,726.9853515625,823.1148681640625,780.8936767578125,726.3554077148438,690.2759399414062,824.710205078125,762.1285400390625,776.7347412109375,817.351318359375,798.7025146484375,826.4745483398438,772.4137573242188,867.7835083007812,816.0235595703125,882.5596923828125,740.39892578125,912.675048828125,792.9510498046875,934.7994384765625
772.754638671875,712.497314453125,771.1788330078125,708.34521484375,774.8486938476562,708.9918212890625,768.3433227539062,713.9392700195312,790.640869140625,716.1524047851562,764.3546142578125,731.9221801757812,803.9603271484375,745.7232666015625,754.7040405273438,727.9833374023438,827.8095703125,765.8519287109375,729.2364501953125,695.7974243164062,809.874267578125,743.725830078125,778.4119262695312,811.3563232421875,804.7701416015625,817.3592529296875,766.1602172851562,866.1207275390625,807.8057861328125,878.2371826171875,748.3958740234375,918.43505859375,795.1070556640625,938.1748046875
749.8327026367188,710.7669677734375,751.06982421875,707.1539916992188,755.1452026367188,706.0433349609375,760.4977416992188,713.27099609375,783.7579345703125,710.135986328125,763.2635498046875,732.6702880859375,803.775390625,734.239501953125,756.8577880859375,736.578125,826.9573974609375,749.099365234375,745.82861328125,708.0208740234375,812.2802124023438,732.3074340820312,777.80517578125,804.544189453125,805.3480224609375,804.9476318359375,764.5791015625,864.835205078125,801.6268310546875,868.8251953125,757.3574829101562,923.7037353515625,798.5820922851562,933.3748779296875
778.9055786132812,696.3518676757812,771.120361328125,691.0860595703125,774.0135498046875,691.8077392578125,753.5919189453125,703.8036499023438,778.9963989257812,700.3720092773438,754.50048828125,735.453125,806.0015869140625,727.9093017578125,764.25341796875,743.271240234375,840.1138916015625,734.8723754882812,771.1133422851562,716.8413696289062,821.1148681640625,715.9373168945312,776.2662353515625,802.7637939453125,812.06787109375,800.0110473632812,769.3236083984375,867.3088989257812,806.561767578125,862.650634765625,756.8452758789062,932.04638671875,798.2335205078125,925.922119140625
778.3863525390625,696.6849365234375,770.735107421875,691.4681396484375,773.7372436523438,692.1297607421875,753.6336669921875,703.9584350585938,779.4124755859375,700.4454956054688,754.54443359375,735.330322265625,806.2227172851562,727.69970703125,764.0929565429688,743.3106079101562,840.1396484375,734.7306518554688,771.0347900390625,717.1292114257812,821.226806640625,716.0464477539062,776.4083251953125,802.602783203125,812.324462890625,799.8136596679688,769.251220703125,867.0948486328125,806.66943359375,862.4676513671875,756.8667602539062,931.8690185546875,798.4661865234375,925.805419921875
769.175048828125,694.3136596679688,762.2562255859375,689.1149291992188,764.60498046875,689.4976196289062,748.2070922851562,703.8683471679688,771.956787109375,699.108642578125,753.0547485351562,737.5113525390625,798.374267578125,724.9989624023438,773.9351806640625,727.9224853515625,831.8592529296875,708.7755737304688,796.1851806640625,704.1106567382812,823.924072265625,693.611083984375,778.2362060546875,801.9915161132812,810.0264892578125,797.2560424804688,771.400146484375,865.3505859375,807.8851318359375,856.7334594726562,756.1160278320312,929.8460083007812,799.6024169921875,917.533203125
774.0997314453125,692.0375366210938,764.0429077148438,687.03759765625,769.0753784179688,687.7249755859375,743.0828857421875,705.1152954101562,770.54736328125,700.0119018554688,753.2595825195312,741.003173828125,793.18115234375,722.6875610351562,765.6940307617188,723.5098876953125,821.1651611328125,684.8594970703125,778.276611328125,687.748291015625,815.7030029296875,651.8992919921875,780.20263671875,803.6259155273438,807.721435546875,796.4139404296875,772.1793212890625,867.2061767578125,805.8554077148438,853.264404296875,752.6353759765625,932.499267578125,798.8823852539062,910.6812744140625
772.6613159179688,693.5435180664062,762.8737182617188,689.4212646484375,768.0012817382812,689.26025390625,742.611572265625,711.5582275390625,769.3910522460938,703.5592651367188,755.62109375,748.9627075195312,788.6707763671875,722.4999389648438,767.3822021484375,722.5120849609375,816.8688354492188,663.1958618164062,774.2540283203125,669.1507568359375,813.3348999023438,612.581787109375,783.8114013671875,808.1138305664062,805.513671875,797.4102783203125,777.5299072265625,872.0849609375,805.2830810546875,852.05029296875,754.7930297851562,937.2041015625,796.9915771484375,905.5548706054688
771.2066650390625,699.310791015625,762.8632202148438,695.0758056640625,767.3699340820312,693.2393798828125,744.7320556640625,714.619384765625,769.6843872070312,702.3838500976562,755.0250854492188,751.771728515625,788.6864013671875,720.6890258789062,772.2076416015625,727.9124145507812,814.0865478515625,669.6856689453125,777.127685546875,669.7894897460938,805.2418212890625,635.3424072265625,785.7321166992188,813.4073486328125,808.631591796875,800.1041259765625,781.5537109375,874.1127319335938,812.2780151367188,849.1787109375,759.0216674804688,943.89208984375,804.6142578125,904.3313598632812
766.587890625,715.254150390625,759.2529296875,712.6749877929688,764.257568359375,710.2901611328125,742.8690795898438,728.83837890625,772.6402587890625,715.8219604492188,752.234130859375,762.5693359375,789.908447265625,730.9715576171875,772.23681640625,748.4408569335938,818.806640625,694.6868896484375,788.4376831054688,702.5787353515625,817.9341430664062,670.8565673828125,789.384033203125,822.6780395507812,815.7816162109375,808.5601806640625,775.2933349609375,883.145263671875,816.858642578125,857.9536743164062,766.4125366210938,952.1262817382812,826.783203125,910.8719482421875
766.43505859375,715.3244018554688,759.1417236328125,712.7616577148438,764.1610107421875,710.3436279296875,742.8740234375,728.8468017578125,772.672119140625,715.749267578125,752.19921875,762.5155029296875,789.9130859375,730.785400390625,771.9072265625,748.7667846679688,818.751708984375,694.7499389648438,787.8463134765625,702.8942260742188,817.8187866210938,671.0433349609375,789.5177001953125,822.5982666015625,815.932373046875,808.4180908203125,775.175048828125,883.197021484375,816.7706909179688,857.9327392578125,766.3756103515625,952.2921142578125,826.7906494140625,910.9487915039062
757.4339599609375,724.67529296875,753.382568359375,722.8156127929688,758.1049194335938,717.1485595703125,744.2779541015625,737.0164794921875,771.6678466796875,715.488037109375,747.08203125,774.9434814453125,791.6251831054688,729.88427734375,755.1967163085938,788.6348876953125,822.919677734375,707.6397705078125,750.5530395507812,745.9359130859375,814.853515625,700.761474609375,786.416015625,829.917236328125,816.8961181640625,810.2517700195312,774.8758544921875,889.7427978515625,814.7565307617188,856.1597900390625,769.9620361328125,953.4888916015625,822.6033935546875,901.4178466796875
755.9296264648438,732.91552734375,753.27880859375,730.580322265625,756.801025390625,724.2079467773438,746.72509765625,742.845703125,774.3074951171875,719.360107421875,746.5101928710938,779.7303466796875,794.8917846679688,733.803466796875,759.782470703125,799.2738647460938,826.4329833984375,724.5388793945312,761.654541015625,764.6962280273438,808.7623901367188,737.075927734375,781.9337158203125,836.5145263671875,816.6259765625,816.23291015625,773.4688110351562,892.8948974609375,818.5384521484375,858.5311279296875,770.0843505859375,956.9774169921875,831.068115234375,904.5689697265625
760.390380859375,735.614990234375,758.208984375,733.4443359375,761.8453369140625,728.6986083984375,752.5548706054688,744.297607421875,778.8970947265625,727.0992431640625,750.0810546875,779.0245971679688,798.7489013671875,745.4385986328125,758.6444702148438,805.3101196289062,831.7152099609375,751.4830322265625,766.50927734375,780.352783203125,828.1573486328125,760.081298828125,782.042724609375,838.537353515625,817.150390625,823.6063232421875,768.12646484375,892.94482421875,822.120849609375,867.7597045898438,771.1510620117188,949.7998046875,839.6767578125,911.3856201171875
770.2135620117188,737.2135620117188,766.258544921875,734.4305419921875,770.43896484375,729.8853149414062,755.5089111328125,745.03466796875,785.23486328125,727.301513671875,753.0684204101562,781.4100952148438,803.4810791015625,746.6449584960938,763.8536376953125,806.797119140625,834.3883666992188,757.8348999023438,773.95947265625,781.7129516601562,826.5518188476562,779.2884521484375,778.4042358398438,842.80517578125,816.5712890625,827.0678100585938,767.9892578125,896.702880859375,827.31298828125,868.6053466796875,770.0114135742188,951.1552734375,854.4948120117188,907.7060546875
776.4249267578125,731.7280883789062,772.8076171875,728.6531982421875,776.3936767578125,724.4931640625,763.318115234375,739.9209594726562,793.2877197265625,723.274658203125,760.1342163085938,778.048828125,811.857177734375,746.324462890625,770.9935302734375,802.1231689453125,838.6190185546875,766.1007080078125,781.4918212890625,773.64208984375,828.3294067382812,793.782958984375,778.990478515625,842.982666015625,818.4603881835938,828.0598754882812,770.0303955078125,893.9763793945312,831.0280151367188,866.966552734375,770.6680908203125,949.9205932617188,856.508056640625,907.4302368164062
776.6116333007812,731.8010864257812,772.914794921875,728.7052001953125,776.5252685546875,724.5470581054688,763.202392578125,740.0157470703125,793.279052734375,723.33349609375,760.01513671875,778.1878662109375,811.9524536132812,746.422607421875,771.144775390625,802.034912109375,838.6858520507812,766.1467895507812,781.8359375,773.2102661132812,828.0532836914062,793.8626708984375,778.9727783203125,843.2215576171875,818.6167602539062,828.2701416015625,770.0146484375,894.10595703125,831.1777954101562,867.0123291015625,770.676513671875,949.9747924804688,856.6253662109375,907.343505859375
782.0015258789062,726.948486328125,778.88671875,723.291259765625,782.010498046875,719.5806274414062,771.8384399414062,731.6328735351562,801.413330078125,716.33544921875,768.5363159179688,767.864501953125,820.7689819335938,738.66943359375,771.7721557617188,794.9261474609375,844.9308471679688,766.7183837890625,776.74609375,767.1490478515625,832.704833984375,798.5952758789062,784.0894775390625,835.9696655273438,823.9766845703125,821.820556640625,774.9768676757812,888.4239501953125,835.8170166015625,862.9096069335938,771.45947265625,947.978271484375,858.5077514648438,907.3533325195312
801.0443115234375,720.410400390625,795.3778076171875,715.7005615234375,800.484619140625,713.771728515625,781.367919921875,723.0684814453125,811.9462890625,713.2681884765625,776.607666015625,757.03759765625,830.94873046875,737.859619140625,774.8905029296875,784.462646484375,853.7110595703125,767.3902587890625,782.8287963867188,762.22802734375,846.5945434570312,790.1202392578125,790.9178466796875,824.43505859375,831.1708984375,815.7361450195312,784.308837890625,878.2083740234375,843.1697998046875,860.8087158203125,772.1837158203125,942.01025390625,851.9622802734375,913.73828125
813.6318359375,706.2879638671875,807.5543212890625,701.159912109375,812.9329833984375,700.2848510742188,791.642578125,707.156005859375,822.4454345703125,701.0158081054688,785.512939453125,739.9642333984375,839.0333862304688,727.0037841796875,775.4049682617188,768.634765625,859.9071044921875,759.1285400390625,778.709228515625,753.8988647460938,856.5261840820312,778.3096923828125,797.4122314453125,810.711669921875,836.428955078125,804.8043212890625,790.9173583984375,869.2176513671875,846.0391845703125,856.7276611328125,774.970947265625,932.6698608398438,849.607177734375,911.5858154296875
816.9157104492188,697.7401123046875,812.6815795898438,692.5739135742188,816.8494873046875,692.4306030273438,801.10986328125,696.9762573242188,828.78759765625,694.1633911132812,792.8904418945312,725.026123046875,846.0863037109375,719.1602783203125,777.6209716796875,752.607177734375,866.9804077148438,751.3841552734375,779.7445678710938,743.0377807617188,864.6292724609375,763.5814819335938,803.0133056640625,797.027587890625,840.2345581054688,794.24560546875,795.11376953125,857.707275390625,843.6154174804688,851.6116943359375,790.4328002929688,920.7811889648438,848.3812255859375,909.682861328125
824.19140625,685.7930908203125,819.7692260742188,680.6370849609375,823.8173217773438,680.9747924804688,806.3648071289062,683.8244018554688,834.0374755859375,682.9340209960938,795.6153564453125,710.7319946289062,849.843505859375,708.23828125,779.3116455078125,741.1982421875,871.5975952148438,741.4720458984375,782.126708984375,736.66015625,870.1419677734375,750.7673950195312,806.4908447265625,787.1151123046875,843.3544921875,786.207275390625,800.7586669921875,848.2554931640625,843.1015625,845.2516479492188,801.7921142578125,906.5355834960938,847.1218872070312,899.0665283203125
824.1046142578125,685.8171997070312,819.718505859375,680.6666870117188,823.771240234375,681.0103759765625,806.415283203125,683.8126220703125,834.063232421875,682.970703125,795.6652221679688,710.6098022460938,849.8131713867188,708.2485961914062,779.3243408203125,741.0013427734375,871.6455688476562,741.424560546875,782.0853271484375,736.7548828125,870.3262939453125,750.7271728515625,806.5578002929688,786.789794921875,843.3895263671875,785.946533203125,800.6795654296875,847.8825073242188,843.196044921875,845.0121459960938,801.5619506835938,906.1591186523438,847.376708984375,898.9296875
820.6298217773438,675.1553955078125,817.180908203125,669.8072509765625,820.7334594726562,669.720703125,807.7220458984375,672.5659790039062,835.7960815429688,670.31103515625,797.459228515625,701.5142822265625,852.8927001953125,695.87255859375,779.4354248046875,729.7356567382812,873.90087890625,727.837890625,784.8458862304688,723.3524169921875,873.8021240234375,739.300537109375,808.4371337890625,778.6912841796875,845.951904296875,776.2223510742188,809.1703491210938,840.664306640625,846.4550170898438,835.5118408203125,808.4180908203125,904.40185546875,849.4202880859375,894.1827392578125
828.141357421875,662.2584838867188,824.0099487304688,656.5599975585938,827.4652099609375,656.8358154296875,811.4811401367188,660.2315673828125,839.3948364257812,659.0322265625,800.2752685546875,691.6089477539062,855.6970825195312,687.8485717773438,782.98291015625,722.3350830078125,876.166015625,723.4834594726562,790.0318603515625,715.6697998046875,877.299560546875,733.4485473632812,812.628173828125,769.236328125,849.503173828125,767.8094482421875,815.7207641601562,832.07275390625,847.7363891601562,828.0620727539062,818.91259765625,897.051513671875,849.722900390625,887.9668579101562
830.6134643554688,657.036865234375,826.7100830078125,651.3724975585938,830.3817138671875,651.6245727539062,815.1937255859375,654.2100830078125,843.601806640625,652.9991455078125,805.1786499023438,684.702880859375,861.0396728515625,680.4995727539062,786.6183471679688,714.965087890625,881.4180908203125,716.422607421875,795.2070922851562,705.2947998046875,882.78125,727.2210693359375,817.7796020507812,763.1387329101562,854.9722900390625,761.0338134765625,820.3502197265625,826.987548828125,852.0958251953125,821.55078125,825.1279907226562,891.9954833984375,852.3602294921875,881.5896606445312
829.3672485351562,649.8827514648438,826.95703125,644.566650390625,830.5191650390625,644.64306640625,819.617431640625,648.1551513671875,846.638427734375,647.1820678710938,809.1195068359375,678.154541015625,862.911865234375,675.5423583984375,788.6943969726562,710.38671875,881.1365966796875,711.9432373046875,794.2960205078125,710.1138305664062,885.0965576171875,728.6884765625,822.49267578125,753.6212768554688,857.7899169921875,752.50146484375,827.3999633789062,816.22265625,857.28662109375,812.806640625,833.010498046875,879.4547119140625,856.2880859375,872.00048828125
836.4774169921875,647.17724609375,832.6416015625,641.9924926757812,836.7908935546875,642.1358642578125,822.5106201171875,646.1683349609375,848.6883544921875,644.7018432617188,814.270263671875,676.221435546875,863.9434814453125,672.42578125,796.6302490234375,707.8677368164062,884.1513671875,706.3973388671875,791.4537353515625,715.5980224609375,888.906982421875,727.81298828125,828.0286865234375,749.9332275390625,860.4076538085938,748.4609985351562,833.3739624023438,811.2720336914062,862.3917846679688,807.6689453125,837.4703369140625,873.8596801757812,861.7487182617188,866.43310546875
836.9063720703125,647.3167724609375,832.98779296875,642.1005249023438,837.1182861328125,642.262451171875,822.5521240234375,646.2122802734375,848.6610717773438,644.7655029296875,814.2259521484375,676.2340087890625,863.8890380859375,672.4173583984375,796.61279296875,707.9066772460938,884.1212768554688,706.3946533203125,791.6060791015625,715.6761474609375,888.8302001953125,727.8888549804688,828.0084228515625,749.98876953125,860.3897705078125,748.510498046875,833.521484375,811.390869140625,862.4664916992188,807.72021484375,837.587158203125,873.9952392578125,861.7879638671875,866.427734375
842.2891845703125,644.873291015625,837.9567260742188,639.7888793945312,842.2254638671875,640.03173828125,826.3467407226562,644.17333984375,850.44287109375,643.1216430664062,818.0066528320312,674.0656127929688,865.0025024414062,671.5463256835938,802.962646484375,706.9119262695312,885.6407470703125,705.0507202148438,789.18408203125,723.405029296875,889.611083984375,727.655029296875,833.019287109375,748.0042724609375,863.8804321289062,747.2696533203125,835.6123046875,809.1915893554688,868.630859375,807.6927490234375,839.5760498046875,871.071044921875,869.842529296875,867.8080444335938
844.688232421875,647.1978149414062,841.0658569335938,642.3074951171875,845.5460205078125,642.2864990234375,829.6862182617188,646.9953002929688,854.9918212890625,646.3616943359375,818.1586303710938,677.4952392578125,869.094482421875,677.580078125,806.21728515625,710.7860107421875,892.6705322265625,709.843017578125,790.9132690429688,733.443359375,892.56005859375,727.6016845703125,835.092529296875,750.9281005859375,868.152099609375,751.8363647460938,840.9501953125,808.2797241210938,873.8927001953125,811.1343383789062,847.3037109375,864.495849609375,873.5476684570312,870.0440673828125
844.298828125,648.7435302734375,841.7019653320312,644.0435791015625,845.529541015625,643.9841918945312,832.2308349609375,648.5806274414062,856.2669067382812,648.543212890625,819.859619140625,679.5712890625,870.26220703125,680.85205078125,809.9681396484375,715.5068359375,893.799560546875,714.4425659179688,800.027099609375,739.4764404296875,894.121826171875,729.0136108398438,839.4852294921875,753.32470703125,871.857666015625,755.1307373046875,849.658935546875,810.8309326171875,877.2364501953125,815.17724609375,856.5999755859375,864.8735961914062,873.4260864257812,872.7251586914062
844.9306640625,649.9656982421875,842.1088256835938,644.8427734375,846.0128173828125,645.1939697265625,833.3018798828125,649.20361328125,857.7720336914062,649.64306640625,825.2587890625,681.8525390625,873.33740234375,682.1466064453125,814.9456787109375,719.9268798828125,895.0922241210938,716.5667724609375,809.010986328125,744.9581909179688,896.370361328125,732.48779296875,843.86181640625,758.03759765625,874.466064453125,758.896484375,856.359375,815.6054077148438,877.0383911132812,817.4595947265625,861.292236328125,868.7421875,870.8428955078125,872.1915893554688
847.1014404296875,648.65869140625,843.69775390625,643.66845703125,848.1139526367188,644.0040283203125,833.8065185546875,648.9634399414062,859.0479736328125,649.07763671875,826.0735473632812,683.2684326171875,874.400634765625,682.0238647460938,816.0191650390625,723.4390869140625,896.033447265625,716.1663208007812,810.9771728515625,752.7874145507812,900.4304809570312,735.355224609375,845.4952392578125,758.873291015625,876.0836791992188,759.129638671875,860.4903564453125,813.68310546875,879.4039306640625,814.4249267578125,863.9635620117188,864.398681640625,870.6912231445312,866.0234375
847.0982666015625,648.5692749023438,843.7110595703125,643.5782470703125,848.1296997070312,643.9173583984375,833.851806640625,648.86962890625,859.0706176757812,649.0108642578125,826.1054077148438,683.1944580078125,874.376708984375,682.003662109375,815.9423828125,723.383544921875,895.9898681640625,716.17578125,810.740478515625,753.1328125,900.5524291992188,735.6762084960938,845.4508666992188,758.8455810546875,876.00048828125,759.1162719726562,860.1854248046875,813.6868896484375,879.1805419921875,814.4675903320312,863.636474609375,864.34814453125,870.544189453125,866.0352783203125
847.0576171875,647.7328491210938,843.2605590820312,643.2401123046875,848.1344604492188,643.23193359375,833.5177001953125,649.3053588867188,859.7401123046875,648.4178466796875,825.12890625,683.970703125,876.0369873046875,680.2682495117188,817.23095703125,724.6926879882812,899.1886596679688,712.8602294921875,813.04345703125,756.7025756835938,904.430419921875,735.846435546875,847.03271484375,756.5385131835938,879.380126953125,756.3348999023438,862.5917358398438,810.3978881835938,885.1448364257812,810.3876953125,867.5848388671875,860.3328857421875,876.6845703125,859.6107177734375
847.0977783203125,648.6554565429688,842.83642578125,644.064453125,847.656982421875,643.9807739257812,833.5054321289062,650.4474487304688,859.4156494140625,648.296142578125,825.825927734375,684.1898193359375,877.1138305664062,676.848388671875,817.158203125,722.2619018554688,898.0354614257812,705.5596923828125,813.8955688476562,751.5791015625,907.0083618164062,730.9913330078125,846.49853515625,749.7783203125,879.5953369140625,747.7701416015625,863.2960205078125,801.5908813476562,891.6328125,798.1986083984375,863.0176391601562,849.3289794921875,881.651611328125,842.3629760742188
851.5386962890625,643.39794921875,846.9068603515625,638.6433715820312,851.7163696289062,638.7501831054688,836.3922119140625,644.5020751953125,861.947021484375,642.751953125,829.4725341796875,676.936767578125,879.1153564453125,671.1322021484375,821.5567016601562,713.8084106445312,898.873779296875,702.7371826171875,818.5609130859375,740.4530639648438,907.9681396484375,731.4300537109375,849.1217651367188,743.1309814453125,881.4984741210938,741.5784301757812,860.6486206054688,793.5441284179688,890.0359497070312,790.13232421875,862.41845703125,843.6091918945312,884.2911376953125,835.373291015625
848.392578125,637.068359375,845.390869140625,632.613037109375,849.244384765625,632.3834838867188,839.1875610351562,639.515625,864.1170654296875,637.0767822265625,831.860595703125,673.3600463867188,882.194091796875,667.2125244140625,823.7271728515625,708.0852661132812,901.444580078125,698.8291015625,824.5706176757812,730.9400024414062,909.4881591796875,728.816162109375,849.8330078125,739.0922241210938,883.142578125,737.21484375,859.46240234375,786.33154296875,890.2349853515625,782.4856567382812,861.0662841796875,837.322265625,887.03759765625,828.802734375
852.488525390625,632.2100830078125,849.7540283203125,627.8214111328125,854.0689697265625,627.4989013671875,842.7674560546875,632.6688232421875,868.5252685546875,630.9697875976562,831.9332885742188,665.3154296875,885.2689208984375,660.6759033203125,825.020751953125,701.4146118164062,904.4742431640625,695.9305419921875,831.402099609375,726.5117797851562,913.1746215820312,727.0245361328125,846.747802734375,734.55126953125,882.5828857421875,733.1365966796875,857.7991943359375,780.1007080078125,892.0208740234375,777.370361328125,860.7116088867188,832.9351806640625,888.9644165039062,827.869873046875
852.5609130859375,632.1057739257812,849.7926635742188,627.7066040039062,854.1180419921875,627.3944091796875,842.7191162109375,632.5487060546875,868.5054931640625,630.8660888671875,831.90673828125,665.2417602539062,885.208984375,660.593017578125,824.9996337890625,701.4618530273438,904.3756713867188,695.9395141601562,831.369384765625,726.59033203125,913.0831298828125,727.0296020507812,846.6417846679688,734.5528564453125,882.45849609375,733.1363525390625,857.8316650390625,780.1228637695312,892.001220703125,777.3711547851562,860.680419921875,833.01806640625,888.882568359375,827.887939453125
853.2637939453125,626.2775268554688,851.5164184570312,621.9404296875,855.3162231445312,621.5223388671875,846.41259765625,626.3864135742188,870.4070434570312,624.97509765625,834.6978149414062,658.5133056640625,886.815673828125,654.359130859375,825.2063598632812,694.88330078125,904.2152709960938,689.0880126953125,831.673095703125,720.982421875,913.2449951171875,719.472900390625,849.0338134765625,728.2281494140625,884.58984375,726.8740234375,855.8318481445312,773.804443359375,895.7283935546875,771.298583984375,859.4222412109375,825.83251953125,896.96142578125,821.1129150390625
858.39306640625,622.7806396484375,855.881103515625,618.4203491210938,859.7034912109375,618.0645751953125,848.2254638671875,622.2332153320312,872.0418090820312,620.6376342773438,836.7337646484375,654.0311889648438,887.551025390625,648.45166015625,828.10498046875,692.879638671875,906.9638671875,682.7200927734375,834.6873779296875,720.3894653320312,917.1552734375,712.1806640625,850.7154541015625,721.9720458984375,886.3865966796875,720.0288696289062,853.9854125976562,766.736083984375,900.687744140625,763.113037109375,854.9149169921875,820.937255859375,906.5731201171875,814.7230224609375
858.41259765625,621.6644287109375,856.0782470703125,616.9219970703125,859.7974853515625,616.5789794921875,850.4158935546875,620.2512817382812,873.3012084960938,618.1821899414062,841.8602294921875,650.0576782226562,889.892822265625,644.0607299804688,834.9876708984375,686.80810546875,908.9774169921875,676.129638671875,838.0789794921875,715.585205078125,918.6582641601562,706.3556518554688,854.758056640625,715.3912963867188,889.8062744140625,713.2167358398438,853.5005493164062,763.15234375,908.8612060546875,759.5352172851562,849.417724609375,814.7664794921875,920.1580810546875,809.3977661132812
857.7891845703125,620.17333984375,856.0408935546875,615.7333374023438,859.6748046875,615.1478271484375,852.5687255859375,619.7704467773438,875.6019287109375,617.010009765625,844.9465942382812,650.6788330078125,891.175537109375,643.9542236328125,839.7022705078125,687.6787109375,910.895751953125,678.1067504882812,840.873046875,718.305419921875,920.052978515625,711.345947265625,856.30419921875,717.0820922851562,891.6344604492188,714.1648559570312,848.072998046875,759.634521484375,913.17529296875,755.4190063476562,844.14453125,811.2171630859375,935.4006958007812,804.8984375
858.2133178710938,622.3834228515625,856.9550170898438,618.1475830078125,860.38525390625,617.3658447265625,854.723876953125,622.9077758789062,876.565185546875,619.723876953125,847.6415405273438,654.4058837890625,892.2208251953125,646.8751220703125,840.3182373046875,691.0130615234375,912.3345947265625,679.513427734375,839.262451171875,721.963134765625,922.9352416992188,712.9422607421875,860.2203369140625,721.0945434570312,895.85791015625,717.5868530273438,842.85546875,760.5699462890625,921.881103515625,755.57958984375,831.5535278320312,810.2466430664062,948.6116943359375,802.5267333984375
858.3680419921875,622.3399658203125,857.076904296875,618.098388671875,860.5107421875,617.3302001953125,854.7237548828125,622.8472900390625,876.544921875,619.6986083984375,847.6993408203125,654.2784423828125,892.114501953125,646.82958984375,840.3674926757812,690.8062744140625,912.2810668945312,679.4686279296875,839.1630249023438,721.5868530273438,922.8875732421875,712.7074584960938,860.3505249023438,720.9778442382812,895.870361328125,717.50439453125,842.7095947265625,760.6317138671875,921.702880859375,755.689697265625,831.4415283203125,810.28662109375,948.527587890625,802.618896484375
861.1005249023438,626.228515625,859.9637451171875,622.3496704101562,863.1217041015625,621.5069580078125,857.9793701171875,628.2097778320312,878.2625732421875,624.898193359375,852.3773193359375,660.8567504882812,893.9782104492188,653.660888671875,844.7757568359375,696.1881103515625,913.281494140625,685.4591674804688,840.8919677734375,723.68359375,924.2155151367188,718.6927490234375,864.3513793945312,724.7333984375,899.828857421875,721.6119384765625,837.298828125,764.8499755859375,927.4332275390625,760.000732421875,816.3394775390625,812.6431274414062,955.9733276367188,805.4500122070312
860.641845703125,635.8272705078125,859.56494140625,631.482421875,863.0765991210938,630.8201904296875,858.083251953125,635.4926147460938,879.1111450195312,632.95556640625,852.564208984375,666.2621459960938,895.9342041015625,661.1694946289062,847.765380859375,704.6065673828125,915.2481079101562,697.905029296875,848.7156372070312,733.9910888671875,924.876953125,728.607666015625,868.144287109375,733.7117919921875,905.3597412109375,730.998291015625,835.6591186523438,768.4161987304688,935.9326171875,764.8884887695312,810.0733642578125,812.4261474609375,961.2403564453125,805.7633056640625
867.1093139648438,643.8603515625,864.4938354492188,639.184326171875,869.4043579101562,639.0008544921875,859.8050537109375,642.9263916015625,885.1888427734375,641.3701782226562,854.66748046875,673.310546875,902.5013427734375,669.7583618164062,852.01220703125,713.4072265625,921.39404296875,709.4949951171875,854.736083984375,746.8216552734375,929.2952270507812,742.2086181640625,869.8632202148438,743.9880981445312,910.3665771484375,742.046630859375,839.1588134765625,768.3765869140625,943.0134887695312,765.802001953125,808.1716918945312,811.3720703125,963.7904052734375,805.038818359375
876.1360473632812,652.3221435546875,873.740966796875,647.8399047851562,878.593994140625,647.3538208007812,868.763427734375,651.4505615234375,891.827392578125,649.2235717773438,863.745849609375,680.0244140625,908.5801391601562,675.946044921875,864.45703125,720.0814208984375,928.607177734375,712.830322265625,869.92724609375,752.9723510742188,938.7823486328125,749.4882202148438,877.8762817382812,749.232421875,915.376708984375,748.1281127929688,845.70068359375,770.2197875976562,941.6102294921875,768.9814453125,820.1559448242188,811.32373046875,957.9012451171875,810.2133178710938
884.63525390625,657.1650390625,881.9971923828125,652.9951782226562,886.7264404296875,652.3596801757812,878.8606567382812,657.3653564453125,901.7276611328125,654.1494750976562,876.5946044921875,686.50927734375,922.44091796875,678.9295654296875,874.2119140625,725.59716796875,943.88671875,709.2068481445312,872.0209350585938,756.8482666015625,950.4521484375,738.4180297851562,889.145263671875,751.1705932617188,927.6505737304688,748.3899536132812,850.7257690429688,770.395751953125,948.5540771484375,767.1602783203125,813.39892578125,811.9696044921875,958.09130859375,807.349853515625
884.32763671875,657.23486328125,881.7685546875,653.0645751953125,886.478515625,652.3997192382812,878.8538818359375,657.389404296875,901.7408447265625,654.115966796875,876.619140625,686.4557495117188,922.5330810546875,678.8623046875,874.2967529296875,725.5509033203125,943.853271484375,709.2412109375,872.1134033203125,757.0391235351562,950.0582885742188,738.87841796875,889.2152099609375,751.257080078125,927.7694091796875,748.462646484375,850.6529541015625,770.3997802734375,948.45556640625,767.1729125976562,813.4609375,811.8370361328125,957.9942626953125,807.2281494140625
896.2703857421875,655.56884765625,894.02734375,651.897705078125,898.5986328125,651.1712036132812,892.695556640625,657.0772705078125,914.0206298828125,653.6011962890625,890.8277587890625,685.9105224609375,932.7193603515625,677.1188354492188,887.959228515625,722.2642822265625,955.8623046875,701.8170166015625,885.8978271484375,750.430908203125,967.9282836914062,725.39208984375,898.151611328125,747.119384765625,933.6095581054688,743.7142333984375,860.9283447265625,773.0177001953125,954.185546875,769.246337890625,814.4218139648438,810.59912109375,955.8048706054688,805.9150390625
903.5543212890625,655.4361572265625,902.2545166015625,651.838134765625,906.6251220703125,651.0219116210938,903.8162841796875,655.6370239257812,924.2772216796875,652.364013671875,902.3690185546875,683.4932861328125,945.4630737304688,674.5554809570312,893.4847412109375,719.353759765625,969.6370239257812,699.1009521484375,887.5457763671875,748.5833129882812,982.5294799804688,724.0126342773438,911.584716796875,744.1607666015625,947.325439453125,739.8702392578125,863.0028076171875,776.2877197265625,958.5333251953125,772.1224365234375,824.473388671875,808.59228515625,964.30517578125,803.647705078125
908.4688720703125,656.9522094726562,908.484130859375,653.287353515625,911.7529907226562,652.23486328125,913.2482299804688,655.8568115234375,931.1356201171875,652.3785400390625,912.590576171875,680.7296752929688,952.1321411132812,673.1494140625,900.480712890625,715.7840576171875,980.5596313476562,699.1192016601562,891.8541870117188,737.706787109375,990.3748779296875,715.429931640625,925.9509887695312,740.3875732421875,957.4598388671875,736.3665161132812,885.8973999023438,767.62158203125,969.1705322265625,764.0018920898438,840.93359375,811.0233154296875,966.2659912109375,805.4967041015625
922.9713134765625,657.176513671875,922.0925903320312,653.4918212890625,925.880126953125,652.178955078125,923.3583984375,657.0693969726562,943.4212646484375,652.1292114257812,921.22216796875,683.0796508789062,962.49853515625,672.4631958007812,902.9285888671875,715.4075927734375,990.781982421875,697.4749755859375,892.100341796875,722.9342041015625,1006.6400756835938,710.3558349609375,937.7979736328125,740.9705200195312,968.8883056640625,735.1593017578125,892.31005859375,774.0261840820312,969.132568359375,766.65771484375,854.6892700195312,816.649169921875,970.409912109375,804.0194091796875
932.5534057617188,652.6168823242188,931.1334228515625,649.146728515625,935.74169921875,648.4114990234375,930.210205078125,652.9562377929688,952.8162841796875,649.9883422851562,925.724853515625,678.8323364257812,970.474609375,670.11083984375,907.1312255859375,709.9222412109375,996.76220703125,692.69775390625,908.0187377929688,714.7700805664062,1020.6402587890625,703.88330078125,940.0291748046875,740.1904907226562,972.4664306640625,735.9087524414062,906.2283325195312,773.6741943359375,973.16357421875,767.1659545898438,883.7861938476562,811.7071533203125,974.8631591796875,800.616943359375
932.2897338867188,652.5249633789062,930.90673828125,649.0592041015625,935.506103515625,648.3137817382812,930.1294555664062,652.8937377929688,952.7596435546875,649.896484375,925.7085571289062,678.8532104492188,970.4807739257812,670.08056640625,907.157470703125,710.00830078125,996.7589721679688,692.77197265625,908.22607421875,714.4603271484375,1020.6534423828125,703.773193359375,939.98095703125,740.3663330078125,972.4241943359375,736.0572509765625,906.3406982421875,773.7431640625,973.1395263671875,767.177734375,884.0340576171875,811.8592529296875,974.8070068359375,800.6700439453125
945.7109375,645.114990234375,943.5889892578125,641.2127075195312,947.8236083984375,641.3895263671875,939.915283203125,645.8424072265625,960.433837890625,645.4679565429688,934.1987915039062,672.8922119140625,975.8479614257812,669.4411010742188,919.2720947265625,701.2396240234375,1001.1641845703125,694.722412109375,921.1756591796875,699.949462890625,1025.475341796875,696.3967895507812,941.8223876953125,733.7567138671875,969.83544921875,732.0225830078125,929.3534545898438,770.1558837890625,974.9558715820312,767.4620361328125,917.3779907226562,806.5904541015625,967.338623046875,802.3126831054688
955.9815673828125,638.9923095703125,953.703125,634.8662109375,957.4775390625,635.2835693359375,947.7298583984375,638.6632080078125,967.0314331054688,639.524169921875,941.6094970703125,665.9722900390625,979.0570068359375,664.5574340820312,930.7979736328125,696.9296264648438,1002.9212036132812,689.4141235351562,933.8441162109375,697.0392456054688,1022.78466796875,679.2984008789062,949.266845703125,727.4476318359375,972.7505493164062,726.8268432617188,949.1484375,770.9603271484375,974.5739135742188,770.7723388671875,950.6109619140625,806.5655517578125,965.8471069335938,806.7685546875
973.253662109375,635.6732177734375,969.2063598632812,631.449462890625,972.9515380859375,631.99853515625,954.9605712890625,636.65087890625,975.2738037109375,637.6744995117188,945.4447631835938,664.28857421875,983.8941650390625,664.128662109375,939.89794921875,692.69775390625,1004.8449096679688,685.05126953125,946.5895385742188,694.37890625,1015.2659912109375,673.5201416015625,954.028564453125,727.7523193359375,978.2041625976562,728.3080444335938,961.3177490234375,774.3469848632812,978.6044311523438,775.2361450195312,965.9344482421875,817.461181640625,970.062744140625,819.4773559570312
979.6822509765625,637.0037841796875,975.0780029296875,632.7095947265625,979.0131225585938,633.5516967773438,960.2546997070312,637.8597412109375,981.689697265625,639.1321411132812,950.7046508789062,665.8095703125,989.876220703125,665.583740234375,944.937255859375,691.2738647460938,1007.6490478515625,685.9343872070312,955.3009643554688,685.7828979492188,1017.6769409179688,674.2098999023438,960.595458984375,728.6690673828125,986.158447265625,729.3583984375,970.1025390625,777.4531860351562,987.812744140625,777.66455078125,969.2411499023438,823.7481689453125,979.54541015625,825.0767211914062
990.933837890625,635.9631958007812,984.7745361328125,631.558349609375,988.232177734375,632.7549438476562,966.729736328125,638.7301025390625,985.0491943359375,639.6019287109375,960.2206420898438,669.5216674804688,992.3448486328125,666.9827880859375,955.2415771484375,693.5765380859375,1008.28466796875,686.5687255859375,964.9490966796875,682.1737670898438,1021.6334228515625,675.708984375,971.1273193359375,733.03271484375,992.5673217773438,732.7135009765625,984.32568359375,781.0982666015625,1000.56591796875,778.1903686523438,978.7265625,826.9334106445312,991.72216796875,822.6223754882812
990.87744140625,636.0064697265625,984.6941528320312,631.6107788085938,988.2782592773438,632.801513671875,966.6333618164062,638.7744750976562,985.317138671875,639.661865234375,960.028564453125,669.5423583984375,992.590087890625,667.0387573242188,954.6600952148438,693.6591796875,1008.2894287109375,686.6029052734375,963.9283447265625,682.309814453125,1021.3108520507812,675.5952758789062,970.94677734375,732.994873046875,992.635009765625,732.6986083984375,984.367919921875,780.971923828125,1000.7247314453125,778.1456298828125,978.7736206054688,826.9183349609375,991.630615234375,822.7059326171875
997.548095703125,640.35986328125,990.50927734375,635.3662109375,994.7850952148438,636.85546875,971.063232421875,641.256103515625,991.9436645507812,642.6238403320312,965.7544555664062,671.0327758789062,999.1419677734375,669.5244750976562,974.2465209960938,696.102294921875,1011.1847534179688,694.8901977539062,1001.498779296875,679.5089111328125,1025.60986328125,683.0897216796875,976.960205078125,735.457275390625,1001.744384765625,735.571044921875,992.8319091796875,776.99462890625,1021.8473510742188,773.6240234375,980.178466796875,827.0008544921875,1012.2130737304688,820.881103515625
1005.390380859375,639.4506225585938,998.1802978515625,634.51953125,1002.050048828125,636.3009033203125,977.0993041992188,639.3096923828125,995.625732421875,641.8460693359375,971.7372436523438,667.73876953125,1001.00439453125,668.7103881835938,988.6397094726562,690.7113647460938,1013.8178100585938,694.847412109375,1025.5953369140625,671.6990966796875,1036.387939453125,678.4542846679688,984.2700805664062,736.1876220703125,1008.016357421875,737.5753784179688,1001.35595703125,774.9356689453125,1039.136962890625,772.7536010742188,982.1282958984375,828.29931640625,1031.543701171875,823.31591796875
1012.6572265625,641.6107177734375,1005.3583984375,636.3883056640625,1008.9495849609375,638.7203369140625,984.1478271484375,640.933837890625,1002.2495727539062,645.1619262695312,976.6060180664062,669.8916625976562,1009.3298950195312,673.9052124023438,988.9759521484375,689.9248657226562,1022.4654541015625,699.90771484375,1023.353759765625,662.5997924804688,1043.3199462890625,674.504638671875,987.3092651367188,741.2122192382812,1013.5633544921875,743.823486328125,1004.160888671875,776.6010131835938,1049.2528076171875,776.4500732421875,981.9669189453125,830.777587890625,1039.875732421875,828.6571044921875
1017.43017578125,638.9110107421875,1009.0753784179688,634.348388671875,1012.9381103515625,637.5410766601562,988.9727783203125,644.0078125,1007.6087036132812,649.4671630859375,989.3004150390625,672.611328125,1017.337646484375,679.19580078125,1004.8075561523438,692.2236328125,1034.1412353515625,702.1611328125,1032.13037109375,668.6554565429688,1049.02587890625,674.40380859375,1002.076171875,741.3865356445312,1025.1854248046875,745.8154907226562,1012.2164306640625,779.4385986328125,1059.8265380859375,782.3697509765625,981.120361328125,832.285400390625,1045.51708984375,835.0530395507812
1026.9713134765625,644.388671875,1019.3775634765625,639.5851440429688,1022.3472900390625,642.8194580078125,999.4978637695312,647.49755859375,1015.9466552734375,653.5416870117188,995.9947509765625,674.2243041992188,1025.494873046875,682.0560913085938,1000.932861328125,696.0487060546875,1041.4744873046875,707.4063720703125,1023.1532592773438,672.495361328125,1055.7137451171875,679.3820190429688,1010.179443359375,742.587890625,1034.656982421875,747.3477783203125,1015.573974609375,787.0925903320312,1070.67236328125,790.705078125,980.6512451171875,838.0242919921875,1056.998046875,842.0203857421875
1026.909912109375,644.303466796875,1019.3032836914062,639.506591796875,1022.30224609375,642.709228515625,999.374755859375,647.4810180664062,1015.927734375,653.430419921875,995.7962036132812,674.2996215820312,1025.5751953125,681.9481201171875,1000.5598754882812,696.1466674804688,1041.688720703125,707.1524047851562,1022.580078125,672.4174194335938,1055.7769775390625,679.0067749023438,1010.030517578125,742.709228515625,1034.67138671875,747.39013671875,1015.491943359375,787.1895751953125,1070.7188720703125,790.706787109375,980.4860229492188,838.1010131835938,1056.8740234375,841.982421875
1032.4400634765625,650.9030151367188,1026.584716796875,646.7593383789062,1029.40380859375,648.7147216796875,1008.862060546875,654.8568115234375,1026.5810546875,658.651123046875,1000.6453857421875,678.0731811523438,1036.879638671875,686.9127197265625,994.1080322265625,688.9922485351562,1058.3720703125,705.90625,989.8406982421875,658.68603515625,1054.147705078125,673.7116088867188,1017.2459106445312,747.3165283203125,1045.29736328125,752.2005615234375,1016.8304443359375,792.193603515625,1079.075927734375,798.7373046875,985.8641357421875,841.026611328125,1070.88232421875,850.728759765625
1036.1644287109375,660.3289184570312,1031.951171875,656.4520263671875,1035.04052734375,657.478759765625,1018.2060546875,663.910400390625,1039.2711181640625,666.0418090820312,1008.4971923828125,685.31005859375,1050.47802734375,693.8448486328125,1001.1688842773438,690.137451171875,1073.8179931640625,708.0423583984375,990.5718383789062,664.3729858398438,1058.589111328125,680.1516723632812,1024.8607177734375,753.872314453125,1056.50830078125,758.4815673828125,1019.5281982421875,798.77001953125,1085.227294921875,807.0338134765625,990.3896484375,845.195556640625,1079.046630859375,858.3422241210938
1053.6978759765625,669.5792236328125,1047.735107421875,664.5404052734375,1050.1024169921875,665.1947021484375,1027.0897216796875,672.9708251953125,1044.9141845703125,672.87451171875,1017.4259033203125,698.2504272460938,1058.935546875,701.31689453125,1015.51220703125,696.9963989257812,1088.943115234375,702.8258666992188,1007.3927001953125,679.5299072265625,1073.3138427734375,682.9046630859375,1031.6602783203125,768.251953125,1063.050048828125,770.925537109375,1021.3541259765625,815.429443359375,1088.93310546875,820.079833984375,989.367919921875,855.43798828125,1082.412109375,865.2031860351562
1059.9765625,674.6635131835938,1054.44482421875,670.3555297851562,1056.3011474609375,672.0598754882812,1037.3404541015625,681.6720581054688,1053.054443359375,684.2694091796875,1029.090576171875,712.8316040039062,1063.909423828125,714.052001953125,1017.7736206054688,713.9351196289062,1089.2196044921875,712.46435546875,1013.8984375,699.1766357421875,1097.067138671875,693.0000610351562,1036.484375,787.260986328125,1062.623779296875,788.3289184570312,1029.051025390625,833.2158203125,1094.0003662109375,833.9256591796875,996.3539428710938,879.436279296875,1087.6446533203125,879.4625244140625
1072.445556640625,693.2650756835938,1068.256103515625,688.0950317382812,1069.509033203125,689.4826049804688,1049.61572265625,694.4274291992188,1061.516357421875,697.982177734375,1036.678466796875,718.6273193359375,1071.445068359375,724.814453125,1035.939453125,723.3948364257812,1107.0179443359375,727.582275390625,1051.628173828125,712.58544921875,1131.34228515625,701.3029174804688,1050.03515625,789.4385375976562,1073.9959716796875,793.7722778320312,1046.661865234375,831.5496826171875,1098.839599609375,836.964111328125,1023.6736450195312,875.7738647460938,1092.6611328125,885.94873046875
1072.529052734375,693.4613037109375,1068.33740234375,688.305908203125,1069.68359375,689.6763916015625,1049.55712890625,694.5914306640625,1061.7294921875,698.1401977539062,1036.2093505859375,718.7753295898438,1071.652587890625,724.8670654296875,1033.207763671875,723.6689453125,1107.572509765625,727.4767456054688,1046.8919677734375,713.0526123046875,1131.984375,701.0458984375,1049.83642578125,789.479248046875,1074.05029296875,793.736083984375,1046.8489990234375,831.6044921875,1098.908447265625,836.9628295898438,1024.1539306640625,875.7994995117188,1092.9761962890625,885.95068359375
1075.5150146484375,699.219970703125,1072.533203125,695.3153686523438,1075.7064208984375,696.2451171875,1059.4652099609375,700.56494140625,1074.7593994140625,703.8851318359375,1045.0760498046875,723.5095825195312,1081.204345703125,729.2840576171875,1034.7587890625,734.8365478515625,1125.138671875,730.3759765625,1033.7122802734375,723.5157470703125,1155.339111328125,691.1504516601562,1051.36181640625,794.6632690429688,1076.0357666015625,799.1563720703125,1052.283447265625,835.9974365234375,1104.670166015625,844.3321533203125,1020.455078125,875.1311645507812,1095.3663330078125,892.1602783203125
1083.583740234375,699.863037109375,1080.366943359375,695.5889282226562,1082.6224365234375,696.6845703125,1064.291259765625,700.35400390625,1077.11962890625,704.421875,1046.366455078125,724.7291870117188,1083.0479736328125,732.9647827148438,1037.3868408203125,739.5443115234375,1128.4320068359375,743.658935546875,1040.2301025390625,735.8941040039062,1163.274658203125,717.6845703125,1051.106201171875,796.3881225585938,1075.94482421875,801.7861328125,1055.743408203125,836.2894287109375,1106.0416259765625,844.91796875,1026.93505859375,876.4564208984375,1096.3243408203125,892.786865234375
1087.333984375,697.7221069335938,1082.20751953125,693.1041259765625,1085.4608154296875,695.1256713867188,1062.972900390625,699.1663818359375,1081.6474609375,704.3809814453125,1046.9541015625,724.9758911132812,1090.7393798828125,735.744140625,1031.466552734375,740.9489135742188,1131.97021484375,757.84326171875,1039.043701171875,728.5393676757812,1164.0933837890625,742.5823974609375,1052.897705078125,801.0611572265625,1082.218017578125,807.244384765625,1053.4581298828125,834.8139038085938,1106.30517578125,841.9242553710938,1026.357421875,877.2676391601562,1090.8070068359375,886.8971557617188
1089.8883056640625,696.6259155273438,1085.141357421875,691.1869506835938,1087.7957763671875,693.9578857421875,1067.15087890625,695.205810546875,1083.400146484375,702.8002319335938,1051.0035400390625,718.81298828125,1088.404052734375,735.9237670898438,1036.93310546875,730.498779296875,1117.9117431640625,764.1424560546875,1041.77294921875,722.4629516601562,1145.6163330078125,760.6803588867188,1053.694091796875,791.8694458007812,1079.270751953125,800.6021728515625,1057.80615234375,832.5775146484375,1105.5672607421875,842.860595703125,1032.962646484375,874.6290893554688,1094.1044921875,888.6011962890625
1092.565673828125,688.7943115234375,1087.87451171875,682.991943359375,1090.710693359375,686.1392211914062,1070.07080078125,686.00048828125,1087.728759765625,694.6185913085938,1053.81787109375,709.0701293945312,1089.0625,729.0899047851562,1035.7415771484375,721.1974487304688,1106.5633544921875,765.1239624023438,1037.42138671875,713.5314331054688,1128.129638671875,772.0286865234375,1051.853271484375,783.3458862304688,1076.66796875,793.032470703125,1055.7109375,829.982666015625,1101.0927734375,840.9674072265625,1030.8756103515625,875.259765625,1091.8941650390625,889.029052734375
1092.55517578125,688.8110961914062,1087.834716796875,683.0021362304688,1090.68212890625,686.15966796875,1069.9527587890625,686.04248046875,1087.6895751953125,694.6778564453125,1053.694091796875,709.0983276367188,1089.01513671875,729.1665649414062,1035.6776123046875,721.0733642578125,1106.518310546875,765.22607421875,1037.58740234375,713.1870727539062,1128.07861328125,772.138916015625,1051.664306640625,783.3923950195312,1076.537353515625,793.1043090820312,1055.812744140625,830.0341796875,1101.23046875,841.0149536132812,1030.72021484375,875.3731689453125,1091.8262939453125,889.0748291015625
1094.9473876953125,683.7984619140625,1090.10107421875,677.4375,1092.0015869140625,681.0218505859375,1070.6961669921875,679.019287109375,1086.6868896484375,688.6677856445312,1052.324462890625,702.7047119140625,1088.043701171875,724.344970703125,1032.9156494140625,718.468994140625,1099.2978515625,766.714111328125,1038.2479248046875,709.9915771484375,1115.506103515625,776.8355712890625,1048.936279296875,778.1552124023438,1074.67041015625,788.33056640625,1052.4862060546875,826.3953857421875,1095.8699951171875,837.2422485351562,1033.19580078125,874.8870849609375,1090.6392822265625,888.1160888671875
1094.379150390625,679.7201538085938,1089.663818359375,673.11669921875,1092.259033203125,676.8271484375,1070.378173828125,672.5326538085938,1089.2100830078125,682.8973388671875,1050.83447265625,694.3851928710938,1088.33447265625,716.495361328125,1030.9515380859375,713.99169921875,1093.4244384765625,760.9327392578125,1038.225830078125,717.060546875,1105.3751220703125,779.4420776367188,1043.692138671875,770.0396728515625,1070.77978515625,780.396484375,1050.120849609375,820.0361938476562,1090.95458984375,831.3601684570312,1036.18212890625,870.873046875,1090.1973876953125,885.3132934570312
1094.7086181640625,675.6605224609375,1089.972412109375,668.809326171875,1092.7430419921875,672.7435913085938,1069.9534912109375,668.0801391601562,1090.826416015625,679.3985595703125,1047.9976806640625,690.7093505859375,1090.5784912109375,713.5819091796875,1026.4698486328125,714.8040771484375,1092.4912109375,758.5317993164062,1034.5673828125,728.9336547851562,1098.629150390625,779.1422119140625,1038.6712646484375,766.0036010742188,1069.109130859375,776.7972412109375,1047.5516357421875,817.0903930664062,1089.8829345703125,829.7023315429688,1032.518310546875,869.082275390625,1085.7222900390625,885.62939453125
1094.657958984375,675.26953125,1089.6981201171875,668.2744140625,1092.8011474609375,672.4361572265625,1069.4403076171875,667.462158203125,1091.5531005859375,679.471435546875,1045.69482421875,690.1543579101562,1092.4803466796875,714.3786010742188,1022.213134765625,716.7713623046875,1093.9947509765625,761.2073364257812,1027.337646484375,734.5833740234375,1096.4140625,781.9454345703125,1034.4310302734375,766.20703125,1067.0859375,777.6727294921875,1048.5386962890625,815.2662353515625,1090.8189697265625,829.4295043945312,1027.1734619140625,864.377685546875,1075.572998046875,883.3739013671875
1090.9539794921875,675.9586181640625,1086.2138671875,669.3363037109375,1090.304931640625,672.691162109375,1066.30615234375,668.866943359375,1090.8857421875,679.0628662109375,1042.36181640625,692.6742553710938,1092.259521484375,714.0921630859375,1018.8133544921875,723.1514282226562,1095.6009521484375,760.3990478515625,1018.308349609375,746.3013916015625,1095.986328125,782.0665283203125,1032.23828125,771.1612548828125,1066.9794921875,781.3870239257812,1042.5665283203125,819.6604614257812,1089.3714599609375,833.3995971679688,1020.3118896484375,866.5599365234375,1073.0677490234375,886.060791015625
1090.90625,675.9658203125,1086.190673828125,669.334228515625,1090.2469482421875,672.7005615234375,1066.28955078125,668.8771362304688,1090.906982421875,679.1152954101562,1042.286376953125,692.7460327148438,1092.2772216796875,714.2039184570312,1018.9509887695312,723.29736328125,1095.48828125,760.5525512695312,1019.4255981445312,746.3038330078125,1095.9854736328125,782.0809326171875,1032.1689453125,771.1847534179688,1067.036376953125,781.4412841796875,1042.49072265625,819.7706298828125,1089.4033203125,833.5094604492188,1020.0399169921875,866.5948486328125,1073.052978515625,886.0615234375
1087.6685791015625,677.7680053710938,1082.72607421875,671.5448608398438,1087.0035400390625,674.1541748046875,1062.2664794921875,672.084228515625,1085.9266357421875,680.0256958007812,1040.06201171875,696.79443359375,1088.30517578125,714.8631591796875,1016.9820556640625,726.1253662109375,1096.329833984375,758.2794799804688,1007.0999755859375,748.5001831054688,1096.26171875,779.3662719726562,1033.2745361328125,776.4737548828125,1066.806884765625,785.0816650390625,1036.7744140625,823.5306396484375,1086.218017578125,835.7037963867188,1015.4679565429688,870.730712890625,1072.6173095703125,888.5955810546875
1081.1632080078125,677.4082641601562,1075.9888916015625,671.3081665039062,1080.59814453125,673.5950317382812,1055.791259765625,672.559814453125,1079.89111328125,679.3067626953125,1035.9305419921875,697.6348266601562,1083.7745361328125,713.992431640625,1015.3546142578125,727.3043212890625,1093.9403076171875,757.178466796875,1002.2059936523438,751.075439453125,1092.795166015625,779.998779296875,1033.603759765625,778.0877685546875,1066.9779052734375,785.9599609375,1034.286865234375,823.1612548828125,1084.96142578125,834.5679931640625,1012.732177734375,870.1453857421875,1072.002197265625,886.953369140625
1073.939697265625,673.2802734375,1069.3785400390625,667.2144775390625,1073.3087158203125,669.1495361328125,1050.6141357421875,668.9558715820312,1073.2095947265625,674.5973510742188,1032.3564453125,694.7095947265625,1077.5052490234375,708.9446411132812,1012.7366943359375,724.3007202148438,1089.7501220703125,751.564208984375,998.3746337890625,749.55419921875,1090.05908203125,777.6541748046875,1031.09521484375,774.9827880859375,1062.801513671875,781.7763061523438,1027.01220703125,822.647705078125,1077.674072265625,832.5693969726562,1010.7262573242188,872.0738525390625,1073.300048828125,887.220458984375
1064.90380859375,666.480224609375,1059.909423828125,660.725830078125,1064.736083984375,662.0975341796875,1040.9564208984375,663.9402465820312,1066.1888427734375,667.5884399414062,1024.982421875,692.3714599609375,1073.3826904296875,701.8519897460938,1007.3428344726562,725.847900390625,1086.9888916015625,744.6205444335938,993.502685546875,752.8272705078125,1087.54248046875,774.5535278320312,1027.430419921875,770.9653930664062,1061.647216796875,775.4962158203125,1015.8653564453125,820.6990966796875,1070.721435546875,827.28857421875,1008.0919189453125,873.9896240234375,1075.740966796875,884.84521484375
1054.79541015625,659.49658203125,1050.48974609375,654.324462890625,1054.4266357421875,655.026123046875,1033.8056640625,658.7908325195312,1056.162109375,660.5899658203125,1018.2498779296875,688.7161865234375,1064.089111328125,695.53759765625,1002.8929443359375,721.8134765625,1081.711181640625,736.553955078125,982.5875244140625,747.4932861328125,1080.4970703125,765.272705078125,1023.1671142578125,765.5791015625,1056.1776123046875,768.8783569335938,1008.6705322265625,816.4803466796875,1065.76416015625,822.1027221679688,1003.1451416015625,872.9921875,1075.3990478515625,882.030517578125
1054.9266357421875,659.4970092773438,1050.569091796875,654.3165893554688,1054.5279541015625,655.0264282226562,1033.7406005859375,658.8045043945312,1056.1552734375,660.6103515625,1018.171142578125,688.7622680664062,1064.120361328125,695.5892944335938,1002.8849487304688,721.8974609375,1081.7879638671875,736.6131591796875,982.6309814453125,747.6397705078125,1080.4896240234375,765.3106689453125,1023.1573486328125,765.5953369140625,1056.247802734375,768.9024658203125,1008.7369995117188,816.5612182617188,1065.885009765625,822.1876220703125,1003.0902099609375,873.1026611328125,1075.3758544921875,882.1453857421875
1040.0955810546875,656.7564697265625,1038.0902099609375,651.9659423828125,1042.157470703125,652.0510864257812,1029.3421630859375,655.9832153320312,1052.4931640625,657.09033203125,1015.7347412109375,685.388427734375,1061.8525390625,691.5119018554688,999.5858154296875,717.11181640625,1081.03173828125,732.622802734375,977.88671875,743.2468872070312,1082.936279296875,760.96337890625,1021.5167236328125,761.895263671875,1054.26806640625,764.589111328125,1007.394287109375,813.1975708007812,1063.81103515625,819.1219482421875,999.8944091796875,867.9567260742188,1071.2698974609375,877.9202270507812
1036.641845703125,651.9090576171875,1034.2191162109375,646.9663696289062,1037.7548828125,647.3468017578125,1025.3955078125,650.4276733398438,1046.5035400390625,651.8231201171875,1013.262451171875,679.8309936523438,1057.72509765625,685.4165649414062,996.5252685546875,711.0684204101562,1077.5849609375,726.4176025390625,973.236572265625,735.3572998046875,1081.402099609375,754.3653564453125,1019.6683349609375,757.1868896484375,1050.8487548828125,759.570556640625,1007.1373901367188,809.36376953125,1059.8153076171875,814.2724609375,998.7061767578125,864.4725952148438,1063.5399169921875,871.8847045898438
1033.702392578125,645.6690673828125,1030.748046875,640.74462890625,1034.523681640625,641.004638671875,1020.9866943359375,645.242431640625,1043.06494140625,645.7886962890625,1009.0775756835938,676.1215209960938,1056.1270751953125,678.7291259765625,990.7750854492188,706.5344848632812,1076.8709716796875,717.7067260742188,969.9580078125,730.067626953125,1084.994873046875,749.17724609375,1016.828125,751.1050415039062,1048.798583984375,752.101318359375,1006.5547485351562,804.4440307617188,1054.7177734375,806.4949951171875,1000.17724609375,860.7388916015625,1055.55615234375,863.0271606445312
1029.977294921875,641.1514892578125,1026.2550048828125,636.14892578125,1030.922119140625,636.3951416015625,1014.904541015625,640.985107421875,1040.339599609375,640.7395629882812,1004.001708984375,671.26220703125,1052.762939453125,672.5831298828125,982.9281005859375,705.3440551757812,1076.3048095703125,712.3642578125,968.263916015625,729.4636840820312,1088.8779296875,748.21875,1015.3807983398438,747.5985717773438,1047.73291015625,748.6129760742188,1007.019287109375,803.7110595703125,1049.468994140625,804.1235961914062,1001.59423828125,861.9144287109375,1053.77734375,858.9686279296875
1021.9493408203125,637.082275390625,1021.84814453125,632.0691528320312,1020.553466796875,632.7396240234375,1022.2545776367188,635.6761474609375,1025.154296875,636.5316162109375,1032.2596435546875,666.109619140625,1020.14794921875,666.0687255859375,1047.9193115234375,697.4072875976562,1001.2955932617188,697.2628784179688,1060.249267578125,732.5121459960938,984.1156005859375,724.9689331054688,1032.590576171875,744.3858032226562,1025.923583984375,744.3984375,1033.85986328125,798.339111328125,1020.4118041992188,799.0677490234375,1036.343994140625,854.3385009765625,1017.32373046875,854.135498046875
1021.791015625,637.0772705078125,1021.52001953125,632.09521484375,1020.7598876953125,632.69287109375,1021.334716796875,635.6946411132812,1026.181396484375,636.4481811523438,1028.963134765625,666.1617431640625,1023.2385864257812,665.9718627929688,1040.33740234375,697.8899536132812,1007.709716796875,697.0164794921875,1049.872314453125,732.39501953125,993.0023193359375,724.4774169921875,1030.355712890625,744.5408935546875,1027.787353515625,744.5103759765625,1030.5325927734375,798.38134765625,1023.3136596679688,799.0892333984375,1032.81494140625,854.3642578125,1020.526123046875,854.148193359375
1022.2276611328125,633.5887451171875,1020.5033569335938,628.518798828125,1022.5606689453125,628.5252685546875,1014.5989379882812,631.699462890625,1032.8118896484375,630.783447265625,1005.5894165039062,662.2117309570312,1046.550048828125,659.9522705078125,983.7620849609375,692.8966674804688,1067.2144775390625,693.3961181640625,970.9421997070312,717.8150024414062,1081.3685302734375,729.5300903320312,1014.73974609375,740.1435546875,1041.744384765625,738.9774169921875,1008.9190673828125,796.2723999023438,1043.339111328125,793.70654296875,1007.0877685546875,854.6727905273438,1045.492431640625,849.1297607421875
1023.4022216796875,628.0498046875,1019.90185546875,622.845703125,1023.465087890625,622.9910278320312,1009.84423828125,627.718017578125,1034.1414794921875,626.4134521484375,999.4242553710938,659.5228271484375,1049.72216796875,656.9575805664062,978.9395141601562,692.8068237304688,1071.572998046875,694.9625244140625,969.6927490234375,712.5819702148438,1083.5440673828125,732.234130859375,1010.4923095703125,734.876953125,1043.802978515625,733.91357421875,1003.22802734375,790.434326171875,1041.2049560546875,787.2667236328125,1002.775146484375,850.7161865234375,1046.862548828125,842.164794921875
1016.4608154296875,626.4407348632812,1014.2489013671875,621.4212646484375,1017.5509643554688,621.3192749023438,1008.7064208984375,626.0462036132812,1032.0089111328125,624.3909912109375,999.969970703125,657.2675170898438,1048.947265625,654.4501953125,980.5247802734375,691.9517822265625,1069.6668701171875,693.008056640625,970.8013916015625,714.21728515625,1081.196044921875,730.782958984375,1012.3223876953125,731.894775390625,1045.024169921875,730.6459350585938,998.8990478515625,785.5496826171875,1038.7371826171875,782.734375,1002.53125,845.1710815429688,1049.545654296875,837.87353515625
1015.110107421875,629.41357421875,1012.9473876953125,624.3637084960938,1015.9762573242188,624.21728515625,1006.702392578125,628.65673828125,1029.14111328125,627.0364379882812,997.467529296875,659.8131103515625,1046.470703125,656.61083984375,980.3487548828125,697.3939208984375,1068.2193603515625,696.0929565429688,973.3614501953125,724.3779296875,1080.754638671875,734.9243774414062,1010.3887939453125,733.6389770507812,1043.603759765625,732.1777954101562,993.816650390625,783.870849609375,1037.7213134765625,780.6692504882812,1000.28857421875,841.171142578125,1052.917724609375,832.9820556640625
1007.89208984375,634.379638671875,1006.634521484375,629.6705932617188,1009.9286499023438,629.119873046875,1004.1610107421875,633.9451293945312,1026.415283203125,631.365478515625,997.57666015625,664.3478393554688,1043.55908203125,658.9729614257812,982.7852783203125,702.1921997070312,1061.0078125,696.209716796875,977.3961181640625,727.6942138671875,1072.69384765625,732.00341796875,1011.676025390625,735.2886962890625,1043.23779296875,732.6245727539062,990.391357421875,785.489013671875,1034.993408203125,780.9566650390625,999.521240234375,839.845458984375,1053.518798828125,829.9535522460938
1007.9659423828125,634.420166015625,1006.6837158203125,629.7012939453125,1009.977294921875,629.1563720703125,1004.1322631835938,633.9305419921875,1026.4097900390625,631.3593139648438,997.5353393554688,664.2900390625,1043.5789794921875,658.9159545898438,982.8304443359375,702.177490234375,1061.0592041015625,696.1927490234375,977.529541015625,727.7118530273438,1072.67333984375,731.972900390625,1011.6220703125,735.2704467773438,1043.231201171875,732.6099243164062,990.42431640625,785.6182250976562,1035.055419921875,781.0843505859375,999.5537109375,839.9653930664062,1053.524658203125,830.0567626953125
1009.2376098632812,638.842041015625,1007.5149536132812,633.9297485351562,1009.4638671875,633.5655517578125,1003.119384765625,638.929931640625,1023.2774658203125,636.1744384765625,996.7340698242188,670.968505859375,1041.23681640625,664.1484375,981.9381103515625,707.5171508789062,1061.888916015625,699.15283203125,975.9586181640625,730.9183349609375,1072.135986328125,732.9095458984375,1009.4298706054688,739.644287109375,1039.6181640625,736.3665771484375,990.4661865234375,792.447998046875,1029.071044921875,786.5826416015625,998.3355102539062,844.9793701171875,1046.14208984375,832.3377685546875
1014.1475830078125,646.4089965820312,1010.6368408203125,641.6513671875,1014.29638671875,641.1354370117188,1002.13134765625,646.3861694335938,1025.84716796875,642.6571044921875,997.4580078125,677.6995849609375,1044.710205078125,667.9246215820312,984.241943359375,712.912109375,1061.3309326171875,703.443603515625,977.7255249023438,729.0618286132812,1069.8953857421875,740.4696044921875,1012.2164306640625,745.4766845703125,1044.575927734375,740.4014892578125,987.7098999023438,797.14599609375,1030.9168701171875,787.268310546875,999.7007446289062,848.67138671875,1047.47021484375,829.760498046875
1008.6319580078125,651.265625,1006.8246459960938,646.80126953125,1009.7984619140625,645.7667846679688,1003.960693359375,651.5548706054688,1026.751708984375,646.583740234375,999.9752197265625,682.3089599609375,1047.3958740234375,672.348876953125,985.6301879882812,715.24560546875,1064.7010498046875,711.0435791015625,980.3236083984375,718.578857421875,1072.5628662109375,747.7459716796875,1016.3780517578125,747.6231079101562,1048.546142578125,742.1571044921875,990.6785888671875,798.47265625,1030.8670654296875,787.8798828125,998.5906982421875,852.7677001953125,1041.820556640625,832.805419921875
1010.268798828125,651.5084838867188,1008.7670288085938,646.505126953125,1011.8602294921875,645.8739013671875,1006.08984375,650.5104370117188,1030.3006591796875,646.8992919921875,1000.5470581054688,680.2025146484375,1050.1309814453125,673.9188842773438,984.8336791992188,713.166259765625,1068.2327880859375,712.4402465820312,989.5810546875,705.07421875,1078.3338623046875,732.6590576171875,1020.9752197265625,747.8858642578125,1053.32421875,744.426025390625,993.4615478515625,798.8296508789062,1026.6253662109375,791.814453125,997.7037963867188,853.762939453125,1029.376220703125,838.6770629882812
1020.7293090820312,648.2716674804688,1017.505615234375,643.5152587890625,1021.3094482421875,643.2840576171875,1011.4364013671875,646.6885986328125,1036.5576171875,643.4375610351562,1008.3195190429688,673.6103515625,1053.689453125,668.090087890625,990.5659790039062,694.6420288085938,1074.52099609375,705.049560546875,991.0443115234375,677.97509765625,1086.250732421875,731.583740234375,1025.13671875,745.1259765625,1053.8509521484375,741.0477294921875,1004.2437744140625,798.478271484375,1021.614013671875,789.8094482421875,998.5501708984375,853.9114379882812,1010.0482177734375,838.0830688476562
1020.7464599609375,648.2432861328125,1017.522705078125,643.4844970703125,1021.298828125,643.2616577148438,1011.4527587890625,646.6575927734375,1036.4981689453125,643.4221801757812,1008.357421875,673.5756225585938,1053.618408203125,668.0591430664062,990.66357421875,694.5947875976562,1074.40576171875,704.9903564453125,991.142822265625,677.991455078125,1086.08984375,731.5234375,1025.0576171875,744.9730224609375,1053.70068359375,740.8961791992188,1004.2911987304688,798.3841552734375,1021.5081787109375,789.7194213867188,998.7037353515625,853.7700805664062,1010.00927734375,837.960693359375
1035.71484375,636.794921875,1031.6365966796875,631.906005859375,1034.9342041015625,632.3142700195312,1021.2232666015625,636.6959838867188,1043.659912109375,635.63330078125,1015.6402587890625,663.0828857421875,1057.013427734375,662.3687133789062,998.4730224609375,678.2725830078125,1078.65478515625,695.40185546875,996.3673095703125,664.0454711914062,1090.65380859375,716.3386840820312,1029.894775390625,733.1951904296875,1054.609130859375,731.6355590820312,1022.7476806640625,788.6513671875,1031.0511474609375,784.2727661132812,1006.219970703125,841.7052612304688,1002.8848876953125,832.46044921875
1035.707763671875,631.2474975585938,1034.076904296875,626.78955078125,1036.54931640625,626.8431396484375,1030.985595703125,630.8544921875,1050.592529296875,629.58935546875,1025.8837890625,655.5570068359375,1063.1129150390625,654.378173828125,1004.4796142578125,667.6927490234375,1086.2734375,686.3609619140625,1004.6383666992188,649.0743408203125,1109.91259765625,707.9178466796875,1038.325439453125,723.802490234375,1059.99072265625,721.8167724609375,1028.3961181640625,777.9461669921875,1036.3751220703125,772.677734375,1014.884033203125,832.786376953125,1016.7991943359375,822.2103271484375
1041.365234375,624.1791381835938,1040.0357666015625,620.6463623046875,1043.0517578125,620.101318359375,1038.46337890625,623.52099609375,1056.805908203125,620.3916015625,1035.48095703125,645.1925659179688,1071.7109375,639.782958984375,1020.603759765625,662.5193481445312,1102.09423828125,663.705322265625,1021.4288330078125,650.9279174804688,1121.751220703125,680.2586059570312,1046.181884765625,717.1300659179688,1067.1514892578125,713.51123046875,1041.657958984375,775.9736938476562,1051.9091796875,768.5482177734375,1040.2674560546875,836.762451171875,1036.605712890625,823.89794921875
1048.7298583984375,614.60888671875,1047.241943359375,611.0771484375,1051.0904541015625,610.898193359375,1045.65576171875,614.54638671875,1066.520263671875,612.896240234375,1045.380859375,635.6998901367188,1080.5521240234375,634.7391967773438,1039.826416015625,651.015869140625,1110.991943359375,659.7676391601562,1045.5596923828125,640.1637573242188,1129.9769287109375,673.6082763671875,1054.77880859375,707.26513671875,1074.78369140625,705.9136352539062,1046.1171875,757.5672607421875,1051.083984375,753.6901245117188,1059.881591796875,811.2976684570312,1045.4866943359375,803.7116088867188
1052.941162109375,606.5782470703125,1054.037109375,602.5401611328125,1056.4749755859375,601.7205810546875,1056.0196533203125,605.9050903320312,1078.453857421875,603.7835693359375,1052.46923828125,629.3367919921875,1093.245361328125,627.6975708007812,1038.1427001953125,647.9017944335938,1118.6551513671875,656.68212890625,1049.9775390625,637.1138305664062,1131.1591796875,666.4652709960938,1062.8939208984375,702.4291381835938,1085.959228515625,699.8334350585938,1043.0439453125,751.9110717773438,1037.8338623046875,748.1566772460938,1073.9569091796875,794.0802612304688,1044.847900390625,789.5839233398438
1053.0181884765625,606.5843505859375,1054.11767578125,602.54931640625,1056.545166015625,601.7000122070312,1055.9376220703125,605.9308471679688,1078.5462646484375,603.7550659179688,1052.112060546875,629.4187622070312,1093.39208984375,627.6859130859375,1038.2991943359375,648.3443603515625,1118.6483154296875,656.4945068359375,1050.660400390625,637.8711547851562,1130.0849609375,665.715576171875,1062.519287109375,702.4598388671875,1085.99169921875,699.8641357421875,1042.894287109375,751.9934692382812,1038.0826416015625,748.331787109375,1074.0455322265625,793.8978881835938,1045.064453125,789.6359252929688
1065.693359375,599.468994140625,1065.0771484375,595.8590087890625,1068.19482421875,595.4271240234375,1064.1612548828125,598.1525268554688,1084.53466796875,596.3800048828125,1062.296875,619.8975830078125,1099.11669921875,618.524658203125,1050.9658203125,638.0095825195312,1128.0172119140625,643.5242309570312,1053.14697265625,632.5084228515625,1142.677978515625,657.6043701171875,1072.0875244140625,697.27392578125,1090.962646484375,695.8775024414062,1065.7298583984375,744.2080078125,1054.1480712890625,740.833984375,1100.737548828125,784.6490478515625,1054.100341796875,777.6585693359375
1075.620361328125,592.2940673828125,1076.6014404296875,588.934326171875,1078.2298583984375,588.3187255859375,1077.60546875,593.1267700195312,1093.108154296875,591.7777099609375,1071.186279296875,614.5805053710938,1108.63720703125,615.8591918945312,1055.4691162109375,633.4844360351562,1138.454345703125,641.5025634765625,1053.8935546875,627.5647583007812,1155.0228271484375,651.7095947265625,1084.637451171875,687.2027587890625,1103.034912109375,687.4302978515625,1074.55126953125,734.323486328125,1064.222412109375,734.030517578125,1115.375244140625,773.11669921875,1067.0401611328125,771.58935546875
1087.2547607421875,590.3072509765625,1092.853515625,585.7210693359375,1084.9207763671875,585.7808227539062,1105.008056640625,587.427734375,1085.8668212890625,588.0785522460938,1116.0252685546875,609.284912109375,1083.3341064453125,608.3707275390625,1138.8975830078125,632.5889892578125,1061.4808349609375,627.5227661132812,1160.3753662109375,649.3570556640625,1058.46533203125,624.45263671875,1105.5289306640625,680.9807739257812,1088.068603515625,679.5044555664062,1074.287109375,729.940673828125,1078.180908203125,729.3787841796875,1095.745361328125,769.4739990234375,1110.490478515625,769.1900634765625
1104.2117919921875,587.7130737304688,1109.3248291015625,583.3411254882812,1100.4244384765625,583.1980590820312,1118.811767578125,583.7391357421875,1096.315673828125,583.9017944335938,1129.193359375,604.7547607421875,1091.6300048828125,601.072265625,1150.494873046875,630.9465942382812,1067.7396240234375,619.7418823242188,1165.23681640625,645.9620971679688,1049.267333984375,631.1526489257812,1115.119873046875,674.0303955078125,1094.0172119140625,671.4037475585938,1094.4652099609375,723.7891845703125,1088.0496826171875,719.5581665039062,1115.0791015625,768.6895751953125,1118.4315185546875,761.7352294921875
1112.3568115234375,589.1333618164062,1117.141357421875,584.7608642578125,1109.117919921875,584.4306030273438,1125.67333984375,585.31005859375,1105.369140625,585.066162109375,1137.111572265625,606.5925903320312,1097.5506591796875,602.2088012695312,1156.312744140625,631.0181884765625,1070.2757568359375,618.3563842773438,1168.68359375,646.4298706054688,1045.080078125,631.2053833007812,1123.685302734375,676.4552612304688,1100.5338134765625,673.494873046875,1108.83349609375,724.243408203125,1093.0272216796875,719.6337890625,1131.3699951171875,768.4136352539062,1121.99169921875,761.1183471679688
1112.3770751953125,589.09228515625,1117.1397705078125,584.7252197265625,1109.17578125,584.386474609375,1125.6097412109375,585.2930297851562,1105.4951171875,585.0284423828125,1136.9068603515625,606.5751953125,1097.77099609375,602.2335205078125,1156.1326904296875,630.88623046875,1070.422607421875,618.3726806640625,1168.25732421875,646.1903076171875,1045.255615234375,631.2984619140625,1123.6236572265625,676.492919921875,1100.714111328125,673.5577392578125,1108.90771484375,724.2100830078125,1093.13427734375,719.6434936523438,1131.6871337890625,768.222900390625,1121.906494140625,760.984619140625
1113.765869140625,582.740966796875,1115.10693359375,579.705322265625,1118.081298828125,579.4960327148438,1119.1732177734375,583.2178955078125,1135.0498046875,583.93701171875,1111.415771484375,603.8082275390625,1149.853515625,607.4266357421875,1076.7322998046875,624.2432861328125,1172.959228515625,633.8094482421875,1047.1400146484375,633.67626953125,1185.3167724609375,646.6707153320312,1112.9686279296875,677.7943115234375,1133.41015625,678.22314453125,1101.28466796875,723.59814453125,1113.74951171875,725.5875244140625,1136.0264892578125,766.1158447265625,1127.7498779296875,768.8746337890625
1127.0787353515625,580.9120483398438,1128.3226318359375,577.2210083007812,1130.095703125,577.3575439453125,1131.3709716796875,580.2904052734375,1146.175048828125,581.2484741210938,1122.338623046875,600.78662109375,1161.617919921875,604.4445190429688,1083.4964599609375,618.5823364257812,1182.763427734375,633.5963745117188,1057.118408203125,620.5081787109375,1197.2177734375,653.8499145507812,1121.9300537109375,673.121826171875,1144.4410400390625,673.4285888671875,1104.3377685546875,715.8081665039062,1126.22021484375,715.4283447265625,1133.6806640625,759.443115234375,1147.293212890625,756.5015869140625
1142.746337890625,579.0156860351562,1142.4788818359375,575.3115234375,1145.6031494140625,575.1425170898438,1140.6993408203125,578.7811279296875,1159.5562744140625,578.566162109375,1129.396484375,602.5010986328125,1172.305419921875,601.573486328125,1090.4737548828125,623.1099853515625,1193.2371826171875,627.2215576171875,1064.38671875,628.1102294921875,1208.6572265625,646.4752197265625,1125.385986328125,673.3980712890625,1152.327392578125,671.8687133789062,1110.1405029296875,715.5052490234375,1148.513916015625,712.3660888671875,1129.3538818359375,759.3283081054688,1173.58984375,752.3963012695312
1157.16455078125,581.3803100585938,1160.292724609375,578.0810546875,1156.5535888671875,576.984130859375,1163.297119140625,580.7927856445312,1155.949462890625,578.71533203125,1167.6312255859375,602.1895141601562,1144.24853515625,598.5450439453125,1188.279296875,620.6507568359375,1113.471435546875,612.6712646484375,1212.6922607421875,635.5225830078125,1083.605712890625,635.7401123046875,1152.858154296875,669.2437133789062,1143.013671875,667.5925903320312,1128.9437255859375,713.7727661132812,1147.3641357421875,711.5986938476562,1130.381591796875,755.738037109375,1164.0504150390625,753.4595947265625
1163.338623046875,586.03173828125,1163.466552734375,581.9100952148438,1164.697998046875,581.50732421875,1163.0830078125,583.7049560546875,1175.013671875,582.2093505859375,1154.380859375,608.464111328125,1188.478759765625,602.3377685546875,1120.55615234375,628.6123046875,1217.4884033203125,619.3638916015625,1096.1944580078125,641.425537109375,1246.8021240234375,636.5018310546875,1151.06494140625,673.7109985351562,1172.8587646484375,670.0581665039062,1131.114501953125,715.6539306640625,1175.0806884765625,709.6910400390625,1130.189453125,757.11474609375,1192.1593017578125,746.4761352539062
1163.390869140625,585.8153076171875,1163.4326171875,581.7074584960938,1164.794189453125,581.3182373046875,1162.8961181640625,583.608154296875,1175.1326904296875,582.1441650390625,1154.248291015625,608.4739990234375,1188.530517578125,602.4004516601562,1120.7464599609375,628.605712890625,1217.3714599609375,619.3548583984375,1096.485107421875,641.3233642578125,1246.588623046875,636.2811279296875,1150.991943359375,673.753173828125,1172.910400390625,670.1395263671875,1131.0682373046875,715.50048828125,1175.119140625,709.6063232421875,1130.217529296875,757.0462646484375,1192.050048828125,746.5174560546875
1178.7547607421875,593.6893920898438,1182.7034912109375,589.6480712890625,1175.974853515625,588.950927734375,1188.867431640625,589.0333251953125,1169.57568359375,587.8959350585938,1197.08984375,604.6727294921875,1157.497314453125,608.0894165039062,1229.41162109375,612.347412109375,1135.468017578125,630.4661865234375,1238.086669921875,614.2272338867188,1109.32373046875,650.2352905273438,1182.8050537109375,670.260498046875,1157.072265625,670.431640625,1179.9365234375,704.523193359375,1140.0023193359375,706.0548095703125,1189.775634765625,743.0186767578125,1132.65966796875,747.6854248046875
1186.607421875,595.3359985351562,1189.7811279296875,591.2971801757812,1184.254150390625,591.0650634765625,1193.1956787109375,590.8474731445312,1179.0550537109375,590.74462890625,1198.438232421875,603.6114501953125,1167.2562255859375,610.7691650390625,1224.317626953125,603.7356567382812,1149.7216796875,630.3483276367188,1239.1513671875,595.0128173828125,1130.74169921875,654.533203125,1185.119140625,665.3406982421875,1164.2109375,667.9607543945312,1183.3189697265625,697.0091552734375,1150.4403076171875,699.950439453125,1187.95947265625,738.2612915039062,1139.1910400390625,742.5924072265625
1197.621337890625,590.9130249023438,1195.06591796875,587.0477294921875,1197.6009521484375,586.8549194335938,1185.2366943359375,591.7464599609375,1200.68505859375,590.3084716796875,1174.1298828125,617.4505004882812,1208.226318359375,605.6829833984375,1152.896484375,642.4547729492188,1223.664306640625,595.3936767578125,1140.64501953125,659.29736328125,1228.1689453125,573.3046875,1165.847412109375,672.7152099609375,1189.5401611328125,668.2810668945312,1148.672119140625,704.9539184570312,1193.38623046875,699.9719848632812,1131.296875,749.3428955078125,1193.31396484375,741.4638671875
1200.0887451171875,589.5181274414062,1198.7216796875,586.167236328125,1201.39501953125,585.8482666015625,1192.3074951171875,589.8250732421875,1208.49072265625,588.9285278320312,1182.34814453125,612.8255004882812,1213.401123046875,603.6211547851562,1159.562744140625,638.6884155273438,1220.1058349609375,602.0068359375,1153.541259765625,647.5930786132812,1222.300537109375,579.3444213867188,1172.7764892578125,668.574951171875,1195.679931640625,664.6878051757812,1152.6610107421875,703.5398559570312,1199.53564453125,699.3565673828125,1135.7545166015625,748.0546875,1202.767578125,740.81494140625
1199.2388916015625,587.82373046875,1198.96533203125,584.9127197265625,1201.4359130859375,584.4453125,1195.67529296875,590.04541015625,1212.96142578125,588.9039916992188,1185.663330078125,610.9644775390625,1217.7001953125,602.1456298828125,1164.9281005859375,616.132568359375,1221.1480712890625,585.214599609375,1171.1131591796875,591.1688842773438,1220.874267578125,541.28271484375,1172.94384765625,663.59521484375,1196.3577880859375,659.6582641601562,1153.230712890625,703.0450439453125,1195.430908203125,698.0945434570312,1139.388427734375,747.7734375,1200.567138671875,740.1705322265625
1199.43212890625,587.855224609375,1199.120849609375,584.9354248046875,1201.5908203125,584.471435546875,1195.6541748046875,589.9718017578125,1212.9981689453125,588.8387451171875,1185.56005859375,610.8236083984375,1217.6923828125,602.093505859375,1165.030029296875,616.3411865234375,1221.105224609375,585.94580078125,1171.502197265625,591.3564453125,1220.798095703125,542.5428466796875,1172.86572265625,663.422607421875,1196.4132080078125,659.5125122070312,1153.2222900390625,702.7745971679688,1195.75830078125,697.8092041015625,1139.4320068359375,747.3634033203125,1201.04638671875,739.68115234375
1201.8870849609375,584.4995727539062,1202.2420654296875,580.9820556640625,1204.1434326171875,580.5145263671875,1199.989501953125,584.572509765625,1216.293212890625,584.0504150390625,1189.888427734375,605.45458984375,1221.388916015625,602.5913696289062,1172.037353515625,624.185546875,1219.873046875,615.2884521484375,1174.1319580078125,623.8724365234375,1214.2625732421875,608.561767578125,1177.2236328125,658.8015747070312,1201.246337890625,656.798828125,1153.8385009765625,695.2482299804688,1199.544189453125,693.325439453125,1143.2786865234375,740.6507568359375,1205.396240234375,736.36181640625
1205.773681640625,582.5333251953125,1208.1435546875,578.4962158203125,1205.9185791015625,577.6077880859375,1207.4373779296875,580.3757934570312,1212.7066650390625,578.7332763671875,1195.225341796875,601.1309204101562,1214.2364501953125,598.4636840820312,1175.184326171875,627.2265625,1208.7042236328125,622.6952514648438,1170.5675048828125,635.3861694335938,1198.3480224609375,633.4532470703125,1182.5108642578125,654.3472900390625,1198.409912109375,652.2589111328125,1156.0135498046875,693.59130859375,1191.8072509765625,691.5186157226562,1144.6605224609375,739.909423828125,1198.4189453125,735.8472290039062
1202.6910400390625,578.697998046875,1203.363525390625,574.8411865234375,1204.580322265625,574.1014404296875,1200.7884521484375,577.6054077148438,1215.80908203125,576.46337890625,1189.076416015625,598.9876708984375,1221.420166015625,596.5287475585938,1167.7423095703125,624.376708984375,1218.345947265625,617.7926025390625,1159.12939453125,637.3555908203125,1205.701904296875,626.7583618164062,1179.0455322265625,652.2763671875,1203.8074951171875,650.409912109375,1153.8675537109375,692.12841796875,1201.638671875,690.8487548828125,1144.98583984375,738.014892578125,1210.0684814453125,734.2846069335938
1205.011474609375,570.1920776367188,1203.57763671875,565.813720703125,1206.3419189453125,565.51220703125,1196.450439453125,568.4950561523438,1216.124755859375,567.766357421875,1186.015869140625,591.6001586914062,1222.166259765625,589.612060546875,1165.2396240234375,620.3253784179688,1219.499755859375,617.651123046875,1152.972412109375,635.1724243164062,1206.5633544921875,634.0595703125,1178.415283203125,649.31298828125,1205.5306396484375,647.6061401367188,1152.802978515625,690.1756591796875,1201.2861328125,688.4075927734375,1145.236328125,737.7017211914062,1209.2379150390625,732.01025390625
1198.7275390625,562.45166015625,1197.44287109375,558.3273315429688,1200.624267578125,558.03466796875,1192.1915283203125,561.767822265625,1211.5572509765625,561.0831909179688,1182.7255859375,585.2733154296875,1219.646484375,583.5980224609375,1162.90771484375,615.4053344726562,1220.8411865234375,611.6513671875,1149.561767578125,631.5189208984375,1213.9417724609375,627.5582275390625,1179.70654296875,643.80126953125,1207.011474609375,642.4402465820312,1153.58447265625,684.5499267578125,1203.883056640625,683.507568359375,1145.3497314453125,735.794677734375,1210.8284912109375,731.7450561523438
1198.7476806640625,562.514404296875,1197.4825439453125,558.3895263671875,1200.6412353515625,558.0845947265625,1192.25439453125,561.8033447265625,1211.579345703125,561.0809326171875,1182.736328125,585.2752685546875,1219.673828125,583.4891967773438,1162.8707275390625,615.4447021484375,1220.84130859375,611.4981689453125,1149.697509765625,631.4046020507812,1214.0218505859375,627.39697265625,1179.625244140625,643.6920166015625,1206.93017578125,642.27490234375,1153.46923828125,684.909423828125,1203.7236328125,683.76953125,1145.3603515625,735.9966430664062,1210.7059326171875,731.8222045898438
1199.6834716796875,556.918701171875,1197.757568359375,552.5401000976562,1201.1378173828125,552.6116943359375,1190.5380859375,555.3983154296875,1209.561767578125,555.6160278320312,1179.7569580078125,579.0098266601562,1217.270751953125,579.5349731445312,1160.09423828125,610.0038452148438,1220.93115234375,611.2115478515625,1146.2305908203125,628.9989624023438,1220.03369140625,633.0941162109375,1177.9110107421875,637.9200439453125,1205.79150390625,637.712646484375,1151.7548828125,681.1897583007812,1205.2178955078125,681.329345703125,1141.7960205078125,732.9618530273438,1212.784912109375,730.919189453125
1199.306640625,552.0189208984375,1196.6402587890625,547.3421020507812,1200.1715087890625,547.7125244140625,1187.18212890625,549.9802856445312,1206.5325927734375,550.6956787109375,1175.673583984375,573.6890258789062,1214.433349609375,575.3642578125,1157.982421875,605.04638671875,1219.696044921875,610.3489990234375,1147.0042724609375,627.89111328125,1224.2755126953125,642.05517578125,1174.999267578125,634.3984985351562,1203.6885986328125,634.8347778320312,1148.5350341796875,680.010498046875,1202.541748046875,680.025146484375,1140.4677734375,732.3546142578125,1211.95849609375,729.5237426757812
1191.1455078125,551.501708984375,1189.9755859375,546.88818359375,1192.40234375,546.8130493164062,1184.1483154296875,548.167724609375,1200.6337890625,548.0108032226562,1172.380859375,570.3416748046875,1209.3013916015625,570.7008056640625,1154.0609130859375,601.9725952148438,1218.0157470703125,605.3952026367188,1143.7451171875,626.6436767578125,1225.9024658203125,639.713134765625,1171.308349609375,630.7972412109375,1198.693603515625,630.5802612304688,1145.5772705078125,677.6270751953125,1198.757080078125,676.8759765625,1139.5087890625,730.4031372070312,1211.55615234375,727.14306640625
1189.732421875,547.5459594726562,1187.5654296875,542.9560546875,1191.17333984375,543.0152587890625,1179.2237548828125,545.37890625,1199.20703125,545.4737548828125,1166.7120361328125,569.1962890625,1207.717041015625,570.157958984375,1150.733642578125,602.0616455078125,1213.558837890625,606.029052734375,1140.31494140625,629.76220703125,1217.3486328125,642.59423828125,1165.5985107421875,630.7083129882812,1195.8775634765625,630.9142456054688,1141.0076904296875,678.1425170898438,1196.3865966796875,678.2303466796875,1137.89501953125,729.1841430664062,1209.044189453125,727.6856079101562
1181.350341796875,547.3055419921875,1179.7406005859375,542.9586181640625,1183.567626953125,542.8071899414062,1173.774169921875,546.74267578125,1194.5560302734375,546.4288330078125,1162.1328125,572.0447998046875,1204.53564453125,572.8610229492188,1147.790283203125,605.1162109375,1211.9439697265625,608.5386352539062,1137.362548828125,633.5286865234375,1216.570556640625,644.4307250976562,1163.2899169921875,632.3267822265625,1194.28369140625,632.5546264648438,1139.58642578125,679.9623413085938,1194.67431640625,680.557861328125,1135.4912109375,731.4449462890625,1205.403076171875,731.1331787109375
1181.66162109375,547.4061889648438,1180.008056640625,543.0501098632812,1183.826416015625,542.910888671875,1173.86279296875,546.81884765625,1194.640625,546.5235595703125,1162.12744140625,572.1115112304688,1204.593994140625,572.9534301757812,1147.7396240234375,605.2088623046875,1211.9906005859375,608.7146606445312,1137.3123779296875,633.58642578125,1216.5640869140625,644.7182006835938,1163.216064453125,632.3856201171875,1194.242919921875,632.626220703125,1139.516845703125,680.09521484375,1194.5567626953125,680.684814453125,1135.5635986328125,731.473876953125,1205.298095703125,731.1447143554688
1178.37744140625,552.5450439453125,1176.913818359375,548.0305786132812,1179.826904296875,547.911865234375,1170.570068359375,550.840087890625,1188.776123046875,550.531005859375,1158.5107421875,575.1371459960938,1199.2578125,576.27197265625,1144.8189697265625,608.1368408203125,1209.5621337890625,612.9569702148438,1134.6177978515625,636.20556640625,1215.4365234375,650.1539306640625,1160.767578125,635.2561645507812,1190.7119140625,635.6936645507812,1137.8720703125,682.943359375,1193.2325439453125,683.5147094726562,1134.2244873046875,732.4407958984375,1205.130126953125,732.0128173828125
1169.114501953125,553.4610595703125,1167.949462890625,549.08740234375,1171.144287109375,548.7833251953125,1164.60400390625,553.1353759765625,1185.2386474609375,551.9915161132812,1155.620361328125,580.8533935546875,1197.426025390625,578.7423095703125,1139.439453125,612.12060546875,1206.19091796875,612.6363525390625,1127.3438720703125,638.507568359375,1208.555419921875,647.1846923828125,1155.007568359375,644.2982177734375,1185.620849609375,642.97216796875,1137.51025390625,690.9284057617188,1190.077392578125,689.2630615234375,1132.9097900390625,737.8265380859375,1201.8172607421875,733.9405517578125
1166.71240234375,556.5716552734375,1164.7086181640625,551.9657592773438,1167.6541748046875,551.8109130859375,1158.3336181640625,555.7771606445312,1179.740966796875,554.50390625,1149.162841796875,583.9805908203125,1192.51318359375,580.3070068359375,1132.6248779296875,616.876708984375,1200.61083984375,615.1347045898438,1124.4619140625,642.1580810546875,1201.37060546875,650.851806640625,1150.3179931640625,647.4447021484375,1182.07861328125,645.4627685546875,1135.59912109375,695.1031494140625,1188.166748046875,691.41552734375,1133.9765625,742.6529541015625,1201.76953125,734.5380859375
1161.1080322265625,555.5621337890625,1158.634033203125,550.8316650390625,1161.874267578125,550.7891845703125,1150.40234375,555.4278564453125,1173.8212890625,554.261474609375,1140.85498046875,585.2735595703125,1186.5263671875,581.3128662109375,1123.99658203125,619.1430053710938,1194.42431640625,618.3328247070312,1120.0382080078125,641.528076171875,1196.444580078125,654.7128295898438,1143.13525390625,649.5535888671875,1176.3299560546875,647.470703125,1131.404052734375,697.8887939453125,1183.9453125,693.1339111328125,1135.9176025390625,745.8621826171875,1202.8046875,735.5528564453125
1157.166748046875,558.9661865234375,1154.6048583984375,554.299072265625,1157.331298828125,554.22314453125,1144.6861572265625,557.8207397460938,1164.880615234375,556.6309204101562,1134.4779052734375,585.1522827148438,1175.9566650390625,581.03125,1119.1796875,618.6134033203125,1184.46142578125,616.2055053710938,1116.712890625,640.2705688476562,1189.8089599609375,650.5724487304688,1138.1396484375,650.522705078125,1168.391357421875,648.5098876953125,1127.9178466796875,697.357421875,1179.087646484375,692.397705078125,1139.7413330078125,745.4561767578125,1203.931396484375,735.13916015625
1157.14404296875,559.0987548828125,1154.5750732421875,554.4226684570312,1157.307373046875,554.3538818359375,1144.6436767578125,557.8807983398438,1164.864013671875,556.7103271484375,1134.433837890625,585.1134643554688,1175.940185546875,581.0516357421875,1119.1593017578125,618.5211181640625,1184.5001220703125,616.236572265625,1116.7928466796875,640.0062255859375,1189.78369140625,650.466552734375,1138.0892333984375,650.4925537109375,1168.36474609375,648.511474609375,1127.9417724609375,697.365966796875,1179.0858154296875,692.4510498046875,1139.71337890625,745.5162353515625,1203.8875732421875,735.2839965820312
1149.7469482421875,555.4651489257812,1146.8157958984375,551.0261840820312,1150.059814453125,550.9093627929688,1136.0343017578125,556.2913818359375,1159.109619140625,554.62451171875,1126.5115966796875,585.36865234375,1170.0966796875,580.4931640625,1111.35302734375,617.4661865234375,1179.570068359375,616.5017700195312,1114.495849609375,630.24365234375,1187.196044921875,649.5590209960938,1132.114013671875,650.658203125,1163.440673828125,648.3660888671875,1124.9208984375,698.7120361328125,1173.466552734375,692.3877563476562,1138.016357421875,745.8070678710938,1198.3677978515625,733.000244140625
1144.5968017578125,556.516357421875,1142.467041015625,552.0372924804688,1144.24462890625,551.8887939453125,1132.43310546875,556.1160888671875,1151.2535400390625,554.6896362304688,1120.285400390625,583.405517578125,1160.4739990234375,580.0875244140625,1103.72900390625,613.4622192382812,1171.0867919921875,616.1621704101562,1107.9031982421875,619.623291015625,1180.090087890625,647.1912231445312,1125.8240966796875,649.7147827148438,1154.410888671875,648.1360473632812,1121.6748046875,699.221435546875,1162.06982421875,693.3575439453125,1134.65234375,747.5863037109375,1183.1024169921875,734.3314819335938
1136.0146484375,554.6726684570312,1134.935791015625,550.311767578125,1136.200439453125,550.0633544921875,1127.4664306640625,554.61279296875,1145.4117431640625,553.3966064453125,1114.003173828125,582.3211669921875,1155.297607421875,580.5612182617188,1097.573486328125,611.6175537109375,1166.0379638671875,617.1060791015625,1103.869140625,616.5341796875,1174.751708984375,647.1656494140625,1121.1651611328125,649.3399047851562,1149.9384765625,648.65869140625,1121.0123291015625,699.9635620117188,1157.251220703125,695.9320068359375,1133.8624267578125,749.6727294921875,1173.000244140625,740.253173828125
1132.517822265625,555.936279296875,1131.9779052734375,551.35400390625,1132.27490234375,551.0118408203125,1124.5714111328125,554.3019409179688,1139.818115234375,553.162109375,1109.001953125,580.4910888671875,1150.1556396484375,579.6048583984375,1091.0146484375,610.0640258789062,1165.319580078125,615.720458984375,1094.570556640625,623.3002319335938,1174.533447265625,650.096435546875,1116.91455078125,648.466064453125,1144.6357421875,648.32421875,1120.6904296875,700.8800048828125,1150.596923828125,698.1470947265625,1132.30517578125,752.3399658203125,1161.9306640625,745.4888916015625
1130.792236328125,553.031982421875,1128.074462890625,548.70361328125,1130.9329833984375,548.9185791015625,1116.76220703125,552.5552978515625,1136.9417724609375,552.451171875,1103.68310546875,577.8785400390625,1147.2835693359375,579.2557983398438,1085.9329833984375,611.7594604492188,1160.945556640625,621.1122436523438,1081.6397705078125,634.8135986328125,1167.15185546875,662.7523193359375,1111.6788330078125,649.582275390625,1140.4573974609375,650.2457275390625,1112.2515869140625,705.3191528320312,1140.3939208984375,704.027099609375,1128.380859375,756.7806396484375,1150.58349609375,752.1026611328125
1130.870849609375,552.8566284179688,1128.02001953125,548.5465698242188,1131.07177734375,548.79296875,1116.5313720703125,552.4957275390625,1137.0877685546875,552.468017578125,1103.64453125,577.95751953125,1147.338134765625,579.4149169921875,1086.312744140625,611.9111328125,1160.6429443359375,621.2147827148438,1081.8814697265625,635.232421875,1166.8001708984375,662.732421875,1111.6510009765625,649.5785522460938,1140.5128173828125,650.2929077148438,1112.2374267578125,705.1957397460938,1140.57373046875,704.014404296875,1128.581787109375,756.5443725585938,1150.80419921875,752.0608520507812
1124.0859375,555.2015380859375,1126.2086181640625,550.5680541992188,1121.357666015625,550.5740966796875,1126.535400390625,551.9461059570312,1117.4892578125,552.1445922851562,1125.726318359375,577.1524658203125,1112.140625,576.599853515625,1138.721435546875,611.772705078125,1096.7991943359375,608.7443237304688,1151.7222900390625,645.9124755859375,1099.2452392578125,638.1937255859375,1120.7119140625,647.94482421875,1113.640380859375,648.075927734375,1123.305419921875,700.9019165039062,1122.3172607421875,700.9465942382812,1131.0499267578125,751.56103515625,1124.494384765625,750.8084106445312
1118.1483154296875,556.1888427734375,1116.1593017578125,551.6396484375,1118.4451904296875,552.0388793945312,1108.118408203125,554.4734497070312,1125.39306640625,554.9546508789062,1095.5672607421875,579.5276489257812,1136.06005859375,580.4103393554688,1074.197509765625,612.134033203125,1146.67236328125,617.5460205078125,1064.941162109375,637.2001953125,1151.302001953125,653.575439453125,1098.7681884765625,651.539306640625,1125.081787109375,651.6503295898438,1101.607666015625,707.3734130859375,1127.46923828125,706.3450927734375,1106.7108154296875,761.3466796875,1125.8201904296875,757.9667358398438
1116.781982421875,557.306396484375,1113.86083984375,552.2284545898438,1118.0931396484375,552.8389282226562,1102.926513671875,554.684814453125,1125.870361328125,556.531005859375,1089.9151611328125,583.6424560546875,1133.48046875,586.330322265625,1072.619873046875,618.6107788085938,1146.053955078125,625.3995361328125,1069.313232421875,650.3955688476562,1157.28173828125,660.9691162109375,1093.448974609375,654.6517333984375,1121.1834716796875,655.7216186523438,1100.3485107421875,708.1400756835938,1120.27880859375,709.407470703125,1098.818115234375,756.481201171875,1108.5286865234375,758.74853515625
1109.891357421875,565.4484252929688,1108.5394287109375,560.610107421875,1109.7425537109375,561.0004272460938,1100.7965087890625,562.85693359375,1113.969970703125,564.2152099609375,1084.790771484375,587.4050903320312,1122.911376953125,591.9718017578125,1070.5882568359375,623.4998779296875,1138.71142578125,630.7871704101562,1067.33740234375,653.578369140625,1151.4718017578125,665.66796875,1089.8726806640625,655.9454345703125,1112.445556640625,659.3489990234375,1108.5458984375,708.8970947265625,1117.745849609375,713.201171875,1107.155517578125,751.790283203125,1096.056640625,756.2147827148438
1106.2994384765625,566.82470703125,1103.52001953125,562.2434692382812,1106.4033203125,562.8505859375,1092.5870361328125,566.5897216796875,1110.6158447265625,568.0101318359375,1080.6090087890625,594.5084228515625,1118.9453125,596.0436401367188,1064.366455078125,629.5733642578125,1133.1737060546875,632.32470703125,1058.421142578125,659.1016845703125,1146.359375,659.4489135742188,1087.649658203125,662.0559692382812,1109.0303955078125,662.3057861328125,1107.458984375,714.2880249023438,1106.4261474609375,714.6019287109375,1110.927734375,758.6592407226562,1082.56884765625,758.1959228515625
1106.30224609375,566.80419921875,1103.530029296875,562.2269287109375,1106.4150390625,562.8330078125,1092.63525390625,566.5765380859375,1110.6376953125,567.9923095703125,1080.6573486328125,594.4681396484375,1118.8997802734375,596.0184936523438,1064.29736328125,629.5578002929688,1133.0535888671875,632.419189453125,1058.162109375,659.0084228515625,1146.311279296875,659.632568359375,1087.6661376953125,662.130859375,1108.958251953125,662.38720703125,1107.711669921875,714.466796875,1106.552490234375,714.7847290039062,1110.9453125,758.8222045898438,1082.394287109375,758.3391723632812
1102.2784423828125,570.5799560546875,1098.0628662109375,565.5968627929688,1102.164306640625,566.0838623046875,1084.927978515625,568.5199584960938,1107.2843017578125,569.0240478515625,1073.859375,597.1925048828125,1115.799072265625,596.4276733398438,1055.8897705078125,631.5796508789062,1131.2236328125,633.0179443359375,1049.0157470703125,659.9815673828125,1140.9278564453125,667.7066650390625,1081.5390625,668.35791015625,1105.509765625,668.34619140625,1100.560791015625,722.290771484375,1098.4215087890625,721.4998168945312,1100.1182861328125,769.8004760742188,1072.042236328125,766.8294067382812
1095.7777099609375,576.261962890625,1093.275390625,571.191650390625,1094.82080078125,571.5362548828125,1083.082275390625,573.853271484375,1099.8001708984375,574.0859375,1072.4306640625,601.59228515625,1107.37646484375,601.58203125,1053.8389892578125,634.680908203125,1124.990966796875,637.213134765625,1043.376220703125,660.5410766601562,1133.181640625,668.2874755859375,1078.33837890625,670.601318359375,1097.043701171875,670.8798828125,1095.8077392578125,725.3173828125,1084.4439697265625,725.4094848632812,1099.8524169921875,775.100341796875,1062.5638427734375,774.016357421875
1088.37841796875,579.8634033203125,1087.58984375,574.9421997070312,1088.02490234375,575.0478515625,1080.516845703125,577.08740234375,1093.7095947265625,577.4467163085938,1068.4508056640625,604.032958984375,1099.61279296875,605.109375,1048.391845703125,637.1953125,1119.970703125,640.9571533203125,1036.971435546875,665.7493896484375,1133.416015625,672.594482421875,1071.8988037109375,673.3817138671875,1087.546630859375,673.9337158203125,1089.61376953125,726.6718139648438,1074.6734619140625,727.6767578125,1096.048583984375,775.636474609375,1054.7486572265625,777.085693359375
1083.294677734375,582.0123291015625,1080.8131103515625,577.0869140625,1084.1468505859375,577.182861328125,1071.1268310546875,579.8867797851562,1092.9267578125,579.8591918945312,1060.836181640625,607.36181640625,1097.927978515625,607.511474609375,1045.6785888671875,641.429443359375,1113.5634765625,644.4105224609375,1038.3818359375,671.5950927734375,1122.5968017578125,679.1189575195312,1063.945556640625,676.050537109375,1084.008056640625,676.1546630859375,1084.841064453125,730.2305297851562,1071.81396484375,730.4677734375,1089.332275390625,779.553466796875,1048.993408203125,779.37841796875
1083.28076171875,582.14013671875,1079.3416748046875,576.9959716796875,1083.673828125,577.5338134765625,1066.0926513671875,580.0589599609375,1089.962158203125,580.8756103515625,1055.980712890625,608.5325317382812,1094.7734375,610.0545043945312,1042.6844482421875,641.955810546875,1110.388671875,647.9016723632812,1037.0792236328125,670.6697998046875,1121.10302734375,681.7818603515625,1059.3013916015625,679.0533447265625,1081.5411376953125,679.6231689453125,1074.9744873046875,733.7876586914062,1070.1331787109375,734.3966064453125,1073.907958984375,783.2371215820312,1047.6748046875,783.7329711914062
1083.161376953125,582.1175537109375,1079.251708984375,576.9806518554688,1083.5711669921875,577.5172119140625,1066.1048583984375,580.058349609375,1089.9586181640625,580.8795166015625,1056.0032958984375,608.5369262695312,1094.8140869140625,610.0938110351562,1042.691650390625,641.9202880859375,1110.4630126953125,647.95947265625,1037.0372314453125,670.5686645507812,1121.1448974609375,681.7979125976562,1059.3214111328125,679.068603515625,1081.569091796875,679.6528930664062,1074.9854736328125,733.777099609375,1070.15966796875,734.423583984375,1073.90576171875,783.1676025390625,1047.671875,783.731689453125
1078.388916015625,581.2838134765625,1074.27685546875,576.0211181640625,1078.4854736328125,576.6921997070312,1060.5706787109375,578.6963500976562,1083.77197265625,579.8068237304688,1049.525634765625,606.9799194335938,1090.15380859375,608.9327392578125,1036.4722900390625,640.05517578125,1106.8104248046875,647.1458740234375,1031.095947265625,668.7786865234375,1118.4969482421875,681.3961791992188,1052.0751953125,677.591552734375,1076.23193359375,678.1971435546875,1064.17333984375,733.2266845703125,1067.3709716796875,733.8284912109375,1060.051513671875,783.6337280273438,1045.851318359375,784.3546142578125
1070.6285400390625,577.5904541015625,1068.4249267578125,572.5478515625,1070.7353515625,573.1068115234375,1059.3411865234375,575.63330078125,1077.42578125,576.90234375,1045.4486083984375,602.6226196289062,1086.1651611328125,607.0275268554688,1030.1558837890625,637.5821533203125,1105.69384765625,646.4090576171875,1026.490966796875,663.6890869140625,1118.8341064453125,680.315673828125,1048.0997314453125,673.0728149414062,1072.65966796875,676.010009765625,1055.9661865234375,728.4976196289062,1066.2708740234375,732.0306396484375,1051.714111328125,778.5829467773438,1049.302978515625,781.7982788085938
1064.8839111328125,576.4832763671875,1063.437255859375,571.374267578125,1065.3924560546875,571.771484375,1055.08984375,573.5069580078125,1072.823486328125,574.87890625,1039.028564453125,598.7095947265625,1081.4200439453125,603.9398803710938,1022.8538818359375,633.5244140625,1100.6456298828125,643.403076171875,1020.4890747070312,660.7510375976562,1111.3033447265625,676.1605834960938,1040.3077392578125,669.464599609375,1067.5220947265625,672.4779663085938,1042.5152587890625,725.537353515625,1065.6947021484375,729.78125,1033.956298828125,776.9105224609375,1053.013916015625,781.9784545898438
1066.148193359375,577.154052734375,1062.862548828125,571.8934326171875,1066.0869140625,572.6675415039062,1049.454345703125,573.7451171875,1070.233642578125,575.7232666015625,1033.41357421875,598.5579223632812,1077.698974609375,604.05810546875,1017.8221435546875,633.138671875,1093.83154296875,643.8795166015625,1017.4945678710938,660.3413696289062,1103.9945068359375,678.3585815429688,1034.735107421875,669.0902709960938,1064.5684814453125,672.12353515625,1031.707275390625,724.9906616210938,1065.0740966796875,728.4637451171875,1019.6215209960938,776.880859375,1055.001953125,779.9903564453125
1065.462890625,577.6842651367188,1062.219482421875,572.5988159179688,1066.274658203125,573.396240234375,1047.140625,573.6011962890625,1070.334716796875,576.9520263671875,1028.58642578125,599.615234375,1075.1156005859375,607.073974609375,1012.539306640625,633.55078125,1089.631103515625,648.9154052734375,1014.1997680664062,661.3304443359375,1100.213134765625,677.58544921875,1028.230712890625,673.1060791015625,1061.37353515625,676.5213012695312,1021.4647216796875,726.0660400390625,1070.5128173828125,731.3416748046875,1005.9229736328125,778.710693359375,1064.758056640625,786.9078369140625
1065.4296875,577.550048828125,1062.17431640625,572.45947265625,1066.246337890625,573.2620849609375,1047.0875244140625,573.4761962890625,1070.328125,576.8388671875,1028.5443115234375,599.498046875,1075.12451171875,606.9674682617188,1012.4659423828125,633.4136962890625,1089.5828857421875,648.7060546875,1013.98876953125,661.2531127929688,1099.9566650390625,677.23876953125,1028.15380859375,673.0490112304688,1061.337890625,676.47412109375,1021.468994140625,725.9061279296875,1070.63330078125,731.2169189453125,1005.8472290039062,778.58642578125,1064.8193359375,786.8402709960938
1062.1910400390625,583.6326904296875,1058.26220703125,578.1978759765625,1061.904052734375,579.3189697265625,1041.816162109375,580.8141479492188,1063.205078125,584.087646484375,1023.8758544921875,607.4721069335938,1069.554931640625,614.6044921875,1006.972412109375,640.0391235351562,1082.7685546875,652.5811157226562,1009.7730712890625,664.7403564453125,1095.9710693359375,681.2664794921875,1026.386962890625,678.3092651367188,1060.4898681640625,681.9022827148438,1012.8374633789062,730.0987548828125,1074.8603515625,734.076171875,987.4268188476562,785.68798828125,1071.701171875,789.552978515625
1050.3133544921875,589.0709228515625,1049.12890625,584.5618286132812,1051.4674072265625,584.816650390625,1039.639404296875,587.2174682617188,1058.2657470703125,589.183837890625,1021.2046508789062,614.7262573242188,1065.2652587890625,620.470703125,1001.7149047851562,645.825927734375,1080.443603515625,661.0967407226562,999.9552001953125,668.4412841796875,1093.951904296875,691.8622436523438,1021.1436767578125,684.578857421875,1056.0693359375,686.9324951171875,996.35498046875,731.904052734375,1075.0115966796875,735.747314453125,968.9979858398438,783.1759033203125,1082.450927734375,789.596923828125
1045.289306640625,601.3244018554688,1042.838623046875,595.9888305664062,1045.684326171875,596.520263671875,1032.5615234375,598.9107666015625,1051.445556640625,599.9754638671875,1019.330078125,627.0611572265625,1060.8779296875,629.054931640625,1002.47802734375,664.1265869140625,1076.951171875,669.30810546875,997.6217041015625,692.6871948242188,1092.2421875,704.0569458007812,1016.7774658203125,696.0667724609375,1049.85400390625,697.2069091796875,991.2910766601562,743.4735107421875,1072.0802001953125,744.8875122070312,962.9785766601562,792.0701904296875,1082.860107421875,795.0697021484375
1040.644287109375,609.326416015625,1037.4027099609375,604.4598999023438,1041.70263671875,604.8267822265625,1024.524658203125,607.6630249023438,1048.7000732421875,608.8443603515625,1009.023681640625,637.2382202148438,1057.222412109375,638.7485961914062,992.9503784179688,673.7568359375,1074.875732421875,677.5552978515625,994.7169799804688,705.429443359375,1087.470703125,707.3482666015625,1007.7264404296875,704.0170288085938,1046.62109375,704.2924194335938,981.036376953125,747.5165405273438,1073.765869140625,748.0736083984375,947.0875244140625,798.298095703125,1085.801025390625,798.287353515625
1039.9593505859375,622.6693115234375,1036.10107421875,617.7645263671875,1040.548095703125,618.1773681640625,1021.646484375,620.2857055664062,1045.3463134765625,621.2811889648438,1005.5654296875,648.9006958007812,1054.111328125,649.1845092773438,988.2158203125,684.7046508789062,1072.444091796875,685.5006103515625,987.9373168945312,713.524169921875,1085.380126953125,712.6356201171875,1002.8502197265625,716.06298828125,1042.3582763671875,715.797119140625,975.9107666015625,754.9635009765625,1072.0908203125,754.4716186523438,942.6199951171875,802.8885498046875,1086.897216796875,801.1931762695312
1039.746826171875,622.7568359375,1035.9429931640625,617.8349609375,1040.362548828125,618.2587890625,1021.708740234375,620.2686157226562,1045.381591796875,621.2946166992188,1005.6904296875,648.78759765625,1054.246337890625,649.13720703125,988.2562255859375,684.5050048828125,1072.39501953125,685.5733642578125,988.2394409179688,713.0302124023438,1085.35693359375,712.7188720703125,1002.94970703125,716.1301879882812,1042.46533203125,715.877197265625,975.9178466796875,755.2179565429688,1072.0416259765625,754.738037109375,942.421630859375,802.8898315429688,1086.479248046875,801.1824951171875
1040.4261474609375,634.7247924804688,1036.265869140625,629.7965698242188,1040.6661376953125,630.3455810546875,1020.4641723632812,631.3674926757812,1043.28857421875,632.7921142578125,1002.8604125976562,658.6653442382812,1052.3548583984375,659.3040161132812,982.139892578125,692.546630859375,1073.8955078125,693.2730102539062,981.4879150390625,717.2987060546875,1090.740966796875,716.307373046875,999.8186645507812,723.9102783203125,1039.9200439453125,723.8438720703125,972.7391357421875,755.802978515625,1070.661865234375,755.1751098632812,939.8916015625,802.8433837890625,1087.6229248046875,800.6766357421875
1041.856689453125,636.3674926757812,1038.718017578125,631.37060546875,1041.70068359375,632.1719360351562,1025.6033935546875,633.421142578125,1044.113037109375,635.5966796875,1007.58349609375,659.0911254882812,1055.1590576171875,663.1702270507812,983.1930541992188,694.0079345703125,1078.5396728515625,700.8247680664062,974.596923828125,714.9039306640625,1094.231689453125,724.1235961914062,1005.4017333984375,728.8056640625,1043.27880859375,730.500244140625,974.9373779296875,753.8258056640625,1071.764404296875,755.5623779296875,942.0289306640625,801.6666870117188,1085.4208984375,801.7044677734375
1053.8404541015625,636.5518798828125,1050.435546875,632.2158203125,1053.7508544921875,632.7064819335938,1034.7916259765625,634.418701171875,1052.8369140625,636.501953125,1013.3999633789062,660.5042114257812,1062.021484375,665.4165649414062,986.0372314453125,687.0240478515625,1091.156494140625,701.2098999023438,973.9345703125,703.3621215820312,1115.7479248046875,726.8173217773438,1006.2578125,728.9507446289062,1044.4483642578125,730.8987426757812,976.3705444335938,751.884765625,1075.021240234375,754.3013916015625,940.1326904296875,799.7122192382812,1085.52734375,803.412841796875
1065.7470703125,634.7086181640625,1060.70556640625,629.6937255859375,1065.522705078125,630.97314453125,1042.1988525390625,631.7978515625,1061.9168701171875,635.1170043945312,1023.5897216796875,655.10595703125,1070.640869140625,661.3240356445312,993.605712890625,680.5995483398438,1098.374755859375,693.2757568359375,977.72119140625,695.2102661132812,1126.483154296875,714.8751220703125,1014.6271362304688,722.4468994140625,1049.948486328125,725.407470703125,984.305908203125,748.002197265625,1076.847412109375,751.0771484375,953.7332153320312,793.3177490234375,1086.6534423828125,797.9681396484375
1071.145263671875,635.89501953125,1067.2591552734375,630.9791259765625,1071.1529541015625,631.9046020507812,1051.00244140625,631.927734375,1071.887939453125,634.9931640625,1029.149658203125,654.7793579101562,1082.373291015625,661.7572631835938,995.2058715820312,674.0672607421875,1120.67529296875,690.4212646484375,979.8653564453125,687.5455322265625,1146.5260009765625,707.6533203125,1016.4415283203125,719.6693115234375,1057.2520751953125,722.142822265625,981.903076171875,750.8819580078125,1085.34619140625,753.8624267578125,940.5059814453125,798.035400390625,1101.8623046875,800.1351928710938
1071.1827392578125,635.9052734375,1067.296142578125,630.9927978515625,1071.19140625,631.9203491210938,1050.984130859375,631.9718627929688,1071.873046875,635.0602416992188,1029.05810546875,654.8059692382812,1082.2972412109375,661.860107421875,995.229736328125,674.0753173828125,1120.6678466796875,690.53369140625,979.9525146484375,687.4846801757812,1146.5054931640625,707.5926513671875,1016.26318359375,719.7068481445312,1057.08447265625,722.2219848632812,981.8519897460938,750.9520263671875,1085.349365234375,753.9996337890625,940.57861328125,798.0689697265625,1101.9674072265625,800.297607421875
1083.6552734375,635.8057861328125,1081.906982421875,631.2574462890625,1084.2235107421875,631.9962158203125,1068.9677734375,632.5328369140625,1082.665771484375,635.9133911132812,1043.6102294921875,653.329345703125,1088.38232421875,661.5234375,1004.5374755859375,670.7588500976562,1134.87451171875,685.94921875,986.078369140625,681.751708984375,1181.7064208984375,701.3270263671875,1019.454345703125,718.9805908203125,1051.5596923828125,722.9998779296875,994.1405639648438,744.1635131835938,1086.8184814453125,749.9564208984375,945.4010009765625,788.1307373046875,1086.574462890625,798.516845703125
1092.859619140625,636.8157348632812,1092.868408203125,632.399169921875,1092.88916015625,633.080078125,1084.3388671875,635.51318359375,1090.5478515625,638.5164794921875,1061.5982666015625,658.041259765625,1091.9013671875,663.5718994140625,1024.889404296875,670.5509643554688,1127.4935302734375,683.6233520507812,1013.6192626953125,675.1206665039062,1170.272705078125,690.8551025390625,1028.4501953125,720.2972412109375,1044.705078125,721.5858764648438,1030.6922607421875,743.9800415039062,1065.1558837890625,746.447265625,1003.2979736328125,793.4708251953125,1044.6920166015625,800.16845703125
1103.737548828125,640.4639282226562,1103.5556640625,636.4671020507812,1102.937744140625,636.9681396484375,1094.994384765625,639.63525390625,1096.791015625,641.7666015625,1077.90771484375,660.7919921875,1092.8656005859375,663.992919921875,1054.6785888671875,675.0137939453125,1124.515625,682.69140625,1056.069580078125,676.3359985351562,1159.776123046875,682.2626342773438,1040.51611328125,717.983154296875,1042.0235595703125,717.2777099609375,1056.87158203125,744.912109375,1034.17529296875,744.9647827148438,1045.85205078125,796.9912109375,992.0303955078125,800.4334716796875
1110.4420166015625,639.9071655273438,1107.2025146484375,635.3751220703125,1111.146240234375,637.1594848632812,1091.93798828125,635.7064208984375,1109.8446044921875,642.3818969726562,1069.1151123046875,654.1429443359375,1110.66357421875,666.4642944335938,1035.420654296875,673.2442626953125,1148.403076171875,690.0633544921875,1013.6076049804688,682.9754638671875,1181.98583984375,685.6446533203125,1032.255126953125,711.3873901367188,1061.0291748046875,716.8284912109375,1009.4993896484375,743.288330078125,1083.044189453125,752.7276611328125,966.4861450195312,789.796142578125,1078.57470703125,805.5146484375
1114.957275390625,636.9519653320312,1112.369873046875,631.9019775390625,1115.0906982421875,633.890869140625,1097.633544921875,632.1175537109375,1112.0001220703125,638.83544921875,1074.2684326171875,651.1381225585938,1110.404052734375,664.3394775390625,1038.552001953125,669.3829956054688,1142.5867919921875,692.6783447265625,1017.1058349609375,680.5337524414062,1175.3009033203125,697.347900390625,1032.1549072265625,711.0977172851562,1055.2176513671875,716.0894165039062,1022.9578857421875,739.179443359375,1080.168701171875,747.71826171875,986.8212890625,787.914794921875,1068.556640625,803.5848388671875
1115.9527587890625,636.0306396484375,1112.628173828125,631.1771240234375,1115.900146484375,633.003662109375,1096.5931396484375,631.33935546875,1112.947509765625,637.872314453125,1072.9415283203125,650.657470703125,1113.162353515625,662.9761352539062,1039.58740234375,670.1575927734375,1145.875244140625,691.62646484375,1019.6981201171875,685.2369995117188,1177.94287109375,702.2833251953125,1034.7562255859375,708.2474975585938,1062.3358154296875,713.3738403320312,1015.2324829101562,743.0612182617188,1081.53515625,751.2791748046875,976.5115356445312,791.135498046875,1075.360595703125,804.439453125
1114.7520751953125,632.299072265625,1111.073974609375,627.1583862304688,1115.51513671875,629.4732666015625,1096.166259765625,626.5769653320312,1116.5390625,634.431396484375,1073.5648193359375,645.206787109375,1117.400390625,660.5607299804688,1037.65185546875,661.8286743164062,1141.1702880859375,692.044921875,1013.8001708984375,678.1437377929688,1164.38720703125,709.614501953125,1032.9970703125,703.23193359375,1065.567626953125,709.4097290039062,1001.2821044921875,740.9203491210938,1086.8515625,750.6368408203125,954.5670776367188,789.3275146484375,1086.19580078125,804.069580078125
1114.7454833984375,625.1722412109375,1113.1292724609375,620.20947265625,1114.376220703125,621.5213623046875,1101.9554443359375,620.201171875,1113.0111083984375,625.0673828125,1080.082275390625,640.80712890625,1112.3809814453125,650.5562133789062,1047.947998046875,662.6314697265625,1130.2313232421875,686.0147705078125,1030.697021484375,678.59228515625,1152.949462890625,712.411376953125,1044.3221435546875,702.8751220703125,1066.3123779296875,706.37548828125,1031.02294921875,742.7415161132812,1078.9698486328125,748.1802978515625,1002.3521728515625,793.2999267578125,1069.3984375,802.1864013671875
1116.080810546875,616.6331176757812,1111.7149658203125,611.057861328125,1116.203857421875,613.68359375,1094.836669921875,610.8197631835938,1116.09228515625,619.15966796875,1074.2001953125,630.5304565429688,1116.1549072265625,649.039794921875,1039.543212890625,647.0142822265625,1132.4345703125,689.6871948242188,1013.5706787109375,661.5186157226562,1147.7713623046875,716.911865234375,1041.84326171875,694.2666015625,1073.4560546875,701.5311279296875,1005.788818359375,737.7772216796875,1085.3353271484375,748.380615234375,965.0389404296875,787.047119140625,1086.209716796875,802.2391357421875
1116.8056640625,610.8847045898438,1112.60107421875,605.2306518554688,1116.4609375,607.784423828125,1094.7716064453125,604.822509765625,1114.33984375,613.1356811523438,1072.993896484375,625.05712890625,1113.600830078125,643.9951171875,1040.21533203125,642.496826171875,1127.037353515625,685.249267578125,1015.48828125,660.9064331054688,1138.698486328125,715.2844848632812,1043.4617919921875,690.104248046875,1074.297119140625,697.6769409179688,1009.9795532226562,734.2232666015625,1086.209716796875,745.4725341796875,972.6611328125,782.0087890625,1086.904296875,798.71533203125
1113.7196044921875,609.1144409179688,1110.21533203125,603.1744995117188,1114.022705078125,605.8298950195312,1093.5811767578125,601.3255004882812,1114.8057861328125,610.2679443359375,1072.07177734375,619.3804931640625,1111.7996826171875,641.8134765625,1038.342041015625,638.5918579101562,1123.802001953125,686.9882202148438,1016.9939575195312,658.8378295898438,1128.9071044921875,716.70654296875,1047.0008544921875,686.8845825195312,1077.1519775390625,695.99609375,1018.1448974609375,731.5958862304688,1083.4307861328125,744.9461669921875,986.3546142578125,781.9487915039062,1089.7012939453125,800.366455078125
1113.701416015625,609.0885009765625,1110.200439453125,603.156494140625,1114.0010986328125,605.8175048828125,1093.6170654296875,601.3178100585938,1114.805908203125,610.2686157226562,1072.1934814453125,619.3997802734375,1111.8173828125,641.8192138671875,1038.365234375,638.5355224609375,1123.705322265625,686.9143676757812,1016.8604736328125,658.6836547851562,1128.76953125,716.5379638671875,1047.15625,686.9609985351562,1077.232666015625,696.0546264648438,1018.0458984375,731.647216796875,1083.23779296875,744.974365234375,986.3735961914062,781.9920043945312,1089.63623046875,800.346923828125
1110.682373046875,607.9559936523438,1107.60888671875,601.9356079101562,1110.896728515625,604.320556640625,1091.984375,599.9732055664062,1112.9365234375,607.9720458984375,1070.5439453125,618.8245239257812,1111.870361328125,638.9105224609375,1038.638916015625,641.040283203125,1123.076904296875,685.2744750976562,1022.7420654296875,663.0030517578125,1127.6173095703125,718.404052734375,1047.5321044921875,685.7251586914062,1079.1826171875,693.7492065429688,1015.803466796875,731.3814086914062,1082.717041015625,742.988525390625,986.845703125,782.7904052734375,1091.3017578125,798.760498046875
1106.2047119140625,608.5741577148438,1103.88134765625,602.9478149414062,1107.2987060546875,604.5377807617188,1089.74072265625,601.937255859375,1111.9610595703125,608.156982421875,1067.511962890625,622.8535766601562,1112.253662109375,637.85986328125,1036.1728515625,648.0999755859375,1124.4208984375,683.7601928710938,1026.400146484375,673.8140258789062,1132.1256103515625,718.1420288085938,1045.7166748046875,688.83642578125,1080.7584228515625,694.3900146484375,1015.9048461914062,736.4305419921875,1094.6968994140625,744.8443603515625,989.1748046875,786.889404296875,1110.6075439453125,799.2335205078125
1105.966796875,610.845703125,1103.1920166015625,605.17626953125,1106.6434326171875,606.7471923828125,1087.419189453125,604.5054931640625,1109.8770751953125,610.4287109375,1064.7452392578125,627.9501342773438,1110.98828125,641.1117553710938,1034.141845703125,658.6613159179688,1123.3497314453125,687.1588745117188,1026.031982421875,688.2900390625,1131.632080078125,719.8096313476562,1046.201171875,696.012451171875,1083.22265625,700.9893798828125,1015.0096435546875,744.017822265625,1101.3424072265625,751.5382690429688,987.2783203125,792.0617065429688,1120.63525390625,802.98779296875
1100.5140380859375,613.6254272460938,1098.2939453125,608.0455322265625,1101.82373046875,609.4232177734375,1085.1611328125,608.0648193359375,1107.8955078125,613.47900390625,1063.890380859375,633.2056884765625,1110.3671875,644.83544921875,1035.635498046875,667.6358642578125,1122.780517578125,690.362548828125,1028.9781494140625,702.4930419921875,1131.1348876953125,722.7650146484375,1046.358154296875,701.3159790039062,1083.744384765625,705.787841796875,1016.728515625,747.0243530273438,1104.36328125,754.3223876953125,986.538818359375,796.0657958984375,1121.230712890625,806.9290771484375
1098.7913818359375,615.6163940429688,1095.885986328125,610.2888793945312,1099.55517578125,611.3809814453125,1081.2513427734375,611.965087890625,1104.38525390625,616.0355224609375,1061.516845703125,638.5563354492188,1107.6070556640625,647.3125,1035.5450439453125,671.3818969726562,1122.33447265625,690.3839111328125,1028.276123046875,702.612548828125,1131.5865478515625,722.2242431640625,1046.57568359375,705.3584594726562,1083.567626953125,708.5797729492188,1018.0973510742188,751.9978637695312,1105.1357421875,757.0277099609375,986.7903442382812,802.3287353515625,1121.382568359375,809.079833984375
1098.390869140625,615.5018920898438,1095.599609375,610.2049560546875,1099.2579345703125,611.2670288085938,1081.342041015625,611.94482421875,1104.447265625,615.9717407226562,1061.68603515625,638.5208740234375,1107.690673828125,647.265869140625,1035.633056640625,671.228271484375,1122.370849609375,690.2334594726562,1028.2548828125,702.4222412109375,1131.6357421875,722.0079956054688,1046.7532958984375,705.2053833007812,1083.6534423828125,708.4165649414062,1018.3471069335938,751.7396240234375,1105.157958984375,756.8126220703125,986.9163818359375,802.2572021484375,1121.2099609375,809.1048583984375
1085.1146240234375,620.2118530273438,1083.032958984375,614.9949951171875,1086.708740234375,615.6773681640625,1072.77734375,616.5286865234375,1096.40673828125,619.2113037109375,1055.5189208984375,643.318115234375,1103.0125732421875,648.94677734375,1034.1820068359375,678.3609619140625,1118.640625,692.1549682617188,1032.140380859375,708.1326904296875,1128.7593994140625,724.232666015625,1042.63916015625,708.1221313476562,1080.911376953125,709.9613037109375,1016.5116577148438,752.8632202148438,1104.499755859375,755.8909912109375,986.7423095703125,803.9210815429688,1120.7962646484375,807.9205322265625
1079.6112060546875,620.5449829101562,1076.9449462890625,615.505126953125,1081.134765625,616.2613525390625,1067.29443359375,617.833984375,1090.1116943359375,620.0847778320312,1052.9599609375,644.8819580078125,1099.7176513671875,650.0707397460938,1036.361328125,681.7654418945312,1114.030517578125,691.2821044921875,1028.302490234375,711.1470947265625,1121.3668212890625,723.8655395507812,1042.2015380859375,713.69677734375,1079.974365234375,716.0541381835938,1010.4998779296875,755.8049926757812,1100.547607421875,759.6589965820312,984.1045532226562,800.5037841796875,1114.666748046875,806.0306396484375
1068.736328125,622.1708984375,1066.4189453125,617.44189453125,1069.801513671875,617.7700805664062,1057.291748046875,619.0433349609375,1078.027099609375,620.0931396484375,1044.70703125,647.8060302734375,1086.470947265625,648.33935546875,1027.6510009765625,686.201904296875,1101.709228515625,691.1278076171875,1024.25439453125,715.0755615234375,1113.70263671875,725.62548828125,1037.585693359375,719.5422973632812,1073.2738037109375,719.0479736328125,1006.9771728515625,762.8270263671875,1102.2559814453125,761.9139404296875,978.593994140625,810.9508056640625,1123.49755859375,809.047607421875
1058.1669921875,622.237548828125,1054.909912109375,616.9454345703125,1059.5028076171875,617.1849365234375,1044.284423828125,619.1891479492188,1069.8345947265625,619.397705078125,1033.57666015625,649.565673828125,1081.50830078125,649.6577758789062,1022.703369140625,688.039794921875,1094.77685546875,693.489013671875,1023.5945434570312,718.6859741210938,1099.7945556640625,727.6893920898438,1033.002197265625,722.8941650390625,1071.55029296875,721.8435668945312,998.3380126953125,765.3310546875,1088.94384765625,763.7821044921875,972.1792602539062,813.8006591796875,1105.1787109375,809.5870361328125
1041.3341064453125,620.3987426757812,1038.8211669921875,615.37255859375,1043.263427734375,615.2800903320312,1031.4683837890625,618.7410278320312,1056.8492431640625,617.8221435546875,1022.8570556640625,650.2735595703125,1070.4468994140625,647.503173828125,1010.4337158203125,688.7521362304688,1085.381591796875,688.8028564453125,1010.1447143554688,718.8226928710938,1093.2117919921875,723.6396484375,1028.510986328125,721.469482421875,1067.2783203125,719.1908569335938,991.5654296875,763.383056640625,1086.0101318359375,759.9449462890625,970.1112060546875,815.6715087890625,1111.866455078125,808.4820556640625
1041.84765625,620.2744750976562,1039.1962890625,615.2271118164062,1043.610595703125,615.1641845703125,1031.3446044921875,618.6552124023438,1056.734619140625,617.756591796875,1022.594482421875,650.3095092773438,1070.289794921875,647.4703369140625,1010.098876953125,688.7587280273438,1085.403564453125,688.6891479492188,1009.7169799804688,718.630859375,1093.2235107421875,723.4393310546875,1028.3536376953125,721.4397583007812,1067.18603515625,719.1456909179688,991.6337890625,763.4019775390625,1086.0025634765625,759.8732299804688,970.1775512695312,815.75390625,1111.92578125,808.376220703125
1025.0166015625,619.7549438476562,1023.830810546875,614.9912109375,1027.8992919921875,614.5706787109375,1020.6838989257812,618.9033203125,1045.65771484375,617.384521484375,1012.5049438476562,650.5940551757812,1060.451904296875,646.8435668945312,999.1944580078125,689.44873046875,1077.423828125,687.113037109375,997.14404296875,718.9263916015625,1086.133056640625,719.9212036132812,1017.696044921875,720.8250732421875,1057.1400146484375,718.1903076171875,981.87451171875,762.0552978515625,1078.88671875,758.6053466796875,967.83642578125,814.7386474609375,1115.22021484375,808.4259033203125
1017.3397216796875,620.9798583984375,1016.2304077148438,616.1803588867188,1018.7755737304688,616.0235595703125,1012.0194091796875,619.503173828125,1031.3543701171875,618.43896484375,1006.1889038085938,649.0830688476562,1045.469482421875,645.5089111328125,994.63623046875,686.87353515625,1063.590576171875,682.8136596679688,991.6532592773438,716.7493896484375,1078.3963623046875,720.0418090820312,1011.1571044921875,719.0474243164062,1044.027587890625,717.828369140625,973.9524536132812,763.667236328125,1065.43115234375,760.9334106445312,966.499755859375,809.9078369140625,1107.2078857421875,805.4261474609375
1004.5658569335938,618.5112915039062,1004.4654541015625,613.5792846679688,1007.0604248046875,613.5355834960938,1003.6543579101562,616.7425537109375,1023.2356567382812,616.3782958984375,997.8663330078125,645.73486328125,1037.8670654296875,644.1771240234375,983.894775390625,682.6027221679688,1055.65185546875,681.3492431640625,981.03857421875,709.3704223632812,1069.6517333984375,713.8029174804688,1002.049072265625,717.8045654296875,1034.236328125,717.47998046875,969.778564453125,761.2156982421875,1054.9962158203125,760.4818725585938,964.7265625,808.5441284179688,1093.1328125,808.0400390625
994.2654418945312,613.4306030273438,994.093505859375,609.0709838867188,996.5370483398438,608.7592163085938,994.450927734375,614.1652221679688,1013.0872802734375,612.7640991210938,988.3670654296875,646.1361694335938,1029.8662109375,642.1451416015625,973.5108642578125,682.249755859375,1046.5469970703125,678.478515625,966.4034423828125,707.555419921875,1060.6243896484375,710.5107421875,993.5524291992188,715.975341796875,1026.74365234375,713.8096923828125,964.4265747070312,761.2311401367188,1043.7239990234375,757.8499145507812,963.7010498046875,812.4013671875,1080.26171875,807.2657470703125
984.28466796875,611.1285400390625,985.3836669921875,607.2064819335938,987.3519287109375,606.291748046875,987.962890625,611.7064208984375,1004.7313232421875,609.6516723632812,979.9777221679688,643.9649658203125,1020.015625,639.0306396484375,963.33447265625,680.369873046875,1036.3001708984375,676.2755737304688,958.7268676757812,705.1027221679688,1051.109130859375,710.6519775390625,986.611083984375,715.7732543945312,1018.1011962890625,712.875,962.5827026367188,762.1015625,1035.5260009765625,757.5606079101562,962.6505126953125,815.872314453125,1066.4669189453125,808.6234130859375
984.34912109375,611.3307495117188,985.580078125,607.4078369140625,987.3546752929688,606.4940185546875,988.3966064453125,611.8681640625,1004.5570678710938,609.8587036132812,980.2978515625,644.005615234375,1019.9082641601562,639.2056274414062,963.40478515625,679.9342651367188,1036.1982421875,676.0149536132812,958.6642456054688,704.7097778320312,1051.054931640625,710.2564697265625,986.7614135742188,715.7083740234375,1017.9693603515625,712.8619384765625,962.4901123046875,761.880126953125,1035.38232421875,757.4466552734375,962.3893432617188,815.459716796875,1066.2877197265625,808.39599609375
977.621337890625,608.2771606445312,978.41748046875,604.3179931640625,980.8621826171875,603.3232421875,980.441162109375,608.8561401367188,996.9083862304688,606.3526000976562,972.194091796875,637.4461059570312,1011.6214599609375,633.2587890625,958.5012817382812,674.8693237304688,1029.901611328125,669.4099731445312,952.3192749023438,698.7955322265625,1047.5145263671875,700.7290649414062,982.14599609375,705.7107543945312,1011.5989990234375,703.535400390625,961.6206665039062,756.9876708984375,1022.7733154296875,753.6897583007812,965.5526733398438,813.5997314453125,1048.27978515625,808.058349609375
974.1967163085938,605.89453125,973.9849853515625,601.8160400390625,976.7323608398438,601.156005859375,973.933837890625,606.6820068359375,991.1981201171875,604.6200561523438,966.05615234375,635.3477172851562,1006.7653198242188,631.7192993164062,953.45166015625,671.9071044921875,1026.100830078125,667.7777709960938,945.707275390625,694.6162719726562,1043.8150634765625,699.0798950195312,976.2384033203125,702.195068359375,1005.4579467773438,700.4424438476562,957.10205078125,753.972900390625,1011.3436279296875,751.1599731445312,961.9442138671875,811.7427978515625,1030.74951171875,806.7982177734375
967.289306640625,604.6650390625,967.0667724609375,600.3588256835938,970.202392578125,599.8145141601562,967.327392578125,604.6758422851562,986.64599609375,603.1016845703125,959.4054565429688,633.0640869140625,1003.5888671875,630.9168701171875,947.69384765625,669.9534301757812,1024.8385009765625,667.8984985351562,941.6414794921875,697.018798828125,1041.383544921875,700.37060546875,969.275146484375,700.6013793945312,1000.1343383789062,699.61572265625,952.8758544921875,752.36669921875,1001.7757568359375,751.1787109375,958.5535888671875,808.5617065429688,1017.2496337890625,806.350341796875
961.4287109375,605.1607055664062,960.9173583984375,601.1936645507812,964.367919921875,601.275390625,961.7630615234375,605.685791015625,982.1585083007812,605.9295654296875,953.6417236328125,632.5725708007812,1002.3692626953125,633.8753662109375,943.0003051757812,667.6570434570312,1025.697265625,670.3002319335938,936.584228515625,700.6997680664062,1034.8538818359375,703.8046875,960.8248901367188,702.3011474609375,994.8944091796875,702.7864990234375,949.1303100585938,750.9140625,1000.2734375,752.5127563476562,951.0416259765625,804.9699096679688,1008.968017578125,807.7408447265625
954.3323364257812,608.7054443359375,953.9833374023438,604.3677368164062,957.7474365234375,603.7837524414062,955.3449096679688,608.1910400390625,976.8817138671875,606.5010375976562,948.4805908203125,637.8724975585938,995.936279296875,634.3037719726562,940.2386474609375,674.7376708984375,1016.8829956054688,668.8841552734375,940.4082641601562,705.2119140625,1032.272705078125,701.739501953125,955.7608642578125,701.0377197265625,989.3446655273438,699.4509887695312,935.6937255859375,750.11669921875,986.67919921875,748.6734619140625,931.3584594726562,804.7003173828125,992.57177734375,803.905029296875
954.5176391601562,608.6212768554688,954.135986328125,604.284423828125,957.911376953125,603.7115478515625,955.3634033203125,608.125732421875,976.9440307617188,606.4691162109375,948.4329833984375,637.77783203125,995.9280395507812,634.3118896484375,940.2050170898438,674.4273681640625,1016.9170532226562,668.9002075195312,940.37255859375,704.7134399414062,1032.3431396484375,701.7845458984375,955.703857421875,700.932373046875,989.3135986328125,699.3920288085938,935.6830444335938,750.031982421875,986.7396240234375,748.6400146484375,931.3173828125,804.5711059570312,992.641357421875,803.835205078125
951.77197265625,614.4395751953125,951.0496215820312,610.2130126953125,954.2242431640625,609.6996459960938,951.7294921875,614.6657104492188,971.2215576171875,612.6557006835938,945.898193359375,643.7367553710938,990.5703125,639.7259521484375,939.2322998046875,680.2418823242188,1011.485107421875,671.9925537109375,937.645263671875,709.6657104492188,1024.158203125,701.654541015625,952.5869140625,707.6627197265625,985.6436767578125,706.0165405273438,926.772216796875,754.29541015625,986.5651245117188,753.25927734375,909.503173828125,807.376708984375,987.699951171875,807.474609375
942.4389038085938,623.9664916992188,941.847900390625,619.5979614257812,945.628173828125,619.0220336914062,944.5918579101562,622.6983032226562,964.63916015625,620.4036865234375,942.4908447265625,650.6703491210938,983.7823486328125,645.7349243164062,933.4207763671875,688.9073486328125,1004.80126953125,678.639892578125,927.1195678710938,719.0111083984375,1017.4481201171875,708.146240234375,949.0345458984375,715.5283203125,980.987060546875,713.4343872070312,916.785888671875,760.9015502929688,984.6573486328125,759.2920532226562,889.40869140625,811.2989501953125,986.29150390625,810.22607421875
934.4381103515625,628.2276611328125,934.396728515625,624.1051025390625,938.25732421875,623.1368408203125,939.5516357421875,628.6484985351562,959.631591796875,625.2077026367188,938.4622802734375,658.0880126953125,979.9962158203125,651.8712158203125,931.1163330078125,695.6435546875,1000.34619140625,685.5050659179688,924.8323974609375,721.6198120117188,1012.38427734375,715.89013671875,944.3941040039062,723.1738891601562,976.9954833984375,720.3736572265625,910.1439208984375,767.14697265625,982.9015502929688,764.4471435546875,880.989501953125,815.5805053710938,985.802734375,812.7182006835938
929.412353515625,634.994140625,928.2525634765625,630.7857055664062,931.7158813476562,629.8143310546875,928.4478149414062,634.9967041015625,949.0601806640625,630.85791015625,925.7239990234375,663.7202758789062,969.3262939453125,654.4135131835938,919.4395751953125,699.9218139648438,992.4109497070312,684.0847778320312,918.5225830078125,721.3125,1004.8004150390625,712.5440673828125,936.479248046875,727.4754638671875,970.2899780273438,723.515625,904.9898071289062,767.796630859375,978.80517578125,762.0013427734375,881.7581787109375,817.349853515625,987.0682983398438,808.636474609375
920.931640625,637.1465454101562,919.9234619140625,633.20166015625,922.9473266601562,632.074462890625,918.5656127929688,635.2420654296875,939.11669921875,631.2722778320312,912.8472900390625,662.6654663085938,959.398193359375,653.9344482421875,905.144775390625,699.4766235351562,981.3575439453125,685.6004638671875,903.13818359375,709.7744140625,984.3272705078125,703.2508544921875,927.7366943359375,728.1594848632812,963.2403564453125,724.0847778320312,901.3569946289062,762.9097900390625,969.0859375,756.9867553710938,894.619384765625,817.4263916015625,984.894287109375,808.5734252929688
920.921875,637.158935546875,919.932861328125,633.2164916992188,922.92236328125,632.0667724609375,918.61767578125,635.2806396484375,939.0516357421875,631.2356567382812,912.948974609375,662.838134765625,959.343994140625,653.8597412109375,905.1505126953125,699.9743041992188,981.3656005859375,685.3895874023438,902.86279296875,711.0887451171875,984.4378051757812,703.515625,927.8590087890625,728.4251098632812,963.2373046875,724.2474365234375,901.4510498046875,763.0090942382812,969.0712890625,756.9293212890625,894.8665771484375,817.619384765625,985.072021484375,808.4840698242188
912.5480346679688,638.3014526367188,911.773681640625,634.43994140625,913.3447265625,633.6443481445312,909.6864013671875,636.6073608398438,926.0901489257812,633.4423217773438,903.751953125,662.6966552734375,944.912109375,654.2726440429688,892.597900390625,692.1657104492188,967.4249267578125,678.7770385742188,888.2628173828125,694.2447509765625,972.3258056640625,688.3475341796875,916.508544921875,727.69189453125,948.0426635742188,723.8878173828125,898.15576171875,765.1005859375,960.6319580078125,758.5567016601562,900.2904052734375,814.7155151367188,986.9471435546875,804.1975708007812
898.540283203125,641.927734375,897.5284423828125,637.9205322265625,899.3548583984375,637.64892578125,896.388671875,639.5355224609375,912.7628173828125,637.7533569335938,896.64111328125,659.82470703125,930.668701171875,654.2755737304688,890.06689453125,686.4249267578125,951.46484375,676.0839233398438,885.247802734375,679.6760864257812,948.2224731445312,667.4124755859375,912.51416015625,723.712890625,938.1165161132812,721.1512451171875,897.032470703125,767.8232421875,950.3633422851562,764.1560668945312,911.525634765625,812.08447265625,979.3680419921875,805.9586791992188
885.317138671875,647.6448974609375,885.1512451171875,643.52880859375,885.4442138671875,643.6866455078125,887.4268798828125,644.0331420898438,894.517333984375,643.9255981445312,893.5164184570312,662.5992431640625,906.9618530273438,662.0635986328125,902.0630493164062,678.8245849609375,916.7155151367188,677.1160278320312,893.228759765625,663.5601806640625,911.79931640625,659.248291015625,913.6023559570312,729.4820556640625,921.3253173828125,730.1962890625,928.419677734375,767.2446899414062,928.9420166015625,768.0758056640625,955.6744995117188,815.6581420898438,941.4093017578125,815.984375
889.070556640625,650.1773071289062,884.9674072265625,645.6890869140625,886.4375,646.4786376953125,873.638671875,648.7247924804688,885.8421020507812,648.9608154296875,869.5050659179688,671.6451416015625,900.74462890625,668.9976196289062,862.46533203125,687.0849609375,922.135498046875,680.61328125,855.225830078125,666.6937255859375,924.416748046875,661.0306396484375,895.5576782226562,735.5430908203125,915.6018676757812,735.589599609375,909.7468872070312,773.053466796875,928.6497802734375,771.129150390625,924.5868530273438,820.8834228515625,937.4884643554688,816.5712890625
876.4960327148438,653.5919189453125,877.30517578125,648.68017578125,871.1290283203125,650.8302612304688,879.8489990234375,650.1152954101562,862.600830078125,655.4595947265625,896.8287353515625,669.3885498046875,856.7689819335938,677.8124389648438,929.3935546875,679.0145263671875,838.7528076171875,688.0682983398438,925.13671875,665.3448486328125,837.074462890625,658.694580078125,909.794189453125,736.5802001953125,885.6834716796875,741.9354858398438,924.4385375976562,773.6304931640625,907.0367431640625,780.476806640625,924.008544921875,815.8271484375,913.2066650390625,823.26513671875
876.4685668945312,653.5550537109375,877.309814453125,648.6224365234375,871.0391845703125,650.8157958984375,879.97021484375,650.101806640625,862.4646606445312,655.5772094726562,897.204345703125,669.501220703125,856.68310546875,678.0458984375,929.5533447265625,679.0281982421875,838.705810546875,688.2249145507812,924.873046875,665.0264892578125,837.1195678710938,658.5869140625,910.1698608398438,736.7228393554688,885.74853515625,742.0894775390625,924.595458984375,773.97265625,906.8548583984375,780.7677612304688,923.9086303710938,816.1370849609375,913.2344970703125,823.3758544921875
854.5882568359375,651.86328125,853.3119506835938,647.25390625,852.4677734375,648.419921875,853.241943359375,649.633544921875,857.103271484375,651.3807373046875,854.9492797851562,671.8934936523438,870.3438720703125,670.90673828125,854.635986328125,684.43212890625,873.2935791015625,679.375732421875,852.2083740234375,663.2221069335938,869.1180419921875,657.1638793945312,875.3846435546875,739.8646240234375,885.5614013671875,740.7918090820312,902.6712646484375,783.1016845703125,915.430908203125,782.9290771484375,896.4476318359375,822.7696533203125,900.531982421875,819.4491577148438
843.364013671875,650.75732421875,838.8909301757812,645.8076171875,841.0046997070312,646.3175048828125,830.79736328125,652.9378662109375,850.6199340820312,650.6226806640625,828.824951171875,677.5361328125,872.2798461914062,670.9680786132812,808.1424560546875,681.488037109375,894.766357421875,672.2884521484375,797.431640625,660.0845947265625,888.6066284179688,661.9481201171875,868.89794921875,745.4434814453125,892.3687744140625,744.5033569335938,900.917724609375,799.5990600585938,899.7822875976562,796.5751953125,880.9205932617188,836.8496704101562,855.6857299804688,828.0537109375
837.0400390625,655.3817138671875,832.4935913085938,650.8505859375,835.5244140625,651.1074829101562,821.5665893554688,657.7355346679688,842.4306640625,655.993408203125,815.274169921875,681.824462890625,863.0880126953125,679.0491943359375,790.9912719726562,684.9228515625,890.687744140625,681.9625854492188,769.3672485351562,659.5869140625,882.56591796875,661.771484375,854.2103271484375,749.8529052734375,878.5057373046875,750.6341552734375,890.8906860351562,802.337158203125,878.671142578125,803.1278076171875,887.473388671875,838.5850830078125,837.4593505859375,837.040283203125
829.237548828125,658.0235595703125,825.283935546875,653.0472412109375,827.095947265625,653.09130859375,815.12841796875,659.523681640625,833.60107421875,656.8989868164062,808.947998046875,684.4352416992188,855.1475830078125,679.77490234375,783.1030883789062,686.2295532226562,884.8480224609375,682.256591796875,758.0658569335938,664.5564575195312,875.0,669.529541015625,844.4818115234375,750.7396240234375,866.978271484375,750.1763305664062,880.627197265625,804.8150024414062,859.3255615234375,803.0936279296875,888.2706298828125,847.6431884765625,826.57568359375,842.1676025390625
805.3260498046875,667.1390380859375,802.404052734375,662.7837524414062,805.7119140625,662.4947509765625,798.0721435546875,668.18017578125,820.1473388671875,664.9024658203125,798.2030639648438,689.90576171875,840.09814453125,684.0177612304688,777.77490234375,694.6722412109375,874.32763671875,683.7100219726562,750.1767578125,671.0042114257812,865.7618408203125,655.72607421875,828.3634643554688,755.1655883789062,849.1521606445312,753.38818359375,856.849609375,809.01904296875,841.922119140625,807.6828002929688,854.743408203125,852.4861450195312,810.8160400390625,849.512451171875
804.4619140625,667.4038696289062,801.6589965820312,663.058349609375,804.9725341796875,662.7442626953125,797.8052978515625,668.400390625,819.9351806640625,665.0729370117188,798.1056518554688,690.0386962890625,840.0096435546875,684.0775146484375,777.572509765625,694.7259521484375,874.115478515625,683.5750732421875,749.927734375,671.0420532226562,865.3624877929688,655.4652099609375,828.3231201171875,755.4164428710938,849.1129760742188,753.605224609375,856.953857421875,809.1949462890625,841.9527587890625,807.86669921875,854.7342529296875,852.4730224609375,810.73681640625,849.5341796875
802.771484375,670.6173095703125,798.2655029296875,664.5433349609375,799.2745361328125,665.2930908203125,789.403076171875,669.1498413085938,806.0167236328125,667.8185424804688,789.1162719726562,693.8278198242188,829.3463134765625,687.7415161132812,778.83642578125,694.75830078125,857.9141845703125,679.3082275390625,757.5845947265625,687.2479858398438,839.8363037109375,664.96826171875,818.0004272460938,759.5877685546875,840.5088500976562,758.2757568359375,833.6808471679688,818.297119140625,837.900634765625,817.2885131835938,822.4564208984375,868.5389404296875,809.404052734375,865.776123046875
781.6832275390625,670.3474731445312,781.9923706054688,664.3287353515625,777.6333618164062,667.2923583984375,787.6973876953125,664.883544921875,775.04736328125,673.2127685546875,812.507568359375,680.76513671875,776.3776245117188,698.04345703125,848.043701171875,680.6656494140625,767.6829833984375,713.6906127929688,817.774169921875,667.97119140625,752.6142578125,701.4328002929688,837.6123046875,754.714111328125,815.05908203125,761.86767578125,834.6769409179688,813.2213134765625,824.905517578125,823.2127685546875,815.8472900390625,858.6619262695312,816.4447631835938,869.484375
767.893310546875,676.5218505859375,766.637451171875,669.8826293945312,762.44677734375,673.6936645507812,769.396240234375,668.6575317382812,759.4287109375,678.3935546875,798.4097900390625,680.6776123046875,765.6018676757812,697.51123046875,842.5020751953125,672.4794921875,768.7315673828125,707.3740844726562,827.9089965820312,658.3688354492188,769.026123046875,705.6080322265625,823.6693115234375,749.22998046875,801.4063720703125,755.512939453125,821.8075561523438,805.6887817382812,795.669677734375,810.5726318359375,817.5777587890625,858.547119140625,790.7955322265625,858.142333984375
752.5479125976562,672.9667358398438,749.0037841796875,666.89794921875,748.2657470703125,669.398193359375,749.105712890625,668.9737548828125,755.7164306640625,672.0665283203125,776.1103515625,683.8871459960938,770.855712890625,685.7572021484375,801.4642333984375,670.1594848632812,794.184326171875,678.0836791992188,802.7620849609375,654.3291015625,795.7966918945312,669.981689453125,807.1931762695312,745.9814453125,802.830078125,746.49658203125,801.2894287109375,804.8765258789062,790.6693115234375,803.0343017578125,788.0286254882812,860.702880859375,782.1264038085938,854.138427734375
737.6448974609375,674.1375122070312,734.1735229492188,667.558349609375,733.0671997070312,669.5751342773438,734.229736328125,673.4759521484375,743.4907836914062,673.7786865234375,757.320068359375,692.5648193359375,761.879638671875,687.163818359375,769.3900146484375,668.5234985351562,776.7296142578125,662.8740844726562,770.209716796875,650.1881713867188,772.2573852539062,653.92919921875,797.7658081054688,748.2053833007812,801.9407958984375,745.487060546875,772.300048828125,808.3321533203125,791.5458984375,802.5847778320312,741.1939086914062,869.1556396484375,787.98583984375,856.7479248046875
737.6669921875,674.4476928710938,734.039306640625,667.7976684570312,733.1300659179688,669.564208984375,733.4713134765625,674.0084838867188,744.086181640625,673.3336181640625,755.08642578125,693.7849731445312,764.1195678710938,686.217041015625,767.3399658203125,669.5296630859375,779.93310546875,659.4121704101562,769.5437622070312,651.9750366210938,774.306640625,650.4590454101562,796.2335815429688,748.4027709960938,804.99658203125,744.7431640625,767.0443115234375,808.3086547851562,801.5343017578125,801.2552490234375,731.62109375,869.7837524414062,802.9517211914062,855.7476196289062
732.8687133789062,690.065673828125,730.1976928710938,683.184814453125,727.4911499023438,685.7540893554688,732.053466796875,684.8694458007812,733.8095703125,687.7679443359375,757.0172119140625,691.9481201171875,752.3616333007812,690.177001953125,755.9295654296875,647.9007568359375,758.6292724609375,647.1077270507812,736.3383178710938,603.76806640625,737.9031982421875,614.6181640625,794.6298828125,742.9044799804688,786.3533935546875,741.234619140625,799.1279296875,804.16650390625,765.6124877929688,798.8424072265625,781.547119140625,859.46337890625,735.8352661132812,845.4171142578125
728.0491943359375,685.5774536132812,722.9598999023438,678.2635498046875,722.4088134765625,681.14404296875,718.17431640625,686.5941772460938,727.2489624023438,688.706787109375,735.4129638671875,702.6494750976562,745.06591796875,696.7867431640625,727.9659423828125,638.35400390625,738.8821411132812,630.53125,713.2968139648438,581.5892944335938,714.2316284179688,591.01318359375,767.2060546875,749.4886474609375,780.6910400390625,746.4884033203125,736.2559814453125,810.0997924804688,811.2833862304688,802.3463745117188,676.1243896484375,862.89599609375,819.1800537109375,846.2455444335938
719.258056640625,692.2119750976562,715.592041015625,686.1053466796875,714.0545654296875,688.128173828125,710.6552734375,689.8178100585938,714.3985595703125,691.6053466796875,726.7521362304688,700.960205078125,727.6317138671875,698.7947387695312,732.91162109375,664.7982177734375,735.2574462890625,661.19775390625,721.4183959960938,614.9639282226562,722.6610107421875,618.732666015625,761.5690307617188,753.509033203125,763.952880859375,753.1224365234375,752.0633544921875,813.279296875,780.647705078125,810.0521850585938,717.5541381835938,862.5177001953125,774.1878662109375,853.9421997070312
692.9779663085938,695.6426391601562,690.4532470703125,692.0055541992188,690.9990844726562,690.5626831054688,688.3504028320312,699.3194580078125,701.7900390625,691.227783203125,703.4038696289062,720.6876220703125,721.111572265625,698.398681640625,718.8140258789062,712.0611572265625,737.5679321289062,667.811279296875,716.7547607421875,664.003173828125,722.63037109375,631.0145263671875,741.3436279296875,769.6746826171875,765.2066650390625,760.3991088867188,699.5880737304688,826.2376098632812,808.2049560546875,809.368896484375,647.3776245117188,878.6474609375,843.08740234375,850.3181762695312
670.3552856445312,705.9515991210938,668.122314453125,703.8824462890625,672.3405151367188,699.5260009765625,667.99755859375,716.6370849609375,691.893310546875,699.3704223632812,678.1888427734375,746.7273559570312,712.9638671875,706.2584228515625,681.611083984375,739.7107543945312,738.9246826171875,665.6194458007812,674.2603759765625,705.3162841796875,739.0892944335938,661.3611450195312,725.9141235351562,784.8941650390625,758.1161499023438,766.7645263671875,687.0072021484375,837.4996948242188,800.6435546875,806.36474609375,644.6141357421875,890.0040893554688,837.377685546875,840.3341674804688
669.9461669921875,706.5390014648438,667.7802124023438,704.434814453125,671.9693603515625,700.106689453125,668.0216674804688,716.8916625976562,691.8509521484375,699.70947265625,678.5076904296875,746.5570678710938,713.065673828125,706.2913208007812,681.928955078125,739.6761474609375,738.6961059570312,666.1847534179688,674.5199584960938,705.4091796875,738.4735107421875,662.1909790039062,726.2869873046875,784.8169555664062,758.39794921875,766.7547607421875,687.126220703125,837.4000854492188,800.7352294921875,806.398681640625,644.5709838867188,889.9705810546875,837.4495239257812,840.468505859375
664.5777587890625,712.8593139648438,663.742431640625,709.2301635742188,663.6136474609375,708.0485229492188,667.103271484375,712.978515625,676.1797485351562,706.5623168945312,681.45458984375,735.459228515625,694.165771484375,718.3432006835938,687.4718017578125,741.2195434570312,698.2886352539062,721.986572265625,682.3935546875,710.513671875,687.7055053710938,725.4765014648438,715.4112548828125,792.7824096679688,737.0277099609375,784.0944213867188,674.69921875,839.9583740234375,785.302734375,822.485107421875,642.6263427734375,890.952880859375,837.0335083007812,858.6963500976562
654.3086547851562,726.811279296875,653.802001953125,722.7589721679688,654.7132568359375,720.8014526367188,657.2840576171875,724.2832641601562,670.50390625,715.9208984375,668.221923828125,746.36572265625,694.5404663085938,722.6511840820312,662.3640747070312,764.8223876953125,712.3975830078125,720.2020263671875,651.0726318359375,753.6383056640625,707.0830078125,716.8031005859375,703.8505859375,802.152099609375,731.406494140625,791.2882690429688,654.4681396484375,843.629638671875,763.01025390625,825.8323974609375,640.8983154296875,893.4351196289062,820.4293212890625,864.995849609375
654.201171875,729.2308349609375,652.7359619140625,725.5933227539062,655.4866943359375,722.5729370117188,650.35693359375,731.273193359375,672.2282104492188,719.930908203125,650.0691528320312,760.4544677734375,698.4928588867188,732.601806640625,631.70361328125,787.4566040039062,729.6356201171875,737.0231323242188,619.4317626953125,779.6592407226562,727.5599975585938,733.776611328125,687.7711181640625,811.6543579101562,726.9590454101562,799.0673828125,654.3416748046875,852.3843994140625,758.0357055664062,833.0758666992188,642.1087036132812,907.0064697265625,802.80126953125,878.144287109375
641.1964111328125,729.55419921875,641.40576171875,726.2967529296875,643.7937622070312,723.0131225585938,646.3443603515625,731.8414306640625,665.2627563476562,720.2178955078125,647.9163818359375,761.248291015625,691.9129638671875,734.0975341796875,637.9131469726562,797.4312744140625,723.67138671875,745.9707641601562,619.009033203125,799.5096435546875,722.0877075195312,749.3580322265625,688.6398315429688,814.7249755859375,724.1054077148438,801.570068359375,656.28466796875,858.292236328125,752.2332763671875,839.4984130859375,646.6209106445312,914.680908203125,794.181396484375,885.8818359375
641.884521484375,728.3311157226562,641.6893920898438,725.1201171875,644.9031982421875,722.528076171875,646.8353271484375,730.1155395507812,667.9278564453125,720.3648681640625,652.1864013671875,758.8588256835938,692.3968505859375,739.1922607421875,649.1005249023438,794.5458984375,723.0574340820312,757.667236328125,631.6451416015625,801.1821899414062,719.489990234375,765.6179809570312,684.66748046875,812.9404296875,720.121826171875,804.416015625,652.4913330078125,860.5130615234375,750.3131103515625,848.069580078125,632.2155151367188,914.4901123046875,791.59814453125,896.0372314453125
641.9386596679688,728.3721313476562,641.7254638671875,725.160400390625,644.9178466796875,722.5841674804688,646.8551635742188,730.136962890625,667.857177734375,720.4091796875,652.33056640625,758.87158203125,692.2996826171875,739.1508178710938,649.1103515625,794.5156860351562,722.9365234375,757.5665283203125,631.5663452148438,801.006103515625,719.6549682617188,765.48828125,684.7550048828125,812.948974609375,720.03955078125,804.3878173828125,652.4945678710938,860.64404296875,750.1712646484375,848.0924072265625,632.2091064453125,914.6694946289062,791.57080078125,895.9705810546875
653.5440063476562,725.7144775390625,651.6198120117188,722.2786865234375,655.5557861328125,719.9199829101562,650.6097412109375,726.8757934570312,676.8034057617188,717.2227783203125,654.490234375,756.1942138671875,697.77734375,735.921142578125,656.0272216796875,793.2139892578125,723.212646484375,758.1542358398438,651.8516845703125,792.4671630859375,713.895751953125,766.867919921875,681.9911499023438,811.58544921875,720.522216796875,802.77294921875,651.84326171875,859.6107788085938,747.8467407226562,845.5118408203125,632.1976928710938,914.0670776367188,788.55029296875,892.1222534179688
657.5956420898438,717.7542724609375,656.06640625,714.1653442382812,660.13037109375,711.8321533203125,655.7498779296875,719.3310546875,683.429931640625,710.2203979492188,658.2911987304688,751.058837890625,704.5747680664062,731.3858642578125,663.31103515625,792.512939453125,728.5369873046875,756.835205078125,667.6511840820312,805.3013916015625,721.7039184570312,774.9549560546875,682.4144287109375,807.288330078125,723.279541015625,798.820068359375,652.7406005859375,854.7691650390625,750.6829833984375,841.36865234375,632.9501953125,911.5336303710938,789.6934204101562,890.5757446289062
668.8792724609375,708.045166015625,667.3414306640625,704.557373046875,670.9052734375,702.4791259765625,666.481689453125,710.3919677734375,692.9510498046875,701.8701171875,666.1966552734375,742.9898681640625,712.4859619140625,723.8861083984375,667.2330932617188,780.2744750976562,733.4591064453125,748.3963623046875,673.1795043945312,785.0029296875,729.13134765625,765.652587890625,683.891845703125,800.4564208984375,724.5199584960938,792.001708984375,659.5703735351562,848.5889892578125,755.27294921875,834.6328125,635.2061767578125,906.7127685546875,788.0057373046875,885.175048828125
685.25634765625,701.8291015625,682.239013671875,697.8658447265625,686.039306640625,695.9749145507812,676.4124755859375,703.3639526367188,705.3442993164062,694.6959838867188,674.1918334960938,736.42724609375,724.2991333007812,716.2225341796875,672.9609985351562,776.4952392578125,743.4197387695312,742.4426879882812,676.9950561523438,794.8963623046875,733.6022338867188,772.720458984375,689.43359375,795.2109375,732.5557861328125,786.273193359375,667.218994140625,845.6427001953125,762.7427368164062,831.0221557617188,636.5499267578125,902.6954956054688,787.5573120117188,879.4920654296875
703.53857421875,691.4912109375,700.1136474609375,686.9541625976562,704.8187866210938,685.306396484375,693.0684814453125,693.9610595703125,722.2987670898438,686.3709106445312,686.6973876953125,729.0204467773438,741.49072265625,712.6697998046875,684.44775390625,770.6422119140625,757.475830078125,746.023681640625,692.0296020507812,782.8910522460938,752.0259399414062,778.2235107421875,696.184326171875,792.7984619140625,740.427734375,785.909912109375,676.8773193359375,839.9637451171875,767.82861328125,828.4189453125,639.6162109375,899.4131469726562,771.1014404296875,881.9760131835938
703.3705444335938,691.4115600585938,699.9847412109375,686.8859252929688,704.6727905273438,685.2274780273438,693.0772094726562,693.96484375,722.2615966796875,686.3502197265625,686.753662109375,729.1309814453125,741.5465698242188,712.770751953125,684.3964233398438,770.75146484375,757.5003662109375,746.1689453125,691.7438354492188,782.820068359375,752.00927734375,778.31640625,696.4669189453125,792.9063720703125,740.689697265625,786.0027465820312,676.802001953125,839.7113037109375,767.6832885742188,828.16162109375,639.6717529296875,899.39453125,770.9906616210938,881.94873046875
724.8662719726562,686.3365478515625,719.9202880859375,680.9354248046875,724.4411010742188,680.4429321289062,707.3715209960938,685.357177734375,734.4855346679688,681.2601318359375,698.8778686523438,716.248291015625,753.6900024414062,707.4892578125,694.3594970703125,759.179443359375,770.7515258789062,746.048095703125,697.2774047851562,780.1990356445312,764.6569213867188,777.477783203125,709.1649780273438,782.9600830078125,752.9156494140625,779.3994140625,684.1539916992188,834.8882446289062,771.6275024414062,829.36474609375,644.8629150390625,891.0558471679688,767.9244384765625,882.8074951171875
732.7771606445312,681.3466186523438,728.696533203125,676.30712890625,733.2210693359375,675.9820556640625,718.6131591796875,680.6551513671875,746.1961669921875,677.5886840820312,709.1049194335938,710.2557373046875,763.9962158203125,704.1513671875,703.1234130859375,748.5885009765625,780.9276123046875,740.9996337890625,709.0694580078125,767.3197021484375,779.432373046875,772.2655029296875,717.164306640625,778.890380859375,759.888671875,776.53125,695.8497314453125,831.9710083007812,775.3335571289062,828.2836303710938,657.604736328125,886.8381958007812,767.0828247070312,881.2203369140625
745.3888549804688,679.1903076171875,742.8001098632812,673.9669189453125,746.026611328125,673.950439453125,734.259033203125,677.5396118164062,759.3265380859375,676.6954345703125,721.4955444335938,706.80712890625,775.254150390625,705.42578125,711.9774780273438,744.8114013671875,791.9385986328125,743.566650390625,716.6695556640625,766.2346801757812,788.926025390625,768.6563720703125,725.7930908203125,776.129638671875,765.6636962890625,775.7955322265625,711.8418579101562,829.110107421875,775.7593994140625,829.516357421875,680.82763671875,878.4757080078125,761.712158203125,879.5465698242188
752.7062377929688,673.3978881835938,750.6011352539062,668.1748657226562,753.9541015625,668.2225341796875,743.1136474609375,672.021240234375,767.8366088867188,671.855224609375,728.1698608398438,701.9779052734375,783.20068359375,701.55615234375,716.2125244140625,742.193359375,799.6297607421875,738.4775390625,718.7349243164062,773.8770751953125,799.8585205078125,766.0728759765625,731.7955932617188,772.7760009765625,771.18310546875,773.032470703125,725.3302001953125,825.7937622070312,781.95361328125,827.6553955078125,699.5043334960938,877.3909912109375,767.2344970703125,880.7188110351562
766.1765747070312,669.18017578125,762.8480834960938,664.0166625976562,767.22998046875,664.5521850585938,750.9595947265625,666.4361572265625,777.1956787109375,668.13818359375,735.8777465820312,694.95654296875,789.0758056640625,698.4633178710938,725.2213134765625,731.626953125,808.1143798828125,735.3736572265625,724.9722900390625,765.118896484375,808.4429931640625,760.8121337890625,741.0540771484375,768.643310546875,777.3367309570312,770.7236328125,739.9798583984375,820.1596069335938,779.874267578125,825.0087890625,725.9480590820312,870.3088989257812,765.0276489257812,879.2230224609375
766.0028076171875,669.307373046875,762.708251953125,664.1439208984375,767.0732421875,664.6737060546875,750.9315795898438,666.541015625,777.1660766601562,668.2337646484375,735.8825073242188,695.021240234375,789.1546630859375,698.5595703125,725.2532958984375,731.6507568359375,808.2793579101562,735.534423828125,725.0078125,765.0245361328125,808.486328125,760.9281005859375,741.142578125,768.7027587890625,777.4776611328125,770.788330078125,739.8417358398438,820.1431884765625,779.798095703125,825.0162353515625,725.904296875,870.3369140625,765.0502319335938,879.29052734375
772.36572265625,661.7734985351562,768.4949951171875,656.538818359375,772.2952880859375,656.8731689453125,756.308837890625,660.6094970703125,780.9080200195312,660.5115966796875,744.1048583984375,689.5515747070312,794.4605712890625,689.2162475585938,732.4252319335938,728.6158447265625,815.267578125,726.162109375,730.4085693359375,759.6192626953125,819.2012329101562,754.4788818359375,751.80224609375,758.8377685546875,784.6170043945312,759.4259033203125,755.4937133789062,816.6461791992188,783.0569458007812,817.8239135742188,745.2069091796875,871.2608642578125,767.5690307617188,871.1892700195312
768.7908935546875,655.668212890625,765.727294921875,650.59375,769.9534912109375,650.662109375,758.9766235351562,655.1055908203125,785.3328857421875,653.88525390625,751.325439453125,684.8057861328125,800.7633056640625,682.8933715820312,740.9708251953125,722.4188232421875,820.0489501953125,719.81298828125,738.522216796875,752.4166259765625,824.412841796875,753.6217041015625,762.9481201171875,754.7114868164062,793.9227294921875,754.9522705078125,772.6041870117188,812.939453125,788.0059814453125,813.3150634765625,768.6993408203125,867.5711669921875,772.2620849609375,865.65087890625
772.4349365234375,649.3480224609375,769.729248046875,644.5015869140625,773.7769775390625,644.3271484375,764.9935302734375,649.6331176757812,789.1203002929688,647.4796142578125,760.0772705078125,681.0218505859375,805.3207397460938,675.747314453125,748.4158935546875,717.2913208007812,823.378662109375,710.2691650390625,741.3942260742188,746.2501220703125,831.1734008789062,743.882080078125,774.4617919921875,752.9024658203125,801.504638671875,750.4905395507812,787.0460205078125,811.6181640625,793.827392578125,808.2626953125,785.500732421875,866.8736572265625,770.9664306640625,860.1293334960938
785.7122802734375,646.6638793945312,780.4513549804688,641.2048950195312,785.386474609375,641.3462524414062,768.964111328125,645.7957763671875,797.075439453125,643.2335205078125,765.4686279296875,678.0357666015625,812.07421875,670.40869140625,753.2799682617188,716.1871337890625,829.8283081054688,706.4264526367188,746.1898193359375,742.792236328125,833.970703125,741.7529296875,781.46435546875,750.1981201171875,808.9323120117188,747.0599365234375,801.4000244140625,811.3555908203125,800.2911376953125,805.5642700195312,798.4893798828125,865.8421630859375,773.9855346679688,854.2274169921875
786.33251953125,645.0186157226562,781.8652954101562,640.16845703125,786.7487182617188,639.836669921875,773.3114013671875,645.6240844726562,800.399169921875,641.8944091796875,770.7412109375,677.9962768554688,815.1948852539062,668.496826171875,757.75048828125,716.7289428710938,833.3565673828125,703.336181640625,747.66015625,742.908447265625,840.5797119140625,740.412841796875,790.411865234375,746.630859375,815.8734130859375,743.0653076171875,812.7720947265625,805.8568725585938,810.0653076171875,799.3421630859375,809.8470458984375,858.511474609375,782.8145751953125,845.5065307617188
786.14111328125,645.0494384765625,781.699462890625,640.214599609375,786.5782470703125,639.871337890625,773.272705078125,645.7003173828125,800.3453979492188,641.9285278320312,770.775146484375,678.0701904296875,815.156982421875,668.52001953125,757.7766723632812,716.7748413085938,833.373291015625,703.397216796875,747.6688232421875,742.9063720703125,840.7431640625,740.705078125,790.5595703125,746.6802978515625,815.970458984375,743.093505859375,812.9676513671875,805.8605346679688,810.2645263671875,799.306640625,809.7273559570312,858.4576416015625,782.807861328125,845.3983154296875
791.4157104492188,642.33203125,787.4991455078125,637.756103515625,792.0462646484375,637.416748046875,780.00048828125,644.1578369140625,805.8636474609375,640.8212280273438,775.4979858398438,677.1995849609375,821.4797973632812,668.5767211914062,762.2059326171875,714.4810791015625,841.76025390625,700.2762451171875,752.364501953125,740.76318359375,849.8555908203125,732.7721557617188,795.9063720703125,744.5045166015625,823.8310546875,741.7619018554688,818.1897583007812,798.76123046875,831.197998046875,793.8023681640625,810.7618408203125,846.0961303710938,809.359130859375,835.9248046875
798.037109375,638.540283203125,794.4713745117188,634.0238647460938,799.008544921875,633.7376708984375,788.3330078125,640.61572265625,813.4039306640625,637.8341064453125,782.2201538085938,674.7188110351562,831.4564819335938,667.1171264648438,770.161376953125,712.304443359375,853.1739501953125,697.1827392578125,758.9237060546875,741.2898559570312,860.8471069335938,725.8428344726562,801.851806640625,741.2385864257812,832.3790283203125,739.2108154296875,823.2000732421875,792.2587890625,842.7279052734375,789.1575927734375,820.5236206054688,838.9073486328125,826.8485107421875,832.2154541015625
804.5123291015625,635.877685546875,801.24365234375,631.1590576171875,805.1787109375,631.0357055664062,795.0382690429688,636.59814453125,818.2716064453125,634.4768676757812,788.3228759765625,669.1842041015625,835.9996337890625,662.8306884765625,776.4716796875,705.988525390625,857.6174926757812,693.6835327148438,767.7183837890625,733.0999145507812,866.7747802734375,721.9949951171875,805.5003662109375,736.9984130859375,835.952392578125,735.2735595703125,821.9357299804688,786.6982421875,847.5343017578125,783.576904296875,823.3438720703125,837.1624145507812,841.383056640625,829.8773193359375
807.710693359375,634.7481689453125,806.01171875,630.4222412109375,809.8786010742188,630.0159912109375,803.0374145507812,634.8939208984375,825.8533935546875,633.0638427734375,795.75537109375,664.8968505859375,842.9249267578125,659.955810546875,781.3717041015625,701.3806762695312,866.6290283203125,691.0517578125,774.7659301757812,731.140625,878.0076904296875,719.7853393554688,811.250244140625,731.710205078125,842.400634765625,730.186767578125,818.3241577148438,781.1815185546875,853.3887939453125,778.8846435546875,822.7286376953125,832.6173706054688,859.27685546875,827.1312255859375
815.876708984375,633.2581787109375,814.1912841796875,628.856201171875,818.3926391601562,628.114501953125,810.3223876953125,633.3370361328125,834.5458984375,630.5923461914062,800.7068481445312,663.8178100585938,851.9874267578125,658.05126953125,789.31201171875,697.4266357421875,872.5358276367188,689.5540161132812,787.5584106445312,724.021484375,883.667724609375,723.1644287109375,817.9854125976562,729.1527709960938,853.646240234375,726.9608154296875,817.0418701171875,775.5386962890625,866.0811767578125,771.863525390625,817.304931640625,830.6290283203125,874.242919921875,824.9066162109375
816.0162963867188,633.2532958984375,814.3390502929688,628.8582153320312,818.5179443359375,628.1156616210938,810.42626953125,633.3887939453125,834.594970703125,630.6527099609375,800.670654296875,663.94873046875,851.9778442382812,658.1592407226562,789.21484375,697.4544067382812,872.5984497070312,689.3777465820312,787.5745239257812,724.276123046875,883.9130859375,722.948486328125,817.92578125,729.1676025390625,853.587158203125,726.9789428710938,817.2951049804688,775.47412109375,866.2576904296875,771.80810546875,817.3004150390625,830.4886474609375,874.2054443359375,824.8021240234375
824.8262939453125,632.546875,822.4385986328125,627.9343872070312,826.4928588867188,627.3707275390625,815.7643432617188,631.79541015625,840.790283203125,629.2618408203125,805.866943359375,662.095947265625,858.0458984375,656.0215454101562,794.1907958984375,697.2608642578125,879.0444946289062,689.2816772460938,793.8612060546875,725.1158447265625,888.3499145507812,724.27197265625,822.3289794921875,727.1324462890625,860.3057861328125,724.6323852539062,814.5484619140625,774.2474365234375,875.5816040039062,769.652099609375,812.885009765625,830.239501953125,892.4613647460938,822.2999267578125
830.0595703125,634.7149658203125,827.7189331054688,630.368408203125,831.7880859375,629.71337890625,821.6324462890625,634.76171875,845.3653564453125,631.7730102539062,813.0521850585938,665.4503173828125,861.255126953125,658.1470336914062,803.1005859375,701.0900268554688,883.2406005859375,691.9112548828125,803.34619140625,726.6978759765625,898.307373046875,727.991943359375,828.8192138671875,729.165771484375,865.662353515625,725.954345703125,814.2830200195312,774.7198486328125,886.972900390625,768.5526123046875,808.7517700195312,827.9798583984375,911.3065185546875,817.5653686523438
836.150390625,636.94091796875,834.43896484375,632.78857421875,837.783447265625,632.01171875,828.6478271484375,636.4971923828125,851.5889892578125,633.6561279296875,818.9859619140625,668.0390625,867.8073120117188,660.4723510742188,807.877685546875,706.6069946289062,887.8954467773438,697.8385009765625,811.824462890625,729.6650390625,900.9361572265625,732.8087768554688,834.222900390625,735.5179443359375,873.1971435546875,731.9965209960938,816.06591796875,776.233154296875,900.7822265625,769.2320556640625,809.5772094726562,829.5990600585938,931.3486328125,817.1350708007812
843.4556884765625,645.306396484375,841.7342529296875,641.1650390625,845.1954345703125,640.4334106445312,835.56201171875,644.470947265625,858.8838500976562,641.7503662109375,825.3739013671875,675.5224609375,874.561767578125,668.2007446289062,811.1318359375,711.1392822265625,894.2477416992188,705.16455078125,817.189208984375,721.1636352539062,908.8738403320312,732.3603515625,840.7044067382812,743.7332763671875,880.3980712890625,739.9283447265625,816.8856201171875,780.5230712890625,905.263671875,772.6446533203125,811.9505615234375,832.2088623046875,940.9370727539062,818.317626953125
846.4852294921875,650.1795043945312,843.9091796875,645.9790649414062,848.0347900390625,645.3546142578125,839.46923828125,650.4288330078125,863.4241943359375,646.6712646484375,836.4794311523438,681.0613403320312,882.1064453125,671.8958740234375,826.2134399414062,712.8655395507812,904.8243408203125,704.756591796875,827.7464599609375,720.697021484375,919.718017578125,733.1149291992188,849.9428100585938,746.1719970703125,886.706298828125,741.7965087890625,819.9293212890625,784.783447265625,902.93994140625,776.0650634765625,810.764404296875,829.821044921875,935.2906494140625,815.029296875
846.5883178710938,650.2406005859375,843.9962158203125,646.0313720703125,848.1192626953125,645.4179077148438,839.5244140625,650.4700927734375,863.4783935546875,646.73388671875,836.553955078125,681.1097412109375,882.16943359375,671.94580078125,826.17138671875,712.9425048828125,904.7830810546875,704.8607788085938,827.6233520507812,720.6864013671875,919.6483154296875,733.1795654296875,849.9737548828125,746.17529296875,886.72607421875,741.7926635742188,819.9267578125,784.7293701171875,902.90869140625,775.9843139648438,810.7714233398438,829.7766723632812,935.2608032226562,814.9046630859375
848.0394287109375,655.4224243164062,845.0242309570312,651.48583984375,849.758544921875,650.666748046875,839.6165771484375,655.8449096679688,863.9382934570312,651.6231079101562,837.1923828125,685.3428344726562,882.0298461914062,674.72314453125,833.293212890625,719.73193359375,907.2083129882812,703.69677734375,835.7406005859375,736.8734130859375,922.2086181640625,730.7974853515625,850.56787109375,746.4405517578125,886.62353515625,741.7681884765625,821.8229370117188,782.1282348632812,902.811767578125,773.807373046875,813.1990966796875,827.0435791015625,933.699462890625,813.7998046875
837.6622314453125,656.3505859375,836.0989379882812,652.490234375,840.8995971679688,651.4837646484375,836.5724487304688,656.050537109375,859.3359375,651.915283203125,836.6182250976562,684.2565307617188,880.5863037109375,673.3731079101562,834.3502807617188,723.2604370117188,905.8377685546875,704.6353759765625,839.1900634765625,739.132568359375,921.5703735351562,727.0133666992188,852.8055419921875,750.70263671875,888.42333984375,745.7520751953125,819.69677734375,772.1873779296875,907.6116943359375,764.6116943359375,816.44775390625,818.5284423828125,938.810302734375,807.0604248046875
836.2776489257812,655.0004272460938,833.7850341796875,651.0986938476562,838.3276977539062,650.2783203125,830.2626342773438,655.007568359375,852.0072021484375,651.2605590820312,829.4400634765625,684.0591430664062,870.9979248046875,671.734375,826.0906982421875,722.5064697265625,896.7015380859375,697.464111328125,828.2938232421875,744.1490478515625,912.3861083984375,714.8135986328125,846.8829345703125,745.9429931640625,880.316162109375,740.5266723632812,822.8457641601562,775.6774291992188,905.8472900390625,767.7568359375,820.0345458984375,816.79345703125,937.562255859375,805.403564453125
827.2581787109375,654.4977416992188,825.2942504882812,650.89111328125,828.90673828125,650.3807983398438,820.37939453125,653.8623657226562,841.7138671875,651.697265625,814.5569458007812,679.822509765625,858.4293823242188,674.167724609375,816.0986328125,713.0762939453125,885.03955078125,701.0040893554688,823.7684326171875,721.6686401367188,893.7239990234375,706.8323974609375,833.773681640625,740.3330078125,869.1651611328125,738.4525146484375,820.3846435546875,769.83740234375,896.7645263671875,766.689697265625,821.8076171875,813.9618530273438,930.78564453125,810.514892578125
819.0020141601562,655.9176635742188,816.488525390625,652.5376586914062,820.3870239257812,651.68017578125,810.4779052734375,656.6951904296875,833.3759765625,652.8284912109375,804.7620849609375,683.6766357421875,850.4573974609375,674.0897827148438,807.9878540039062,714.93408203125,878.839111328125,694.6063842773438,818.1868286132812,721.5462646484375,886.1077880859375,699.35986328125,827.072021484375,740.8297119140625,863.0586547851562,737.6365356445312,824.6336669921875,774.7078857421875,894.105224609375,769.142822265625,826.0162353515625,818.9415893554688,924.893310546875,812.2183227539062
819.2135009765625,655.9722290039062,816.6622924804688,652.5899658203125,820.5792846679688,651.7353515625,810.5095825195312,656.7591552734375,833.481201171875,652.8922729492188,804.7472534179688,683.7368774414062,850.5040283203125,674.1324462890625,807.94091796875,714.899658203125,878.9874267578125,694.4778442382812,818.1926879882812,721.3587646484375,886.2113037109375,698.990478515625,827.0185546875,740.9342651367188,863.04443359375,737.7406005859375,824.6715087890625,774.7655029296875,894.130859375,769.1921997070312,825.9834594726562,819.021484375,924.9116821289062,812.2919921875
818.679443359375,653.337890625,815.2717895507812,649.6807250976562,818.7507934570312,649.4940795898438,805.8883056640625,655.3284912109375,825.446044921875,653.2571411132812,799.781005859375,683.8727416992188,840.6340942382812,675.6593017578125,799.4051513671875,712.8875732421875,870.0294189453125,686.63330078125,802.13037109375,725.648681640625,879.7582397460938,682.169189453125,820.6025390625,739.7078247070312,851.998779296875,737.70654296875,824.8096923828125,774.7670288085938,886.345947265625,771.2392578125,824.8094482421875,821.360595703125,912.8497924804688,817.5283203125
806.1148681640625,653.9603271484375,802.7418212890625,650.113037109375,806.0546875,650.4732666015625,794.75927734375,655.3912353515625,813.821533203125,654.929443359375,789.6680908203125,683.1746826171875,831.4671630859375,677.988037109375,791.2794799804688,712.16064453125,862.891845703125,690.0523681640625,799.221923828125,711.9539184570312,874.0550537109375,668.672607421875,811.7656860351562,740.8521728515625,842.4014892578125,740.5750732421875,825.90869140625,774.3758544921875,876.3865966796875,773.427978515625,823.115478515625,822.8253173828125,890.0340576171875,822.4637451171875
807.56298828125,651.6822509765625,801.0098876953125,647.4454956054688,805.1947631835938,648.8082275390625,784.8367309570312,653.6849975585938,805.8440551757812,654.9620971679688,778.7750244140625,681.1265869140625,822.436767578125,678.8297729492188,788.3101806640625,698.4150390625,848.0167236328125,689.6204223632812,806.5360107421875,683.310791015625,859.0682373046875,665.95263671875,801.3336181640625,741.55810546875,832.1087646484375,742.326416015625,826.0720825195312,776.793212890625,865.797119140625,775.5321044921875,821.2263793945312,825.6000366210938,862.9220581054688,822.8787841796875
799.4107666015625,650.169677734375,792.0643310546875,645.8601684570312,796.6661376953125,647.009521484375,775.7401123046875,654.1629638671875,798.7391357421875,653.8658447265625,769.5262451171875,683.6962890625,819.3224487304688,678.6453247070312,764.5001831054688,698.4259643554688,842.7518920898438,687.2655029296875,763.44482421875,673.9961547851562,841.72021484375,662.9898681640625,796.4281005859375,745.4837646484375,829.2459716796875,745.1306762695312,830.7833862304688,787.2860107421875,860.9881591796875,784.6104125976562,820.5606079101562,826.6749267578125,844.214599609375,820.9070434570312
782.7188720703125,649.652099609375,779.616455078125,646.498291015625,780.620361328125,646.6689453125,773.5458984375,655.8572998046875,786.8593139648438,653.585205078125,771.8765258789062,681.7974243164062,803.35693359375,677.0556030273438,756.8790283203125,695.0601196289062,832.93603515625,687.154296875,739.276123046875,671.1094970703125,836.665283203125,666.923095703125,806.5213623046875,746.80029296875,824.3602294921875,746.4296875,837.9197998046875,796.927490234375,851.3953857421875,795.7801513671875,817.947998046875,832.17578125,822.0353393554688,828.9776000976562
782.6767578125,649.6966552734375,779.5731811523438,646.5485229492188,780.5911865234375,646.7265625,773.540283203125,655.8968505859375,786.87841796875,653.6519775390625,771.9300537109375,681.794189453125,803.39306640625,677.1182861328125,756.9091796875,695.01904296875,832.8607177734375,687.256591796875,739.2396240234375,671.0294799804688,836.4808349609375,667.0057373046875,806.606201171875,746.8316650390625,824.43310546875,746.4893188476562,837.9805908203125,797.05126953125,851.471923828125,795.9581298828125,817.97119140625,832.1856079101562,822.0001220703125,829.0540771484375
781.774169921875,649.8915405273438,777.0521850585938,646.060302734375,780.55224609375,646.2548828125,767.3255615234375,654.32373046875,786.3370361328125,652.0889282226562,764.2294311523438,680.9232788085938,802.9630126953125,676.3544921875,746.8626098632812,690.2425537109375,831.297119140625,680.9072265625,716.3319091796875,669.7435302734375,829.8511962890625,658.403076171875,794.640380859375,750.8150634765625,816.5817260742188,750.48974609375,822.3145751953125,804.567138671875,836.3424682617188,804.8642578125,804.63232421875,844.3055419921875,806.5546875,844.6800537109375
764.860595703125,650.3419799804688,763.3074951171875,646.17578125,761.5811157226562,647.265380859375,766.1197509765625,654.0913696289062,767.8637084960938,654.5899658203125,785.4342041015625,678.156494140625,776.611083984375,677.2813720703125,818.0225830078125,682.3045654296875,758.2940063476562,682.5023803710938,812.6217041015625,659.33837890625,724.7730712890625,673.089111328125,808.268798828125,750.0513916015625,804.5374145507812,749.9942626953125,819.8511962890625,806.8306274414062,824.5042724609375,806.0098876953125,790.62939453125,846.5216674804688,790.2071533203125,842.1624755859375
758.5062255859375,651.7330322265625,754.6654052734375,647.426025390625,756.6669921875,647.5367431640625,749.9111938476562,655.6497802734375,766.2205810546875,652.4891967773438,754.4803466796875,681.6116943359375,787.9765625,672.888671875,748.0712280273438,689.5009765625,813.9849243164062,672.2891845703125,724.6373901367188,672.7810668945312,804.296630859375,657.0528564453125,782.1187133789062,748.5774536132812,802.0739135742188,745.46240234375,798.0968017578125,802.4569091796875,817.1820068359375,798.080078125,782.280029296875,847.7045288085938,792.2378540039062,840.1755981445312
737.8900756835938,652.761474609375,734.1053466796875,647.3239135742188,736.5722045898438,648.1642456054688,731.3914794921875,647.737548828125,748.630126953125,646.94921875,739.8784790039062,666.5541381835938,772.5547485351562,663.5172729492188,745.1446533203125,682.8905029296875,799.2283935546875,669.832763671875,723.1638793945312,681.6651611328125,779.0363159179688,650.90576171875,770.8076171875,734.66943359375,793.056396484375,734.9522705078125,778.1527099609375,787.6649780273438,804.9581909179688,790.043212890625,768.9570922851562,837.5032958984375,797.7171020507812,841.8311767578125
721.681884765625,660.864013671875,719.9408569335938,654.7589721679688,719.78125,657.0244140625,725.381591796875,653.8310546875,728.4232788085938,658.380126953125,753.4998168945312,664.4515380859375,738.33544921875,674.8082275390625,785.5358276367188,655.9918823242188,740.8572387695312,684.5029296875,772.5529174804688,644.8387451171875,728.58349609375,685.4617309570312,789.0899658203125,728.224853515625,776.380859375,732.906005859375,794.2593383789062,782.7888793945312,760.7269897460938,787.95166015625,800.237060546875,835.9483642578125,750.95166015625,838.0513916015625
721.1382446289062,661.1749877929688,719.5946044921875,655.0760498046875,719.2974853515625,657.4009399414062,725.459716796875,653.7821044921875,727.239013671875,658.752685546875,753.938720703125,663.8531494140625,736.6251220703125,675.2093505859375,786.182861328125,655.5006103515625,738.6446533203125,685.5969848632812,772.3363037109375,644.3120727539062,727.521240234375,686.4783325195312,789.96826171875,727.8656005859375,775.5040283203125,732.9783935546875,795.4725952148438,782.22802734375,758.747314453125,787.91259765625,802.867919921875,835.4151611328125,748.4804077148438,838.083984375
710.7355346679688,651.4849853515625,706.018310546875,645.5093383789062,707.4916381835938,645.7562255859375,701.0062255859375,653.00341796875,719.15380859375,647.9096069335938,715.3529052734375,676.8162841796875,743.337646484375,662.5084228515625,735.2215576171875,664.5885009765625,771.2030029296875,636.844970703125,744.39501953125,650.3400268554688,760.2244262695312,622.252197265625,759.3003540039062,727.0639038085938,783.098876953125,721.8844604492188,747.3099365234375,782.92333984375,800.3406372070312,773.9085693359375,721.55322265625,840.6624755859375,815.3343505859375,826.7811279296875
717.1752319335938,649.0889282226562,710.2279663085938,642.7733154296875,712.396240234375,644.2223510742188,699.1942749023438,653.453857421875,716.1017456054688,651.1202392578125,713.962646484375,678.4659423828125,735.0560913085938,666.548095703125,725.7713623046875,655.7642822265625,750.1224365234375,631.0291748046875,727.2752075195312,628.4766845703125,738.2607421875,605.9016723632812,750.6548461914062,723.9027099609375,771.4282836914062,719.6263427734375,738.86474609375,783.6853637695312,801.833984375,774.509033203125,701.131591796875,842.9181518554688,818.71630859375,828.098388671875
700.766845703125,655.74169921875,695.7460327148438,650.0330810546875,697.7535400390625,650.6190185546875,690.029296875,659.8900146484375,706.1246337890625,656.176513671875,708.3889770507812,680.2733154296875,722.31640625,669.2897338867188,727.4269409179688,646.290771484375,744.5256958007812,628.59326171875,732.8297729492188,610.0807495117188,737.9284057617188,603.407470703125,745.3215942382812,728.9794311523438,759.5038452148438,725.0770874023438,729.4518432617188,787.5169677734375,779.4061279296875,779.7306518554688,690.0802001953125,841.0167236328125,787.67431640625,829.2474365234375
699.3433837890625,671.1232299804688,695.5831298828125,665.1997680664062,695.4135131835938,666.4860229492188,691.6607666015625,671.2708740234375,699.9676513671875,671.0330810546875,710.041748046875,685.4718627929688,715.1328125,683.0092163085938,735.5885009765625,646.7603149414062,738.016845703125,647.4425048828125,738.7061767578125,603.5563354492188,732.4425659179688,614.739501953125,746.9949951171875,737.3818359375,749.7669067382812,737.3805541992188,755.06005859375,792.3502197265625,756.3353881835938,790.0889892578125,741.9985961914062,842.1961669921875,752.338134765625,837.2173461914062
694.6781005859375,665.6661376953125,686.916748046875,659.9246826171875,690.23291015625,660.3810424804688,672.87646484375,672.6278686523438,691.56103515625,667.1221923828125,686.1055908203125,702.5963134765625,709.8924560546875,682.1507568359375,695.9735717773438,675.996337890625,729.432373046875,638.5177001953125,694.1940307617188,638.794189453125,728.902099609375,618.3486938476562,722.91796875,751.3134765625,747.1165161132812,742.2742919921875,700.066650390625,803.2376708984375,788.2701416015625,784.9733276367188,651.5776977539062,861.46142578125,812.332275390625,831.698974609375
694.5673828125,665.4606323242188,686.7471923828125,659.8009033203125,690.2169799804688,660.13134765625,672.518798828125,672.7152099609375,691.7144165039062,666.8045043945312,685.7033081054688,703.09912109375,709.9552612304688,681.8017578125,695.4535522460938,677.0616455078125,729.5076293945312,637.9893798828125,693.2056884765625,639.6046142578125,728.6222534179688,618.1137084960938,722.7169189453125,751.6422729492188,747.46337890625,742.2205810546875,699.948974609375,803.5771484375,790.09765625,784.6323852539062,651.2578125,861.9327392578125,815.5543212890625,831.0855102539062
679.5013427734375,674.84814453125,675.43310546875,671.4686889648438,677.0623779296875,667.6708984375,663.3436279296875,683.102783203125,679.4263305664062,668.1512451171875,671.7265625,712.2993774414062,696.25927734375,677.2903442382812,687.4293823242188,701.9136352539062,719.1142578125,637.31396484375,683.6640014648438,651.1536865234375,706.3880615234375,614.809326171875,715.4947509765625,764.0209350585938,741.5286865234375,749.4425048828125,683.8208618164062,819.9010620117188,788.42529296875,792.7308349609375,650.36279296875,876.082275390625,831.2115478515625,832.7950439453125
668.6372680664062,686.3280639648438,662.5523681640625,683.1549682617188,667.031005859375,680.97412109375,649.567138671875,697.2393798828125,674.57666015625,685.6229248046875,661.2955322265625,723.8948974609375,688.8377685546875,695.8142700195312,673.6748657226562,694.072998046875,708.1845092773438,649.4927978515625,673.413818359375,646.98095703125,694.2247924804688,632.0806274414062,698.8742065429688,771.9911499023438,727.9246826171875,759.504638671875,672.9874267578125,827.26904296875,780.1001586914062,803.6672973632812,650.8441162109375,880.9278564453125,836.5014038085938,842.4796142578125
648.6632690429688,701.009765625,646.5140991210938,696.97900390625,648.0509643554688,695.260986328125,645.963623046875,703.6296997070312,663.593017578125,694.97802734375,663.5216064453125,724.5601196289062,682.2265014648438,701.3623046875,675.7515869140625,706.681884765625,698.78857421875,666.78857421875,668.0689697265625,675.9553833007812,678.2554931640625,652.1422729492188,702.0133666992188,778.7407836914062,725.3123779296875,767.815673828125,666.3612060546875,833.8851928710938,767.4351806640625,814.8224487304688,649.385986328125,886.0541381835938,827.279296875,853.747314453125
642.1636962890625,704.853271484375,640.7020263671875,701.4526977539062,643.5665283203125,699.1076049804688,641.9601440429688,707.285888671875,662.537353515625,697.2368774414062,655.2965087890625,733.5223388671875,681.6764526367188,705.0999755859375,656.399658203125,737.2169189453125,697.2876586914062,681.7747802734375,656.2168579101562,725.2537841796875,689.413818359375,673.375,697.68896484375,792.022705078125,724.9921875,778.75341796875,654.9428100585938,841.1112060546875,754.7059326171875,819.7200927734375,646.5689086914062,890.6070556640625,813.9608154296875,856.5496826171875
633.6107177734375,716.3055419921875,632.8143920898438,713.6492309570312,633.6644287109375,711.1107788085938,634.5363159179688,720.7159423828125,649.4642333984375,709.8916625976562,647.4683837890625,749.9605712890625,670.2119140625,720.509033203125,655.8515014648438,774.4443969726562,688.9085693359375,706.6859130859375,655.9638671875,768.4892578125,683.7022705078125,692.0801391601562,695.7001953125,797.681396484375,721.0281982421875,785.7017211914062,659.234375,847.2073974609375,750.7809448242188,826.4851684570312,647.5819702148438,901.175537109375,809.7027587890625,866.4391479492188
633.6511840820312,716.2555541992188,632.8492431640625,713.6380004882812,633.7596435546875,711.0411987304688,634.5407104492188,720.8341674804688,649.6639404296875,709.8297119140625,647.3515625,750.2612915039062,670.3067626953125,720.4725341796875,655.8416137695312,774.865234375,689.0872802734375,706.4397583007812,655.90478515625,768.853759765625,683.7586669921875,691.962158203125,695.2816162109375,797.863525390625,720.7387084960938,785.739501953125,659.3096313476562,847.3551635742188,750.8292236328125,826.4163818359375,647.638671875,901.2833862304688,809.6145629882812,866.281005859375
629.580810546875,723.1970825195312,630.0877075195312,719.077392578125,631.4268798828125,716.3473510742188,636.820556640625,719.4417724609375,654.3561401367188,709.3001708984375,650.7100219726562,742.5441284179688,677.9713745117188,719.680908203125,661.115966796875,779.577880859375,689.207275390625,735.822265625,660.2932739257812,789.0584716796875,670.92041015625,753.74072265625,692.879638671875,796.6254272460938,720.278564453125,787.5401611328125,657.5545654296875,846.2615966796875,741.69775390625,831.3015747070312,645.06298828125,903.0576171875,785.1456298828125,877.5924072265625
629.205810546875,725.6231689453125,628.9552612304688,721.9432373046875,630.48046875,719.619140625,633.9969482421875,722.9148559570312,652.9867553710938,713.63330078125,649.4902954101562,745.793701171875,675.6822509765625,726.2482299804688,662.9496459960938,780.94140625,686.0092163085938,749.4860229492188,663.9279174804688,789.5864868164062,666.0474853515625,770.4201049804688,693.6966552734375,798.1572875976562,722.1013793945312,789.63818359375,655.7184448242188,847.5650634765625,740.3239135742188,832.7664794921875,643.6276245117188,904.398681640625,789.0225219726562,877.597900390625
628.6625366210938,726.40478515625,629.0926513671875,722.39892578125,629.315185546875,720.5995483398438,636.4560546875,721.55615234375,650.407470703125,714.1192016601562,654.4745483398438,741.8134765625,673.9635620117188,726.1689453125,667.49365234375,774.3407592773438,681.1207275390625,751.3302612304688,663.8807373046875,777.6114501953125,658.801513671875,766.342529296875,698.024169921875,796.75244140625,722.8117065429688,789.6785888671875,655.5894775390625,844.9722900390625,742.0780639648438,832.3583984375,642.546875,902.2945556640625,795.0208740234375,878.106689453125
630.5223388671875,722.9891357421875,630.7476806640625,719.2007446289062,631.755615234375,716.8463134765625,637.30078125,719.9959716796875,654.2418212890625,710.7879028320312,654.17041015625,743.4671630859375,676.5399780273438,724.36279296875,665.5301513671875,779.315185546875,681.1031494140625,750.1404418945312,657.255615234375,774.6429443359375,653.5789794921875,761.97900390625,697.4675903320312,797.7943115234375,723.9220581054688,789.063720703125,656.2471313476562,844.0904541015625,742.7374267578125,829.0731201171875,643.2213134765625,901.2567138671875,793.8504638671875,873.936767578125
637.5488891601562,721.1466674804688,637.3764038085938,717.291015625,639.415771484375,714.941650390625,642.3751220703125,718.7249755859375,663.520263671875,709.667236328125,655.2359619140625,743.37060546875,686.6435546875,725.298095703125,664.9180908203125,779.6932373046875,696.1382446289062,754.075927734375,662.5556640625,776.344970703125,672.6043701171875,768.5198364257812,695.2710571289062,797.4676513671875,727.1229248046875,789.1785278320312,658.9589233398438,842.4979248046875,747.6795654296875,828.2254638671875,646.7446899414062,898.9705810546875,794.48388671875,873.1133422851562
637.4478759765625,721.139404296875,637.3343505859375,717.2966918945312,639.3466796875,714.9299926757812,642.4374389648438,718.7449951171875,663.506103515625,709.6679077148438,655.1917724609375,743.389892578125,686.6190185546875,725.3037109375,664.9143676757812,779.6401977539062,696.2554931640625,754.0266723632812,663.0986328125,776.61328125,673.168212890625,768.783935546875,695.062744140625,797.5109252929688,726.9400024414062,789.2176513671875,658.83154296875,842.5242919921875,747.64794921875,828.2254028320312,646.620361328125,899.001220703125,794.5126953125,873.1045532226562
645.0233154296875,712.27197265625,645.335205078125,708.814697265625,647.4297485351562,706.296630859375,650.8084716796875,713.4276123046875,671.2462158203125,704.270263671875,658.5713500976562,742.5686645507812,694.6295776367188,724.7069091796875,666.5838623046875,778.3974609375,713.68603515625,753.8644409179688,668.428466796875,778.6719970703125,705.1281127929688,772.898681640625,692.2876586914062,796.353759765625,726.384033203125,788.1300659179688,661.4052734375,841.6616821289062,754.109619140625,827.4154052734375,647.8167114257812,897.043212890625,798.0584106445312,872.5914916992188
657.4093017578125,710.4354858398438,656.7240600585938,706.9467163085938,659.8081665039062,704.7532348632812,659.682373046875,711.3760375976562,683.1610107421875,702.8078002929688,664.1949462890625,740.8297119140625,705.20263671875,722.9398803710938,669.6329956054688,777.6831665039062,727.3201904296875,751.6160888671875,672.223388671875,777.4063720703125,722.4588623046875,767.7273559570312,690.1205444335938,794.2506103515625,727.5164184570312,786.1256103515625,665.2927856445312,839.7647094726562,761.6050415039062,825.9204711914062,649.26513671875,895.1043090820312,803.980224609375,872.6090698242188
667.4869384765625,706.4405517578125,667.1784057617188,702.203125,669.9554443359375,700.2037353515625,670.4971923828125,707.770263671875,694.6820678710938,699.5873413085938,670.1005249023438,738.495361328125,719.7628173828125,722.2506103515625,674.0509033203125,771.924560546875,741.0137939453125,750.3310546875,684.1546020507812,774.520263671875,737.9674072265625,764.4013671875,697.824462890625,797.4627685546875,739.01708984375,789.4248046875,669.3058471679688,838.2442016601562,765.9357299804688,826.1013793945312,651.1192626953125,893.2701416015625,795.7723388671875,873.3334350585938
691.1752319335938,700.6309204101562,688.9530029296875,696.3995361328125,692.006591796875,694.9082641601562,684.2631225585938,701.6089477539062,712.1275024414062,694.6297607421875,680.8040771484375,731.9275512695312,731.7199096679688,717.8919067382812,677.9414672851562,761.5636596679688,752.87744140625,746.4552612304688,687.0570678710938,761.999267578125,742.796142578125,767.1796875,698.92724609375,793.7191772460938,743.0742797851562,786.9948120117188,671.7921142578125,838.0189819335938,772.1136474609375,826.5831298828125,648.17236328125,891.7098999023438,808.0506591796875,873.0975952148438
705.4908447265625,694.7926635742188,703.4283447265625,690.2174072265625,706.9778442382812,688.7472534179688,699.22216796875,694.3408813476562,728.34716796875,687.8544921875,693.9210815429688,724.9769287109375,748.5825805664062,712.419677734375,688.5997314453125,758.9334716796875,769.0697021484375,745.1483154296875,694.2837524414062,771.4285888671875,759.658935546875,772.688720703125,709.9771118164062,789.3646240234375,756.0001831054688,783.17724609375,679.6959228515625,835.3460083007812,780.52587890625,825.89697265625,652.3373413085938,890.1910400390625,809.75,874.6261596679688
705.41552734375,694.636474609375,703.3778686523438,690.0672607421875,706.9102172851562,688.5890502929688,699.2229614257812,694.2820434570312,728.3723754882812,687.775390625,693.9068603515625,725.0342407226562,748.63671875,712.479248046875,688.531982421875,758.9669189453125,769.150634765625,745.1707763671875,694.1061401367188,771.455322265625,759.4878540039062,772.6328125,710.0040893554688,789.373046875,756.080078125,783.18896484375,679.6365966796875,835.4078979492188,780.5045166015625,825.9988403320312,652.2647094726562,890.2205810546875,809.8317260742188,874.7615966796875
722.165283203125,685.4197387695312,719.099853515625,680.5978393554688,722.4944458007812,679.4298706054688,712.2092895507812,685.34423828125,740.4801635742188,679.09033203125,707.1220703125,718.1608276367188,760.3819580078125,704.8352661132812,702.6203002929688,753.6842041015625,779.3023681640625,739.50048828125,708.5241088867188,765.0460205078125,773.843505859375,767.8026123046875,722.17138671875,785.051025390625,767.2078247070312,778.2916259765625,690.3036499023438,834.9446411132812,792.6300659179688,824.0564575195312,654.9703369140625,889.9073486328125,814.812255859375,870.716552734375
733.3521728515625,680.286376953125,730.59716796875,675.4185180664062,734.7632446289062,674.1571044921875,725.296142578125,679.94384765625,754.4581909179688,673.9066162109375,720.2249755859375,712.340087890625,773.858642578125,699.927734375,717.168701171875,749.31884765625,791.6156616210938,735.0985107421875,720.93115234375,768.669189453125,786.8058471679688,765.566650390625,730.11181640625,781.6854248046875,774.5505981445312,775.2301025390625,698.2924194335938,831.831298828125,798.73046875,822.576416015625,657.843505859375,887.5497436523438,810.8673706054688,871.5349731445312
747.2139282226562,672.1220092773438,744.767822265625,667.3553466796875,748.4576416015625,666.224609375,739.0477294921875,672.6734619140625,764.97705078125,667.669921875,734.0088500976562,705.2387084960938,784.56591796875,694.5762329101562,730.0054321289062,745.8453369140625,802.8040771484375,725.7418212890625,730.572998046875,762.25732421875,796.119384765625,747.0233154296875,744.1089477539062,773.716796875,784.6953735351562,769.528564453125,711.6581420898438,827.2131958007812,798.502685546875,821.3171997070312,679.977783203125,883.4666748046875,805.0899658203125,874.626953125
754.0316772460938,664.8656616210938,752.7481689453125,660.0311279296875,756.1522216796875,658.8551025390625,749.647216796875,664.4737548828125,776.521240234375,660.1092529296875,743.6298217773438,696.3502197265625,796.1080322265625,688.3590087890625,738.03466796875,737.8881225585938,812.8038940429688,721.95068359375,736.6302490234375,758.4420776367188,799.263916015625,741.9281005859375,753.6497802734375,765.5164794921875,794.4417114257812,762.3916625976562,724.4630126953125,821.551025390625,798.5648803710938,818.5105590820312,702.7518920898438,879.7395629882812,806.568359375,876.0245361328125
769.1889038085938,655.8810424804688,767.262939453125,650.8331298828125,768.8388671875,650.1696166992188,759.8948974609375,655.4727783203125,782.7010498046875,652.1785888671875,750.8050537109375,687.4363403320312,801.1441650390625,681.2943115234375,745.3394775390625,722.4248657226562,822.51708984375,712.9964599609375,748.0471801757812,736.177734375,811.5357055664062,730.6461791992188,759.0491943359375,756.8050537109375,797.175048828125,754.5016479492188,739.7567138671875,816.3935546875,799.8916625976562,813.5361328125,724.1229248046875,876.9801635742188,807.18798828125,873.4312744140625
769.6774291992188,655.9725952148438,767.8565063476562,650.8857421875,769.0576171875,650.2473754882812,760.3690795898438,655.545166015625,782.1879272460938,652.346435546875,750.8261108398438,687.5762329101562,800.7940673828125,681.6031494140625,745.1771850585938,722.3515014648438,822.5548095703125,713.0071411132812,747.9143676757812,736.1797485351562,811.4974365234375,730.3104248046875,759.1085815429688,756.7764892578125,796.9839477539062,754.56005859375,739.843017578125,816.2803344726562,800.0477294921875,813.521728515625,723.9996337890625,876.728271484375,807.1942138671875,873.2940673828125
775.20458984375,647.3775634765625,771.56689453125,641.62451171875,773.9835205078125,640.968017578125,761.4640502929688,644.0767822265625,789.97705078125,639.3275756835938,754.9873046875,675.4755859375,808.998291015625,666.6286010742188,754.4674072265625,711.9412841796875,832.149658203125,703.3515625,756.2340087890625,725.1553344726562,810.7080688476562,722.1106567382812,765.91455078125,751.7122192382812,805.7679443359375,747.799072265625,757.7020263671875,813.4710693359375,805.3038940429688,808.9068603515625,748.4698486328125,877.371337890625,813.4268798828125,871.00927734375
774.530517578125,637.9266967773438,773.014404296875,633.0416259765625,775.347412109375,632.381591796875,770.0795288085938,636.15869140625,794.345703125,632.612548828125,764.1948852539062,666.8984985351562,812.9375610351562,659.6373291015625,758.2472534179688,702.1844482421875,833.7112426757812,693.66796875,759.5774536132812,710.7091674804688,826.1475830078125,710.1617431640625,773.6599731445312,741.8593139648438,808.31982421875,738.8882446289062,770.51025390625,805.0691528320312,808.2009887695312,801.2291259765625,767.9798583984375,868.21142578125,812.4849853515625,863.608642578125
772.2232666015625,628.2921752929688,772.360595703125,624.5748291015625,775.5806884765625,623.561767578125,776.0718383789062,631.0122680664062,798.4415283203125,627.6821899414062,772.9937744140625,658.970703125,818.24169921875,653.2938842773438,769.6052856445312,696.6898193359375,836.664306640625,687.4454345703125,765.333984375,704.4241943359375,831.3594360351562,695.9043579101562,783.974365234375,734.3721923828125,814.5543212890625,731.726806640625,780.9830322265625,802.2972412109375,816.473876953125,800.2395629882812,792.7780151367188,867.6544189453125,822.6832275390625,865.8257446289062
782.0614013671875,624.709228515625,780.3031005859375,620.4055786132812,783.8460693359375,619.8602905273438,778.9281005859375,625.4776611328125,803.51513671875,622.2514038085938,776.280029296875,653.0237426757812,822.92529296875,645.9691162109375,773.510986328125,688.2300415039062,839.6005859375,680.3640747070312,775.744873046875,694.8423461914062,838.1709594726562,698.3848876953125,792.2857666015625,728.0866088867188,823.5858764648438,724.9993286132812,792.8314819335938,796.3406982421875,823.2344970703125,791.2061767578125,807.894287109375,862.3739013671875,831.394775390625,853.127197265625
792.5711669921875,624.635986328125,790.84521484375,619.935302734375,792.608154296875,619.6235961914062,786.35009765625,623.5484008789062,806.5340576171875,621.2437133789062,779.7991333007812,650.6765747070312,825.7042236328125,643.8969116210938,774.3541259765625,687.1065063476562,846.820556640625,675.1136474609375,779.9892578125,704.3320922851562,848.7994995117188,694.503662109375,798.3770141601562,724.703857421875,828.541259765625,722.1785278320312,803.3536376953125,790.7435302734375,828.7081298828125,786.1600341796875,821.369384765625,854.508544921875,838.0506591796875,845.608154296875
792.3641357421875,624.5473022460938,790.6302490234375,619.8576049804688,792.4759521484375,619.5316162109375,786.1732177734375,623.4845581054688,806.5947265625,621.1484375,779.6837768554688,650.6687622070312,825.8133544921875,643.8209228515625,774.3914794921875,687.1939697265625,846.81884765625,675.0164794921875,780.280029296875,704.3648681640625,848.7674560546875,694.235107421875,798.4693603515625,724.7796020507812,828.7882080078125,722.223876953125,803.3281860351562,790.8057861328125,828.856689453125,786.1959228515625,821.458984375,854.5123901367188,838.138427734375,845.5870971679688
791.38330078125,623.7487182617188,789.5947265625,619.0640258789062,792.1257934570312,617.8538818359375,786.7359619140625,622.963134765625,810.89208984375,617.3124389648438,783.0921630859375,654.393310546875,831.159423828125,642.1297607421875,778.596435546875,692.3855590820312,853.5941162109375,675.6527099609375,781.7843017578125,707.7050170898438,854.687255859375,704.7100219726562,804.7398681640625,728.6702270507812,836.9732666015625,723.792724609375,811.063720703125,790.4407958984375,839.7158203125,781.7473754882812,828.2115478515625,851.9827880859375,853.0409545898438,836.421875
797.3494262695312,625.43798828125,796.3870239257812,621.0780639648438,798.7950439453125,620.562255859375,794.951171875,625.3368530273438,817.00390625,622.787109375,789.6505737304688,652.6875610351562,836.033203125,646.8226928710938,781.3317260742188,689.0645751953125,858.7841796875,682.217529296875,784.9600830078125,707.1272583007812,865.9143676757812,710.3814697265625,810.30517578125,725.101806640625,841.298583984375,723.1790771484375,819.1459350585938,789.2704467773438,850.0050048828125,784.6082763671875,840.5611572265625,852.3770751953125,870.7992553710938,842.1644287109375
798.6488037109375,628.6234130859375,798.19287109375,624.5431518554688,800.8621215820312,622.5817260742188,798.4634399414062,630.0213623046875,821.4160766601562,622.9141845703125,794.529541015625,663.0716552734375,842.3109130859375,648.7926025390625,788.176513671875,700.1118774414062,863.44287109375,682.1474609375,789.7179565429688,717.5045166015625,869.73095703125,718.5254516601562,817.9178466796875,734.6158447265625,850.341796875,728.3946533203125,822.8114013671875,793.286865234375,859.97119140625,782.1209106445312,844.7291259765625,852.0543823242188,880.578125,832.5833129882812
804.9815673828125,636.3807373046875,804.92578125,632.6251831054688,807.4264526367188,630.451416015625,806.609130859375,638.666259765625,828.4434814453125,631.0079956054688,802.73681640625,671.4768676757812,849.9391479492188,656.35888671875,796.646484375,708.6385498046875,869.43505859375,688.7405395507812,796.4738159179688,722.5723266601562,873.6353759765625,722.3026123046875,825.41015625,739.8319091796875,857.5374755859375,733.060791015625,824.87841796875,796.6175537109375,862.8961181640625,784.987060546875,848.318115234375,850.0379638671875,884.1781005859375,830.2282104492188
812.6076049804688,642.9786987304688,812.1343994140625,639.4140014648438,814.698486328125,637.5711669921875,812.9534912109375,646.424560546875,833.915283203125,639.5244140625,810.9512329101562,679.1500854492188,854.1612548828125,664.796630859375,804.9926147460938,715.0553588867188,874.01904296875,696.2044677734375,801.3590698242188,729.288330078125,882.0517578125,729.5548095703125,832.4920654296875,745.2786254882812,862.3828125,738.611083984375,821.9239501953125,799.3780517578125,864.0135498046875,787.769287109375,847.6334228515625,848.6497192382812,893.8137817382812,828.434326171875
812.544677734375,642.8616943359375,812.0923461914062,639.2852172851562,814.6287841796875,637.4654541015625,812.9939575195312,646.2928466796875,833.8394775390625,639.4756469726562,811.0142822265625,679.0611572265625,854.1498413085938,664.8118896484375,804.95068359375,715.0443115234375,873.95263671875,696.2078247070312,801.1375732421875,729.769287109375,882.0025634765625,729.4966430664062,832.422119140625,745.2562866210938,862.259033203125,738.6326293945312,821.9573974609375,799.3760375976562,864.034423828125,787.88037109375,847.6571044921875,848.5577392578125,893.8079833984375,828.521484375
827.8221435546875,654.1041259765625,827.5438842773438,649.343017578125,824.7453002929688,649.5888671875,825.7437744140625,653.259521484375,831.4608154296875,651.98486328125,821.8049926757812,681.5792236328125,856.0455322265625,674.1702880859375,812.1444091796875,719.3176879882812,882.8146362304688,707.96728515625,810.6395263671875,741.1609497070312,893.96142578125,737.7777099609375,841.0827026367188,750.481201171875,866.656494140625,746.6024780273438,820.5941162109375,800.0223999023438,874.901123046875,791.6943969726562,837.2489013671875,845.2344970703125,907.420166015625,828.3535766601562
818.8919677734375,662.4375610351562,817.9857177734375,658.9935913085938,821.43994140625,656.9435424804688,818.6016845703125,663.8707885742188,841.642578125,656.0569458007812,819.8658447265625,692.7825317382812,861.7893676757812,676.2054443359375,818.9485473632812,730.5565795898438,885.3198852539062,706.8947143554688,820.712890625,743.9236450195312,896.3909912109375,739.0735473632812,843.645263671875,754.6920166015625,874.2755126953125,746.7182006835938,814.4705810546875,798.9410400390625,866.5750122070312,785.5931396484375,838.086181640625,842.7943115234375,905.9862670898438,820.6436767578125
819.3491821289062,662.7605590820312,818.0654296875,659.7973022460938,821.6511840820312,657.712158203125,817.0292358398438,666.9688720703125,840.7056884765625,658.8657836914062,816.8033447265625,697.535400390625,860.1324462890625,680.122802734375,815.6665649414062,733.3804931640625,883.8702392578125,707.7933959960938,819.02197265625,744.1213989257812,896.0553588867188,738.4352416992188,841.9227905273438,756.7278442382812,873.3839721679688,748.5054931640625,813.428955078125,796.349853515625,866.5888671875,782.4517822265625,835.6043701171875,841.2167358398438,904.2200317382812,818.6760864257812
816.296875,663.6235961914062,814.622802734375,660.81787109375,818.5048828125,658.5089721679688,813.0736083984375,668.0615234375,837.8193969726562,659.0772705078125,813.6612548828125,698.2623291015625,858.8857421875,679.2572631835938,811.6124267578125,733.563720703125,883.5133666992188,704.9566650390625,810.09326171875,738.1748046875,889.326416015625,728.3358154296875,841.881591796875,756.9134521484375,874.3921508789062,747.9366455078125,813.77197265625,793.1796875,866.8895263671875,778.638916015625,836.5244750976562,838.9546508789062,903.1045532226562,815.5988159179688
812.4871215820312,659.596923828125,810.218505859375,656.6043701171875,814.415771484375,655.073974609375,807.32080078125,663.004638671875,832.418212890625,656.5370483398438,807.877685546875,690.6666259765625,855.4766845703125,675.0181884765625,803.7857666015625,725.2993774414062,881.072998046875,700.1590576171875,803.3863525390625,727.3130493164062,884.3677368164062,714.58642578125,836.2645263671875,754.2295532226562,870.8838500976562,746.8317260742188,813.868408203125,791.7794189453125,875.0587158203125,779.7899169921875,831.888427734375,833.73095703125,906.4083251953125,814.0615234375
812.5021362304688,659.681640625,810.2517700195312,656.693603515625,814.4312744140625,655.1665649414062,807.373046875,663.0781860351562,832.40869140625,656.6368408203125,807.9483032226562,690.67431640625,855.4462280273438,675.0949096679688,803.8958740234375,725.3403930664062,881.0517578125,700.2898559570312,803.53369140625,727.1342163085938,884.3634033203125,714.4221801757812,836.39013671875,754.2464599609375,870.9454345703125,746.8782958984375,813.7711181640625,791.900634765625,875.0003662109375,779.966064453125,831.9600830078125,833.7567138671875,906.5275268554688,814.179443359375
804.7355346679688,659.2047119140625,803.4962768554688,655.7747192382812,805.4401245117188,654.5421142578125,802.6588134765625,660.6124267578125,823.0508422851562,655.1276245117188,804.5416259765625,686.315673828125,848.7050170898438,671.0528564453125,800.4949951171875,720.4968872070312,873.75341796875,693.3004760742188,802.5045166015625,713.2928466796875,870.28076171875,689.2764282226562,833.5823364257812,750.90673828125,866.047119140625,743.549560546875,811.7872924804688,790.5283203125,870.533935546875,779.0480346679688,834.7601318359375,830.6574096679688,905.0432739257812,811.33447265625
798.2975463867188,659.0845947265625,799.7726440429688,655.322998046875,797.7826538085938,655.7958984375,806.637451171875,657.4755859375,801.1351318359375,659.0030517578125,829.044189453125,674.065185546875,797.697509765625,680.8685302734375,867.22705078125,692.6741943359375,791.1998291015625,704.2926635742188,866.524169921875,684.03076171875,788.54931640625,685.5733642578125,848.78466796875,740.9989013671875,828.2801513671875,745.41796875,854.052490234375,783.5601196289062,830.151123046875,790.3961181640625,887.6489868164062,826.03955078125,852.437255859375,834.9277954101562
797.762939453125,655.7717895507812,798.718994140625,651.8860473632812,795.6296997070312,653.809814453125,805.4720458984375,656.6361083984375,796.2621459960938,661.7933349609375,829.455810546875,675.682861328125,792.6854248046875,685.8754272460938,861.7520751953125,685.9661254882812,782.7606811523438,698.3369140625,855.8900756835938,677.1636962890625,783.3431396484375,674.7398681640625,848.1431884765625,740.28515625,822.3096313476562,746.388427734375,862.0504760742188,785.2845458984375,823.71875,793.6856689453125,891.4594116210938,828.865966796875,837.168701171875,839.177490234375
799.174560546875,646.1904296875,798.6857299804688,642.618408203125,795.2404174804688,645.1074829101562,799.7821044921875,651.096435546875,794.87158203125,656.9686279296875,822.146484375,672.6754760742188,791.1454467773438,681.9630126953125,847.9083251953125,676.1155395507812,780.7015380859375,686.7347412109375,844.849365234375,664.5236206054688,773.609375,657.1817626953125,844.5170288085938,743.078369140625,822.5328369140625,748.976318359375,856.54248046875,794.0838623046875,824.0333251953125,801.9781494140625,882.8138427734375,838.6136474609375,838.1529541015625,846.4044189453125
784.5794677734375,648.8194580078125,786.4425659179688,644.490966796875,782.0794677734375,645.7645263671875,794.761474609375,648.457763671875,781.7310791015625,652.087890625,816.5518798828125,671.1351318359375,781.4508056640625,677.474365234375,850.36865234375,681.3439331054688,773.191162109375,684.5567016601562,842.6529541015625,663.9700927734375,764.8640747070312,651.522705078125,836.3344116210938,739.551513671875,813.4024658203125,743.94384765625,853.7261962890625,788.7269287109375,825.9842529296875,794.673828125,870.6600341796875,841.28125,839.55712890625,848.2152099609375
784.3093872070312,648.9376831054688,786.1851196289062,644.611328125,781.8685913085938,645.8565063476562,794.5704345703125,648.4861450195312,781.6488037109375,652.052490234375,816.3986206054688,671.0479736328125,781.4532470703125,677.305419921875,850.36181640625,681.5872192382812,773.4664306640625,684.5011596679688,842.23876953125,664.2412109375,765.1331787109375,651.1629638671875,836.1800537109375,739.5302124023438,813.340576171875,743.892578125,853.6334838867188,788.6317138671875,825.9876708984375,794.5882568359375,870.7640991210938,841.2587890625,839.659912109375,848.2586669921875
792.25244140625,640.1165161132812,791.6969604492188,636.7449951171875,787.9703369140625,637.9935302734375,790.7587280273438,646.176513671875,783.4884033203125,648.3502807617188,809.43017578125,670.5552368164062,780.1744995117188,672.5325927734375,841.6162109375,676.0743408203125,770.482421875,671.09033203125,836.9583740234375,654.5514526367188,760.4295654296875,635.2529907226562,834.343017578125,737.0722045898438,815.3201904296875,739.488037109375,843.7591552734375,788.7701416015625,826.10302734375,791.6646728515625,854.8331909179688,841.3040771484375,832.4177856445312,843.2420654296875
790.267822265625,640.0516357421875,786.3076171875,635.7473754882812,788.762939453125,636.2444458007812,775.5401000976562,644.9874877929688,793.9083251953125,644.1806640625,771.0157470703125,672.3377685546875,807.0086059570312,670.73828125,756.714111328125,666.5895385742188,830.7547607421875,673.3643188476562,751.558837890625,629.916015625,836.98828125,656.4907836914062,801.6502075195312,740.42431640625,823.639892578125,740.687744140625,820.3516845703125,794.86376953125,838.6463623046875,792.592041015625,823.764404296875,849.9964599609375,839.3204956054688,844.6378784179688
790.8369140625,640.099365234375,785.3468627929688,635.500732421875,788.513671875,636.2781982421875,770.3512573242188,645.8864135742188,790.5982666015625,645.415283203125,764.99267578125,674.6036376953125,804.845947265625,672.7673950195312,751.584716796875,665.8388671875,823.3883056640625,670.648681640625,746.7434692382812,627.830322265625,821.889892578125,649.7618408203125,793.692626953125,743.8756713867188,819.1583251953125,743.849853515625,810.3272094726562,798.3847045898438,836.1307983398438,795.6557006835938,807.33935546875,853.99951171875,831.2991943359375,847.5169677734375
784.4393310546875,642.44482421875,779.896240234375,638.7083740234375,782.4073486328125,639.5393676757812,766.2445068359375,651.530029296875,786.9478759765625,651.735107421875,759.90234375,679.0825805664062,799.6195068359375,679.5387573242188,746.9195556640625,671.4991455078125,819.722900390625,677.756591796875,745.566162109375,632.8753662109375,816.2490234375,650.2447509765625,784.2632446289062,748.8411865234375,809.65087890625,749.9774169921875,800.7679443359375,804.340087890625,829.7993774414062,804.48193359375,789.8408203125,857.353515625,816.414794921875,856.0001220703125
777.4248046875,649.91259765625,773.17724609375,646.0997314453125,775.644287109375,647.3096923828125,762.2199096679688,659.840087890625,782.5435180664062,660.9844970703125,759.1656494140625,687.0316772460938,795.866455078125,688.8800048828125,746.8289184570312,675.69189453125,816.0690307617188,682.5089111328125,741.3460693359375,645.24365234375,812.8651123046875,657.727783203125,782.507080078125,754.2518310546875,805.2249755859375,756.0089721679688,796.1739501953125,809.5018310546875,822.4854125976562,811.3726806640625,780.5760498046875,858.96435546875,803.6488037109375,860.1378173828125
777.3158569335938,650.0462646484375,773.1600341796875,646.2611083984375,775.6583862304688,647.447509765625,762.4857177734375,659.9614868164062,782.8419189453125,661.10009765625,759.398681640625,687.0340576171875,796.08447265625,688.9526977539062,746.914306640625,675.5117797851562,816.490966796875,682.4566650390625,741.2078247070312,645.1581420898438,813.7227783203125,657.6936645507812,782.619140625,754.2859497070312,805.26953125,756.071044921875,796.1512451171875,809.4567260742188,822.4603271484375,811.4437255859375,780.4370727539062,858.7421875,803.478271484375,860.1517333984375
773.9298095703125,651.8513793945312,768.5526123046875,647.8619995117188,770.9100952148438,650.2186279296875,755.7078247070312,659.8513793945312,773.9320678710938,663.83349609375,753.81982421875,684.6045532226562,785.9285888671875,692.5533447265625,741.2337646484375,678.2088623046875,807.1087646484375,700.5430908203125,735.51318359375,643.954833984375,811.256591796875,678.7933959960938,776.2696533203125,756.440185546875,794.865966796875,760.8687744140625,800.5057373046875,815.0069580078125,816.6597290039062,819.4178466796875,779.1399536132812,860.2219848632812,784.9033203125,863.9154052734375
771.7481689453125,661.009033203125,766.2717895507812,655.67724609375,768.4608764648438,657.413330078125,753.139404296875,663.4959106445312,769.5701293945312,665.8687133789062,748.8248901367188,688.752685546875,779.279296875,693.843994140625,739.6488647460938,679.9255981445312,793.560791015625,700.8356323242188,727.1704711914062,645.689697265625,787.6239013671875,685.3046875,766.478271484375,763.30078125,784.191650390625,766.7448120117188,798.0545654296875,821.4783935546875,807.3268432617188,825.1837158203125,776.8017578125,869.9085693359375,776.2406616210938,873.0602416992188
767.35205078125,665.6241455078125,760.775146484375,661.1405639648438,764.1986694335938,663.5663452148438,745.8309326171875,671.4652709960938,764.6016235351562,675.210693359375,746.1015014648438,695.3343505859375,775.0427856445312,702.783203125,733.451171875,685.0442504882812,792.1554565429688,710.249267578125,724.0475463867188,646.9746704101562,797.3814697265625,690.6636352539062,767.56640625,766.5010986328125,783.74169921875,770.1582641601562,789.7119140625,827.17333984375,799.50244140625,829.994140625,764.5227661132812,875.55224609375,764.3416748046875,876.8916015625
765.2470703125,674.5219116210938,758.4924926757812,669.4326782226562,762.1368408203125,671.958251953125,741.8153686523438,677.0689697265625,760.9199829101562,681.7523193359375,739.2697143554688,699.8392333984375,767.682373046875,710.7669677734375,725.4159545898438,689.5923461914062,786.1210327148438,722.8721923828125,712.5718383789062,651.9190673828125,789.673583984375,705.728515625,761.0235595703125,774.9173583984375,775.3095703125,780.5776977539062,786.4073486328125,832.8453369140625,782.0380859375,839.272216796875,767.6461181640625,878.564208984375,745.7675170898438,885.826904296875
758.4574584960938,677.4163818359375,752.221435546875,672.4798583984375,755.5067749023438,675.1265869140625,735.5103149414062,679.2611083984375,753.693115234375,685.0445556640625,732.31787109375,700.5756225585938,759.2415771484375,716.2686157226562,717.865478515625,690.462646484375,782.9950561523438,733.530029296875,703.6708984375,654.9556884765625,789.1576538085938,717.7979125976562,757.9754638671875,777.504150390625,769.0706787109375,785.6402587890625,790.633056640625,832.181396484375,768.0684814453125,842.3221435546875,782.9577026367188,876.8831787109375,729.831787109375,889.7569580078125
758.43994140625,677.3577880859375,752.1371459960938,672.4091186523438,755.4717407226562,675.0701293945312,735.3434448242188,679.15283203125,753.7021484375,684.9358520507812,732.3394775390625,700.4658203125,759.324462890625,716.1149291992188,718.1602783203125,690.6168823242188,783.0492553710938,733.5104370117188,704.0422973632812,654.886474609375,788.7705078125,717.3305053710938,757.9971923828125,777.535400390625,769.1712646484375,785.6471557617188,790.5301513671875,832.4464111328125,767.9749755859375,842.5684204101562,782.7907104492188,877.1050415039062,729.6585693359375,889.9663696289062
751.9845581054688,682.4044799804688,746.6048583984375,678.4104614257812,749.3095092773438,680.699462890625,729.9482421875,687.2132568359375,747.9442138671875,692.7218017578125,724.9827270507812,708.8983154296875,753.760986328125,724.505859375,710.3317260742188,698.1786499023438,779.687744140625,735.117919921875,696.4138793945312,662.5047607421875,781.47021484375,709.1600341796875,748.7721557617188,782.8150634765625,760.0332641601562,791.2178955078125,781.9835205078125,835.2330322265625,753.570068359375,846.48095703125,788.9967041015625,880.7830810546875,720.304931640625,895.646728515625
734.802978515625,692.1385498046875,731.7353515625,688.5938720703125,734.36962890625,689.5693359375,725.5244140625,696.9141235351562,744.1898193359375,698.4447631835938,724.831298828125,720.06787109375,752.0179443359375,726.618408203125,706.0983276367188,715.690673828125,768.4502563476562,739.6895141601562,691.6470947265625,677.3583374023438,770.521240234375,725.8124389648438,744.974853515625,791.718505859375,755.6494750976562,796.314208984375,772.1663818359375,846.8907470703125,745.4491577148438,852.2923583984375,773.5869140625,893.0095825195312,713.60546875,896.70751953125
734.65625,697.4000244140625,731.6421508789062,693.0425415039062,734.95263671875,693.8492431640625,725.0068969726562,700.2854614257812,746.7237548828125,701.9522094726562,720.2443237304688,722.977294921875,754.0838623046875,733.2481689453125,702.7333984375,715.6114501953125,769.813232421875,752.656494140625,679.4327392578125,681.4992065429688,758.5328369140625,745.1233520507812,731.582275390625,800.31396484375,747.7610473632812,805.8636474609375,760.7061767578125,856.42578125,743.8416748046875,865.3734741210938,751.825439453125,899.9439697265625,706.0382690429688,911.2947998046875
740.9788818359375,698.0511474609375,736.290283203125,694.11572265625,739.0531005859375,695.8477172851562,721.2223510742188,703.857177734375,738.6841430664062,707.752197265625,716.293701171875,726.8999633789062,737.6510009765625,741.7025756835938,696.33203125,715.3182983398438,761.2235107421875,763.1578369140625,672.3357543945312,678.7333984375,768.1187744140625,754.7477416992188,730.0068969726562,803.6505126953125,737.2435913085938,810.3484497070312,767.8156127929688,854.2515869140625,745.3862915039062,863.24560546875,750.4390258789062,892.904052734375,702.1917724609375,905.3329467773438
728.7430419921875,697.4786376953125,724.9547119140625,693.2932739257812,726.0188598632812,695.7308959960938,715.593994140625,704.0637817382812,727.7546997070312,709.6549072265625,711.9393310546875,729.9869384765625,732.50634765625,745.1310424804688,691.99462890625,720.94970703125,752.405029296875,766.1533203125,670.7962036132812,682.7548828125,764.6350708007812,756.013671875,728.2313232421875,811.2783203125,735.804443359375,818.7802734375,755.26611328125,866.92236328125,746.2120361328125,876.4537353515625,726.5639038085938,908.7595825195312,698.6224975585938,918.7890014648438
728.876953125,696.957275390625,724.8402709960938,692.8401489257812,726.2727661132812,695.3013916015625,714.9838256835938,703.8912353515625,728.1436767578125,709.5309448242188,711.566162109375,730.0890502929688,732.58251953125,745.3607177734375,692.0479736328125,721.1705932617188,752.1115112304688,766.6653442382812,670.6881103515625,682.8825073242188,764.1295776367188,756.3865356445312,727.839599609375,811.345947265625,735.6968383789062,818.927490234375,755.1241455078125,866.89599609375,745.89990234375,876.5367431640625,726.8723754882812,908.8404541015625,698.435791015625,918.970703125
702.5296630859375,705.4635009765625,700.5277099609375,701.4192504882812,703.9684448242188,702.9800415039062,701.932861328125,711.2734375,722.5393676757812,714.466796875,704.8804321289062,734.9397583007812,736.09521484375,746.033203125,691.621826171875,722.5189208984375,748.3251953125,754.93896484375,669.2569580078125,693.1104736328125,738.6065673828125,744.5692749023438,720.9388427734375,812.5380859375,737.2429809570312,817.9190673828125,733.8834228515625,868.8682861328125,737.3768310546875,877.5767211914062,720.0616455078125,913.4310302734375,703.52685546875,923.748046875
685.464111328125,710.04052734375,685.4921875,705.51904296875,688.1054077148438,705.0753784179688,694.7703857421875,708.2443237304688,714.0298461914062,705.2625122070312,705.609619140625,728.5986938476562,734.3504638671875,726.5638427734375,708.2091064453125,743.6629638671875,750.7244873046875,747.3268432617188,700.4149169921875,717.0149536132812,733.0528564453125,728.782470703125,726.5382080078125,802.7539672851562,744.1442260742188,801.8641357421875,727.8214111328125,861.4121704101562,734.3795166015625,862.5020141601562,717.3134155273438,911.0677490234375,710.7870483398438,913.0567626953125
696.191650390625,691.8812255859375,693.444091796875,687.142333984375,691.634765625,688.20458984375,689.9230346679688,693.61181640625,695.531005859375,693.8958740234375,714.025390625,718.152587890625,703.9502563476562,718.33837890625,752.806640625,739.1932983398438,731.1831665039062,737.80517578125,737.8632202148438,727.7154541015625,722.79248046875,718.1192626953125,738.2479248046875,790.672607421875,731.4873657226562,790.5499877929688,730.747802734375,850.3892211914062,720.6011962890625,850.9125366210938,711.3133544921875,902.9581298828125,707.8156127929688,902.068359375
692.7174682617188,692.802490234375,686.5432739257812,687.0401611328125,688.5679931640625,687.8800659179688,674.127197265625,696.525390625,696.183349609375,694.0352172851562,680.6776123046875,722.1204833984375,720.0863647460938,717.9609985351562,693.6356811523438,713.546142578125,747.6516723632812,713.99072265625,696.6648559570312,689.8331909179688,725.9486694335938,700.4131469726562,714.7855834960938,788.4478759765625,741.8001098632812,786.9340209960938,701.8592529296875,847.9429321289062,732.702880859375,845.6806640625,686.04296875,904.43408203125,721.65283203125,900.5255126953125
682.4057006835938,684.9508056640625,676.8389892578125,680.4322509765625,679.5220336914062,680.2783813476562,666.7867431640625,694.5574951171875,689.5023193359375,688.7326049804688,673.876220703125,724.548828125,711.7435913085938,709.2218017578125,687.295654296875,713.7540893554688,735.860107421875,685.174560546875,700.752197265625,691.060791015625,728.9271240234375,668.9312133789062,711.39111328125,780.572998046875,738.4446411132812,774.4642333984375,694.1629638671875,843.378173828125,738.4732666015625,833.125,667.2423095703125,905.1712646484375,728.5159912109375,889.359619140625
682.4990234375,684.8076782226562,676.8622436523438,680.2930297851562,679.5971069335938,680.1466064453125,666.64697265625,694.468017578125,689.536865234375,688.64453125,673.7445678710938,724.4798583984375,711.8431396484375,709.2941284179688,687.500244140625,713.6755981445312,735.9819946289062,685.775390625,701.1487426757812,690.6752319335938,728.8936767578125,669.7325439453125,711.3193359375,780.586669921875,738.557373046875,774.5286865234375,694.1119384765625,843.4290771484375,738.5023803710938,833.2379150390625,667.236572265625,905.2655029296875,728.4981689453125,889.5418701171875
689.31494140625,683.0353393554688,681.4713134765625,677.0520629882812,684.4378662109375,678.098876953125,665.7496337890625,692.097900390625,683.41845703125,689.021484375,675.10009765625,722.0450439453125,704.3716430664062,707.6760864257812,677.3438720703125,697.185302734375,722.7774658203125,659.477294921875,679.5733642578125,663.3726196289062,716.9130859375,620.2063598632812,708.1482543945312,779.32373046875,729.8388061523438,775.078125,697.0185546875,845.68212890625,747.5089111328125,836.7376708984375,649.5880126953125,903.1297607421875,729.7695922851562,888.8643798828125
677.95703125,685.4956665039062,671.2960815429688,679.9774169921875,672.8846435546875,680.1333618164062,658.5887451171875,695.5944213867188,673.233154296875,690.1014404296875,668.8817749023438,724.4545288085938,697.2997436523438,705.9027099609375,680.7818603515625,694.4397583007812,721.9322509765625,651.7647705078125,689.7841186523438,647.1480102539062,717.6773071289062,607.5800170898438,705.1513061523438,781.8070678710938,727.5098876953125,775.7789306640625,690.3557739257812,845.1243896484375,752.5021362304688,832.7318115234375,633.29638671875,900.9486083984375,732.8712768554688,880.55224609375
671.8613891601562,688.4346923828125,665.8815307617188,684.0825805664062,667.9658203125,682.3145141601562,653.2740478515625,701.5057983398438,668.3402099609375,691.0904541015625,661.7939453125,732.5045166015625,690.162109375,705.809326171875,678.6627807617188,702.967529296875,715.8967895507812,649.6446533203125,685.84375,648.9469604492188,713.84716796875,613.8524169921875,699.7874755859375,792.47314453125,721.9602661132812,782.7288818359375,685.9251708984375,848.2213134765625,753.9991455078125,829.1673583984375,627.008544921875,905.8624877929688,731.5188598632812,874.3607177734375
664.8455200195312,700.1236572265625,657.7437133789062,697.2496337890625,661.8663330078125,695.55908203125,643.8153686523438,715.9620971679688,669.7755126953125,704.5000610351562,657.1217041015625,750.1947021484375,688.0223388671875,720.323974609375,682.0595092773438,729.3866577148438,718.697021484375,678.2377319335938,700.5267333984375,683.697998046875,724.8994140625,652.6675415039062,695.55810546875,807.7274169921875,721.3571166992188,794.193359375,674.6608276367188,851.6959228515625,748.8306884765625,826.9984130859375,633.0036010742188,915.2122192382812,756.4249267578125,873.771240234375
662.0516967773438,718.068115234375,656.2106323242188,715.2001953125,662.6295166015625,710.6861572265625,645.3739624023438,727.7686157226562,674.2030029296875,709.2534790039062,653.5819091796875,757.8934326171875,690.6984252929688,719.654052734375,681.53857421875,751.7561645507812,729.0291137695312,691.974853515625,692.0274658203125,711.516357421875,735.7275390625,697.400146484375,683.6676025390625,810.9957275390625,714.093505859375,794.2391967773438,675.1039428710938,866.0899658203125,749.9246826171875,835.8158569335938,629.8366088867188,922.267578125,750.0260620117188,875.8165283203125
661.8101806640625,717.8428955078125,656.0087280273438,715.0276489257812,662.4588623046875,710.4653930664062,645.2418212890625,727.6286010742188,674.1341552734375,708.9993286132812,653.2354125976562,757.9422607421875,690.72998046875,719.4068603515625,680.135986328125,752.6903686523438,729.3333129882812,691.8743896484375,689.7196044921875,712.8229370117188,736.1439208984375,697.1826782226562,683.5841064453125,811.0025024414062,714.1790771484375,794.13916015625,674.74560546875,866.1333618164062,749.7274169921875,835.748046875,629.7296752929688,922.41455078125,749.961181640625,875.823974609375
651.7612915039062,730.0384521484375,648.283935546875,727.9398193359375,653.9498901367188,722.3121337890625,642.8510131835938,738.9967041015625,672.0994262695312,717.8192138671875,646.74951171875,771.2099609375,691.1818237304688,727.3848266601562,657.0361938476562,785.193603515625,729.6707763671875,707.662109375,656.4662475585938,758.6526489257812,729.9625854492188,716.9156494140625,682.73681640625,823.0947875976562,717.7794189453125,804.2191162109375,667.1767578125,874.0570678710938,745.2843017578125,842.0650634765625,630.3203125,934.8246459960938,754.6446533203125,886.44921875
652.4824829101562,733.9244384765625,649.0283813476562,731.27978515625,655.11669921875,726.23876953125,643.7342529296875,739.3675537109375,675.726806640625,720.52685546875,643.8818969726562,772.0184326171875,698.6322021484375,734.6414794921875,652.736083984375,803.38330078125,734.8796997070312,747.52294921875,654.8934936523438,790.4244384765625,735.03173828125,782.7227783203125,675.3950805664062,827.8790283203125,718.2489013671875,811.1741943359375,657.0823974609375,876.4420166015625,743.9600219726562,847.630859375,632.00830078125,938.8899536132812,760.1163330078125,895.2200317382812
654.7572631835938,738.7293090820312,651.7244873046875,735.8779296875,657.9561767578125,731.7130126953125,647.2137451171875,743.7396240234375,679.1226806640625,728.388671875,644.9588012695312,777.3176879882812,700.028076171875,746.8040771484375,650.6727294921875,809.93701171875,732.568115234375,766.2852783203125,653.5740356445312,808.990966796875,736.8312377929688,807.093994140625,668.2184448242188,838.4426879882812,711.8338012695312,824.7562255859375,651.60888671875,876.1254272460938,742.6566162109375,852.4239501953125,629.772216796875,938.1173095703125,764.0900268554688,902.06591796875
660.630126953125,744.408447265625,657.3854370117188,740.1286010742188,662.3424682617188,737.6099853515625,652.8114013671875,746.3570556640625,680.33349609375,735.9814453125,653.8037109375,777.3570556640625,701.94775390625,757.3038330078125,665.2556762695312,816.5205688476562,728.4059448242188,787.615966796875,667.9644775390625,817.3233032226562,720.9017333984375,810.5223999023438,673.7950439453125,841.4305419921875,712.6162719726562,833.2022705078125,658.6773681640625,873.7842407226562,743.3751831054688,860.7373046875,638.8436279296875,937.9720458984375,762.2027587890625,919.4803466796875
678.0044555664062,743.1392211914062,673.985107421875,738.4802856445312,678.4827880859375,736.9515380859375,665.7421875,744.290771484375,693.55126953125,736.688720703125,663.6056518554688,774.3153076171875,714.1117553710938,759.2832641601562,669.6546630859375,808.28515625,735.2089233398438,790.8916625976562,679.0703125,800.293701171875,727.9659423828125,810.854736328125,678.3644409179688,839.2047729492188,719.5391235351562,833.0571899414062,656.9041748046875,874.1954956054688,744.9039306640625,862.95947265625,633.187255859375,938.3106079101562,762.32958984375,921.2459716796875
678.1121215820312,743.1879272460938,674.0655517578125,738.5143432617188,678.5814208984375,736.9986572265625,665.733154296875,744.2946166992188,693.54931640625,736.737548828125,663.5685424804688,774.3195190429688,714.08251953125,759.357666015625,669.7598876953125,808.4756469726562,735.16845703125,791.0731201171875,679.3547973632812,800.5940551757812,727.9615478515625,810.8670654296875,678.334228515625,839.2809448242188,719.5252075195312,833.1762084960938,656.9178466796875,873.92578125,744.9437255859375,862.7612915039062,633.116943359375,938.1451416015625,762.210205078125,921.203369140625
692.8845825195312,734.8773193359375,689.16650390625,729.8968505859375,693.4983520507812,729.0593872070312,681.2598876953125,735.4744262695312,708.9373168945312,730.2767333984375,676.0690307617188,766.31396484375,728.0404052734375,756.38671875,675.888916015625,801.7996826171875,745.0325927734375,793.3123779296875,684.6943969726562,792.0397338867188,737.70849609375,810.39404296875,683.5366821289062,835.029541015625,725.74560546875,831.0016479492188,660.8369750976562,869.5010375976562,749.8599243164062,861.9112548828125,631.2670288085938,933.7747192382812,759.479248046875,922.3277587890625
714.8634643554688,725.4845581054688,710.295166015625,720.2020874023438,714.845458984375,719.65283203125,699.0592041015625,725.1373901367188,727.5291748046875,720.76904296875,692.40478515625,756.6900634765625,743.1051635742188,747.857177734375,693.3683471679688,792.6663208007812,755.304931640625,785.8610229492188,704.475830078125,796.156005859375,746.5465698242188,813.717041015625,693.2110595703125,826.04833984375,734.8502807617188,822.396240234375,671.7304077148438,871.15576171875,754.9838256835938,864.1246337890625,633.7003173828125,929.4190063476562,754.99658203125,918.644287109375
737.8623657226562,716.3302001953125,731.8858642578125,710.7350463867188,736.6019287109375,710.700927734375,715.19580078125,715.322265625,744.1093139648438,712.3690185546875,706.3848266601562,747.210693359375,758.2030639648438,740.427490234375,706.4343872070312,783.0972900390625,770.9998168945312,777.7120361328125,718.377197265625,787.0830078125,761.1538696289062,799.8148193359375,703.4407348632812,818.6590576171875,745.53466796875,815.7960205078125,681.1074829101562,869.6776123046875,760.472412109375,864.0485229492188,641.2088623046875,924.9254150390625,754.7198486328125,916.4192504882812
753.893310546875,705.0429077148438,747.513671875,699.2765502929688,751.9842529296875,699.80322265625,728.9212646484375,704.0733642578125,757.0684204101562,702.9083862304688,719.237060546875,736.2559204101562,770.7508544921875,732.92626953125,719.1326293945312,770.749755859375,785.30126953125,769.30078125,727.6298217773438,787.6972045898438,776.4722900390625,795.526611328125,715.2530517578125,808.6099853515625,756.2466430664062,807.2210693359375,691.7147827148438,863.8998413085938,763.9032592773438,861.441650390625,657.4078369140625,917.8599243164062,759.0255126953125,914.9415283203125
761.8272094726562,694.86767578125,757.78369140625,689.0645751953125,761.6826171875,689.2553100585938,742.7379150390625,692.4519653320312,770.964599609375,692.0670166015625,729.205810546875,724.6563720703125,782.462646484375,724.40673828125,724.8721923828125,763.603515625,795.4758911132812,766.2496948242188,733.2860107421875,789.6256103515625,787.7469482421875,789.4337768554688,729.4747314453125,798.5337524414062,769.2464599609375,797.90478515625,706.571044921875,854.3260498046875,770.597900390625,854.79638671875,679.0376586914062,910.8126220703125,763.082763671875,911.4859619140625
762.2738037109375,694.8613891601562,758.1617431640625,689.0382080078125,762.0599365234375,689.264892578125,742.7835083007812,692.3963012695312,771.000244140625,692.1289672851562,729.0438842773438,724.57080078125,782.3895263671875,724.5602416992188,724.8734130859375,763.537109375,795.4432373046875,766.5167236328125,733.6115112304688,789.3582763671875,787.71240234375,789.2437133789062,729.2738037109375,798.4354248046875,769.0997314453125,797.9313354492188,706.6295776367188,854.1903076171875,770.6094360351562,854.8222045898438,679.2017211914062,910.498291015625,762.9683837890625,911.4274291992188
773.81494140625,686.6011962890625,769.1683349609375,680.7933959960938,773.6302490234375,681.4800415039062,752.9090576171875,683.6478271484375,780.744384765625,684.7799682617188,738.7924194335938,711.9938354492188,794.25634765625,715.8883056640625,730.8162231445312,746.10205078125,808.7261962890625,755.2083740234375,735.841064453125,763.0050659179688,799.5130615234375,776.551513671875,741.8905029296875,785.8323974609375,781.9644775390625,787.54150390625,724.0538330078125,844.8286743164062,778.2779541015625,847.903564453125,699.8644409179688,898.554931640625,763.3797607421875,904.3679809570312
779.6253662109375,676.4153442382812,776.8321533203125,670.92236328125,780.03662109375,671.4192504882812,764.232666015625,672.3685913085938,791.7779541015625,673.85693359375,747.704833984375,700.6627807617188,802.1138305664062,704.7650146484375,735.18115234375,732.6904296875,813.8369750976562,748.791748046875,749.267822265625,738.4248046875,809.1417846679688,766.2373046875,747.83251953125,779.0518798828125,785.9060668945312,780.325927734375,739.7088623046875,839.5166015625,776.9937744140625,841.7052001953125,725.2239379882812,896.8524169921875,763.6693115234375,900.1629638671875
790.639892578125,666.9359130859375,786.8051147460938,660.839111328125,790.3248291015625,661.6710815429688,772.5146484375,662.9192504882812,799.9227294921875,664.4202880859375,756.41552734375,692.0926513671875,811.1954345703125,694.695068359375,742.4273681640625,726.4889526367188,823.6228637695312,735.024658203125,757.59619140625,741.2701416015625,825.5958251953125,758.4332885742188,758.1224365234375,769.9795532226562,794.9619140625,771.31640625,757.5244140625,831.026123046875,787.7562255859375,832.0021362304688,743.991455078125,892.3699951171875,770.875244140625,891.3572387695312
801.853271484375,661.2349853515625,798.0243530273438,655.3946533203125,801.5133056640625,656.3591918945312,782.973388671875,658.1798095703125,808.6635131835938,660.4066162109375,765.4349975585938,687.0887451171875,819.4189453125,691.4962158203125,749.3234252929688,719.8673095703125,831.0888671875,731.252197265625,757.6858520507812,738.7056884765625,831.5841064453125,761.0006103515625,767.8390502929688,763.40966796875,803.3597412109375,765.4081420898438,772.7989501953125,824.3228759765625,798.428466796875,826.130859375,766.4652099609375,882.5472412109375,780.9548950195312,884.1512451171875
813.462158203125,658.3636474609375,809.0045166015625,652.5255126953125,813.7894287109375,653.34912109375,793.1380004882812,655.3930053710938,819.6595458984375,656.9380493164062,779.306396484375,684.998046875,829.511962890625,686.6234130859375,764.5520629882812,720.8218994140625,842.50830078125,724.36474609375,768.8612060546875,750.824462890625,847.8341674804688,755.1690673828125,782.838134765625,759.1415405273438,814.973388671875,759.3092041015625,790.716796875,820.2071533203125,810.837158203125,819.9061889648438,786.419921875,876.5630493164062,794.2066040039062,875.6533203125
813.8735961914062,658.2620239257812,809.3087768554688,652.4248046875,814.1270751953125,653.264892578125,793.1185913085938,655.3704833984375,819.65185546875,656.9281616210938,779.2992553710938,684.9583129882812,829.4166870117188,686.5947265625,764.6039428710938,720.6381225585938,842.4813232421875,724.2612915039062,768.8889770507812,750.4027099609375,847.9180908203125,755.0143432617188,782.743896484375,758.8672485351562,814.8333740234375,759.0452880859375,790.5895385742188,820.1248168945312,810.8056640625,819.7739868164062,786.1843872070312,876.9863891601562,794.259765625,875.9775390625
827.048828125,659.4016723632812,822.5044555664062,654.0196533203125,827.017578125,654.799072265625,805.0833740234375,656.1682739257812,829.194580078125,657.922607421875,788.1461791992188,682.2520751953125,839.1845703125,685.9500732421875,770.8197021484375,720.0244750976562,855.3548583984375,728.115234375,768.1102294921875,751.7071533203125,860.0286865234375,761.8680419921875,793.50830078125,759.0234375,826.0572509765625,760.3795166015625,801.278076171875,821.5040283203125,825.8863525390625,822.9072265625,803.3875122070312,878.7174682617188,813.205078125,880.1683349609375
838.874755859375,657.2283935546875,832.6858520507812,651.23388671875,837.3079833984375,652.2218627929688,812.7608642578125,654.2595825195312,838.06103515625,655.3170776367188,801.3026123046875,685.4312744140625,847.3306884765625,685.5909423828125,782.45849609375,720.28515625,864.289306640625,725.3262939453125,773.21044921875,748.2991333007812,869.310546875,760.1823120117188,807.2371826171875,762.136962890625,834.4443359375,761.7617797851562,825.852783203125,824.619140625,827.6146240234375,822.7359008789062,821.649658203125,880.0361938476562,800.6969604492188,875.865234375
841.9793701171875,657.142333984375,837.9451904296875,651.9742431640625,842.8629150390625,652.7080078125,824.6127319335938,655.2809448242188,849.586181640625,657.1905517578125,812.333740234375,682.5771484375,855.0869750976562,689.17724609375,792.58154296875,716.6277465820312,875.9039306640625,727.13818359375,780.3851318359375,745.7924194335938,886.1346435546875,760.1303100585938,819.5689086914062,756.4096069335938,841.6666259765625,761.656005859375,846.87646484375,814.33154296875,830.0245361328125,821.18017578125,854.0714721679688,864.33544921875,805.429443359375,871.6820068359375
856.071533203125,658.1956787109375,850.79443359375,652.3873291015625,854.8536376953125,653.2531127929688,832.8078002929688,655.5989990234375,856.4899291992188,656.7620849609375,822.3292236328125,685.1851806640625,862.683349609375,686.5751342773438,800.4053955078125,716.8909912109375,881.975830078125,720.9505615234375,786.202392578125,746.91552734375,889.8491821289062,752.302490234375,828.87890625,758.1944580078125,849.5223999023438,758.993408203125,853.2892456054688,815.4743041992188,832.743896484375,815.7244262695312,861.1353759765625,866.6138305664062,807.96337890625,864.7164916992188
862.155029296875,657.736572265625,858.4451904296875,652.1526489257812,860.5977783203125,652.72607421875,844.171142578125,654.731689453125,861.64111328125,655.2554931640625,832.1401977539062,683.3810424804688,868.494140625,683.59716796875,807.5792236328125,716.7298583984375,890.6954345703125,716.748779296875,792.9478759765625,748.0152587890625,905.7874145507812,748.90869140625,842.7568359375,756.944580078125,860.9913330078125,757.6033935546875,863.885986328125,814.556396484375,848.538818359375,815.015625,859.5895385742188,863.376708984375,816.9365844726562,862.6594848632812
862.0845336914062,657.5911865234375,857.9202880859375,651.9854125976562,860.5720825195312,652.5989990234375,843.1268310546875,654.8078002929688,862.2186279296875,655.1983642578125,832.1976928710938,683.80322265625,869.062255859375,683.5292358398438,808.356689453125,717.1434326171875,890.017822265625,716.6864013671875,793.337890625,748.11962890625,903.11865234375,749.0328369140625,842.579345703125,756.9373779296875,861.1935424804688,757.3822631835938,864.4649658203125,814.7536010742188,847.896240234375,814.81787109375,860.7771606445312,864.103271484375,816.7021484375,862.5173950195312
869.55029296875,651.4033813476562,865.087158203125,646.3606567382812,869.400146484375,646.7637939453125,851.6856079101562,650.395751953125,873.84765625,650.652587890625,841.7076416015625,679.6405029296875,882.736572265625,679.4566650390625,822.7197265625,713.1339721679688,903.9293212890625,714.1707153320312,808.3456420898438,742.476806640625,913.043701171875,745.6885986328125,852.9449462890625,753.2901611328125,874.852294921875,753.8243408203125,872.6702880859375,810.9819946289062,866.4068603515625,811.945068359375,864.7146606445312,856.8649291992188,829.2261962890625,856.8792114257812
880.078369140625,645.9284057617188,875.6778564453125,641.2427368164062,880.3153076171875,641.932861328125,861.6279296875,645.09130859375,884.5576171875,646.57568359375,848.0385131835938,671.9232177734375,894.2110595703125,675.796630859375,831.5423583984375,708.1995849609375,913.3727416992188,711.8285522460938,821.6292114257812,740.8682861328125,920.1544189453125,741.7450561523438,858.1824951171875,742.228515625,885.7908325195312,745.2642822265625,874.0252075195312,795.4359741210938,887.517333984375,799.9720458984375,864.0986328125,838.82470703125,859.1312255859375,843.4341430664062
894.7403564453125,643.7437744140625,888.754638671875,638.3281860351562,894.2437133789062,639.6536865234375,870.5584716796875,641.7125244140625,895.0814208984375,644.3304443359375,856.8629150390625,669.3402709960938,904.6759033203125,673.5498046875,838.63623046875,702.3370361328125,920.193359375,709.524169921875,833.519775390625,730.3379516601562,935.1992797851562,739.8594360351562,868.5060424804688,744.1312255859375,897.5474853515625,746.6087646484375,888.098876953125,797.7960205078125,905.112060546875,799.9510498046875,874.4547119140625,836.0411376953125,872.5218505859375,836.4375
907.4801025390625,638.3185424804688,901.5364379882812,632.9148559570312,906.390625,634.088134765625,881.8631591796875,637.642578125,905.401123046875,639.7062377929688,865.7608642578125,667.2318725585938,913.352783203125,671.0802612304688,849.4075927734375,697.0204467773438,927.5513916015625,706.6422729492188,851.307373046875,716.54150390625,943.331787109375,739.2694702148438,873.9142456054688,738.001953125,904.5195922851562,740.5423583984375,890.154541015625,787.939208984375,914.9901123046875,788.8401489257812,876.974365234375,835.7315673828125,892.8092041015625,834.238525390625
913.4986572265625,635.8887939453125,908.7965698242188,630.8475341796875,912.89208984375,631.953857421875,892.8138427734375,634.7735595703125,915.9790649414062,636.856689453125,876.9274291992188,663.2393798828125,924.9874267578125,666.8370971679688,860.7632446289062,693.738037109375,937.7987060546875,702.3436279296875,867.6674194335938,715.2675170898438,951.4733276367188,736.9251708984375,884.197265625,736.2859497070312,916.5437622070312,738.8263549804688,896.47216796875,785.14453125,931.2423095703125,786.1669921875,881.0567626953125,829.5614013671875,912.9607543945312,827.408447265625
913.60205078125,635.89111328125,908.8636474609375,630.842041015625,912.972900390625,631.9567260742188,892.7785034179688,634.7666625976562,915.9925537109375,636.8602905273438,876.8822021484375,663.233154296875,925.0343017578125,666.843994140625,860.73779296875,693.717529296875,937.8759155273438,702.3447875976562,867.7303466796875,715.22802734375,951.4981689453125,736.908203125,884.225830078125,736.3262939453125,916.623291015625,738.8768920898438,896.576416015625,785.13232421875,931.2775268554688,786.155517578125,881.1491088867188,829.4470825195312,912.872314453125,827.2811279296875
926.2806396484375,636.8067626953125,921.837890625,631.4474487304688,924.5619506835938,632.468017578125,905.69921875,633.9542236328125,925.106201171875,635.5728759765625,889.2932739257812,661.128662109375,935.32275390625,663.8863525390625,872.68115234375,693.2459106445312,951.4539794921875,702.3005981445312,877.00390625,708.7005004882812,963.4400634765625,733.0753784179688,895.2826538085938,732.547607421875,928.8231811523438,734.4369506835938,899.7522583007812,781.677978515625,954.1715087890625,781.3446044921875,881.0257568359375,828.522705078125,950.376708984375,823.934326171875
930.018310546875,640.5147705078125,927.6538696289062,635.27490234375,929.6910400390625,635.7855834960938,915.9603881835938,636.972412109375,934.9268188476562,638.2352294921875,898.7327270507812,665.000244140625,943.0299682617188,667.3654174804688,881.4180908203125,696.8161010742188,958.431396484375,707.8192138671875,887.3671875,715.4744873046875,971.6881103515625,739.3017578125,904.48291015625,735.094970703125,939.2173461914062,736.1790771484375,900.7532958984375,777.9431762695312,969.68017578125,777.64990234375,885.1966552734375,828.7245483398438,986.6011962890625,826.3262939453125
950.4337158203125,642.3038940429688,945.0214233398438,636.6002197265625,948.4638061523438,638.0541381835938,925.1280517578125,639.5074462890625,946.35546875,642.4354858398438,912.05615234375,668.221923828125,954.3134765625,673.0916748046875,899.8610229492188,699.5243530273438,971.6874389648438,713.8719482421875,903.6649169921875,717.5091552734375,986.1263427734375,742.880615234375,914.6936645507812,737.451416015625,949.267822265625,740.47265625,903.7635498046875,778.096923828125,986.447509765625,779.2168579101562,885.848388671875,825.22412109375,1013.2988891601562,825.7578735351562
961.595947265625,647.4202880859375,955.9645385742188,642.48828125,961.2269897460938,643.4284057617188,934.7821044921875,645.1490478515625,958.3505859375,647.449462890625,916.5963134765625,672.6615600585938,964.5584106445312,677.0173950195312,905.2933349609375,707.966552734375,980.49951171875,715.60791015625,912.7755126953125,735.0422973632812,997.3434448242188,746.4127807617188,921.1752319335938,745.0134887695312,961.7389526367188,747.7276611328125,906.4996337890625,781.4884643554688,1008.3905029296875,783.1904296875,882.9583740234375,821.1534423828125,1031.779296875,821.916015625
974.1072998046875,653.2601928710938,967.718017578125,648.056640625,973.6138916015625,649.0926513671875,945.8060302734375,651.1608276367188,971.4373779296875,652.9476318359375,930.1433715820312,680.2378540039062,978.584228515625,682.7913818359375,917.1219482421875,715.00146484375,997.1556396484375,721.458984375,924.401611328125,737.916015625,1015.3145751953125,751.99951171875,932.896484375,759.577392578125,974.4255981445312,761.5672607421875,913.7491455078125,779.0989990234375,1023.60205078125,779.3475341796875,880.56982421875,818.6944580078125,1045.8494873046875,817.9597778320312
974.12939453125,653.3087768554688,967.72802734375,648.1036987304688,973.6228637695312,649.14599609375,945.7706909179688,651.2254638671875,971.4326171875,653.0228271484375,930.1058349609375,680.3319091796875,978.603271484375,682.9326171875,917.1063232421875,715.0349731445312,997.2286376953125,721.6478881835938,924.4906005859375,737.6328735351562,1015.387451171875,752.043212890625,932.933349609375,759.79150390625,974.4910888671875,761.8082275390625,913.808349609375,779.285400390625,1023.637451171875,779.5474853515625,880.8104248046875,818.66650390625,1045.951416015625,817.9285888671875
983.7298583984375,656.441650390625,979.7930908203125,651.1407470703125,983.341064453125,652.3460693359375,964.0704345703125,652.9561767578125,986.1605224609375,656.0120239257812,946.6859130859375,680.87353515625,994.048828125,685.4951171875,923.2203369140625,710.2889404296875,1011.487548828125,723.4649658203125,929.3966064453125,722.8157958984375,1029.413818359375,745.4097290039062,948.8926391601562,752.41162109375,990.2590942382812,754.2156372070312,923.453857421875,782.148193359375,1036.2640380859375,782.3251953125,884.9378662109375,824.7747802734375,1062.9561767578125,821.6083374023438
993.6907958984375,652.8644409179688,990.9544677734375,647.759765625,994.87255859375,648.5604248046875,980.2364501953125,648.9593505859375,1003.2515258789062,651.5634155273438,962.6995239257812,676.1165161132812,1014.6170654296875,681.0631713867188,936.6436767578125,702.0206298828125,1032.07666015625,718.2742309570312,938.1414184570312,716.7430419921875,1047.860595703125,742.3829956054688,966.3539428710938,747.8045654296875,1009.1895751953125,749.2988891601562,940.056396484375,776.274169921875,1048.86572265625,777.56494140625,893.8405151367188,824.9581298828125,1060.47607421875,824.3856811523438
1022.26904296875,653.5623168945312,1017.4166259765625,648.5178833007812,1021.2982177734375,649.739013671875,998.1495361328125,651.747314453125,1019.2119140625,654.3876342773438,977.791015625,676.595703125,1028.8431396484375,682.836669921875,949.5997314453125,700.4083862304688,1050.11328125,718.3714599609375,950.7579345703125,708.781005859375,1072.56982421875,747.3528442382812,979.7603759765625,752.947021484375,1021.1119384765625,756.4962158203125,957.9999389648438,773.586669921875,1066.146728515625,775.2346801757812,912.86474609375,812.788330078125,1072.391357421875,812.4658813476562
1042.492431640625,657.8209228515625,1036.8304443359375,652.4375,1042.015380859375,653.7842407226562,1016.1732788085938,652.6096801757812,1039.0992431640625,655.6663818359375,995.9833984375,674.0459594726562,1048.243896484375,681.929443359375,967.0660400390625,698.9437255859375,1073.294677734375,720.0299072265625,963.9296264648438,711.5580444335938,1097.9036865234375,753.6795043945312,997.8118286132812,751.47119140625,1040.203857421875,755.6256103515625,971.7470703125,772.249755859375,1083.5977783203125,774.6135864257812,928.37548828125,816.170166015625,1094.8067626953125,816.4073486328125
1064.5584716796875,660.6736450195312,1058.411865234375,655.7529907226562,1062.7640380859375,656.613525390625,1035.6673583984375,656.9998779296875,1054.943359375,658.27783203125,1018.5272216796875,681.2077026367188,1060.7998046875,682.9153442382812,984.6106567382812,700.4473876953125,1088.007568359375,715.1985473632812,973.6513671875,705.981689453125,1117.309326171875,745.404052734375,1013.4552612304688,747.95849609375,1049.829833984375,747.8756103515625,983.33349609375,778.0918579101562,1089.658203125,773.585205078125,949.0390625,826.2056884765625,1123.6353759765625,816.3431396484375
1064.1123046875,660.2230224609375,1058.6754150390625,655.1973266601562,1063.0125732421875,656.1844482421875,1036.2449951171875,655.5118408203125,1056.0224609375,657.8043212890625,1014.0762939453125,676.88427734375,1062.2586669921875,683.046630859375,982.6751708984375,700.3492431640625,1091.2333984375,718.3724365234375,975.737548828125,711.007568359375,1119.5675048828125,749.862060546875,1010.3303833007812,753.0115966796875,1050.8387451171875,756.1287231445312,981.606201171875,775.04150390625,1100.3358154296875,775.712646484375,942.543212890625,819.6831665039062,1125.696044921875,817.684326171875
1082.30029296875,663.4358520507812,1076.69384765625,658.4237060546875,1080.6630859375,659.3231201171875,1054.0045166015625,659.4332275390625,1072.620361328125,661.2208862304688,1034.66259765625,684.5323486328125,1078.337158203125,687.0934448242188,998.80908203125,704.920654296875,1103.7919921875,718.6594848632812,982.3309326171875,716.6607055664062,1131.945068359375,749.950927734375,1024.4044189453125,751.9876098632812,1060.1131591796875,752.573974609375,997.712646484375,783.0963134765625,1098.9229736328125,780.2686767578125,975.0430297851562,830.9036865234375,1136.8453369140625,824.7921142578125
1097.4642333984375,672.0567626953125,1093.4375,666.7861328125,1096.2137451171875,668.2406005859375,1075.1297607421875,665.9569702148438,1091.5,670.2225341796875,1054.1640625,687.3540649414062,1094.9747314453125,694.78076171875,1016.59521484375,703.3427734375,1122.7996826171875,726.12451171875,1004.1033935546875,716.238525390625,1153.5120849609375,755.6841430664062,1039.643798828125,754.4328002929688,1075.1419677734375,756.8450927734375,1012.1536865234375,787.1954956054688,1124.313232421875,787.037353515625,977.9744873046875,833.3662109375,1164.14697265625,828.601318359375
1117.882568359375,681.1019287109375,1112.719970703125,675.8552856445312,1117.07080078125,676.8925170898438,1091.4573974609375,675.3197021484375,1110.89453125,677.9844970703125,1070.34521484375,694.9376831054688,1114.182373046875,700.3943481445312,1032.77294921875,709.9835205078125,1137.9822998046875,729.698974609375,1014.8204345703125,721.5642700195312,1165.9210205078125,761.7501220703125,1053.2115478515625,756.8590087890625,1088.3099365234375,759.2784423828125,1027.4796142578125,784.5582275390625,1129.9705810546875,785.4449462890625,989.1195068359375,828.7893676757812,1151.595947265625,829.613525390625
1134.98193359375,685.2471313476562,1129.21435546875,680.1190185546875,1133.61376953125,681.7979125976562,1105.255615234375,678.7740478515625,1122.826171875,684.29638671875,1080.119384765625,696.5411987304688,1124.77587890625,707.734130859375,1042.2884521484375,714.3345947265625,1159.26513671875,737.072509765625,1021.4686279296875,731.184326171875,1188.734130859375,755.4114990234375,1060.64697265625,754.8739013671875,1096.73193359375,759.5181884765625,1041.14892578125,785.436767578125,1149.990478515625,790.0523681640625,990.56005859375,825.0173950195312,1165.8935546875,828.3671264648438
1146.411376953125,689.20166015625,1140.2862548828125,683.9290771484375,1145.11572265625,685.372314453125,1115.714599609375,683.021728515625,1135.38330078125,687.439697265625,1092.1798095703125,700.4359741210938,1137.080322265625,709.234130859375,1053.5545654296875,717.6878662109375,1165.2008056640625,735.6104736328125,1033.7105712890625,734.818603515625,1186.9404296875,755.6317749023438,1073.67138671875,757.150146484375,1109.454833984375,760.59521484375,1049.3427734375,789.0521850585938,1151.6641845703125,792.277587890625,993.247314453125,825.9091186523438,1158.3936767578125,827.750732421875
1146.3388671875,689.2096557617188,1140.2083740234375,683.9364624023438,1145.03662109375,685.38330078125,1115.6319580078125,682.9951171875,1135.2691650390625,687.4241943359375,1092.09716796875,700.3499755859375,1137.010009765625,709.1900634765625,1053.5361328125,717.5972900390625,1165.1923828125,735.5982666015625,1033.716796875,734.7347412109375,1186.9874267578125,755.5874633789062,1073.75634765625,757.0472412109375,1109.549560546875,760.5167236328125,1049.4156494140625,788.996337890625,1151.8087158203125,792.2572631835938,993.2561645507812,825.9050903320312,1158.4620361328125,827.7843017578125
1156.767578125,693.001220703125,1150.3681640625,687.35107421875,1155.0025634765625,689.2158813476562,1125.0654296875,685.5196533203125,1144.83544921875,690.9921875,1102.5634765625,701.8546142578125,1145.83984375,712.38330078125,1066.093994140625,718.9830932617188,1165.8609619140625,739.4485473632812,1049.8311767578125,734.3890380859375,1180.328125,755.8271484375,1081.5576171875,757.627685546875,1117.0023193359375,761.6971435546875,1051.9901123046875,789.2385864257812,1155.0267333984375,793.5924682617188,994.7726440429688,825.9444580078125,1159.494140625,829.4837646484375
1160.068603515625,696.5266723632812,1154.736083984375,691.5675048828125,1159.66455078125,693.17626953125,1133.4649658203125,688.8984375,1151.8740234375,694.0235595703125,1110.6917724609375,703.0147094726562,1150.8885498046875,713.5523681640625,1072.3583984375,717.2205200195312,1171.8028564453125,740.4757080078125,1046.235107421875,730.1011962890625,1192.710205078125,758.2816162109375,1077.060302734375,756.9490966796875,1109.2197265625,761.131591796875,1048.150390625,783.7440185546875,1143.138427734375,789.3327026367188,998.8426513671875,823.3330078125,1149.419921875,830.7716674804688
1164.112548828125,696.444091796875,1159.5810546875,690.9478759765625,1163.412109375,693.2509765625,1140.32763671875,686.5216064453125,1155.748046875,694.1439208984375,1118.3154296875,698.5878295898438,1151.1129150390625,713.5491333007812,1079.670166015625,714.79931640625,1170.8863525390625,739.4951171875,1052.419677734375,732.875732421875,1183.4091796875,746.7586669921875,1084.7667236328125,754.4443359375,1113.49560546875,760.56591796875,1061.818603515625,779.028076171875,1157.6949462890625,788.2684936523438,1005.421142578125,817.3782348632812,1166.452880859375,829.7772216796875
1162.9241943359375,692.2659912109375,1158.88037109375,686.892822265625,1162.76416015625,688.9050903320312,1141.126953125,683.1026611328125,1158.0302734375,689.99169921875,1119.40576171875,696.4246826171875,1153.5885009765625,709.6251831054688,1081.428466796875,715.8485107421875,1167.2564697265625,735.5202026367188,1054.7550048828125,732.9548950195312,1170.41650390625,738.5623779296875,1085.640380859375,752.3153076171875,1115.5465087890625,757.6133422851562,1061.90576171875,777.514892578125,1156.20068359375,786.50439453125,1008.4544677734375,817.1654052734375,1164.418212890625,830.07568359375
1168.29638671875,687.4044189453125,1164.130615234375,681.81494140625,1166.05126953125,683.8678588867188,1143.5933837890625,678.669921875,1155.81640625,685.3236694335938,1119.3428955078125,694.3572998046875,1151.7381591796875,707.1519165039062,1082.146728515625,715.1355590820312,1165.3662109375,734.7559814453125,1056.682861328125,729.9148559570312,1164.99853515625,737.7269287109375,1086.0595703125,749.748779296875,1115.1380615234375,754.8759765625,1063.20361328125,777.1005859375,1155.9820556640625,785.5103759765625,1011.460205078125,818.4345703125,1165.360595703125,831.0220947265625
1168.3017578125,687.36865234375,1164.1461181640625,681.7803955078125,1166.046630859375,683.8387451171875,1143.6002197265625,678.6444091796875,1155.77099609375,685.3189086914062,1119.324951171875,694.3345336914062,1151.672607421875,707.2012939453125,1082.0997314453125,715.0906372070312,1165.349609375,734.8883056640625,1056.751220703125,729.7396240234375,1165.1334228515625,737.8573608398438,1086.20361328125,749.7066650390625,1115.2491455078125,754.8675537109375,1063.21435546875,777.1427001953125,1155.9874267578125,785.5882568359375,1011.448974609375,818.4664306640625,1165.38330078125,831.123046875
1161.346923828125,682.9560546875,1157.018798828125,677.2389526367188,1160.487060546875,679.5606689453125,1138.773193359375,674.517333984375,1157.4591064453125,681.603271484375,1117.03173828125,690.32958984375,1155.30517578125,705.8158569335938,1079.5054931640625,710.8154907226562,1160.675048828125,743.424560546875,1054.489990234375,728.9815673828125,1155.1103515625,766.9564819335938,1086.6781005859375,745.8836059570312,1119.98486328125,751.899658203125,1059.886474609375,775.0394287109375,1153.9444580078125,783.4986572265625,1012.8272094726562,819.447265625,1165.76025390625,829.84912109375
1150.2099609375,674.4481201171875,1147.169677734375,669.5303955078125,1150.6968994140625,671.0901489257812,1133.183349609375,667.7037353515625,1152.2021484375,673.3460693359375,1113.25390625,684.25439453125,1151.8253173828125,696.2307739257812,1076.862060546875,702.962646484375,1157.98193359375,728.2274169921875,1052.3828125,720.5565185546875,1153.45068359375,744.992919921875,1086.3323974609375,741.486328125,1119.234130859375,745.73486328125,1057.40087890625,773.0564575195312,1149.2138671875,780.5584716796875,1012.3298950195312,817.5147705078125,1159.185546875,827.720947265625
1137.299072265625,666.0618896484375,1135.6915283203125,661.3203125,1139.2113037109375,662.2073364257812,1126.6717529296875,661.1023559570312,1146.462646484375,665.0655517578125,1108.990966796875,679.1636352539062,1148.6158447265625,689.4987182617188,1074.076904296875,696.3037109375,1153.2998046875,721.0457763671875,1048.9127197265625,714.7205810546875,1146.401123046875,743.2241821289062,1089.177978515625,737.8380126953125,1122.57666015625,741.234130859375,1055.0772705078125,771.7659301757812,1147.0072021484375,778.656982421875,1014.6016845703125,816.038818359375,1159.3089599609375,825.8417358398438
1137.2841796875,659.1326293945312,1132.750244140625,653.7666015625,1136.9337158203125,655.5914306640625,1115.72509765625,654.1224365234375,1138.29833984375,659.2329711914062,1098.775390625,673.94091796875,1142.859130859375,685.6919555664062,1068.056884765625,694.0828857421875,1148.6229248046875,720.7800903320312,1044.9154052734375,709.287353515625,1141.0513916015625,744.06298828125,1082.453125,735.0078125,1118.7247314453125,739.7770385742188,1048.06591796875,770.7800903320312,1140.98486328125,777.3946533203125,1012.6436767578125,817.7523193359375,1154.321044921875,825.9674072265625
1119.4263916015625,653.4194946289062,1115.960205078125,648.1978759765625,1120.20458984375,649.193359375,1103.2823486328125,648.8970336914062,1127.60546875,651.4647827148438,1089.504638671875,670.00146484375,1134.4537353515625,676.7530517578125,1061.536865234375,694.1439208984375,1139.8809814453125,713.6502075195312,1041.6126708984375,709.53466796875,1131.7664794921875,741.8106689453125,1078.744140625,733.8895263671875,1115.675048828125,736.5076904296875,1045.050048828125,770.651611328125,1136.030517578125,774.226318359375,1012.9590454101562,819.7040405273438,1152.1495361328125,823.7763671875
1119.4638671875,653.4853515625,1115.9893798828125,648.2611083984375,1120.2664794921875,649.2648315429688,1103.3394775390625,648.8804321289062,1127.7049560546875,651.4688720703125,1089.539306640625,669.86083984375,1134.5130615234375,676.6541137695312,1061.5191650390625,693.9096069335938,1140.0338134765625,713.5252685546875,1041.51220703125,709.4488525390625,1132.111328125,741.9244384765625,1078.6240234375,733.677978515625,1115.5650634765625,736.312255859375,1044.996337890625,770.7008056640625,1135.979736328125,774.3133544921875,1012.7474365234375,819.5396118164062,1152.040283203125,823.7327880859375
1108.3154296875,644.3745727539062,1104.596435546875,639.0948486328125,1108.572265625,639.9326171875,1092.1492919921875,640.8531494140625,1116.61279296875,642.3795776367188,1081.08935546875,665.3597412109375,1125.978759765625,668.84619140625,1056.707763671875,693.7517700195312,1132.47314453125,705.2979736328125,1036.660888671875,708.0592651367188,1121.3795166015625,729.0420532226562,1073.8489990234375,732.5601806640625,1110.9876708984375,733.9806518554688,1040.723388671875,770.5260009765625,1132.684326171875,772.4492797851562,1010.6786499023438,821.6434936523438,1151.24951171875,823.405517578125
1089.95068359375,634.2681884765625,1087.7410888671875,628.9471435546875,1091.3468017578125,629.5352172851562,1080.951171875,631.4927978515625,1105.533935546875,632.5805053710938,1072.9791259765625,659.424560546875,1116.5322265625,662.166015625,1054.7200927734375,695.561279296875,1119.299072265625,703.8259887695312,1036.9984130859375,711.28662109375,1104.8524169921875,725.7423095703125,1067.78271484375,728.4719848632812,1104.275634765625,729.8926391601562,1037.00146484375,767.8624877929688,1128.216552734375,770.5226440429688,1013.2113647460938,821.0238647460938,1150.95849609375,824.548828125
1070.7822265625,630.9962768554688,1070.20458984375,625.95361328125,1073.6993408203125,625.8753662109375,1068.16064453125,627.3878173828125,1091.54541015625,627.5648803710938,1059.11767578125,654.3060302734375,1103.285888671875,656.4607543945312,1042.4290771484375,689.12939453125,1110.234130859375,698.4468994140625,1030.5284423828125,712.0712280273438,1100.19189453125,722.1482543945312,1059.4444580078125,724.9097900390625,1096.5986328125,724.9638061523438,1032.906494140625,771.7291259765625,1122.31298828125,773.3743896484375,1015.804931640625,824.4515991210938,1151.6607666015625,825.4722900390625
1064.51904296875,626.104736328125,1063.773681640625,621.2626953125,1064.821533203125,621.3194580078125,1060.787841796875,622.5721435546875,1078.131103515625,622.2960815429688,1055.4017333984375,649.522216796875,1092.7391357421875,649.057373046875,1041.7607421875,683.3472290039062,1099.6461181640625,684.5291748046875,1025.400390625,707.3615112304688,1083.32470703125,707.4978637695312,1058.544189453125,721.790771484375,1091.87890625,721.253662109375,1027.0521240234375,770.0275268554688,1113.843994140625,770.1793212890625,1010.5263061523438,822.257080078125,1143.809326171875,820.8784790039062
1053.1552734375,625.1246337890625,1052.133544921875,620.3072509765625,1054.2763671875,620.1680908203125,1049.703125,621.297119140625,1068.7384033203125,620.2819213867188,1046.180908203125,645.4713134765625,1084.064453125,642.4420166015625,1035.351318359375,680.91796875,1090.335205078125,673.4262084960938,1021.9105224609375,708.0521240234375,1072.7413330078125,692.1199340820312,1054.162109375,718.6362915039062,1087.172119140625,716.966796875,1021.4246826171875,771.0159301757812,1106.6260986328125,770.515625,1011.1468505859375,820.7122802734375,1136.921142578125,819.939453125
1053.04052734375,625.043212890625,1052.0167236328125,620.2288208007812,1054.185302734375,620.0855102539062,1049.6163330078125,621.2425537109375,1068.7374267578125,620.2164916992188,1046.1827392578125,645.4178466796875,1084.114501953125,642.41064453125,1035.464599609375,680.822998046875,1090.336181640625,673.3323974609375,1021.9801025390625,707.9812622070312,1072.5054931640625,691.9615478515625,1054.3994140625,718.5669555664062,1087.42919921875,716.9102783203125,1021.4158935546875,770.9759521484375,1106.454345703125,770.52392578125,1011.3078002929688,820.7318115234375,1136.764404296875,820.055419921875
1037.9354248046875,621.3934936523438,1037.215576171875,616.640869140625,1040.4989013671875,615.812744140625,1037.685302734375,618.6378173828125,1059.7913818359375,615.4807739257812,1037.403076171875,645.84375,1076.4993896484375,638.734130859375,1030.055908203125,686.225341796875,1081.88818359375,672.1935424804688,1016.7350463867188,717.8508911132812,1064.5731201171875,697.671630859375,1048.467529296875,718.0189819335938,1081.67236328125,714.525390625,1018.971435546875,769.7869262695312,1098.15625,766.9737548828125,1012.2903442382812,821.604736328125,1127.19189453125,818.0249633789062
1032.811767578125,617.3915405273438,1031.735107421875,612.5382080078125,1034.8720703125,611.7265625,1030.2142333984375,616.2210693359375,1055.294189453125,612.9016723632812,1027.151611328125,647.26513671875,1071.7333984375,639.8662109375,1018.11767578125,687.9470825195312,1077.475830078125,674.6331787109375,1007.0117797851562,720.2244262695312,1057.21044921875,702.0299682617188,1038.9656982421875,717.3028564453125,1075.188232421875,713.7654418945312,1019.56298828125,768.9190673828125,1091.701904296875,765.1671142578125,1013.0634765625,824.53759765625,1117.0577392578125,817.0362548828125
1023.7915649414062,615.4349975585938,1022.720947265625,610.66748046875,1025.997314453125,609.7188720703125,1022.5565185546875,614.579345703125,1047.716796875,610.6175537109375,1022.098876953125,645.4835205078125,1065.4710693359375,637.0936279296875,1013.8822631835938,686.1370239257812,1072.302001953125,670.8788452148438,999.2536010742188,720.802978515625,1051.63720703125,699.892578125,1037.703369140625,713.8563232421875,1072.20166015625,709.9957275390625,1019.7405395507812,768.54443359375,1084.087158203125,764.54736328125,1013.5506591796875,825.55224609375,1105.768310546875,817.5668334960938
1018.50732421875,614.8817749023438,1017.5643310546875,609.8875732421875,1020.2679443359375,609.009521484375,1017.11669921875,612.9769287109375,1041.46875,609.2568969726562,1015.95263671875,643.416259765625,1060.11083984375,635.21630859375,1007.0955810546875,685.5792846679688,1067.53857421875,669.0874633789062,993.2213134765625,722.8401489257812,1045.107666015625,698.0565185546875,1032.48193359375,711.517578125,1066.71337890625,707.9246826171875,1018.3438110351562,769.110595703125,1075.754150390625,765.5575561523438,1013.5761108398438,827.4122314453125,1092.84912109375,820.1260986328125
1013.09375,613.703857421875,1012.3408813476562,608.8737182617188,1014.8314819335938,607.42138671875,1012.5393676757812,612.470458984375,1036.8292236328125,606.8240966796875,1011.4273681640625,643.8037109375,1056.775390625,631.1773681640625,1000.99462890625,685.7748413085938,1063.8114013671875,661.3501586914062,987.1357421875,718.305908203125,1038.532958984375,685.8600463867188,1028.506591796875,711.0835571289062,1062.6810302734375,705.1832275390625,1015.7078247070312,767.561767578125,1066.82568359375,760.8689575195312,1014.3160400390625,827.6234130859375,1081.6466064453125,816.1429443359375
1013.1297607421875,613.75390625,1012.38525390625,608.913818359375,1014.8748779296875,607.4664306640625,1012.6016235351562,612.4808349609375,1036.8988037109375,606.858642578125,1011.474853515625,643.7529296875,1056.87890625,631.2149658203125,1000.9896240234375,685.6873168945312,1063.8077392578125,661.5109252929688,987.09423828125,718.223388671875,1038.40283203125,686.182861328125,1028.578857421875,711.0870361328125,1062.77783203125,705.2212524414062,1015.7064208984375,767.56787109375,1066.775634765625,760.921630859375,1014.4320068359375,827.6131591796875,1081.56103515625,816.172119140625
1007.425048828125,612.28173828125,1006.4949951171875,607.544189453125,1009.654052734375,606.1221923828125,1007.8839111328125,611.3607177734375,1032.360107421875,605.8291625976562,1007.8536376953125,642.90478515625,1054.8118896484375,629.740966796875,998.2705078125,684.9725341796875,1064.7982177734375,658.9906616210938,983.405517578125,718.0178833007812,1043.6446533203125,680.9503173828125,1025.98193359375,711.541259765625,1060.0771484375,705.159912109375,1013.5717163085938,768.10791015625,1060.83203125,761.4964599609375,1017.3359375,825.3365478515625,1073.31201171875,814.9623413085938
1008.6671142578125,612.2279663085938,1006.4395751953125,607.3814697265625,1009.3932495117188,606.4523315429688,1004.5431518554688,610.833251953125,1028.2259521484375,606.0847778320312,1006.03125,641.712646484375,1051.269287109375,628.04052734375,998.907470703125,681.9841918945312,1066.7620849609375,651.3988037109375,983.9232177734375,712.4636840820312,1048.185302734375,662.0191650390625,1024.297607421875,709.9241333007812,1056.766845703125,703.5394897460938,1012.2236328125,767.18896484375,1056.038330078125,760.6722412109375,1015.5836181640625,824.0869140625,1067.642578125,813.774658203125
1003.6021728515625,610.68994140625,1002.3275756835938,606.0723876953125,1005.0340576171875,604.9824829101562,1003.304443359375,610.13427734375,1026.279296875,605.2266845703125,1005.4114990234375,640.6632080078125,1048.7718505859375,628.1142578125,997.9791870117188,679.2437133789062,1061.5185546875,652.82275390625,982.8974609375,706.4822387695312,1041.1558837890625,665.40576171875,1022.41064453125,708.48974609375,1053.7569580078125,702.57861328125,1010.96630859375,765.9727783203125,1053.45068359375,760.1336059570312,1014.2119140625,823.6796875,1064.831298828125,814.7467041015625
1003.602783203125,612.5352172851562,1002.2056274414062,607.8408813476562,1004.56201171875,606.8895874023438,1002.2806396484375,611.229248046875,1024.8739013671875,606.5575561523438,1004.3040771484375,640.3897094726562,1046.1920166015625,627.6809692382812,996.7003173828125,677.0594482421875,1056.80615234375,649.7789306640625,985.541259765625,697.7989501953125,1034.2021484375,657.3236083984375,1020.4161987304688,709.10693359375,1050.778564453125,703.2230224609375,1010.492431640625,767.3966674804688,1050.0216064453125,761.0835571289062,1012.88134765625,825.0258178710938,1059.070556640625,815.1588134765625
1002.6630249023438,615.0176391601562,1001.5667724609375,610.1751708984375,1003.33740234375,609.1205444335938,1001.9613647460938,612.992919921875,1024.8236083984375,607.558349609375,1003.1702270507812,641.9308471679688,1044.962646484375,628.5108642578125,995.076416015625,678.0892333984375,1051.83642578125,653.7753295898438,992.1399536132812,675.8673095703125,1026.973388671875,654.409912109375,1016.8468017578125,711.1407470703125,1047.87890625,705.1583862304688,1010.4661865234375,769.9447631835938,1048.4671630859375,761.3236083984375,1009.39599609375,830.3072509765625,1055.837158203125,815.6048583984375
1002.7000732421875,615.0481567382812,1001.59033203125,610.19580078125,1003.3446044921875,609.1495971679688,1001.965087890625,613.0108032226562,1024.8319091796875,607.5778198242188,1003.1976928710938,641.9881591796875,1045.023193359375,628.5552368164062,995.0076904296875,678.1089477539062,1051.8370361328125,653.9683837890625,992.1546020507812,675.464111328125,1026.9444580078125,654.587158203125,1016.8829956054688,711.181884765625,1047.9473876953125,705.1790771484375,1010.4525146484375,769.98486328125,1048.4534912109375,761.2897338867188,1009.4332275390625,830.3563232421875,1055.8968505859375,815.4931640625
1001.747802734375,616.8603515625,1000.380615234375,611.8604125976562,1002.0699462890625,611.3458251953125,1001.290283203125,612.6290283203125,1023.8453979492188,608.4752197265625,1003.6611328125,639.2667236328125,1045.2012939453125,628.1412353515625,997.7081909179688,673.229248046875,1055.22021484375,655.1846313476562,998.8992919921875,664.9855346679688,1032.369140625,652.0709838867188,1015.3602294921875,710.0218505859375,1046.603759765625,705.1536865234375,1011.672119140625,768.4954833984375,1046.79541015625,761.1487426757812,1009.230224609375,828.0277099609375,1054.0643310546875,815.448974609375
