x0,y0,x1,y1,x2,y2,x3,y3,x4,y4,x5,y5,x6,y6,x7,y7,x8,y8,x9,y9,x10,y10,x11,y11,x12,y12,x13,y13,x14,y14,x15,y15,x16,y16
851.5658569335938,577.2684326171875,848.3505249023438,571.3134765625,851.6823120117188,571.9244995117188,832.763916015625,573.80810546875,859.556640625,575.7642822265625,811.93505859375,603.33544921875,870.3338012695312,604.7269897460938,792.6875610351562,643.532958984375,887.8919677734375,643.0302734375,807.6805419921875,659.7381591796875,894.9521484375,658.4737548828125,811.958984375,678.6765747070312,849.604248046875,679.6693115234375,824.7369384765625,750.2319946289062,853.7392578125,750.6868286132812,826.7294311523438,820.3345947265625,842.2146606445312,820.3643798828125
850.22998046875,577.0511474609375,847.410400390625,571.1884765625,850.5851440429688,571.7574462890625,832.9531860351562,573.9482421875,859.47509765625,575.9352416992188,812.0399169921875,603.380859375,870.4412841796875,605.0859375,792.6248779296875,642.8896484375,888.007080078125,643.240234375,807.328857421875,659.00732421875,895.3591918945312,658.9693603515625,811.8609008789062,678.011962890625,849.4271240234375,679.14306640625,824.6808471679688,749.4248046875,853.998291015625,750.1759643554688,827.025634765625,819.1331176757812,842.7791748046875,819.5670166015625
850.5964965820312,577.3353271484375,847.6949462890625,571.4393310546875,850.851806640625,572.0032958984375,832.9887084960938,573.9778442382812,859.3172607421875,575.90771484375,812.1633911132812,603.1652221679688,870.2039794921875,604.8529052734375,792.674560546875,642.4843139648438,888.14453125,643.1224975585938,806.548095703125,658.8271484375,895.3643188476562,659.52294921875,811.8193359375,678.2948608398438,849.12255859375,679.4115600585938,824.8815307617188,749.4959106445312,853.92822265625,750.1759643554688,827.421142578125,819.5458984375,843.0012817382812,819.816162109375
850.0042724609375,577.3413696289062,847.1973266601562,571.4510498046875,850.3743896484375,571.9825439453125,832.8165283203125,573.9490356445312,859.29736328125,575.8209228515625,812.0447998046875,603.0798950195312,870.339111328125,604.7327880859375,792.6280517578125,642.546630859375,888.1434326171875,643.185546875,806.7841796875,659.0462036132812,895.2680053710938,659.9308471679688,812.08544921875,678.1256713867188,849.5799560546875,679.2265014648438,824.8961181640625,749.3729248046875,854.1216430664062,750.054443359375,827.4110107421875,819.3814697265625,843.0928344726562,819.6466064453125
850.4112548828125,577.1065673828125,847.433349609375,571.2083129882812,850.6943359375,571.7666015625,832.6419677734375,573.5473022460938,859.0538330078125,575.4549560546875,812.031494140625,602.4794311523438,870.022705078125,604.1734619140625,792.7439575195312,641.630859375,888.2386474609375,642.2874755859375,806.2723388671875,658.722412109375,895.7598266601562,659.374267578125,812.215576171875,678.2275390625,849.4805908203125,679.3587036132812,825.103759765625,749.2281494140625,854.212646484375,749.9221801757812,827.6251831054688,819.5612182617188,843.2492065429688,819.7969970703125
850.5737915039062,576.619140625,847.4034423828125,570.6959228515625,850.762451171875,571.262451171875,832.17724609375,573.275634765625,858.948486328125,575.0958251953125,811.7716064453125,602.7361450195312,870.0496826171875,604.077880859375,792.6340942382812,642.1423950195312,888.12890625,642.133056640625,806.480712890625,659.1153564453125,895.486083984375,659.05859375,812.4154052734375,678.4058837890625,849.8765258789062,679.3763427734375,825.465576171875,749.18115234375,854.2806396484375,749.5589599609375,827.6798095703125,819.359619140625,842.89208984375,818.97119140625
850.4493408203125,576.098388671875,847.225341796875,570.1444702148438,850.5027465820312,570.7313842773438,831.911865234375,572.868408203125,858.49609375,574.6620483398438,811.5751953125,602.8287353515625,869.7816162109375,603.9447021484375,792.4623413085938,642.5488891601562,888.044921875,642.1593017578125,806.2490844726562,659.64599609375,895.6256103515625,659.21240234375,812.022216796875,678.7022705078125,849.4506225585938,679.5709838867188,825.6202392578125,749.21044921875,854.4315185546875,749.3790893554688,827.6534423828125,819.4121704101562,843.0097045898438,818.6306762695312
849.2363891601562,574.9939575195312,846.1668701171875,569.122802734375,849.432861328125,569.6598510742188,831.7890014648438,572.2454223632812,858.2536010742188,573.8442993164062,811.8116455078125,602.705810546875,870.0535888671875,603.5855712890625,792.9361572265625,642.6688842773438,888.0911865234375,642.2727661132812,805.239501953125,659.9863891601562,895.4613647460938,660.393798828125,811.9854736328125,678.1931762695312,849.4063110351562,678.9505615234375,825.611572265625,748.3005981445312,854.9672241210938,748.4426879882812,827.3873291015625,818.3325805664062,842.8320922851562,817.6188354492188
850.3734130859375,574.3865966796875,847.0599975585938,568.4302978515625,850.36083984375,569.0219116210938,831.4349365234375,571.6696166992188,858.217041015625,573.4703979492188,810.6549682617188,602.683837890625,869.8546142578125,603.860107421875,792.5479736328125,643.684326171875,888.1373291015625,642.830810546875,806.70947265625,663.8990478515625,895.564208984375,661.9055786132812,811.2532958984375,679.0372314453125,849.4396362304688,680.0202026367188,826.021728515625,749.6351318359375,856.009033203125,750.1082763671875,826.1572265625,818.425537109375,842.3358154296875,818.2210693359375
848.5270385742188,574.5997924804688,845.5900268554688,568.6338500976562,849.0390014648438,569.1781005859375,830.6197509765625,571.8297119140625,858.6409912109375,573.8746948242188,809.241943359375,602.5771484375,870.5322265625,604.9547119140625,791.81787109375,642.7979736328125,888.2210083007812,643.7570190429688,807.2993774414062,669.1953735351562,894.2188110351562,667.7709350585938,811.6719360351562,679.4819946289062,851.3280029296875,681.017822265625,824.7001953125,749.7667236328125,854.7581787109375,751.34765625,824.921630859375,817.98974609375,841.4459838867188,819.404541015625
846.3264770507812,575.5650634765625,843.841552734375,569.8320922851562,847.6052856445312,570.2627563476562,831.576904296875,573.3458251953125,858.9471435546875,575.1036376953125,811.86962890625,603.740966796875,871.2352294921875,607.6524658203125,795.8309326171875,642.3804931640625,889.3731079101562,647.8519287109375,802.5625,674.3088989257812,895.0086669921875,680.67138671875,815.727783203125,681.4044189453125,853.805419921875,683.6139526367188,824.1192626953125,748.49267578125,852.7843017578125,751.8341064453125,826.1083984375,813.2490234375,839.893310546875,818.3043823242188
842.6087036132812,579.559326171875,840.7288818359375,574.008056640625,844.597900390625,574.216064453125,831.638916015625,577.720947265625,858.6897583007812,578.8951416015625,814.1764526367188,608.19287109375,872.419677734375,611.5885009765625,799.5872802734375,648.1423950195312,890.972412109375,651.9056396484375,801.4764404296875,682.8858642578125,894.482666015625,684.4295043945312,819.3670654296875,686.63525390625,856.711181640625,688.51904296875,822.99853515625,752.72705078125,851.5936279296875,756.6157836914062,825.1683349609375,817.040283203125,839.038818359375,823.6118774414062
839.5457153320312,582.3690185546875,837.767333984375,577.11328125,842.0971069335938,577.2523803710938,830.4783935546875,581.9251708984375,857.1513671875,582.8483276367188,815.2392578125,613.3886108398438,870.5450439453125,617.3973999023438,802.0966796875,650.6854858398438,890.5870971679688,656.3787841796875,797.8189086914062,684.95361328125,896.171875,689.193359375,820.7132568359375,692.7958374023438,856.2822265625,694.9776611328125,821.19775390625,755.7802734375,852.0521850585938,760.5771484375,819.0245361328125,818.025634765625,839.168212890625,826.291259765625
838.7420654296875,588.1060180664062,836.5783081054688,582.69189453125,841.0383911132812,582.8035888671875,828.883056640625,586.6004638671875,855.914794921875,587.11767578125,814.5155639648438,617.3563842773438,870.841796875,620.2392578125,800.3782958984375,654.8782348632812,892.60693359375,658.5453491210938,794.35791015625,690.256591796875,897.1902465820312,691.5927734375,821.797607421875,696.9723510742188,858.349853515625,698.5576782226562,819.0008544921875,758.965576171875,852.80126953125,762.9794311523438,812.7482299804688,820.4946899414062,838.89599609375,827.2884521484375
838.052734375,588.8660888671875,836.003173828125,583.5857543945312,840.3942260742188,583.6946411132812,828.971923828125,587.95556640625,855.4432373046875,588.4898071289062,815.5970458984375,618.7235717773438,870.9933471679688,622.0411987304688,801.3239135742188,655.36474609375,893.78125,659.9796142578125,792.0093383789062,688.3742065429688,898.0347290039062,689.7794799804688,824.2088012695312,697.0983276367188,860.205810546875,698.8259887695312,817.3270263671875,758.166748046875,853.493896484375,762.599853515625,811.3489379882812,818.6080322265625,841.8026733398438,825.8164672851562
832.5657348632812,588.390380859375,831.1549072265625,583.23388671875,835.5418701171875,582.9864501953125,827.3798828125,587.5494995117188,854.25244140625,586.8373413085938,815.490478515625,618.4146728515625,872.35009765625,619.899658203125,800.098876953125,654.7788696289062,893.8134155273438,658.802734375,790.4246826171875,684.1873168945312,895.981689453125,691.2298583984375,826.9356079101562,697.6307373046875,864.5096435546875,698.4546508789062,817.886962890625,758.1447143554688,858.3948974609375,761.1044921875,811.2138061523438,817.0698852539062,848.7694091796875,821.889404296875
834.9876708984375,586.5150146484375,833.339599609375,581.5186157226562,837.018310546875,581.19287109375,828.3709716796875,586.7232666015625,854.404296875,585.4281005859375,817.3346557617188,618.4519653320312,873.319091796875,616.8571166992188,799.2728271484375,652.5269165039062,896.3787231445312,650.2410888671875,789.268310546875,675.1212158203125,896.9148559570312,672.59130859375,829.5574951171875,694.7446899414062,867.4400634765625,694.09326171875,818.66064453125,754.8045654296875,867.9718017578125,755.2197265625,811.76416015625,814.4437866210938,866.0652465820312,814.4324340820312
835.2322998046875,585.6736450195312,833.9804077148438,580.6322631835938,837.3060302734375,580.05419921875,831.2235107421875,585.4141235351562,856.7308959960938,582.9632568359375,821.42919921875,617.5428466796875,877.3590087890625,612.7188720703125,801.1336669921875,653.2874755859375,899.574462890625,646.5885620117188,792.357666015625,663.6793212890625,898.8220825195312,661.222900390625,832.8773803710938,693.1045532226562,871.2197265625,690.7691650390625,820.5400390625,751.877685546875,873.3438720703125,749.4061889648438,813.496337890625,811.834716796875,873.5374755859375,807.275634765625
837.6781005859375,582.5012817382812,836.4075927734375,578.089599609375,840.5736694335938,577.6580810546875,833.5383911132812,583.154052734375,859.7301025390625,581.7296752929688,823.5565185546875,614.5718994140625,879.114501953125,610.4537353515625,801.0572509765625,648.912841796875,903.3482666015625,638.7261962890625,794.3164672851562,655.3873291015625,906.9888916015625,639.903564453125,836.2884521484375,691.5856323242188,875.0426025390625,689.6517944335938,821.5567626953125,743.3823852539062,884.0901489257812,742.0645751953125,812.7650146484375,804.7762451171875,887.9404907226562,802.4534912109375
843.8157348632812,582.6541137695312,842.3772583007812,578.1674194335938,846.2303466796875,577.838623046875,838.4901123046875,582.96044921875,864.0927734375,581.820556640625,828.067138671875,613.1771240234375,883.7191162109375,610.0432739257812,805.520751953125,643.833251953125,909.4436645507812,635.3493041992188,796.9019165039062,649.023193359375,910.0577392578125,633.8250732421875,841.948974609375,688.2258911132812,881.1314697265625,686.7637329101562,825.3418579101562,740.278564453125,891.1627197265625,739.7947998046875,816.0671997070312,802.5093994140625,898.4027709960938,801.3579711914062
848.1343994140625,581.2127685546875,847.4599609375,576.8416748046875,850.9074096679688,576.4776611328125,845.749755859375,581.1749267578125,869.0596923828125,580.3396606445312,835.5938720703125,610.2025146484375,888.0031127929688,607.637939453125,809.66943359375,637.5557861328125,913.4500732421875,628.7908325195312,794.970703125,643.6550903320312,914.0379638671875,623.743408203125,846.854248046875,686.2830810546875,883.9993286132812,684.9142456054688,828.894287109375,740.5215454101562,897.62890625,740.7476806640625,817.7565307617188,802.8104248046875,907.5481567382812,802.90625
860.107421875,581.17578125,859.3101806640625,576.4853515625,860.8746337890625,576.2476196289062,854.9261474609375,581.1383056640625,875.1263427734375,580.0817260742188,843.9676513671875,612.3701171875,892.310302734375,607.9935913085938,816.55615234375,636.346923828125,915.4663696289062,630.1473999023438,801.751953125,635.6366577148438,916.1031494140625,629.27392578125,849.7080078125,687.7396240234375,886.0907592773438,685.1539306640625,827.665771484375,745.4877319335938,903.77978515625,742.1841430664062,818.6182250976562,807.3011474609375,929.384765625,800.7654418945312
861.6766357421875,579.7296752929688,861.4202270507812,575.3927001953125,863.4775390625,574.95703125,860.22802734375,581.3245239257812,879.8838500976562,579.771728515625,851.4127807617188,612.5790405273438,898.1488037109375,607.2036743164062,820.569580078125,633.8612670898438,921.961669921875,620.48486328125,799.29248046875,636.2346801757812,924.607177734375,613.0860595703125,859.6439208984375,688.065185546875,894.1376953125,684.9991455078125,832.1141357421875,743.9033203125,909.2865600585938,741.0360717773438,821.7570190429688,804.2796020507812,933.9303588867188,798.5946044921875
863.98974609375,582.1766357421875,864.873779296875,577.6300048828125,866.5311279296875,576.7159423828125,866.4684448242188,583.11767578125,885.692626953125,580.0980224609375,857.1762084960938,613.423583984375,909.5277099609375,606.66845703125,827.8358154296875,635.7540283203125,937.7125854492188,620.221923828125,811.9312744140625,634.5407104492188,939.004638671875,614.8814697265625,868.6912841796875,688.7341918945312,906.06591796875,685.3763427734375,836.962158203125,742.6475830078125,912.630615234375,739.7691650390625,828.578369140625,801.77978515625,931.669189453125,799.6724853515625
868.0357666015625,583.8844604492188,868.5800170898438,579.7391967773438,870.5595703125,578.815673828125,871.5049438476562,585.8380126953125,890.7154541015625,582.626708984375,865.09228515625,616.5169677734375,913.0887451171875,609.115966796875,832.089599609375,638.79931640625,936.1617431640625,621.8250732421875,805.1016845703125,632.4472045898438,931.4972534179688,607.3140258789062,879.9105224609375,690.8680419921875,914.6713256835938,686.5882568359375,840.3587646484375,746.186767578125,916.6083984375,742.8246459960938,826.9588623046875,805.4891967773438,936.20458984375,799.8792724609375
871.883056640625,585.8446044921875,872.4398803710938,581.337890625,874.3868408203125,580.7152099609375,876.158447265625,587.3912353515625,896.3497314453125,584.8815307617188,872.4547119140625,617.2660522460938,915.8779907226562,613.7890625,841.9674072265625,637.23876953125,916.8258056640625,634.1537475585938,810.14306640625,631.2926025390625,887.935546875,631.392822265625,886.5807495117188,690.9520874023438,919.75390625,687.963623046875,844.974609375,745.3228759765625,917.074462890625,743.9798583984375,831.359130859375,803.91015625,934.4219970703125,799.8890991210938
878.7110595703125,584.6089477539062,878.658203125,580.7432861328125,880.9954833984375,579.67578125,880.2098388671875,587.2120361328125,899.7906494140625,583.4453125,874.7481079101562,618.2792358398438,923.1685180664062,609.1490478515625,844.2418212890625,639.02294921875,946.5478515625,616.7053833007812,815.6309814453125,633.431640625,942.3936767578125,599.5570068359375,888.9149780273438,689.59228515625,923.3922729492188,684.8341064453125,848.3819580078125,744.42919921875,920.6995239257812,740.1763916015625,833.8961791992188,804.6949462890625,931.7054443359375,797.732666015625
882.9395751953125,585.4503173828125,882.6692504882812,581.4571533203125,885.1661376953125,580.2913818359375,883.5177612304688,587.0853271484375,904.16357421875,582.9807739257812,878.32421875,617.0477294921875,927.67431640625,608.2669067382812,848.917236328125,639.3613891601562,950.9089965820312,619.7642822265625,819.06640625,635.3230590820312,943.4437866210938,606.3992309570312,894.3469848632812,688.3331909179688,929.0974731445312,683.6238403320312,852.6536865234375,743.8192749023438,921.3812255859375,739.83837890625,841.26318359375,802.7344970703125,932.708251953125,795.8775634765625
883.13671875,585.5726318359375,883.5961303710938,581.5418090820312,886.3134155273438,580.3828125,886.9857788085938,586.4876098632812,907.048095703125,582.9530029296875,882.6925048828125,614.581787109375,929.7313842773438,608.7095947265625,852.582763671875,636.9957885742188,951.9296875,626.2089233398438,821.669677734375,633.8692626953125,946.95751953125,618.90380859375,897.728271484375,685.872802734375,930.332763671875,682.240234375,857.8834228515625,741.8358764648438,921.2874755859375,739.4072265625,849.7857055664062,800.416259765625,932.6200561523438,795.8746948242188
888.6524658203125,583.6630249023438,888.002685546875,579.87744140625,891.6007080078125,578.9371337890625,888.47412109375,584.53857421875,910.6349487304688,581.3804931640625,885.6535034179688,611.4655151367188,929.662109375,606.0731811523438,858.8486328125,638.8576049804688,949.8851318359375,629.4005737304688,829.546142578125,636.297607421875,942.13134765625,625.2506713867188,901.3924560546875,684.1383056640625,931.3055419921875,680.906982421875,866.05517578125,740.4812622070312,918.8162841796875,738.406494140625,865.8759765625,799.6236572265625,930.4634399414062,795.765380859375
895.9799194335938,581.3952026367188,894.619140625,577.0257568359375,897.203369140625,576.3172607421875,891.27783203125,581.9569091796875,913.0130615234375,578.80078125,885.4931030273438,611.686279296875,932.8668212890625,604.612548828125,855.8763427734375,637.9893798828125,955.6688232421875,629.32421875,831.3960571289062,634.6759643554688,957.6414184570312,633.68359375,898.9111328125,685.91357421875,930.3824462890625,681.7948608398438,867.7721557617188,743.9281005859375,917.9783935546875,738.3660278320312,873.34814453125,801.82763671875,933.568359375,790.3426513671875
897.5780029296875,578.3798217773438,896.0299072265625,573.6441650390625,899.188720703125,573.1353759765625,892.7224731445312,578.0738525390625,915.7443237304688,575.4150390625,886.7759399414062,607.7274169921875,934.3042602539062,603.5433349609375,857.5059814453125,636.7921752929688,954.5770263671875,640.7674560546875,834.411865234375,636.6533203125,962.4847412109375,664.925048828125,899.99267578125,683.10205078125,931.472412109375,680.2137451171875,872.1370239257812,743.706298828125,919.63818359375,738.3440551757812,878.3876953125,804.2132568359375,934.830322265625,791.4050903320312
899.5982666015625,576.021484375,898.028076171875,571.1409301757812,901.3848266601562,570.8565673828125,894.7515869140625,576.2978515625,918.4637451171875,574.1824951171875,887.9219970703125,607.1787109375,935.169189453125,605.0525512695312,858.5044555664062,635.9261474609375,954.9105834960938,647.2857666015625,836.7545166015625,639.1431884765625,967.7745361328125,683.1702270507812,899.1378173828125,682.1886596679688,930.941162109375,680.3302612304688,877.1445922851562,743.198974609375,925.5830078125,738.3804931640625,879.341552734375,804.7265625,941.9129638671875,792.4012451171875
909.4072265625,575.4078979492188,906.6180419921875,570.2930908203125,910.1039428710938,570.5384521484375,898.2017822265625,575.4068603515625,921.92578125,574.819091796875,889.3287963867188,606.2451171875,936.0072021484375,607.0794067382812,862.0238037109375,634.5809936523438,954.0507202148438,650.23486328125,842.299072265625,640.5982666015625,965.914794921875,686.6917114257812,900.71630859375,682.4448852539062,932.8109130859375,682.1311645507812,878.806884765625,743.754638671875,930.9373168945312,740.7724609375,880.3203735351562,806.1923828125,948.738525390625,796.0347290039062
917.3330078125,576.5165405273438,914.5279541015625,571.3720092773438,917.61865234375,571.28857421875,905.0306396484375,575.510498046875,928.5023803710938,574.2138061523438,894.30322265625,607.1142578125,941.3735961914062,605.4708251953125,866.57421875,636.0272827148438,957.83642578125,654.5223388671875,847.3487548828125,642.3518676757812,966.518310546875,698.0177001953125,899.5986328125,684.850341796875,933.4341430664062,682.550048828125,879.524658203125,746.217041015625,940.14453125,740.672607421875,878.3823852539062,809.64013671875,961.382080078125,797.1260375976562
920.01708984375,578.1663208007812,917.76171875,573.032470703125,920.6881103515625,572.9287719726562,909.6117553710938,577.06591796875,932.7584228515625,576.0445556640625,898.1080322265625,608.6499633789062,944.9346923828125,607.4285888671875,871.7119140625,638.6450805664062,960.5064697265625,655.0570678710938,852.9306640625,650.1168212890625,966.592529296875,697.2412109375,900.351806640625,685.7255249023438,935.1483154296875,683.7982177734375,882.4000244140625,746.12890625,950.3219604492188,741.7974243164062,878.278564453125,810.629150390625,974.8671875,800.849853515625
926.4065551757812,577.6371459960938,922.9652709960938,572.154541015625,926.5260009765625,572.363037109375,912.5191040039062,576.6758422851562,937.6414794921875,575.6755981445312,901.901611328125,610.049560546875,952.9925537109375,608.5179443359375,876.832763671875,642.31884765625,966.627685546875,654.7828369140625,857.4794921875,656.4450073242188,970.7276611328125,697.9444580078125,905.88232421875,690.28515625,944.1241455078125,688.7627563476562,883.0718994140625,749.0059814453125,957.4191284179688,744.6597290039062,876.433349609375,812.8116455078125,980.2861328125,802.6752319335938
924.3369140625,582.2144775390625,922.5799560546875,576.2946166992188,925.367919921875,576.2247314453125,916.1442260742188,578.9335327148438,940.0365600585938,577.6012573242188,906.2076416015625,610.9385986328125,956.820556640625,608.4559936523438,881.5259399414062,649.0809936523438,977.2222900390625,655.78662109375,866.3909912109375,672.474853515625,982.7261962890625,700.9794311523438,909.7333984375,690.9896240234375,947.3125,689.5531005859375,887.8873901367188,753.3533935546875,964.5555419921875,750.0799560546875,877.6957397460938,814.4089965820312,988.332275390625,809.0213623046875
934.9026489257812,579.4058837890625,932.6502685546875,573.778076171875,935.7200317382812,573.7496948242188,924.1229248046875,576.6812744140625,947.8861083984375,576.101806640625,913.0753784179688,607.7435913085938,960.843017578125,608.565673828125,889.1907348632812,642.552001953125,983.0073852539062,657.71484375,868.84814453125,665.4738159179688,986.6416015625,699.7513427734375,919.3134155273438,687.628173828125,955.1248168945312,686.8452758789062,892.77783203125,750.3356323242188,966.2030639648438,749.229736328125,881.7139892578125,812.838623046875,990.1038818359375,809.4347534179688
937.7828979492188,580.363037109375,936.38525390625,574.7789306640625,938.06640625,575.1251831054688,931.7023315429688,577.5404052734375,948.7062377929688,577.2578125,924.8277587890625,605.4285888671875,962.7110595703125,606.7869262695312,904.30078125,642.0228271484375,980.7904052734375,652.4257202148438,883.833251953125,661.1318359375,985.2313232421875,687.504638671875,930.5275268554688,683.4136352539062,959.9368286132812,683.6951904296875,901.8902587890625,745.4515380859375,970.321533203125,745.921142578125,887.193603515625,808.7023315429688,989.000732421875,810.13720703125
942.6136474609375,583.20361328125,940.51904296875,577.8550415039062,942.6776733398438,578.201416015625,934.4331665039062,582.0699462890625,952.6683349609375,581.434326171875,929.9259033203125,610.0974731445312,964.98095703125,610.946044921875,910.037841796875,644.39404296875,981.9146118164062,655.9527587890625,888.157470703125,658.382568359375,986.2840576171875,690.094970703125,936.770751953125,684.3070068359375,964.490234375,684.3480224609375,906.354248046875,746.2471923828125,974.08251953125,745.75732421875,888.7415771484375,809.7149047851562,992.6025390625,808.7109375
942.77783203125,582.518310546875,941.6866455078125,577.2997436523438,943.2481689453125,577.4775390625,937.85498046875,581.193359375,955.5016479492188,580.6114501953125,934.0585327148438,608.0469970703125,968.6534423828125,610.5718383789062,913.5254516601562,641.911865234375,985.181396484375,657.8189697265625,890.9789428710938,658.1149291992188,988.76513671875,694.829345703125,945.6480102539062,679.24462890625,972.649169921875,679.9293212890625,910.4309692382812,745.690673828125,974.3186645507812,746.2178955078125,895.671630859375,811.3795166015625,993.390380859375,810.7623291015625
943.6228637695312,581.154052734375,942.7965087890625,575.7291870117188,945.0635986328125,575.85400390625,940.834228515625,579.4227905273438,961.016357421875,578.8197021484375,937.173583984375,605.979248046875,975.545654296875,608.6823120117188,916.2840576171875,639.1096801757812,991.9530029296875,656.1483154296875,895.4551391601562,657.8731689453125,996.3407592773438,697.0946655273438,948.3085327148438,677.6661987304688,977.4885864257812,678.3788452148438,915.54345703125,745.520263671875,979.1749267578125,745.953369140625,900.1337890625,812.9306030273438,995.63330078125,811.3162841796875
949.2913818359375,585.2296752929688,947.3013916015625,579.4647827148438,950.5340576171875,579.716552734375,940.5789184570312,581.89404296875,965.01513671875,581.6802368164062,929.619140625,608.420166015625,981.468505859375,612.8643798828125,902.4586181640625,642.7999267578125,997.9066162109375,665.4156494140625,884.3992309570312,661.120361328125,1003.329833984375,716.6829833984375,947.84228515625,679.6778564453125,984.821533203125,681.2276611328125,919.95458984375,746.8587646484375,984.5733642578125,746.93115234375,907.9844970703125,816.406982421875,995.190185546875,810.989013671875
950.850341796875,587.7655029296875,949.041015625,582.014404296875,952.432373046875,582.3143310546875,942.703857421875,583.9082641601562,967.333740234375,584.0789184570312,931.609619140625,609.6549072265625,983.9679565429688,614.2765502929688,903.907470703125,643.9896240234375,1001.3914794921875,664.942138671875,888.3455200195312,666.4134521484375,1010.08154296875,716.4515991210938,951.7789306640625,680.7686767578125,988.8739013671875,682.450927734375,922.6609497070312,747.6229248046875,987.0068359375,747.8887939453125,913.24267578125,818.0164794921875,1000.1376953125,812.742919921875
956.0857543945312,589.7730712890625,953.2608642578125,584.2807006835938,956.896728515625,584.1820068359375,944.5462646484375,588.307861328125,969.0081787109375,586.709228515625,937.2229614257812,616.5537109375,985.6546630859375,615.4749145507812,919.9290771484375,651.5103149414062,1006.7880859375,660.280029296875,911.4625244140625,676.8570556640625,1018.976806640625,708.8779296875,954.959228515625,687.1612548828125,990.8758544921875,686.57470703125,928.9627075195312,753.1529541015625,998.047607421875,749.7974853515625,917.7025146484375,823.4100341796875,1015.8392944335938,814.07421875
962.1441650390625,596.71240234375,958.2427368164062,590.8720703125,962.22998046875,590.8408203125,946.3367919921875,592.8380737304688,972.3306884765625,590.9580078125,936.7366333007812,621.4963989257812,988.4133911132812,616.77197265625,912.2982177734375,658.445556640625,1006.4288330078125,659.9989624023438,900.16064453125,685.9793090820312,1017.29345703125,709.4149780273438,954.3048706054688,693.4192504882812,992.2432861328125,690.6393432617188,928.183349609375,763.4036865234375,1001.0033569335938,756.70263671875,919.496826171875,831.00927734375,1021.811279296875,815.2872314453125
958.314697265625,602.070556640625,955.8627319335938,596.25927734375,959.2581787109375,595.7968139648438,947.5328979492188,599.9947509765625,970.9469604492188,597.2718505859375,940.9091796875,631.7322387695312,986.4776611328125,625.2494506835938,925.46337890625,671.1765747070312,1005.337158203125,665.7232666015625,923.094970703125,693.8192749023438,1016.9196166992188,704.56103515625,958.8394775390625,702.9759521484375,993.5857543945312,700.302490234375,938.004638671875,763.29736328125,1012.2198486328125,757.4080810546875,928.069580078125,824.7518310546875,1038.8841552734375,815.2618408203125
959.2802124023438,610.2275390625,957.3831787109375,605.0074462890625,960.4638061523438,604.41015625,951.8794555664062,608.823974609375,973.7861938476562,605.5736083984375,947.2128295898438,639.4307250976562,989.3466796875,632.6239013671875,933.5108642578125,675.2661743164062,1010.8189086914062,670.3236083984375,928.705810546875,697.8472290039062,1025.02099609375,710.8740844726562,964.406982421875,710.5809936523438,997.7901611328125,707.8389892578125,940.2862548828125,769.7649536132812,1019.5657958984375,764.0643310546875,926.9471435546875,829.7025146484375,1050.30078125,821.1641845703125
977.788818359375,619.4693603515625,973.322021484375,614.177978515625,976.977294921875,614.1461181640625,957.5972900390625,619.1661376953125,980.4803466796875,617.5598754882812,946.145751953125,653.1539916992188,995.321533203125,646.69384765625,928.551025390625,692.9861450195312,1020.8634033203125,684.6987915039062,925.70263671875,719.6283569335938,1039.5897216796875,720.2813720703125,962.7496337890625,720.7607421875,1001.6146240234375,717.3035888671875,932.098876953125,775.9951171875,1026.1812744140625,768.3011474609375,921.1551513671875,835.4408569335938,1060.8291015625,820.1892700195312
972.9078369140625,626.908935546875,971.2562255859375,621.9859619140625,975.014892578125,621.729248046875,965.5546875,626.0971069335938,988.3807373046875,625.1072387695312,954.19091796875,657.4912719726562,1003.8846435546875,653.6500244140625,929.7889404296875,693.3907470703125,1030.455078125,690.972900390625,922.300537109375,718.8299560546875,1053.765380859375,724.7894287109375,963.4674682617188,726.2499389648438,1002.17626953125,723.7874755859375,935.8936157226562,778.4190673828125,1031.24365234375,773.4786376953125,919.972900390625,837.4342041015625,1063.770751953125,826.8408203125
987.363037109375,627.0263671875,985.1669921875,622.2203369140625,988.76904296875,622.306396484375,978.51708984375,626.2179565429688,1001.108642578125,625.8538208007812,968.097900390625,657.3817749023438,1016.0782470703125,653.9808349609375,940.9091796875,690.2048950195312,1040.8436279296875,688.4060668945312,924.3359985351562,714.455078125,1061.4674072265625,718.8005981445312,970.1167602539062,726.3018798828125,1008.5296630859375,724.082763671875,940.4423217773438,779.0343017578125,1039.830078125,774.6234741210938,916.1968994140625,837.7758178710938,1069.6649169921875,827.9236450195312
998.4014282226562,619.21630859375,996.9735717773438,614.6152954101562,999.8197021484375,614.553466796875,993.9510498046875,619.3592529296875,1012.7598876953125,618.440673828125,984.73486328125,651.8595581054688,1027.2679443359375,647.6287231445312,952.3822021484375,682.8053588867188,1051.7933349609375,683.064453125,924.8215942382812,700.353271484375,1074.16162109375,712.967529296875,979.1314086914062,724.307861328125,1013.5577392578125,721.248291015625,952.198974609375,775.746337890625,1049.977783203125,770.3882446289062,919.8076171875,837.0048828125,1073.398681640625,825.536865234375
1023.6959838867188,609.8263549804688,1019.499755859375,604.9900512695312,1023.2546997070312,605.8719482421875,1008.5130615234375,610.0339965820312,1028.1236572265625,611.1029052734375,999.1532592773438,639.9616088867188,1041.479248046875,640.50537109375,976.543212890625,673.5130004882812,1065.4053955078125,677.718994140625,953.8357543945312,693.6536254882812,1080.38330078125,704.2955322265625,994.277587890625,717.422119140625,1027.9857177734375,717.6415405273438,974.6797485351562,772.9824829101562,1067.703857421875,772.2756958007812,937.169921875,831.0664672851562,1075.4305419921875,827.1368408203125
1027.232421875,603.2073974609375,1024.279541015625,598.025634765625,1027.895263671875,598.2048950195312,1015.8958740234375,601.2969360351562,1038.151123046875,601.0844116210938,1005.7392578125,631.7281494140625,1052.428466796875,631.713134765625,978.8311157226562,663.335693359375,1080.17333984375,673.2164306640625,954.699462890625,681.4871826171875,1093.61669921875,704.6798095703125,1008.2889404296875,710.5106811523438,1043.4356689453125,709.5584106445312,983.7244873046875,767.1383056640625,1065.634033203125,765.7498168945312,952.2169189453125,827.9100952148438,1074.2781982421875,822.7529296875
1043.2069091796875,595.8590087890625,1039.24462890625,590.6920776367188,1042.638916015625,591.28857421875,1026.2784423828125,594.3656005859375,1045.0579833984375,594.90673828125,1014.039306640625,622.6213989257812,1058.2257080078125,625.0997924804688,989.1995849609375,655.436767578125,1078.859375,666.223876953125,964.9638671875,674.3717041015625,1091.305419921875,702.0391845703125,1021.8946533203125,699.7913818359375,1053.90576171875,700.6939697265625,995.568115234375,756.986083984375,1063.845703125,756.7840576171875,984.3092651367188,819.9107666015625,1075.2159423828125,816.881103515625
1047.4962158203125,587.487548828125,1043.656982421875,582.3479614257812,1047.555419921875,583.1448974609375,1031.4063720703125,587.0224609375,1053.40087890625,588.4580078125,1020.3389282226562,616.7216796875,1068.380859375,622.302734375,997.8291015625,647.1976928710938,1090.6864013671875,663.664794921875,973.4331665039062,663.7916259765625,1099.268310546875,694.782958984375,1034.31005859375,695.7267456054688,1066.7216796875,698.1216430664062,1009.7083740234375,750.0576171875,1064.0174560546875,752.5482788085938,1015.1921997070312,806.3798828125,1077.3485107421875,806.73876953125
1051.4478759765625,582.9437255859375,1047.75390625,578.8250122070312,1052.5128173828125,579.0213623046875,1038.1064453125,583.4564208984375,1061.5439453125,582.8211669921875,1031.95947265625,610.9183349609375,1075.81640625,609.5355224609375,1003.0130615234375,643.2836303710938,1095.939453125,645.5429077148438,978.22998046875,652.4560546875,1106.0772705078125,668.8717041015625,1049.41796875,688.600341796875,1077.2723388671875,687.8355712890625,1030.871337890625,752.1063232421875,1069.3035888671875,749.4296875,1047.0323486328125,814.3793334960938,1086.75830078125,805.8939208984375
1057.6304931640625,581.255615234375,1054.8779296875,577.5533447265625,1058.6337890625,577.578857421875,1046.91455078125,582.6817626953125,1067.813232421875,581.8477783203125,1040.791748046875,608.5902099609375,1080.049560546875,607.024169921875,1012.679443359375,637.9259643554688,1097.1904296875,639.904052734375,989.4658813476562,645.1699829101562,1106.4859619140625,662.2685546875,1056.798095703125,683.7003784179688,1080.899169921875,682.98095703125,1042.2183837890625,748.8912353515625,1071.88037109375,746.150634765625,1063.7919921875,807.6923217773438,1090.697021484375,798.8131713867188
1062.471923828125,581.665283203125,1061.22265625,578.0956420898438,1064.8184814453125,578.07080078125,1056.483154296875,583.8798828125,1078.1390380859375,583.7971801757812,1048.1326904296875,609.6454467773438,1090.31298828125,612.7031860351562,1020.9310913085938,636.4002075195312,1110.4859619140625,648.9542236328125,1004.3028564453125,640.0004272460938,1123.038818359375,673.696044921875,1064.08251953125,683.7611083984375,1089.7174072265625,685.4893798828125,1052.75732421875,745.26025390625,1080.3385009765625,745.83154296875,1075.956787109375,799.6975708007812,1098.400146484375,796.2305908203125
1093.35986328125,582.2357177734375,1087.6024169921875,577.2073364257812,1091.3895263671875,577.2214965820312,1067.40771484375,584.146484375,1091.916259765625,582.1591186523438,1054.554443359375,615.8234252929688,1106.390380859375,613.0672607421875,1028.314453125,633.0916748046875,1121.513427734375,652.2459716796875,1018.4024658203125,616.0386352539062,1125.66650390625,682.098388671875,1071.3673095703125,691.080078125,1105.05810546875,688.5317993164062,1061.7763671875,753.1898193359375,1096.378173828125,744.8992309570312,1083.828369140625,809.2194213867188,1112.985107421875,792.2257690429688
1091.7677001953125,581.7137451171875,1088.484375,577.4005126953125,1090.4034423828125,577.0853271484375,1076.25634765625,584.2293701171875,1095.08984375,581.6016845703125,1064.9510498046875,615.4296875,1109.54052734375,611.0430908203125,1032.7705078125,628.1092529296875,1129.01318359375,649.217529296875,1015.69140625,607.2706298828125,1146.7947998046875,685.0880737304688,1080.6785888671875,690.4620361328125,1109.550048828125,686.7724609375,1069.6934814453125,748.04345703125,1109.4969482421875,737.5550537109375,1087.572265625,802.9417724609375,1131.92236328125,781.2860107421875
1103.001220703125,588.657470703125,1098.726318359375,583.5318603515625,1102.1771240234375,583.43505859375,1084.360595703125,589.1000366210938,1106.991455078125,586.7780151367188,1075.121826171875,618.4987182617188,1119.2418212890625,612.6773071289062,1061.5009765625,646.519287109375,1136.41455078125,646.97021484375,1066.6466064453125,632.8534545898438,1147.68359375,661.1267700195312,1085.43212890625,683.5615844726562,1115.873046875,680.888916015625,1083.557861328125,740.280517578125,1127.623046875,732.05908203125,1091.151123046875,798.9080200195312,1141.82373046875,783.1168212890625
1115.3643798828125,583.0606689453125,1111.44287109375,578.47998046875,1115.107666015625,578.4239501953125,1098.1015625,585.5922241210938,1120.8502197265625,583.8349609375,1089.0965576171875,618.0630493164062,1130.5849609375,612.7064208984375,1089.44677734375,647.2382202148438,1145.908447265625,643.73828125,1107.4285888671875,647.538818359375,1162.21728515625,662.3914184570312,1094.2171630859375,685.11572265625,1124.860595703125,682.9218139648438,1086.86181640625,735.8838500976562,1138.4647216796875,729.2247924804688,1093.153564453125,789.5909423828125,1156.676025390625,777.6934814453125
1128.3233642578125,580.5000610351562,1125.65283203125,576.3071899414062,1128.74267578125,577.0283203125,1114.7061767578125,582.254638671875,1135.7908935546875,583.7500610351562,1099.5736083984375,607.9577026367188,1144.354736328125,612.89306640625,1075.45263671875,627.6318359375,1158.4674072265625,646.7642822265625,1069.543701171875,618.0643310546875,1165.813720703125,663.5827026367188,1098.288330078125,676.7520141601562,1130.581787109375,679.0247802734375,1095.9036865234375,723.124267578125,1154.0830078125,723.6153564453125,1090.2344970703125,778.2947387695312,1165.34326171875,776.5880126953125
1138.4732666015625,581.3524169921875,1136.228759765625,576.906005859375,1138.910888671875,577.3189697265625,1126.5927734375,582.282958984375,1146.301513671875,582.7255859375,1111.062255859375,609.7689208984375,1155.7598876953125,612.1543579101562,1072.7939453125,621.4939575195312,1166.556396484375,645.511962890625,1054.177490234375,604.77490234375,1179.826171875,672.389892578125,1110.6636962890625,682.3818359375,1142.505859375,682.251220703125,1095.9656982421875,727.17041015625,1159.112548828125,722.952880859375,1092.505126953125,780.7950439453125,1178.8148193359375,769.4412841796875
1152.269775390625,585.039306640625,1149.5885009765625,580.4447631835938,1153.1385498046875,580.61474609375,1135.3760986328125,584.6798095703125,1154.26416015625,585.5867919921875,1114.9169921875,610.57177734375,1159.552734375,614.0931396484375,1078.905517578125,625.65380859375,1174.405029296875,644.4995727539062,1067.4517822265625,614.6298828125,1192.8475341796875,665.0802001953125,1113.56787109375,681.03271484375,1145.1993408203125,681.6434326171875,1101.31103515625,722.8013305664062,1165.61474609375,719.6136474609375,1093.1583251953125,774.978759765625,1183.9959716796875,765.666015625
1167.9764404296875,590.377197265625,1163.220458984375,585.3465576171875,1166.6435546875,586.0670166015625,1145.041015625,589.286376953125,1166.515380859375,590.0242309570312,1129.875244140625,613.3251953125,1173.307861328125,615.6868896484375,1094.5838623046875,623.1741943359375,1184.8756103515625,646.2127075195312,1073.8607177734375,609.865478515625,1189.772216796875,667.9927368164062,1124.750732421875,681.7342529296875,1156.71044921875,681.874755859375,1109.423095703125,728.2572021484375,1178.081298828125,725.0086669921875,1096.882568359375,778.8220825195312,1198.1715087890625,770.325439453125
1176.1641845703125,598.2120361328125,1172.12841796875,593.3428955078125,1175.885986328125,594.2898559570312,1157.2559814453125,595.4818115234375,1179.99658203125,597.5095825195312,1143.331298828125,615.7779541015625,1187.5677490234375,621.4461059570312,1104.708740234375,624.8801879882812,1195.2938232421875,652.291748046875,1076.450439453125,605.1018676757812,1189.6845703125,661.2098388671875,1137.2691650390625,684.2979736328125,1169.8990478515625,685.5701293945312,1114.734375,727.9912109375,1185.124755859375,727.8329467773438,1101.1650390625,776.171875,1201.70361328125,771.6785888671875
1183.5035400390625,602.1298828125,1180.909423828125,597.180419921875,1183.2896728515625,597.8642578125,1168.8795166015625,599.4888916015625,1190.2320556640625,601.05859375,1154.37548828125,618.9736328125,1195.900146484375,624.6336669921875,1113.3232421875,622.3838500976562,1193.741455078125,654.348388671875,1084.7056884765625,603.7767944335938,1177.656982421875,672.1571044921875,1145.832763671875,684.3177490234375,1177.4910888671875,685.251953125,1122.7052001953125,727.435791015625,1191.6219482421875,727.2496337890625,1106.5867919921875,772.44580078125,1208.0528564453125,768.1668090820312
1190.5567626953125,606.05029296875,1187.8367919921875,600.937255859375,1189.8642578125,602.0388793945312,1174.4271240234375,602.415283203125,1193.72802734375,605.4829711914062,1158.277099609375,619.2691650390625,1198.0408935546875,628.3582763671875,1118.39990234375,618.4010009765625,1197.32861328125,655.3555297851562,1091.986572265625,601.9271240234375,1183.9097900390625,671.3074340820312,1148.5164794921875,682.3432006835938,1178.5902099609375,684.95068359375,1126.2398681640625,724.22314453125,1192.98193359375,726.697021484375,1110.4425048828125,763.8715209960938,1207.440185546875,763.9395751953125
1189.763916015625,605.2650146484375,1187.84521484375,600.0928955078125,1189.863037109375,601.219970703125,1176.9959716796875,601.4873657226562,1196.007080078125,605.2033081054688,1160.614990234375,617.2064819335938,1201.5633544921875,629.783203125,1119.0498046875,613.2908325195312,1202.581787109375,658.434326171875,1085.3311767578125,604.2100830078125,1187.31787109375,681.4819946289062,1153.6258544921875,679.9217529296875,1183.3892822265625,683.9439697265625,1130.074462890625,717.371337890625,1193.560302734375,722.8518676757812,1117.74560546875,752.7769775390625,1206.349609375,757.4470825195312
1187.5987548828125,602.802001953125,1186.183349609375,597.75341796875,1188.42529296875,599.396728515625,1177.92822265625,598.8513793945312,1197.2095947265625,604.3184204101562,1161.25244140625,614.5685424804688,1203.20263671875,632.3270263671875,1119.2852783203125,612.5021362304688,1203.98828125,675.398681640625,1090.5162353515625,603.5728759765625,1200.022705078125,713.4269409179688,1154.06591796875,678.4512329101562,1184.3331298828125,684.3564453125,1127.368896484375,714.7431640625,1189.9366455078125,721.609130859375,1119.358642578125,749.7432861328125,1206.0093994140625,755.3926391601562
1188.8973388671875,596.0882568359375,1186.0001220703125,591.1240844726562,1189.2933349609375,592.6903076171875,1173.7037353515625,593.037109375,1195.6278076171875,597.7305297851562,1156.251953125,611.356201171875,1201.922607421875,625.15673828125,1114.3333740234375,614.4668579101562,1204.0875244140625,666.6978759765625,1086.283203125,607.6024169921875,1202.0899658203125,703.6035766601562,1148.69140625,674.744140625,1181.3427734375,679.0387573242188,1125.0628662109375,716.333984375,1190.00732421875,720.5285034179688,1118.21630859375,753.4425048828125,1206.194091796875,755.609619140625
1183.3692626953125,587.4269409179688,1180.2088623046875,583.205810546875,1185.201171875,583.9805908203125,1164.4056396484375,585.1781005859375,1187.893310546875,588.5889282226562,1140.88427734375,602.2891235351562,1191.3948974609375,616.5916748046875,1115.00927734375,622.8670654296875,1199.354248046875,658.6767578125,1100.4984130859375,634.236083984375,1199.3076171875,694.4346313476562,1134.808349609375,666.0183715820312,1172.0072021484375,672.45556640625,1117.6593017578125,711.288818359375,1189.133056640625,719.0723876953125,1108.5806884765625,754.9346923828125,1203.6829833984375,764.570556640625
1173.7489013671875,580.989013671875,1170.947509765625,576.4771728515625,1176.2105712890625,577.38720703125,1156.94921875,577.267333984375,1181.5570068359375,581.1534423828125,1134.061279296875,594.557373046875,1185.8682861328125,609.3491821289062,1106.829833984375,618.19775390625,1197.5155029296875,654.14453125,1092.404052734375,635.392333984375,1203.0086669921875,693.7167358398438,1129.421142578125,660.71826171875,1167.490478515625,667.3712158203125,1110.561767578125,707.6756591796875,1183.710205078125,716.0402221679688,1104.26123046875,752.03173828125,1203.443359375,763.209228515625
1167.926025390625,572.3941650390625,1165.2314453125,567.328125,1168.979248046875,567.5621948242188,1152.2789306640625,569.28173828125,1176.2645263671875,570.2279052734375,1134.2867431640625,594.1708374023438,1183.901123046875,597.852783203125,1110.052490234375,620.9258422851562,1194.15625,645.3765869140625,1104.3232421875,634.9013671875,1203.275390625,693.0458984375,1125.222412109375,661.4609375,1161.6280517578125,662.24853515625,1103.2481689453125,713.2284545898438,1174.3746337890625,712.2658081054688,1101.944580078125,766.4397583007812,1196.1514892578125,764.0044555664062
1158.485107421875,564.217041015625,1155.614013671875,559.399658203125,1159.75390625,559.783935546875,1142.3480224609375,563.1876220703125,1165.3890380859375,564.3887939453125,1123.580810546875,589.0855712890625,1173.445556640625,595.4526977539062,1101.1497802734375,621.6930541992188,1189.4359130859375,640.2593994140625,1091.82373046875,646.244873046875,1200.0401611328125,685.6534423828125,1124.185302734375,656.5196533203125,1161.67919921875,659.2928466796875,1099.3875732421875,709.2054443359375,1173.92333984375,711.7362060546875,1089.615966796875,763.497802734375,1193.9046630859375,766.2562866210938
1143.682373046875,561.0156860351562,1142.1146240234375,556.0869750976562,1145.523681640625,556.3523559570312,1134.510009765625,560.4237060546875,1155.4200439453125,561.324951171875,1118.80078125,590.1187744140625,1165.4251708984375,593.5363159179688,1096.0865478515625,625.8820190429688,1175.0499267578125,637.4998779296875,1086.176513671875,650.2796630859375,1185.8046875,678.931884765625,1120.6358642578125,657.261474609375,1156.364501953125,658.3993530273438,1091.322021484375,705.0213623046875,1168.1260986328125,705.8838500976562,1080.1162109375,761.3873291015625,1185.98828125,761.9833984375
1134.26611328125,559.7052001953125,1132.44580078125,554.6102905273438,1136.154541015625,554.6902465820312,1125.055419921875,558.7471923828125,1147.3704833984375,558.8438110351562,1111.0767822265625,589.7448120117188,1159.10107421875,591.1766357421875,1091.9169921875,630.1985473632812,1170.36962890625,635.9258422851562,1082.9927978515625,660.3748779296875,1179.7347412109375,678.5252685546875,1116.127685546875,659.2158203125,1152.965087890625,659.6640014648438,1084.0916748046875,712.0262451171875,1161.2288818359375,712.5523681640625,1069.286376953125,769.189208984375,1175.156982421875,770.2021484375
1121.6446533203125,562.18505859375,1120.36572265625,557.2633666992188,1124.6146240234375,557.3103637695312,1115.589599609375,561.5565185546875,1139.12060546875,561.8887329101562,1102.955078125,590.7479248046875,1152.858642578125,595.7320556640625,1084.408203125,628.85009765625,1168.8316650390625,642.5265502929688,1067.617919921875,659.447509765625,1172.920654296875,684.8194580078125,1109.935302734375,660.5800170898438,1148.541259765625,662.6986694335938,1076.9202880859375,709.2803344726562,1159.3421630859375,713.1826782226562,1064.0281982421875,763.7817993164062,1180.19775390625,770.5828857421875
1103.333984375,561.32861328125,1103.37451171875,556.4345703125,1106.273681640625,556.2732543945312,1104.3302001953125,560.436279296875,1124.9334716796875,560.3230590820312,1094.8487548828125,592.4236450195312,1142.2880859375,592.91064453125,1069.7613525390625,625.3421020507812,1157.9981689453125,638.0997314453125,1053.801025390625,650.0557250976562,1165.290283203125,681.32080078125,1099.6103515625,665.9561767578125,1136.1536865234375,664.7635498046875,1072.552490234375,718.59326171875,1156.179931640625,716.971435546875,1057.7369384765625,775.0167846679688,1176.8299560546875,771.2598266601562
1098.5260009765625,565.2327270507812,1097.49853515625,560.3834228515625,1100.566650390625,560.2418212890625,1094.6611328125,563.94970703125,1115.6719970703125,563.3927001953125,1084.643798828125,595.5712280273438,1131.75244140625,593.6920776367188,1058.5963134765625,630.649658203125,1148.2637939453125,638.2412109375,1042.3516845703125,656.3040161132812,1158.9300537109375,683.4083862304688,1091.5238037109375,668.017578125,1127.9906005859375,665.9910278320312,1066.40380859375,721.3074951171875,1151.0020751953125,717.4556274414062,1054.300537109375,776.22265625,1175.787109375,768.1607666015625
1078.493896484375,562.4420166015625,1078.655517578125,557.9234619140625,1082.2271728515625,557.5262451171875,1080.3687744140625,563.7869873046875,1102.13427734375,562.69580078125,1070.145751953125,595.1905517578125,1122.153076171875,595.6396484375,1048.7711181640625,635.098876953125,1143.863525390625,641.8623657226562,1030.547119140625,669.1654663085938,1155.157958984375,688.2236328125,1082.8087158203125,665.4998779296875,1122.7943115234375,665.2057495117188,1058.903076171875,717.6954345703125,1147.334716796875,717.3849487304688,1053.9708251953125,774.130615234375,1180.620361328125,773.0553588867188
1077.471435546875,559.9151000976562,1075.599853515625,554.9005737304688,1079.404296875,554.9248657226562,1069.1002197265625,560.1263427734375,1092.797119140625,559.7344970703125,1056.82080078125,592.0318603515625,1109.98193359375,592.4076538085938,1040.0294189453125,632.5140380859375,1130.4532470703125,637.7799682617188,1031.0718994140625,667.5524291992188,1141.795166015625,683.464111328125,1072.40625,663.3115234375,1113.6038818359375,663.3658447265625,1050.79248046875,715.6803588867188,1138.4110107421875,714.8072509765625,1049.344970703125,772.0411376953125,1173.2220458984375,769.500732421875
1059.87646484375,557.177734375,1059.555419921875,552.490478515625,1062.932861328125,551.9170532226562,1057.37890625,558.4055786132812,1080.5518798828125,556.7408447265625,1044.541259765625,590.2561645507812,1098.894775390625,589.478515625,1026.8946533203125,627.6498413085938,1119.0107421875,631.6265869140625,1018.8067626953125,658.792236328125,1128.2918701171875,675.5880126953125,1059.80810546875,659.662109375,1100.337646484375,659.2530517578125,1041.474853515625,712.96044921875,1118.18603515625,712.239013671875,1043.2255859375,769.157958984375,1146.831298828125,768.6912841796875
1054.150634765625,553.8327026367188,1052.4620361328125,549.3110961914062,1056.3690185546875,549.4276123046875,1046.4925537109375,555.2491455078125,1069.240966796875,555.6658325195312,1033.3861083984375,585.3558349609375,1085.2587890625,588.3984985351562,1020.191650390625,623.1199951171875,1105.84130859375,632.5211181640625,1016.243408203125,652.093505859375,1119.2769775390625,672.3535766601562,1047.9937744140625,654.574462890625,1084.9326171875,656.2030029296875,1040.0460205078125,707.2872924804688,1099.817626953125,708.2183837890625,1044.27783203125,765.720703125,1119.790283203125,764.6068115234375
1036.5804443359375,556.5927734375,1036.5078125,551.875,1040.1204833984375,551.5198364257812,1037.794189453125,555.6555786132812,1059.8900146484375,554.7730712890625,1028.4796142578125,583.3389282226562,1078.4134521484375,584.0986938476562,1014.6048583984375,621.1324462890625,1096.365478515625,625.8441162109375,1007.2487182617188,653.4208374023438,1103.887451171875,665.71533203125,1041.74169921875,650.255615234375,1076.228515625,650.6856079101562,1034.9996337890625,704.7619018554688,1080.431396484375,705.603759765625,1042.19482421875,761.822509765625,1094.92626953125,762.0054931640625
1028.104736328125,556.38330078125,1027.8988037109375,551.569580078125,1031.887939453125,551.0767211914062,1029.0726318359375,555.26123046875,1052.264404296875,554.0313720703125,1021.8045043945312,583.3628540039062,1070.8651123046875,584.7381591796875,1006.391845703125,623.6094360351562,1089.311767578125,628.7109985351562,988.2962036132812,658.3212280273438,1090.192626953125,667.2987060546875,1036.0614013671875,653.7130126953125,1067.8582763671875,654.2122802734375,1024.09619140625,708.4234619140625,1055.27197265625,710.955078125,1036.683349609375,764.9793701171875,1061.9375,768.9071044921875
1023.0911865234375,555.50732421875,1022.5021362304688,550.5565185546875,1026.015380859375,550.27294921875,1019.9091796875,555.1205444335938,1043.160400390625,554.7794189453125,1009.3482666015625,584.1516723632812,1060.4737548828125,587.6746826171875,998.5616455078125,626.7501220703125,1078.859375,632.8011474609375,985.37158203125,666.1871948242188,1076.0010986328125,669.2716064453125,1023.9869384765625,651.978271484375,1057.031494140625,653.53125,1010.07763671875,707.8046875,1039.2099609375,712.7131958007812,1021.0458984375,763.7513427734375,1038.9158935546875,772.6041259765625
1002.100830078125,558.8864135742188,1003.869140625,554.3226318359375,1006.4599609375,553.4730224609375,1008.849609375,559.4125366210938,1029.24169921875,557.9747924804688,1000.8239135742188,587.0587158203125,1048.356689453125,591.3609008789062,990.5047607421875,628.8902587890625,1064.833251953125,638.321044921875,977.6632690429688,664.3599853515625,1057.325439453125,674.57763671875,1017.880126953125,657.4556884765625,1048.894775390625,659.271484375,996.4649658203125,712.2743530273438,1027.067138671875,718.1401977539062,1002.6800537109375,770.5050048828125,1027.544921875,780.6650390625
999.024169921875,564.8644409179688,998.7991943359375,559.8465576171875,1001.9481201171875,559.7760009765625,998.767333984375,564.090576171875,1020.863525390625,564.1846923828125,990.7108154296875,591.5341186523438,1040.4993896484375,596.6644287109375,985.6301879882812,637.4427490234375,1057.9937744140625,644.8184814453125,973.968017578125,681.7615966796875,1048.70458984375,679.911376953125,1008.3050537109375,661.2227172851562,1041.96630859375,663.41259765625,981.794921875,719.8209228515625,1022.5712890625,726.6620483398438,981.0243530273438,779.692138671875,1020.938720703125,791.225830078125
989.7457275390625,571.4818115234375,989.3706665039062,566.4417724609375,993.1329345703125,566.043701171875,990.5568237304688,570.6475830078125,1013.4525146484375,569.60986328125,985.2171630859375,600.4274291992188,1031.8349609375,602.3828125,976.837646484375,645.8290405273438,1045.58740234375,647.2842407226562,958.38037109375,682.3712158203125,1036.554443359375,675.595703125,999.1854248046875,669.7211303710938,1032.1728515625,670.3990478515625,964.8055419921875,727.3351440429688,1017.5281982421875,732.3905029296875,953.3857421875,788.3721923828125,1015.3134155273438,797.1322631835938
976.5416259765625,580.0081176757812,976.887451171875,575.2294311523438,980.8609619140625,574.4246215820312,980.4581298828125,579.4871826171875,1003.17626953125,577.7899169921875,976.6246337890625,608.9714965820312,1023.31005859375,611.2142944335938,969.5201416015625,653.175048828125,1040.2308349609375,654.6474609375,949.146728515625,689.1419677734375,1030.7755126953125,680.1258544921875,991.9423828125,679.9122314453125,1026.3154296875,680.6728515625,945.9102172851562,735.3103637695312,1010.3223876953125,741.2783203125,929.5528564453125,792.66796875,1012.2781982421875,803.4951782226562
966.9585571289062,583.8447265625,967.1280517578125,579.0939331054688,970.6862182617188,578.5742797851562,970.2723388671875,584.0276489257812,991.677978515625,582.9638061523438,966.4923706054688,613.7457885742188,1012.331298828125,616.0906982421875,958.409423828125,657.699951171875,1027.103515625,659.3361206054688,938.7756958007812,692.443603515625,1018.5148315429688,684.3052978515625,979.546875,683.65673828125,1014.45263671875,684.4603881835938,932.2457275390625,740.421875,1005.72314453125,745.904296875,911.551025390625,795.10302734375,1008.2733764648438,804.5729370117188
960.1632080078125,587.1724853515625,959.4351196289062,582.1847534179688,962.7877807617188,581.71435546875,959.763427734375,587.0025634765625,983.5138549804688,585.1466064453125,956.7576904296875,618.777099609375,1003.964599609375,617.021240234375,939.302978515625,659.3524780273438,1016.7139892578125,662.1392822265625,918.3143920898438,692.2948608398438,1010.9075317382812,703.0306396484375,968.1099243164062,688.052490234375,1003.6159057617188,686.5758666992188,922.4476318359375,748.7305908203125,992.684326171875,748.283447265625,903.5498657226562,805.5323486328125,999.3099365234375,803.5560302734375
952.2786254882812,592.5480346679688,951.2781982421875,587.6443481445312,954.1865234375,587.2379150390625,949.7249755859375,593.0416870117188,972.556640625,591.1522216796875,945.4776611328125,625.87939453125,991.8312377929688,623.8847045898438,927.0650634765625,663.2986450195312,1005.8779296875,667.879638671875,908.2047729492188,690.3423461914062,1004.1611328125,708.2781982421875,957.3360595703125,695.8087158203125,992.9765625,694.343505859375,915.162841796875,753.382080078125,989.3915405273438,751.8690185546875,896.2633056640625,811.253173828125,1002.1865844726562,807.3114624023438
939.112060546875,595.9262084960938,938.756103515625,591.421630859375,941.49658203125,590.6849365234375,940.5362548828125,596.8204956054688,961.4716186523438,593.68115234375,938.9331665039062,630.096435546875,978.7691650390625,624.070556640625,917.2789306640625,666.9009399414062,995.1359252929688,665.8892211914062,898.2390747070312,692.20654296875,1001.8441772460938,707.46142578125,949.798828125,700.7310791015625,981.239990234375,696.754150390625,911.6846923828125,756.52392578125,984.4229736328125,750.7908325195312,891.9976806640625,815.1044921875,1003.8350830078125,803.693115234375
932.7808837890625,599.5182495117188,931.7320556640625,594.9361572265625,934.4635009765625,594.3216552734375,929.6141967773438,600.1686401367188,951.7827758789062,597.478759765625,924.984130859375,633.0135498046875,970.2711181640625,627.8515625,903.5897216796875,669.7503051757812,985.7586669921875,669.8986206054688,887.3270874023438,694.621826171875,989.9619140625,711.0527954101562,941.301025390625,700.9567260742188,976.498779296875,697.5663452148438,901.4053344726562,755.76806640625,978.7435302734375,750.3319091796875,888.488525390625,814.184814453125,1001.9880981445312,802.4716796875
925.362060546875,598.430908203125,923.6350708007812,593.8316650390625,926.513916015625,593.1253662109375,920.353759765625,599.2725219726562,942.5860595703125,595.8067626953125,916.9136352539062,632.6422119140625,962.3098754882812,626.312255859375,897.6304321289062,668.7122802734375,980.5123901367188,669.2250366210938,877.1943969726562,691.4046020507812,983.8929443359375,712.8397216796875,935.522705078125,701.8329467773438,970.8513793945312,697.9700927734375,897.5169067382812,756.158447265625,976.094970703125,749.6632690429688,886.318359375,815.7372436523438,1001.30615234375,802.46826171875
916.074462890625,598.1419677734375,915.2557373046875,593.0277709960938,918.13134765625,592.0391845703125,914.5515747070312,597.4742431640625,938.3084716796875,593.25390625,911.124755859375,630.135498046875,960.8863525390625,622.7371826171875,891.9776000976562,668.8208618164062,980.596923828125,666.3787841796875,877.084716796875,692.8471069335938,982.767333984375,713.4223022460938,930.039306640625,701.7149047851562,967.9923706054688,698.0562744140625,892.3313598632812,757.7817993164062,973.384033203125,751.6177368164062,882.3043212890625,817.269287109375,999.1876831054688,806.5035400390625
912.328857421875,595.599853515625,911.681396484375,590.47900390625,915.5260009765625,589.6015014648438,911.2294921875,594.7022705078125,935.5223388671875,591.2811889648438,906.64306640625,624.209716796875,956.442138671875,620.4739990234375,887.03515625,664.898193359375,977.8441162109375,664.737548828125,866.467529296875,695.6932983398438,978.3775634765625,706.793701171875,928.735595703125,696.1503295898438,965.7481689453125,694.11328125,895.26416015625,751.9237060546875,969.9570922851562,750.461669921875,890.3192138671875,808.2548828125,995.2091674804688,807.6725463867188
912.3428955078125,592.4119873046875,910.34228515625,587.1964721679688,914.0348510742188,586.4100952148438,905.7467041015625,590.0233154296875,930.5628662109375,586.6361083984375,899.1358642578125,620.74169921875,951.132080078125,614.3372802734375,878.2933959960938,660.818603515625,975.8366088867188,658.8302001953125,856.745849609375,688.4713134765625,979.23681640625,701.5255126953125,920.581787109375,694.1424560546875,958.962646484375,690.421630859375,894.7635498046875,752.3391723632812,972.0438232421875,746.51416015625,892.3311767578125,813.1206665039062,1000.5950317382812,801.0140991210938
911.3765258789062,592.4092407226562,909.4952392578125,587.0330810546875,912.81494140625,586.4349365234375,904.4727172851562,589.1614990234375,928.3575439453125,586.447509765625,896.8460083007812,618.4707641601562,948.2330932617188,613.062744140625,874.3443603515625,657.9856567382812,971.2626953125,657.1203002929688,853.577392578125,688.4464721679688,974.3623046875,701.6410522460938,917.048828125,689.66650390625,954.8486938476562,686.4030151367188,891.0272216796875,749.113525390625,966.8234252929688,743.8712158203125,889.1438598632812,810.1924438476562,994.3641357421875,799.0116577148438
906.53759765625,595.756103515625,904.7316284179688,590.6041870117188,908.3155517578125,589.8969116210938,900.993896484375,593.1602783203125,925.0087280273438,589.8721923828125,895.1456909179688,622.0015258789062,947.5541381835938,615.870849609375,873.475341796875,660.1459350585938,967.5704345703125,657.4073486328125,853.5240478515625,689.6383666992188,972.0281982421875,702.8541259765625,918.1357421875,688.4229736328125,956.8038330078125,684.9847412109375,883.3818359375,746.7454833984375,959.6511840820312,740.9891967773438,881.3930053710938,810.039794921875,984.60400390625,798.7164306640625
900.2489013671875,596.001953125,898.9674682617188,591.1821899414062,902.5380859375,590.342529296875,897.08203125,595.4005737304688,920.1060791015625,591.9952392578125,892.1102294921875,626.7188720703125,941.314208984375,620.2486572265625,873.802490234375,665.1275634765625,962.0904541015625,658.958740234375,855.201416015625,695.3323364257812,968.8731689453125,698.238525390625,913.949951171875,691.6832885742188,951.5835571289062,688.3382568359375,881.5697021484375,748.1980590820312,963.6406860351562,743.2381591796875,872.5145263671875,811.3983154296875,989.568115234375,802.3712768554688
897.2388916015625,600.9129028320312,896.2985229492188,595.9762573242188,900.249267578125,595.272705078125,896.034423828125,599.149169921875,918.85400390625,596.4591674804688,890.2142333984375,627.6593017578125,939.9878540039062,624.095458984375,875.741455078125,669.6611938476562,962.1842041015625,667.0888061523438,859.6907958984375,704.8974609375,969.9563598632812,708.7431640625,912.4077758789062,697.6412353515625,951.4846801757812,695.575927734375,876.370849609375,754.3729248046875,968.5025024414062,751.8365478515625,865.262451171875,818.484619140625,999.6117553710938,812.1319580078125
894.1845703125,608.1546630859375,893.9072265625,603.4971923828125,897.4242553710938,602.4940795898438,895.8336181640625,607.2030029296875,917.716552734375,603.5897216796875,890.5982666015625,636.3190307617188,938.8792724609375,630.614013671875,878.6394653320312,678.3506469726562,961.3090209960938,672.0606079101562,869.1604614257812,710.8681640625,971.1829833984375,713.3160400390625,909.5927124023438,703.9558715820312,948.5970458984375,700.8873291015625,873.4736328125,760.1531982421875,968.1239013671875,756.0243530273438,856.045166015625,822.0287475585938,997.545654296875,814.127197265625
900.6290283203125,613.6919555664062,898.798583984375,609.2470092773438,902.893310546875,608.3448486328125,895.7323608398438,614.2510375976562,920.4881591796875,610.4188232421875,891.4166259765625,645.907958984375,939.4534912109375,637.91943359375,878.9873046875,684.5494384765625,960.1097412109375,676.1829833984375,870.1187744140625,712.9129638671875,969.7911376953125,717.9774780273438,905.3271484375,709.2486572265625,944.6578369140625,705.4846801757812,869.256103515625,768.0692138671875,966.3740844726562,761.7885131835938,845.1535034179688,825.7450561523438,991.727783203125,814.8759765625
902.0051879882812,623.0884399414062,901.39892578125,618.5633544921875,905.203125,617.7262573242188,901.00341796875,621.2567138671875,923.730712890625,618.6414794921875,894.9406127929688,649.68798828125,939.5652465820312,644.2597045898438,880.543212890625,687.6988525390625,958.9771728515625,682.3237915039062,872.4371337890625,718.8306884765625,969.0140991210938,719.0323486328125,902.5896606445312,716.75048828125,940.182373046875,713.5411376953125,868.75927734375,769.63720703125,968.405517578125,765.1771240234375,845.6158447265625,823.7244873046875,998.54052734375,815.08740234375
917.2078857421875,628.0216064453125,914.4428100585938,623.14501953125,918.6242065429688,622.7447509765625,906.7556762695312,627.1503295898438,931.8206176757812,624.9100952148438,897.2078857421875,659.065185546875,947.4585571289062,652.4676513671875,880.478759765625,697.4053344726562,969.4546508789062,688.9488525390625,873.1585693359375,723.3350219726562,979.1109619140625,720.5421142578125,902.569091796875,728.558837890625,943.9075927734375,724.915283203125,871.89501953125,771.4241943359375,974.6867065429688,765.5689086914062,845.7046508789062,823.879150390625,1002.573486328125,812.699462890625
921.2528686523438,627.2095947265625,919.9473266601562,622.656982421875,924.0380859375,622.0775146484375,917.6077880859375,626.4732055664062,940.6600341796875,624.3514404296875,908.8187255859375,656.6448974609375,956.0982666015625,651.703125,886.4915771484375,689.4564208984375,978.7445068359375,686.7811279296875,873.2052612304688,706.4335327148438,991.6302490234375,713.8380126953125,910.0310668945312,728.46728515625,948.6513671875,725.20361328125,878.50830078125,770.179443359375,979.591552734375,765.4634399414062,846.787841796875,824.509033203125,1002.8160400390625,815.5692138671875
934.89404296875,620.3012084960938,933.4140014648438,615.4478759765625,937.4864501953125,614.9716796875,929.822998046875,619.6043701171875,953.4793701171875,618.1409912109375,920.4428100585938,650.0974731445312,968.7593994140625,649.5894775390625,894.3026733398438,682.6419677734375,991.7532348632812,691.3929443359375,866.0538330078125,693.272705078125,992.2734375,714.8120727539062,922.3665771484375,725.078857421875,961.2471923828125,723.5112915039062,887.9339599609375,768.3744506835938,990.240966796875,767.3135375976562,850.814208984375,822.65673828125,1008.1822509765625,818.9332275390625
943.4388427734375,611.2149658203125,942.4443359375,606.3432006835938,946.6400756835938,605.6142578125,941.8333740234375,610.458984375,965.9892578125,608.1835327148438,934.737548828125,641.517578125,983.3057861328125,638.48681640625,907.8773193359375,672.9343872070312,1006.93408203125,676.2764892578125,879.9150390625,684.0911254882812,1007.8154296875,698.7853393554688,933.9127197265625,718.7415771484375,971.73779296875,715.7599487304688,898.6622314453125,765.2833251953125,993.3994140625,762.6497802734375,858.5692749023438,819.818603515625,1003.349853515625,813.9996337890625
960.980712890625,604.5880126953125,959.404052734375,599.8734741210938,963.11083984375,600.1429443359375,954.9779052734375,603.8439331054688,975.6168823242188,604.4386596679688,942.7159423828125,630.8526000976562,992.6255493164062,633.775390625,909.3126220703125,658.40869140625,1014.7291259765625,668.3079223632812,882.1536865234375,662.381591796875,1026.083984375,683.0445556640625,947.9627685546875,707.9556884765625,984.825439453125,708.86669921875,912.3228149414062,754.3487548828125,1001.045166015625,756.4191284179688,880.02490234375,808.5533447265625,1002.057861328125,810.913330078125
974.138671875,603.5296630859375,972.3582763671875,598.7100830078125,976.15576171875,598.8004150390625,965.0028076171875,601.7256469726562,986.9356689453125,602.903076171875,950.104736328125,628.5497436523438,1003.2491455078125,634.5701293945312,919.697509765625,649.3309326171875,1033.438232421875,669.3492431640625,890.0465698242188,653.1435546875,1040.240478515625,682.235595703125,957.6575317382812,709.3097534179688,994.9757080078125,710.9407958984375,925.1588134765625,749.8258056640625,1003.3690185546875,753.83203125,910.5481567382812,802.8323364257812,1014.5092163085938,807.39208984375
985.4918212890625,599.8992309570312,983.071533203125,595.1048583984375,987.281494140625,595.9232788085938,973.4163818359375,598.7244262695312,996.548828125,601.6580810546875,959.6612548828125,622.1109008789062,1011.0970458984375,632.841796875,928.8494873046875,634.5770874023438,1040.552978515625,660.1630249023438,901.2233276367188,634.3268432617188,1045.860107421875,668.92724609375,972.870361328125,703.6309204101562,1008.40478515625,707.8146362304688,935.6534423828125,744.8258056640625,1010.6246337890625,751.498046875,931.6776123046875,797.1377563476562,1031.1995849609375,804.4725952148438
993.6885986328125,597.563720703125,993.3936767578125,593.476806640625,995.283447265625,593.088623046875,990.6527099609375,598.703369140625,1008.4295654296875,597.22509765625,979.2584228515625,627.3546142578125,1026.0850830078125,623.82763671875,939.0762939453125,642.56787109375,1048.635498046875,650.1110229492188,918.50048828125,623.7644653320312,1069.11669921875,661.761962890625,983.9920654296875,702.9505615234375,1017.0668334960938,700.2332153320312,948.438720703125,751.3341064453125,1022.6885986328125,745.1956787109375,943.2225952148438,803.461181640625,1047.2763671875,791.4825439453125
1020.216064453125,595.07763671875,1017.7294921875,590.4267578125,1019.0267333984375,590.5230712890625,1006.4212646484375,596.4515991210938,1021.0790405273438,595.8065185546875,993.43896484375,627.3016357421875,1033.7054443359375,622.4100341796875,956.7156372070312,638.00390625,1059.5029296875,640.4736328125,936.781982421875,626.3671875,1082.4061279296875,652.6693115234375,995.12548828125,699.8342895507812,1026.194091796875,695.9939575195312,960.5784301757812,746.9544677734375,1048.314453125,738.19384765625,949.186279296875,800.63134765625,1083.7918701171875,782.823486328125
1031.30810546875,598.3839111328125,1029.0487060546875,593.66015625,1031.3779296875,593.5655517578125,1019.8397827148438,599.0159912109375,1038.14111328125,598.1549072265625,1007.4581909179688,629.19189453125,1051.76708984375,624.64501953125,971.3231201171875,637.687744140625,1077.481201171875,641.787841796875,948.584228515625,623.2392578125,1093.12744140625,651.9534912109375,1004.7169189453125,703.2694091796875,1039.4432373046875,699.3230590820312,969.9263305664062,747.3798828125,1067.0185546875,739.4957885742188,952.58740234375,797.8206787109375,1102.18896484375,782.2393798828125
1045.3594970703125,597.4315795898438,1043.62841796875,592.480712890625,1045.9920654296875,592.3994140625,1035.5147705078125,597.708251953125,1053.7139892578125,597.3945922851562,1022.0986328125,627.4801025390625,1066.3126220703125,623.8187866210938,980.7958374023438,630.14404296875,1088.975341796875,634.3582763671875,954.4843139648438,616.314697265625,1101.4940185546875,642.08837890625,1013.736328125,702.03466796875,1047.833740234375,698.2177734375,976.2379150390625,748.6012573242188,1073.15087890625,741.70751953125,954.6190185546875,796.933837890625,1103.712646484375,783.13720703125
1068.6259765625,600.642822265625,1063.796630859375,596.005126953125,1067.175048828125,597.000244140625,1045.11572265625,600.7142944335938,1065.3909912109375,602.4266357421875,1031.702880859375,626.4505615234375,1072.044921875,626.6298217773438,1009.9879760742188,637.2406005859375,1088.365478515625,639.1158447265625,1013.7980346679688,617.47705078125,1100.501220703125,629.0194702148438,1022.8203125,698.4326171875,1056.8648681640625,698.660400390625,990.9248657226562,743.0445556640625,1090.5457763671875,740.6533813476562,968.2686767578125,789.1971435546875,1119.232421875,784.5096435546875
1073.2996826171875,602.8297119140625,1070.227783203125,598.8151245117188,1073.9552001953125,599.0880126953125,1058.1737060546875,603.9313354492188,1076.5213623046875,604.5296630859375,1043.403076171875,630.395263671875,1087.0677490234375,627.8893432617188,1002.6016845703125,638.8994750976562,1111.7236328125,629.6322021484375,971.6127319335938,633.5443725585938,1126.6343994140625,618.083251953125,1037.77099609375,701.8335571289062,1070.681396484375,700.3660888671875,1003.123046875,740.229736328125,1100.8638916015625,738.4686279296875,976.4293212890625,789.74951171875,1119.2086181640625,786.8487548828125
1089.1822509765625,606.4946899414062,1085.683349609375,602.0502319335938,1088.5355224609375,602.601806640625,1070.7822265625,606.0286865234375,1086.496826171875,607.62646484375,1053.385498046875,631.4532470703125,1094.4730224609375,630.5256958007812,1016.2706909179688,638.677001953125,1120.8985595703125,636.6519775390625,995.185546875,630.8150024414062,1139.9072265625,629.529541015625,1044.157470703125,699.8763427734375,1075.8309326171875,698.659912109375,1021.1666259765625,739.294189453125,1111.8541259765625,736.5866088867188,992.7174682617188,782.375244140625,1130.7589111328125,776.16845703125
1096.095947265625,605.7091674804688,1092.7738037109375,601.1005859375,1095.8695068359375,601.4887084960938,1078.4788818359375,604.8021240234375,1095.2275390625,606.3975830078125,1061.3096923828125,630.3070068359375,1104.8829345703125,631.9310302734375,1023.0931396484375,640.01416015625,1132.738525390625,642.5526733398438,986.3336791992188,640.84912109375,1140.95068359375,639.089111328125,1053.917724609375,701.2615966796875,1086.466064453125,701.01904296875,1024.2607421875,740.6292724609375,1115.302001953125,741.2396850585938,995.49951171875,784.7854614257812,1131.2554931640625,783.6336669921875
1087.3167724609375,603.3433837890625,1086.4376220703125,599.4962768554688,1090.5008544921875,599.1668090820312,1081.236328125,602.83935546875,1099.629150390625,603.2825927734375,1065.6346435546875,626.5167846679688,1110.374267578125,627.044189453125,1025.9169921875,644.8387451171875,1139.264404296875,640.5238037109375,994.0516357421875,658.5169677734375,1156.3511962890625,642.2301025390625,1059.75537109375,694.2734375,1092.2076416015625,693.7431640625,1026.915283203125,737.44921875,1114.736328125,738.889404296875,1001.3404541015625,782.6687622070312,1130.78076171875,783.824951171875
1090.586669921875,599.3505249023438,1089.370849609375,595.914794921875,1094.0828857421875,595.9063720703125,1082.6109619140625,599.2702026367188,1103.342041015625,600.8014526367188,1066.404296875,621.171875,1113.5655517578125,626.838623046875,1032.194580078125,642.5545654296875,1144.71533203125,651.58056640625,1003.8160400390625,655.4901123046875,1165.1424560546875,662.0548706054688,1064.292724609375,691.4990234375,1098.1072998046875,693.7919311523438,1028.732421875,733.0084228515625,1113.3287353515625,738.2320556640625,1008.94775390625,777.9006958007812,1126.9234619140625,786.55810546875
1092.3043212890625,596.5406494140625,1090.5927734375,592.87109375,1095.61767578125,592.9771728515625,1083.330810546875,596.5125732421875,1105.3355712890625,597.8282470703125,1067.881591796875,619.8363037109375,1116.073486328125,625.7824096679688,1035.5606689453125,644.568359375,1142.094970703125,657.8201904296875,1007.812255859375,659.2052001953125,1160.062255859375,680.5258178710938,1065.972900390625,691.2109375,1101.0047607421875,693.5469970703125,1027.548583984375,733.0464477539062,1112.2998046875,737.325927734375,1009.1310424804688,778.6777954101562,1126.649658203125,784.6649169921875
1098.4837646484375,591.60888671875,1095.357666015625,587.3114013671875,1099.7340087890625,588.063720703125,1082.727294921875,591.1734619140625,1103.3526611328125,593.6917724609375,1065.3115234375,616.1029663085938,1113.9677734375,624.735107421875,1036.376220703125,643.0140380859375,1137.32080078125,662.7098388671875,1010.4947509765625,662.0452880859375,1152.834716796875,693.9982299804688,1066.0791015625,688.2056884765625,1101.8330078125,691.9231567382812,1028.339599609375,730.633056640625,1112.4337158203125,735.6624755859375,1011.552490234375,780.7210693359375,1126.950927734375,786.4363403320312
1083.184814453125,587.7825927734375,1082.462890625,583.2515869140625,1086.435791015625,583.2423706054688,1079.900634765625,588.32958984375,1101.73291015625,588.4844360351562,1066.4793701171875,617.1580200195312,1116.6026611328125,622.0271606445312,1033.11865234375,643.3038330078125,1132.246337890625,664.4496459960938,1002.015869140625,660.0909423828125,1144.408203125,709.6307373046875,1067.503173828125,688.9561157226562,1104.07080078125,690.1961669921875,1029.9654541015625,734.7236938476562,1109.5474853515625,735.6727294921875,1019.32421875,789.1043701171875,1130.0889892578125,787.56103515625
1081.875244140625,586.1605834960938,1080.624755859375,581.408935546875,1084.5535888671875,581.64892578125,1075.1014404296875,585.8900756835938,1097.218017578125,586.8643798828125,1061.220458984375,613.7005004882812,1109.74169921875,620.4346923828125,1028.13330078125,641.4949951171875,1126.3968505859375,664.7781982421875,999.94677734375,659.7421875,1135.2728271484375,708.3634643554688,1064.85986328125,688.597900390625,1099.6890869140625,690.554931640625,1028.93994140625,736.2227783203125,1101.143798828125,738.0494384765625,1023.459228515625,790.2813720703125,1125.4510498046875,788.8447265625
1078.214599609375,583.6683349609375,1077.011474609375,578.767333984375,1080.440185546875,579.4558715820312,1071.2137451171875,583.2396240234375,1092.299560546875,585.5118408203125,1055.9356689453125,610.6546630859375,1105.3089599609375,620.2534790039062,1021.1429443359375,635.5982055664062,1118.088623046875,665.3820190429688,992.78857421875,652.3169555664062,1124.240234375,710.5416259765625,1060.352783203125,687.235595703125,1095.701904296875,690.4905395507812,1028.3887939453125,737.869384765625,1100.0433349609375,741.1297607421875,1025.1600341796875,787.7089233398438,1122.7293701171875,787.9945678710938
1079.790283203125,581.9293823242188,1077.9239501953125,576.9979858398438,1080.6416015625,577.941162109375,1069.58740234375,581.5325927734375,1088.255859375,584.0902099609375,1054.59765625,608.6506958007812,1098.29052734375,617.572509765625,1022.8121337890625,631.2908935546875,1105.49609375,660.8866577148438,998.03076171875,642.5899047851562,1109.435791015625,703.1328735351562,1055.8583984375,683.1585083007812,1088.2113037109375,686.0912475585938,1028.497802734375,734.3126220703125,1097.434326171875,736.280517578125,1024.6727294921875,786.6091918945312,1120.509765625,784.4925537109375
1074.7509765625,580.1953125,1072.957763671875,575.1376953125,1075.885498046875,576.0651245117188,1065.7603759765625,580.3603515625,1086.079833984375,582.6705322265625,1051.1737060546875,608.9120483398438,1098.915283203125,617.6705932617188,1019.3369750976562,630.94775390625,1106.77978515625,661.6070556640625,995.79345703125,640.6867065429688,1110.1982421875,705.2159423828125,1055.2470703125,683.4908447265625,1089.7840576171875,686.339111328125,1027.0382080078125,733.762451171875,1094.072998046875,735.47802734375,1025.2186279296875,787.2797241210938,1115.2628173828125,784.2501220703125
1076.3643798828125,580.3367919921875,1073.765380859375,575.7593994140625,1077.439208984375,577.1110229492188,1063.892822265625,579.994140625,1084.245849609375,583.8455810546875,1045.8349609375,604.8530883789062,1096.036376953125,617.2659912109375,1016.7654418945312,627.6871337890625,1105.36767578125,660.1739501953125,1000.4388427734375,636.4520263671875,1108.70654296875,696.2562255859375,1046.9954833984375,681.35595703125,1083.9425048828125,686.5174560546875,1027.268310546875,735.55615234375,1099.0611572265625,740.4114990234375,1010.9785766601562,793.313232421875,1106.97021484375,796.7972412109375
1069.300048828125,580.1145629882812,1067.5126953125,574.5928344726562,1070.3143310546875,575.3868408203125,1060.2530517578125,578.1400146484375,1081.8323974609375,579.6864013671875,1045.084228515625,604.990966796875,1095.0623779296875,612.3827514648438,1011.9263916015625,627.5595092773438,1102.0859375,659.1956787109375,996.3629150390625,630.949462890625,1105.215576171875,704.9459228515625,1052.30517578125,678.680908203125,1087.811279296875,680.9232177734375,1030.079833984375,731.42822265625,1087.457763671875,731.3724365234375,1026.2529296875,791.2825927734375,1102.289306640625,785.8709106445312
1071.326904296875,576.0341186523438,1070.173583984375,570.6536254882812,1072.8411865234375,571.6137084960938,1063.61376953125,573.2066040039062,1084.48583984375,575.9934692382812,1046.3642578125,596.638427734375,1097.3941650390625,607.640869140625,1019.7408447265625,622.6481323242188,1106.330810546875,653.51708984375,1011.487060546875,635.013916015625,1107.51904296875,695.1031494140625,1051.801513671875,669.6351928710938,1088.124267578125,674.4229736328125,1032.356201171875,725.5383911132812,1088.56396484375,730.726806640625,1022.22900390625,785.33203125,1090.847412109375,791.2831420898438
1074.697509765625,573.439208984375,1070.934326171875,567.3853149414062,1074.3695068359375,568.0939331054688,1056.22900390625,571.356689453125,1078.4034423828125,572.20849609375,1040.0374755859375,600.1422729492188,1089.430419921875,605.8884887695312,1017.928955078125,630.382568359375,1100.35009765625,655.190673828125,1013.4755859375,639.161376953125,1108.74462890625,700.8251342773438,1051.015625,671.4421997070312,1085.475830078125,673.4824829101562,1030.3330078125,728.2774047851562,1078.94091796875,727.6400146484375,1021.4993896484375,792.5191040039062,1081.0123291015625,787.601318359375
1069.010498046875,575.5262451171875,1066.283447265625,569.6931762695312,1069.499755859375,570.491943359375,1056.252197265625,573.2703857421875,1078.2142333984375,574.6034545898438,1041.87646484375,600.6260986328125,1090.68017578125,607.3465576171875,1016.1209106445312,627.1262817382812,1101.28564453125,654.0789184570312,1006.9703979492188,634.034423828125,1108.242919921875,696.0738525390625,1052.497802734375,673.020751953125,1086.2047119140625,675.3720703125,1031.417236328125,730.313720703125,1078.99169921875,730.9461669921875,1022.3331298828125,794.25,1081.280029296875,790.961181640625
1067.1783447265625,575.8316040039062,1065.2896728515625,570.0894775390625,1068.294189453125,570.9288330078125,1058.966552734375,573.5777587890625,1080.76904296875,575.229736328125,1046.580810546875,600.7153930664062,1095.37451171875,608.5252075195312,1020.2308349609375,628.06494140625,1103.5645751953125,657.3623657226562,1004.440185546875,636.6292114257812,1106.45458984375,700.6689453125,1055.602783203125,673.72265625,1089.3016357421875,676.5147094726562,1030.7655029296875,731.9113159179688,1079.50244140625,733.9271240234375,1022.0018920898438,797.1070556640625,1079.1295166015625,796.640625
1066.7691650390625,570.3703002929688,1065.42431640625,565.3485717773438,1068.5030517578125,565.076416015625,1061.428955078125,569.7470703125,1084.887939453125,568.4998168945312,1053.6009521484375,599.5265502929688,1097.4263916015625,601.2447509765625,1024.786865234375,624.731689453125,1108.363525390625,652.6204833984375,998.913818359375,630.4498901367188,1108.136962890625,698.6549682617188,1057.867919921875,677.370361328125,1087.5068359375,676.0472412109375,1027.4019775390625,737.5563354492188,1069.4119873046875,735.328369140625,1021.9691162109375,799.7850341796875,1076.04345703125,792.87451171875
1059.1007080078125,567.6966552734375,1059.011962890625,562.8115234375,1062.5179443359375,562.0185546875,1060.5355224609375,567.4588623046875,1086.309326171875,564.7389526367188,1054.4525146484375,596.97412109375,1101.8720703125,596.911376953125,1021.86962890625,617.8433837890625,1110.23046875,649.0928344726562,997.94775390625,613.669921875,1108.640625,698.445068359375,1059.589111328125,676.7394409179688,1091.38330078125,674.0120849609375,1026.428955078125,738.167724609375,1067.262939453125,733.6016845703125,1024.237548828125,800.6109008789062,1075.8218994140625,790.3388671875
1057.0133056640625,574.6866455078125,1058.05419921875,569.257568359375,1061.098876953125,569.2437133789062,1062.70849609375,571.3653564453125,1086.2757568359375,571.1788330078125,1053.52490234375,596.837646484375,1103.4593505859375,602.8448486328125,1015.542236328125,616.7511596679688,1113.0325927734375,650.7782592773438,1001.23388671875,611.5943603515625,1118.6484375,694.248046875,1058.896484375,677.2178955078125,1092.162841796875,678.2808227539062,1030.003662109375,736.8720703125,1069.342529296875,736.667724609375,1027.4989013671875,801.4400024414062,1077.43603515625,796.8914794921875
1058.013427734375,573.784423828125,1058.5098876953125,568.61767578125,1061.635009765625,568.3474731445312,1060.991943359375,571.4120483398438,1083.815673828125,570.420166015625,1053.14306640625,598.4085693359375,1099.70263671875,601.6301879882812,1017.9417724609375,625.1661376953125,1111.986328125,647.135986328125,997.0731201171875,633.6895141601562,1118.2781982421875,690.01416015625,1062.4287109375,676.244140625,1093.1771240234375,676.4857788085938,1032.0712890625,736.5913696289062,1071.55908203125,736.210693359375,1030.481689453125,801.4471435546875,1080.6568603515625,796.912109375
1067.712646484375,572.26806640625,1064.6787109375,566.7431640625,1069.085693359375,567.541748046875,1056.001708984375,568.8287353515625,1081.639404296875,570.2642211914062,1046.44140625,594.4972534179688,1096.3836669921875,600.5197143554688,1016.450927734375,626.035888671875,1117.218505859375,644.4891357421875,993.744384765625,639.7135009765625,1122.283447265625,676.8894653320312,1057.578857421875,671.8976440429688,1090.187744140625,674.3063354492188,1031.4112548828125,733.3258056640625,1075.445556640625,735.687255859375,1033.5946044921875,797.9169921875,1084.63623046875,796.5543823242188
1068.1409912109375,568.29833984375,1065.51513671875,563.0379028320312,1068.7584228515625,562.6541137695312,1056.4290771484375,567.6583251953125,1080.4241943359375,565.6470947265625,1046.9678955078125,598.15771484375,1092.4208984375,597.46240234375,1021.253662109375,624.4327392578125,1106.9293212890625,647.0679931640625,1001.3853759765625,633.475341796875,1110.6295166015625,698.1805419921875,1056.3099365234375,673.428466796875,1087.1317138671875,671.501708984375,1033.143798828125,735.49462890625,1078.09716796875,731.0921630859375,1026.6513671875,798.39208984375,1082.867919921875,787.4599609375
1064.875,570.5673217773438,1061.96435546875,564.9281005859375,1065.4195556640625,565.072998046875,1052.38232421875,567.71826171875,1075.84375,566.9426879882812,1041.924072265625,595.9345703125,1087.445556640625,596.744140625,1015.923583984375,628.1969604492188,1100.2919921875,642.6064453125,998.7911376953125,642.0790405273438,1106.8466796875,686.0596313476562,1051.4283447265625,667.7373046875,1082.4267578125,667.5836181640625,1033.634765625,730.9730224609375,1077.3594970703125,728.5349731445312,1027.7900390625,799.5185546875,1082.9400634765625,790.5428466796875
1068.02392578125,576.411376953125,1064.1630859375,570.6312255859375,1067.8021240234375,570.8336181640625,1051.0556640625,572.082275390625,1074.63525390625,571.2416381835938,1039.7822265625,598.8868408203125,1085.985595703125,598.99951171875,1014.3416748046875,631.6337890625,1098.898193359375,643.7265014648438,998.8748779296875,646.8471069335938,1103.5888671875,686.6962890625,1051.1790771484375,671.844970703125,1083.338623046875,671.4029541015625,1031.30126953125,734.0416259765625,1079.10498046875,730.85693359375,1026.5462646484375,802.3148803710938,1088.4676513671875,792.170654296875
1061.0634765625,584.361572265625,1059.236328125,579.1312255859375,1062.7080078125,577.9942016601562,1051.0875244140625,581.599853515625,1075.4564208984375,578.1484375,1039.244140625,611.527099609375,1088.6158447265625,606.3908081054688,1015.92919921875,644.0033569335938,1105.146240234375,650.70654296875,1003.6906127929688,663.2657470703125,1107.38916015625,701.8799438476562,1051.0933837890625,686.8746337890625,1086.2789306640625,683.3574829101562,1026.1795654296875,748.015869140625,1088.5323486328125,741.75244140625,1021.1553955078125,812.3926391601562,1101.391357421875,801.219482421875
1058.2196044921875,587.7979736328125,1055.84326171875,582.27001953125,1059.409912109375,582.091796875,1047.797119140625,585.1358642578125,1073.610595703125,583.5380859375,1037.6939697265625,614.7998657226562,1089.8653564453125,613.3987426757812,1014.4014892578125,651.0730590820312,1109.56591796875,657.5606079101562,1005.322265625,670.0387573242188,1117.7509765625,698.5211181640625,1054.201171875,688.4099731445312,1091.047607421875,687.3817138671875,1026.389404296875,751.0083618164062,1085.308837890625,747.7703247070312,1023.7119140625,816.214599609375,1102.64794921875,806.7523193359375
1050.059814453125,590.5760498046875,1049.111083984375,585.85009765625,1052.6893310546875,584.7075805664062,1044.6551513671875,589.5574340820312,1070.353515625,586.1973876953125,1034.196044921875,621.2711791992188,1088.528076171875,615.7281494140625,1017.0218505859375,660.7850341796875,1106.5615234375,661.728271484375,1017.089111328125,678.6906127929688,1114.1796875,704.05517578125,1050.5048828125,692.449462890625,1090.19091796875,689.516357421875,1021.366943359375,752.3228759765625,1090.3148193359375,746.643798828125,1019.0447998046875,814.19384765625,1108.430419921875,804.6514892578125
1041.613525390625,595.8314208984375,1041.0098876953125,591.325439453125,1044.935546875,590.2760009765625,1038.9788818359375,594.4456787109375,1065.2154541015625,591.5592041015625,1029.668701171875,624.8497314453125,1084.3338623046875,620.2033081054688,1017.7939453125,664.542724609375,1106.3958740234375,664.7236938476562,1023.359130859375,688.9564819335938,1116.505126953125,705.3135375976562,1048.4384765625,692.6192016601562,1088.269287109375,689.916015625,1021.24365234375,750.572998046875,1090.818115234375,746.4094848632812,1014.9681396484375,808.1317138671875,1104.009033203125,801.6646728515625
1041.2529296875,600.121826171875,1040.576171875,595.449462890625,1043.6658935546875,594.6492919921875,1038.46044921875,599.5733642578125,1062.707763671875,596.8343505859375,1028.8297119140625,630.6170654296875,1081.01513671875,624.4854736328125,1014.66259765625,667.7787475585938,1104.930419921875,661.9981689453125,1018.9773559570312,695.6593627929688,1119.419921875,699.9754638671875,1042.03466796875,697.2359619140625,1082.0081787109375,694.1441650390625,1020.48095703125,757.0809326171875,1102.996826171875,751.9791870117188,999.1678466796875,812.08984375,1116.9996337890625,802.930419921875
1045.6656494140625,603.156982421875,1042.0958251953125,598.1199951171875,1046.35302734375,597.8857421875,1034.32421875,602.807861328125,1058.9923095703125,600.1241455078125,1028.659423828125,634.7500610351562,1076.69921875,626.6116943359375,1017.0469970703125,674.0230712890625,1101.4576416015625,663.7064819335938,1014.0660400390625,700.2040405273438,1120.104736328125,699.8410034179688,1038.045166015625,700.6752319335938,1075.600341796875,697.2647705078125,1023.544677734375,761.743408203125,1108.5853271484375,754.8488159179688,992.055419921875,814.710205078125,1118.8309326171875,801.6951904296875
1047.8634033203125,608.0462036132812,1046.00732421875,602.3818969726562,1048.42822265625,601.8829345703125,1040.8604736328125,603.848876953125,1060.2884521484375,601.1099243164062,1033.443603515625,633.2740478515625,1078.8138427734375,624.4860229492188,1015.3564453125,674.2599487304688,1105.8463134765625,661.2587280273438,1009.1358032226562,695.9229736328125,1120.6221923828125,689.9064331054688,1040.7509765625,703.9337158203125,1075.333251953125,700.363037109375,1029.308837890625,760.8711547851562,1112.3505859375,754.5928955078125,1000.5283203125,816.40380859375,1124.9166259765625,806.5643920898438
1052.08837890625,610.9481201171875,1049.976806640625,606.4891357421875,1053.766845703125,606.679443359375,1042.823486328125,609.3634033203125,1061.8341064453125,610.464599609375,1029.49267578125,639.8038330078125,1076.181884765625,637.640380859375,1007.422119140625,676.2649536132812,1108.5943603515625,663.9435424804688,999.1064453125,709.1925659179688,1137.7099609375,681.9661254882812,1034.2890625,714.5134887695312,1070.32958984375,714.0651245117188,1021.7766723632812,765.645263671875,1115.75,765.0628051757812,990.2518310546875,817.550537109375,1126.197998046875,815.6321411132812
1059.950927734375,615.272705078125,1056.5936279296875,610.6109619140625,1060.8116455078125,610.95751953125,1046.01953125,613.8507080078125,1066.10302734375,614.867919921875,1032.287353515625,644.501220703125,1080.6387939453125,641.4365234375,1011.6322021484375,683.099365234375,1119.0130615234375,664.6827392578125,1000.0849609375,712.080078125,1149.622802734375,667.9095458984375,1034.6171875,720.4830932617188,1071.494873046875,719.8248901367188,1022.9756469726562,769.2457275390625,1118.319580078125,769.0343017578125,984.177978515625,822.086181640625,1122.60498046875,820.3639526367188
1062.064697265625,611.9099731445312,1059.432373046875,607.4224853515625,1063.514404296875,607.6549682617188,1052.116455078125,612.07861328125,1072.1627197265625,612.8713989257812,1039.8216552734375,644.6500244140625,1088.382080078125,641.7774658203125,1018.5706787109375,683.157470703125,1128.707275390625,664.5239868164062,1003.6563720703125,708.898681640625,1157.2940673828125,662.2660522460938,1040.20068359375,722.755859375,1076.7821044921875,722.0501708984375,1024.1986083984375,771.4671630859375,1118.27587890625,772.3233642578125,982.13623046875,825.7960205078125,1118.5181884765625,826.5179443359375
1067.279052734375,609.9903564453125,1064.5916748046875,605.4332885742188,1068.48779296875,605.7247924804688,1057.6544189453125,610.6156005859375,1078.21044921875,611.3739624023438,1046.57568359375,643.6651611328125,1096.42919921875,641.8322143554688,1026.1162109375,680.1885986328125,1140.54736328125,664.7484741210938,1008.26416015625,701.5885620117188,1165.396728515625,658.2418212890625,1049.4007568359375,722.6795654296875,1085.758056640625,722.3553466796875,1031.982421875,771.34375,1118.9124755859375,773.386962890625,992.987060546875,825.74169921875,1117.209228515625,828.6399536132812
1070.191162109375,606.77880859375,1068.1678466796875,601.6309204101562,1072.0628662109375,601.6686401367188,1061.827392578125,605.5970458984375,1088.85302734375,605.4840087890625,1048.150634765625,639.9725952148438,1107.795166015625,636.9320068359375,1034.2305908203125,675.27001953125,1140.207275390625,666.4409790039062,1046.55224609375,668.2083740234375,1156.838134765625,649.2108154296875,1052.6470947265625,719.4102783203125,1096.27392578125,718.0662231445312,1040.3662109375,771.0426025390625,1118.7066650390625,770.081787109375,1011.5308837890625,830.70458984375,1117.25439453125,829.3877563476562
1091.591796875,601.3193969726562,1086.6103515625,595.5762329101562,1090.595947265625,596.1677856445312,1068.8486328125,599.1553955078125,1095.8243408203125,600.0044555664062,1052.06494140625,631.52001953125,1110.520263671875,630.3184814453125,1041.276611328125,661.9238891601562,1145.3160400390625,657.91650390625,1051.633056640625,658.964599609375,1158.3621826171875,645.8846435546875,1052.66259765625,708.9136962890625,1094.478759765625,708.7267456054688,1051.9671630859375,767.9331665039062,1119.8685302734375,767.4830322265625,1027.65625,831.9061889648438,1116.9827880859375,830.834716796875
1093.8779296875,600.4572143554688,1090.919189453125,595.035888671875,1094.078125,595.40087890625,1079.5052490234375,597.4105224609375,1102.310302734375,597.708251953125,1065.265380859375,624.19921875,1114.511474609375,623.14453125,1064.2779541015625,650.5574951171875,1140.2674560546875,647.938720703125,1090.15380859375,640.7109985351562,1152.6845703125,639.593017578125,1058.505615234375,704.9652709960938,1093.9859619140625,705.163818359375,1064.3077392578125,768.0811767578125,1122.097900390625,767.4139404296875,1048.93408203125,835.5826416015625,1118.1783447265625,835.6203002929688
1101.89990234375,602.9835815429688,1096.8712158203125,597.469970703125,1100.9697265625,598.3336181640625,1080.8614501953125,600.9395141601562,1105.030517578125,602.0699462890625,1068.3953857421875,627.790771484375,1116.0078125,628.7318725585938,1082.6036376953125,646.9765014648438,1144.57666015625,650.2801513671875,1111.91259765625,635.413818359375,1153.833251953125,640.61865234375,1055.094482421875,710.0963745117188,1089.2548828125,711.5023193359375,1073.2427978515625,772.0966186523438,1126.6795654296875,772.640380859375,1063.2001953125,839.5345458984375,1123.12255859375,841.53515625
1109.5260009765625,602.943115234375,1103.8695068359375,597.115478515625,1107.092529296875,598.7484741210938,1084.8543701171875,600.7340087890625,1105.3172607421875,603.9909057617188,1072.8291015625,627.6495971679688,1112.0234375,633.9571533203125,1095.8807373046875,642.266357421875,1144.307373046875,657.0200805664062,1131.1029052734375,626.8571166992188,1160.2724609375,642.4974365234375,1057.6484375,715.4221801757812,1086.1307373046875,719.572998046875,1083.508544921875,775.181884765625,1129.995361328125,778.9573974609375,1074.0428466796875,843.5030517578125,1127.77197265625,850.05810546875
1110.69189453125,608.6966552734375,1104.6798095703125,602.9182739257812,1107.1796875,604.2257080078125,1085.773193359375,606.9871826171875,1108.1474609375,608.4833984375,1081.20361328125,634.8170166015625,1113.60302734375,636.739990234375,1119.7413330078125,650.04443359375,1151.9346923828125,660.2288818359375,1159.45947265625,634.815185546875,1170.2816162109375,638.1802978515625,1063.97998046875,719.301025390625,1088.9503173828125,720.943603515625,1094.30322265625,782.88330078125,1132.8638916015625,783.6702880859375,1081.8099365234375,853.8931884765625,1133.837158203125,855.3548583984375
1114.460693359375,616.8363037109375,1110.1324462890625,611.56298828125,1111.219482421875,612.9796142578125,1094.8511962890625,614.8331298828125,1109.2474365234375,617.6458129882812,1088.89990234375,639.6541137695312,1111.8450927734375,643.7864990234375,1122.478759765625,657.2039184570312,1143.432373046875,667.46533203125,1157.92578125,646.7783813476562,1163.303955078125,646.8184814453125,1068.204345703125,722.45458984375,1086.794189453125,725.0157470703125,1095.0357666015625,785.7888793945312,1136.362060546875,787.6929931640625,1081.575927734375,853.9202270507812,1134.931396484375,855.8604736328125
1120.2685546875,623.6779174804688,1114.6658935546875,617.9570922851562,1117.8135986328125,619.7770385742188,1097.9083251953125,622.9212646484375,1116.85009765625,626.403076171875,1091.59130859375,650.6055297851562,1120.3876953125,656.0022583007812,1120.3114013671875,666.2899169921875,1151.4090576171875,676.523193359375,1152.13134765625,648.1503295898438,1170.605224609375,650.78662109375,1074.5277099609375,735.99560546875,1096.2391357421875,739.8505859375,1101.2664794921875,794.4715576171875,1144.168701171875,798.7822265625,1083.254638671875,861.3623046875,1137.145751953125,869.19873046875
1128.5009765625,630.716064453125,1122.7900390625,625.2781982421875,1125.8907470703125,626.6803588867188,1103.717529296875,630.6018676757812,1121.442626953125,633.24365234375,1095.148193359375,657.802978515625,1123.5849609375,662.4541015625,1122.6016845703125,681.2393798828125,1154.52587890625,687.96728515625,1151.223876953125,661.5651245117188,1172.5771484375,657.961669921875,1080.9527587890625,741.660400390625,1102.496826171875,745.221923828125,1102.9454345703125,802.211669921875,1146.7618408203125,806.5413208007812,1085.7918701171875,869.9791259765625,1139.3814697265625,878.541259765625
1131.51806640625,636.6238403320312,1126.3748779296875,631.6083984375,1128.8385009765625,632.643798828125,1106.66845703125,636.394775390625,1121.438232421875,638.870849609375,1100.0943603515625,663.3925170898438,1119.1810302734375,671.6397705078125,1148.2744140625,685.6214599609375,1160.4390869140625,699.2880249023438,1182.392578125,662.265625,1184.716064453125,656.3512573242188,1087.2423095703125,751.0484619140625,1102.8131103515625,756.666259765625,1110.8280029296875,806.4874267578125,1145.193115234375,815.3761596679688,1088.35009765625,868.6087646484375,1134.147705078125,886.4532470703125
1135.421630859375,645.5919189453125,1129.687255859375,640.0559692382812,1132.485595703125,641.8348388671875,1109.14208984375,644.356201171875,1125.5484619140625,648.9032592773438,1102.124267578125,670.109375,1124.805419921875,682.8115844726562,1148.90966796875,689.5609130859375,1168.8485107421875,710.2802734375,1179.889404296875,672.794677734375,1189.9193115234375,669.4075927734375,1089.7476806640625,759.0745239257812,1106.909912109375,766.7059936523438,1115.1768798828125,811.517822265625,1147.269775390625,824.0022583007812,1089.9278564453125,870.0806884765625,1129.35400390625,893.7132568359375
1139.1544189453125,651.9517822265625,1133.9058837890625,646.0069580078125,1135.9893798828125,648.6192626953125,1115.7957763671875,649.9451904296875,1131.0999755859375,656.8971557617188,1109.7864990234375,674.89111328125,1130.8084716796875,692.09521484375,1155.1085205078125,689.7725830078125,1173.58837890625,718.9536743164062,1184.4822998046875,677.026611328125,1193.65771484375,679.856201171875,1094.5205078125,765.1029052734375,1110.00341796875,774.474609375,1118.507568359375,819.8653564453125,1147.695556640625,835.2632446289062,1089.4320068359375,873.13037109375,1123.716552734375,900.6670532226562
1145.0208740234375,662.5088500976562,1140.491943359375,656.7532958984375,1142.1837158203125,659.1744384765625,1122.953857421875,660.5213012695312,1137.2955322265625,667.557373046875,1115.23876953125,683.364013671875,1135.570068359375,702.85302734375,1159.3092041015625,696.25537109375,1178.177001953125,731.0791015625,1186.42724609375,683.0550537109375,1196.2978515625,692.5948486328125,1099.35205078125,770.5658569335938,1114.1734619140625,780.8296508789062,1120.0474853515625,826.1716918945312,1149.4476318359375,843.6536865234375,1089.0240478515625,872.689208984375,1122.13818359375,903.9407958984375
1150.025634765625,672.918212890625,1143.159912109375,667.458740234375,1148.2451171875,670.1383056640625,1121.8067626953125,672.439697265625,1143.4561767578125,679.313232421875,1114.943359375,695.9486083984375,1141.5465087890625,713.5101318359375,1151.9239501953125,710.5511474609375,1176.88232421875,741.2882080078125,1183.18896484375,696.0858154296875,1196.843017578125,709.394775390625,1100.4429931640625,780.5172119140625,1120.12451171875,790.1767578125,1124.461669921875,832.7064208984375,1160.81787109375,847.627197265625,1083.82763671875,874.3723754882812,1130.259521484375,900.5875854492188
1154.129150390625,677.48388671875,1147.620361328125,672.0862426757812,1151.8597412109375,674.7200927734375,1125.98095703125,676.2562866210938,1145.01220703125,683.4012451171875,1117.5908203125,697.692138671875,1143.5697021484375,717.54052734375,1155.29638671875,709.6087646484375,1181.539306640625,745.015625,1183.947265625,694.03955078125,1199.2718505859375,711.287109375,1105.1961669921875,782.5863647460938,1125.11181640625,793.4521484375,1124.8955078125,831.0245361328125,1167.230224609375,848.09619140625,1081.3887939453125,870.1294555664062,1137.560791015625,899.9273071289062
1153.75439453125,674.8685302734375,1147.4853515625,669.5806274414062,1152.366455078125,672.19970703125,1127.084716796875,673.6553955078125,1148.3731689453125,680.9801025390625,1118.9722900390625,694.7089233398438,1146.333251953125,715.215087890625,1156.1380615234375,708.3807373046875,1183.1927490234375,744.844482421875,1185.029052734375,693.15576171875,1201.200927734375,710.8732299804688,1106.500244140625,780.082275390625,1127.46923828125,791.2578125,1125.3448486328125,831.4839477539062,1169.8055419921875,849.4253540039062,1078.94287109375,867.9307861328125,1138.0501708984375,899.2420654296875
1154.5567626953125,662.37646484375,1149.351806640625,657.1531982421875,1152.83203125,660.406005859375,1131.149169921875,661.37646484375,1151.0548095703125,671.1988525390625,1118.8414306640625,682.0772094726562,1150.618408203125,707.5634765625,1138.4534912109375,684.7802124023438,1182.4088134765625,737.1649169921875,1160.7265625,658.181640625,1201.859375,702.7735595703125,1108.609375,772.9073486328125,1131.259033203125,785.3417358398438,1124.5738525390625,828.0235595703125,1169.70068359375,847.1165771484375,1078.978759765625,863.5982666015625,1130.672119140625,893.5531005859375
1153.6396484375,649.60205078125,1148.815673828125,644.5167236328125,1152.374755859375,647.6888427734375,1129.947265625,649.37353515625,1150.7503662109375,659.7343139648438,1116.2359619140625,669.9603271484375,1149.804443359375,698.7977905273438,1140.91015625,671.2108154296875,1182.857421875,728.9149780273438,1164.077880859375,642.3968505859375,1197.535888671875,687.542236328125,1109.4703369140625,761.8055419921875,1133.14892578125,775.7341918945312,1119.477783203125,818.7576904296875,1163.1156005859375,841.1712646484375,1080.36572265625,856.4771728515625,1126.6365966796875,892.8961181640625
1148.9346923828125,638.2275390625,1143.691650390625,633.0540771484375,1147.6220703125,636.0578002929688,1124.5372314453125,637.9373779296875,1146.037109375,647.0729370117188,1116.5682373046875,660.84814453125,1143.572509765625,684.862060546875,1148.4713134765625,676.211669921875,1172.1748046875,718.0106201171875,1179.5631103515625,661.5443115234375,1190.049560546875,679.6337890625,1117.181396484375,752.0126953125,1137.485595703125,764.1102905273438,1119.434814453125,810.5633544921875,1157.37353515625,830.3516845703125,1079.937255859375,852.0140991210938,1123.031494140625,885.0567626953125
1143.240478515625,624.2901611328125,1138.0185546875,619.8909301757812,1141.3023681640625,622.1550903320312,1120.7357177734375,627.2489624023438,1139.78076171875,632.9002685546875,1118.7457275390625,653.5393676757812,1137.60595703125,668.2830810546875,1146.63623046875,675.4049072265625,1158.052001953125,701.173583984375,1177.1629638671875,656.9370727539062,1176.3870849609375,668.61865234375,1128.1339111328125,741.0855102539062,1143.885986328125,748.8733520507812,1120.9095458984375,804.9505615234375,1155.9000244140625,817.1671142578125,1082.072265625,855.0038452148438,1127.923583984375,875.25
1120.5338134765625,618.09130859375,1119.6895751953125,614.2540893554688,1122.530029296875,614.6956787109375,1118.6612548828125,622.8685302734375,1140.373046875,623.9907836914062,1121.292724609375,648.0511474609375,1147.216796875,653.72998046875,1135.0992431640625,652.27734375,1163.1746826171875,662.23876953125,1150.750732421875,624.1205444335938,1159.029052734375,623.31494140625,1129.9097900390625,735.436767578125,1148.8936767578125,738.6033935546875,1122.9195556640625,800.4629516601562,1156.612548828125,808.02099609375,1092.772705078125,850.3606567382812,1132.52490234375,863.6224365234375
1112.02978515625,607.045166015625,1112.40283203125,603.0213623046875,1115.134521484375,602.5587158203125,1112.9482421875,611.3575439453125,1137.2177734375,610.89306640625,1109.8878173828125,633.6531372070312,1150.841064453125,641.3812866210938,1119.4661865234375,630.572021484375,1167.6080322265625,648.7373657226562,1121.099609375,594.2392578125,1137.5460205078125,606.6818237304688,1125.0146484375,716.9136962890625,1154.221923828125,720.7952880859375,1111.6602783203125,784.3155517578125,1156.4625244140625,795.0540771484375,1097.3502197265625,842.6658325195312,1146.042236328125,863.2054443359375
1109.242431640625,599.6451416015625,1108.265869140625,595.3118286132812,1111.394775390625,595.2037963867188,1105.300048828125,600.7243041992188,1131.5562744140625,600.2421264648438,1099.52294921875,621.6260986328125,1148.225341796875,627.609619140625,1094.4154052734375,633.594482421875,1171.05078125,651.698486328125,1095.3250732421875,596.1140747070312,1148.4970703125,621.3801879882812,1121.8955078125,704.39697265625,1156.8646240234375,707.342041015625,1104.27001953125,774.9942626953125,1158.138671875,781.8936767578125,1092.2637939453125,842.3065795898438,1156.9920654296875,855.18798828125
1096.7064208984375,597.106689453125,1097.185302734375,591.9507446289062,1099.1317138671875,591.2596435546875,1098.92236328125,598.2269287109375,1121.95361328125,595.6387329101562,1091.7921142578125,622.5992431640625,1145.4010009765625,622.529296875,1067.7587890625,611.7254638671875,1178.603271484375,621.2662353515625,1059.9329833984375,586.9572143554688,1171.21435546875,611.92041015625,1125.954833984375,709.905029296875,1161.3472900390625,709.5593872070312,1100.62060546875,786.10009765625,1158.253662109375,787.3624267578125,1087.201416015625,859.53466796875,1161.7935791015625,861.7765502929688
1113.6920166015625,594.6388549804688,1107.9122314453125,589.0481567382812,1111.35400390625,589.011474609375,1092.6201171875,600.861572265625,1117.4439697265625,596.8185424804688,1089.950927734375,632.3038940429688,1138.233642578125,622.14013671875,1074.73974609375,612.5489501953125,1170.4964599609375,599.690673828125,1076.1317138671875,579.0291137695312,1174.035400390625,583.3912353515625,1124.891845703125,707.5958251953125,1157.6651611328125,703.4811401367188,1108.43017578125,783.6663208007812,1162.82080078125,775.1484375,1088.5709228515625,858.0682983398438,1164.94921875,844.0453491210938
1106.76513671875,594.613037109375,1101.29345703125,589.7598876953125,1105.1944580078125,588.2806396484375,1086.1895751953125,604.4400634765625,1111.0501708984375,596.3397216796875,1087.371826171875,636.2879638671875,1131.892578125,617.7056884765625,1091.84423828125,611.8096923828125,1172.452880859375,576.5545654296875,1112.1561279296875,564.521240234375,1182.5140380859375,543.257080078125,1128.681640625,708.6878662109375,1159.8466796875,702.2316284179688,1109.0191650390625,786.8596801757812,1171.3140869140625,773.6031494140625,1080.92431640625,858.4366455078125,1172.6536865234375,838.1336669921875
1087.1024169921875,605.3846435546875,1086.890869140625,601.8082275390625,1087.242919921875,599.1658325195312,1088.7952880859375,611.7564086914062,1105.450439453125,600.7222290039062,1092.871337890625,642.9707641601562,1128.70361328125,619.3493041992188,1106.1123046875,647.051513671875,1167.7423095703125,602.3803100585938,1122.0838623046875,625.6778564453125,1178.820068359375,582.5562744140625,1135.3115234375,712.102783203125,1162.654052734375,702.1560668945312,1110.367919921875,785.5716552734375,1181.542236328125,770.2706909179688,1087.4547119140625,856.1801147460938,1193.7503662109375,832.0003051757812
1084.0882568359375,612.965576171875,1082.696044921875,609.6098022460938,1085.2044677734375,606.13720703125,1081.913818359375,621.298583984375,1104.972900390625,608.046142578125,1087.781494140625,656.4649047851562,1130.438720703125,628.967529296875,1103.27294921875,677.43994140625,1159.7994384765625,623.5703735351562,1121.4013671875,656.74267578125,1155.3619384765625,615.1786499023438,1133.45703125,718.3187866210938,1166.56005859375,707.86962890625,1109.65771484375,791.8079223632812,1177.68896484375,774.24755859375,1083.867431640625,861.610595703125,1181.794189453125,833.9078979492188
1077.6678466796875,624.195556640625,1077.172607421875,621.6766357421875,1080.20849609375,615.861083984375,1077.131103515625,631.6843872070312,1106.1798095703125,611.5482177734375,1081.246826171875,666.8242797851562,1129.7802734375,631.3222045898438,1108.19189453125,702.1624755859375,1158.257568359375,650.582763671875,1130.5032958984375,690.05615234375,1143.550048828125,677.6349487304688,1130.9049072265625,727.43408203125,1169.1649169921875,711.6156005859375,1106.11328125,799.7078247070312,1176.4195556640625,773.63134765625,1092.5556640625,872.9848022460938,1188.35107421875,831.7073364257812
1081.069580078125,634.7954711914062,1079.76611328125,632.2787475585938,1083.8883056640625,626.8116455078125,1076.5885009765625,642.0538330078125,1106.69970703125,623.4679565429688,1078.7684326171875,676.1141357421875,1128.39111328125,643.485595703125,1099.9791259765625,715.4517822265625,1152.373779296875,669.0906982421875,1116.91455078125,708.225341796875,1139.8592529296875,702.028076171875,1130.727783203125,737.5167236328125,1169.179443359375,722.9258422851562,1108.2374267578125,814.6565551757812,1180.4500732421875,790.0057983398438,1104.79443359375,892.75,1197.408203125,853.0098876953125
1083.1968994140625,650.3250732421875,1080.947509765625,646.5250244140625,1085.2928466796875,641.18798828125,1076.76611328125,655.1005859375,1108.7445068359375,635.9879760742188,1080.288330078125,696.5455322265625,1133.4852294921875,659.4095458984375,1100.982666015625,747.395751953125,1153.3878173828125,693.9224853515625,1118.8267822265625,731.6683959960938,1138.696044921875,727.9007568359375,1122.6636962890625,763.6541748046875,1163.1448974609375,747.6216430664062,1117.698974609375,836.861083984375,1180.8199462890625,807.72900390625,1122.323486328125,908.6431884765625,1201.6236572265625,860.15771484375
1085.110595703125,661.422119140625,1084.918212890625,658.2080078125,1088.137451171875,653.6294555664062,1084.02001953125,668.64111328125,1113.53857421875,653.32861328125,1082.891845703125,707.71875,1134.5220947265625,679.3765869140625,1100.822509765625,755.2998046875,1149.953369140625,714.5964965820312,1122.5115966796875,756.721435546875,1139.056640625,748.0028076171875,1124.39208984375,765.7256469726562,1164.828857421875,752.9910888671875,1109.882080078125,839.2930297851562,1184.06640625,817.5301513671875,1114.029296875,908.1736450195312,1208.303955078125,872.3670043945312
1086.397216796875,673.5540161132812,1086.072998046875,671.4058837890625,1090.034912109375,665.0645751953125,1085.26025390625,682.0948486328125,1115.51904296875,660.994140625,1086.4637451171875,723.4781494140625,1134.013916015625,683.8341064453125,1103.061279296875,771.8043823242188,1155.974365234375,715.8258056640625,1113.41552734375,756.7575073242188,1150.0863037109375,752.40478515625,1122.8419189453125,779.2235107421875,1159.4879150390625,760.8775634765625,1105.9906005859375,845.0640869140625,1170.8970947265625,813.2990112304688,1115.6671142578125,907.887939453125,1200.9146728515625,856.1973266601562
1096.662353515625,678.3038330078125,1095.157958984375,675.546875,1098.8359375,670.4507446289062,1091.751953125,684.442626953125,1120.86474609375,666.584228515625,1092.027587890625,722.6795654296875,1140.739013671875,689.4472045898438,1102.638427734375,767.615478515625,1163.80859375,723.95849609375,1106.2242431640625,765.6495361328125,1157.298095703125,769.2198486328125,1126.692138671875,781.8056030273438,1163.6533203125,766.3540649414062,1107.896484375,844.470703125,1169.8253173828125,817.681640625,1113.577392578125,912.8365478515625,1195.737548828125,868.70654296875
1106.48486328125,675.7824096679688,1104.9234619140625,671.3680419921875,1108.099609375,668.273681640625,1102.1531982421875,678.4622802734375,1129.12548828125,666.7623901367188,1099.857177734375,716.4495849609375,1153.691650390625,693.8047485351562,1103.69580078125,760.77880859375,1174.936767578125,733.7069091796875,1112.1436767578125,761.322021484375,1170.1539306640625,774.2041625976562,1128.228515625,785.61279296875,1168.26513671875,775.4542236328125,1110.241943359375,841.9927978515625,1172.842041015625,823.4237060546875,1115.684814453125,912.4765625,1195.2442626953125,882.023193359375
1117.03125,667.836669921875,1115.009521484375,662.8082275390625,1118.5977783203125,661.4651489257812,1112.0145263671875,670.5074462890625,1139.68505859375,664.2862548828125,1109.23291015625,706.9207153320312,1163.676513671875,694.11328125,1110.1632080078125,751.07421875,1179.8973388671875,733.8939208984375,1117.7777099609375,764.4466552734375,1174.2933349609375,764.6585693359375,1131.54541015625,773.0553588867188,1171.6634521484375,767.5336303710938,1114.7164306640625,832.0599975585938,1176.7318115234375,822.7923583984375,1117.51611328125,899.4091186523438,1193.4908447265625,884.4296264648438
1125.3721923828125,659.032958984375,1123.7763671875,653.6365966796875,1126.7315673828125,652.3101196289062,1121.224853515625,659.7578735351562,1148.287353515625,653.6632080078125,1116.4554443359375,695.924072265625,1171.3502197265625,683.5159301757812,1110.863037109375,738.706298828125,1186.2169189453125,725.4642944335938,1114.1761474609375,753.955078125,1179.0494384765625,763.5294189453125,1134.88671875,765.4847412109375,1175.10205078125,760.000244140625,1120.86572265625,827.932373046875,1181.07080078125,818.3028564453125,1118.0269775390625,896.7452392578125,1193.349365234375,880.5771484375
1125.43408203125,650.8198852539062,1124.8216552734375,645.5604248046875,1127.867919921875,644.5042114257812,1125.4039306640625,650.6053466796875,1150.4090576171875,646.0753784179688,1119.7972412109375,682.2860107421875,1173.80224609375,675.2005615234375,1109.699462890625,721.81591796875,1192.681884765625,716.5556640625,1105.0557861328125,735.6242065429688,1186.068359375,745.39453125,1138.1749267578125,756.7941284179688,1176.8291015625,753.46728515625,1124.369384765625,818.5755615234375,1180.5748291015625,814.1832275390625,1127.2286376953125,885.0003662109375,1194.37451171875,878.5515747070312
1128.5157470703125,640.8630981445312,1127.336669921875,635.2652587890625,1130.168212890625,634.6551513671875,1125.2374267578125,639.8629150390625,1150.666015625,636.6289672851562,1120.0234375,670.2799072265625,1175.1805419921875,666.5464477539062,1107.9075927734375,707.17919921875,1196.7322998046875,708.753173828125,1100.5535888671875,724.7744140625,1188.9244384765625,740.4576416015625,1144.86181640625,745.20263671875,1183.5106201171875,743.321044921875,1125.799560546875,809.5010986328125,1178.4510498046875,806.9957885742188,1135.427001953125,872.9111938476562,1195.911865234375,868.221435546875
1124.0472412109375,635.4456787109375,1124.24609375,630.6778564453125,1127.078857421875,628.4436645507812,1126.014404296875,634.298583984375,1150.909912109375,626.9820556640625,1124.10986328125,666.75927734375,1176.933349609375,652.8968505859375,1109.9881591796875,708.1078491210938,1197.657958984375,693.808349609375,1100.3148193359375,729.8074340820312,1195.1693115234375,741.2545166015625,1155.1806640625,742.45458984375,1191.900634765625,735.5391845703125,1121.324462890625,805.0460815429688,1176.0721435546875,793.7854614257812,1141.4752197265625,868.7675170898438,1204.1627197265625,849.4876098632812
1122.1448974609375,634.4592895507812,1123.257080078125,629.7337036132812,1125.1954345703125,627.4923095703125,1126.47021484375,634.3460693359375,1148.8519287109375,627.0917358398438,1123.685546875,666.9107666015625,1175.533203125,653.659423828125,1106.8262939453125,711.7313232421875,1194.7955322265625,694.831787109375,1097.480224609375,744.2042236328125,1196.06787109375,743.3419189453125,1160.831298828125,735.8475341796875,1196.6053466796875,729.183349609375,1122.811279296875,797.1619262695312,1177.14453125,786.640625,1144.910400390625,857.0630493164062,1206.676025390625,838.2028198242188
1122.741455078125,635.3219604492188,1123.841064453125,630.5319213867188,1125.8065185546875,628.23681640625,1127.455078125,634.6239624023438,1149.6629638671875,627.22607421875,1125.7706298828125,666.8143310546875,1176.601806640625,653.6842041015625,1114.065185546875,713.6969604492188,1195.581787109375,696.6686401367188,1108.6878662109375,748.4637451171875,1195.09326171875,746.8052978515625,1163.8154296875,733.9046630859375,1199.5283203125,727.42529296875,1125.34228515625,792.4617919921875,1180.0908203125,782.2776489257812,1145.1165771484375,851.808349609375,1207.900390625,833.5827026367188
1123.7705078125,635.114990234375,1124.7113037109375,630.5000610351562,1127.197509765625,628.0623779296875,1128.0699462890625,634.3953857421875,1150.66064453125,626.756591796875,1126.15625,663.6829223632812,1177.6533203125,651.4296875,1120.416748046875,711.1079711914062,1201.2236328125,694.809326171875,1117.6680908203125,746.6475830078125,1202.5303955078125,742.5108032226562,1164.904296875,726.6328125,1201.201416015625,720.771484375,1127.993896484375,788.4951782226562,1185.7127685546875,779.9970703125,1148.9608154296875,845.9283447265625,1214.746826171875,831.5894775390625
1130.1563720703125,633.8507690429688,1130.544189453125,629.5227661132812,1133.1226806640625,627.0271606445312,1133.5445556640625,634.1812133789062,1155.153564453125,625.7849731445312,1130.654296875,665.2210693359375,1182.532470703125,650.2069091796875,1125.843994140625,711.1002197265625,1206.376220703125,690.0550537109375,1124.1171875,737.2557373046875,1211.7698974609375,733.9317626953125,1165.521240234375,727.6355590820312,1201.37353515625,720.5396118164062,1133.27685546875,786.2664794921875,1186.7171630859375,775.229736328125,1150.515380859375,842.2421264648438,1206.9635009765625,823.8929443359375
1141.4423828125,628.7606201171875,1140.7899169921875,624.3193359375,1143.941162109375,622.8818359375,1140.6708984375,629.9383544921875,1164.033203125,624.7089233398438,1136.639892578125,660.86865234375,1189.6903076171875,650.6735229492188,1131.0992431640625,703.2828369140625,1216.488525390625,685.9900512695312,1132.466552734375,723.5283203125,1226.089599609375,712.4066772460938,1166.74853515625,724.7791748046875,1201.9100341796875,720.0508422851562,1135.72802734375,785.3208618164062,1180.715087890625,778.62109375,1153.2313232421875,840.2312622070312,1194.8673095703125,829.4060668945312
1155.3671875,618.3308715820312,1153.949951171875,614.22021484375,1158.0706787109375,613.4951171875,1152.3018798828125,620.841796875,1175.7880859375,618.0713500976562,1147.569091796875,653.7818603515625,1196.173095703125,645.0089111328125,1134.844482421875,694.655517578125,1227.808837890625,671.2337646484375,1132.0252685546875,704.6519775390625,1245.109130859375,667.6195068359375,1166.7940673828125,726.737548828125,1197.7386474609375,722.7373046875,1149.201171875,784.2957763671875,1186.743896484375,780.2557373046875,1149.873046875,847.636962890625,1182.9058837890625,842.6112060546875
1160.275634765625,610.4615478515625,1159.093994140625,605.8695678710938,1163.2398681640625,605.2022094726562,1158.11962890625,611.1842651367188,1184.8299560546875,608.2413940429688,1151.6688232421875,644.308837890625,1205.779296875,635.7373046875,1128.0936279296875,681.286376953125,1233.8623046875,663.30859375,1127.14599609375,663.2234497070312,1247.9384765625,645.810791015625,1168.969970703125,716.9766235351562,1202.6307373046875,712.7693481445312,1154.4722900390625,776.7020874023438,1185.359619140625,770.9515380859375,1149.054443359375,837.9700927734375,1171.8406982421875,828.6560668945312
1174.0234375,603.7901611328125,1173.475341796875,599.672119140625,1177.7933349609375,599.4387817382812,1170.7548828125,604.3888549804688,1195.608642578125,603.89208984375,1157.5638427734375,633.299072265625,1214.0040283203125,630.2967529296875,1122.8983154296875,655.8058471679688,1243.7176513671875,645.4437866210938,1118.9080810546875,637.4253540039062,1264.182373046875,621.5382080078125,1171.5499267578125,708.4805908203125,1205.4161376953125,706.5187377929688,1167.839599609375,757.2731323242188,1193.7451171875,755.13037109375,1158.6611328125,808.1661376953125,1174.1163330078125,805.4132080078125
1186.5296630859375,591.5182495117188,1186.56005859375,587.7009887695312,1189.3348388671875,588.1232299804688,1185.243896484375,591.7734985351562,1203.2288818359375,594.1143798828125,1172.269775390625,613.6544189453125,1216.73583984375,618.620361328125,1143.401611328125,629.3673095703125,1249.7509765625,630.3229370117188,1129.30126953125,619.6007080078125,1259.9791259765625,605.1776733398438,1173.0518798828125,693.4996948242188,1199.160400390625,695.7587890625,1165.3341064453125,749.6259155273438,1194.5250244140625,756.109130859375,1157.93505859375,804.8453979492188,1178.135498046875,818.2435302734375
1202.02587890625,578.7872924804688,1200.446533203125,575.0062255859375,1203.853759765625,575.9644165039062,1192.97900390625,580.84326171875,1213.1446533203125,584.6544189453125,1178.7752685546875,604.852783203125,1223.1090087890625,612.5147705078125,1148.8814697265625,615.9691162109375,1257.35400390625,618.8819580078125,1131.3350830078125,601.6776733398438,1266.67626953125,582.057861328125,1179.3289794921875,683.7818603515625,1204.7030029296875,687.4696044921875,1170.02294921875,741.2092895507812,1195.81884765625,750.0484619140625,1162.889892578125,797.4927978515625,1179.9451904296875,814.06005859375
1212.529541015625,568.3544311523438,1209.908203125,563.9635009765625,1214.1268310546875,564.1547241210938,1198.7774658203125,569.917236328125,1223.99072265625,570.841064453125,1185.443359375,596.7395629882812,1237.2554931640625,598.3114013671875,1174.951416015625,603.37939453125,1275.176025390625,595.9033203125,1178.3675537109375,582.5726318359375,1283.261474609375,555.239501953125,1189.2423095703125,675.0367431640625,1221.0213623046875,675.7352294921875,1170.9150390625,736.3815307617188,1195.62841796875,740.6193237304688,1163.139892578125,796.538818359375,1179.6240234375,808.0364990234375
1221.032470703125,551.7174072265625,1218.122802734375,547.1378173828125,1221.6614990234375,547.5189208984375,1205.532958984375,553.394287109375,1230.314697265625,554.4879150390625,1192.4818115234375,581.6126098632812,1242.478515625,584.3126831054688,1163.89111328125,585.3718872070312,1275.9627685546875,588.1342163085938,1146.6492919921875,558.8377685546875,1277.5965576171875,554.6055908203125,1198.0499267578125,662.9251708984375,1227.81982421875,663.2428588867188,1175.8858642578125,727.2984619140625,1196.8912353515625,730.4093627929688,1162.8416748046875,791.870361328125,1178.9241943359375,799.3004150390625
1228.4693603515625,545.2185668945312,1227.2060546875,541.0586547851562,1230.4384765625,541.23681640625,1218.0009765625,545.5640869140625,1238.0286865234375,547.9430541992188,1197.77587890625,566.9849243164062,1248.6646728515625,576.17431640625,1172.3883056640625,570.2030639648438,1282.105712890625,581.1937255859375,1156.621337890625,551.5189819335938,1282.0009765625,546.4483642578125,1197.17236328125,646.6860961914062,1227.4691162109375,651.02587890625,1184.17041015625,703.0482177734375,1215.7789306640625,713.9390869140625,1171.7996826171875,753.637451171875,1195.764892578125,774.2770385742188
1233.0926513671875,536.2223510742188,1232.4874267578125,531.86767578125,1234.8328857421875,532.0877685546875,1225.0291748046875,535.94482421875,1241.8160400390625,538.4469604492188,1205.699462890625,559.150146484375,1251.386962890625,566.7836303710938,1175.8724365234375,566.74169921875,1282.631591796875,574.0517578125,1158.82080078125,551.7711791992188,1290.2353515625,544.1168212890625,1203.038330078125,643.884765625,1229.524658203125,647.347412109375,1187.8927001953125,706.8880615234375,1217.959228515625,715.9580078125,1174.9932861328125,766.0711669921875,1197.1185302734375,783.087158203125
1233.3388671875,536.3612060546875,1234.7783203125,531.9783935546875,1236.7591552734375,531.685302734375,1235.911865234375,535.3934936523438,1250.268798828125,536.5784912109375,1221.083740234375,556.7279052734375,1264.007080078125,560.5753173828125,1187.487548828125,561.7380981445312,1289.3028564453125,556.3695068359375,1164.036376953125,555.1119384765625,1290.2938232421875,524.3157348632812,1217.96240234375,635.591064453125,1242.956787109375,636.9706420898438,1187.438720703125,698.249267578125,1223.079833984375,706.225341796875,1173.8236083984375,758.7547607421875,1205.8984375,775.1488037109375
1247.015380859375,536.4830322265625,1247.22119140625,531.6384887695312,1250.3646240234375,532.0174560546875,1242.87060546875,533.6134033203125,1262.8670654296875,536.7340698242188,1225.4910888671875,552.5924072265625,1270.099853515625,567.621337890625,1190.62451171875,563.643798828125,1270.7984619140625,598.2818603515625,1164.686767578125,564.307861328125,1253.0462646484375,608.2061767578125,1226.427490234375,629.4866943359375,1254.44921875,635.0486450195312,1189.4425048828125,688.2708129882812,1223.6761474609375,699.8082885742188,1176.6866455078125,745.7310791015625,1208.692626953125,762.9656982421875
1254.68505859375,534.5833740234375,1254.762451171875,529.3123168945312,1256.7166748046875,530.603271484375,1250.803955078125,530.5647583007812,1269.236083984375,535.8157348632812,1236.6148681640625,549.6359252929688,1276.703369140625,565.9229736328125,1204.744873046875,564.8370971679688,1276.0712890625,598.5201416015625,1184.4151611328125,573.155517578125,1260.8585205078125,612.40283203125,1235.0623779296875,623.4319458007812,1262.0946044921875,629.7318725585938,1196.1912841796875,679.6441650390625,1237.1678466796875,691.18896484375,1177.5416259765625,733.3738403320312,1223.112548828125,749.016357421875
1263.36279296875,535.423828125,1264.44384765625,530.8900146484375,1267.35498046875,531.0272216796875,1263.696044921875,532.2564086914062,1281.622314453125,535.1884765625,1249.76171875,549.7418823242188,1289.9136962890625,559.3099365234375,1219.97265625,562.87451171875,1300.21044921875,570.3157958984375,1194.7523193359375,574.407958984375,1285.7393798828125,557.4515991210938,1241.5838623046875,618.4226684570312,1268.6923828125,622.02294921875,1199.998291015625,669.030517578125,1249.779541015625,680.306884765625,1181.18505859375,721.1383056640625,1241.982666015625,741.2958984375
1267.29443359375,538.602783203125,1268.5609130859375,534.0947265625,1271.9864501953125,534.5799560546875,1271.0291748046875,536.2559814453125,1289.260498046875,539.8008422851562,1259.69580078125,555.2384643554688,1296.7772216796875,568.8539428710938,1228.540771484375,572.9678955078125,1303.2127685546875,598.3402709960938,1197.39697265625,593.1475830078125,1293.966552734375,613.896728515625,1247.044921875,619.9569091796875,1272.90576171875,624.8589477539062,1206.3480224609375,667.36474609375,1255.7960205078125,678.9642333984375,1185.3875732421875,716.62841796875,1253.330078125,735.4296875
1274.701171875,546.487548828125,1276.082763671875,541.8074951171875,1279.2900390625,542.374755859375,1277.9117431640625,543.724853515625,1295.7822265625,547.4955444335938,1265.4871826171875,562.5697021484375,1298.59814453125,579.0565185546875,1235.354248046875,578.5128173828125,1302.0771484375,622.4241943359375,1207.7138671875,596.545166015625,1300.19091796875,660.0247802734375,1250.3360595703125,627.4286499023438,1275.0174560546875,633.30810546875,1215.731689453125,665.648193359375,1268.89892578125,676.50390625,1191.81005859375,707.2122802734375,1273.560791015625,723.1036376953125
1299.490478515625,558.8436279296875,1297.72119140625,553.8162841796875,1301.869384765625,555.5079956054688,1287.2249755859375,554.1087036132812,1308.9041748046875,560.8106079101562,1268.515380859375,572.0097045898438,1307.4349365234375,593.47314453125,1245.27587890625,593.67138671875,1312.87548828125,640.1878051757812,1223.7921142578125,617.347412109375,1305.5821533203125,670.4467163085938,1250.0205078125,633.861328125,1279.04052734375,642.6388549804688,1218.939208984375,670.0426025390625,1274.6522216796875,685.1959838867188,1198.207275390625,700.6920166015625,1279.87060546875,724.4580078125
1308.772705078125,564.9835205078125,1306.0064697265625,559.6314697265625,1309.7418212890625,561.8057861328125,1292.350830078125,560.0521240234375,1313.332275390625,567.83203125,1272.212158203125,578.4010009765625,1314.69775390625,597.5436401367188,1247.803955078125,598.7657470703125,1315.1607666015625,637.3548583984375,1228.60595703125,632.031982421875,1307.030517578125,670.6630859375,1256.7156982421875,634.3367919921875,1286.8270263671875,642.187744140625,1227.689208984375,668.3159790039062,1278.31689453125,681.6363525390625,1220.90673828125,699.658935546875,1283.076904296875,720.0509033203125
1309.065673828125,570.3607177734375,1307.85595703125,565.5013427734375,1311.96533203125,567.2239379882812,1298.3792724609375,566.0794067382812,1319.897216796875,573.5537109375,1277.5792236328125,583.2020263671875,1319.7073974609375,603.2888793945312,1251.99951171875,605.7796630859375,1316.2275390625,644.8362426757812,1235.13916015625,641.262939453125,1309.06591796875,677.142578125,1260.88671875,636.7157592773438,1290.7467041015625,645.12451171875,1233.5394287109375,664.0678100585938,1282.6053466796875,678.9178466796875,1225.409912109375,691.1183471679688,1285.047119140625,713.9086303710938
1313.814697265625,573.9391479492188,1311.39501953125,569.0792236328125,1315.9560546875,570.8141479492188,1299.0960693359375,568.5760498046875,1321.41845703125,575.6143188476562,1278.06640625,584.7957763671875,1321.4766845703125,602.7083740234375,1254.231201171875,608.100341796875,1320.9715576171875,642.0084228515625,1238.128662109375,640.9818115234375,1312.3741455078125,669.855224609375,1261.8963623046875,637.7891235351562,1291.851806640625,645.495849609375,1249.1544189453125,663.0286865234375,1290.849365234375,676.520263671875,1239.941162109375,693.48681640625,1285.8541259765625,714.097900390625
1314.0430908203125,571.94580078125,1310.873779296875,567.0001831054688,1314.697021484375,568.0436401367188,1296.4688720703125,566.6315307617188,1315.7420654296875,570.5546875,1277.88330078125,584.77294921875,1318.601806640625,593.8267822265625,1257.61474609375,615.12060546875,1321.7786865234375,628.507568359375,1244.323974609375,646.34033203125,1316.8143310546875,653.924072265625,1272.435791015625,633.4119262695312,1298.70556640625,637.6588134765625,1267.8262939453125,669.5407104492188,1292.3885498046875,676.5760498046875,1276.5350341796875,706.2066650390625,1291.748046875,716.2066040039062
1310.364501953125,567.0383911132812,1307.32666015625,562.3485107421875,1311.1339111328125,563.1029052734375,1294.2093505859375,562.5303955078125,1313.93115234375,564.9427490234375,1279.2396240234375,580.0296630859375,1319.0491943359375,586.312255859375,1262.0234375,609.6840209960938,1324.5400390625,621.7881469726562,1253.9896240234375,638.83056640625,1323.5006103515625,652.2470703125,1276.364990234375,630.5711669921875,1303.5283203125,633.0435791015625,1265.7420654296875,672.1944580078125,1299.06005859375,676.25634765625,1261.56591796875,712.8919677734375,1294.866943359375,719.1828002929688
1316.8770751953125,561.3845825195312,1312.246826171875,556.4954833984375,1316.29345703125,557.6494750976562,1295.678955078125,556.0238037109375,1317.567626953125,559.451416015625,1278.40283203125,573.3125,1321.815673828125,578.8442993164062,1257.6602783203125,602.66162109375,1328.273193359375,612.1476440429688,1254.2861328125,634.8072509765625,1328.0244140625,641.4784545898438,1274.086181640625,626.0429077148438,1302.5408935546875,628.3861083984375,1274.2601318359375,667.494384765625,1303.805419921875,669.8388671875,1265.8369140625,708.1484375,1295.29541015625,711.6390380859375
1312.6116943359375,549.3856201171875,1309.757080078125,544.7484130859375,1313.54052734375,545.4139404296875,1297.5462646484375,545.7998046875,1317.361328125,548.0238037109375,1282.0242919921875,565.1253051757812,1322.5123291015625,569.8739624023438,1266.735595703125,596.3040771484375,1329.2938232421875,604.8637084960938,1265.4949951171875,623.7376708984375,1334.99462890625,634.1425170898438,1280.5057373046875,615.1400146484375,1306.879150390625,617.3646240234375,1287.8150634765625,658.22265625,1312.1290283203125,661.1215209960938,1286.034423828125,703.6873168945312,1301.5855712890625,707.5479125976562
0.0,0.0,0.0,0.0,0.0,0.0,0.0,0.0,0.0,0.0,0.0,0.0,0.0,0.0,0.0,0.0,0.0,0.0,0.0,0.0,0.0,0.0,0.0,0.0,0.0,0.0,0.0,0.0,0.0,0.0,0.0,0.0,0.0,0.0
0.0,0.0,0.0,0.0,0.0,0.0,0.0,0.0,0.0,0.0,0.0,0.0,0.0,0.0,0.0,0.0,0.0,0.0,0.0,0.0,0.0,0.0,0.0,0.0,0.0,0.0,0.0,0.0,0.0,0.0,0.0,0.0,0.0,0.0
0.0,0.0,0.0,0.0,0.0,0.0,0.0,0.0,0.0,0.0,0.0,0.0,0.0,0.0,0.0,0.0,0.0,0.0,0.0,0.0,0.0,0.0,0.0,0.0,0.0,0.0,0.0,0.0,0.0,0.0,0.0,0.0,0.0,0.0
0.0,0.0,0.0,0.0,0.0,0.0,0.0,0.0,0.0,0.0,0.0,0.0,0.0,0.0,0.0,0.0,0.0,0.0,0.0,0.0,0.0,0.0,0.0,0.0,0.0,0.0,0.0,0.0,0.0,0.0,0.0,0.0,0.0,0.0
0.0,0.0,0.0,0.0,0.0,0.0,0.0,0.0,0.0,0.0,0.0,0.0,0.0,0.0,0.0,0.0,0.0,0.0,0.0,0.0,0.0,0.0,0.0,0.0,0.0,0.0,0.0,0.0,0.0,0.0,0.0,0.0,0.0,0.0
0.0,0.0,0.0,0.0,0.0,0.0,0.0,0.0,0.0,0.0,0.0,0.0,0.0,0.0,0.0,0.0,0.0,0.0,0.0,0.0,0.0,0.0,0.0,0.0,0.0,0.0,0.0,0.0,0.0,0.0,0.0,0.0,0.0,0.0
0.0,0.0,0.0,0.0,0.0,0.0,0.0,0.0,0.0,0.0,0.0,0.0,0.0,0.0,0.0,0.0,0.0,0.0,0.0,0.0,0.0,0.0,0.0,0.0,0.0,0.0,0.0,0.0,0.0,0.0,0.0,0.0,0.0,0.0
0.0,0.0,0.0,0.0,0.0,0.0,0.0,0.0,0.0,0.0,0.0,0.0,0.0,0.0,0.0,0.0,0.0,0.0,0.0,0.0,0.0,0.0,0.0,0.0,0.0,0.0,0.0,0.0,0.0,0.0,0.0,0.0,0.0,0.0
0.0,0.0,0.0,0.0,0.0,0.0,0.0,0.0,0.0,0.0,0.0,0.0,0.0,0.0,0.0,0.0,0.0,0.0,0.0,0.0,0.0,0.0,0.0,0.0,0.0,0.0,0.0,0.0,0.0,0.0,0.0,0.0,0.0,0.0
0.0,0.0,0.0,0.0,0.0,0.0,0.0,0.0,0.0,0.0,0.0,0.0,0.0,0.0,0.0,0.0,0.0,0.0,0.0,0.0,0.0,0.0,0.0,0.0,0.0,0.0,0.0,0.0,0.0,0.0,0.0,0.0,0.0,0.0
0.0,0.0,0.0,0.0,0.0,0.0,0.0,0.0,0.0,0.0,0.0,0.0,0.0,0.0,0.0,0.0,0.0,0.0,0.0,0.0,0.0,0.0,0.0,0.0,0.0,0.0,0.0,0.0,0.0,0.0,0.0,0.0,0.0,0.0
0.0,0.0,0.0,0.0,0.0,0.0,0.0,0.0,0.0,0.0,0.0,0.0,0.0,0.0,0.0,0.0,0.0,0.0,0.0,0.0,0.0,0.0,0.0,0.0,0.0,0.0,0.0,0.0,0.0,0.0,0.0,0.0,0.0,0.0
0.0,0.0,0.0,0.0,0.0,0.0,0.0,0.0,0.0,0.0,0.0,0.0,0.0,0.0,0.0,0.0,0.0,0.0,0.0,0.0,0.0,0.0,0.0,0.0,0.0,0.0,0.0,0.0,0.0,0.0,0.0,0.0,0.0,0.0
0.0,0.0,0.0,0.0,0.0,0.0,0.0,0.0,0.0,0.0,0.0,0.0,0.0,0.0,0.0,0.0,0.0,0.0,0.0,0.0,0.0,0.0,0.0,0.0,0.0,0.0,0.0,0.0,0.0,0.0,0.0,0.0,0.0,0.0
0.0,0.0,0.0,0.0,0.0,0.0,0.0,0.0,0.0,0.0,0.0,0.0,0.0,0.0,0.0,0.0,0.0,0.0,0.0,0.0,0.0,0.0,0.0,0.0,0.0,0.0,0.0,0.0,0.0,0.0,0.0,0.0,0.0,0.0
0.0,0.0,0.0,0.0,0.0,0.0,0.0,0.0,0.0,0.0,0.0,0.0,0.0,0.0,0.0,0.0,0.0,0.0,0.0,0.0,0.0,0.0,0.0,0.0,0.0,0.0,0.0,0.0,0.0,0.0,0.0,0.0,0.0,0.0
0.0,0.0,0.0,0.0,0.0,0.0,0.0,0.0,0.0,0.0,0.0,0.0,0.0,0.0,0.0,0.0,0.0,0.0,0.0,0.0,0.0,0.0,0.0,0.0,0.0,0.0,0.0,0.0,0.0,0.0,0.0,0.0,0.0,0.0
0.0,0.0,0.0,0.0,0.0,0.0,0.0,0.0,0.0,0.0,0.0,0.0,0.0,0.0,0.0,0.0,0.0,0.0,0.0,0.0,0.0,0.0,0.0,0.0,0.0,0.0,0.0,0.0,0.0,0.0,0.0,0.0,0.0,0.0
