x0,y0,x1,y1,x2,y2,x3,y3,x4,y4,x5,y5,x6,y6,x7,y7,x8,y8,x9,y9,x10,y10,x11,y11,x12,y12,x13,y13,x14,y14,x15,y15,x16,y16
922.373779296875,572.9220581054688,921.141845703125,568.2025146484375,923.5753173828125,567.6559448242188,917.7879638671875,574.46875,943.896240234375,571.5614624023438,909.2144775390625,605.9200439453125,962.5775756835938,599.4542236328125,892.814697265625,629.73974609375,979.7839965820312,622.3759765625,897.7857055664062,614.15380859375,968.6778564453125,617.3842163085938,916.820556640625,684.3590087890625,952.7561645507812,681.223876953125,911.956787109375,748.11181640625,946.4130859375,743.74951171875,911.2630615234375,812.578857421875,943.295166015625,805.9429931640625
926.092041015625,572.9081420898438,924.4158935546875,568.0740356445312,926.8138427734375,567.7853393554688,918.802001953125,574.3255615234375,944.7405395507812,572.26953125,909.06787109375,605.6644287109375,962.4442138671875,600.8677978515625,891.2325439453125,626.2565307617188,980.5684204101562,622.4984130859375,896.1802368164062,612.2057495117188,971.843017578125,619.7950439453125,917.0328369140625,685.4607543945312,952.7927856445312,683.09033203125,911.99365234375,749.504150390625,946.961181640625,745.8949584960938,911.3355712890625,813.2137451171875,944.2781982421875,807.1737670898438
923.86572265625,572.854248046875,922.69287109375,568.2119140625,925.2621459960938,567.722412109375,919.2664794921875,574.8566284179688,944.6771240234375,572.4329833984375,910.6812744140625,605.767333984375,962.554931640625,601.177001953125,893.2884521484375,623.0709228515625,982.0618896484375,620.73681640625,894.4693603515625,609.026611328125,974.8658447265625,619.3065795898438,918.544921875,686.2473754882812,953.0231323242188,683.91357421875,912.3609008789062,750.0662841796875,947.63720703125,746.8862915039062,911.705322265625,813.9774169921875,945.131591796875,809.0115966796875
922.695556640625,573.9249267578125,921.7608642578125,569.1695556640625,924.2789306640625,568.7286987304688,919.2879638671875,575.5709228515625,944.9808349609375,573.3685302734375,910.7823486328125,605.2911376953125,963.6714477539062,602.4656982421875,892.2687377929688,619.879150390625,983.3323974609375,624.1521606445312,891.1517944335938,603.8763427734375,973.482666015625,625.369384765625,918.7175903320312,686.4736328125,953.7452392578125,684.7613525390625,912.6751098632812,750.7421264648438,947.379150390625,748.5882568359375,913.11669921875,814.5807495117188,945.576904296875,811.182861328125
920.6234130859375,573.6677856445312,920.0623779296875,569.0357055664062,922.6437377929688,568.4671630859375,919.5496826171875,576.0401611328125,944.6632080078125,573.4805908203125,912.045166015625,605.7593383789062,963.8978271484375,603.6633911132812,893.3182983398438,618.7471313476562,983.6940307617188,628.5030517578125,888.384521484375,602.4891967773438,975.9283447265625,637.12060546875,920.4342041015625,686.2208251953125,954.4761962890625,684.6499633789062,914.2728881835938,750.3843383789062,948.0250854492188,748.2383422851562,914.95751953125,814.9055786132812,945.85498046875,811.3206787109375
919.6746826171875,574.5875854492188,918.9182739257812,569.8912353515625,921.5435791015625,569.2567749023438,918.4213256835938,576.7023315429688,944.0941162109375,573.5974731445312,911.3878784179688,606.5838623046875,964.2343139648438,603.7405395507812,891.5070190429688,619.7355346679688,982.8040771484375,631.8551025390625,885.670166015625,601.364990234375,974.2059326171875,646.2672119140625,920.587646484375,687.63525390625,955.4544677734375,685.5823974609375,915.6783447265625,751.4690551757812,950.3486328125,747.8358764648438,915.8483276367188,815.0677490234375,947.9317016601562,808.121826171875
919.5924072265625,576.1451416015625,918.538330078125,571.1303100585938,921.1441650390625,570.77783203125,917.350341796875,576.6773681640625,943.158447265625,574.1560668945312,909.9054565429688,605.8200073242188,963.3509521484375,603.7255859375,887.4479370117188,621.2376708984375,980.466064453125,636.2723388671875,882.787353515625,602.9793701171875,973.6221923828125,654.823486328125,920.482421875,686.8633422851562,955.9147338867188,685.1144409179688,917.26025390625,751.524169921875,951.9182739257812,747.5118408203125,915.8937377929688,816.0732421875,949.2432861328125,807.5445556640625
921.3158569335938,577.913818359375,919.9228515625,572.7717895507812,922.4932250976562,572.4979248046875,917.2959594726562,577.7839965820312,942.923095703125,575.3864135742188,909.0734252929688,607.1860961914062,963.0430297851562,604.881591796875,885.4130859375,626.0133056640625,979.7887573242188,640.377197265625,881.7750244140625,606.7535400390625,975.1107177734375,659.202880859375,922.25048828125,688.0240478515625,958.152587890625,686.2601318359375,919.2735595703125,753.201171875,955.8312377929688,748.5760498046875,916.9718017578125,818.7559204101562,952.287841796875,808.510986328125
917.41455078125,580.6998291015625,916.7081298828125,575.2479858398438,919.2669067382812,575.1242065429688,916.7741088867188,579.3636474609375,942.3851318359375,577.502685546875,908.45458984375,608.758544921875,962.2208862304688,608.329833984375,882.26953125,631.053955078125,978.5582275390625,649.5367431640625,880.1376342773438,616.4796142578125,979.1937255859375,674.8646240234375,922.214111328125,689.6376342773438,958.1737060546875,689.01171875,918.867919921875,752.9229736328125,955.5146484375,749.7213134765625,914.47900390625,817.042236328125,957.34423828125,807.6879272460938
918.7349853515625,583.4432373046875,918.0499877929688,577.927734375,920.252685546875,577.7522583007812,917.5174560546875,582.1463623046875,942.5933837890625,580.0821533203125,909.0914306640625,612.6630249023438,963.153564453125,610.4828491210938,883.1405029296875,640.071044921875,979.2639770507812,652.343505859375,884.8159790039062,623.7276611328125,980.629150390625,671.4288330078125,925.9595947265625,691.54248046875,962.2816162109375,690.16650390625,919.6468505859375,755.183349609375,958.72412109375,750.78173828125,916.3049926757812,818.8302001953125,961.3540649414062,807.2382202148438
919.1923828125,586.4609985351562,918.7818603515625,581.0305786132812,921.34033203125,580.810302734375,919.49560546875,585.2255859375,944.1022338867188,583.2373046875,911.1380615234375,615.790283203125,964.2284545898438,614.7405395507812,882.78564453125,645.168701171875,980.5147705078125,658.167724609375,875.6641845703125,640.4710693359375,982.380615234375,687.2453002929688,927.8880615234375,693.4129638671875,963.58935546875,692.67724609375,920.5288696289062,755.7833862304688,961.216552734375,752.832275390625,917.63525390625,819.239501953125,967.13037109375,810.5936279296875
921.8946533203125,587.6383056640625,921.2900390625,582.5865478515625,924.0352783203125,582.1244506835938,920.3018188476562,587.387939453125,944.0806274414062,585.12939453125,911.995849609375,619.2998657226562,963.8563842773438,617.2269897460938,885.0814819335938,650.6690063476562,978.0098876953125,658.5869140625,870.8602294921875,654.7799072265625,977.0392456054688,687.7489624023438,931.5719604492188,695.9810791015625,967.1325073242188,694.5814208984375,920.627197265625,756.0921630859375,968.8736572265625,752.930908203125,922.9359130859375,819.3078002929688,977.7646484375,811.3145751953125
925.512939453125,592.311767578125,924.1814575195312,587.27685546875,927.540283203125,586.689208984375,921.0426635742188,591.572021484375,945.3118896484375,588.9973754882812,913.49560546875,623.8424072265625,964.6593017578125,620.353759765625,893.0938110351562,660.1928100585938,979.1079711914062,660.129150390625,878.303955078125,681.028076171875,976.6436767578125,694.4258422851562,935.1242065429688,702.5335083007812,970.5620727539062,700.7139892578125,918.4993286132812,759.84326171875,968.64208984375,757.11376953125,924.0343017578125,820.4500122070312,980.0477294921875,813.8849487304688
925.0545654296875,594.9410400390625,924.0281982421875,589.9644775390625,927.288330078125,589.3126831054688,922.2447509765625,594.4091796875,945.3709716796875,591.81201171875,916.9337158203125,626.5632934570312,965.1509399414062,623.17431640625,898.544677734375,665.3225708007812,979.594970703125,663.8685302734375,880.8619384765625,691.8775024414062,977.1275634765625,698.2281494140625,940.7111206054688,702.1067504882812,974.2115478515625,700.2236938476562,917.8734741210938,758.98779296875,967.809814453125,756.8135986328125,924.224853515625,819.63623046875,981.4866943359375,813.5198364257812
927.109375,596.7789306640625,925.9660034179688,591.781494140625,929.1796875,590.995849609375,922.9302978515625,595.6926879882812,946.1693115234375,592.7890625,917.125,627.1500244140625,964.854736328125,622.6820068359375,901.1513671875,668.3924560546875,978.9406127929688,663.44873046875,889.2947998046875,696.44287109375,977.0736694335938,697.4496459960938,941.3358764648438,700.8245849609375,974.8829956054688,698.5380859375,916.915771484375,758.1788330078125,967.4266357421875,755.3161010742188,921.9830932617188,818.934326171875,980.3211669921875,811.855224609375
927.4114990234375,598.4283447265625,926.3563842773438,593.2944946289062,929.5018310546875,592.5228881835938,923.3502197265625,596.8889770507812,946.4701538085938,594.17822265625,917.6693115234375,627.8885498046875,965.3226318359375,623.7962646484375,903.5279541015625,670.6152954101562,980.1771240234375,664.5990600585938,892.4105224609375,707.1014404296875,977.7637939453125,701.846435546875,943.17041015625,700.296630859375,976.6776123046875,698.2147827148438,917.3681030273438,756.9368896484375,966.8206787109375,754.8543090820312,921.021240234375,818.1517333984375,979.0733642578125,812.390869140625
927.233154296875,598.2442626953125,926.2278442382812,593.2445678710938,929.43017578125,592.3656616210938,923.0963134765625,597.2579956054688,946.4237060546875,594.3311767578125,917.7437744140625,627.6241455078125,964.6616821289062,623.669189453125,906.565185546875,668.909912109375,978.500732421875,663.05029296875,897.91796875,702.61279296875,973.7606201171875,697.861572265625,943.3709106445312,700.6007080078125,976.5377197265625,698.65380859375,915.3781127929688,756.703857421875,964.6104736328125,754.9194946289062,920.120361328125,817.9620361328125,977.040771484375,812.7720336914062
923.73583984375,598.3907470703125,923.049560546875,593.5342407226562,926.4329223632812,592.4456787109375,921.9186401367188,597.894775390625,945.610595703125,594.1993408203125,917.7882080078125,628.48046875,964.2647094726562,623.1689453125,906.993408203125,670.08740234375,976.84423828125,663.8203125,898.7470703125,700.9274291992188,972.977294921875,701.0758056640625,942.654052734375,700.9549560546875,975.3768310546875,698.3486328125,917.3677978515625,758.6764526367188,964.3153076171875,755.520263671875,924.6904907226562,821.48876953125,977.8021240234375,814.0806884765625
924.8294677734375,598.1873779296875,923.78955078125,593.2997436523438,926.947265625,592.3104858398438,920.859130859375,597.7166137695312,944.0971069335938,594.2830200195312,916.0552368164062,628.0499877929688,962.6893310546875,622.9049072265625,905.821533203125,668.6585693359375,976.731201171875,661.597900390625,898.51611328125,699.7570190429688,973.002197265625,696.4928588867188,942.9190063476562,699.9814453125,975.43212890625,697.5679931640625,918.563720703125,757.6561889648438,963.76806640625,754.7391357421875,927.5128784179688,821.4129638671875,977.173095703125,814.2626953125
921.707763671875,598.8973999023438,920.77685546875,593.9931640625,923.8899536132812,592.9830322265625,918.78466796875,597.8692626953125,941.3728637695312,594.3111572265625,914.3192138671875,627.951904296875,960.5498046875,622.4713745117188,903.763671875,669.3723754882812,974.1560668945312,662.5032958984375,895.500732421875,701.3670043945312,971.564453125,700.201904296875,941.09130859375,699.931396484375,973.2039794921875,697.394287109375,920.7122802734375,758.18505859375,964.156982421875,754.830078125,930.3648681640625,822.6168212890625,976.6605224609375,814.60791015625
921.7037353515625,600.0929565429688,920.107177734375,595.1642456054688,923.2523193359375,594.298583984375,916.2869873046875,599.4362182617188,938.6298828125,595.99609375,911.25146484375,630.4948120117188,958.6807250976562,624.6260986328125,902.0993041992188,672.35693359375,973.9015502929688,664.4075317382812,894.177490234375,707.4656372070312,973.5772705078125,705.0418701171875,938.841796875,701.7685546875,971.577880859375,699.1826171875,920.71484375,760.0241088867188,963.9185791015625,756.27392578125,931.8521118164062,823.621337890625,976.078125,814.9030151367188
920.254150390625,604.64306640625,917.7755126953125,599.53515625,921.0933837890625,598.5628662109375,912.6395874023438,603.852783203125,937.750244140625,599.0690307617188,909.74658203125,636.4140625,959.715087890625,627.1854858398438,898.5071411132812,676.32958984375,976.3364868164062,667.6082763671875,889.6096801757812,703.1870727539062,975.3531494140625,711.78173828125,939.049072265625,709.1189575195312,973.4393920898438,704.74072265625,918.305419921875,767.9322509765625,961.867431640625,760.2327880859375,926.7724609375,833.9608154296875,973.7369384765625,818.0020751953125
914.7954711914062,608.9305419921875,912.2828979492188,604.1302490234375,915.738525390625,602.7933959960938,908.429443359375,609.731689453125,934.1478881835938,603.3934936523438,907.64404296875,644.16259765625,958.0156860351562,631.664306640625,896.0792236328125,684.2455444335938,976.300048828125,671.3563842773438,883.1435546875,707.8358764648438,975.7648315429688,716.054931640625,939.00537109375,714.0060424804688,973.3634033203125,708.03271484375,918.4561767578125,772.5458984375,961.1065673828125,762.2120361328125,929.1578369140625,838.7332763671875,975.642578125,818.3631591796875
911.7010498046875,614.3196411132812,909.3876953125,609.5262451171875,912.6343994140625,608.2999267578125,906.593994140625,615.4534301757812,931.3878173828125,609.3634033203125,906.8782958984375,650.306640625,956.4947509765625,637.9528198242188,893.6618041992188,689.988525390625,976.1268310546875,677.1563720703125,878.3699951171875,710.4949340820312,976.9304809570312,718.4771118164062,938.985595703125,719.6741943359375,972.3302001953125,713.6159057617188,915.8883056640625,775.9913330078125,956.6057739257812,765.62451171875,930.7981567382812,839.45166015625,973.6136474609375,819.2572021484375
905.82470703125,618.2327880859375,904.9736328125,613.7630615234375,907.2724609375,612.2484130859375,905.6903686523438,619.5341796875,926.7496337890625,613.235107421875,906.5792236328125,652.9593505859375,952.6456298828125,640.5926513671875,891.7776489257812,692.9166259765625,973.6078491210938,678.6270751953125,874.443603515625,714.5531616210938,977.0926513671875,717.4609375,940.469482421875,720.1896362304688,971.3021850585938,713.9409790039062,910.35888671875,777.5487060546875,953.036376953125,767.472412109375,928.6705322265625,838.9141845703125,974.765869140625,819.6553955078125
903.6121826171875,622.7841186523438,901.9320068359375,618.37109375,905.0106811523438,616.8671264648438,901.20947265625,623.6852416992188,923.2386474609375,617.040283203125,903.5216064453125,655.759033203125,948.93115234375,642.8721923828125,890.8592529296875,694.7199096679688,972.6245727539062,680.6219482421875,871.41796875,708.8087158203125,977.0158081054688,715.3063354492188,938.6756591796875,722.9323120117188,969.451416015625,716.4327392578125,905.31591796875,779.316162109375,952.1416625976562,768.6751708984375,924.6390380859375,837.0869750976562,977.8793334960938,817.5433959960938
896.771240234375,622.9839477539062,895.6587524414062,618.2401733398438,899.0315551757812,616.59619140625,897.3582763671875,622.9486083984375,919.6776123046875,615.80078125,902.1536865234375,653.3251953125,947.16650390625,639.2692260742188,892.7215576171875,690.872314453125,975.543701171875,675.630615234375,882.9995727539062,701.1311645507812,981.6356201171875,708.4839477539062,935.7620849609375,724.0204467773438,966.41455078125,716.6881103515625,902.559326171875,777.2613525390625,948.7733154296875,765.4100341796875,922.97314453125,835.3507690429688,976.812744140625,815.3703002929688
895.0289306640625,622.2234497070312,893.2494506835938,617.5267944335938,896.560302734375,615.8245849609375,891.321533203125,622.3506469726562,912.5494995117188,615.1898193359375,893.2662963867188,653.22607421875,938.1674194335938,637.1171875,886.0426025390625,691.416259765625,963.94140625,667.5389404296875,881.1112060546875,703.2799072265625,970.1641845703125,695.2748413085938,926.573974609375,721.6417236328125,957.18505859375,713.9288330078125,902.560302734375,776.38037109375,950.5599365234375,763.6148681640625,921.2728271484375,833.373779296875,975.7494506835938,812.3834838867188
884.4255981445312,621.8015747070312,883.3203735351562,617.593017578125,886.849609375,616.1405029296875,884.5882568359375,621.814697265625,906.6217041015625,616.09765625,883.9705810546875,653.5175170898438,934.9707641601562,639.7623291015625,869.9879150390625,695.7618408203125,960.0743408203125,672.5355224609375,860.5020751953125,712.2080078125,965.16748046875,693.6862182617188,919.44482421875,721.9929809570312,954.42578125,715.5470581054688,904.9656372070312,779.23388671875,957.5770263671875,769.612548828125,928.8057861328125,835.4470825195312,983.45166015625,819.0573120117188
880.695068359375,623.027099609375,879.0311279296875,618.7594604492188,882.71728515625,617.1669921875,877.8900146484375,623.4277954101562,901.24462890625,617.014892578125,874.9974365234375,656.2903442382812,929.658203125,640.2642211914062,860.3870849609375,700.2525024414062,958.3017578125,672.900146484375,854.2483520507812,713.480224609375,966.3077392578125,691.8780517578125,910.4774780273438,724.4120483398438,947.0452880859375,717.121337890625,907.6118774414062,782.5667724609375,957.0726928710938,771.1357421875,932.2271728515625,836.8775024414062,978.7681884765625,817.9649658203125
879.6162109375,618.7946166992188,877.0709838867188,614.679443359375,880.8839721679688,613.1716918945312,872.1031494140625,621.6033935546875,895.7745361328125,615.3096923828125,866.88232421875,657.409912109375,921.6370239257812,641.5421142578125,853.7718505859375,700.543212890625,953.0941772460938,672.987548828125,849.536865234375,706.735595703125,962.603759765625,684.2060546875,898.9143676757812,726.6742553710938,934.7000732421875,719.861083984375,910.3972778320312,785.140625,954.193359375,774.0814819335938,932.5965576171875,842.3831176757812,969.2213745117188,824.8504028320312
873.2378540039062,617.0288696289062,871.2388916015625,612.8614501953125,874.93798828125,611.7199096679688,868.113037109375,619.7392578125,892.1893310546875,614.7351684570312,863.3795166015625,655.3025512695312,916.8590698242188,641.8709106445312,847.3541259765625,697.380126953125,945.9412841796875,672.864013671875,841.4965209960938,705.8367919921875,953.2457275390625,680.6683959960938,892.55126953125,726.5521240234375,926.92041015625,720.770263671875,909.713623046875,786.3656616210938,946.396240234375,777.7308349609375,930.4351806640625,844.0068359375,958.4188232421875,830.6837768554688
868.3795166015625,618.9166259765625,865.8297119140625,614.4346313476562,868.9824829101562,614.0791625976562,859.9609375,618.4632568359375,881.9788818359375,616.0675048828125,853.7213745117188,652.32177734375,902.975830078125,644.092041015625,841.6575927734375,693.43603515625,936.2158203125,674.9412841796875,835.9205322265625,704.041748046875,952.0493774414062,681.0309448242188,882.3758544921875,726.77978515625,913.8094482421875,724.6449584960938,902.3985595703125,784.6185302734375,930.287841796875,779.9478759765625,923.1016845703125,845.1831665039062,943.9395751953125,836.349609375
867.5820922851562,621.55224609375,863.832275390625,616.4535522460938,868.0233154296875,616.0811767578125,854.43359375,620.8648071289062,879.5718994140625,617.935791015625,848.4034423828125,656.0889892578125,898.39404296875,645.7939453125,836.2442626953125,698.0950927734375,926.851318359375,677.7950439453125,844.2020263671875,685.7393188476562,946.606201171875,670.4589233398438,878.80126953125,731.2699584960938,909.9472045898438,727.791748046875,896.877685546875,794.047119140625,921.70703125,785.9595336914062,915.2275390625,855.9013671875,923.9869384765625,840.6915893554688
864.0335693359375,624.2901000976562,860.3560791015625,619.1942749023438,864.017822265625,619.6400146484375,850.34228515625,624.4766235351562,872.9779052734375,624.3175659179688,843.0093994140625,658.1031494140625,889.5830078125,654.0687255859375,830.3367919921875,695.2098388671875,921.4564208984375,684.2152099609375,839.521240234375,684.86181640625,945.9017944335938,671.1009521484375,869.63916015625,735.2543334960938,897.6751708984375,734.8042602539062,896.2091674804688,797.0196533203125,914.2518310546875,794.2872314453125,902.1220703125,856.6810913085938,902.15625,851.0227661132812
859.682373046875,631.5986328125,855.874267578125,626.1630859375,859.092529296875,627.0966186523438,844.0556030273438,629.1790771484375,865.8316650390625,630.592041015625,833.3548583984375,662.443115234375,881.29345703125,660.6578369140625,818.5645751953125,699.5123901367188,914.5402221679688,691.0745849609375,830.7420654296875,686.9354858398438,940.8385009765625,672.9534912109375,857.207763671875,744.5853881835938,886.3082275390625,745.4942626953125,896.1715087890625,803.5171508789062,909.3839111328125,802.2577514648438,894.7058715820312,862.1119995117188,892.8579711914062,859.08837890625
864.3766479492188,635.58984375,857.0640869140625,629.8118286132812,862.0921630859375,631.3748779296875,834.8347778320312,634.4000244140625,859.43896484375,636.8729248046875,824.6875,666.525146484375,871.9970703125,668.5973510742188,817.3719482421875,694.3154296875,908.0106811523438,699.6039428710938,838.009765625,666.8216552734375,938.65625,675.6424560546875,849.72265625,748.9195556640625,878.001220703125,751.4996337890625,896.78955078125,809.8643188476562,904.5986938476562,809.29541015625,889.5128173828125,865.8158569335938,879.3590087890625,863.0546875
855.9160766601562,642.8153686523438,849.620849609375,637.1900634765625,853.72900390625,638.5783081054688,829.0643310546875,641.156982421875,852.4575805664062,643.8716430664062,816.9100341796875,671.926025390625,863.5988159179688,675.018798828125,799.63232421875,697.87109375,895.9850463867188,703.5632934570312,809.9703369140625,667.6497192382812,917.5755615234375,676.8240966796875,841.2200927734375,754.1618041992188,867.0069580078125,757.80419921875,885.313720703125,817.1904296875,879.6835327148438,819.0494384765625,887.740966796875,869.7251586914062,851.6969604492188,869.6024780273438
845.592041015625,647.9647216796875,840.2741088867188,642.0244140625,843.1466064453125,643.5404663085938,821.824462890625,645.323486328125,842.39990234375,648.5709838867188,808.67578125,674.3486938476562,855.2828979492188,679.51806640625,787.9847412109375,697.6522827148438,881.6859130859375,710.6285400390625,798.6689453125,662.3641357421875,898.9044799804688,684.7850952148438,836.475830078125,757.4410400390625,860.9581298828125,761.6021728515625,881.1329345703125,821.4942626953125,864.9310913085938,823.867919921875,886.9938354492188,874.6544189453125,828.76318359375,874.1610107421875
839.8463134765625,651.9163818359375,834.658447265625,646.3756103515625,836.8929443359375,647.7932739257812,814.8974609375,651.7237548828125,834.054443359375,654.421142578125,803.248291015625,682.47265625,844.2216796875,685.4647827148438,777.99560546875,699.0185546875,872.082275390625,705.2325439453125,788.86376953125,669.023193359375,893.01611328125,681.173828125,833.6026611328125,762.7263793945312,852.8116455078125,765.7044067382812,876.174072265625,825.2023315429688,839.79052734375,825.47607421875,891.98779296875,882.932373046875,812.2062377929688,880.3824462890625
819.5996704101562,656.597412109375,815.5784912109375,651.5673828125,819.43310546875,651.7752075195312,802.2767944335938,657.068359375,827.7396240234375,656.0394287109375,793.7092895507812,689.064453125,838.623046875,684.7618408203125,773.8865966796875,708.6644287109375,858.783203125,711.2296752929688,786.441162109375,672.814453125,876.2319946289062,699.2525634765625,817.9579467773438,770.13134765625,843.3978881835938,768.5277099609375,849.140380859375,830.7239990234375,842.5585327148438,824.2467041015625,858.9276123046875,885.14501953125,826.6005859375,871.7822265625
818.417236328125,659.3079833984375,812.69677734375,654.7110595703125,816.4293212890625,656.2310791015625,794.790771484375,663.2589721679688,816.5885009765625,665.4213256835938,788.803955078125,692.9302368164062,823.575439453125,695.904052734375,764.7193603515625,699.3458862304688,845.3651733398438,713.7940673828125,763.9443359375,664.9620361328125,863.413330078125,697.2794189453125,811.5491943359375,772.2361450195312,827.0845947265625,773.87109375,851.1151123046875,831.341064453125,822.4886474609375,829.9910888671875,865.8016357421875,885.8560180664062,798.3924560546875,881.480712890625
810.0177001953125,663.3798828125,804.2269287109375,658.082763671875,807.3935546875,659.3016967773438,783.4957275390625,662.8765869140625,803.9091796875,665.2301025390625,772.0323486328125,690.4317626953125,810.7036743164062,695.67529296875,753.351806640625,708.3631591796875,835.946533203125,721.1812744140625,755.9699096679688,674.6983642578125,847.262451171875,696.4950561523438,797.6390991210938,771.757080078125,817.4148559570312,776.2496337890625,839.1703491210938,837.8644409179688,821.0802001953125,841.61572265625,844.94384765625,894.5795288085938,792.73828125,898.5206298828125
797.7845458984375,663.760986328125,791.447021484375,658.5736694335938,794.8438720703125,659.711669921875,772.647216796875,666.605712890625,793.9390869140625,667.2027587890625,765.8681640625,697.2401733398438,804.9158935546875,696.5949096679688,744.526123046875,712.5704345703125,824.1483764648438,715.5614013671875,737.315673828125,670.9759521484375,827.0300903320312,684.8995361328125,791.9511108398438,772.4849853515625,814.0339965820312,773.3908081054688,821.1183471679688,837.404541015625,822.861572265625,835.8012084960938,815.8167114257812,896.9024047851562,798.3740234375,891.6866455078125
777.5974731445312,663.9515380859375,770.66455078125,658.0047607421875,774.239013671875,658.1598510742188,753.7271118164062,664.7228393554688,779.3095703125,660.6036376953125,750.745361328125,694.0391845703125,799.707275390625,686.337646484375,743.5091552734375,711.993408203125,823.0281372070312,704.9984741210938,732.61669921875,667.453369140625,797.4385986328125,674.6896362304688,783.4349365234375,769.1790161132812,814.61328125,766.8651123046875,807.3619384765625,837.56005859375,822.17578125,832.677734375,797.6065063476562,901.9232177734375,800.993408203125,894.0306396484375
764.9554443359375,662.7402954101562,757.6828002929688,656.373291015625,761.2994995117188,656.489013671875,740.5186157226562,666.7352294921875,764.5120849609375,662.2066650390625,740.510986328125,698.2562255859375,788.50048828125,690.2587280273438,737.2779541015625,693.220703125,814.1663818359375,684.7429809570312,724.3167724609375,663.023681640625,789.9874877929688,667.7681884765625,779.674072265625,777.7402954101562,810.462158203125,775.1881713867188,789.78564453125,838.541015625,814.5126953125,833.7978515625,773.1483764648438,899.6180419921875,792.63427734375,892.2659912109375
774.077880859375,664.0296020507812,766.4308471679688,657.3182983398438,770.0180053710938,658.2862548828125,742.712890625,667.9337158203125,761.6351318359375,667.4981689453125,735.5836181640625,695.933349609375,777.7562255859375,692.1612548828125,713.2675170898438,680.01171875,794.468017578125,666.2290649414062,696.808837890625,661.2481689453125,786.7037353515625,641.44091796875,773.1043701171875,769.6744384765625,799.3265380859375,769.638427734375,780.2347412109375,838.2398071289062,818.5966186523438,836.47021484375,750.513916015625,895.7982177734375,790.8973388671875,891.607421875
733.9629516601562,667.4950561523438,730.0760498046875,661.947021484375,733.2692260742188,661.6947021484375,722.63916015625,670.5693359375,745.1824340820312,666.437744140625,721.81982421875,696.8765869140625,766.24853515625,684.9249267578125,700.1063232421875,683.8426513671875,776.2600708007812,658.0665283203125,683.0009765625,661.0706176757812,758.7914428710938,636.0306396484375,764.9260864257812,773.7632446289062,794.37548828125,769.380615234375,759.2586669921875,842.8536376953125,813.7056884765625,836.4537963867188,724.3480834960938,902.0841064453125,789.1409912109375,888.6077270507812
741.1354370117188,663.0135498046875,733.610595703125,657.0455932617188,738.2404174804688,656.7943115234375,714.4312744140625,671.3986206054688,741.075927734375,665.970703125,715.0226440429688,703.3771362304688,762.669921875,687.5947875976562,700.973388671875,676.0127563476562,778.2459716796875,638.4698486328125,693.2503662109375,638.5095825195312,757.2257690429688,601.2236938476562,757.420654296875,775.101806640625,790.5633544921875,770.1497802734375,746.4772338867188,846.6766357421875,807.4766235351562,837.2716064453125,702.3707885742188,909.4920043945312,788.6939697265625,893.5150146484375
716.2357788085938,667.3793334960938,709.2821655273438,662.3365478515625,713.7935791015625,662.3289184570312,696.6365966796875,678.3104248046875,722.8841552734375,672.1165771484375,706.710693359375,708.2705688476562,743.458984375,689.1575927734375,719.685546875,663.5430297851562,756.2539672851562,629.5222778320312,737.413330078125,605.4230346679688,749.775634765625,584.024169921875,757.5447998046875,780.9345703125,786.7891845703125,772.69482421875,727.0607299804688,846.393310546875,810.6375732421875,831.2686157226562,683.7766723632812,916.434326171875,811.2119750976562,889.5726928710938
705.2928466796875,674.9159545898438,699.3145141601562,670.9751586914062,703.611572265625,668.4854736328125,687.6737670898438,687.0035400390625,713.8072509765625,673.56103515625,698.2849731445312,724.1005249023438,731.9544067382812,691.8334350585938,717.7349853515625,709.9501953125,760.0651245117188,647.0985717773438,728.4341430664062,663.0346069335938,759.309814453125,610.6525268554688,744.7589111328125,792.6485595703125,773.51025390625,778.9037475585938,710.3108520507812,858.4176635742188,797.724853515625,835.1607666015625,658.5933227539062,931.769287109375,803.74072265625,893.85107421875
692.1566162109375,684.0108642578125,686.7045288085938,680.6900634765625,691.6028442382812,677.1864013671875,675.309326171875,694.5300903320312,703.254150390625,679.100341796875,683.22119140625,733.1218872070312,723.9542846679688,698.7738037109375,706.9158325195312,740.6998901367188,762.6886596679688,675.0142211914062,717.6251220703125,708.906005859375,766.0546875,654.1160278320312,726.9400634765625,800.7705078125,761.44921875,786.1964111328125,694.5311279296875,865.716796875,790.1385498046875,841.352294921875,651.9979248046875,934.5396728515625,804.705810546875,896.0051879882812
674.0114135742188,699.90673828125,671.2257080078125,697.3818969726562,676.1929321289062,692.51025390625,668.2442626953125,706.6093139648438,699.7711181640625,687.7958984375,674.3294677734375,743.8738403320312,724.1900634765625,703.5023803710938,688.03515625,776.3118896484375,765.794921875,699.91015625,700.2196655273438,755.0426025390625,769.3795166015625,693.3978881835938,719.4533081054688,813.4586791992188,760.75244140625,796.156982421875,682.4845581054688,876.5623168945312,782.7716064453125,848.625732421875,644.4560546875,946.10791015625,803.444091796875,902.5704345703125
675.5369262695312,709.8155517578125,670.7055053710938,706.0435180664062,675.8742065429688,702.656982421875,662.4130859375,715.4615478515625,698.711181640625,700.3809204101562,665.4178466796875,757.5741577148438,728.2119140625,722.681640625,673.316650390625,802.4705200195312,761.9065551757812,737.738037109375,679.03662109375,799.7374877929688,747.3831787109375,748.2259521484375,701.1907958984375,825.595947265625,751.9671020507812,810.476806640625,675.4929809570312,882.55224609375,774.982421875,857.857177734375,648.663330078125,947.8167114257812,801.1213989257812,908.4735107421875
673.9265747070312,721.081787109375,669.6915893554688,717.0654296875,674.9033203125,713.5304565429688,662.6640625,726.06884765625,700.6605834960938,710.651123046875,662.48095703125,767.9393310546875,727.2854614257812,736.3604736328125,667.6209716796875,811.3858642578125,756.992431640625,768.44384765625,672.3005981445312,815.392578125,740.8093872070312,810.93798828125,688.1713256835938,835.9151611328125,740.902587890625,821.4940795898438,666.7193603515625,888.4324951171875,764.6119384765625,864.241943359375,645.6436767578125,951.733154296875,797.2604370117188,914.4620361328125
673.2825927734375,729.4717407226562,670.0111083984375,725.0384521484375,674.1905517578125,722.4375610351562,665.2777709960938,731.6471557617188,698.1453247070312,719.9838256835938,666.4027709960938,771.7589721679688,723.5967407226562,746.5072021484375,667.9756469726562,819.7029418945312,745.6309814453125,784.7308959960938,669.0513305664062,817.6087646484375,729.7561645507812,812.75146484375,690.021484375,839.723388671875,737.5575561523438,827.8090209960938,660.8111572265625,888.6448974609375,756.0224609375,868.568115234375,644.4805908203125,951.8505859375,789.34619140625,919.5155639648438
674.002197265625,731.3494262695312,672.4649658203125,726.3594360351562,675.8031616210938,724.347900390625,672.4974975585938,732.5648193359375,701.1710205078125,723.938720703125,671.8311157226562,771.1232299804688,727.3345947265625,751.7645874023438,670.130859375,821.1800537109375,741.6236572265625,791.1468505859375,673.1983642578125,833.7493896484375,725.8215942382812,816.4996337890625,693.0116577148438,842.9760131835938,738.8101196289062,833.5230102539062,657.5343017578125,885.5350341796875,753.8529052734375,871.6029052734375,641.9010620117188,949.35546875,780.3406982421875,926.77294921875
686.8052978515625,726.2445068359375,685.0816040039062,721.169921875,688.5321044921875,719.5672607421875,682.7908935546875,727.851318359375,713.0008544921875,720.8157958984375,678.2572021484375,766.99853515625,736.7581787109375,750.93310546875,676.2327270507812,815.6537475585938,748.60595703125,791.6124267578125,688.7012939453125,830.3050537109375,735.6260986328125,818.634765625,695.8964233398438,840.556884765625,743.6801147460938,832.727783203125,664.2349853515625,882.646240234375,760.43798828125,870.7275390625,643.6224365234375,947.2091674804688,780.1353149414062,927.057373046875
704.2171630859375,716.6646118164062,700.9278564453125,711.5067138671875,705.488037109375,710.0817260742188,694.933349609375,718.2185668945312,725.9026489257812,711.1798095703125,691.1040649414062,758.024658203125,747.6964721679688,741.7374267578125,684.6070556640625,805.9161987304688,759.8917236328125,781.80517578125,688.2682495117188,820.3070068359375,750.490966796875,815.9558715820312,705.0770874023438,833.900146484375,750.6007690429688,826.6265869140625,677.4366455078125,879.9322509765625,767.2026977539062,867.6051635742188,646.8812255859375,945.7175903320312,775.677001953125,924.9549560546875
716.968994140625,706.3590087890625,714.5509033203125,700.98291015625,718.3126220703125,699.9182739257812,709.1670532226562,706.846435546875,739.6333618164062,701.7200317382812,703.2911376953125,746.261962890625,760.466064453125,733.521728515625,694.675048828125,797.047607421875,768.3297729492188,773.89013671875,702.320068359375,816.8604125976562,754.3629150390625,800.7178344726562,717.4014282226562,821.9927978515625,763.3827514648438,816.415283203125,686.9066162109375,877.5543823242188,773.9302368164062,869.0220947265625,651.7498168945312,939.617431640625,775.68505859375,924.755859375
726.3452758789062,693.7977294921875,725.212646484375,688.4356689453125,729.1799926757812,687.807373046875,723.509033203125,694.47314453125,753.6828002929688,691.701904296875,714.1624755859375,730.734130859375,774.044189453125,725.904296875,700.1243896484375,775.6741943359375,781.57080078125,769.5130004882812,697.6632080078125,805.57275390625,768.15625,799.8521728515625,724.6405029296875,812.170654296875,770.921142578125,809.397705078125,694.1353759765625,866.8428955078125,780.6656494140625,865.0526733398438,662.6133422851562,928.4998779296875,783.8633422851562,924.2008666992188
733.05712890625,683.6304931640625,731.8881225585938,678.2677001953125,736.277587890625,677.447265625,731.0699462890625,684.2522583007812,762.188232421875,680.8387451171875,724.1341552734375,719.4885864257812,783.03662109375,715.0851440429688,709.5584716796875,760.583984375,794.9837036132812,757.5428466796875,698.9505615234375,790.169677734375,779.0066528320312,788.2545776367188,737.1746215820312,800.4947509765625,781.15966796875,797.894287109375,708.8985595703125,858.4777221679688,783.9547119140625,857.5402221679688,684.5618286132812,921.045654296875,789.5833740234375,918.2694091796875
744.7857055664062,670.1524047851562,743.4021606445312,664.74267578125,747.114013671875,664.2020263671875,740.1182250976562,669.7471923828125,768.5242919921875,667.7576904296875,731.1973266601562,702.871826171875,790.6143798828125,702.4107666015625,717.6119384765625,743.5706176757812,809.267578125,743.566650390625,700.648193359375,771.57666015625,790.1103515625,766.7646484375,748.46435546875,785.7280883789062,791.0641479492188,785.4149780273438,722.2160034179688,845.45263671875,786.7479248046875,848.5625610351562,711.0137939453125,908.411865234375,790.2775268554688,913.30322265625
752.8946533203125,660.4749145507812,751.5629272460938,654.7849731445312,754.691650390625,654.1575317382812,745.9974975585938,658.3431396484375,774.364990234375,656.4248657226562,735.891845703125,692.23095703125,796.422119140625,691.3264770507812,720.746826171875,735.5377197265625,818.0526123046875,737.4866943359375,707.7096557617188,768.0228271484375,804.1565551757812,769.4866943359375,760.4010009765625,773.8314208984375,802.1863403320312,773.212646484375,732.3915405273438,838.552001953125,786.4381713867188,840.190185546875,732.5455322265625,904.4756469726562,792.8133544921875,906.1199340820312
755.2706298828125,653.7260131835938,754.2257690429688,648.073974609375,757.7540283203125,647.3112182617188,751.761474609375,651.9756469726562,779.2305908203125,649.183837890625,743.7745971679688,685.9571533203125,801.861328125,682.3084106445312,727.4833984375,732.2486572265625,817.7244873046875,727.2838745117188,715.4881591796875,766.3446044921875,807.0324096679688,762.7681884765625,769.3385009765625,767.4825439453125,809.1611328125,765.735107421875,745.885498046875,828.9227294921875,797.3003540039062,828.1532592773438,751.2549438476562,895.1993408203125,805.664794921875,892.121826171875
764.460693359375,649.4913330078125,762.7698364257812,643.609375,765.8992919921875,642.7474365234375,758.1636962890625,647.20703125,785.767578125,643.459228515625,750.7662353515625,681.661865234375,810.4711303710938,675.303466796875,734.046142578125,729.6509399414062,827.919921875,719.7200317382812,722.272216796875,765.082275390625,814.467529296875,756.6378173828125,783.986083984375,761.389404296875,825.2188110351562,758.4454345703125,755.9844360351562,823.0765380859375,811.26123046875,820.1181640625,761.8948974609375,893.683837890625,823.7088623046875,886.2677001953125
773.772705078125,645.5140380859375,772.9234619140625,639.910888671875,775.3738403320312,638.9552612304688,769.6356201171875,644.0575561523438,795.941162109375,640.44921875,761.5011596679688,679.45703125,819.5625,671.58935546875,741.14501953125,725.8074951171875,836.1099243164062,713.2427978515625,731.6402587890625,765.0950317382812,827.7303466796875,752.8247680664062,789.0794677734375,758.588134765625,829.5983276367188,754.7060546875,768.951904296875,820.1751708984375,823.5211181640625,815.10400390625,777.1126098632812,891.8624267578125,840.1071166992188,881.7889404296875
785.61669921875,645.0347900390625,783.5590209960938,639.323974609375,786.2586669921875,638.8526000976562,777.1173095703125,642.7022705078125,803.0850219726562,640.1437377929688,770.39013671875,677.3111572265625,825.0906982421875,671.4871826171875,753.8597412109375,721.6699829101562,844.024658203125,712.41357421875,739.3252563476562,761.0374145507812,834.727294921875,749.3988037109375,797.375,756.5707397460938,836.6953125,753.9431762695312,777.0223388671875,818.7794189453125,837.441650390625,815.5738525390625,784.01806640625,886.310302734375,859.5181884765625,878.7530517578125
790.8626708984375,643.8013916015625,789.6253051757812,638.8088989257812,793.720458984375,638.3212890625,787.860107421875,644.0037841796875,813.7900390625,641.7862548828125,780.21533203125,678.0864868164062,835.7737426757812,674.307861328125,761.0531005859375,720.809814453125,856.0999755859375,719.6764526367188,745.4788818359375,757.21044921875,864.7824096679688,765.9900512695312,801.06494140625,759.3598022460938,841.582275390625,757.30810546875,779.38671875,817.7711791992188,853.68994140625,814.3792724609375,792.06591796875,880.4979858398438,890.246826171875,872.2413330078125
801.1232299804688,645.0651245117188,800.1136474609375,640.371337890625,803.5531005859375,639.7823486328125,798.2850341796875,645.9623413085938,822.2902221679688,643.2589111328125,792.525390625,679.716796875,843.65380859375,674.4434814453125,770.136474609375,721.0006103515625,864.07470703125,719.462646484375,751.390869140625,750.4722290039062,872.3399047851562,760.8983154296875,814.1240234375,761.5493774414062,852.9698486328125,758.517822265625,789.717041015625,821.1044311523438,873.0537109375,816.079833984375,802.7606201171875,880.077392578125,919.21533203125,870.2686767578125
814.196533203125,651.6728515625,812.184326171875,646.8373413085938,816.396484375,646.3328247070312,807.49072265625,651.269775390625,832.2779541015625,648.9064331054688,799.777099609375,683.5167846679688,853.8722534179688,679.1131591796875,778.1845092773438,726.9312744140625,876.1165771484375,724.8419189453125,754.250732421875,758.5357666015625,881.162353515625,762.7332763671875,822.3272705078125,765.67578125,863.9796752929688,763.13916015625,797.173583984375,824.080810546875,892.420654296875,820.5250244140625,802.9527587890625,880.7426147460938,934.9080810546875,873.4822998046875
821.8844604492188,653.4107666015625,820.9072265625,648.67138671875,824.06689453125,648.0593872070312,818.5493774414062,652.98583984375,841.2174072265625,650.909423828125,809.8610229492188,687.724609375,860.2763671875,683.8702392578125,787.5428466796875,729.274658203125,880.7479248046875,730.4469604492188,761.8397827148438,759.21826171875,882.6422119140625,771.27197265625,823.6119384765625,765.5604858398438,862.6859130859375,763.4449462890625,810.0712890625,819.0220947265625,897.3558349609375,815.849609375,804.0419921875,878.17578125,928.5321044921875,871.9788818359375
832.367431640625,653.6002807617188,830.30224609375,648.762939453125,834.1875,648.796875,825.8140869140625,653.7442016601562,849.1572265625,653.1439819335938,817.1502685546875,684.9368286132812,867.7142944335938,685.1387939453125,799.7166137695312,726.2118530273438,887.5054931640625,730.9849243164062,775.47314453125,757.7884521484375,888.0844116210938,765.026611328125,829.9932861328125,763.0610961914062,869.3018188476562,762.9680786132812,815.5777587890625,816.0613403320312,904.8466186523438,816.6925048828125,806.744140625,871.7861328125,930.9759521484375,870.7203369140625
835.9849853515625,653.2471923828125,834.8704833984375,648.224609375,837.833251953125,648.287841796875,832.2471313476562,653.3816528320312,854.3583984375,653.281005859375,824.0662841796875,687.1965942382812,869.1358642578125,687.99365234375,808.035400390625,723.6290283203125,881.23193359375,731.9899291992188,788.3215942382812,749.978271484375,875.6676025390625,763.706298828125,828.7835083007812,763.4013061523438,865.61083984375,763.3870849609375,818.0755615234375,813.712158203125,903.8406372070312,814.2756958007812,805.508544921875,869.3636474609375,930.70703125,868.7330322265625
834.9171142578125,655.2969970703125,833.4427490234375,649.94140625,836.6889038085938,650.2490844726562,830.7198486328125,653.5069580078125,853.445556640625,653.6068115234375,824.5101928710938,684.1307373046875,871.45068359375,684.6324462890625,816.0045166015625,727.135498046875,883.7634887695312,728.284423828125,806.0281982421875,757.99609375,876.231201171875,756.9801635742188,832.45947265625,761.9703369140625,870.5147705078125,762.599853515625,814.9053955078125,811.9658203125,902.5711669921875,814.24169921875,802.1771240234375,863.99853515625,926.0685424804688,868.0924072265625
826.2225952148438,650.4287109375,826.3544311523438,645.6258544921875,828.78759765625,645.0088500976562,825.6685791015625,648.8438110351562,848.7353515625,647.3963623046875,819.1913452148438,676.71484375,864.9589233398438,677.0003662109375,817.1658935546875,718.286376953125,876.0767211914062,720.740234375,812.91162109375,753.1096801757812,857.5559692382812,750.6015014648438,829.7486572265625,754.6787109375,869.031005859375,754.7019653320312,804.6419677734375,804.4414672851562,895.0599365234375,806.5379638671875,804.8911743164062,859.8975219726562,937.365234375,863.226806640625
818.8450927734375,642.1644287109375,819.6884765625,637.309326171875,821.8011474609375,636.5177001953125,819.607177734375,640.2071533203125,842.36376953125,639.139404296875,814.169189453125,670.0594482421875,857.600830078125,672.064697265625,816.4669189453125,712.33642578125,866.0064697265625,714.2091674804688,808.0255126953125,752.0130615234375,839.0782470703125,740.1650390625,826.4764404296875,749.6236572265625,863.7449340820312,750.8280029296875,796.994384765625,793.5894775390625,880.6177368164062,798.6798706054688,803.1739501953125,850.9591064453125,923.3890380859375,859.8709716796875
806.9320678710938,636.308837890625,807.3118896484375,630.7637939453125,809.740966796875,630.3340454101562,808.2960205078125,632.474853515625,830.68505859375,631.507568359375,809.2012939453125,661.53466796875,847.6966552734375,662.811279296875,813.1737060546875,701.6090698242188,851.1307373046875,699.5286865234375,798.9769287109375,736.3024291992188,821.446533203125,723.1932983398438,828.5950927734375,744.6264038085938,862.0849609375,746.3624267578125,791.73486328125,788.5380859375,875.1498413085938,793.8121337890625,801.8795166015625,841.9590454101562,924.641357421875,850.6320190429688
792.5360107421875,632.24267578125,794.0491943359375,626.7000732421875,796.0699462890625,626.2462768554688,799.9117431640625,627.94189453125,820.0900268554688,626.7174682617188,804.1657104492188,656.413330078125,838.3386840820312,656.39794921875,805.330322265625,698.857666015625,841.4119262695312,694.8301391601562,793.293212890625,734.0943603515625,818.4898681640625,721.9056396484375,826.2518920898438,739.0750122070312,855.021484375,739.9393310546875,791.4119873046875,790.854248046875,860.6412963867188,794.68017578125,811.1771240234375,836.10693359375,909.6690673828125,842.5789794921875
783.0498046875,633.1011962890625,784.2592163085938,627.4305419921875,786.6722412109375,626.5614013671875,790.6184692382812,629.6423950195312,811.7515869140625,626.3251953125,796.972900390625,659.937255859375,833.847900390625,654.2127075195312,791.4900512695312,706.4303588867188,839.8192749023438,694.8696899414062,776.60400390625,746.97705078125,820.722900390625,731.2120361328125,823.38720703125,740.7344970703125,851.1834716796875,737.7636108398438,789.1263427734375,795.467529296875,844.3436279296875,793.91796875,822.1353759765625,838.7345581054688,890.6376953125,837.1534423828125
777.0948486328125,629.865478515625,777.3103637695312,625.2369384765625,779.1917724609375,623.5052490234375,780.1717529296875,628.8536376953125,801.362060546875,622.5939331054688,786.2840576171875,659.0033569335938,822.6441650390625,647.0067749023438,782.638916015625,706.0445556640625,832.870849609375,688.2054443359375,768.5673828125,747.850830078125,816.75439453125,732.4235229492188,817.599853515625,734.076904296875,844.169189453125,727.9470825195312,784.52490234375,790.0201416015625,825.7987060546875,781.87548828125,821.5816040039062,834.1220703125,870.8223266601562,818.1287841796875
768.09423828125,628.3525390625,769.5006103515625,623.604736328125,769.8272705078125,621.2664184570312,774.2442626953125,626.5391845703125,790.504150390625,618.8108520507812,780.8486328125,658.7022094726562,815.287109375,642.4265747070312,777.165283203125,713.0440063476562,822.0020751953125,682.3506469726562,758.2888793945312,756.9530029296875,801.6619262695312,728.25390625,819.845947265625,732.5064697265625,844.0748291015625,724.8765869140625,780.8798217773438,785.362060546875,814.6177368164062,774.5590209960938,820.6431884765625,833.2642822265625,853.3055419921875,813.2517700195312
762.7077026367188,625.7109375,762.4359130859375,621.8709716796875,765.28466796875,619.3408813476562,764.6761474609375,627.918701171875,789.0958251953125,618.9988403320312,774.456298828125,661.8331909179688,806.87353515625,644.2393798828125,769.7601318359375,712.0904541015625,802.4931640625,684.2164306640625,744.2283935546875,749.4164428710938,768.560546875,728.233154296875,810.418701171875,731.1924438476562,832.123046875,722.2122192382812,781.7059936523438,784.7239990234375,793.9891357421875,773.2369384765625,822.824462890625,830.5006713867188,825.7091674804688,809.8086547851562
756.205810546875,626.6650390625,755.906005859375,622.2786254882812,758.6007080078125,620.0919189453125,759.1439208984375,626.7499389648438,781.4155883789062,618.712890625,768.5689086914062,659.7027587890625,797.0419921875,644.8136596679688,761.5521240234375,709.6480102539062,793.6622314453125,685.4041137695312,734.63134765625,743.029052734375,759.2069091796875,726.7974853515625,803.3275146484375,729.4112548828125,821.251220703125,722.620849609375,785.8287353515625,786.148681640625,785.3612060546875,777.686767578125,819.7476196289062,838.1046142578125,808.287353515625,821.9654541015625
750.134033203125,622.455078125,749.6588134765625,618.2357788085938,752.611572265625,616.3523559570312,752.5570068359375,622.7792358398438,775.065185546875,615.8167724609375,763.8936767578125,654.4784545898438,786.8684692382812,642.5699462890625,758.9063720703125,701.2564086914062,780.7406616210938,682.9218139648438,729.9476318359375,734.9595947265625,744.25341796875,722.3624877929688,795.0849609375,727.5615844726562,809.6221923828125,722.2442016601562,781.0965576171875,785.8564453125,776.113525390625,779.90478515625,814.9425659179688,836.9168701171875,800.5150146484375,824.8009643554688
745.14013671875,619.551025390625,744.815673828125,615.33056640625,747.2462158203125,613.514404296875,747.1800537109375,620.1443481445312,768.0469970703125,613.7703247070312,755.531005859375,651.8079223632812,782.8385009765625,640.94873046875,751.2144165039062,698.9255981445312,784.718505859375,680.8589477539062,723.6094970703125,731.6690673828125,754.7617797851562,717.1082763671875,784.4959716796875,722.75634765625,800.4615478515625,718.1790161132812,776.7601318359375,780.1415405273438,768.593505859375,775.14013671875,816.2021484375,831.0221557617188,788.1710815429688,820.5401000976562
736.0078125,619.2044067382812,736.1845092773438,614.7244262695312,738.0218505859375,612.419189453125,739.8515014648438,618.5454711914062,760.5335083007812,610.4951782226562,748.7881469726562,649.715087890625,776.534423828125,636.5387573242188,745.5745849609375,696.52099609375,780.254150390625,676.7000732421875,720.423583984375,730.3067626953125,749.6463623046875,718.634521484375,777.9519653320312,721.810791015625,793.0888671875,716.33056640625,773.189208984375,776.7031860351562,753.9266967773438,769.8463134765625,813.1973876953125,827.8734741210938,766.4138793945312,814.1493530273438
732.2899169921875,620.4025268554688,732.6735229492188,615.61572265625,734.33447265625,613.55712890625,734.6861572265625,617.814453125,754.962646484375,611.0029296875,743.1842651367188,647.3501586914062,769.678466796875,635.657470703125,741.9353637695312,694.489990234375,771.027099609375,678.0974731445312,718.6484375,733.8114624023438,742.8300170898438,720.7488403320312,772.1441650390625,720.0614624023438,787.5772705078125,714.0758666992188,768.8973388671875,776.8778686523438,758.08544921875,769.5023193359375,812.91162109375,823.7982788085938,778.8857421875,810.2583618164062
724.3863525390625,616.9721069335938,724.176025390625,613.0045166015625,726.9507446289062,610.9662475585938,727.0774536132812,618.4364013671875,749.1234130859375,611.4741821289062,738.4848022460938,650.7791137695312,760.7871704101562,638.7291870117188,739.4464111328125,698.5787353515625,762.0070190429688,680.2843017578125,717.0507202148438,734.51025390625,734.6448974609375,721.7671508789062,765.582763671875,719.5064697265625,778.19287109375,714.4052734375,766.5057373046875,773.30810546875,748.873046875,766.8548583984375,811.0313720703125,815.1593017578125,772.3181762695312,802.2636108398438
716.7693481445312,623.9661254882812,717.0629272460938,619.687744140625,719.5462646484375,617.985107421875,720.9183349609375,622.321533203125,741.7907104492188,616.7800903320312,731.971923828125,649.7577514648438,755.753662109375,640.7166137695312,737.9004516601562,697.8330078125,763.0950317382812,683.7001953125,726.0226440429688,740.9915771484375,743.460693359375,724.903076171875,760.0807495117188,719.08349609375,775.439453125,715.1212768554688,749.9937133789062,772.96875,748.2958984375,768.5637817382812,794.862548828125,811.641357421875,781.7642211914062,802.5970458984375
708.7840576171875,628.1189575195312,710.166015625,623.8935546875,712.346435546875,621.4996337890625,715.0677490234375,626.6180419921875,737.1463623046875,619.548828125,725.2054443359375,653.17041015625,751.5218505859375,643.83349609375,734.0831298828125,701.406982421875,757.6307983398438,688.8899536132812,727.569091796875,741.7467041015625,733.5440673828125,730.2596435546875,756.851318359375,722.0548706054688,774.6575317382812,717.8099365234375,735.7777099609375,776.4776000976562,740.4549560546875,771.8759765625,784.8901977539062,812.1220703125,780.169189453125,803.2190551757812
705.0079345703125,634.40234375,706.0567626953125,630.2400512695312,708.22607421875,627.9418334960938,710.0318603515625,632.1090087890625,731.3784790039062,625.2538452148438,719.62890625,656.7421875,747.1854858398438,647.8364868164062,733.4140625,703.5989990234375,755.9317626953125,691.326171875,730.4440307617188,743.8126220703125,734.6416015625,732.4676513671875,755.21630859375,721.9788818359375,774.177978515625,718.295654296875,734.2315673828125,776.0355224609375,743.6285400390625,771.7403564453125,780.63671875,810.3829345703125,780.803955078125,801.3724365234375
698.7247314453125,637.3861694335938,700.8120727539062,633.6702880859375,702.00634765625,630.8917236328125,706.8037109375,637.1854248046875,724.3449096679688,629.2490844726562,715.8652954101562,662.39990234375,741.55126953125,652.1089477539062,731.6807861328125,705.470947265625,749.5587158203125,690.7802734375,731.2259521484375,744.3374633789062,729.9805908203125,731.7716064453125,755.5625,722.1571044921875,773.5636596679688,717.7125244140625,729.1349487304688,772.41748046875,741.7139892578125,766.8781127929688,775.0894775390625,803.2213134765625,780.25732421875,792.2656860351562
695.177978515625,640.7759399414062,697.0767822265625,637.1737060546875,697.4716796875,635.1055297851562,702.8257446289062,638.0223388671875,716.4505004882812,632.2371826171875,713.9981079101562,658.2662963867188,735.9061279296875,651.28857421875,730.621337890625,697.5537109375,746.280517578125,688.5582275390625,732.70703125,730.2444458007812,731.703369140625,722.253662109375,761.2116088867188,717.5665283203125,776.6427001953125,714.6784057617188,725.0770263671875,767.2915649414062,739.3362426757812,763.6638793945312,771.8489990234375,798.82421875,778.2493286132812,790.387939453125
694.1146850585938,640.9825439453125,695.8644409179688,637.2526245117188,697.3092651367188,634.7348022460938,699.9447021484375,639.5189819335938,718.5343017578125,632.5869140625,709.5942993164062,659.5335693359375,735.8657836914062,653.3245239257812,726.830322265625,698.2579345703125,748.867431640625,691.9424438476562,728.82421875,732.0591430664062,730.667236328125,726.4469604492188,756.8469848632812,717.034912109375,775.060302734375,714.3311157226562,719.0435791015625,764.1370239257812,733.66064453125,761.8822631835938,765.3311767578125,795.0188598632812,773.0234375,789.452392578125
695.3984985351562,638.1122436523438,696.88427734375,634.4251098632812,697.7869262695312,631.871826171875,699.1605224609375,636.8360595703125,717.1248779296875,629.4793701171875,707.53125,656.9781494140625,734.5239868164062,648.9776000976562,724.1881103515625,695.6517333984375,748.5477905273438,686.5857543945312,728.9403686523438,722.9177856445312,731.62158203125,718.4910888671875,755.6337280273438,714.613525390625,773.8786010742188,711.0433349609375,716.9133911132812,762.98681640625,729.994384765625,758.6656494140625,766.7521362304688,793.9124755859375,769.5618896484375,784.8096313476562
695.13623046875,633.9663696289062,696.7724609375,630.0916137695312,697.7973022460938,627.6296997070312,699.7490844726562,631.4990844726562,717.0367431640625,624.54150390625,707.7128295898438,651.1524658203125,733.1870727539062,643.67724609375,722.2421875,689.2366943359375,744.8209228515625,680.927978515625,728.5322875976562,720.34228515625,731.2205810546875,716.3903198242188,754.802978515625,709.3775634765625,772.3841552734375,706.0540161132812,718.112060546875,756.6697998046875,730.8477172851562,752.493896484375,759.24365234375,790.2998046875,764.8232421875,781.0579833984375
696.4696044921875,629.9866333007812,698.37353515625,626.0106201171875,699.138671875,623.6834716796875,701.9834594726562,626.4566650390625,717.986328125,620.0220947265625,708.5523071289062,645.462646484375,734.876220703125,638.64306640625,719.7215576171875,683.2940063476562,743.9556274414062,675.3082885742188,725.7532958984375,712.0831298828125,729.4410400390625,707.8746337890625,753.7694091796875,705.4451904296875,771.8587646484375,702.2159423828125,713.9112548828125,747.7127685546875,726.43896484375,743.8472900390625,753.9415283203125,780.3658447265625,757.1737670898438,771.7996826171875
698.9363403320312,618.8619995117188,700.4891967773438,615.0394287109375,702.02978515625,612.726806640625,704.0303955078125,618.394287109375,723.2886962890625,611.8727416992188,709.9451293945312,642.0059814453125,740.00927734375,634.7543334960938,719.0693969726562,679.5264282226562,746.371826171875,670.7537841796875,719.3885498046875,711.5302734375,726.1979370117188,706.2086181640625,748.82861328125,702.257080078125,769.7667846679688,698.8117065429688,714.5294189453125,744.1177978515625,730.1373291015625,740.3611450195312,751.5693969726562,780.3662109375,760.697265625,772.297607421875
700.80078125,612.1484985351562,702.3970947265625,608.5452880859375,704.3731079101562,605.7449340820312,706.7295532226562,612.39892578125,727.5855712890625,604.343505859375,712.578369140625,637.2972412109375,745.0888061523438,626.5467529296875,720.34716796875,676.0410766601562,752.93896484375,661.1478271484375,716.3238525390625,709.1392822265625,729.8904418945312,699.0416259765625,743.9625244140625,698.7449340820312,765.9586181640625,693.3450927734375,710.709716796875,741.7254638671875,723.9187622070312,735.4564819335938,749.2039794921875,778.229248046875,752.4544677734375,766.9224853515625
706.0849609375,603.2938842773438,706.6353759765625,599.8709716796875,709.0548095703125,597.955078125,710.0792846679688,603.0838623046875,730.07861328125,597.0595703125,718.3597412109375,627.8887939453125,747.13525390625,617.099365234375,721.1480712890625,669.737548828125,750.8593139648438,653.7601928710938,714.1890869140625,702.7572021484375,733.236572265625,692.0159912109375,743.1804809570312,694.7769165039062,762.9168701171875,688.5950927734375,703.3773193359375,737.3697509765625,718.6015014648438,729.6409301757812,743.916748046875,776.1302490234375,749.1016235351562,761.74072265625
711.3328857421875,596.0693359375,710.8958740234375,592.6202392578125,714.295654296875,590.8435668945312,712.0515747070312,596.6192626953125,734.6985473632812,590.62353515625,719.202880859375,622.7742919921875,753.20263671875,612.349609375,721.8773803710938,665.5946044921875,764.888916015625,650.7373046875,718.0130004882812,699.3313598632812,756.8235473632812,691.2857055664062,747.6072998046875,690.34619140625,769.531494140625,684.4498291015625,705.9607543945312,735.961669921875,719.2281494140625,728.37744140625,744.2373046875,776.8739013671875,742.343017578125,762.6907958984375
714.9570922851562,590.4824829101562,715.39501953125,586.4283447265625,719.6702880859375,584.7754516601562,719.465087890625,589.9873657226562,742.6401977539062,585.0883178710938,719.9992065429688,620.1387939453125,761.320068359375,611.724609375,713.5029296875,665.2662353515625,779.8302001953125,650.4683227539062,706.87939453125,703.4049072265625,788.0985107421875,689.3709716796875,741.4814453125,691.9213256835938,766.8653564453125,687.2894897460938,710.431396484375,736.0113525390625,723.4540405273438,731.13427734375,742.4263305664062,779.2651977539062,739.2599487304688,772.892578125
720.1689453125,585.29248046875,720.4119262695312,580.7250366210938,724.8527221679688,579.4905395507812,724.6074829101562,583.9788818359375,748.9791870117188,580.2705078125,723.400146484375,615.4017944335938,768.4964599609375,608.934814453125,713.3394775390625,661.2349853515625,785.1007080078125,650.7371826171875,704.6493530273438,698.0413208007812,791.6678466796875,688.9261474609375,739.6743774414062,689.05615234375,767.784912109375,685.445068359375,718.05810546875,738.160888671875,734.217041015625,734.6625366210938,745.4953002929688,784.6563720703125,745.753662109375,779.955322265625
722.5587768554688,579.9293212890625,722.8405151367188,575.7547607421875,727.0390625,574.9075317382812,728.4646606445312,580.0911865234375,750.6529541015625,576.9577026367188,730.775634765625,609.9857788085938,770.8544311523438,605.2574462890625,720.1603393554688,652.5435791015625,793.7392578125,647.1013793945312,709.0625,687.7249145507812,798.9373779296875,683.1085205078125,747.5103149414062,683.2784423828125,771.3541259765625,679.5631103515625,735.77978515625,736.9088745117188,745.0560302734375,734.0564575195312,753.1930541992188,783.6280517578125,742.8822021484375,780.233642578125
732.056884765625,577.0800170898438,731.4694213867188,572.541748046875,735.256591796875,572.1116943359375,733.57421875,576.1035766601562,755.380126953125,573.79833984375,733.6407470703125,605.1284790039062,775.1297607421875,600.978271484375,720.35546875,646.8649291992188,795.2615966796875,643.542236328125,711.4276123046875,677.620849609375,802.74365234375,679.70947265625,751.7575073242188,678.673828125,777.0089111328125,675.4052124023438,738.8230590820312,735.223388671875,752.2401123046875,731.7006225585938,753.1189575195312,785.92724609375,749.3890380859375,780.4341430664062
736.14404296875,574.4217529296875,735.5382080078125,569.7665405273438,739.5091552734375,569.3119506835938,736.708740234375,573.3304443359375,759.9150390625,571.2191162109375,734.6259155273438,602.744140625,779.99609375,599.437255859375,721.255126953125,644.99072265625,800.2216796875,643.0123291015625,715.2025146484375,676.47314453125,809.0853881835938,680.2061767578125,755.4376220703125,676.7058715820312,783.2906494140625,674.072265625,743.0117797851562,733.6622314453125,758.1160888671875,730.944091796875,758.3005981445312,785.0180053710938,755.112060546875,780.8067626953125
742.8787841796875,571.4500732421875,741.409912109375,566.4957275390625,745.459228515625,566.2824096679688,739.858154296875,569.9327392578125,764.6517944335938,568.15185546875,735.6752319335938,600.2838745117188,785.6401977539062,597.1240234375,722.5755615234375,641.292724609375,804.2448120117188,640.22216796875,719.573974609375,664.6665649414062,809.8128662109375,672.7392578125,755.301025390625,676.0867919921875,787.31884765625,673.8443603515625,745.2705078125,733.5379638671875,769.6474609375,730.5909423828125,757.838134765625,786.458740234375,767.556396484375,781.1771240234375
746.2894287109375,569.7138061523438,745.5364990234375,564.68212890625,748.8515625,564.5384521484375,745.1553955078125,567.7750244140625,768.57666015625,566.6259155273438,739.0402221679688,597.109130859375,789.7582397460938,595.997314453125,725.3238525390625,637.1307373046875,807.1730346679688,640.2634887695312,723.6663818359375,661.6197509765625,812.4468383789062,675.1139526367188,757.3291015625,673.6152954101562,790.695556640625,672.55419921875,747.6394653320312,733.1998901367188,778.7645263671875,731.7791137695312,756.8404541015625,791.1834716796875,778.4979858398438,787.7546997070312
751.0912475585938,569.7344970703125,750.315185546875,564.6034545898438,754.0056762695312,564.4596557617188,749.4690551757812,567.5133056640625,774.0582275390625,566.8001708984375,741.7747802734375,597.8619995117188,794.5006103515625,597.4615478515625,728.8192138671875,638.4667358398438,811.771484375,640.6207275390625,726.6773681640625,668.2628784179688,816.1983032226562,675.4600219726562,757.6453247070312,676.4876098632812,793.9865112304688,676.15380859375,748.2816162109375,735.2149658203125,793.8114624023438,735.2385864257812,752.7675170898438,795.024658203125,799.5103759765625,794.0477294921875
762.815673828125,571.4806518554688,760.3468017578125,566.0973510742188,764.563232421875,566.169921875,753.6790771484375,568.9761962890625,779.7952880859375,568.4851684570312,744.6292724609375,600.4154052734375,798.3169555664062,599.1361694335938,730.829833984375,642.1343383789062,817.173095703125,641.3773803710938,726.5751342773438,676.576416015625,821.6279296875,677.7267456054688,759.7984008789062,679.163330078125,797.4447021484375,678.6585693359375,751.267578125,738.7442626953125,802.564453125,738.0111083984375,752.7824096679688,798.450439453125,811.7499389648438,795.8018188476562
769.2244873046875,575.8814697265625,766.3833618164062,570.4679565429688,770.9248046875,570.6771850585938,758.9988403320312,573.3272705078125,785.1527709960938,573.0255737304688,749.5307006835938,606.2530517578125,801.8680419921875,604.9739379882812,733.579833984375,646.996337890625,819.1228637695312,647.15869140625,726.0072021484375,685.202392578125,825.7263793945312,690.607421875,762.05517578125,687.6849365234375,799.65771484375,687.2173461914062,754.5126953125,746.267333984375,812.71337890625,745.18701171875,752.2874755859375,803.958984375,824.497802734375,800.67529296875
774.616943359375,580.8154296875,772.1634521484375,575.4071655273438,776.4439086914062,575.39697265625,765.4569702148438,579.443359375,789.9673461914062,578.8358764648438,755.447265625,614.3431396484375,806.6212158203125,611.8118286132812,742.0774536132812,657.4607543945312,826.5100708007812,652.703369140625,732.7392578125,696.1495361328125,838.4429931640625,689.3646850585938,766.1138305664062,695.27099609375,803.431640625,694.1905517578125,754.8935546875,754.0794067382812,821.047119140625,752.8170776367188,752.7096557617188,811.2025146484375,838.1959228515625,808.6663818359375
775.035888671875,587.2403564453125,774.2645263671875,582.2042236328125,778.24365234375,581.8493041992188,771.8937377929688,586.092529296875,794.9511108398438,585.5308227539062,760.3681030273438,619.7003173828125,812.2772827148438,618.53857421875,746.6181640625,663.9583740234375,833.4574584960938,659.587158203125,736.1600952148438,702.655517578125,845.2166748046875,691.072265625,769.10498046875,699.9954223632812,807.8038330078125,699.4823608398438,752.7021484375,757.393310546875,829.4716186523438,758.265869140625,749.1798706054688,813.3949584960938,850.6979370117188,815.569091796875
783.8252563476562,591.489013671875,783.3818359375,586.6906127929688,787.01953125,586.1847534179688,779.0253295898438,590.3396606445312,803.23486328125,590.2980346679688,766.3377075195312,623.4820556640625,818.1710815429688,624.988525390625,754.8680419921875,668.3642578125,842.23828125,666.2715454101562,743.1708374023438,711.00390625,847.3284301757812,693.374755859375,776.941162109375,701.302001953125,816.1495971679688,702.3430786132812,757.27587890625,758.861328125,835.2572021484375,763.0028076171875,749.3231201171875,813.666259765625,856.0968017578125,821.189453125
787.7330932617188,592.512451171875,787.9442138671875,587.716064453125,791.9268798828125,587.1092529296875,785.8855590820312,591.5377197265625,810.7357177734375,591.673828125,773.2633666992188,624.01611328125,825.6963500976562,627.0711669921875,761.3468017578125,667.80029296875,849.218017578125,668.6090087890625,750.1141967773438,711.3272094726562,853.9027099609375,695.9229736328125,784.9700317382812,701.9971923828125,824.4210205078125,703.6847534179688,765.002685546875,758.337158203125,842.7576904296875,764.011474609375,751.91064453125,813.457275390625,858.0144653320312,823.600341796875
797.0689086914062,593.9724731445312,796.68212890625,589.217041015625,801.0565795898438,589.2747802734375,794.7139892578125,592.0086669921875,818.46142578125,593.8406982421875,784.0277709960938,623.5643310546875,832.5653686523438,628.2623291015625,769.7236328125,666.7222290039062,854.6834106445312,668.55126953125,759.001953125,710.8094482421875,862.7565307617188,693.6101684570312,793.972412109375,705.5873413085938,830.022705078125,708.0514526367188,774.215576171875,761.6890869140625,845.438232421875,768.3854370117188,758.7150268554688,813.634521484375,853.6298217773438,825.3062744140625
797.0498046875,593.0771484375,797.6142578125,587.9711303710938,801.556640625,587.6073608398438,799.7510375976562,590.5530395507812,823.57568359375,590.8526000976562,791.889404296875,621.5323486328125,842.2685546875,625.2831420898438,779.5675048828125,666.0156860351562,863.776611328125,669.1538696289062,764.1014404296875,709.7776489257812,866.438720703125,700.3701171875,801.3641357421875,700.7633666992188,839.04150390625,702.848388671875,776.4043579101562,757.3123779296875,849.7252197265625,763.8079833984375,758.5523681640625,811.3323974609375,857.241455078125,823.3815307617188
807.182373046875,592.5114135742188,806.4283447265625,587.5669555664062,810.6788330078125,587.4991455078125,804.0498046875,589.8408203125,828.6223754882812,590.7662963867188,793.4994506835938,620.8406982421875,845.2260131835938,623.50732421875,778.5775146484375,665.083740234375,869.63818359375,665.643798828125,770.0758666992188,707.0703125,876.7276611328125,694.0137939453125,805.8960571289062,700.9087524414062,842.8635864257812,702.323486328125,787.6038818359375,758.6098022460938,851.9331665039062,763.4718017578125,771.983154296875,815.22314453125,852.4312133789062,823.703125
811.8128662109375,592.73583984375,810.692138671875,587.42724609375,814.5205078125,586.9949951171875,807.615234375,589.9852294921875,833.4947509765625,588.881103515625,797.7313842773438,621.5264282226562,852.2074584960938,621.1962890625,785.73583984375,665.7977294921875,878.9625244140625,665.59228515625,776.1227416992188,704.7138671875,882.5635986328125,697.9066162109375,813.2656860351562,699.5233154296875,852.8529052734375,699.4784545898438,794.1589965820312,760.603271484375,863.1000366210938,763.140380859375,778.6386108398438,819.5548095703125,870.00537109375,824.02001953125
821.8299560546875,593.095703125,819.2429809570312,587.6358642578125,823.6494140625,587.3910522460938,811.2742309570312,590.666015625,838.7012329101562,589.6141357421875,799.540771484375,623.5035400390625,856.27197265625,621.9190673828125,787.2130126953125,668.01318359375,882.9201049804688,666.234375,781.8380126953125,705.386474609375,890.22900390625,700.455078125,816.0272827148438,701.6942138671875,857.424072265625,701.2224731445312,801.6109619140625,762.6729125976562,874.7135009765625,763.2103271484375,785.70458984375,823.9692993164062,883.025390625,824.3267211914062
824.6394653320312,596.2372436523438,822.5518798828125,590.9456787109375,826.0770263671875,590.8129272460938,816.9490966796875,594.798583984375,841.29443359375,593.6427001953125,806.4703369140625,627.3882446289062,860.880615234375,623.8536987304688,791.2205200195312,669.8637084960938,881.4541015625,664.32958984375,785.4482421875,704.5040283203125,890.5578002929688,700.1775512695312,821.93115234375,699.2861328125,862.666015625,697.7991333007812,805.530517578125,757.0973510742188,882.6153564453125,754.9781494140625,788.9425048828125,821.5402221679688,893.512451171875,817.2254638671875
828.9017944335938,601.751953125,826.6549072265625,596.6414794921875,830.4996337890625,596.4033813476562,820.9114379882812,600.2933349609375,845.802001953125,598.8250732421875,812.586181640625,634.1387939453125,864.5062255859375,629.2227783203125,797.5142822265625,677.8892211914062,886.0999145507812,670.119873046875,786.91455078125,715.07177734375,895.5615234375,706.6380004882812,827.3344116210938,706.4679565429688,867.7242431640625,704.2625732421875,808.2724609375,765.121337890625,894.5538940429688,761.7053833007812,796.1357421875,828.608154296875,919.3433837890625,821.5899658203125
833.3417358398438,606.758056640625,830.6942138671875,601.8385620117188,835.040283203125,601.3373413085938,822.77197265625,605.9942016601562,850.068115234375,603.710693359375,814.5177612304688,641.1293334960938,869.5316162109375,634.3311767578125,798.4783935546875,686.860107421875,893.76025390625,675.9447021484375,792.727294921875,721.093505859375,904.9002685546875,714.2828369140625,830.5272216796875,717.0228271484375,873.3538818359375,714.5619506835938,810.4458618164062,773.4929809570312,904.27783203125,768.5740966796875,797.6431884765625,832.3317260742188,935.2058715820312,823.0944213867188
835.686279296875,618.9867553710938,834.5004272460938,614.447265625,837.4244384765625,613.8004150390625,831.040771484375,618.5047607421875,853.2727661132812,616.0841674804688,823.4404907226562,653.4029541015625,872.1396484375,645.070556640625,807.4598388671875,699.5331420898438,892.7916259765625,684.2236328125,798.1920776367188,735.6502075195312,903.3975830078125,719.3706665039062,839.1611328125,727.0523071289062,879.8684692382812,723.1859130859375,813.7454223632812,782.6266479492188,919.5423583984375,776.1033325195312,804.4501953125,841.009765625,963.1903076171875,828.5513916015625
836.9987182617188,632.1443481445312,836.011962890625,627.573486328125,839.1113891601562,626.8004150390625,834.1115112304688,633.647216796875,856.4232788085938,630.6217041015625,828.468505859375,670.0364990234375,874.8151245117188,660.900146484375,815.0760498046875,713.2971801757812,895.1453247070312,695.940185546875,804.5018920898438,750.9007568359375,904.6700439453125,727.3497924804688,843.6633911132812,740.4827880859375,884.3021850585938,736.0445556640625,814.1044921875,790.005615234375,928.7946166992188,783.3873291015625,800.9132080078125,844.706787109375,979.7835693359375,832.2980346679688
833.8695068359375,647.435302734375,832.5794677734375,642.599853515625,836.4053955078125,641.7360229492188,832.4722900390625,646.739990234375,855.5912475585938,643.1378784179688,833.0982666015625,679.25,878.4254150390625,670.4408569335938,826.3121337890625,724.664306640625,898.7817993164062,708.6382446289062,813.2587280273438,762.747802734375,898.7935180664062,737.941162109375,856.088623046875,746.7337646484375,896.5984497070312,742.3583984375,814.4738159179688,793.0244140625,930.7944946289062,788.266845703125,800.6727294921875,844.7939453125,979.5762939453125,837.697509765625
827.0477294921875,658.4722900390625,827.3272705078125,654.0570678710938,829.9257202148438,652.77783203125,829.8433227539062,657.8772583007812,850.658203125,653.7657470703125,831.234375,686.5736694335938,871.1134643554688,680.25048828125,831.4832763671875,729.1058349609375,883.9007568359375,720.3162841796875,827.10107421875,767.054931640625,874.1936645507812,756.3553466796875,862.4149169921875,756.4041137695312,900.0265502929688,753.04931640625,814.596435546875,787.848876953125,926.4954833984375,783.9320068359375,805.596923828125,840.3648681640625,979.592041015625,831.7362060546875
814.9169921875,662.540771484375,815.885986328125,658.3192138671875,818.1748046875,656.6596069335938,822.7227172851562,662.9954833984375,842.289306640625,657.5391235351562,829.9275512695312,692.8510131835938,862.6836547851562,683.933837890625,837.177490234375,732.3187866210938,871.081787109375,719.8543701171875,829.6124267578125,770.3753662109375,852.8406372070312,757.1591796875,857.09912109375,757.2698974609375,891.2386474609375,752.8529663085938,814.5745239257812,792.6304321289062,924.7681274414062,787.0665283203125,798.6181640625,844.199951171875,978.303466796875,833.4041748046875
801.6610107421875,665.3806762695312,802.132080078125,661.2265625,804.4442138671875,659.438232421875,808.6365966796875,664.5056762695312,828.075439453125,658.1432495117188,821.9710693359375,691.9304809570312,846.1953735351562,681.7700805664062,834.9044189453125,731.0260620117188,851.528564453125,719.0921020507812,825.4840087890625,767.4006958007812,827.8486328125,758.28125,854.9180908203125,753.8439331054688,884.9112548828125,749.00634765625,811.3553466796875,795.1817626953125,919.4730224609375,788.310302734375,794.8572998046875,846.7501831054688,982.2354736328125,832.8187866210938
784.317626953125,664.8057861328125,785.73974609375,660.6654052734375,786.6055908203125,658.8882446289062,795.0457763671875,663.5397338867188,808.5611572265625,657.5177001953125,812.0572509765625,691.0577392578125,827.6918334960938,680.5396728515625,826.67236328125,730.68408203125,823.6041870117188,713.330810546875,819.1021728515625,769.2405395507812,792.7802124023438,748.5997924804688,855.74609375,750.34033203125,881.1864013671875,745.82080078125,806.290283203125,794.5003662109375,916.0640869140625,787.885498046875,789.3917236328125,849.6121826171875,983.9712524414062,835.506103515625
770.0772705078125,670.78369140625,772.6170043945312,665.97705078125,771.3729248046875,665.2213745117188,783.28271484375,667.8863525390625,785.2396240234375,665.7237548828125,802.7469482421875,691.069091796875,798.5390625,690.197265625,825.034423828125,726.5503540039062,776.9190673828125,720.6140747070312,819.651123046875,765.8065185546875,731.7080078125,752.9869384765625,858.27978515625,747.0942993164062,870.3092651367188,747.3689575195312,800.1417236328125,792.85205078125,899.641357421875,794.838623046875,789.7677001953125,843.539794921875,963.2391357421875,844.3624877929688
758.4464111328125,675.6466064453125,761.8904418945312,670.7982788085938,758.1785888671875,670.4979858398438,774.0760498046875,672.6135864257812,766.967529296875,671.4874877929688,795.3931274414062,694.0281982421875,779.4437255859375,695.318603515625,819.142333984375,719.4551391601562,747.49853515625,721.3368530273438,823.5948486328125,755.885986328125,695.383544921875,753.8666381835938,861.475341796875,752.511474609375,864.8468627929688,752.8841552734375,791.2556762695312,790.2481689453125,881.8771362304688,791.642822265625,791.5588989257812,838.8931274414062,950.1556396484375,836.8043212890625
745.0714111328125,681.981689453125,748.8688354492188,676.9057006835938,744.2374267578125,676.8236694335938,762.8742065429688,677.1660766601562,751.339111328125,676.6864624023438,788.709228515625,696.34521484375,764.3480224609375,697.6932373046875,815.0533447265625,717.779052734375,730.287353515625,718.3237915039062,823.720703125,749.5662841796875,673.1378173828125,751.278076171875,858.5132446289062,750.3438720703125,855.7491455078125,750.843017578125,787.3380126953125,791.4512329101562,866.6600341796875,791.8985595703125,793.6712646484375,840.0349731445312,938.025390625,836.2186279296875
731.8572998046875,685.4564208984375,736.2936401367188,680.1414794921875,729.7692260742188,680.2506713867188,751.36376953125,679.859619140625,734.7415161132812,679.964599609375,779.6900024414062,698.6527099609375,750.4765625,699.6439819335938,812.5299072265625,718.82568359375,721.0938720703125,717.275146484375,827.652587890625,748.2996826171875,668.5125122070312,746.227783203125,851.9798583984375,749.8881225585938,845.853271484375,750.166015625,780.1197509765625,795.3762817382812,855.42236328125,794.7698364257812,793.8123779296875,838.72216796875,932.3351440429688,833.207275390625
721.3499755859375,685.9476318359375,724.4346313476562,680.6283569335938,719.7467041015625,681.2224731445312,738.0481567382812,680.3956298828125,728.3590087890625,680.762451171875,763.395263671875,695.8554077148438,745.32177734375,699.361572265625,789.9078369140625,706.0950927734375,715.7167358398438,720.8992919921875,799.0970458984375,717.405517578125,670.427734375,750.6718139648438,833.4129638671875,747.59912109375,831.1544189453125,748.4057006835938,777.319580078125,791.728515625,834.8375244140625,790.3969116210938,798.0714111328125,838.0478515625,897.3224487304688,829.2086181640625
715.0969848632812,686.191162109375,718.8173217773438,680.8087158203125,711.9558715820312,680.9180908203125,731.8353271484375,679.05224609375,716.300048828125,678.8431396484375,754.632080078125,694.837890625,736.2034912109375,696.5699462890625,779.8031616210938,710.7906494140625,716.072509765625,720.0087280273438,768.7062377929688,715.158203125,675.1367797851562,752.533447265625,819.5809326171875,743.74365234375,816.37646484375,744.385009765625,773.8372192382812,790.15234375,824.253173828125,787.40576171875,793.4122924804688,835.3671875,884.4412841796875,825.7247314453125
703.3362426757812,678.8204345703125,705.33935546875,673.8303833007812,702.6236572265625,673.1222534179688,715.5123291015625,673.27099609375,714.3814697265625,670.1307373046875,739.7671508789062,689.7942504882812,733.3822631835938,687.7900390625,761.880126953125,713.6555786132812,722.001220703125,716.495849609375,744.61376953125,727.6306762695312,685.7892456054688,750.391845703125,810.3931274414062,738.9563598632812,811.78125,738.485595703125,767.7024536132812,785.4256591796875,801.8638916015625,783.0960693359375,793.0786743164062,833.3644409179688,852.2074584960938,825.1060180664062
697.96826171875,670.8231811523438,698.443603515625,666.307373046875,699.2789306640625,666.0238037109375,707.3508911132812,667.6891479492188,715.4209594726562,665.1700439453125,731.328369140625,684.7875366210938,729.6756591796875,684.6367797851562,735.8076782226562,719.9290771484375,724.8363037109375,723.666015625,703.2279052734375,739.8516845703125,693.279541015625,754.1566162109375,801.1260986328125,733.1189575195312,801.958984375,733.431640625,760.9406127929688,778.7742919921875,778.854248046875,779.6893310546875,785.728515625,832.0960693359375,821.0088500976562,829.6358642578125
691.3197021484375,662.9430541992188,692.2623901367188,658.1904296875,691.8641357421875,658.0870971679688,702.945068359375,661.307861328125,707.213134765625,659.2871704101562,731.0382080078125,681.0521850585938,723.1447143554688,682.3739013671875,749.15380859375,710.9918212890625,723.0623168945312,721.1481323242188,732.8594970703125,729.2882080078125,702.0171508789062,758.2803955078125,792.4027099609375,731.998291015625,787.688720703125,732.7315673828125,753.7393188476562,780.505859375,750.7091064453125,780.5111083984375,782.0711059570312,838.482421875,782.1058349609375,833.8518676757812
690.0755615234375,658.307373046875,689.6959838867188,653.534912109375,690.2953491210938,652.9496459960938,696.8505859375,656.0304565429688,705.6439819335938,651.9962158203125,724.75146484375,677.7869262695312,719.3563842773438,672.6689453125,748.7445678710938,713.9755249023438,730.06298828125,712.280517578125,744.0537719726562,739.1246337890625,720.1378173828125,753.15234375,776.6092529296875,730.7987060546875,771.0606689453125,728.7391357421875,758.44580078125,784.4155883789062,728.3767700195312,779.8720703125,786.1547241210938,842.95947265625,743.7927856445312,831.592041015625
685.8250122070312,656.6902465820312,685.7884521484375,651.6043090820312,685.7364501953125,650.82373046875,693.5628662109375,652.408203125,700.960205078125,647.9285888671875,722.2901611328125,675.7626953125,715.611083984375,668.2662963867188,755.28564453125,716.8365478515625,734.9874877929688,709.6788330078125,761.0901489257812,754.111572265625,731.9663696289062,751.6664428710938,763.501953125,737.4944458007812,755.3709716796875,733.2574462890625,754.4606323242188,791.0678100585938,703.3106689453125,784.1630859375,781.4137573242188,845.897705078125,701.73828125,831.39404296875
678.086181640625,652.1510620117188,679.2877807617188,646.7273559570312,678.5777587890625,646.2714233398438,691.087158203125,646.3477783203125,694.7877807617188,643.99853515625,721.9888305664062,670.1046752929688,710.0612182617188,664.6614990234375,750.106201171875,710.0067138671875,734.10595703125,702.0279541015625,743.1876831054688,746.0987548828125,732.5615844726562,739.9329833984375,755.6229248046875,742.1898193359375,740.202880859375,739.0556030273438,749.825439453125,795.810546875,679.1334228515625,790.5699462890625,784.4757080078125,848.2518310546875,671.892822265625,836.3919067382812
682.7688598632812,648.8094482421875,683.5130615234375,644.3416748046875,683.5975952148438,642.717529296875,690.0969848632812,646.5643920898438,700.448974609375,640.385986328125,712.2824096679688,671.6329345703125,710.6546020507812,663.1045532226562,732.3346557617188,715.5912475585938,730.8740234375,704.8118896484375,726.245361328125,751.6620483398438,725.087158203125,745.4013061523438,742.6356201171875,745.49072265625,734.9202270507812,741.5736694335938,736.86474609375,800.6314697265625,673.3475341796875,795.410400390625,771.1485595703125,849.5093994140625,666.965576171875,838.0471801757812
681.646728515625,650.5267333984375,682.6304931640625,645.7733154296875,682.1524658203125,644.5416870117188,689.6019897460938,648.5250244140625,698.0321044921875,643.9193115234375,712.2512817382812,675.70703125,709.097900390625,668.9171142578125,733.6798706054688,717.5306396484375,728.2444458007812,709.8153686523438,720.619873046875,752.698486328125,716.4487915039062,746.8291015625,734.2774658203125,750.4188232421875,726.4571533203125,746.358154296875,720.6143798828125,801.6981201171875,662.9473876953125,796.7363891601562,757.5910034179688,848.0255126953125,663.6348876953125,837.166748046875
683.9616088867188,650.729736328125,684.82861328125,646.163818359375,684.9954833984375,644.9188232421875,690.8499755859375,649.9541015625,702.544677734375,645.4696044921875,711.589111328125,678.812744140625,711.4274291992188,672.9083862304688,727.3682250976562,724.3765258789062,725.278564453125,718.6397705078125,708.1027221679688,759.7144775390625,701.8063354492188,754.7047119140625,725.4765014648438,755.82373046875,720.580322265625,751.8450927734375,708.8763427734375,806.199951171875,656.6007080078125,802.4454345703125,750.5134887695312,844.47705078125,665.6639404296875,836.6380004882812
686.5936279296875,648.5487060546875,686.9550170898438,644.1796875,688.3748168945312,642.9168090820312,691.4815673828125,649.560302734375,707.9579467773438,644.9659423828125,710.50341796875,680.732666015625,715.465576171875,674.9880981445312,720.7424926757812,727.9747314453125,724.4525146484375,722.13671875,696.7691650390625,761.4889526367188,695.8272705078125,754.6466064453125,722.9310302734375,758.6134033203125,721.73193359375,754.65478515625,702.1112060546875,806.7416381835938,654.41650390625,803.8155517578125,745.582275390625,842.5860595703125,666.5799560546875,836.4138793945312
691.9761962890625,645.951904296875,691.9318237304688,641.3853759765625,693.697509765625,640.10693359375,695.3362426757812,645.962890625,715.2518920898438,640.8185424804688,709.547119140625,677.5948486328125,727.6607666015625,669.6805419921875,715.7418212890625,725.8785400390625,735.7899780273438,716.415771484375,699.4303588867188,756.2224731445312,709.6961669921875,747.7922973632812,724.230224609375,755.7916259765625,731.5902099609375,750.93798828125,703.05224609375,805.0137939453125,661.8095092773438,800.4417114257812,745.3729858398438,845.5029296875,666.2535400390625,836.5548706054688
698.3880004882812,639.4246215820312,698.832275390625,634.8299560546875,700.403076171875,633.0916137695312,702.229736328125,640.5965576171875,724.2271728515625,634.4609375,714.6954956054688,674.038818359375,734.918701171875,667.16650390625,722.0233154296875,721.927978515625,739.4263305664062,712.9097900390625,697.3658447265625,760.9989013671875,700.250732421875,743.8950805664062,725.2799682617188,753.427978515625,739.9564819335938,749.239501953125,684.8406372070312,798.9453125,689.3824462890625,798.0309448242188,699.68603515625,844.502197265625,705.9710083007812,843.1270751953125
705.4727783203125,638.340087890625,705.2947998046875,633.2791137695312,707.68115234375,632.1005249023438,708.115234375,637.2213745117188,731.1754150390625,632.5442504882812,718.4078369140625,669.0964965820312,745.01025390625,665.1544189453125,721.671142578125,715.9944458007812,745.5628662109375,712.47021484375,697.1060791015625,756.18994140625,706.93798828125,746.2816772460938,734.2984619140625,750.92138671875,757.462646484375,747.806640625,673.0574951171875,794.2055053710938,719.9100952148438,794.9335327148438,662.8314819335938,840.9981689453125,737.5216674804688,841.3862915039062
712.5333251953125,634.9999389648438,711.9507446289062,630.0817260742188,715.2703247070312,628.6697387695312,714.3751831054688,634.4142456054688,739.5966796875,628.9439697265625,722.1761474609375,666.9393310546875,755.7498168945312,660.8240966796875,719.6669921875,715.1173706054688,762.6624145507812,706.8070068359375,698.7941284179688,747.7255859375,734.4995727539062,738.4051513671875,746.1466064453125,746.9859008789062,766.7176513671875,743.9141845703125,717.7489624023438,797.3677978515625,718.735107421875,796.9037475585938,726.844482421875,841.817138671875,712.1541748046875,839.7279052734375
722.018310546875,631.7083740234375,721.0533447265625,626.5919189453125,723.9654541015625,625.6096801757812,721.4368896484375,629.9841918945312,745.3834838867188,625.8206176757812,725.6419677734375,662.6103515625,765.0546264648438,657.4369506835938,718.3736572265625,709.5393676757812,790.6256103515625,705.0902099609375,703.6077270507812,739.2020263671875,786.2056884765625,739.227294921875,753.5697631835938,743.396484375,773.8780517578125,741.2630615234375,732.9841918945312,798.3514404296875,713.591064453125,797.4087524414062,761.6515502929688,845.6796875,709.182373046875,842.8339233398438
727.4293823242188,627.4340209960938,726.8218994140625,622.62744140625,730.4744262695312,621.8272705078125,728.5859375,627.4741821289062,752.7867431640625,624.1498413085938,728.8336181640625,659.6255493164062,773.0714721679688,655.1113891601562,719.6058349609375,702.9710693359375,792.672119140625,698.57275390625,708.89697265625,729.745849609375,794.1677856445312,731.9567260742188,747.919189453125,736.0350341796875,772.5411987304688,733.32373046875,734.6453857421875,791.5519409179688,726.659423828125,789.1730346679688,765.0848388671875,841.7696533203125,722.4146118164062,837.6138916015625
734.6617431640625,621.66552734375,733.899658203125,617.000732421875,738.023681640625,616.0462036132812,734.8051147460938,620.5709838867188,761.0269165039062,617.35498046875,734.826171875,653.7265625,781.96875,648.42431640625,724.462646484375,697.5814208984375,810.1094970703125,693.1167602539062,713.052734375,729.12255859375,813.12890625,730.8697509765625,757.3240966796875,734.885986328125,785.28369140625,731.7510986328125,739.3460693359375,790.349853515625,745.6463012695312,787.310546875,764.6539306640625,845.4695434570312,750.3427124023438,841.2101440429688
750.87109375,617.929931640625,749.737548828125,613.2682495117188,753.79931640625,612.7778930664062,748.5574340820312,617.5479125976562,772.1737060546875,615.7608642578125,744.2642211914062,648.3661499023438,789.4705810546875,646.718505859375,735.3514404296875,692.4229125976562,812.6284790039062,689.7301635742188,726.6961059570312,726.5894775390625,821.9493408203125,725.9678955078125,760.2823486328125,726.62890625,787.5799560546875,726.2492065429688,750.86083984375,784.923583984375,765.8489990234375,785.3148193359375,769.05078125,836.9331665039062,766.3514404296875,836.084228515625
756.15625,610.3819580078125,755.625244140625,605.6231079101562,758.737060546875,605.068359375,755.2982177734375,610.2447509765625,775.8246459960938,608.3919067382812,749.3765869140625,640.9984130859375,794.777587890625,639.3505249023438,739.5942993164062,685.1883544921875,819.4622802734375,682.10009765625,733.2752685546875,719.0325927734375,832.29150390625,718.349365234375,770.2366333007812,718.8706665039062,797.994140625,718.5669555664062,758.3511962890625,779.7216796875,780.6527099609375,779.8941650390625,770.5811767578125,836.9998168945312,778.9349365234375,835.383544921875
765.0751953125,605.31396484375,762.8482666015625,600.307373046875,767.0127563476562,599.8865356445312,758.5196533203125,604.364013671875,784.072509765625,602.2125244140625,751.8570556640625,639.2559814453125,804.3197021484375,633.0697021484375,741.2789916992188,681.197265625,828.5202026367188,671.7277221679688,737.8243408203125,712.4573364257812,841.890380859375,706.7116088867188,767.8908081054688,718.2650146484375,802.50146484375,715.7056884765625,765.1992797851562,777.9404296875,800.7606201171875,773.9417724609375,766.2796630859375,839.6636962890625,797.7108154296875,832.2859497070312
783.2196044921875,600.136962890625,779.427978515625,595.2161254882812,783.82421875,595.0321044921875,768.2939453125,600.6767578125,794.397216796875,599.0293579101562,758.1368408203125,638.23046875,811.020751953125,631.3514404296875,747.0198974609375,684.177001953125,833.5625,668.8894653320312,745.481201171875,715.9270629882812,846.82666015625,698.3909301757812,773.709716796875,715.9533081054688,809.885009765625,713.57275390625,775.0017700195312,773.5384521484375,820.537353515625,769.0435180664062,770.9033203125,838.43017578125,819.689697265625,829.6749267578125
794.9217529296875,600.4044189453125,790.2313842773438,595.010986328125,795.1336669921875,595.4717407226562,778.4176025390625,600.2068481445312,802.8239135742188,599.7744750976562,769.3950805664062,634.1004638671875,818.3706665039062,629.4044189453125,755.2430419921875,681.143798828125,839.0057373046875,670.2136840820312,747.9069213867188,714.9849853515625,853.14111328125,701.1934814453125,783.8109130859375,709.700439453125,817.585205078125,707.9686279296875,790.587158203125,768.2437133789062,837.414794921875,764.5074462890625,784.8532104492188,832.3623046875,838.7032470703125,824.5973510742188
807.1771240234375,605.7207641601562,802.4996337890625,600.2510986328125,806.7840576171875,601.0626220703125,788.0421142578125,604.9476318359375,810.600341796875,606.1181030273438,774.0426635742188,637.7481689453125,824.3006591796875,637.112548828125,759.1519775390625,683.7095947265625,845.6466064453125,680.3505859375,755.1567993164062,718.6892700195312,861.2510375976562,713.0076293945312,786.309814453125,715.4981689453125,821.939697265625,715.7639770507812,796.3939819335938,771.425048828125,851.8387451171875,770.039306640625,789.135986328125,836.39697265625,856.8689575195312,832.15185546875
813.442626953125,608.7837524414062,809.6826782226562,602.7391357421875,813.8121337890625,603.836669921875,799.7452392578125,606.7337036132812,821.8785400390625,608.671875,788.093505859375,641.0482788085938,836.5222778320312,641.438232421875,776.2468872070312,687.2079467773438,857.216064453125,686.1766357421875,772.199462890625,721.352783203125,874.0262451171875,715.0105590820312,792.235107421875,719.48681640625,827.7101440429688,720.2891845703125,806.4929809570312,771.7355346679688,872.047119140625,772.021484375,794.8094482421875,832.93310546875,880.147216796875,832.7171630859375
824.6306762695312,619.978271484375,820.847900390625,614.1015625,824.9287109375,615.2506103515625,809.5279541015625,616.884521484375,830.9932861328125,619.3289794921875,795.40625,649.0908203125,844.026123046875,650.71484375,784.354736328125,694.7772216796875,863.5604248046875,695.2274780273438,784.640625,730.4093017578125,880.64501953125,725.6318359375,798.8602294921875,727.3540649414062,835.462646484375,728.7971801757812,812.1431884765625,777.1777954101562,882.8446655273438,778.0804443359375,805.2908935546875,837.2191772460938,898.9207763671875,838.150146484375
831.0916748046875,630.10302734375,828.456298828125,624.9668579101562,831.8243408203125,625.6241455078125,817.2847900390625,628.5158081054688,837.79833984375,630.612548828125,802.60888671875,662.4454345703125,847.0999145507812,663.959716796875,786.4609375,705.5770263671875,868.06787109375,705.29931640625,779.9124755859375,745.5346069335938,889.9239501953125,737.1655883789062,809.0938720703125,739.0578002929688,842.975830078125,740.4644165039062,813.7340698242188,791.1341552734375,885.8087158203125,792.356201171875,804.2616577148438,843.4854125976562,906.1640625,844.6060180664062
847.1070556640625,636.4136352539062,841.8265380859375,631.25439453125,847.391357421875,632.8046875,825.8916015625,636.1102905273438,851.1604614257812,639.8263549804688,810.5784301757812,668.708251953125,862.38330078125,673.4100341796875,795.875244140625,712.2368774414062,882.0199584960938,716.2838745117188,794.0390625,753.2716064453125,898.3002319335938,748.13427734375,817.8280029296875,749.5999755859375,856.505126953125,752.5076293945312,822.5125122070312,789.216796875,895.3023681640625,792.36767578125,808.40966796875,849.056396484375,905.731689453125,852.4022827148438
859.2349853515625,641.1104125976562,855.2257080078125,635.8704833984375,859.57666015625,636.6011962890625,836.9630126953125,639.77197265625,857.8840942382812,642.6600341796875,816.9567260742188,672.535400390625,860.7298583984375,677.60498046875,802.2781982421875,715.85205078125,880.6583862304688,720.2088623046875,796.279541015625,758.5369873046875,902.4595947265625,751.8172607421875,819.0968627929688,747.2255859375,852.7877197265625,750.4375,821.7694091796875,793.467041015625,896.7229614257812,797.9767456054688,804.91064453125,843.4449462890625,909.6907958984375,851.0811767578125
860.8638916015625,641.20556640625,856.8310546875,635.716552734375,861.8275146484375,636.494384765625,841.5418701171875,639.537109375,866.7015380859375,641.758544921875,825.745849609375,672.4422607421875,875.3896484375,675.323974609375,810.987548828125,714.5391845703125,893.7344970703125,717.4280395507812,804.0770874023438,756.259765625,909.8580322265625,752.689453125,827.320556640625,747.2752075195312,864.8552856445312,749.2615966796875,822.6656494140625,792.6780395507812,901.1500244140625,795.3733520507812,811.3115234375,841.1728515625,922.1987915039062,845.9329833984375
870.4088134765625,642.174072265625,865.8662109375,636.53369140625,870.8695678710938,637.401611328125,848.357666015625,639.1976318359375,873.9248657226562,641.639404296875,832.1830444335938,670.5137939453125,883.0929565429688,673.4216918945312,817.1046142578125,712.6806030273438,901.184814453125,714.515380859375,810.3667602539062,756.0221557617188,914.39208984375,748.2486572265625,834.6652221679688,746.36376953125,873.744140625,748.1651000976562,822.3858032226562,797.172607421875,906.3590087890625,799.5587768554688,814.81591796875,841.7147827148438,933.7958984375,845.51171875
873.7738037109375,640.9347534179688,870.2230224609375,635.480224609375,874.6038818359375,636.029541015625,855.1895751953125,638.7042236328125,880.1636352539062,640.6510009765625,838.6357421875,670.0924682617188,890.03369140625,673.4526977539062,824.9679565429688,711.8184814453125,906.6497802734375,712.970458984375,815.4996337890625,754.498779296875,910.3922119140625,742.21728515625,841.6593017578125,744.9721069335938,881.3574829101562,747.0064086914062,826.74853515625,794.4559936523438,910.17626953125,798.5533447265625,814.4251708984375,842.362548828125,931.58837890625,849.629638671875
865.9349365234375,638.4609375,865.16162109375,633.4730224609375,868.8711547851562,633.2537841796875,859.00390625,637.416259765625,884.51123046875,637.949462890625,843.7824096679688,668.8136596679688,897.0447998046875,672.636474609375,831.5484619140625,708.8574829101562,912.9622192382812,713.846923828125,822.8385009765625,745.2960205078125,908.4157104492188,741.8331298828125,848.78955078125,745.5148315429688,889.9898071289062,747.6231079101562,831.0025634765625,794.7969360351562,912.6011962890625,800.362060546875,818.98681640625,845.242431640625,933.0186767578125,856.0482788085938
865.6319580078125,634.8136596679688,865.623046875,629.91455078125,868.021240234375,629.4392700195312,861.237548828125,634.0958251953125,883.7685546875,633.8428955078125,846.3350830078125,667.2420654296875,895.6881103515625,668.9978637695312,833.7237548828125,709.6275634765625,909.1452026367188,712.8344116210938,825.8333740234375,744.466796875,901.173583984375,740.8880615234375,851.3494873046875,744.1973876953125,889.7845458984375,744.941162109375,835.2482299804688,797.19775390625,910.509765625,800.75634765625,828.1715698242188,851.30224609375,932.6134033203125,858.0188598632812
868.1329345703125,630.2144775390625,867.5721435546875,625.18017578125,869.2255859375,624.9837646484375,860.6962890625,628.6539306640625,880.3189697265625,628.85498046875,846.1041870117188,662.1640014648438,891.019775390625,662.204833984375,834.98486328125,708.3998413085938,905.4080200195312,703.3052368164062,830.7083129882812,742.424072265625,901.80908203125,723.5198364257812,852.1301879882812,739.6072998046875,887.1692504882812,739.93115234375,839.1002197265625,795.815185546875,908.7892456054688,798.093017578125,836.933837890625,852.5213012695312,932.095947265625,857.0283203125
865.256103515625,626.754150390625,864.900390625,621.4378662109375,867.59033203125,621.394287109375,860.9334716796875,624.6953125,883.3200073242188,625.3880615234375,850.170654296875,655.7843017578125,896.5302734375,658.3164672851562,842.3040771484375,698.935302734375,907.3935546875,699.5458984375,839.806396484375,728.8276977539062,900.9110107421875,718.6083374023438,858.0562744140625,737.120361328125,893.6464233398438,738.56884765625,840.77099609375,795.0418701171875,906.809326171875,799.18798828125,843.9798583984375,853.7486572265625,929.6585083007812,861.4517211914062
859.7122802734375,624.3328857421875,860.5958862304688,619.1929931640625,862.6043701171875,618.635986328125,861.3422241210938,623.49609375,881.5438842773438,622.6099853515625,853.9022827148438,656.604736328125,895.4386596679688,655.7162475585938,847.3225708007812,701.95654296875,903.911376953125,696.6900634765625,845.190185546875,729.205322265625,897.194580078125,714.634033203125,861.1229248046875,738.6614990234375,893.9254760742188,738.4030151367188,841.56787109375,798.519287109375,906.5118408203125,800.3834838867188,844.6748046875,859.4622802734375,930.9061889648438,864.1500244140625
857.4790649414062,626.4671630859375,858.34033203125,621.307373046875,860.2534790039062,620.5269775390625,859.80029296875,625.6078491210938,880.5478515625,623.736083984375,854.8635864257812,658.2882080078125,895.5511474609375,655.889404296875,849.4683837890625,703.9813232421875,901.44091796875,698.6802368164062,845.3179931640625,736.4130859375,889.877197265625,725.9559326171875,863.9447021484375,741.16259765625,896.539794921875,740.0211181640625,841.2954711914062,802.8675537109375,905.5933227539062,803.139404296875,844.9183349609375,867.0040283203125,931.8797607421875,867.9207763671875
857.4300537109375,629.4098510742188,858.3431396484375,624.1648559570312,859.5972900390625,623.357177734375,858.6756591796875,628.7660522460938,878.7564697265625,626.689208984375,854.5325317382812,661.587890625,892.031982421875,659.1314697265625,850.670166015625,707.1500244140625,894.216796875,703.5321655273438,850.4701538085938,743.724365234375,881.255615234375,739.5223388671875,866.9716186523438,744.9656982421875,898.3427734375,743.777099609375,838.9425048828125,807.3488159179688,904.3987426757812,806.7120361328125,840.57373046875,873.6519775390625,933.6179809570312,871.7276611328125
850.3333740234375,633.9175415039062,852.8797607421875,629.0885620117188,854.0706787109375,627.716796875,857.659423828125,634.4920654296875,876.7847900390625,631.735107421875,854.4755859375,667.2432250976562,890.4664306640625,665.6403198242188,852.051513671875,712.196044921875,890.8673095703125,709.6284790039062,851.785888671875,753.4004516601562,876.923828125,747.6546020507812,869.2765502929688,750.257080078125,900.293212890625,749.3629760742188,833.7862548828125,812.0438232421875,902.6544799804688,812.8514404296875,834.2272338867188,877.0292358398438,934.74609375,878.14306640625
842.7825927734375,639.5629272460938,846.0220947265625,634.7672119140625,846.159423828125,633.342529296875,853.8231201171875,640.2064819335938,868.4207763671875,636.9971313476562,855.48974609375,672.0238647460938,881.9610595703125,669.5166625976562,858.2021484375,717.4591674804688,880.5908203125,712.7967529296875,858.305908203125,757.5643310546875,867.10107421875,747.8758544921875,873.7957763671875,754.9368896484375,899.35791015625,753.604736328125,830.12841796875,818.1702880859375,899.4022216796875,818.5361328125,829.8563232421875,882.6812744140625,936.7626953125,883.3856201171875
840.654296875,646.5511474609375,844.286865234375,641.655029296875,843.4212646484375,640.9812622070312,854.7753295898438,647.9855346679688,865.5411376953125,646.7423095703125,860.2684936523438,680.1387939453125,877.6030883789062,676.4845581054688,866.196044921875,718.2877197265625,858.0830078125,698.49755859375,868.0814208984375,750.456787109375,827.40966796875,699.7904663085938,874.00048828125,760.18310546875,894.8055419921875,758.51318359375,829.7803955078125,820.726318359375,897.5568237304688,822.6500244140625,827.05517578125,883.9764404296875,934.716552734375,888.7212524414062
833.4072265625,644.791259765625,835.4244384765625,639.6624145507812,837.4171142578125,638.4276123046875,843.7847900390625,646.5703735351562,862.4265747070312,642.4384765625,854.4065551757812,682.6669311523438,869.4571533203125,674.6728515625,870.6162109375,724.4993286132812,857.3472290039062,701.56689453125,870.2411499023438,754.78857421875,833.8126831054688,720.9120483398438,861.1702880859375,766.4544067382812,879.1187744140625,763.9481201171875,832.3753051757812,823.5069580078125,899.307373046875,822.7743530273438,830.87939453125,885.7188720703125,939.4356079101562,885.865966796875
829.4024047851562,641.228271484375,833.8123779296875,637.3399658203125,830.88818359375,635.8460693359375,843.0694580078125,647.0859985351562,844.84423828125,644.151611328125,849.2462768554688,685.3799438476562,849.497314453125,676.246826171875,869.68115234375,730.923828125,831.3494873046875,692.361572265625,872.8595581054688,771.1143798828125,807.107666015625,684.0562744140625,854.2523803710938,767.2049560546875,863.1773071289062,764.0494995117188,823.9282836914062,826.32763671875,883.2830810546875,827.0454711914062,832.1401977539062,890.397216796875,928.9099731445312,894.2864990234375
824.9298095703125,642.1809692382812,828.6546020507812,638.356689453125,825.3822021484375,636.9198608398438,838.359619140625,648.8383178710938,838.401611328125,644.55078125,848.9423217773438,689.6666259765625,844.9200439453125,675.05517578125,867.310546875,736.9773559570312,824.2247314453125,694.5782470703125,862.568115234375,767.3274536132812,800.2318725585938,687.3717651367188,846.188720703125,773.91650390625,852.74072265625,766.5770263671875,813.60791015625,836.01416015625,875.7932739257812,827.7826538085938,831.8530883789062,895.7598876953125,931.669921875,881.521728515625
818.6055908203125,645.300537109375,823.48388671875,642.0662841796875,819.1950073242188,639.9193725585938,834.1861572265625,653.6624145507812,832.1441650390625,648.1043701171875,845.048583984375,690.9474487304688,835.36328125,680.6163940429688,849.5875854492188,728.2514038085938,820.423828125,711.6827392578125,817.4281005859375,704.555908203125,789.0692138671875,697.6734619140625,838.8304443359375,777.8875122070312,838.4404907226562,771.613525390625,805.658935546875,841.968994140625,849.126220703125,833.5013427734375,836.294921875,893.66357421875,908.721923828125,878.9835205078125
810.773681640625,650.7349853515625,816.1272583007812,646.3692626953125,811.1722412109375,645.0810546875,828.1834716796875,654.56591796875,821.2999267578125,651.9658813476562,838.545166015625,692.069580078125,825.4279174804688,684.1892700195312,853.7646484375,745.777587890625,809.165283203125,713.4860229492188,840.0443115234375,771.0646362304688,783.9251708984375,698.7136840820312,833.6629028320312,780.740234375,830.6229248046875,776.9265747070312,799.3153076171875,842.1522216796875,833.4424438476562,840.94091796875,835.5611572265625,889.1402587890625,888.6227416992188,889.1002807617188
800.580322265625,649.5862426757812,805.4921264648438,645.40625,802.78125,644.035400390625,817.124755859375,654.0965576171875,814.451904296875,651.4986572265625,828.8919067382812,691.177734375,811.95703125,683.087646484375,845.2435302734375,744.8983154296875,792.1048583984375,707.7303466796875,833.5574340820312,776.4339599609375,777.9237670898438,691.0784301757812,823.3031616210938,777.990966796875,815.4801025390625,774.9556884765625,797.0328369140625,842.9984130859375,814.1151123046875,843.7033081054688,835.8491821289062,888.43017578125,863.327880859375,892.738525390625
795.7354736328125,654.9117431640625,801.3907470703125,650.5833740234375,795.3290405273438,649.280029296875,811.75439453125,656.8055419921875,799.293212890625,654.4957275390625,818.73583984375,691.3294067382812,797.0203857421875,684.1942138671875,836.973388671875,740.0385131835938,782.2708740234375,706.7913818359375,825.8363037109375,776.919921875,769.9967651367188,690.8951416015625,809.9284057617188,780.3741455078125,797.9961547851562,777.2615966796875,792.6641845703125,845.6390380859375,800.6932983398438,846.2308349609375,833.0972900390625,895.0783081054688,842.073974609375,898.29931640625
788.6298828125,654.450927734375,795.4129028320312,650.4970703125,786.7760009765625,648.7930908203125,806.7265625,658.9056396484375,785.2706909179688,655.2548828125,815.0045166015625,695.3147583007812,779.1201782226562,685.145751953125,830.0447387695312,744.2567138671875,761.8990478515625,707.7942504882812,817.777587890625,772.6763916015625,764.0994873046875,694.2395629882812,806.4071044921875,780.5914306640625,783.844482421875,776.2049560546875,782.546142578125,846.1829833984375,778.2935791015625,843.3204345703125,829.0931396484375,893.8570556640625,825.7655639648438,890.8623046875
777.9369506835938,650.1590576171875,784.970947265625,647.1109008789062,778.162109375,644.6021728515625,797.8370361328125,658.0541381835938,779.796142578125,652.69384765625,808.4842529296875,694.3400268554688,769.823486328125,684.4000854492188,823.9909057617188,743.97998046875,752.7720336914062,708.71728515625,803.2395629882812,769.872802734375,756.4468994140625,692.9678955078125,798.88037109375,778.688720703125,771.6655883789062,774.7100830078125,781.498291015625,842.9366455078125,755.16943359375,842.1513671875,830.4904174804688,893.4786376953125,790.839111328125,895.2591552734375
771.900390625,657.2591552734375,778.757080078125,653.1672973632812,771.4264526367188,651.1671142578125,792.2242431640625,659.1952514648438,771.3967895507812,654.8508911132812,804.3074951171875,696.5987548828125,758.2720947265625,682.3623046875,811.370361328125,750.3151245117188,733.837890625,700.4967041015625,792.1610107421875,783.445556640625,738.824951171875,698.3466796875,787.69677734375,779.9005737304688,753.9566650390625,774.392333984375,785.5186157226562,844.408447265625,732.2042846679688,838.2769775390625,826.9828491210938,906.090576171875,754.2964477539062,897.8475952148438
759.3572998046875,655.9609375,765.994140625,652.0911865234375,759.236083984375,650.2366943359375,780.8763427734375,660.7215576171875,758.8251953125,656.18603515625,794.7727661132812,699.9396362304688,743.8643798828125,688.6591796875,806.9229736328125,750.4693603515625,711.9127197265625,710.1963500976562,785.239990234375,785.342529296875,730.4468994140625,710.6248779296875,780.18798828125,780.4305419921875,742.0912475585938,776.650146484375,783.07373046875,843.430908203125,714.2882690429688,840.6878662109375,820.7010498046875,905.7813720703125,721.5431518554688,903.6195068359375
749.88623046875,662.8696899414062,757.2439575195312,658.5074462890625,750.3359375,656.6704711914062,775.723876953125,667.4478759765625,752.962890625,662.6065673828125,786.3504638671875,707.4844970703125,745.3798828125,693.0604248046875,795.3023071289062,751.981689453125,703.1744384765625,704.9939575195312,777.6993408203125,791.7755126953125,711.9786376953125,711.0313720703125,772.302978515625,787.4595336914062,738.879638671875,780.1363525390625,778.46044921875,847.9451904296875,699.610595703125,841.0059814453125,818.0055541992188,910.0040283203125,688.2075805664062,902.67041015625
744.8106689453125,669.6143798828125,752.8511352539062,665.4013671875,744.3870239257812,662.840576171875,766.2577514648438,671.8667602539062,745.2193603515625,666.1200561523438,770.888671875,709.065185546875,734.6063232421875,695.571533203125,786.9029541015625,753.80078125,697.3253173828125,702.8930053710938,776.8657836914062,798.0740966796875,678.3116455078125,701.8755493164062,755.6827392578125,790.135009765625,725.5980224609375,784.0984497070312,766.67236328125,854.4450073242188,688.645751953125,851.2408447265625,808.553466796875,908.711181640625,674.9739990234375,907.8223876953125
731.7423095703125,673.520751953125,739.4774780273438,671.4451293945312,732.7152099609375,667.0057373046875,755.3094482421875,682.118408203125,734.137451171875,671.0491943359375,763.3690185546875,724.1570434570312,719.3931274414062,698.8287353515625,773.497314453125,770.8881225585938,683.9591674804688,705.1044311523438,767.027587890625,802.9774169921875,647.1875,711.8330688476562,747.3636474609375,802.9520263671875,712.9674072265625,791.55859375,763.400634765625,863.4990234375,684.0425415039062,850.7869873046875,801.29931640625,923.2178955078125,675.9417724609375,909.3799438476562
723.1436767578125,679.5824584960938,730.5516967773438,677.5523681640625,724.5443115234375,673.7044677734375,745.52685546875,688.3013916015625,726.907958984375,679.4703369140625,756.3546142578125,729.7760009765625,710.399658203125,709.2030639648438,771.6194458007812,777.6839599609375,674.09521484375,715.8712158203125,766.0025024414062,816.479736328125,630.7675170898438,707.0786743164062,734.4358520507812,813.306884765625,698.259033203125,803.7296142578125,751.277099609375,871.4027099609375,661.1290283203125,864.04248046875,796.4287109375,925.271728515625,652.8450317382812,921.123046875
721.0236206054688,686.3921508789062,728.6090087890625,684.353271484375,721.0277709960938,680.5006103515625,740.8423461914062,695.1275634765625,720.102783203125,686.3289794921875,749.2691650390625,735.9735107421875,702.5853881835938,715.549072265625,767.62158203125,784.0197143554688,664.6283569335938,723.28515625,763.4298706054688,821.5902099609375,615.1241455078125,714.7279663085938,727.7822265625,817.562255859375,691.6897583007812,807.6838989257812,734.9609375,875.16259765625,648.0755004882812,867.6088256835938,789.3350830078125,922.8151245117188,649.7877807617188,918.6710205078125
713.551025390625,685.3746337890625,721.010986328125,683.33447265625,714.0468139648438,679.8297119140625,734.251708984375,693.8308715820312,715.530517578125,685.9609985351562,744.1784057617188,733.182373046875,701.5623779296875,714.4500732421875,760.5836181640625,783.7538452148438,667.450439453125,731.0003662109375,758.2937622070312,824.896240234375,625.8901977539062,731.73974609375,721.4188232421875,814.8616943359375,688.7828979492188,804.6996459960938,716.352783203125,874.1727905273438,641.5601196289062,865.7412109375,773.7313842773438,917.9244384765625,651.2532958984375,911.8404541015625
708.076416015625,684.5116577148438,715.37744140625,681.8211669921875,708.5184326171875,679.1009521484375,729.3228149414062,691.27685546875,713.446044921875,685.4238891601562,741.0603637695312,728.2166748046875,704.6389770507812,713.402587890625,752.3361206054688,779.8947143554688,680.22265625,739.8129272460938,748.6477661132812,818.9738159179688,643.6756591796875,754.3822631835938,717.42724609375,806.5654907226562,689.0794677734375,796.863525390625,702.4999389648438,868.962890625,638.5062255859375,859.997314453125,754.429443359375,907.253173828125,651.6011962890625,898.62646484375
703.729248046875,681.28076171875,710.6092529296875,677.7437133789062,705.658203125,675.0572509765625,723.513916015625,685.8574829101562,715.6097412109375,680.6549072265625,731.8250732421875,721.0498657226562,713.20263671875,715.83447265625,747.7427368164062,767.6944580078125,709.96484375,753.999755859375,735.5731201171875,812.7442626953125,684.3501586914062,780.6676025390625,712.3265991210938,804.0206298828125,695.5479736328125,799.043701171875,693.7310180664062,864.7366333007812,642.71630859375,863.4713134765625,740.8858032226562,907.9886474609375,651.2420043945312,910.8253784179688
700.2420043945312,678.1309814453125,705.5153198242188,673.3910522460938,700.947509765625,671.9122314453125,718.371337890625,678.3385009765625,711.629150390625,675.53271484375,731.117919921875,713.6837158203125,713.3941040039062,709.5801391601562,747.1360473632812,761.250732421875,710.65576171875,750.8045654296875,733.81787109375,806.7730712890625,692.7717895507812,780.7122802734375,702.9161987304688,801.8367919921875,697.5271606445312,798.1094970703125,651.520263671875,862.6148071289062,686.3589477539062,860.67138671875,650.05078125,919.9764404296875,716.6420288085938,916.9920043945312
698.138671875,669.5880126953125,701.357177734375,664.3277587890625,699.733154296875,663.4814453125,711.3798828125,669.5150146484375,716.8569946289062,667.4827270507812,724.1827392578125,703.8124389648438,721.9287109375,703.396484375,738.9036865234375,746.265869140625,728.7453002929688,748.604248046875,730.5593872070312,792.5523681640625,719.1490478515625,782.8829956054688,711.8618774414062,794.1044921875,708.531494140625,791.9119262695312,688.85498046875,855.7149658203125,664.9306030273438,856.3665161132812,704.244384765625,918.0078125,662.16064453125,918.8362426757812
700.1214599609375,665.9719848632812,700.6868286132812,659.8994140625,702.450927734375,659.209228515625,705.7464599609375,663.4934692382812,725.43408203125,660.8844604492188,713.6438598632812,699.0802001953125,740.9261474609375,696.48583984375,724.1082763671875,743.0931396484375,745.9542236328125,740.1450805664062,717.1344604492188,781.2310180664062,722.12548828125,768.54638671875,718.188232421875,790.3072509765625,732.4840087890625,788.460205078125,695.19482421875,854.4400634765625,677.2171630859375,855.8377685546875,716.8026123046875,918.0733642578125,664.8882446289062,920.3472900390625
700.0906372070312,660.275634765625,700.5609130859375,654.910888671875,702.9861450195312,653.2596435546875,705.239990234375,660.468017578125,730.9089965820312,654.8577880859375,713.2626953125,696.0443115234375,748.0819091796875,691.5293579101562,721.2947387695312,741.1123046875,765.48681640625,740.91796875,705.3394165039062,775.2438354492188,741.1165771484375,773.8983154296875,721.8507080078125,785.5211791992188,741.259033203125,782.4774169921875,703.2020263671875,848.823486328125,683.9619750976562,849.10302734375,720.6854248046875,915.6683349609375,670.5756225585938,915.7650146484375
704.4039306640625,657.9334716796875,703.556884765625,652.4771728515625,706.9165649414062,651.5339965820312,706.69482421875,655.780517578125,733.0595703125,651.6456298828125,710.5239868164062,691.4053955078125,756.231201171875,683.7095947265625,701.1832275390625,738.0968627929688,782.935546875,732.8597412109375,686.2713623046875,773.3385009765625,778.3046264648438,777.98291015625,723.2388916015625,778.4046020507812,749.0234375,773.8104858398438,709.8436279296875,846.8135986328125,700.5453491210938,842.0279541015625,727.5093383789062,914.9326171875,689.31640625,906.870849609375
708.0494384765625,655.3397216796875,706.70458984375,650.0098876953125,711.3512573242188,649.8174438476562,708.9874877929688,654.1690673828125,734.68603515625,652.423828125,712.7916259765625,688.2277221679688,753.3680419921875,687.6749267578125,703.864013671875,730.6359252929688,781.9198608398438,731.9947509765625,687.40283203125,760.9345703125,790.3997802734375,767.9745483398438,729.6041259765625,776.5365600585938,752.5643920898438,776.5003051757812,713.9481811523438,840.5848388671875,714.2639770507812,841.9030151367188,726.7931518554688,904.030517578125,710.6543579101562,904.59716796875
711.6630859375,652.940673828125,710.565185546875,647.6151733398438,714.2491455078125,646.94287109375,711.9102783203125,649.8889770507812,735.9251098632812,646.812255859375,715.3604125976562,683.8735961914062,757.2335815429688,679.6567993164062,704.2318115234375,726.9324951171875,786.4085083007812,727.6809692382812,679.9630126953125,760.290283203125,794.6378173828125,767.9962158203125,736.4947509765625,774.7754516601562,761.365478515625,771.6273193359375,709.6995239257812,838.395751953125,718.7805786132812,835.9714965820312,723.63037109375,906.4066162109375,718.4078369140625,902.663330078125
713.34326171875,651.2473754882812,712.3212890625,646.2313842773438,717.0799560546875,645.6708984375,715.57861328125,650.44287109375,740.122802734375,647.623046875,717.644287109375,684.445556640625,764.283203125,679.4503784179688,699.8944702148438,730.1818237304688,788.7412109375,724.7127075195312,677.5311889648438,764.7147216796875,801.1416015625,764.69775390625,741.642822265625,769.291748046875,769.9674072265625,765.9892578125,713.2899169921875,832.4005126953125,735.7572021484375,828.9976806640625,732.4536743164062,897.747802734375,742.4207153320312,891.1466064453125
720.193115234375,651.0166625976562,718.7176513671875,645.934326171875,723.572265625,645.4356689453125,719.5482177734375,650.828857421875,745.2525634765625,648.11181640625,718.8512573242188,686.59423828125,769.0112915039062,680.7867431640625,698.7074584960938,733.3355712890625,791.8661499023438,726.3548583984375,678.3233642578125,767.5201416015625,806.0968017578125,768.2012329101562,744.0512084960938,771.1909790039062,776.5601806640625,767.8438110351562,714.2418823242188,833.604248046875,755.3583374023438,829.1708984375,730.8876953125,897.8501586914062,771.5696411132812,888.6683349609375
728.260498046875,655.7586669921875,726.321044921875,650.6119384765625,730.5084838867188,650.06787109375,724.676025390625,655.3881225585938,749.2429809570312,652.1206665039062,721.8261108398438,691.8844604492188,772.85302734375,683.6483764648438,700.6290283203125,737.638427734375,796.5892333984375,727.01953125,680.8687744140625,769.764404296875,811.6539916992188,769.1746215820312,746.5511474609375,774.4803466796875,781.2572021484375,770.1002197265625,718.9229736328125,835.551513671875,773.4757690429688,828.700439453125,732.6129760742188,897.7020263671875,797.380615234375,884.2738037109375
734.2188720703125,661.4258422851562,731.771484375,656.49853515625,735.4099731445312,655.4912109375,727.9732666015625,662.9227294921875,753.5123291015625,657.346435546875,726.4283447265625,701.9938354492188,778.335693359375,687.3628540039062,699.6209106445312,743.7540283203125,801.614501953125,728.9073486328125,679.3668212890625,760.5565795898438,816.1382446289062,773.4559326171875,750.2454223632812,786.6417236328125,786.580078125,779.2410278320312,718.6070556640625,843.474609375,782.6907348632812,829.5496826171875,731.4054565429688,908.57568359375,816.8646240234375,882.8900146484375
740.049072265625,664.2857666015625,738.34765625,659.677734375,741.502197265625,658.715087890625,735.8356323242188,666.1273193359375,759.7559204101562,661.4654541015625,732.675537109375,704.785400390625,781.6060791015625,692.38623046875,710.485595703125,746.1375732421875,809.287109375,733.2453002929688,690.078125,769.3055419921875,826.7930908203125,774.059814453125,750.7311401367188,786.0653686523438,787.216552734375,779.493896484375,722.318359375,842.38623046875,800.439697265625,830.7392578125,729.9927978515625,903.7415771484375,843.455322265625,881.8390502929688
750.2115478515625,663.9918823242188,748.4686889648438,659.2435913085938,751.6337280273438,658.3529663085938,745.2755737304688,665.6728515625,769.17333984375,661.472412109375,740.7823486328125,703.294677734375,789.4326782226562,692.190673828125,719.9464721679688,742.716552734375,815.9155883789062,732.8347778320312,701.353759765625,763.3502197265625,830.6773681640625,772.3282470703125,756.0460205078125,782.7001953125,793.5194091796875,776.6656494140625,729.7464599609375,840.1463623046875,816.160400390625,829.3133544921875,728.1649780273438,902.946044921875,857.158935546875,882.4711303710938
763.057861328125,661.4918823242188,759.808837890625,656.23583984375,763.897216796875,655.6970825195312,754.2186279296875,662.4002685546875,779.71728515625,658.414794921875,750.4786987304688,700.0162353515625,798.8101806640625,688.507568359375,732.431640625,740.1356201171875,823.9305419921875,728.6780395507812,714.1478271484375,759.0684814453125,837.9684448242188,765.6773071289062,762.6412353515625,777.3660888671875,800.8345947265625,771.3505859375,746.8291015625,836.9725341796875,837.803955078125,825.7560424804688,729.5880126953125,901.3248291015625,868.8228149414062,879.2513427734375
767.0531005859375,656.1576538085938,765.393310546875,651.6829833984375,769.24365234375,650.7941284179688,765.2898559570312,657.7682495117188,789.4119873046875,653.4522094726562,763.2743530273438,695.6962280273438,810.923828125,684.1396484375,741.8821411132812,737.0678100585938,836.2172241210938,725.7636108398438,721.8966064453125,759.611328125,854.26904296875,767.2835083007812,775.281005859375,774.0034790039062,812.1046142578125,768.087158203125,754.4237670898438,833.4410400390625,839.59521484375,822.8761596679688,734.3106689453125,898.9283447265625,862.0134887695312,879.1027221679688
781.3090209960938,652.0361328125,778.7596435546875,647.0502319335938,782.6141967773438,646.685302734375,775.2625732421875,653.560791015625,799.4826049804688,650.6262817382812,771.6142578125,691.4495849609375,820.453857421875,683.254638671875,751.7028198242188,731.968017578125,844.2119750976562,723.807373046875,731.1048583984375,761.790283203125,860.2452392578125,764.2586059570312,788.4589233398438,766.5213623046875,825.4432983398438,762.2904052734375,765.1273803710938,826.4779052734375,846.4102783203125,819.219970703125,743.4339599609375,890.669677734375,862.35888671875,875.447509765625
787.05859375,650.7713623046875,784.48291015625,645.25634765625,788.953125,644.6317138671875,779.9243774414062,650.52978515625,807.701171875,647.0121459960938,773.7603759765625,686.8394775390625,830.447998046875,679.1376342773438,756.276611328125,732.9246826171875,858.9549560546875,722.5953979492188,743.0516967773438,766.0594482421875,868.8953857421875,761.3516845703125,795.5916748046875,766.3673095703125,836.676025390625,762.682861328125,772.023681640625,819.9769287109375,849.1367797851562,814.5205078125,759.738037109375,885.036865234375,868.8958740234375,873.4320068359375
793.9440307617188,647.59130859375,791.7691650390625,642.31689453125,796.56787109375,641.6607666015625,789.22119140625,647.19873046875,817.3775634765625,643.8521118164062,784.35986328125,684.02001953125,842.052001953125,676.5452880859375,765.3804931640625,728.88037109375,864.3667602539062,720.4981079101562,747.3547973632812,761.8470458984375,871.2994384765625,762.2095947265625,804.9783935546875,763.2628784179688,847.6796875,759.693603515625,776.4609375,814.4713134765625,858.1053466796875,809.185546875,764.9384765625,879.5533447265625,876.61865234375,869.2604370117188
800.297119140625,649.6521606445312,798.2520751953125,644.412109375,802.8135986328125,643.697265625,795.5458374023438,648.787841796875,822.06103515625,645.287841796875,790.00830078125,684.4957275390625,845.7872314453125,676.2808837890625,771.4105224609375,729.877685546875,866.755126953125,719.9722900390625,756.658203125,765.6820068359375,876.8270874023438,764.9476318359375,813.4444580078125,758.6619873046875,855.7943115234375,754.5126953125,782.0967407226562,805.5406494140625,868.687744140625,799.1146240234375,773.1090087890625,871.7975463867188,894.6357421875,860.1961669921875
809.692138671875,654.1617431640625,807.5142822265625,648.77587890625,811.9158325195312,647.9390869140625,803.0823974609375,652.3902587890625,829.4042358398438,648.3986206054688,799.2467041015625,686.5203857421875,851.146484375,677.253173828125,779.5222778320312,733.8697509765625,875.8355712890625,720.862548828125,763.9506225585938,768.0828857421875,885.3649291992188,765.03466796875,821.3431396484375,762.2457275390625,861.7435302734375,758.3135986328125,786.3519287109375,811.1114501953125,881.1065673828125,804.6593627929688,774.2569580078125,869.1150512695312,915.5115966796875,858.6895751953125
814.8902587890625,655.8220825195312,813.8589477539062,651.04150390625,817.6426391601562,650.2347412109375,811.9077758789062,656.1365356445312,835.9932861328125,653.174560546875,805.1702880859375,691.8074340820312,856.4661865234375,684.6162109375,788.729736328125,736.4537353515625,879.4730224609375,726.0130615234375,778.3558349609375,775.9623413085938,893.2528076171875,769.495849609375,826.4188842773438,762.1367797851562,868.7767333984375,758.689697265625,791.7848510742188,812.023193359375,900.1221923828125,806.3955078125,775.5671997070312,867.0784912109375,939.411865234375,856.977294921875
824.7073974609375,658.6371459960938,823.9597778320312,653.78662109375,827.7032470703125,652.9212646484375,822.9080810546875,659.0588989257812,844.8709716796875,655.8984375,816.4295654296875,694.0042114257812,866.0380859375,685.7449340820312,799.78076171875,741.0230712890625,890.7885131835938,726.8472290039062,792.6904296875,781.9049072265625,910.51708984375,767.7017822265625,834.9212036132812,763.0528564453125,875.979248046875,759.0825805664062,798.6947021484375,809.1846923828125,909.0123291015625,803.8363037109375,783.2447509765625,860.60595703125,948.7916259765625,853.0567016601562
839.5362548828125,656.6937255859375,838.7312622070312,652.1107788085938,842.92236328125,651.2913208007812,836.5065307617188,657.5999755859375,860.093017578125,655.42626953125,825.8358764648438,693.556884765625,879.775634765625,687.68359375,811.1929321289062,742.6612548828125,905.84765625,729.877685546875,806.4195556640625,784.3328247070312,927.6854248046875,766.292724609375,841.1054077148438,765.9025268554688,886.6649169921875,763.0157470703125,802.8543090820312,807.1898803710938,928.417236328125,803.4039306640625,779.6075439453125,859.5816650390625,969.0250854492188,852.2132568359375
860.9544067382812,654.8995361328125,859.29345703125,650.6007080078125,863.2816772460938,649.4788818359375,854.7164306640625,655.479736328125,878.0965576171875,651.7431640625,846.1397094726562,691.6575927734375,895.153564453125,680.1512451171875,829.2368774414062,740.15966796875,918.220947265625,718.7728271484375,825.5020751953125,775.1734619140625,932.7943115234375,759.6529541015625,855.8280029296875,766.107177734375,897.829345703125,760.3919677734375,819.2088623046875,808.5488891601562,940.1314086914062,799.2090454101562,784.1136474609375,863.0824584960938,968.40087890625,847.3631591796875
878.32177734375,652.624267578125,875.510498046875,647.5154418945312,880.552978515625,647.199462890625,868.8187866210938,651.6445922851562,895.1401977539062,649.8662109375,859.8343505859375,685.4949951171875,912.5656127929688,679.7379150390625,837.192138671875,730.5509033203125,937.94775390625,721.713134765625,825.073974609375,769.0599365234375,954.236083984375,762.7481689453125,872.2439575195312,756.9959716796875,916.3178100585938,753.8099365234375,831.7427978515625,807.64501953125,954.88720703125,802.8009033203125,786.7102661132812,861.953125,978.511962890625,851.6607666015625
893.811279296875,651.7764892578125,891.822265625,646.4141235351562,896.2603759765625,646.10302734375,890.514892578125,650.2464599609375,912.5823974609375,647.8326416015625,885.262451171875,685.059326171875,934.0911865234375,677.4205932617188,862.4946899414062,730.4654541015625,955.650634765625,718.0750122070312,845.8745727539062,757.81298828125,973.3670654296875,750.8336791992188,896.3291015625,758.3721313476562,936.8750610351562,754.4222412109375,851.5424194335938,798.762451171875,963.6351928710938,793.4796142578125,813.9227294921875,857.20654296875,981.802001953125,849.1979370117188
918.3033447265625,652.8201904296875,915.7220458984375,647.7958984375,920.68603515625,647.88671875,910.3233642578125,651.9551391601562,933.2151489257812,651.4868774414062,900.4209594726562,684.2445678710938,953.3349609375,682.6980590820312,871.90966796875,722.0545654296875,977.5581665039062,721.5723876953125,846.904541015625,756.1497802734375,998.0809326171875,761.4083862304688,915.5606689453125,759.81298828125,956.3849487304688,758.572265625,871.3770751953125,790.496337890625,973.839111328125,788.755615234375,842.2985229492188,849.8981323242188,990.16845703125,845.0576171875
936.333251953125,657.2034301757812,934.2691040039062,652.4345703125,938.4146728515625,651.888671875,928.8963623046875,656.334716796875,952.9683837890625,654.1031494140625,919.19873046875,687.3897705078125,971.4346923828125,682.9176635742188,889.8826904296875,715.7747802734375,1000.744384765625,722.7371826171875,872.6961669921875,728.4793701171875,1021.2677001953125,763.993896484375,929.953125,759.5582885742188,969.2655029296875,755.9298095703125,894.417236328125,796.5349731445312,985.7191162109375,789.26416015625,878.1022338867188,853.4334716796875,1015.6990966796875,838.1361694335938
971.556396484375,660.1426391601562,968.222412109375,655.1851806640625,971.2516479492188,655.5125732421875,956.7216796875,659.02685546875,976.7579956054688,658.7361450195312,944.804931640625,689.8839111328125,987.975341796875,687.6025390625,906.4119873046875,711.713623046875,1009.7418212890625,726.23291015625,879.0543823242188,718.317138671875,1030.947998046875,766.698974609375,943.1533813476562,763.984130859375,979.1204833984375,761.0067138671875,907.4920654296875,798.7633666992188,1012.2251586914062,790.8004150390625,885.3475341796875,857.0223388671875,1054.999755859375,839.0755004882812
1003.2513427734375,662.7745361328125,998.9862060546875,657.2747802734375,1002.2374877929688,658.14501953125,983.2850341796875,661.2362060546875,1001.4639892578125,662.944091796875,968.22265625,690.6736450195312,1010.1160888671875,693.0298461914062,926.3089599609375,702.7806396484375,1035.190185546875,727.112060546875,895.74609375,705.731201171875,1062.1971435546875,767.49658203125,961.9434814453125,766.8634643554688,996.7144775390625,765.762451171875,924.2495727539062,803.0439453125,1036.540771484375,797.3007202148438,889.62890625,855.0448608398438,1072.4495849609375,839.5399169921875
1033.359375,670.50537109375,1028.598876953125,665.6766357421875,1032.183349609375,666.154052734375,1010.0902099609375,668.97265625,1028.236572265625,669.5619506835938,992.3916015625,695.0465087890625,1034.00732421875,695.0361328125,947.6273803710938,708.18505859375,1062.37841796875,725.7108154296875,912.6173095703125,707.5084228515625,1089.9976806640625,755.8626708984375,974.2906494140625,760.4066162109375,1009.8048706054688,758.4642333984375,938.9404296875,799.645751953125,1057.83642578125,793.3258666992188,896.98828125,850.65771484375,1094.43115234375,836.219970703125
1062.4200439453125,679.68701171875,1058.610595703125,674.7201538085938,1061.83203125,675.4746704101562,1040.7923583984375,675.0169677734375,1057.0233154296875,677.6767578125,1019.0419921875,697.2645874023438,1056.850341796875,701.4259643554688,972.3643798828125,709.36572265625,1086.1168212890625,731.8115234375,940.366943359375,709.5897827148438,1117.2225341796875,757.9385375976562,983.0037841796875,761.1273193359375,1016.8131103515625,760.9872436523438,946.1876220703125,801.23193359375,1068.998046875,798.3081665039062,896.7108764648438,852.5428466796875,1106.2020263671875,844.8773803710938
1091.92431640625,696.5303955078125,1087.2098388671875,691.22509765625,1092.040283203125,693.2987060546875,1068.382568359375,689.0534057617188,1085.7652587890625,695.3627319335938,1043.7906494140625,703.4486083984375,1085.340576171875,716.9735107421875,994.2744140625,712.1756591796875,1116.07177734375,746.911376953125,963.0819091796875,711.369384765625,1157.1900634765625,772.7095947265625,1004.0069580078125,758.8099365234375,1039.8182373046875,764.2128295898438,968.659423828125,785.565185546875,1099.5936279296875,789.3848876953125,911.1993408203125,839.8203125,1128.074462890625,841.0035400390625
1116.0428466796875,709.52685546875,1111.02783203125,705.2354736328125,1116.312255859375,706.3787841796875,1090.294189453125,703.29443359375,1109.61962890625,706.9340209960938,1067.1195068359375,716.2822875976562,1104.9942626953125,724.6053466796875,1026.2178955078125,725.7138671875,1136.865234375,754.0516357421875,1007.3131103515625,719.1613159179688,1176.9505615234375,772.8253173828125,1020.9852905273438,763.120361328125,1053.4183349609375,765.870849609375,981.656982421875,789.692626953125,1094.9901123046875,791.567138671875,921.603759765625,827.8807373046875,1114.9755859375,830.5753173828125
1133.771240234375,717.3740234375,1130.554931640625,713.2971801757812,1134.03955078125,714.2860717773438,1111.662353515625,708.2059936523438,1126.615234375,712.3069458007812,1084.520263671875,716.1576538085938,1114.7506103515625,725.2471923828125,1042.9154052734375,726.1834106445312,1136.3203125,754.1790771484375,1036.006591796875,723.3616943359375,1174.9075927734375,775.8880004882812,1031.466064453125,759.29345703125,1059.12744140625,762.546875,1002.1610107421875,788.243896484375,1101.433837890625,791.1256713867188,939.8479614257812,819.0350341796875,1116.3331298828125,824.5654296875
1145.4110107421875,719.166015625,1142.2451171875,714.2462158203125,1144.568603515625,715.9855346679688,1123.32666015625,706.63427734375,1136.0787353515625,712.7987060546875,1094.671630859375,710.5267333984375,1125.630126953125,725.6500854492188,1053.370361328125,716.861328125,1142.9818115234375,762.7655639648438,1046.3385009765625,710.2216186523438,1174.1539306640625,789.7304077148438,1042.888427734375,755.0253295898438,1069.99462890625,760.808349609375,1029.79052734375,783.1748046875,1116.22021484375,788.5792236328125,976.9166259765625,811.999267578125,1127.3660888671875,818.9127197265625
1152.2493896484375,711.2645263671875,1148.886962890625,705.7255249023438,1150.2818603515625,708.1669311523438,1129.723876953125,698.193115234375,1139.15771484375,706.0025024414062,1100.550048828125,701.3963012695312,1127.16455078125,722.702392578125,1056.377197265625,703.7235107421875,1145.176025390625,770.1949462890625,1034.764404296875,694.4767456054688,1175.189453125,809.759765625,1047.884765625,748.9608154296875,1069.531005859375,757.4249267578125,1054.43798828125,781.341552734375,1123.3515625,789.4293212890625,1006.86376953125,811.8480224609375,1128.5103759765625,820.8685913085938
1155.174560546875,705.343994140625,1150.33251953125,699.1172485351562,1153.308349609375,702.562744140625,1130.266357421875,691.70166015625,1144.2816162109375,701.1637573242188,1101.9915771484375,695.7131958007812,1134.6259765625,719.6764526367188,1065.1044921875,704.2509155273438,1143.47216796875,769.2958984375,1045.72900390625,706.2022094726562,1160.9765625,816.5904541015625,1050.099365234375,746.8866577148438,1074.841552734375,757.8587646484375,1071.6026611328125,766.217041015625,1137.5225830078125,777.3134765625,1028.9869384765625,805.5936279296875,1134.605224609375,819.3550415039062
1154.72265625,698.5230712890625,1151.57861328125,691.9681396484375,1152.406005859375,694.020263671875,1133.708984375,683.8477783203125,1143.1324462890625,690.063720703125,1103.7366943359375,691.1570434570312,1132.703125,706.9071044921875,1077.564697265625,712.739013671875,1142.0616455078125,755.314453125,1069.4136962890625,723.0432739257812,1150.5771484375,793.7012329101562,1052.11328125,747.0401000976562,1074.701904296875,754.33251953125,1087.433837890625,753.60546875,1136.2010498046875,761.6097412109375,1046.474853515625,805.3438720703125,1123.06591796875,817.1131591796875
1155.2447509765625,684.9724731445312,1151.9903564453125,678.5346069335938,1153.406982421875,681.2073974609375,1134.9239501953125,669.7930297851562,1144.602783203125,678.3455810546875,1103.2947998046875,674.8968505859375,1136.492919921875,697.2010498046875,1056.96630859375,686.8282470703125,1140.46630859375,744.9727783203125,1015.3101196289062,693.1448974609375,1136.8260498046875,781.03955078125,1059.9981689453125,736.44140625,1081.6339111328125,746.1368408203125,1099.3646240234375,749.40869140625,1134.271484375,761.7035522460938,1071.951904296875,801.356689453125,1117.6064453125,817.226806640625
1156.782470703125,669.8800048828125,1152.1253662109375,663.177001953125,1155.1929931640625,666.3228759765625,1132.7568359375,657.439208984375,1147.65625,667.2747802734375,1102.977294921875,667.6823120117188,1139.907958984375,689.2592163085938,1059.461669921875,677.855712890625,1139.2373046875,732.8006591796875,1023.010986328125,690.3876342773438,1134.449462890625,765.4927978515625,1061.0111083984375,727.8531494140625,1083.3802490234375,737.2247314453125,1108.9468994140625,744.2539672851562,1131.298583984375,756.6912841796875,1093.308349609375,796.310546875,1112.59130859375,812.8116455078125
1154.6328125,657.4840087890625,1150.3997802734375,650.8464965820312,1153.005615234375,653.58935546875,1130.8355712890625,646.44482421875,1145.20654296875,655.4444580078125,1100.498291015625,660.2249755859375,1138.375244140625,678.5350952148438,1062.5753173828125,676.4937744140625,1135.3060302734375,715.7060546875,1035.018310546875,695.383056640625,1126.6959228515625,738.955322265625,1067.24169921875,720.9486694335938,1090.62548828125,729.8106689453125,1117.8583984375,742.3043212890625,1139.201171875,754.8421630859375,1107.927490234375,795.455078125,1121.7119140625,813.541259765625
1152.9068603515625,650.5767211914062,1148.1363525390625,643.385498046875,1151.916748046875,647.9166259765625,1129.1260986328125,637.3653564453125,1149.603271484375,650.6452026367188,1102.89208984375,651.5142822265625,1138.501220703125,675.9264526367188,1074.8524169921875,676.5877075195312,1132.271728515625,720.38623046875,1073.7073974609375,698.47900390625,1135.0545654296875,741.1880493164062,1064.5218505859375,719.192138671875,1087.043212890625,731.2359619140625,1124.1405029296875,733.01611328125,1140.54736328125,748.0588989257812,1111.4837646484375,790.6217041015625,1123.655029296875,812.099365234375
1152.0091552734375,635.3018798828125,1147.8673095703125,628.4238891601562,1149.8409423828125,632.364501953125,1130.8197021484375,625.0601196289062,1145.101806640625,636.0917358398438,1108.572021484375,644.214599609375,1132.9217529296875,663.7091064453125,1093.6849365234375,676.1113891601562,1123.91162109375,708.947265625,1098.841064453125,703.5210571289062,1126.5316162109375,733.18896484375,1073.3685302734375,719.076416015625,1089.8221435546875,729.2958984375,1133.196044921875,737.8709716796875,1147.3624267578125,751.0059814453125,1111.97802734375,790.87939453125,1123.2911376953125,811.2691040039062
1150.3797607421875,630.995361328125,1146.0714111328125,624.5260620117188,1148.0596923828125,627.375,1128.489501953125,622.3507080078125,1141.45068359375,629.8634033203125,1108.9488525390625,643.4148559570312,1129.060546875,655.25537109375,1100.556640625,682.4376220703125,1119.1568603515625,701.1740112304688,1110.6011962890625,718.32080078125,1125.728515625,736.5020751953125,1078.65673828125,716.3809204101562,1093.2496337890625,723.3040771484375,1136.16748046875,745.2462158203125,1152.364990234375,753.4418334960938,1111.264404296875,795.6141357421875,1127.157958984375,809.097900390625
1145.678466796875,625.8548583984375,1140.9852294921875,619.7130126953125,1144.1201171875,622.318115234375,1122.6488037109375,619.1474609375,1139.4547119140625,625.9906616210938,1104.88134765625,642.5707397460938,1125.8662109375,653.1941528320312,1098.611083984375,682.583984375,1116.7276611328125,699.4688110351562,1113.033203125,716.3424072265625,1126.944580078125,733.658935546875,1078.23974609375,716.1888427734375,1093.357421875,722.6651611328125,1135.9443359375,747.86572265625,1149.8623046875,755.2037353515625,1110.1171875,796.746826171875,1124.414794921875,808.8721923828125
1142.7001953125,621.4025268554688,1138.4010009765625,615.328857421875,1141.0743408203125,617.720703125,1120.84033203125,615.5381469726562,1136.6767578125,621.7490234375,1103.593017578125,640.0703125,1122.811767578125,649.4912109375,1097.08203125,681.438232421875,1115.2548828125,696.8353271484375,1113.04345703125,712.7129516601562,1127.94921875,729.89697265625,1078.006591796875,715.0761108398438,1091.5361328125,721.0386962890625,1137.773193359375,750.311767578125,1148.659912109375,756.8497314453125,1109.883544921875,797.8617553710938,1119.783203125,808.8106689453125
1140.923583984375,615.2464599609375,1136.227783203125,609.0220947265625,1138.973876953125,611.58740234375,1118.23046875,609.89453125,1134.25537109375,616.3970336914062,1101.762451171875,636.102783203125,1122.246337890625,646.3426513671875,1099.121337890625,678.1185302734375,1118.93115234375,695.3770751953125,1114.5048828125,711.8972778320312,1132.252197265625,730.0134887695312,1075.8350830078125,712.7862548828125,1089.8536376953125,719.1182861328125,1136.2003173828125,748.1182250976562,1146.785400390625,755.2535400390625,1110.430908203125,796.6231689453125,1117.4169921875,808.3807373046875
1133.412109375,610.3525390625,1128.384765625,603.9052124023438,1132.29248046875,606.5855712890625,1110.1895751953125,604.5595703125,1130.57421875,611.5057983398438,1091.95654296875,632.09765625,1122.761962890625,643.02734375,1087.6676025390625,674.1216430664062,1121.725830078125,692.4798583984375,1103.302978515625,709.47314453125,1135.1683349609375,728.4459838867188,1068.2620849609375,710.8631591796875,1088.7000732421875,717.3884887695312,1127.5391845703125,745.91748046875,1142.717529296875,753.28759765625,1108.24169921875,794.56298828125,1115.5625,806.4873046875
1127.89501953125,609.52685546875,1123.173095703125,603.2651977539062,1127.5191650390625,605.0703735351562,1104.18603515625,603.558837890625,1127.87451171875,608.3256225585938,1082.99169921875,630.99267578125,1124.345703125,637.9147338867188,1070.0750732421875,671.3991088867188,1125.83251953125,685.1984252929688,1086.125,702.1318969726562,1141.1737060546875,723.88134765625,1066.933349609375,707.6151733398438,1093.58740234375,711.822265625,1118.208740234375,756.092529296875,1134.9599609375,759.6073608398438,1105.720947265625,803.4889526367188,1110.6737060546875,808.8696899414062
1121.69287109375,605.3438110351562,1117.051513671875,599.2244873046875,1121.505126953125,600.7154541015625,1098.0208740234375,600.7474365234375,1123.406494140625,604.51318359375,1077.46044921875,629.2567749023438,1122.1422119140625,634.7781982421875,1061.172607421875,665.9961547851562,1126.245361328125,681.5441284179688,1075.6724853515625,688.1439208984375,1142.395751953125,719.1282348632812,1064.3426513671875,704.40478515625,1092.71142578125,707.5027465820312,1108.313720703125,758.0732421875,1125.5155029296875,759.3370361328125,1103.361328125,807.05517578125,1108.589599609375,807.8897705078125
1108.000244140625,599.28076171875,1105.2548828125,593.438720703125,1109.2763671875,594.297119140625,1092.0787353515625,595.5830078125,1115.805908203125,598.41748046875,1069.8076171875,624.6555786132812,1118.1522216796875,630.958740234375,1053.927001953125,664.9679565429688,1122.227783203125,680.2061767578125,1068.77587890625,685.8536987304688,1140.3253173828125,720.16455078125,1063.5078125,702.106689453125,1094.96435546875,706.1384887695312,1094.92041015625,756.63525390625,1117.801513671875,759.2950439453125,1090.7052001953125,813.14892578125,1100.321533203125,814.2677001953125
1097.8165283203125,595.031005859375,1095.7733154296875,589.5191040039062,1099.5791015625,590.21435546875,1085.079345703125,592.8458862304688,1109.1474609375,595.387939453125,1064.0042724609375,622.7101440429688,1114.4434814453125,628.7742919921875,1048.763916015625,661.15771484375,1121.2423095703125,675.24365234375,1061.6824951171875,682.9695434570312,1136.5694580078125,713.20654296875,1059.73486328125,700.0960083007812,1093.0758056640625,703.7025146484375,1081.517333984375,755.0885009765625,1110.82666015625,758.070068359375,1078.6246337890625,811.603515625,1098.054443359375,814.1077880859375
1096.656494140625,590.9401245117188,1092.8536376953125,585.1929321289062,1097.1541748046875,586.0374755859375,1076.97021484375,588.8444213867188,1100.998291015625,591.1801147460938,1057.50634765625,619.8690185546875,1106.822509765625,625.1983642578125,1045.24609375,659.6637573242188,1118.98779296875,670.66357421875,1051.1702880859375,688.7991333007812,1133.20166015625,710.9481811523438,1056.384033203125,696.6904296875,1090.0689697265625,699.8336181640625,1063.794921875,753.26904296875,1103.327880859375,755.91796875,1063.4375,811.9088745117188,1101.9503173828125,814.975341796875
1086.1046142578125,588.369384765625,1082.780517578125,582.630615234375,1087.26220703125,583.499755859375,1068.9998779296875,586.0394287109375,1093.1224365234375,588.8607788085938,1049.604736328125,617.55078125,1101.2718505859375,623.0715942382812,1036.3336181640625,660.4562377929688,1113.2529296875,668.286865234375,1037.2119140625,697.3609008789062,1125.672607421875,706.5043334960938,1048.014892578125,694.6415405273438,1084.2559814453125,697.7166748046875,1048.8804931640625,751.5126953125,1101.39990234375,755.4457397460938,1045.209228515625,809.5742797851562,1102.7158203125,815.5615234375
1075.2305908203125,587.3776245117188,1072.7440185546875,581.9021606445312,1076.3709716796875,582.2863159179688,1059.6807861328125,584.0676879882812,1084.255126953125,586.0677490234375,1040.32666015625,615.7520751953125,1091.7000732421875,620.2307739257812,1021.9906005859375,658.249267578125,1108.51953125,669.2191772460938,1019.27783203125,695.6182861328125,1119.09375,708.5509033203125,1039.8782958984375,693.44287109375,1077.283447265625,695.4260864257812,1032.4974365234375,753.8970336914062,1094.1866455078125,756.9710693359375,1026.310546875,811.6392822265625,1106.759521484375,816.0151977539062
1062.272705078125,586.3057861328125,1060.2598876953125,581.2009887695312,1064.42919921875,581.3173828125,1050.21142578125,584.544189453125,1076.468017578125,585.8216552734375,1033.4501953125,617.66748046875,1085.752685546875,620.0274047851562,1015.5928344726562,659.4940795898438,1099.749267578125,666.7339477539062,1014.6373291015625,698.697021484375,1106.739013671875,708.4000244140625,1032.9892578125,695.3631591796875,1072.0648193359375,696.1490478515625,1018.1126708984375,755.9591064453125,1089.9149169921875,757.5452880859375,1007.7569580078125,813.4193115234375,1103.033203125,815.9965209960938
1063.3056640625,590.36767578125,1059.6708984375,584.5676879882812,1064.0157470703125,585.2755126953125,1045.083740234375,587.336181640625,1070.916748046875,589.327392578125,1030.243408203125,619.44775390625,1079.4395751953125,622.4581298828125,1009.75341796875,660.4777221679688,1093.4083251953125,667.0934448242188,999.3528442382812,697.1925048828125,1102.595703125,706.1353759765625,1026.583251953125,696.9253540039062,1064.28076171875,698.509765625,1005.8841552734375,756.05517578125,1085.46923828125,758.0125122070312,984.6919555664062,814.3115234375,1098.984375,816.6722412109375
1057.752685546875,597.9239501953125,1053.43408203125,592.3638916015625,1058.28759765625,592.5891723632812,1035.53076171875,595.59814453125,1062.86376953125,596.4107666015625,1018.52978515625,628.427978515625,1070.8458251953125,631.0068969726562,1002.422607421875,671.3165283203125,1088.8564453125,678.4540405273438,997.5074462890625,710.7157592773438,1094.4267578125,716.707763671875,1021.477783203125,706.8173828125,1062.1513671875,707.5543212890625,991.5594482421875,763.6561889648438,1080.2529296875,765.0932006835938,965.0985717773438,822.446044921875,1094.447998046875,823.4278564453125
1040.325439453125,603.091064453125,1037.777587890625,597.7225341796875,1041.8289794921875,597.8863525390625,1026.657958984375,601.6611328125,1051.9451904296875,602.62646484375,1012.5076904296875,636.3676147460938,1061.5858154296875,638.2431640625,998.320068359375,681.045654296875,1076.4678955078125,683.5450439453125,993.25048828125,718.62744140625,1079.699462890625,711.9868774414062,1012.3991088867188,715.6192626953125,1052.712646484375,716.0086059570312,979.5791015625,767.16943359375,1079.1197509765625,769.1251831054688,949.612060546875,827.3995971679688,1097.6741943359375,828.8908081054688
1025.6436767578125,608.3883056640625,1023.5150756835938,602.989501953125,1027.061767578125,603.075927734375,1014.9906005859375,607.7990112304688,1039.1651611328125,608.1463623046875,1003.86767578125,643.7483520507812,1051.901123046875,643.5739135742188,987.951416015625,692.3712158203125,1069.156494140625,687.3880615234375,976.0050048828125,732.8809204101562,1069.20361328125,712.5890502929688,1009.5186767578125,720.017578125,1049.560302734375,719.6505737304688,971.8024291992188,773.1546020507812,1075.9962158203125,774.7271728515625,941.6895751953125,829.103759765625,1099.02099609375,830.0733032226562
1016.0455322265625,613.9568481445312,1012.8858032226562,608.5728759765625,1016.82763671875,609.0941162109375,1002.7518310546875,612.1582641601562,1024.12841796875,613.4475708007812,992.4354248046875,645.2681884765625,1038.745361328125,644.02978515625,978.425537109375,700.063232421875,1054.6959228515625,685.8757934570312,967.10302734375,740.4999389648438,1056.05859375,698.938232421875,999.683837890625,723.65869140625,1038.810302734375,723.2392578125,963.498291015625,772.21142578125,1069.826171875,774.1994018554688,938.7453002929688,830.1357421875,1092.56201171875,834.6264038085938
995.3501586914062,617.0344848632812,993.7130126953125,611.61572265625,997.695556640625,611.8984375,990.3067626953125,614.4793090820312,1012.719970703125,614.973388671875,983.805908203125,645.5010986328125,1028.244873046875,647.10791015625,975.3367919921875,695.3914184570312,1033.300048828125,693.6392822265625,961.9827880859375,735.040771484375,1019.6350708007812,722.9852905273438,990.386474609375,729.3837280273438,1029.728759765625,730.2520141601562,950.3076782226562,775.4686279296875,1057.9912109375,779.3463134765625,928.6707763671875,834.7884521484375,1085.670654296875,841.938232421875
978.5095825195312,611.7357177734375,978.483642578125,606.82080078125,980.7771606445312,606.08447265625,977.7061767578125,610.9987182617188,999.884765625,608.6182861328125,978.1495971679688,645.0919189453125,1009.6287231445312,640.7733764648438,969.4597778320312,687.9747924804688,995.0904541015625,677.9884643554688,949.2830200195312,723.7756958007812,960.9334716796875,712.7951049804688,983.474609375,727.0322265625,1015.51318359375,725.546630859375,940.125,778.38818359375,1038.1866455078125,777.7443237304688,922.4474487304688,832.3474731445312,1080.944091796875,830.104736328125
966.2685546875,607.789794921875,968.6446533203125,603.6844482421875,968.9133911132812,602.664794921875,974.685791015625,609.8817138671875,989.775146484375,607.357177734375,976.0303955078125,642.6798095703125,996.97998046875,634.9446411132812,970.6246948242188,679.026123046875,972.4363403320312,654.068603515625,959.0706787109375,705.6163940429688,930.7919311523438,653.1572875976562,977.5572509765625,720.6297607421875,1004.5241088867188,716.464111328125,933.364990234375,776.5029296875,1029.8448486328125,774.8463134765625,918.2744750976562,837.5546264648438,1080.5743408203125,836.4318237304688
957.1331787109375,603.9700317382812,959.09716796875,599.4942016601562,959.5720825195312,598.4365234375,965.7635498046875,605.6246337890625,979.856689453125,602.487548828125,970.804443359375,638.6544189453125,989.2604370117188,634.252197265625,965.9422607421875,680.8515625,976.6689453125,675.4005126953125,939.97607421875,710.6871337890625,943.3720092773438,702.6953125,973.84619140625,717.1282958984375,996.9988403320312,714.010498046875,929.447265625,770.201904296875,1013.984619140625,768.5758666992188,923.4560546875,830.78466796875,1065.84033203125,827.83203125
952.79736328125,601.2854614257812,953.7039794921875,596.1800537109375,954.506591796875,595.6551513671875,956.9942626953125,602.4200439453125,970.2777099609375,599.984619140625,964.9070434570312,637.0863647460938,975.2169799804688,633.6707763671875,959.9912109375,680.48291015625,963.4345092773438,671.9551391601562,929.8209228515625,703.7566528320312,937.1817626953125,693.547607421875,968.3838500976562,717.7883911132812,982.8551025390625,716.5746459960938,927.0551147460938,765.5556640625,998.4163818359375,766.539794921875,922.1630859375,824.9302978515625,1041.442626953125,827.1051635742188
939.5604858398438,592.6964111328125,940.67138671875,588.0391235351562,941.5072021484375,587.4962768554688,946.5401611328125,592.9571533203125,961.6821899414062,590.6774291992188,955.441650390625,625.2196044921875,969.7623291015625,615.3834838867188,958.1385498046875,669.7183837890625,951.13525390625,631.235107421875,938.52099609375,699.2579345703125,907.9803466796875,616.6011962890625,956.9329833984375,704.1983642578125,975.5792236328125,699.824951171875,919.8707885742188,760.234130859375,983.02880859375,759.891357421875,916.71484375,824.6695556640625,1024.7720947265625,827.294677734375
931.7155151367188,592.6676025390625,932.78271484375,587.8866577148438,933.815185546875,587.52734375,938.57373046875,592.5706787109375,953.9012451171875,590.7034912109375,947.82177734375,624.1778564453125,961.2205810546875,614.8656616210938,949.307861328125,668.8513793945312,940.2855224609375,630.10400390625,934.0980224609375,698.953369140625,901.3026123046875,616.8888549804688,950.80517578125,702.209716796875,968.3626708984375,698.231201171875,908.3117065429688,755.4310302734375,968.1649169921875,755.525634765625,903.5379638671875,819.96435546875,1005.9498291015625,823.3760375976562
924.167724609375,594.0392456054688,925.04443359375,588.9903564453125,925.9569091796875,589.0234375,929.82666015625,593.514404296875,942.8255615234375,592.91162109375,939.1180419921875,622.38037109375,948.369873046875,616.8060302734375,945.0507202148438,661.2542114257812,926.2911987304688,629.5906982421875,934.7064208984375,697.25732421875,891.51708984375,623.730712890625,943.6591186523438,696.5958251953125,958.1380004882812,694.5650024414062,897.82421875,747.9515380859375,956.0484619140625,750.7047729492188,890.5504150390625,813.4443969726562,989.7764892578125,820.728271484375
909.497314453125,597.2542114257812,909.785400390625,592.3778076171875,912.027587890625,592.4846801757812,915.6568603515625,597.3895874023438,934.8253784179688,597.0443115234375,926.9111328125,627.5115966796875,944.2633056640625,623.8059692382812,934.950927734375,665.71826171875,924.9873046875,644.0025634765625,923.40771484375,700.1419067382812,883.4627685546875,637.8796997070312,932.3201293945312,703.646728515625,953.072509765625,701.6212768554688,887.1240234375,759.14306640625,948.1341552734375,761.86669921875,875.1446533203125,822.454833984375,979.7625732421875,827.7921752929688
901.2698364257812,599.46142578125,900.1426391601562,595.0797729492188,902.641845703125,594.1785888671875,902.49560546875,603.3408203125,925.7491455078125,598.586181640625,916.1076049804688,640.4080810546875,938.7610473632812,624.924072265625,925.4089965820312,681.8814697265625,934.0098266601562,637.7531127929688,913.6840209960938,717.53076171875,897.2508544921875,633.3773193359375,924.7591552734375,713.5595703125,948.80712890625,706.2144775390625,876.02099609375,769.6976318359375,938.3115234375,764.3677368164062,860.7982177734375,830.439697265625,972.7168579101562,823.894775390625
894.4903564453125,604.5950317382812,893.5899658203125,599.9483032226562,896.0374145507812,599.114990234375,896.9893798828125,606.6500244140625,918.9151611328125,602.1321411132812,910.607421875,638.6922607421875,934.1922607421875,630.0928344726562,925.1326904296875,676.005615234375,933.3328857421875,663.2320556640625,917.5991821289062,709.588134765625,906.0751953125,696.0986328125,922.9837646484375,712.8970947265625,947.3743286132812,708.2503662109375,871.5917358398438,770.7236328125,935.5230712890625,766.0518798828125,861.08447265625,833.6420288085938,969.6092529296875,824.5162353515625
885.4052734375,609.9578247070312,884.9466552734375,605.3343505859375,888.0716552734375,604.3726806640625,888.7120971679688,610.223876953125,910.733154296875,605.989990234375,899.3915405273438,639.8534545898438,924.224365234375,634.4010009765625,911.3017578125,680.1376342773438,923.9263916015625,674.739501953125,904.4983520507812,716.3602905273438,901.8355712890625,715.4910888671875,913.3665771484375,713.8485107421875,938.3080444335938,710.9880981445312,866.7734375,767.0022583007812,930.9814453125,764.7548828125,856.9398193359375,829.2388916015625,962.8548583984375,824.0858154296875
877.261474609375,615.4992065429688,877.2362060546875,610.779052734375,880.9971313476562,609.7457275390625,882.84228515625,614.5196533203125,905.2257080078125,610.4515380859375,892.0651245117188,643.2565307617188,920.4852294921875,639.0524291992188,902.5599365234375,686.595458984375,924.3392944335938,682.4637451171875,897.6333618164062,726.9715576171875,907.6609497070312,726.0740966796875,909.5945434570312,718.7244262695312,936.6539306640625,716.6272583007812,866.7315673828125,767.8628540039062,934.3956298828125,767.0955810546875,855.0731201171875,827.8868408203125,962.3270874023438,825.77294921875
873.7791137695312,614.7131958007812,873.4212646484375,609.7953491210938,877.304931640625,608.952880859375,878.2718505859375,613.3690795898438,901.2145385742188,609.6005859375,888.3184814453125,641.9624633789062,916.612548828125,637.7337646484375,898.3975830078125,683.5021362304688,919.66162109375,678.97705078125,894.7742919921875,725.5848999023438,904.5220947265625,723.9099731445312,908.2465209960938,715.11083984375,935.5230712890625,713.0604858398438,862.736328125,767.7540893554688,932.1666259765625,766.7633056640625,850.7136840820312,827.3941040039062,962.503662109375,824.76953125
869.9495849609375,610.93115234375,869.4995727539062,605.9342651367188,872.400634765625,604.9669189453125,872.8734130859375,611.728271484375,896.9984130859375,607.3792114257812,883.410888671875,645.8927001953125,912.069091796875,638.4391479492188,891.7191162109375,686.6198120117188,911.2955932617188,679.3616333007812,888.423828125,729.76171875,891.9354858398438,723.8646240234375,906.7333374023438,720.6427001953125,934.7653198242188,716.7013549804688,868.3621215820312,774.401611328125,940.6168212890625,769.3687133789062,855.8779296875,833.8690185546875,975.623046875,821.7401123046875
870.0753173828125,612.572021484375,869.30126953125,607.6298828125,872.3091430664062,606.5346069335938,871.6744384765625,613.088134765625,896.686279296875,608.2188110351562,880.3623046875,647.400390625,914.2122802734375,638.360595703125,886.75390625,690.357666015625,917.0678100585938,678.9083251953125,881.4876708984375,733.408447265625,897.0536499023438,722.2701416015625,904.29833984375,721.74072265625,935.4160766601562,717.186767578125,867.8010864257812,775.0279541015625,942.309326171875,769.255859375,857.2061767578125,833.8292236328125,976.084228515625,821.0478515625
870.7276611328125,617.0114135742188,869.8200073242188,612.2147216796875,873.92919921875,611.0453491210938,873.30322265625,614.8726806640625,896.4515380859375,609.9954833984375,879.669189453125,643.885986328125,918.4931640625,634.9937133789062,886.14990234375,689.968017578125,934.9593505859375,673.4384765625,882.160400390625,726.4603881835938,927.6846923828125,707.4610595703125,905.9508056640625,719.3124389648438,939.5841064453125,715.3720703125,868.9415283203125,774.4591064453125,950.8650512695312,770.7112426757812,858.4410400390625,831.539794921875,978.9390869140625,826.3540649414062
876.69677734375,616.6356811523438,875.6595458984375,611.7448120117188,879.234619140625,611.023681640625,877.18994140625,614.1016845703125,898.3778076171875,610.8597412109375,879.3297729492188,643.1555786132812,920.9180908203125,637.0877075195312,881.84765625,689.1350708007812,944.0537109375,677.2572021484375,879.5455322265625,725.6738891601562,947.252197265625,708.9212646484375,903.8828125,719.583740234375,938.5289306640625,717.0146484375,869.1104736328125,774.4857788085938,952.1973876953125,772.3612060546875,860.732421875,829.9254150390625,980.5533447265625,827.270263671875
880.1036376953125,613.6983642578125,879.2156982421875,608.818115234375,882.4222412109375,608.3117065429688,879.7494506835938,612.9698486328125,901.5569458007812,610.76953125,878.932373046875,646.0535278320312,921.9833984375,642.051513671875,873.67236328125,687.4947509765625,946.8876953125,683.291748046875,864.19775390625,716.4482421875,954.990478515625,711.6748046875,899.352783203125,724.5844116210938,933.8782958984375,722.5130615234375,868.4086303710938,779.3731689453125,949.5252685546875,777.22119140625,861.0902099609375,838.0594482421875,979.2630615234375,833.36669921875
884.9679565429688,613.778076171875,884.38818359375,609.188720703125,887.0953369140625,608.56787109375,884.6347045898438,612.8604125976562,904.8681640625,610.6912841796875,880.92138671875,645.9925537109375,925.0928955078125,642.50927734375,869.6715087890625,687.50439453125,952.3226318359375,686.031982421875,854.2061767578125,713.1372680664062,959.6724243164062,714.7886962890625,899.6354370117188,725.4983520507812,934.2837524414062,723.59228515625,872.6380004882812,778.980224609375,951.4765625,777.1906127929688,863.7057495117188,838.3521728515625,977.3984985351562,834.8980712890625
889.7325439453125,612.4544677734375,889.5009765625,607.82421875,892.2496948242188,607.2840576171875,890.8419799804688,611.58056640625,910.7199096679688,609.8738403320312,887.045166015625,644.449462890625,930.16845703125,642.6856079101562,873.162353515625,684.5322265625,957.7889404296875,687.5536499023438,854.676513671875,709.7352294921875,966.9671630859375,717.107666015625,905.3897094726562,724.9843139648438,939.0767211914062,723.6885986328125,876.70654296875,780.242919921875,955.5877075195312,779.64599609375,864.86865234375,839.5968017578125,980.2720947265625,838.119384765625
897.75244140625,611.2130126953125,896.7910766601562,606.3718872070312,900.2305297851562,605.8844604492188,895.763427734375,610.2243041992188,917.2005615234375,608.4287719726562,890.8317260742188,642.6580810546875,935.37646484375,640.2445678710938,876.6357421875,682.9391479492188,961.8473510742188,681.9293212890625,861.1646728515625,710.0528564453125,974.529052734375,710.484619140625,912.230712890625,721.1303100585938,946.7337646484375,719.748291015625,881.833740234375,778.2901611328125,963.9699096679688,777.4923095703125,864.616943359375,838.6715698242188,983.919677734375,836.3252563476562
908.394775390625,609.02197265625,906.6853637695312,604.0838623046875,910.3096923828125,603.7266235351562,901.9686279296875,608.2430419921875,924.1771240234375,606.8124389648438,894.1990356445312,641.402587890625,940.9466552734375,639.0882568359375,877.737060546875,681.852294921875,967.4150390625,680.19970703125,865.5375366210938,708.5576171875,982.0241088867188,708.890380859375,915.2206420898438,720.5523071289062,950.9908447265625,719.2770385742188,885.3516845703125,776.720458984375,968.9019775390625,775.56005859375,864.26025390625,836.8013305664062,984.1373291015625,833.4094848632812
916.0270385742188,608.3101806640625,913.7691650390625,603.216064453125,917.84326171875,602.9613037109375,906.564208984375,607.6332397460938,930.6036376953125,606.5324096679688,895.527099609375,641.227294921875,946.31787109375,639.4284057617188,879.385498046875,681.5618286132812,971.1156005859375,682.21826171875,873.4720458984375,707.9375,987.03369140625,714.5498046875,914.293212890625,720.1627197265625,953.2326049804688,719.2443237304688,891.8702392578125,776.27001953125,979.7404174804688,774.796875,868.0521240234375,837.38671875,993.0439453125,833.2803955078125
924.495361328125,611.6751708984375,921.4297485351562,606.44580078125,925.648681640625,606.3172607421875,911.183349609375,610.7525024414062,935.5245361328125,609.7967529296875,899.3575439453125,644.87744140625,949.7316284179688,641.8373413085938,884.251220703125,686.759521484375,975.7880859375,683.096435546875,881.5887451171875,714.68896484375,994.074462890625,713.4691162109375,914.7135009765625,721.848876953125,953.7412109375,720.4644775390625,895.4815063476562,776.326416015625,984.238525390625,773.5991821289062,872.8723754882812,838.547119140625,1001.7449340820312,832.37841796875
928.731689453125,614.7705078125,926.5449829101562,610.15087890625,930.1536254882812,610.0777587890625,918.4080810546875,614.5787353515625,941.6846923828125,614.0631103515625,906.6802978515625,649.084228515625,955.0504150390625,645.6558227539062,887.267822265625,688.8489990234375,977.3419189453125,684.77294921875,883.672607421875,715.718017578125,997.177734375,717.0466918945312,916.3475341796875,725.123779296875,955.37841796875,723.6561279296875,896.3497924804688,781.0750732421875,989.3853759765625,777.6373901367188,873.3853759765625,841.3199462890625,1013.3494262695312,835.040283203125
935.2584228515625,618.822021484375,932.92138671875,614.0895385742188,936.46875,614.0975341796875,924.0946044921875,618.1152954101562,946.9535522460938,617.8953857421875,912.247314453125,652.514892578125,959.5768432617188,649.6129150390625,894.089599609375,694.361083984375,981.12158203125,690.2293701171875,889.1339111328125,725.2372436523438,999.6236572265625,723.6254272460938,919.7374877929688,727.9309692382812,958.6815185546875,726.6686401367188,897.2572021484375,784.7545166015625,994.1171875,781.9498291015625,873.9072265625,844.1787109375,1020.5183715820312,838.8521118164062
939.259033203125,625.2261962890625,937.2513427734375,620.5408325195312,940.8305053710938,620.7001953125,929.4111328125,625.2237548828125,951.7717895507812,625.7562255859375,916.737060546875,660.3353271484375,963.9813232421875,658.7833251953125,898.4241943359375,701.7186279296875,986.870849609375,698.4635009765625,894.6627197265625,734.42529296875,1009.7965087890625,729.8443603515625,922.7996826171875,734.318359375,961.4964599609375,733.7367553710938,903.0003662109375,789.3614501953125,999.999267578125,787.80615234375,877.3831787109375,846.56494140625,1024.7001953125,843.248779296875
937.9048461914062,632.47607421875,936.9450073242188,628.0115966796875,940.3529663085938,627.9448852539062,932.1578369140625,632.1060180664062,954.1190185546875,632.4833984375,919.4177856445312,664.86865234375,966.678955078125,664.2166748046875,900.7212524414062,703.19970703125,988.132080078125,702.622314453125,897.844970703125,732.76025390625,1008.0228881835938,731.8482666015625,925.629638671875,737.4173583984375,964.3134155273438,737.1322631835938,906.3953857421875,789.9658813476562,1001.9349365234375,789.3109130859375,882.49365234375,843.6531372070312,1027.004638671875,842.1275634765625
944.285888671875,639.7681884765625,942.10302734375,635.2456665039062,945.7222900390625,635.25927734375,933.187744140625,639.3165893554688,955.3646240234375,639.454345703125,919.5415649414062,671.06884765625,966.615478515625,670.177490234375,903.20654296875,708.0064697265625,988.8280029296875,708.7562255859375,900.8126220703125,730.9337768554688,1006.7760009765625,735.3284912109375,927.1287231445312,741.4440307617188,965.2348022460938,741.1536254882812,912.81005859375,790.9597778320312,1004.2571411132812,789.7330322265625,892.8096923828125,843.76318359375,1028.7197265625,841.3621826171875
940.6087646484375,641.2066650390625,938.3480224609375,636.944580078125,942.3451538085938,636.7579345703125,931.36474609375,642.230224609375,954.013671875,640.7907104492188,922.2808837890625,671.8756103515625,966.2957153320312,668.74951171875,911.0191650390625,712.239990234375,988.2218017578125,710.2931518554688,912.9866943359375,724.425048828125,1002.9202880859375,732.152587890625,929.34521484375,747.8883056640625,964.8851318359375,747.0498046875,919.2130737304688,790.9308471679688,1007.5518798828125,788.622802734375,905.9959716796875,846.0481567382812,1034.124267578125,842.5184326171875
942.202880859375,640.8213500976562,938.6640014648438,636.1719970703125,942.4308471679688,636.496337890625,926.13037109375,641.3983764648438,948.6018676757812,641.1682739257812,915.2220458984375,671.20458984375,959.7742309570312,670.232666015625,905.6011962890625,709.384765625,982.3068237304688,712.3817749023438,912.4635009765625,718.5576171875,997.9976806640625,733.2064819335938,924.848876953125,748.0721435546875,959.7933349609375,748.4609985351562,921.2869873046875,791.5614624023438,1000.797607421875,789.7127685546875,917.560302734375,847.384765625,1030.0928955078125,843.93896484375
924.3699951171875,639.3432006835938,923.7291870117188,634.5877685546875,926.6328125,634.6465454101562,918.8748779296875,638.5294189453125,939.170166015625,639.498291015625,904.3675537109375,671.04150390625,951.0232543945312,673.3929443359375,890.2999877929688,706.6990356445312,971.3908081054688,717.7781372070312,892.5809326171875,710.4498901367188,989.5711669921875,731.8442993164062,913.5513916015625,744.7039794921875,949.111328125,745.97412109375,916.0482177734375,790.7393188476562,989.0675048828125,791.3963012695312,920.7061767578125,844.9329833984375,1019.1435546875,846.1561279296875
923.025634765625,634.2445068359375,920.7672119140625,629.4412841796875,923.9262084960938,629.8299560546875,911.200439453125,632.9797973632812,930.9779052734375,634.0584716796875,898.0493774414062,665.9533081054688,939.95849609375,665.4229125976562,885.8819580078125,706.0410766601562,959.5750732421875,705.6553344726562,887.7071533203125,723.442626953125,980.512939453125,724.802978515625,905.3280029296875,741.7149658203125,937.3917236328125,742.1866455078125,913.5031127929688,790.0916748046875,979.474365234375,788.9902954101562,919.1793212890625,844.611572265625,1009.587646484375,842.9849853515625
910.9522705078125,634.7381591796875,908.4483642578125,629.4298095703125,912.5111083984375,629.9389038085938,901.4536743164062,632.2509765625,924.2213745117188,633.0343627929688,891.029296875,665.4111328125,934.8975219726562,664.0613403320312,877.318359375,702.6138916015625,954.424072265625,704.3695068359375,877.13720703125,712.0999145507812,975.0932006835938,721.3515625,893.357666015625,741.833984375,925.7882080078125,741.6513061523438,908.4296875,785.91455078125,969.6721801757812,783.7835083007812,911.66015625,847.359375,994.459228515625,843.4627075195312
906.9888916015625,632.8978271484375,904.192138671875,627.380615234375,907.19921875,628.1055908203125,895.1398315429688,630.413818359375,914.0662841796875,631.8741455078125,883.31689453125,663.8916015625,922.5140380859375,662.8818359375,876.13623046875,703.712646484375,942.6727294921875,702.5596313476562,884.3421020507812,716.3197631835938,967.26220703125,717.4547119140625,885.73779296875,738.0558471679688,914.67138671875,738.351806640625,906.6156005859375,787.6864013671875,958.2551879882812,785.949462890625,906.448974609375,847.2943725585938,972.1556396484375,843.7496337890625
896.0721435546875,630.2109985351562,892.7023315429688,625.6283569335938,896.9136962890625,626.0245361328125,883.4300537109375,631.46240234375,905.5521240234375,631.8736572265625,872.9822387695312,664.5155639648438,917.0824584960938,662.500244140625,855.905517578125,706.9344482421875,939.5625,702.2626953125,851.04345703125,714.154052734375,958.4483642578125,711.7952270507812,881.0408935546875,739.5452880859375,910.1846923828125,739.4791259765625,901.1807861328125,786.717041015625,942.614501953125,785.2314453125,895.3782348632812,844.907958984375,935.949951171875,839.7841186523438
887.2261962890625,634.6612548828125,883.6122436523438,629.7529296875,887.6551513671875,630.4282836914062,873.9080200195312,634.3763427734375,894.6068115234375,635.6243896484375,861.7736206054688,667.7062377929688,906.710693359375,667.4014892578125,848.551513671875,708.2400512695312,933.0281982421875,706.3826293945312,844.2392578125,710.8958740234375,955.2852172851562,707.535888671875,867.8739013671875,744.00048828125,896.36328125,745.034423828125,899.3597412109375,794.0978393554688,930.322998046875,794.8514404296875,887.2347412109375,846.4847412109375,909.4393310546875,847.1578369140625
883.2633056640625,636.1260986328125,878.3541259765625,630.5318603515625,882.706298828125,631.8132934570312,864.6553344726562,634.817626953125,886.8336181640625,637.0358276367188,853.21923828125,670.2635498046875,896.176025390625,669.455810546875,838.1943969726562,713.8499755859375,917.6812744140625,708.83154296875,843.530029296875,710.4386596679688,944.8270263671875,703.01318359375,862.7015380859375,750.79638671875,889.0116577148438,751.75439453125,901.719482421875,807.4295654296875,919.2615966796875,806.7573852539062,883.79296875,856.2457275390625,886.9549560546875,853.6973876953125
873.7838745117188,638.5534057617188,868.187744140625,632.8927001953125,872.5836181640625,634.2767944335938,852.3348999023438,637.5118408203125,876.052734375,639.5029296875,843.5220947265625,672.3961181640625,886.3749389648438,670.6299438476562,826.7048950195312,712.9277954101562,909.7236328125,707.744140625,836.5621948242188,710.4721069335938,939.0748291015625,704.5999145507812,859.2818603515625,752.474609375,883.1412963867188,752.5455322265625,900.519775390625,813.7972412109375,895.6446533203125,810.7052001953125,887.0003662109375,866.2237548828125,856.15087890625,857.9478149414062
861.1109619140625,639.3514404296875,856.5342407226562,633.9319458007812,860.5869140625,635.253662109375,842.3282470703125,638.5377807617188,865.40380859375,640.8998413085938,832.8973388671875,673.438720703125,875.7818603515625,673.28662109375,814.16455078125,709.693359375,902.0865478515625,708.0554809570312,827.1749267578125,695.5330810546875,934.1129150390625,693.3521118164062,850.7308349609375,752.9057006835938,873.6683349609375,753.3001708984375,890.0377807617188,812.3023681640625,876.9113159179688,809.9163818359375,888.0624389648438,863.8690185546875,844.228759765625,857.7618408203125
857.6522827148438,641.951904296875,852.59716796875,636.3123779296875,855.7855224609375,637.410400390625,834.0177001953125,639.691162109375,855.3968505859375,642.0099487304688,820.4202880859375,671.5172119140625,865.3419799804688,673.197998046875,802.8392333984375,707.3912353515625,889.3480224609375,706.5228881835938,816.394287109375,694.5811767578125,907.939697265625,691.9280395507812,841.88037109375,751.4793701171875,865.7969970703125,754.10986328125,878.644287109375,812.8037109375,860.46484375,813.9796142578125,884.5526733398438,863.466552734375,825.7415771484375,862.4518432617188
849.876708984375,642.3111572265625,843.5975341796875,636.609130859375,847.4163208007812,637.8451538085938,825.2744140625,641.7061767578125,846.6417846679688,643.0106201171875,816.8417358398438,673.7493896484375,858.36083984375,673.1987915039062,796.4205322265625,705.291015625,881.3221435546875,704.3999633789062,794.96044921875,672.4889526367188,894.4447021484375,676.920654296875,836.4949951171875,751.7825317382812,857.4519653320312,752.6004638671875,870.8549194335938,814.8489990234375,853.49072265625,813.545654296875,871.6360473632812,867.058349609375,812.31787109375,862.145751953125
840.822998046875,643.322021484375,835.4110107421875,637.5667724609375,837.625732421875,638.2915649414062,817.2954711914062,642.9317016601562,836.3289794921875,642.902587890625,805.7583618164062,674.1333618164062,852.7428588867188,672.50927734375,789.944580078125,700.6630249023438,876.374755859375,696.85009765625,789.5439453125,663.11865234375,872.4241943359375,660.609619140625,828.9632568359375,753.3488159179688,854.5684814453125,753.5401611328125,859.9209594726562,818.9913940429688,848.06103515625,817.692626953125,859.9630737304688,871.37744140625,806.3344116210938,867.4437255859375
823.1995239257812,640.66455078125,817.7996826171875,636.0533447265625,820.4679565429688,636.8609619140625,803.3642578125,644.7340087890625,825.1715087890625,644.289794921875,798.0016479492188,675.25830078125,839.284423828125,671.291259765625,779.4576416015625,697.90234375,861.407958984375,689.41162109375,774.8988647460938,660.8961181640625,860.478515625,656.8612670898438,820.9874267578125,751.6210327148438,842.985595703125,751.74267578125,849.6304931640625,817.5662841796875,841.83056640625,815.8529663085938,847.2076416015625,875.7454833984375,810.6162109375,868.8949584960938
813.7952880859375,643.0072021484375,807.1796264648438,636.4271850585938,809.5374755859375,637.3910522460938,791.2252197265625,643.0158081054688,815.5673828125,641.1324462890625,785.6302490234375,674.973388671875,837.2835693359375,666.0065307617188,771.8915405273438,685.14501953125,859.298583984375,667.2922973632812,771.7366943359375,659.1546020507812,841.4295043945312,642.9676513671875,811.052734375,752.6568603515625,843.0538330078125,750.3740234375,836.0374145507812,813.5542602539062,845.5790405273438,808.7816162109375,820.7464599609375,874.73876953125,817.9322509765625,865.424560546875
808.37060546875,638.592529296875,801.631591796875,632.4503173828125,804.3630981445312,633.4476928710938,782.2332763671875,644.74365234375,801.7889404296875,643.8265991210938,778.068603515625,676.1438598632812,818.7354125976562,671.3869018554688,760.5371704101562,661.4139404296875,841.610595703125,650.006103515625,747.524658203125,638.8284912109375,834.85888671875,626.4247436523438,808.838134765625,747.7512817382812,831.884033203125,746.6893310546875,825.5403442382812,812.29248046875,836.9930419921875,809.255859375,810.97802734375,876.0042724609375,811.859619140625,871.361328125
798.5172729492188,635.4852294921875,792.34765625,631.0113525390625,796.4384765625,631.57958984375,775.8101806640625,643.534912109375,798.5586547851562,641.7415771484375,773.2597045898438,674.6132202148438,811.889404296875,665.1234130859375,751.0833740234375,666.861328125,827.9710693359375,639.3646850585938,743.58056640625,642.05078125,827.7880859375,607.21630859375,809.186279296875,748.8291015625,831.9515991210938,745.8517456054688,811.8497314453125,811.7942504882812,836.003173828125,805.89892578125,793.1453857421875,872.0949096679688,813.0653686523438,860.472900390625
773.5479125976562,639.978515625,767.890625,635.276123046875,771.4833984375,635.8131103515625,757.63037109375,648.694091796875,780.6465454101562,645.509033203125,759.7689819335938,679.489501953125,802.3760375976562,665.2362060546875,734.2286987304688,657.70947265625,815.7266235351562,625.9284057617188,723.2860717773438,621.6126098632812,811.0845336914062,592.7771606445312,807.8499755859375,753.2041625976562,834.6253662109375,747.716064453125,793.662109375,817.1033935546875,841.5910034179688,807.52001953125,765.40771484375,880.3287353515625,825.6441650390625,860.5929565429688
769.10400390625,634.849609375,761.580322265625,628.6810302734375,766.227783203125,629.521240234375,746.7655029296875,644.4923706054688,772.5411376953125,640.9918212890625,749.382080078125,680.0759887695312,793.8944091796875,662.66015625,729.657470703125,645.2396850585938,798.424560546875,600.287841796875,721.2139892578125,608.05126953125,782.7122802734375,555.1906127929688,796.4415893554688,754.791748046875,825.8468627929688,748.367431640625,782.560791015625,819.7298583984375,837.13818359375,809.03369140625,747.0052490234375,889.674072265625,819.3092651367188,869.2293090820312
751.4735107421875,639.622802734375,745.409423828125,634.36474609375,750.33349609375,634.34912109375,733.9096069335938,648.7427368164062,761.59228515625,643.671630859375,737.6161499023438,682.7838134765625,784.5595703125,663.547607421875,715.6163940429688,660.3151245117188,796.7034912109375,609.6805419921875,705.4067993164062,625.9424438476562,784.266357421875,566.5984497070312,782.7391357421875,755.5771484375,814.2366943359375,748.5866088867188,767.6627807617188,823.3817138671875,823.9974365234375,811.206787109375,732.5057373046875,891.6633911132812,809.4189453125,869.567626953125
732.73876953125,645.536376953125,729.4006958007812,641.06640625,732.982421875,639.651611328125,724.638916015625,653.9375610351562,748.6287841796875,645.6779174804688,729.3043212890625,686.716796875,772.94482421875,663.0839233398438,711.8876953125,674.6346435546875,795.6260986328125,618.8033447265625,706.09130859375,644.4312744140625,794.5109252929688,587.5606079101562,779.3536376953125,758.1929931640625,809.436767578125,749.097412109375,754.33837890625,825.125244140625,818.8375244140625,809.4327392578125,719.87158203125,895.2962036132812,812.1249389648438,868.05078125
728.7817993164062,649.568603515625,723.8821411132812,645.9439697265625,728.130126953125,644.0670776367188,713.8029174804688,657.751953125,736.640380859375,648.1659545898438,718.9293212890625,694.032470703125,760.7774658203125,668.0374145507812,712.726318359375,709.8861694335938,795.5538330078125,642.7312622070312,708.7647094726562,684.13916015625,801.027587890625,600.96337890625,767.377685546875,765.430419921875,797.943359375,756.0130004882812,742.6605224609375,835.6272583007812,809.932373046875,819.6695556640625,707.1575317382812,902.2918701171875,807.185546875,876.0543212890625
707.7857666015625,662.6517944335938,705.1785888671875,659.8355102539062,709.6451416015625,656.447998046875,703.3163452148438,667.9853515625,728.857666015625,654.0528564453125,709.288330078125,702.4715576171875,752.1071166992188,668.1904907226562,707.6767578125,735.6937866210938,793.8378295898438,652.83056640625,706.2391967773438,729.1480102539062,806.2529296875,627.1888427734375,756.454345703125,771.6722412109375,788.820556640625,758.2886962890625,732.6032104492188,842.3076171875,808.1984252929688,821.8361206054688,694.578369140625,909.315185546875,811.994140625,876.7694091796875
698.8036499023438,675.554931640625,697.9671020507812,672.5867919921875,701.308349609375,668.5355224609375,700.286376953125,679.44091796875,725.6323852539062,664.4085693359375,701.3992309570312,711.5924072265625,753.1104125976562,678.2933959960938,698.8914184570312,751.7567138671875,788.91943359375,685.4818725585938,696.8587036132812,742.0418701171875,789.75830078125,677.130126953125,745.5318603515625,778.5357055664062,784.25927734375,763.9332275390625,719.6416015625,848.1930541992188,805.3348388671875,826.4276123046875,697.3638305664062,922.2135009765625,819.6905517578125,887.277587890625
698.0262451171875,684.71826171875,694.9644165039062,681.798828125,700.7280883789062,677.24853515625,691.1835327148438,688.9674072265625,723.9150390625,671.5731201171875,692.9053955078125,727.601318359375,750.269287109375,689.960693359375,694.8178100585938,774.744873046875,793.792724609375,702.1332397460938,695.1668701171875,774.05126953125,799.0762939453125,714.3975830078125,730.3070068359375,797.576416015625,774.501708984375,781.6580810546875,704.8645629882812,861.0810546875,791.857421875,835.3876953125,683.1663818359375,933.6383056640625,812.3243408203125,894.3062744140625
694.6143798828125,698.3885498046875,691.4788818359375,694.22607421875,696.5241088867188,690.7440795898438,689.8284912109375,700.0020751953125,724.885498046875,685.014892578125,693.902587890625,738.6805419921875,753.8088989257812,707.9735107421875,695.1048583984375,786.61865234375,784.40380859375,742.2132568359375,693.4950561523438,781.46044921875,770.6234130859375,771.3074340820312,722.8603515625,808.5137939453125,770.9049072265625,794.532958984375,695.6932373046875,868.54345703125,784.234619140625,845.5638427734375,678.1580200195312,937.028564453125,812.7181396484375,901.3284912109375
687.6598510742188,709.0352172851562,686.0386352539062,704.1834106445312,690.1622314453125,701.3800048828125,687.5736083984375,708.27099609375,714.9495849609375,697.145751953125,690.4652709960938,742.644287109375,744.6664428710938,719.59375,695.093017578125,792.5281982421875,770.1688232421875,756.40283203125,694.4746704101562,804.170166015625,762.2089233398438,783.919189453125,723.6915283203125,813.639892578125,767.2586669921875,802.801025390625,685.5301513671875,870.364990234375,777.2918701171875,854.3819580078125,679.0342407226562,933.456787109375,807.9183349609375,909.079833984375
687.7067260742188,710.9154663085938,685.674560546875,705.6307373046875,690.008056640625,703.8973388671875,686.39013671875,709.832763671875,714.095703125,702.1022338867188,690.7972412109375,744.8433837890625,743.010986328125,727.9972534179688,694.4907836914062,796.2643432617188,761.450439453125,770.0421752929688,694.82568359375,810.3292236328125,752.1455078125,796.04833984375,722.92041015625,816.1632080078125,765.5621948242188,808.1787109375,683.4017333984375,869.52197265625,775.1174926757812,857.8192749023438,679.17578125,928.9370727539062,806.2827758789062,910.0799560546875
689.1385498046875,710.94921875,687.7132568359375,705.8055419921875,691.6474609375,703.96484375,688.6390380859375,710.112060546875,716.1817016601562,702.4862060546875,690.46923828125,745.2451171875,743.8075561523438,728.7504272460938,693.04736328125,795.9390869140625,759.5897216796875,769.960693359375,700.539306640625,807.1400756835938,750.2298583984375,793.9010009765625,721.3021850585938,817.3538818359375,764.9507446289062,809.6473388671875,683.8269653320312,869.9437866210938,776.1725463867188,858.398193359375,677.79345703125,929.942138671875,804.7410278320312,911.2992553710938
692.291259765625,708.58837890625,691.30224609375,703.570556640625,694.780029296875,701.4727172851562,692.333740234375,708.7346801757812,719.87890625,700.4364013671875,692.6190185546875,744.9241333007812,746.4359130859375,727.5497436523438,692.8961791992188,795.18310546875,759.4494018554688,769.485107421875,702.4571533203125,795.94384765625,747.051025390625,789.5584716796875,721.760009765625,816.550048828125,765.8453369140625,808.3621826171875,685.1742553710938,868.2513427734375,777.8773193359375,855.446533203125,677.4805297851562,931.532958984375,804.097412109375,910.68701171875
699.573974609375,700.8045654296875,698.3402099609375,695.6541748046875,701.9093017578125,693.755615234375,698.69677734375,701.139892578125,725.8387451171875,693.4263305664062,697.4201049804688,738.94384765625,751.8870239257812,721.872314453125,694.9639282226562,791.7021484375,766.8949584960938,764.5372924804688,700.4908447265625,802.8554077148438,758.1675415039062,789.0264892578125,722.3716430664062,813.3165893554688,766.66162109375,805.2408447265625,688.2955322265625,865.25,782.3485107421875,853.1690673828125,676.6290893554688,929.2493896484375,805.8220825195312,910.0618896484375
711.8106079101562,693.02294921875,708.8512573242188,687.8204956054688,712.9636840820312,685.748779296875,704.3309936523438,693.6641235351562,736.819091796875,684.1278076171875,703.7693481445312,735.7335205078125,760.8850708007812,713.9057006835938,704.2132568359375,787.102783203125,777.364013671875,756.0390625,715.5001220703125,787.6392822265625,766.9744873046875,783.3700561523438,724.4866943359375,805.5955810546875,770.908447265625,795.44970703125,697.30810546875,866.0875244140625,784.9368896484375,848.4453735351562,678.3139038085938,932.4222412109375,804.8209228515625,903.2904052734375
716.902587890625,684.7036743164062,714.7982177734375,679.5977783203125,718.5335083007812,677.8634033203125,713.0411987304688,684.5076904296875,746.139892578125,676.2698364257812,710.771484375,723.7971801757812,771.5162353515625,705.766357421875,702.5050048828125,768.7232666015625,788.1487426757812,747.2883911132812,711.5099487304688,767.486572265625,774.5396728515625,772.7598266601562,729.4187622070312,797.932373046875,777.8571166992188,789.356201171875,706.162841796875,862.4864501953125,790.0458984375,848.11376953125,684.1967163085938,928.6912841796875,807.2947998046875,905.0355834960938
730.305419921875,671.4945678710938,727.9649658203125,666.2238159179688,731.1834106445312,665.216796875,724.0145263671875,672.1804809570312,755.9799194335938,666.567626953125,719.8352661132812,711.9755859375,780.2364501953125,698.9576416015625,712.7208251953125,756.9710693359375,796.5155639648438,739.5195922851562,721.5405883789062,766.0588989257812,781.255615234375,761.2842407226562,737.308349609375,789.841064453125,784.4609985351562,783.83056640625,717.5223388671875,853.6712036132812,793.60888671875,844.3101806640625,693.7706909179688,920.45751953125,802.2599487304688,904.5289306640625
737.883056640625,663.89892578125,736.2782592773438,658.23828125,738.852294921875,657.4523315429688,733.4190673828125,663.2283325195312,763.8567504882812,658.9388427734375,728.2622680664062,701.1323852539062,788.4298095703125,691.040283203125,722.8834838867188,747.0580444335938,807.4866943359375,729.8978271484375,735.2588500976562,774.0170288085938,794.30712890625,756.4234619140625,748.1168212890625,782.8345947265625,793.8074951171875,778.3983764648438,730.5930786132812,846.4947509765625,799.2528076171875,840.7362670898438,708.3576049804688,912.7545166015625,802.609375,902.3839111328125
743.8834228515625,655.1007690429688,743.118408203125,649.1995239257812,746.095947265625,648.3268432617188,742.5188598632812,652.864013671875,771.2271728515625,649.2116088867188,738.399169921875,689.17333984375,795.40087890625,682.1546630859375,732.8123168945312,738.4998779296875,811.6598510742188,726.3245849609375,737.4957885742188,767.5548706054688,798.9188232421875,755.8814697265625,758.6262817382812,772.0409545898438,800.868408203125,769.2509765625,738.8865966796875,839.297607421875,798.60888671875,836.319091796875,729.5780639648438,908.602294921875,805.2021484375,903.577880859375
751.3377075195312,643.2999267578125,750.2110595703125,637.8321533203125,753.146240234375,636.9345092773438,748.5712280273438,642.8811645507812,778.3434448242188,638.9341430664062,743.10400390625,681.5862426757812,801.2725830078125,673.6869506835938,737.901611328125,726.7835693359375,819.6884765625,718.5343017578125,741.5360107421875,757.203125,809.3735961914062,754.941162109375,761.540283203125,767.117431640625,802.8678588867188,763.4921264648438,750.9174194335938,835.1834106445312,798.260986328125,830.7943725585938,753.1357421875,904.2548828125,807.4560546875,896.6654052734375
757.1815185546875,637.7037353515625,755.4832153320312,631.6295166015625,758.52978515625,631.234130859375,754.0159301757812,636.2064208984375,783.5418090820312,633.0202026367188,749.5379028320312,673.6517333984375,807.6135864257812,666.780517578125,742.57373046875,719.65625,823.34521484375,711.9052734375,746.0674438476562,752.2040405273438,815.026611328125,749.654541015625,769.371826171875,757.6517333984375,809.513671875,754.828857421875,764.5634765625,827.816162109375,803.83251953125,824.1368408203125,767.1239624023438,900.467529296875,808.193603515625,892.3424072265625
762.9174194335938,632.74560546875,761.2717895507812,626.7911376953125,764.4869384765625,626.3864135742188,759.8211059570312,630.4006958007812,787.9061279296875,627.6802368164062,757.138916015625,667.1157836914062,811.602294921875,661.9471435546875,751.47802734375,713.8609619140625,829.0147705078125,711.577392578125,750.2960205078125,744.107666015625,821.8863525390625,751.0828857421875,778.4818115234375,753.714599609375,815.8394165039062,751.5499267578125,775.8966064453125,823.41748046875,809.9137573242188,820.488037109375,784.864013671875,894.9530029296875,814.123779296875,888.9339599609375
771.189697265625,629.5970458984375,768.5911865234375,623.9386596679688,772.637939453125,623.379150390625,765.1121826171875,627.7052001953125,794.41259765625,624.0188598632812,761.8035888671875,664.4224853515625,816.5758666992188,656.60986328125,756.718994140625,709.9297485351562,834.7366333007812,705.148681640625,755.6556396484375,737.2926025390625,832.8905639648438,748.5272827148438,782.7008056640625,750.4345703125,819.965576171875,747.224853515625,787.4296875,819.3011474609375,820.3526611328125,813.8157958984375,799.8231201171875,890.080078125,826.53271484375,879.9046630859375
774.4535522460938,627.6239013671875,772.3935546875,622.279052734375,776.1536865234375,621.41015625,770.390625,627.4190673828125,799.185546875,622.775634765625,766.5191650390625,666.51318359375,821.6127319335938,656.321044921875,760.0917358398438,712.1333618164062,839.1201782226562,703.65673828125,760.4877319335938,736.4606323242188,839.843505859375,747.6009521484375,787.933349609375,750.9288940429688,825.2542724609375,746.58740234375,793.1618041992188,819.1759033203125,826.1044921875,811.4848022460938,808.4705200195312,889.1739501953125,835.109375,875.408935546875
782.94873046875,629.4326171875,780.7941284179688,624.864501953125,784.9693603515625,623.7317504882812,776.7145385742188,630.8822631835938,805.7081298828125,626.0948486328125,771.3012084960938,670.782958984375,825.616943359375,658.919189453125,764.9323120117188,719.062255859375,843.40771484375,703.0822143554688,768.43310546875,743.8272705078125,847.09619140625,741.7600708007812,792.6865234375,755.4190063476562,829.8519287109375,750.5203857421875,798.9779663085938,823.3646850585938,836.0370483398438,814.426025390625,816.6809692382812,889.8447875976562,849.5220336914062,873.9910888671875
786.6655883789062,633.6038208007812,785.2254638671875,628.7293090820312,789.082763671875,627.397705078125,781.749267578125,634.3203125,810.151611328125,629.232177734375,776.1322631835938,672.852294921875,829.6928100585938,661.6404418945312,767.3656005859375,718.0579833984375,848.352783203125,706.1319580078125,772.8314208984375,741.8603515625,855.0529174804688,750.1080322265625,798.20361328125,756.4083251953125,835.60791015625,751.7246704101562,802.28076171875,823.1085205078125,846.7357177734375,813.8596801757812,816.470947265625,889.6126708984375,866.1651611328125,873.4216918945312
796.0339965820312,637.2764892578125,793.2401123046875,631.7737426757812,796.614990234375,631.2025146484375,786.7930908203125,637.595458984375,815.4321899414062,633.5115966796875,780.06103515625,676.5003051757812,835.788330078125,665.2119750976562,770.5223388671875,722.0291748046875,852.426513671875,708.7708129882812,774.9614868164062,750.2176513671875,856.9505615234375,753.7552490234375,799.18701171875,758.0753173828125,838.8179931640625,753.1453857421875,800.4163818359375,822.708740234375,851.08056640625,812.8357543945312,818.8206787109375,887.2234497070312,877.97802734375,868.3494873046875
799.0064697265625,638.9383544921875,797.1893920898438,633.7679443359375,800.8836669921875,632.8326416015625,793.4334716796875,639.1988525390625,821.02685546875,634.5716552734375,787.78759765625,676.4031982421875,840.194091796875,665.844970703125,775.5814819335938,717.6577758789062,856.032958984375,709.5308837890625,777.8690185546875,740.4954833984375,864.9659423828125,757.4029541015625,805.4906616210938,756.68603515625,843.137939453125,751.7860107421875,801.810546875,820.2447509765625,856.4815673828125,810.2693481445312,817.1439208984375,882.4453125,885.0580444335938,864.4197998046875
809.5709228515625,638.48876953125,806.7047119140625,633.2344970703125,810.7283935546875,632.6158447265625,799.8402099609375,638.681396484375,828.2484130859375,634.7095947265625,793.4246826171875,676.767822265625,846.65478515625,665.839111328125,779.8177490234375,718.954345703125,861.875732421875,707.7637329101562,780.3228149414062,740.7061767578125,869.5762939453125,749.3897705078125,807.7957763671875,756.3543701171875,846.4293823242188,751.2318115234375,802.9158325195312,818.1842651367188,861.5999755859375,807.9658813476562,816.6388549804688,880.0911254882812,891.2435302734375,861.5555419921875
813.565673828125,637.4208374023438,811.3868408203125,632.3541259765625,815.3805541992188,631.4061279296875,806.5213623046875,638.1885986328125,835.7708740234375,633.4761962890625,799.5391845703125,676.0687255859375,855.2825317382812,664.2848510742188,785.2977905273438,717.7870483398438,871.0394287109375,705.3316040039062,786.0862426757812,742.3613891601562,877.72216796875,750.7557373046875,814.355224609375,755.5475463867188,854.67919921875,749.9466552734375,806.390380859375,819.395751953125,866.6683959960938,808.8009033203125,819.5272216796875,880.0101928710938,896.2457885742188,861.1007080078125
819.8248901367188,636.4136962890625,817.764404296875,631.4323120117188,821.66455078125,630.4993896484375,813.570556640625,637.0662231445312,841.3060913085938,632.4929809570312,807.31689453125,674.069580078125,860.1905517578125,662.7283325195312,792.6669921875,715.7738037109375,876.5770263671875,703.477294921875,790.7640380859375,739.7618408203125,885.5303955078125,746.9313354492188,822.994873046875,752.7708740234375,861.375732421875,747.337890625,812.5977783203125,816.0614013671875,872.769287109375,805.902099609375,820.1171264648438,877.6041870117188,898.3453369140625,859.1185913085938
822.8501586914062,634.0863037109375,821.8855590820312,629.315673828125,825.543701171875,628.1312255859375,821.9129638671875,635.8232421875,848.2423095703125,630.84716796875,816.7241821289062,673.6665649414062,867.8845825195312,662.6970825195312,802.91162109375,714.9367065429688,883.641357421875,703.5474243164062,797.8947143554688,737.91357421875,891.5157470703125,745.6488647460938,831.0748901367188,751.687744140625,868.4788818359375,746.3336791992188,818.9822387695312,814.1687622070312,879.8267822265625,804.9373168945312,821.8137817382812,878.4864501953125,902.1151123046875,862.0380249023438
834.844482421875,631.3538208007812,832.7857666015625,626.33349609375,836.4270629882812,625.6392211914062,828.899169921875,633.2626953125,855.1517333984375,629.541259765625,822.8311767578125,671.75439453125,873.6271362304688,662.3937377929688,808.3909912109375,713.3494873046875,890.655517578125,701.8992919921875,800.249267578125,741.7235107421875,898.4522705078125,741.6666870117188,837.8880615234375,747.9140625,874.6585693359375,743.4517822265625,825.7674560546875,809.5830688476562,884.7294921875,801.9882202148438,824.2398681640625,876.0756225585938,902.6319580078125,861.487548828125
839.35791015625,631.8831787109375,837.795654296875,627.3778686523438,841.869140625,626.098876953125,834.1664428710938,633.5848999023438,861.41357421875,629.0535888671875,826.986328125,670.9619140625,880.449951171875,661.10400390625,812.0076904296875,713.0638427734375,900.1973876953125,702.2363891601562,805.407470703125,740.7720336914062,905.5701904296875,745.60107421875,846.5399780273438,748.346435546875,884.6643676757812,743.592529296875,830.32568359375,809.0382080078125,890.6802978515625,801.3173217773438,829.2889404296875,872.5618286132812,905.206787109375,858.8253173828125
843.92431640625,628.346435546875,842.8873291015625,623.5269165039062,846.606689453125,622.3606567382812,840.2023315429688,628.4173583984375,866.0303955078125,624.390869140625,833.0934448242188,665.1573486328125,886.11962890625,655.5316162109375,815.0848388671875,709.1243286132812,906.012939453125,694.5511474609375,809.5559692382812,736.7345581054688,914.64990234375,732.7957763671875,852.6090087890625,747.0069580078125,889.787353515625,742.74658203125,835.709716796875,809.3545532226562,891.8302001953125,802.223876953125,836.3406982421875,872.3892822265625,905.3054809570312,860.141357421875
846.6209716796875,624.4512939453125,845.762451171875,619.631591796875,849.532470703125,618.5535888671875,843.7827758789062,624.01806640625,869.3636474609375,620.5197143554688,837.0494384765625,659.8441772460938,888.936279296875,652.0204467773438,822.2215576171875,703.838623046875,908.9744873046875,692.3642578125,817.0116577148438,732.845458984375,915.4832763671875,729.79736328125,854.19384765625,741.8497314453125,890.4329833984375,738.3934936523438,838.7559814453125,803.7720947265625,890.6378173828125,798.45751953125,842.3135375976562,866.1516723632812,903.6024169921875,857.451171875
846.9369506835938,618.23486328125,846.38720703125,613.0450439453125,849.7591552734375,612.3052368164062,846.2684326171875,617.967041015625,870.3370971679688,615.24267578125,840.8637084960938,653.3944091796875,890.5723876953125,646.864501953125,827.9443359375,697.171875,908.891357421875,686.657470703125,822.1033935546875,729.57666015625,919.6236572265625,721.8623046875,857.7134399414062,732.6790771484375,892.0848388671875,729.722412109375,841.89208984375,796.3130493164062,891.33740234375,792.1239624023438,846.6429443359375,862.3361206054688,903.729736328125,854.6973266601562
851.7928466796875,615.561767578125,850.4638671875,610.732177734375,854.1414794921875,610.430908203125,847.9678955078125,615.2366333007812,871.4917602539062,613.8690185546875,841.1337890625,646.744384765625,890.0663452148438,643.90869140625,828.8530883789062,691.373291015625,913.4619140625,684.9781494140625,821.8143310546875,726.71435546875,923.0809326171875,717.6336059570312,858.58203125,725.498046875,892.074462890625,724.3549194335938,844.2664794921875,789.195556640625,891.162109375,788.2364501953125,850.781982421875,854.6724243164062,905.470703125,851.6590576171875
849.2942504882812,611.42822265625,848.6444091796875,606.5599975585938,852.4149169921875,606.017822265625,849.1805419921875,610.8998413085938,872.4318237304688,608.8956298828125,843.3486328125,643.1995849609375,891.763916015625,638.8938598632812,830.0418090820312,688.2086791992188,914.690185546875,679.350830078125,821.7437744140625,723.1451416015625,925.3624267578125,711.9506225585938,858.951171875,723.0488891601562,892.352294921875,721.0733032226562,844.8656616210938,785.1384887695312,893.5885009765625,783.2052001953125,850.967529296875,850.2784423828125,909.734375,846.3536376953125
850.036865234375,608.7052001953125,849.4671630859375,603.8732299804688,852.9278564453125,603.3095703125,849.8776245117188,608.9639892578125,872.55029296875,606.8587646484375,843.4136352539062,642.3538818359375,892.1300048828125,638.3431396484375,831.5455322265625,686.7910766601562,915.1754150390625,679.7196655273438,823.4412841796875,721.99560546875,925.765625,714.833251953125,859.4010009765625,722.0323486328125,894.0675659179688,720.1689453125,844.074462890625,783.732421875,900.9560546875,781.7607421875,846.537353515625,849.2385864257812,919.7517700195312,845.0419921875
853.6137084960938,610.2169189453125,852.32421875,605.03515625,855.5744018554688,604.4620971679688,850.0479125976562,609.2537231445312,873.483154296875,606.671630859375,844.0125732421875,643.9902954101562,892.471435546875,637.8864135742188,830.2203369140625,687.20556640625,915.0953369140625,678.188720703125,821.1828002929688,718.3030395507812,924.642578125,710.5013427734375,863.638916015625,722.902099609375,899.405029296875,719.94580078125,842.2215576171875,783.308349609375,909.9102172851562,779.4889526367188,836.2003173828125,848.578369140625,929.06689453125,841.0325317382812
856.7489013671875,615.340576171875,854.9935302734375,610.1187744140625,858.470947265625,609.620361328125,851.1546630859375,613.82177734375,874.3873901367188,611.3721923828125,845.168701171875,647.4602661132812,892.1734619140625,641.4661865234375,830.34326171875,690.8290405273438,914.9880981445312,681.6941528320312,818.536865234375,723.4574584960938,925.209716796875,714.8463745117188,865.7044677734375,725.285888671875,901.7357177734375,722.35986328125,840.686279296875,786.9270629882812,919.43896484375,783.0140380859375,828.9091796875,851.0416259765625,942.6102294921875,843.0264892578125
858.5189208984375,618.2520751953125,856.819580078125,613.4638671875,860.1075439453125,612.7127685546875,852.8983154296875,618.1399536132812,875.724853515625,614.9558715820312,847.263427734375,653.397216796875,893.7750244140625,644.9478149414062,829.79150390625,696.699951171875,918.1787109375,684.7618408203125,815.5225830078125,727.0789794921875,928.2464599609375,720.6417846679688,865.0283203125,731.80126953125,901.9015502929688,727.510498046875,837.6964111328125,790.5997314453125,927.23583984375,783.9559936523438,823.6241455078125,852.1078491210938,957.0303955078125,839.4683837890625
862.0887451171875,626.8148193359375,860.0828247070312,621.9642333984375,863.75634765625,621.209228515625,855.690185546875,626.810302734375,879.6817016601562,623.4522705078125,850.0548095703125,662.61181640625,898.088623046875,653.9871826171875,831.83349609375,705.8488159179688,922.1394653320312,695.1837768554688,814.384033203125,735.4991455078125,929.7734375,732.4656372070312,865.3194580078125,741.4389038085938,904.3544311523438,736.82177734375,834.74951171875,796.24658203125,933.64453125,789.1232299804688,820.0308837890625,855.9407958984375,970.0635986328125,842.5438232421875
860.233154296875,634.6939697265625,858.3941650390625,629.596923828125,862.81494140625,628.8250732421875,856.4536743164062,634.5353393554688,882.7201538085938,630.6099243164062,854.8883056640625,670.3089599609375,903.8297119140625,661.870361328125,838.5459594726562,714.2816162109375,928.1038818359375,705.76416015625,824.5186157226562,744.22998046875,937.407958984375,750.56298828125,870.4583129882812,747.6044921875,910.4803466796875,743.9180908203125,834.8011474609375,798.4846801757812,936.8757934570312,792.2774047851562,815.74072265625,856.3965454101562,973.2932739257812,845.9755859375
860.880615234375,640.9742431640625,859.850341796875,636.496826171875,863.7361450195312,635.762939453125,860.3994140625,641.590576171875,885.3668212890625,638.3970336914062,857.5341796875,676.5017700195312,906.787109375,670.0200805664062,842.8916015625,714.6071166992188,927.4010009765625,711.6290893554688,830.81298828125,740.2840576171875,933.4471435546875,751.0712890625,870.75439453125,750.012451171875,912.6441650390625,746.4676513671875,832.99609375,799.5692138671875,938.848388671875,794.028076171875,816.1140747070312,857.373291015625,979.871826171875,847.9862060546875
855.003173828125,649.7570190429688,854.42431640625,644.1968383789062,858.4363403320312,643.2998046875,856.7514038085938,647.0052490234375,882.5877685546875,643.1663818359375,859.996337890625,678.34521484375,903.033447265625,671.6351928710938,853.8114624023438,725.1073608398438,909.0543212890625,714.0841674804688,841.9381713867188,750.7131958007812,890.202392578125,742.6192626953125,881.7811279296875,754.8843383789062,919.87841796875,751.985107421875,838.7467041015625,797.1992797851562,939.3228759765625,794.932861328125,824.6574096679688,854.6178588867188,976.364013671875,852.3110961914062
851.3655395507812,643.4238891601562,850.7547607421875,638.40478515625,853.456298828125,637.3663330078125,850.8515625,642.3974609375,875.290283203125,638.138671875,851.6954956054688,676.7433471679688,893.8607177734375,667.1723022460938,848.932861328125,721.1729125976562,894.6055297851562,708.0540161132812,842.3240966796875,754.551025390625,872.9097290039062,743.8868408203125,870.7763671875,754.1707763671875,909.0477294921875,748.8378295898438,827.5482788085938,798.5877685546875,926.9804077148438,791.3512573242188,827.0007934570312,857.6326904296875,977.795654296875,843.2869873046875
840.7259521484375,640.7077026367188,840.8841552734375,635.5167236328125,843.16357421875,634.7447509765625,843.1029052734375,639.1166381835938,864.56494140625,635.7965698242188,849.164306640625,671.96875,880.0013427734375,665.1446533203125,847.4880981445312,714.6594848632812,875.268310546875,700.0250244140625,839.134033203125,742.4760131835938,853.9727783203125,728.9423828125,874.1207885742188,751.2262573242188,904.320068359375,749.1309814453125,834.1544189453125,799.3956298828125,923.4276123046875,796.6715087890625,829.7745361328125,851.365966796875,973.7924194335938,845.857177734375
827.5358276367188,642.2642822265625,827.7646484375,637.121826171875,829.82177734375,636.3308715820312,830.3082275390625,640.2195434570312,849.05517578125,636.9878540039062,838.9088134765625,671.1287841796875,864.988037109375,664.2423095703125,840.49560546875,712.670166015625,869.9581298828125,696.1183471679688,831.4883422851562,742.8782958984375,857.161865234375,722.6860961914062,867.9651489257812,749.3428955078125,892.7059326171875,747.4154663085938,832.50341796875,800.8704833984375,910.1350708007812,798.4187622070312,843.0371704101562,847.4483642578125,966.24755859375,842.411865234375
816.2166748046875,641.651123046875,816.5142822265625,636.6659545898438,817.972412109375,635.5249633789062,819.451416015625,642.85498046875,840.309814453125,637.8653564453125,827.6864013671875,678.3519287109375,860.516845703125,666.529296875,818.30712890625,722.32421875,864.0574951171875,705.8570556640625,802.0947875976562,760.2542724609375,848.7017211914062,747.0548095703125,858.818603515625,751.853515625,886.854736328125,745.6532592773438,823.662353515625,804.0926513671875,890.654541015625,795.306396484375,849.29052734375,847.0599975585938,950.8452758789062,831.4063720703125
801.5772705078125,648.5588989257812,801.5721435546875,643.6253051757812,803.4224853515625,641.9786376953125,804.7313232421875,648.0390625,825.74462890625,640.9561767578125,817.277099609375,681.731689453125,844.756103515625,663.7945556640625,803.5997314453125,730.2785034179688,835.0647583007812,702.3060913085938,780.3488159179688,767.505615234375,811.794921875,748.899169921875,855.0615234375,752.9630126953125,877.3609619140625,743.781982421875,818.9674072265625,805.3729248046875,865.301513671875,791.7723999023438,857.9108276367188,845.1564331054688,923.826904296875,821.244873046875
788.8067626953125,650.9957885742188,788.2017822265625,646.1332397460938,790.0384521484375,643.8280029296875,790.156005859375,650.6492309570312,814.248291015625,641.0172729492188,802.2724609375,688.0902709960938,836.9384765625,662.8434448242188,789.81689453125,742.0248413085938,826.3431396484375,699.740234375,765.1838989257812,774.2904052734375,794.8848266601562,744.9498291015625,842.4651489257812,758.6861572265625,868.11328125,745.85986328125,811.2171020507812,806.4293212890625,845.0628662109375,785.7532958984375,856.8078002929688,850.2518920898438,896.8456420898438,812.0429077148438
775.804931640625,655.1903076171875,776.6284790039062,651.1332397460938,778.6436767578125,648.714599609375,781.5045166015625,653.9129638671875,798.859130859375,646.2423095703125,787.812255859375,685.2128295898438,829.8257446289062,666.8661499023438,773.6424560546875,736.38134765625,863.128662109375,693.85498046875,749.6026000976562,775.8487548828125,869.4149780273438,721.6613159179688,845.76953125,754.8389892578125,870.6681518554688,746.76904296875,807.7913818359375,796.9619750976562,833.94287109375,785.5025634765625,851.3311157226562,845.6625366210938,867.905517578125,825.323974609375
765.2103881835938,655.6395263671875,764.610107421875,651.4013061523438,767.81591796875,649.56298828125,766.7041015625,655.1493530273438,790.5324096679688,648.2725219726562,778.2478637695312,684.11767578125,809.7620849609375,672.1818237304688,770.7652587890625,730.9095458984375,820.516357421875,708.5159301757812,745.0592651367188,764.8657836914062,799.1976928710938,739.9735107421875,831.5673828125,749.0828857421875,850.2643432617188,744.724365234375,811.1300048828125,805.5299072265625,814.162109375,800.05908203125,853.0523071289062,853.9090576171875,843.73291015625,841.592529296875
754.0440673828125,655.866455078125,753.7393798828125,651.8056640625,756.6752319335938,649.318115234375,757.1102294921875,656.1408081054688,780.3404541015625,647.09228515625,768.2547607421875,685.4361572265625,799.8378295898438,670.6105346679688,760.2840576171875,733.3222045898438,802.8883666992188,708.9727783203125,731.6519165039062,761.156494140625,768.30859375,746.4351806640625,825.604248046875,749.5966186523438,844.9286499023438,743.7599487304688,802.8740234375,796.3382568359375,806.89404296875,788.9485473632812,845.7559204101562,849.3961181640625,838.70361328125,834.59521484375
745.9769287109375,655.1368408203125,745.7114868164062,650.6705322265625,748.232666015625,649.1152954101562,749.065185546875,653.052734375,771.2316284179688,647.1168212890625,761.9022216796875,679.3906860351562,788.6112670898438,670.5040283203125,759.453857421875,723.3265380859375,793.4503784179688,711.7330932617188,737.0982666015625,758.6065673828125,768.120361328125,752.29052734375,810.686279296875,745.2757568359375,827.1180419921875,742.6620483398438,810.3499755859375,803.6959228515625,806.8060302734375,799.8114624023438,855.3345336914062,851.008544921875,838.56884765625,840.7699584960938
736.8938598632812,655.1696166992188,736.140869140625,650.31494140625,738.2342529296875,648.4953002929688,738.9300537109375,652.2354736328125,760.9129638671875,644.1535034179688,752.471923828125,680.7686767578125,779.8463745117188,663.2264404296875,742.206298828125,724.7050170898438,777.4857788085938,701.1312255859375,724.2991943359375,748.0599975585938,753.72314453125,742.0474853515625,796.4180908203125,744.416259765625,809.0480346679688,735.542236328125,798.3092041015625,801.785400390625,757.2616577148438,787.54931640625,845.7420043945312,847.6802978515625,761.2550048828125,820.67138671875
728.35009765625,652.8619995117188,727.4901733398438,648.260498046875,729.5933837890625,646.4354858398438,729.0171508789062,650.54931640625,750.508544921875,642.7371215820312,742.7509155273438,679.1683959960938,768.4827880859375,662.0484619140625,735.8980712890625,723.0266723632812,765.9571533203125,694.78271484375,717.682861328125,753.8946533203125,740.2705688476562,732.0789794921875,790.48779296875,740.3421020507812,802.3079223632812,732.22509765625,792.5732421875,794.0701904296875,750.8353271484375,781.3137817382812,841.2666015625,841.172607421875,758.1145629882812,816.4616088867188
720.5910034179688,649.06787109375,720.4093017578125,644.193603515625,722.32666015625,642.5091552734375,721.085693359375,645.7659912109375,742.64404296875,639.6729736328125,730.934814453125,670.8477172851562,761.9669799804688,660.745849609375,732.4317626953125,714.4119873046875,764.1900634765625,696.0358276367188,716.8346557617188,750.4140625,733.370849609375,728.327392578125,782.7866821289062,731.2081298828125,800.666015625,726.8616943359375,773.6219482421875,785.342529296875,760.1268920898438,780.203857421875,824.54296875,830.2175903320312,782.1000366210938,819.9974365234375
712.6875610351562,645.9432373046875,713.4451904296875,641.5867309570312,715.1648559570312,639.0801391601562,715.6858520507812,643.6334838867188,736.9118041992188,635.7959594726562,723.8482666015625,669.1054077148438,758.3233032226562,657.469970703125,731.3224487304688,714.8441162109375,768.362548828125,694.482177734375,721.0104370117188,752.5186767578125,741.01220703125,729.335693359375,776.8793334960938,726.763916015625,797.270751953125,721.57568359375,763.007568359375,778.940673828125,754.4862670898438,773.1296997070312,813.80908203125,821.9796142578125,776.2274169921875,811.8385620117188
703.6818237304688,639.9111328125,704.2301635742188,635.645751953125,705.8558959960938,633.78271484375,707.385009765625,636.2218627929688,728.0321655273438,630.2369995117188,718.1969604492188,658.5482177734375,751.7008056640625,649.1348876953125,727.6320190429688,702.4642333984375,762.8458251953125,687.6326904296875,727.0787353515625,735.6685180664062,742.4168701171875,722.20361328125,774.65576171875,716.5866088867188,794.438232421875,712.433837890625,756.49560546875,773.8616943359375,748.2078857421875,768.158447265625,804.720703125,820.742919921875,767.3922119140625,808.8539428710938
697.923583984375,632.2086181640625,697.7446899414062,628.0179443359375,700.56103515625,625.8391723632812,699.345947265625,627.7879638671875,724.385009765625,620.5948486328125,710.766357421875,647.8170166015625,744.7313842773438,638.349365234375,726.0975952148438,690.0320434570312,760.5131225585938,677.5848388671875,732.075927734375,721.114501953125,741.0877075195312,712.214599609375,762.8143310546875,708.3009033203125,783.570556640625,704.86181640625,745.2716674804688,767.017822265625,738.5631103515625,762.3240966796875,790.4046630859375,813.6765747070312,759.2693481445312,802.7039794921875
687.8114624023438,625.0621337890625,689.5489501953125,620.4249267578125,689.4467163085938,618.0316772460938,695.47314453125,619.3538208007812,711.1302490234375,611.8485107421875,706.4515380859375,638.302001953125,733.7591552734375,629.1502685546875,722.9276733398438,675.6801147460938,752.4879150390625,664.736328125,729.3186645507812,704.3570556640625,734.218017578125,697.4969482421875,756.5741577148438,698.944091796875,773.9635009765625,695.2357177734375,738.1942138671875,753.1995849609375,736.2891845703125,748.2163696289062,772.5750732421875,805.0640258789062,753.591064453125,794.2276611328125
682.9107055664062,617.4266967773438,683.8287353515625,613.109619140625,684.07470703125,610.8963623046875,688.9478149414062,612.508544921875,703.3349609375,604.8260498046875,702.56494140625,631.4176025390625,722.4248046875,621.035400390625,721.4796752929688,672.4854125976562,740.2368774414062,658.7308959960938,723.2769775390625,702.4569091796875,725.73876953125,690.56103515625,752.39697265625,689.8577880859375,765.1773681640625,685.779296875,729.5813598632812,744.2637939453125,732.159912109375,738.9227294921875,760.43505859375,798.157470703125,753.9658203125,786.1517944335938
672.6642456054688,611.7937622070312,673.53271484375,606.924072265625,673.7352905273438,604.7070922851562,679.3164672851562,603.956298828125,693.3626098632812,596.1005859375,694.3775634765625,620.6458740234375,715.2872314453125,610.3466796875,718.3035888671875,663.3524169921875,737.1976318359375,651.0933227539062,723.0379638671875,700.558837890625,725.3714599609375,690.8262939453125,749.0697021484375,680.7269287109375,763.5752563476562,676.54296875,722.2905883789062,736.49951171875,733.8526000976562,730.801513671875,747.0364379882812,796.7221069335938,754.6279907226562,783.781494140625
664.9857177734375,605.8739624023438,666.2066040039062,600.64892578125,665.6381225585938,598.4905395507812,673.3431396484375,597.177734375,685.2566528320312,589.4641723632812,688.8162841796875,614.1834716796875,710.2910766601562,604.5681762695312,714.4564208984375,658.3907470703125,736.2930908203125,647.5164794921875,717.2437133789062,695.884521484375,723.7355346679688,686.7999267578125,743.902587890625,674.9658203125,759.3851318359375,670.9197998046875,715.4554443359375,732.29052734375,732.8189086914062,727.1198120117188,735.0629272460938,796.5639038085938,751.54296875,784.8831787109375
661.4984130859375,605.4002075195312,662.4345092773438,599.9647827148438,662.0107421875,598.2490234375,669.5025634765625,594.496337890625,680.059326171875,588.1004638671875,684.4021606445312,610.7200317382812,704.95703125,602.6055297851562,707.2848510742188,651.56103515625,727.3580322265625,642.1580810546875,708.8240966796875,692.3978881835938,716.700927734375,682.1685791015625,737.5194091796875,677.1350708007812,753.6483154296875,673.8345947265625,707.4830322265625,731.370849609375,733.33203125,727.2600708007812,720.077880859375,797.2982177734375,750.7763671875,786.933837890625
657.2149658203125,602.0113525390625,656.1642456054688,596.32861328125,657.614990234375,595.1734619140625,659.4856567382812,592.3716430664062,677.32421875,586.76513671875,678.5464477539062,608.6409912109375,698.6306762695312,601.4677124023438,704.8865966796875,643.6784057617188,722.913818359375,636.2958374023438,705.5739135742188,681.863037109375,707.0988159179688,670.4892578125,728.6541748046875,674.4674072265625,746.4937744140625,671.5189208984375,698.74169921875,731.1022338867188,734.2127685546875,727.8345336914062,696.884521484375,798.4195556640625,755.5936889648438,789.5277099609375
651.486328125,600.2474975585938,650.416748046875,594.4970703125,652.32763671875,593.1575927734375,653.44580078125,590.2234497070312,673.1712646484375,584.2776489257812,670.7611694335938,606.9300537109375,695.5390014648438,600.2423095703125,698.0615234375,642.5380859375,719.51416015625,638.1044311523438,700.8405151367188,682.2612915039062,703.0684814453125,677.8787841796875,720.4657592773438,675.5118408203125,742.642822265625,672.791015625,688.3506469726562,733.001708984375,734.55517578125,729.9852905273438,682.2234497070312,799.063720703125,756.0697021484375,790.4258422851562
645.4141235351562,600.068603515625,644.9766845703125,594.538330078125,646.4351806640625,593.2802734375,650.748046875,591.2887573242188,669.7374267578125,584.9420776367188,667.972900390625,609.6491088867188,691.9063110351562,599.9287109375,690.5220947265625,649.4158935546875,707.6278686523438,639.8536376953125,695.33642578125,689.8583984375,692.4671020507812,677.6369018554688,713.6824951171875,678.189453125,735.90576171875,673.2643432617188,677.3117065429688,738.97216796875,732.0082397460938,732.9739379882812,666.8765869140625,803.3259887695312,755.4520263671875,789.487060546875
