x0,y0,x1,y1,x2,y2,x3,y3,x4,y4,x5,y5,x6,y6,x7,y7,x8,y8,x9,y9,x10,y10,x11,y11,x12,y12,x13,y13,x14,y14,x15,y15,x16,y16
712.3818969726562,385.86724853515625,711.04931640625,382.32806396484375,712.716796875,382.09442138671875,705.6100463867188,384.1441955566406,723.4232788085938,382.9718017578125,698.347412109375,403.97515869140625,734.1218872070312,402.39373779296875,695.292724609375,427.1186828613281,744.7466430664062,424.5100402832031,702.1328125,425.1803283691406,730.1224975585938,422.0754699707031,709.4238891601562,454.8377685546875,735.114013671875,454.7150573730469,714.5081176757812,494.5753173828125,740.7921142578125,494.9910888671875,715.4404907226562,533.1617431640625,743.2960205078125,534.8740844726562
711.543701171875,385.9662780761719,710.4765014648438,382.46728515625,712.0805053710938,382.16790771484375,705.8505249023438,384.3184814453125,723.4427490234375,383.06103515625,698.6346435546875,404.11578369140625,734.3016357421875,402.54827880859375,695.621337890625,427.7073974609375,744.9473876953125,424.78094482421875,701.4654541015625,427.4911193847656,729.8640747070312,423.1455078125,709.2476806640625,454.77655029296875,734.8150024414062,454.6618957519531,714.059814453125,494.01251220703125,740.1665649414062,494.68316650390625,715.7449951171875,532.2735595703125,743.14990234375,534.5891723632812
712.2162475585938,385.9039306640625,711.0245361328125,382.3680114746094,712.6290893554688,382.1021728515625,705.9492797851562,384.14825439453125,723.4900512695312,382.9652099609375,698.6212158203125,403.9042663574219,734.2518310546875,402.4845886230469,696.0376586914062,427.76605224609375,745.0396728515625,424.9781799316406,701.8094482421875,427.78619384765625,729.7962646484375,423.2240905761719,709.12744140625,454.54168701171875,734.692626953125,454.5144958496094,714.0038452148438,493.904296875,740.2357177734375,494.71649169921875,715.6732177734375,532.134521484375,743.0931396484375,534.6967163085938
711.76123046875,385.625,710.680908203125,382.11505126953125,712.2947387695312,381.833984375,705.9746704101562,383.9998779296875,723.5689086914062,382.821533203125,698.688232421875,403.82098388671875,734.3347778320312,402.493896484375,696.0068359375,427.44647216796875,744.8745727539062,425.11785888671875,701.9230346679688,427.65863037109375,729.9181518554688,424.03924560546875,709.1205444335938,454.5048522949219,734.6859741210938,454.49444580078125,713.9678955078125,494.00469970703125,740.21435546875,494.84075927734375,715.7316284179688,532.2457275390625,743.1697998046875,534.8291015625
711.8462524414062,385.60955810546875,710.7459716796875,382.09429931640625,712.3611450195312,381.8164978027344,705.9851684570312,383.9766845703125,723.5798950195312,382.7962646484375,698.7140502929688,403.8213806152344,734.3331298828125,402.4741516113281,696.0382690429688,427.49713134765625,744.8740234375,425.1390380859375,701.9161376953125,427.6497802734375,729.9180297851562,424.02252197265625,709.1361083984375,454.4825744628906,734.6859741210938,454.4619140625,713.9354248046875,493.973388671875,740.17724609375,494.78564453125,715.6959228515625,532.26513671875,743.1541137695312,534.8018188476562
712.7299194335938,385.78863525390625,711.4727783203125,382.227294921875,713.0888061523438,382.0125732421875,706.0861206054688,384.0671691894531,723.7173461914062,383.04754638671875,698.601318359375,403.9212951660156,734.3165893554688,402.8227233886719,696.0971069335938,427.4081115722656,744.8540649414062,425.6911926269531,702.7008666992188,427.049072265625,730.1132202148438,424.39788818359375,708.853759765625,454.7706298828125,734.51025390625,454.8529052734375,713.6864624023438,494.2076416015625,740.1682739257812,495.04803466796875,715.533935546875,532.4525146484375,743.20703125,534.9154052734375
711.4343872070312,386.77301025390625,710.5667724609375,383.2884216308594,712.27734375,382.99517822265625,706.55419921875,385.1498718261719,724.15283203125,384.0860595703125,699.3933715820312,404.7227478027344,734.5849609375,403.84088134765625,697.3522338867188,428.3233947753906,744.9927368164062,426.95257568359375,703.7704467773438,431.17352294921875,731.2350463867188,428.4673156738281,708.781494140625,455.4256896972656,734.1411743164062,455.5633850097656,712.3758544921875,494.07830810546875,739.438232421875,495.26202392578125,714.161376953125,531.4688720703125,743.0782470703125,534.8154296875
709.4555053710938,389.218017578125,708.93115234375,385.8528137207031,711.003662109375,385.4496154785156,706.297607421875,387.87091064453125,724.34130859375,386.7357177734375,699.3031005859375,407.15435791015625,734.5499877929688,406.8824157714844,698.9620361328125,430.6694030761719,744.928466796875,431.0859069824219,705.7958984375,436.86285400390625,732.93408203125,436.7970886230469,707.9675903320312,456.89654541015625,733.4368896484375,457.26593017578125,710.2586669921875,494.3719482421875,738.5651245117188,496.191650390625,712.6131591796875,530.6846923828125,743.0709838867188,535.67529296875
710.579833984375,391.9324951171875,709.594482421875,388.9432067871094,712.0173950195312,388.6730651855469,707.0068359375,392.12432861328125,724.34326171875,390.9906311035156,701.790283203125,411.701904296875,734.8637084960938,409.8310241699219,698.8646850585938,435.9151306152344,743.0385131835938,433.059326171875,702.3287963867188,442.2877502441406,735.4447021484375,440.2959899902344,708.376953125,460.7987060546875,732.1381225585938,460.15887451171875,706.94921875,498.8404541015625,737.6103515625,498.6614990234375,709.9339599609375,535.731689453125,741.180908203125,535.841796875
707.8781127929688,393.84130859375,707.5116577148438,391.0833435058594,709.8829956054688,390.6045227050781,706.6845703125,394.72723388671875,723.6649780273438,393.2613220214844,701.4591064453125,414.271240234375,734.5916137695312,412.3832092285156,696.4893798828125,438.3966064453125,742.3681640625,436.075439453125,697.2921752929688,443.6636047363281,734.5924072265625,443.4712219238281,708.3358154296875,462.4446105957031,731.9302368164062,461.695556640625,705.4044799804688,498.5499267578125,736.2132568359375,498.4442138671875,710.1134643554688,533.782958984375,740.9666137695312,534.0966796875
707.8751220703125,393.85791015625,707.5048217773438,391.0969543457031,709.8710327148438,390.62042236328125,706.6728515625,394.74188232421875,723.650634765625,393.2773132324219,701.4464721679688,414.2908935546875,734.606201171875,412.408935546875,696.5248413085938,438.4343566894531,742.3803100585938,436.1373596191406,697.3638916015625,443.64837646484375,734.55126953125,443.5057373046875,708.336669921875,462.47607421875,731.9525756835938,461.7313232421875,705.440673828125,498.5439453125,736.2594604492188,498.44329833984375,710.1331787109375,533.7372436523438,740.9581909179688,534.0574951171875
706.6727905273438,394.2911071777344,706.33837890625,391.50732421875,708.6868896484375,391.06561279296875,705.30419921875,394.9367370605469,722.1185913085938,393.7392883300781,699.7960205078125,414.31292724609375,733.2822875976562,412.7711181640625,693.4052734375,438.5596923828125,741.0878295898438,435.7100830078125,692.2847900390625,446.06951904296875,732.4570922851562,442.1136474609375,707.4916381835938,462.9390869140625,731.1000366210938,462.3355712890625,704.45849609375,497.8687744140625,734.9690551757812,498.26483154296875,710.8507080078125,531.5955810546875,740.3431396484375,532.6637573242188
703.619140625,392.6184387207031,703.721923828125,389.5482482910156,705.5474853515625,388.9626159667969,703.6012573242188,393.1246643066406,719.36572265625,391.638427734375,698.2162475585938,414.0389709472656,730.7730712890625,412.78662109375,691.7001342773438,438.1528625488281,739.9385986328125,435.3565368652344,685.7572021484375,450.0426940917969,728.8814697265625,442.5670471191406,706.482421875,461.97686767578125,729.31982421875,461.5909729003906,705.8701782226562,496.830810546875,733.8424072265625,498.14642333984375,710.577392578125,531.1502075195312,739.3923950195312,534.2701416015625
702.1041259765625,391.1075744628906,701.3985595703125,388.05889892578125,703.18798828125,387.5538635253906,699.7698974609375,391.59521484375,715.37060546875,389.6063537597656,695.5746459960938,412.7861328125,726.3346557617188,408.8267822265625,688.7861938476562,438.0519714355469,735.3186645507812,429.947509765625,684.5965576171875,448.80145263671875,726.9928588867188,436.9924621582031,705.0990600585938,459.6251525878906,726.3649291992188,458.1749572753906,705.2926025390625,495.0181884765625,730.0358276367188,493.94366455078125,709.0214233398438,530.013427734375,734.9743041992188,527.6481323242188
699.0145874023438,389.1045837402344,698.5374755859375,386.13623046875,699.9793090820312,385.44451904296875,697.8140869140625,390.1691589355469,713.5230712890625,387.3355407714844,694.0010375976562,412.31292724609375,725.584228515625,405.9685974121094,687.438720703125,436.7144775390625,732.7997436523438,425.115478515625,687.7953491210938,445.0809020996094,723.7909545898438,432.99310302734375,704.0106811523438,457.6353759765625,725.6119995117188,455.0171813964844,704.8989868164062,493.1937255859375,726.17236328125,489.87152099609375,708.4204711914062,526.942626953125,728.2422485351562,520.6461791992188
697.9331665039062,387.66741943359375,697.1666259765625,384.8924560546875,699.3968505859375,384.239013671875,695.7396240234375,388.9053955078125,712.949462890625,386.3067932128906,693.2649536132812,410.01409912109375,724.968994140625,403.4874267578125,686.106689453125,434.0684509277344,729.557861328125,423.3830261230469,688.596435546875,435.66375732421875,722.0576782226562,429.5104064941406,704.3504638671875,455.21905517578125,725.7312622070312,452.07330322265625,701.8294677734375,490.78558349609375,721.7727661132812,486.0582275390625,712.3792724609375,524.5053100585938,724.4518432617188,515.8799438476562
697.8424682617188,387.6447448730469,697.0986328125,384.8714599609375,699.31982421875,384.20831298828125,695.7449951171875,388.88775634765625,712.9488525390625,386.2609558105469,693.2782592773438,410.0299377441406,724.9857177734375,403.4261779785156,686.0213012695312,434.083984375,729.5389404296875,423.2659912109375,688.512939453125,435.52716064453125,722.0208740234375,429.2742919921875,704.3385620117188,455.22515869140625,725.722900390625,452.0374450683594,701.79736328125,490.79107666015625,721.7499389648438,486.0009460449219,712.3292846679688,524.532958984375,724.4627685546875,515.8115234375
695.2792358398438,386.45379638671875,694.9266357421875,383.83502197265625,696.8935546875,383.0462341308594,694.6557006835938,387.8670654296875,711.40087890625,384.8960266113281,692.451416015625,408.2823486328125,722.6110229492188,401.62420654296875,682.872314453125,430.792236328125,723.7747802734375,420.7476501464844,684.38818359375,424.04864501953125,712.9512939453125,421.7932434082031,705.0949096679688,453.52020263671875,724.944580078125,450.4370422363281,699.3819580078125,490.4659423828125,715.3803100585938,485.6548156738281,713.6979370117188,525.0344848632812,720.6669921875,515.344482421875
694.2012329101562,385.5239562988281,694.087158203125,382.85760498046875,695.848876953125,382.1922607421875,693.7392578125,386.2972106933594,709.7894287109375,383.9497375488281,692.4669189453125,405.6236572265625,720.290771484375,399.07611083984375,679.4141845703125,426.19390869140625,720.5838623046875,413.2188415527344,675.454345703125,425.936767578125,707.3516845703125,411.5040283203125,704.4345092773438,451.4336242675781,722.1150512695312,447.8793029785156,698.049560546875,488.82489013671875,707.9859008789062,484.373291015625,714.3175048828125,522.6363525390625,712.322998046875,514.9849853515625
692.5350952148438,384.1939392089844,692.6898193359375,381.6276550292969,694.236572265625,380.80145263671875,693.3458251953125,385.0295104980469,707.7471923828125,382.2984619140625,693.6972045898438,404.2179870605469,717.9267578125,396.6487731933594,680.9190673828125,423.62628173828125,722.6192626953125,406.299072265625,669.9716796875,431.1270446777344,710.2100830078125,403.66168212890625,704.800048828125,450.56243896484375,719.381103515625,446.39715576171875,697.2203979492188,487.95709228515625,702.6640014648438,483.7660827636719,714.7290649414062,521.2018432617188,708.4486083984375,515.0809326171875
691.9132080078125,384.2008972167969,692.2761840820312,381.8526916503906,693.6547241210938,381.00030517578125,693.2554931640625,385.326171875,705.5907592773438,382.8391418457031,694.0205078125,404.390869140625,715.4186401367188,396.3490295410156,680.1560668945312,424.4716796875,727.0646362304688,399.9825439453125,661.6055908203125,435.4171142578125,717.976806640625,384.9205322265625,704.5160522460938,450.9549255371094,716.3255615234375,446.7004699707031,696.9302368164062,487.3802185058594,700.3212280273438,484.5704040527344,716.345703125,518.58984375,708.4686889648438,515.9818115234375
689.745361328125,385.3555908203125,690.260009765625,383.2346496582031,692.0844116210938,382.3740234375,692.1280517578125,387.1438903808594,704.876220703125,384.8772277832031,693.3148193359375,406.945556640625,714.674560546875,398.48687744140625,677.745361328125,426.34710693359375,728.1270751953125,398.9189758300781,658.4908447265625,440.5118408203125,723.3355102539062,382.50372314453125,702.9918823242188,453.0523681640625,714.2950439453125,448.5954284667969,695.83740234375,488.3887939453125,698.7257080078125,485.6483154296875,717.58349609375,517.089111328125,708.7755126953125,515.1023559570312
689.6212768554688,385.2561340332031,690.1506958007812,383.1559143066406,692.0026245117188,382.279296875,692.09814453125,387.11865234375,704.9268798828125,384.8153381347656,693.3206787109375,406.94976806640625,714.7254028320312,398.4896240234375,677.8306884765625,426.382080078125,727.9974975585938,399.1044921875,658.6363525390625,440.3285827636719,723.018310546875,382.8321228027344,702.9125366210938,453.0045166015625,714.25732421875,448.5414733886719,695.8731079101562,488.324951171875,698.7528076171875,485.5675354003906,717.5684814453125,517.0884399414062,708.6270141601562,515.069580078125
688.9495849609375,384.44305419921875,689.2674560546875,382.55059814453125,691.1607666015625,381.5436096191406,690.9741821289062,387.6649169921875,703.7918701171875,384.4726867675781,692.0853271484375,408.93377685546875,712.4434204101562,399.0151672363281,677.7466430664062,430.4603271484375,728.0891723632812,396.6505126953125,658.4263305664062,442.13446044921875,728.0220336914062,377.5169677734375,700.5263061523438,454.808349609375,711.197265625,450.78814697265625,688.6232299804688,489.57659912109375,691.1216430664062,486.8092956542969,713.30908203125,514.1460571289062,709.7918090820312,511.9268798828125
687.7314453125,384.8359069824219,688.43212890625,383.16455078125,690.533447265625,381.9058837890625,691.0700073242188,388.05706787109375,703.5315551757812,384.58154296875,691.4537963867188,408.8312072753906,712.2556762695312,399.05255126953125,678.1822509765625,431.37042236328125,729.2864379882812,398.47650146484375,659.7637329101562,442.9163513183594,731.541748046875,380.21044921875,697.5339965820312,454.8276672363281,708.4229125976562,450.7597961425781,686.2568359375,488.73602294921875,689.5927734375,485.94757080078125,712.2889404296875,510.878662109375,708.0011596679688,508.80133056640625
687.2294921875,383.81781005859375,687.7019653320312,381.8578796386719,689.61669921875,380.933837890625,689.331787109375,386.2314453125,701.1356201171875,383.8644714355469,689.0874633789062,405.6986999511719,710.7763061523438,398.9973449707031,678.6741943359375,427.6751403808594,731.122802734375,402.66650390625,663.1727294921875,441.5595703125,736.7721557617188,389.56964111328125,697.3970336914062,451.3546447753906,709.0653686523438,448.7095947265625,684.9624633789062,484.6604919433594,691.9027709960938,483.74945068359375,710.9905395507812,506.4215087890625,710.5828247070312,507.00738525390625
686.5485229492188,381.4571838378906,686.480712890625,379.8033447265625,688.7950439453125,379.04925537109375,687.87255859375,383.8809814453125,699.2308959960938,382.11114501953125,686.8779296875,403.049560546875,709.4927978515625,396.0852966308594,672.0416870117188,425.3294372558594,730.7431030273438,403.2577209472656,659.7947387695312,438.3388977050781,735.1697387695312,398.2564392089844,697.3195190429688,447.16693115234375,709.7386474609375,443.99395751953125,696.4832153320312,480.4132080078125,704.439208984375,478.0535888671875,703.6296997070312,511.8087158203125,704.255615234375,510.2769775390625
685.14501953125,377.2444763183594,685.060791015625,375.5035400390625,687.1831665039062,374.87744140625,686.2993774414062,379.85528564453125,697.664794921875,378.3390197753906,685.1470336914062,398.81414794921875,708.7757568359375,392.9957275390625,672.834228515625,421.3825988769531,730.5093994140625,403.2145080566406,662.88525390625,434.72552490234375,737.1614990234375,402.453125,696.0377807617188,443.42926025390625,709.1760864257812,440.7763671875,693.23974609375,477.0087890625,701.2958374023438,474.9310302734375,704.08447265625,510.84881591796875,703.6551513671875,509.27423095703125
685.1369018554688,377.24755859375,685.0629272460938,375.5091247558594,687.191650390625,374.8822326660156,686.3477783203125,379.87200927734375,697.716064453125,378.35693359375,685.1901245117188,398.8296813964844,708.8264770507812,393.0184326171875,672.8037109375,421.3747863769531,730.62744140625,403.21820068359375,662.826904296875,434.7754211425781,737.3795776367188,402.5067443847656,696.0155029296875,443.360107421875,709.15087890625,440.70916748046875,693.2382202148438,476.8963317871094,701.2960205078125,474.8288879394531,703.9061279296875,510.70751953125,703.5379028320312,509.162353515625
684.2050170898438,373.4113464355469,683.983154296875,371.45477294921875,686.3402099609375,370.9949645996094,685.0244750976562,375.06024169921875,697.24462890625,374.007080078125,683.7848510742188,392.92236328125,708.3927001953125,389.23065185546875,673.8637084960938,416.68133544921875,731.5298461914062,404.4869079589844,665.3441772460938,430.44970703125,740.1552734375,407.7956848144531,693.6270141601562,440.60382080078125,707.4381103515625,438.98712158203125,691.42138671875,476.5523376464844,699.464599609375,475.664306640625,704.1846923828125,510.1373291015625,702.7415161132812,509.9976806640625
684.6565551757812,371.6097412109375,684.3004150390625,369.6350402832031,686.4639282226562,369.2266845703125,684.2947387695312,373.3457946777344,696.1949462890625,372.2996520996094,682.196044921875,390.91204833984375,705.8104858398438,387.7513732910156,673.65966796875,416.38330078125,726.8497314453125,407.529052734375,668.55419921875,431.16839599609375,736.8353271484375,417.9842224121094,690.3163452148438,439.2764892578125,703.8082275390625,437.9366455078125,688.521728515625,476.72027587890625,696.369140625,475.4417724609375,701.8563232421875,511.89825439453125,701.037109375,510.53900146484375
685.2212524414062,371.3641357421875,684.543701171875,369.1675109863281,686.8721313476562,368.9006042480469,683.2341918945312,372.6792907714844,695.8273315429688,371.9638366699219,680.308837890625,390.4071960449219,705.2706298828125,388.4329833984375,672.3441772460938,417.1216125488281,725.345947265625,411.4005126953125,667.6283569335938,435.77728271484375,735.9174194335938,427.4620666503906,687.8736572265625,439.3309631347656,702.8087158203125,438.46356201171875,682.37744140625,475.5301208496094,694.50341796875,474.72900390625,693.8334350585938,510.5281982421875,699.4458618164062,509.50421142578125
680.5256958007812,372.8333435058594,680.442626953125,370.3926696777344,682.7249145507812,369.9239501953125,681.1859741210938,374.3941345214844,693.6490478515625,373.1065979003906,679.6884155273438,393.367431640625,704.4863891601562,390.6389465332031,670.5265502929688,419.52557373046875,721.9306030273438,413.42742919921875,661.7594604492188,437.9972229003906,736.4715576171875,430.0843505859375,689.4287719726562,439.295654296875,703.62841796875,437.7716979980469,674.1984252929688,472.61444091796875,684.5127563476562,471.0151672363281,694.2120361328125,505.58892822265625,695.4149780273438,502.7283935546875
680.0031127929688,375.35052490234375,679.9420166015625,372.8884582519531,681.937255859375,372.4874267578125,680.8248901367188,376.88140869140625,692.5441284179688,375.6363830566406,678.796875,395.9130859375,703.296875,393.49920654296875,669.0579223632812,420.8968505859375,718.0242309570312,416.6768798828125,659.8798828125,438.9092102050781,730.3013916015625,435.9801025390625,687.3740844726562,440.24310302734375,702.39892578125,438.81329345703125,671.165771484375,472.2120361328125,686.946533203125,470.58746337890625,684.8953857421875,506.18682861328125,696.7288208007812,503.26092529296875
679.9671630859375,375.25006103515625,679.9146728515625,372.7941589355469,681.8958740234375,372.3852233886719,680.8180541992188,376.8320007324219,692.5180053710938,375.5600280761719,678.7535400390625,395.9224853515625,703.3220825195312,393.45355224609375,669.0004272460938,420.8890380859375,718.048828125,416.5994873046875,659.8763427734375,438.8638610839844,730.3780517578125,435.9712829589844,687.4271850585938,440.1589660644531,702.513916015625,438.7086486816406,671.2843017578125,472.2519836425781,687.2455444335938,470.58123779296875,684.8508911132812,506.38836669921875,696.98046875,503.3753662109375
676.4957275390625,376.5718688964844,677.1478881835938,374.09600830078125,678.781982421875,373.7401123046875,680.4423828125,378.436279296875,690.6983032226562,377.5162048339844,678.5142211914062,397.2166442871094,702.3753662109375,396.67999267578125,668.3237915039062,420.5546569824219,715.0988159179688,421.4328918457031,658.0972290039062,436.2445983886719,725.4410400390625,441.9668884277344,686.164306640625,441.9678955078125,701.2162475585938,441.2724914550781,668.760009765625,474.2961120605469,687.3864135742188,473.730224609375,679.3010864257812,508.4287109375,695.4922485351562,507.08392333984375
675.9778442382812,377.3818664550781,676.5175170898438,374.7994384765625,678.1200561523438,374.4315185546875,679.3472900390625,378.99725341796875,689.9539794921875,377.9281921386719,676.0912475585938,397.6697998046875,701.4072265625,396.59527587890625,665.5970458984375,420.56451416015625,712.4146728515625,420.88653564453125,656.96337890625,435.0397644042969,720.37890625,441.4566955566406,682.5219116210938,442.5548400878906,698.9678344726562,441.6802978515625,670.3583984375,477.19305419921875,691.295166015625,476.18499755859375,676.81689453125,514.3479614257812,696.1395874023438,512.3698120117188
677.5733642578125,376.85980224609375,677.5637817382812,374.1415100097656,679.5453491210938,373.9446105957031,678.5611572265625,377.83770751953125,690.3738403320312,377.17449951171875,675.0032958984375,396.2176208496094,699.8807983398438,395.9435729980469,665.0166015625,419.0059509277344,708.8174438476562,421.4100341796875,657.17236328125,434.34368896484375,716.1060791015625,444.0550231933594,680.3203735351562,442.37750244140625,696.1664428710938,441.8844299316406,671.328125,478.35443115234375,687.6107177734375,477.6529541015625,678.5029296875,514.9287109375,690.0694580078125,512.9730834960938
681.0596923828125,376.11517333984375,680.2748413085938,373.2679138183594,682.179931640625,373.2538757324219,678.0684204101562,376.8679504394531,690.3206176757812,376.5534973144531,673.1023559570312,395.6951599121094,699.436279296875,395.52923583984375,663.5985107421875,418.98944091796875,708.0913696289062,420.8207702636719,657.0477905273438,435.9266357421875,714.11669921875,443.7450866699219,679.295166015625,442.0593566894531,696.466796875,441.7406921386719,670.1403198242188,478.18707275390625,689.328125,477.47900390625,676.82763671875,515.701171875,692.2261352539062,513.2835693359375
676.2252807617188,378.91021728515625,675.8109130859375,376.09527587890625,677.51953125,376.0316467285156,675.3004760742188,378.8625793457031,686.2362670898438,378.44671630859375,671.3108520507812,396.2854309082031,696.3812866210938,395.90185546875,662.8431396484375,419.1645202636719,705.8116455078125,420.37152099609375,657.4888916015625,435.73016357421875,713.210205078125,442.3456726074219,678.5288696289062,441.5824279785156,694.726806640625,441.1108703613281,669.1539306640625,477.943115234375,686.7581787109375,477.1141357421875,676.0308227539062,515.3964233398438,688.35205078125,513.02880859375
676.1338500976562,378.8026123046875,675.7521362304688,376.0025939941406,677.45654296875,375.9327392578125,675.3380126953125,378.82635498046875,686.2626342773438,378.4061584472656,671.4019775390625,396.2802734375,696.37060546875,395.9240417480469,662.8635864257812,419.13323974609375,705.7581176757812,420.40216064453125,657.3704223632812,435.6622009277344,713.1569213867188,442.33343505859375,678.63818359375,441.58001708984375,694.7562866210938,441.115478515625,669.1024169921875,477.94085693359375,686.5978393554688,477.142822265625,676.0012817382812,515.4476318359375,688.2410278320312,513.1349487304688
676.4681396484375,377.44024658203125,676.0607299804688,374.65350341796875,677.6939697265625,374.6531066894531,675.2568969726562,377.6647644042969,685.9881591796875,377.5556640625,671.2540283203125,395.2974853515625,695.5089111328125,395.3417053222656,662.7080688476562,418.2425231933594,704.8715209960938,419.27447509765625,656.7151489257812,435.02301025390625,711.9841918945312,438.6084899902344,677.7047119140625,440.587646484375,693.3515625,440.3139953613281,668.8871459960938,477.1029052734375,686.2010498046875,476.819580078125,675.6633911132812,515.1615600585938,687.81884765625,513.7734375
675.066650390625,377.66497802734375,675.1757202148438,374.8823547363281,676.59716796875,374.8089294433594,675.7488403320312,377.4005126953125,685.5057373046875,377.2935485839844,672.2156372070312,393.9114074707031,694.5526733398438,394.2384338378906,664.388671875,416.6438903808594,703.6768798828125,417.9071350097656,658.7393798828125,433.9598388671875,711.2157592773438,436.750244140625,678.2850341796875,439.755126953125,693.0875854492188,439.5775146484375,667.0934448242188,476.85565185546875,686.8417358398438,476.96429443359375,674.2107543945312,514.6832275390625,691.8115844726562,514.361572265625
675.7297973632812,379.9721984863281,675.5177612304688,377.0423278808594,677.0789794921875,377.0581970214844,675.405029296875,378.6622619628906,685.2001342773438,378.6904296875,672.7205810546875,394.0663757324219,693.3789672851562,394.1864929199219,665.2716064453125,417.204833984375,704.3587646484375,417.8276672363281,660.2034912109375,435.4693298339844,714.7400512695312,436.67578125,678.3672485351562,439.25115966796875,692.196533203125,439.0545349121094,667.9096069335938,476.9841003417969,687.79248046875,476.7825927734375,672.516357421875,515.6505737304688,693.4419555664062,514.4970703125
674.2670288085938,380.59039306640625,673.9180297851562,377.70550537109375,675.525390625,377.6120300292969,673.6463623046875,379.6717834472656,684.08544921875,379.2581787109375,670.8384399414062,395.8818359375,693.286865234375,394.9481506347656,663.3875122070312,419.2633972167969,704.499755859375,417.949462890625,657.240234375,437.5909423828125,712.5848999023438,436.17755126953125,676.6710205078125,440.618896484375,691.710205078125,439.93487548828125,667.5571899414062,478.10552978515625,687.83984375,477.4065856933594,671.8286743164062,516.63037109375,692.71337890625,514.837158203125
670.1688232421875,377.2814025878906,669.692626953125,374.4027404785156,671.3379516601562,374.4136047363281,669.3429565429688,378.0212097167969,680.8696899414062,377.72515869140625,667.5126953125,396.77996826171875,691.1541137695312,395.7918395996094,660.2596435546875,420.9851379394531,703.0668334960938,419.3487854003906,655.0147094726562,440.47161865234375,711.76513671875,437.78961181640625,676.6632690429688,441.29071044921875,692.5831909179688,440.6357727050781,666.0829467773438,478.5142517089844,687.5070190429688,477.8130187988281,669.7702026367188,517.0542602539062,693.1629638671875,515.010009765625
670.8753662109375,377.9920654296875,670.2767333984375,375.03680419921875,671.9569091796875,375.1171569824219,669.6219482421875,378.25665283203125,681.1544799804688,378.1124572753906,667.7523193359375,396.5601806640625,691.380126953125,395.6836242675781,660.0916137695312,420.8719482421875,703.2706909179688,419.33380126953125,654.8576049804688,440.6383972167969,712.2319946289062,437.9836730957031,676.8136596679688,441.22998046875,692.7412109375,440.61639404296875,665.9891357421875,478.558837890625,687.5203857421875,477.8519287109375,669.4891967773438,517.1030883789062,693.24365234375,515.022216796875
673.6010131835938,381.9570617675781,672.1531372070312,379.0341491699219,674.1842651367188,379.0913391113281,668.5769653320312,382.24993896484375,681.3246459960938,381.8297119140625,666.3588256835938,400.6428527832031,690.6303100585938,399.072021484375,659.5518798828125,424.5408020019531,704.4244384765625,422.02142333984375,655.600830078125,443.9405517578125,714.234375,440.84765625,675.5443725585938,443.7699890136719,692.1397705078125,442.97113037109375,665.1034545898438,479.440673828125,687.839111328125,478.1086730957031,665.0443725585938,518.287353515625,692.5848388671875,514.994873046875
678.2839965820312,383.7848815917969,675.2008666992188,380.71026611328125,677.500244140625,380.9779968261719,667.0216674804688,385.3936767578125,680.593017578125,384.7150573730469,665.0424194335938,406.8356018066406,690.1812133789062,403.0850830078125,658.7888793945312,432.260009765625,704.1134033203125,425.0160217285156,654.6857299804688,453.4364318847656,712.7583618164062,443.9880065917969,674.5342407226562,450.1053466796875,692.1744384765625,448.3066711425781,663.9965209960938,485.0225524902344,689.22607421875,481.8183288574219,661.7763671875,523.7023315429688,694.3790283203125,517.491943359375
671.6863403320312,389.56109619140625,669.5724487304688,386.45086669921875,671.9586181640625,385.9966735839844,665.0122680664062,391.30657958984375,680.6708984375,388.45526123046875,663.1399536132812,414.76336669921875,691.05517578125,407.1615295410156,656.4044189453125,441.93682861328125,702.6422729492188,428.81695556640625,651.26806640625,462.2354736328125,707.6511840820312,452.1971435546875,676.3518676757812,456.8746337890625,695.3311767578125,453.4728088378906,666.9406127929688,493.63763427734375,692.4112548828125,488.08056640625,663.8262329101562,531.8607177734375,695.6509399414062,520.8939819335938
669.957763671875,401.36151123046875,668.7098388671875,399.0225524902344,671.5201416015625,398.5728759765625,666.4848022460938,402.557861328125,680.9093627929688,400.7958984375,664.501953125,421.2410888671875,690.6198120117188,416.625244140625,657.23876953125,446.85589599609375,702.4860229492188,438.17486572265625,653.8130493164062,468.59625244140625,709.5904541015625,459.391357421875,673.6070556640625,465.0846252441406,691.686767578125,462.82794189453125,664.3859252929688,501.9017333984375,690.56201171875,498.78240966796875,663.5430908203125,539.8658447265625,693.7056274414062,534.053466796875
669.9225463867188,407.82501220703125,668.7669677734375,404.9808349609375,671.0474243164062,404.1915588378906,665.5905151367188,408.29046630859375,680.5335693359375,405.37701416015625,661.9957885742188,429.3849182128906,691.6221923828125,422.55615234375,653.4226684570312,454.46368408203125,702.0560913085938,444.4827575683594,649.1818237304688,471.78021240234375,705.30615234375,470.00762939453125,674.4717407226562,471.65838623046875,694.8467407226562,468.5060119628906,661.7579345703125,504.8565673828125,689.9573974609375,499.45758056640625,664.0401611328125,541.1848754882812,696.3715209960938,531.6973876953125
669.8182373046875,407.8789978027344,668.6942138671875,405.0353698730469,670.9572143554688,404.2406005859375,665.6139526367188,408.3128967285156,680.5166015625,405.39459228515625,662.035888671875,429.3752746582031,691.6417846679688,422.5435485839844,653.4718627929688,454.4752197265625,702.0538330078125,444.482177734375,649.2481079101562,471.8182067871094,705.265625,469.99981689453125,674.4893188476562,471.6643981933594,694.8543090820312,468.5089416503906,661.75244140625,504.87054443359375,689.9558715820312,499.4769287109375,664.072509765625,541.2369995117188,696.394775390625,531.7542724609375
669.0071411132812,413.5398254394531,668.1937255859375,410.74322509765625,670.3568725585938,410.2118225097656,666.5169677734375,413.3854064941406,679.990966796875,411.3646545410156,663.0745239257812,432.1523742675781,691.2451782226562,427.99237060546875,653.6066284179688,456.5657958984375,703.68896484375,449.5368957519531,647.9619750976562,475.29754638671875,710.328369140625,471.4618835449219,676.3675537109375,474.3065490722656,695.3876342773438,472.33575439453125,660.6390380859375,504.44317626953125,688.0372314453125,501.52410888671875,665.8923950195312,536.833251953125,697.9197998046875,530.3438720703125
671.045166015625,415.2345275878906,670.3515625,412.39508056640625,672.84326171875,411.9913635253906,669.5823364257812,414.9997863769531,684.1171875,413.44512939453125,665.9230346679688,433.6443176269531,695.8579711914062,430.5797119140625,656.2259521484375,455.7127990722656,711.7178955078125,451.18365478515625,652.62451171875,469.4132080078125,721.7443237304688,468.8168640136719,675.1153564453125,476.4314880371094,695.2191772460938,474.9443664550781,661.0789794921875,505.7432861328125,689.5343017578125,503.4976806640625,664.6486206054688,536.7193603515625,698.6982421875,531.6815185546875
674.0809326171875,410.763916015625,673.661376953125,408.5570373535156,676.7909545898438,408.3164367675781,675.176513671875,412.0860595703125,689.4677124023438,411.2956848144531,673.8626708984375,429.4493103027344,700.4830322265625,428.5518798828125,665.2339477539062,450.6019287109375,719.6646118164062,449.9867858886719,661.2953491210938,462.9420166015625,732.64599609375,465.35699462890625,679.9031372070312,474.0079650878906,697.953125,473.4139404296875,667.7754516601562,504.132568359375,697.1768188476562,503.527587890625,662.15185546875,537.92724609375,697.9267578125,536.5009155273438
683.2030029296875,403.91748046875,681.8187866210938,401.5158996582031,684.8650512695312,401.3553466796875,680.6162109375,405.896240234375,695.3729858398438,404.6234130859375,680.6775512695312,424.9289245605469,704.96826171875,422.2491149902344,673.9069213867188,447.07916259765625,721.0148315429688,444.9209899902344,670.1734008789062,453.43280029296875,732.4016723632812,460.0230407714844,684.8554077148438,470.74444580078125,701.5438232421875,469.2559814453125,670.5106811523438,504.92181396484375,698.29296875,502.2789306640625,663.5551147460938,539.87548828125,697.4553833007812,534.3655395507812
695.5927124023438,400.3809509277344,692.9698486328125,397.83831787109375,696.2713012695312,397.9449768066406,686.604736328125,401.70269775390625,701.683349609375,401.1280212402344,683.8392333984375,419.3614196777344,709.3773193359375,418.256591796875,678.0923461914062,440.64398193359375,725.0427856445312,440.29754638671875,677.19677734375,446.7523498535156,736.94970703125,453.08746337890625,688.178466796875,465.01580810546875,705.3308715820312,464.5046081542969,676.2513427734375,501.26385498046875,701.910888671875,499.8062744140625,666.675537109375,534.0584716796875,694.6900634765625,530.0047607421875
695.7584228515625,400.34332275390625,693.1004028320312,397.78961181640625,696.3938598632812,397.8979187011719,686.5946655273438,401.6693115234375,701.669677734375,401.082275390625,683.7756958007812,419.35760498046875,709.322509765625,418.195556640625,678.0797119140625,440.6520690917969,724.9161376953125,440.20513916015625,677.2809448242188,446.7006530761719,736.7230224609375,452.95758056640625,688.021484375,464.9418640136719,705.1709594726562,464.4039001464844,676.320068359375,501.2347412109375,701.78125,499.7198486328125,666.7113647460938,534.0537109375,694.3792114257812,529.9120483398438
700.5591430664062,390.09613037109375,698.6463623046875,387.55316162109375,701.0864868164062,387.5916748046875,693.8143310546875,392.8284606933594,706.8331298828125,392.1567687988281,691.6002197265625,412.96807861328125,713.9467163085938,411.38702392578125,684.5693359375,435.6102294921875,728.2708740234375,434.17572021484375,681.1241455078125,439.89849853515625,740.4259033203125,445.18658447265625,694.6512451171875,460.1561279296875,708.267333984375,459.33062744140625,684.2622680664062,497.02911376953125,698.8257446289062,495.221923828125,681.8605346679688,530.3849487304688,691.1734008789062,525.5795288085938
709.4503173828125,385.8998718261719,708.0150756835938,383.2227478027344,709.9598999023438,383.4250793457031,703.65087890625,386.85723876953125,715.1697387695312,387.0904541015625,699.8426513671875,405.1706848144531,722.1689453125,405.1233215332031,686.1358642578125,427.99005126953125,736.9906616210938,426.50408935546875,676.3123168945312,435.3707275390625,747.58837890625,433.83843994140625,703.3339233398438,453.2039489746094,715.5635986328125,453.16986083984375,693.9058837890625,488.25701904296875,701.0081176757812,488.40948486328125,701.1242065429688,518.4747924804688,697.5604248046875,517.1935424804688
709.9461669921875,384.3127136230469,710.2045288085938,381.9750671386719,712.17529296875,381.8932189941406,711.4077758789062,384.1719665527344,721.7774047851562,384.2763671875,708.17724609375,399.0967102050781,730.66796875,399.943115234375,690.7442016601562,420.0220031738281,747.3572998046875,421.1277160644531,676.8259887695312,428.06134033203125,757.7223510742188,427.64373779296875,712.8967895507812,447.4422607421875,724.2026977539062,447.03302001953125,702.5448608398438,480.5912170410156,702.7426147460938,481.2574768066406,719.951904296875,509.925537109375,702.451416015625,511.672607421875
714.4303588867188,379.5061950683594,714.5953369140625,376.9038391113281,716.627197265625,376.9320983886719,714.798828125,380.5243835449219,727.410888671875,381.1107177734375,710.3173217773438,398.4848937988281,736.4111328125,401.47412109375,692.9493408203125,415.87835693359375,756.123046875,419.8314208984375,682.5402221679688,420.7408142089844,768.3245849609375,424.5643615722656,717.965087890625,446.42449951171875,731.8460083007812,448.19451904296875,707.2478637695312,478.8366394042969,712.3834228515625,482.13916015625,723.2575073242188,508.27154541015625,717.6340942382812,512.806396484375
728.149169921875,379.9957275390625,726.8515625,377.5297546386719,729.2853393554688,377.6407470703125,722.3187866210938,380.31689453125,735.501220703125,380.68585205078125,718.4949951171875,396.8063049316406,741.34716796875,397.0419921875,699.1033935546875,413.6402282714844,760.3328857421875,412.138427734375,682.504638671875,417.4328308105469,771.0792236328125,411.1878967285156,722.7335205078125,445.10980224609375,734.178466796875,445.0345153808594,716.2310791015625,480.4815979003906,717.2568359375,480.95587158203125,731.3790283203125,512.0543212890625,720.0401000976562,511.9215087890625
728.208740234375,379.9704284667969,726.89892578125,377.4971923828125,729.3351440429688,377.6128845214844,722.3321533203125,380.2823486328125,735.4910888671875,380.6648864746094,718.49853515625,396.7845153808594,741.3136596679688,397.05718994140625,699.1671752929688,413.63201904296875,760.2985229492188,412.18218994140625,682.47412109375,417.49212646484375,771.0126342773438,411.24609375,722.6884765625,445.10284423828125,734.1072998046875,445.0467529296875,716.2625732421875,480.4736022949219,717.2725219726562,480.9845275878906,731.3314208984375,512.0610961914062,719.938720703125,511.988525390625
737.4449462890625,377.8580017089844,735.4122314453125,375.44183349609375,738.0781860351562,375.65362548828125,728.3522338867188,379.2291564941406,742.7597045898438,379.7003479003906,723.2722778320312,397.479248046875,748.0919799804688,397.4319763183594,703.1437377929688,412.7908020019531,770.3929443359375,409.3987731933594,685.6246337890625,414.5798034667969,781.80712890625,403.88690185546875,726.4176635742188,446.63995361328125,739.0787963867188,446.7919921875,724.1248779296875,482.47039794921875,726.4824829101562,483.1845397949219,736.9436645507812,514.5040283203125,729.3680419921875,514.8352661132812
741.196533203125,373.265625,739.8619384765625,371.0025634765625,742.4258422851562,371.04071044921875,734.440673828125,375.7693786621094,748.13818359375,376.06671142578125,727.9213256835938,396.20501708984375,753.7968139648438,395.2284851074219,704.1259155273438,412.189208984375,774.4374389648438,406.7188720703125,688.6155395507812,413.6270751953125,791.3038940429688,402.99853515625,731.3014526367188,444.70306396484375,744.7979736328125,444.37860107421875,726.8883056640625,479.8005676269531,733.632568359375,479.35626220703125,739.0279541015625,512.5504150390625,737.9401245117188,510.61358642578125
747.7490844726562,375.77691650390625,746.70361328125,373.43792724609375,749.0651245117188,373.3824157714844,742.32568359375,377.1265869140625,754.955078125,377.298095703125,733.9171752929688,396.36761474609375,763.1743774414062,393.5711975097656,707.33544921875,411.3858642578125,780.8174438476562,401.8261413574219,690.5435180664062,412.36248779296875,792.3472290039062,396.1544189453125,732.794921875,444.5143127441406,751.1410522460938,442.97698974609375,726.060302734375,474.0887451171875,756.2769165039062,471.6880798339844,736.0283203125,507.11376953125,772.226318359375,501.83331298828125
760.138916015625,375.8516845703125,757.4804077148438,373.1011657714844,759.880615234375,372.84246826171875,748.4939575195312,378.2835998535156,762.0980224609375,376.0751953125,740.5574340820312,400.55218505859375,771.8221435546875,390.99066162109375,714.648193359375,414.308837890625,788.5210571289062,396.0382995605469,698.1192626953125,410.1573486328125,804.0077514648438,397.6375427246094,742.2550048828125,447.22412109375,762.3743286132812,442.7554931640625,731.7489013671875,476.14324951171875,770.9052124023438,467.42999267578125,736.0374755859375,508.4031982421875,787.418212890625,493.04150390625
767.5369262695312,376.400634765625,764.6447143554688,373.6138000488281,767.4006958007812,373.51708984375,754.9467163085938,378.846923828125,769.633056640625,377.24761962890625,746.5848999023438,401.26727294921875,778.7999267578125,392.3777160644531,719.12548828125,414.5453186035156,792.8331298828125,394.3014221191406,699.3128662109375,415.7135925292969,804.9847412109375,394.5216369628906,746.167236328125,447.825927734375,767.4180297851562,443.7444763183594,733.1188354492188,475.61700439453125,776.725341796875,468.0763854980469,735.4047241210938,507.00897216796875,794.1780395507812,493.24383544921875
767.5921630859375,376.3973083496094,764.66748046875,373.6056823730469,767.4273681640625,373.521728515625,754.9237670898438,378.81805419921875,769.5917358398438,377.2313232421875,746.6334838867188,401.22247314453125,778.743408203125,392.3235778808594,719.1341552734375,414.53094482421875,792.7348022460938,394.2899169921875,699.2257690429688,415.579833984375,804.8900146484375,394.4381103515625,746.1788940429688,447.718505859375,767.38330078125,443.6339111328125,733.2352905273438,475.6490478515625,776.8911743164062,468.07940673828125,735.25634765625,507.146484375,794.2808227539062,493.31298828125
775.6724853515625,375.800048828125,772.5560913085938,373.2590637207031,775.3097534179688,373.4472961425781,761.6231689453125,377.376953125,774.1444702148438,377.3074951171875,754.0938720703125,396.9530334472656,781.6431274414062,391.9800720214844,731.7393188476562,412.3724365234375,799.9834594726562,396.0550537109375,712.2283935546875,417.8908996582031,811.9930419921875,386.1966552734375,753.4710693359375,443.452392578125,772.6243286132812,441.0201110839844,736.6785278320312,472.59417724609375,784.9312133789062,469.3992004394531,737.22021484375,502.690185546875,803.831298828125,497.72137451171875
784.30029296875,378.11663818359375,780.8917236328125,375.4691162109375,783.5501708984375,375.9031066894531,768.4756469726562,378.95123291015625,780.4856567382812,379.9664611816406,758.0748901367188,396.61322021484375,787.6099243164062,395.27545166015625,740.6875610351562,412.96356201171875,807.9810791015625,402.16387939453125,724.2899780273438,423.9599914550781,811.33251953125,392.51104736328125,755.0769653320312,442.7608642578125,776.0150146484375,442.2018737792969,747.111083984375,464.8470458984375,794.5582275390625,465.8153076171875,740.1861572265625,497.839111328125,802.9248046875,501.81787109375
782.2655029296875,381.30938720703125,780.2791748046875,379.00262451171875,782.7116088867188,379.15728759765625,773.0946044921875,381.9975280761719,784.33251953125,382.6510925292969,764.80712890625,398.4223937988281,790.3925170898438,396.8576965332031,748.3548583984375,414.37164306640625,808.5623168945312,403.19622802734375,730.9849243164062,425.9814453125,810.6041259765625,394.4447021484375,760.0916137695312,442.9908752441406,778.146240234375,442.2706298828125,753.7620239257812,466.7237548828125,795.8943481445312,468.1636657714844,744.2026977539062,498.0443115234375,800.4552612304688,503.04345703125
786.5404052734375,379.5460205078125,784.640869140625,377.44232177734375,787.33935546875,377.445556640625,777.5516357421875,381.3183288574219,789.6075439453125,381.7024230957031,769.0205688476562,398.6624450683594,795.128662109375,397.0715637207031,752.9224853515625,415.031494140625,811.7623901367188,403.8387756347656,734.5776977539062,426.65032958984375,812.6329345703125,395.5299072265625,764.26904296875,443.42877197265625,782.533203125,442.63592529296875,755.9921264648438,466.5611267089844,797.474609375,468.1778564453125,745.8541259765625,496.13006591796875,799.497314453125,501.25897216796875
789.1080932617188,379.00860595703125,786.9260864257812,376.7166748046875,789.7283935546875,376.8434143066406,779.1931762695312,379.8979797363281,791.4209594726562,380.48040771484375,770.5730590820312,396.8702087402344,796.9736328125,395.4474792480469,753.965087890625,414.6001281738281,810.7244873046875,404.3602600097656,736.8170166015625,425.99224853515625,811.017333984375,397.8985290527344,766.7169189453125,441.7950439453125,785.3548583984375,441.04547119140625,758.777587890625,466.37518310546875,799.8973388671875,467.595703125,749.34228515625,496.11334228515625,801.5667114257812,499.97967529296875
789.1672973632812,378.98828125,786.9671020507812,376.6938781738281,789.7708740234375,376.8269958496094,779.1783447265625,379.88177490234375,791.411376953125,380.4744873046875,770.5578002929688,396.857177734375,796.9448852539062,395.4571838378906,753.9970092773438,414.5985107421875,810.6264038085938,404.4044494628906,736.8890380859375,425.9420166015625,810.8487548828125,397.9217529296875,766.7291259765625,441.77880859375,785.3759765625,441.0435791015625,758.8194580078125,466.36480712890625,799.9998779296875,467.5969543457031,749.3206176757812,496.0198974609375,801.6497802734375,499.896728515625
786.5025024414062,375.0829772949219,784.7863159179688,372.8733215332031,787.5396118164062,372.86065673828125,778.9918212890625,376.96990966796875,791.9017944335938,377.13134765625,771.1541748046875,395.3691711425781,798.9193725585938,393.6600646972656,755.117431640625,413.72900390625,812.6549682617188,404.5945739746094,737.7162475585938,424.7259216308594,812.85400390625,401.1217346191406,768.2844848632812,440.046142578125,787.6669921875,439.0609130859375,758.99462890625,465.63531494140625,798.957275390625,466.45025634765625,751.499267578125,496.3800048828125,801.048095703125,499.2564697265625
783.0026245117188,372.8005676269531,781.6433715820312,370.2204284667969,784.057861328125,370.1685485839844,777.380859375,373.9574890136719,789.823486328125,373.77587890625,771.5276489257812,392.99755859375,797.6854248046875,391.1828308105469,756.7567138671875,412.8670654296875,807.9569702148438,406.57891845703125,740.6936645507812,421.9765319824219,811.63720703125,407.91253662109375,772.9227294921875,435.76324462890625,791.64404296875,434.6527404785156,756.6137084960938,463.30755615234375,796.7281494140625,462.83294677734375,754.8125,495.6416015625,806.4539184570312,494.50732421875
780.7415161132812,368.96502685546875,779.1489868164062,365.999267578125,781.2789916992188,365.97430419921875,774.4610595703125,369.21942138671875,787.8092651367188,368.6742248535156,769.3876953125,389.23809814453125,796.8460693359375,386.9400634765625,755.8981323242188,411.25445556640625,806.0803833007812,406.9856872558594,740.5160522460938,420.5905456542969,805.9835815429688,414.408935546875,770.2005004882812,432.6622314453125,790.2821044921875,431.3042297363281,754.5953369140625,462.7227783203125,794.5707397460938,461.17572021484375,753.480224609375,495.544677734375,806.152587890625,491.8504638671875
778.9039916992188,364.3521728515625,777.4070434570312,361.31317138671875,779.5171508789062,361.2657165527344,772.2488403320312,364.56072998046875,785.46826171875,364.0124816894531,765.8097534179688,384.45233154296875,793.8966064453125,382.91351318359375,753.328369140625,407.092041015625,801.9757690429688,405.8936462402344,742.05908203125,421.4776916503906,804.9906005859375,423.4118957519531,768.3656616210938,429.7562255859375,789.2626953125,428.7785949707031,751.4366455078125,462.12322998046875,794.2420043945312,460.6747131347656,752.27587890625,495.64056396484375,808.9608764648438,492.39410400390625
772.8328857421875,361.4551696777344,772.133056640625,358.4915466308594,773.9807739257812,358.32611083984375,769.7474975585938,362.32635498046875,782.7008666992188,361.6193542480469,763.804931640625,383.197021484375,792.3138427734375,381.707763671875,751.8324584960938,405.98974609375,799.5300903320312,405.56597900390625,742.5115356445312,421.3472595214844,803.4418334960938,425.9245910644531,766.6309204101562,428.5140686035156,787.6640014648438,427.5655517578125,750.143310546875,460.76263427734375,791.1744995117188,459.3484191894531,750.7080078125,496.38397216796875,804.2584228515625,493.06982421875
773.0955200195312,361.4192199707031,772.3299560546875,358.4551696777344,774.1907348632812,358.2977294921875,769.733642578125,362.3260192871094,782.6812744140625,361.6180114746094,763.782470703125,383.287109375,792.2169799804688,381.72503662109375,751.8857421875,406.14208984375,799.4561767578125,405.5356140136719,742.56005859375,421.5759582519531,803.5419311523438,425.931884765625,766.604736328125,428.58038330078125,787.57275390625,427.6028747558594,750.1192626953125,460.798583984375,791.052490234375,459.31488037109375,750.7720947265625,496.39569091796875,804.134765625,492.95257568359375
770.3604736328125,364.0131530761719,768.9765625,360.96783447265625,771.4056396484375,360.85205078125,765.4556884765625,364.34326171875,780.4470825195312,363.4679260253906,761.1832275390625,384.61065673828125,790.1918334960938,382.2913818359375,750.1581420898438,407.5003356933594,797.854248046875,406.1722717285156,741.32421875,424.11309814453125,801.0534057617188,428.37957763671875,764.7364501953125,428.5892639160156,785.7931518554688,427.299560546875,748.5338134765625,461.0412292480469,786.026611328125,458.8622741699219,747.9541015625,495.89056396484375,796.8322143554688,490.8619384765625
765.734619140625,365.9407653808594,765.02978515625,362.8625793457031,767.1549682617188,362.649658203125,763.044189453125,366.0477294921875,776.8930053710938,365.2420349121094,758.402099609375,385.71014404296875,787.2660522460938,384.84033203125,749.7266845703125,409.79400634765625,794.9832153320312,410.3709716796875,742.401611328125,429.7481384277344,797.2178955078125,434.8070068359375,763.58935546875,430.30340576171875,784.7267456054688,429.7343444824219,745.5336303710938,461.6612854003906,783.3414916992188,461.0625,745.9616088867188,495.74627685546875,793.6920776367188,493.84295654296875
759.5928955078125,368.734130859375,759.4427490234375,365.7380676269531,761.4290771484375,365.34661865234375,759.81005859375,368.95294189453125,772.577392578125,367.7479248046875,756.4848022460938,388.9632873535156,783.9900512695312,387.322021484375,749.293701171875,414.3580627441406,792.5678100585938,412.5586853027344,740.1683959960938,437.2765808105469,794.6207275390625,436.6723327636719,760.80615234375,433.3129577636719,781.4344482421875,432.3658752441406,741.0714111328125,463.2525634765625,781.9274291992188,462.8048095703125,740.6890869140625,495.43267822265625,793.895263671875,494.62017822265625
751.837158203125,373.088134765625,752.3339233398438,370.3492431640625,754.2373046875,369.4884033203125,755.1808471679688,373.7413635253906,768.378173828125,371.2733154296875,754.0960083007812,394.1773681640625,781.0554809570312,390.50640869140625,746.27099609375,419.5118713378906,788.9384765625,416.13006591796875,735.186279296875,438.6471862792969,786.9631958007812,440.57049560546875,758.5359497070312,437.80267333984375,779.2765502929688,435.85101318359375,734.8997192382812,465.6818542480469,778.157958984375,463.5403137207031,733.801513671875,498.694580078125,793.685302734375,494.7216796875
749.4945068359375,374.5541687011719,749.0257568359375,371.74530029296875,751.1007690429688,371.18182373046875,749.7877807617188,375.2148132324219,763.8245239257812,372.8290100097656,749.9373168945312,395.01361083984375,776.476806640625,391.25152587890625,740.9893188476562,418.2129821777344,787.2553100585938,416.7720642089844,728.6144409179688,431.8938903808594,787.2967529296875,439.68804931640625,757.0440063476562,439.7893371582031,777.5880126953125,437.7662658691406,733.0001220703125,465.4534912109375,777.5614013671875,462.6567077636719,731.2703247070312,499.036865234375,795.824462890625,493.826904296875
749.5609741210938,374.5836181640625,749.0818481445312,371.7740478515625,751.1581420898438,371.21246337890625,749.8191528320312,375.2435607910156,763.8543701171875,372.8557434082031,749.9624633789062,395.0372619628906,776.4810791015625,391.266845703125,740.9964599609375,418.2057800292969,787.2583618164062,416.8006896972656,728.645263671875,431.84356689453125,787.377685546875,439.8013610839844,757.0557861328125,439.74163818359375,777.58447265625,437.71563720703125,733.1197509765625,465.49072265625,777.6583251953125,462.6697692871094,731.2560424804688,499.10986328125,795.81494140625,493.8441162109375
745.5224609375,375.3077697753906,745.3617553710938,372.1880798339844,746.9462280273438,371.9845886230469,747.46240234375,375.2308654785156,758.0943603515625,374.0356140136719,747.2177124023438,394.7892761230469,771.6624145507812,392.7808532714844,740.26123046875,420.1903991699219,782.9437866210938,419.5756530761719,727.3406372070312,433.44879150390625,784.365234375,440.13421630859375,755.5746459960938,439.8993225097656,774.957763671875,438.3110656738281,730.0293579101562,463.2304992675781,776.4174194335938,460.8626708984375,730.8499755859375,497.3076171875,796.9632568359375,492.3602294921875
740.228759765625,373.7748718261719,740.3803100585938,371.0533142089844,741.7755126953125,370.5711975097656,742.4176635742188,375.641845703125,753.1182250976562,373.77142333984375,740.8175659179688,396.0751647949219,766.092041015625,393.2735290527344,732.798095703125,418.7436218261719,777.7132568359375,417.8719787597656,722.4401245117188,428.41583251953125,781.3609008789062,437.7635803222656,750.3912353515625,439.1560363769531,770.2388305664062,437.3835144042969,727.7813720703125,464.88824462890625,774.3372192382812,461.96240234375,727.0113525390625,500.37408447265625,793.2433471679688,494.764892578125
735.78466796875,373.9233093261719,736.1897583007812,371.2754211425781,737.2489624023438,370.732421875,738.1884155273438,375.3239440917969,747.3764038085938,373.4233093261719,736.1034545898438,394.2568664550781,759.3816528320312,391.5425720214844,729.2076416015625,415.7254333496094,770.8736572265625,415.0799255371094,721.548828125,426.27313232421875,777.27685546875,436.60791015625,746.0052490234375,436.25115966796875,764.3003540039062,434.6317138671875,723.134033203125,465.2744140625,767.344970703125,462.3351745605469,725.5144653320312,497.6444091796875,787.7188720703125,492.31060791015625
732.015869140625,373.5205383300781,732.05126953125,370.67840576171875,733.1026000976562,370.2908630371094,733.8740234375,373.8190612792969,742.5311279296875,372.1075439453125,733.8546752929688,392.17333984375,754.1829223632812,389.26287841796875,726.70947265625,413.826171875,766.548583984375,413.0538635253906,715.058349609375,426.29364013671875,773.0088500976562,435.1378173828125,741.6435546875,436.11260986328125,757.2363891601562,434.40350341796875,721.8322143554688,467.67889404296875,759.4859619140625,464.61956787109375,725.7626342773438,500.3463134765625,778.4282836914062,494.25177001953125
729.7617797851562,371.86492919921875,729.1586303710938,369.04132080078125,731.031982421875,368.3367614746094,728.8910522460938,371.4842529296875,741.9441528320312,368.8514404296875,728.2195434570312,390.7729187011719,753.3839111328125,386.0771789550781,718.1173706054688,411.0002746582031,765.6996459960938,410.83843994140625,704.7649536132812,418.1126708984375,766.25,433.79296875,737.4116821289062,438.1307678222656,755.2097778320312,435.5246276855469,724.0703735351562,470.04693603515625,754.3449096679688,465.6415710449219,728.6494750976562,505.00628662109375,767.7899780273438,497.0692138671875
729.7188720703125,372.1763916015625,729.1182250976562,369.355712890625,731.0223999023438,368.63653564453125,728.8716430664062,371.7474060058594,741.9758911132812,369.0799255371094,728.1994018554688,390.91766357421875,753.366455078125,386.1590270996094,718.0958862304688,411.1101379394531,765.7371215820312,410.773193359375,704.7073974609375,418.2353515625,766.2892456054688,433.66265869140625,737.3109130859375,438.1766052246094,755.0985717773438,435.54888916015625,724.097412109375,469.9648742675781,754.3494262695312,465.53985595703125,728.567626953125,505.017578125,767.690673828125,497.0704345703125
723.7529907226562,372.271484375,723.6610717773438,369.29547119140625,725.956298828125,368.5705261230469,724.910400390625,372.01171875,739.3736572265625,369.77020263671875,722.5731201171875,391.1783752441406,751.6527709960938,387.2220764160156,709.5540771484375,409.8413391113281,762.2686767578125,406.53839111328125,694.7288208007812,418.21636962890625,757.6264038085938,422.1657409667969,733.1466674804688,437.03057861328125,752.4725341796875,434.8034973144531,721.86767578125,468.7359619140625,746.9996948242188,466.1639404296875,728.31591796875,501.91424560546875,755.4213256835938,497.48272705078125
717.4390258789062,375.5941162109375,717.1336669921875,372.4920349121094,719.219482421875,372.3850402832031,719.2400512695312,373.6289978027344,730.7235107421875,372.8434143066406,719.4876708984375,389.52386474609375,741.11962890625,388.3364562988281,707.725830078125,410.2079162597656,749.444091796875,411.3599548339844,694.8588256835938,418.8240051269531,752.4918212890625,425.5017395019531,725.8878784179688,432.7607727050781,740.1323852539062,431.9299621582031,718.3922119140625,467.0794372558594,736.7738647460938,465.7318115234375,726.29833984375,501.0670166015625,745.3140869140625,496.8875732421875
714.4679565429688,373.6929931640625,714.412109375,370.6057434082031,716.4282836914062,370.3644714355469,716.8837890625,373.1605224609375,728.7857666015625,372.0655822753906,716.708740234375,391.3047790527344,739.302490234375,390.078857421875,704.6785278320312,413.0462646484375,746.4976806640625,414.3795471191406,689.3955078125,425.58770751953125,746.5291748046875,432.06964111328125,721.6416625976562,434.7904968261719,736.4712524414062,433.7772521972656,712.8123779296875,467.9039001464844,730.2638549804688,466.779296875,720.0240478515625,500.6602783203125,737.0499267578125,497.1846923828125
706.6649780273438,376.41363525390625,707.1849975585938,373.3743896484375,709.1412963867188,372.8741455078125,710.4154663085938,375.2096252441406,723.0665893554688,373.83709716796875,710.3023071289062,391.6540832519531,733.8571166992188,391.3848876953125,700.7896118164062,414.98541259765625,744.23193359375,417.66229248046875,688.142822265625,429.28955078125,742.9369506835938,435.0565490722656,718.066650390625,435.0594787597656,733.33056640625,434.4784851074219,705.7891235351562,469.2120361328125,720.7881469726562,469.3939514160156,714.0509033203125,502.17938232421875,727.1176147460938,501.61688232421875
704.5272827148438,382.2423095703125,704.5765380859375,379.1277770996094,706.4022827148438,378.60845947265625,705.634033203125,379.7237243652344,718.3078002929688,378.26873779296875,705.3076171875,394.5513000488281,728.8334350585938,393.88970947265625,698.1640014648438,419.8944091796875,740.7092895507812,420.51739501953125,686.5219116210938,437.24395751953125,737.6340942382812,437.791259765625,715.0733032226562,437.9390869140625,730.3931274414062,437.1894226074219,699.3558349609375,471.76641845703125,713.9916381835938,472.02960205078125,705.8800048828125,506.39288330078125,717.859130859375,506.21612548828125
704.6365966796875,382.3311767578125,704.6614990234375,379.2151184082031,706.5065307617188,378.6966552734375,705.6561279296875,379.75555419921875,718.3760986328125,378.2950439453125,705.2861328125,394.4933776855469,728.919921875,393.7976989746094,698.140625,419.77093505859375,740.7606811523438,420.35565185546875,686.67333984375,436.9901123046875,737.724853515625,437.6329345703125,715.0757446289062,437.8370056152344,730.4735717773438,437.0766296386719,699.3699340820312,471.670166015625,714.1163330078125,471.8876037597656,705.929931640625,506.32281494140625,717.9769287109375,506.0504150390625
705.136962890625,387.3973083496094,703.5487060546875,384.0886535644531,705.8448486328125,383.63848876953125,699.6121215820312,385.1843566894531,714.8758544921875,383.157470703125,698.3163452148438,402.2981262207031,726.1163330078125,399.1550598144531,692.0806884765625,427.27740478515625,738.4658813476562,424.3713684082031,683.161865234375,444.59112548828125,733.1392822265625,445.5874328613281,714.9317016601562,445.8929748535156,733.261962890625,444.10504150390625,692.2415161132812,477.90240478515625,713.0244750976562,476.17486572265625,692.4991455078125,515.75146484375,713.3135986328125,512.0062866210938
695.5006103515625,387.93011474609375,695.6253662109375,385.37542724609375,697.7333984375,384.67364501953125,697.9550170898438,388.75750732421875,711.1663208007812,386.4901428222656,698.6116333007812,406.7765808105469,722.418212890625,403.31097412109375,693.634765625,432.5550842285156,733.6044921875,427.2744445800781,687.0633544921875,453.07958984375,734.9739990234375,448.5875244140625,707.7966918945312,448.9204406738281,724.652587890625,446.8689270019531,688.5853271484375,482.0896301269531,712.76416015625,480.34344482421875,686.4295654296875,519.4566040039062,715.6213989257812,516.64892578125
687.9931030273438,395.3520202636719,688.146484375,393.0676574707031,690.9362182617188,391.9288024902344,691.4521484375,396.66998291015625,705.14794921875,393.1371765136719,693.7575073242188,414.3575134277344,716.413818359375,408.68585205078125,692.6182861328125,441.5032653808594,730.3367309570312,431.822265625,687.0176391601562,464.95550537109375,733.3395385742188,456.0870056152344,705.0301513671875,453.53497314453125,721.2630004882812,450.52703857421875,684.9957275390625,484.4266662597656,710.9498291015625,481.51727294921875,682.6898193359375,519.45703125,715.05810546875,515.3739624023438
682.165771484375,398.52532958984375,682.1303100585938,396.0356750488281,684.71875,395.0845031738281,684.8101196289062,398.8291015625,697.8002319335938,395.74798583984375,686.6795043945312,416.2658386230469,709.6221923828125,410.83831787109375,686.7744140625,443.0882568359375,723.5512084960938,433.3702087402344,685.0374755859375,467.3424072265625,730.3411254882812,457.7015075683594,701.2594604492188,455.8949890136719,718.0243530273438,453.2306213378906,679.5711669921875,487.2833557128906,711.8701171875,484.28515625,676.6005249023438,519.4273071289062,718.5211791992188,514.34326171875
681.2451782226562,401.8426208496094,679.7117309570312,399.09716796875,682.3944091796875,398.0631103515625,678.3565063476562,402.0438232421875,694.7990112304688,397.44940185546875,679.11279296875,421.4288330078125,710.0369873046875,411.6627197265625,677.8199462890625,448.17333984375,726.2630615234375,432.68817138671875,676.9464721679688,469.9466247558594,730.1408081054688,461.9681091308594,699.8834228515625,458.1378479003906,722.0818481445312,453.6761474609375,677.5960693359375,491.4599609375,714.5501708984375,484.6839599609375,668.6481323242188,522.4078979492188,716.121337890625,510.932861328125
676.5923461914062,404.6244201660156,674.3540649414062,402.1954040527344,677.408203125,401.0003967285156,671.306396484375,405.90435791015625,687.95703125,400.45416259765625,672.3156127929688,425.6396179199219,703.214599609375,413.63397216796875,672.6072998046875,452.77850341796875,723.3313598632812,432.84039306640625,672.8156127929688,472.1933898925781,732.3954467773438,461.3946533203125,696.3094482421875,458.07537841796875,718.8800048828125,452.8572082519531,676.5205688476562,494.06390380859375,719.0453491210938,485.4127197265625,662.9087524414062,524.4412231445312,720.5313720703125,510.00439453125
673.9175415039062,408.4873962402344,671.7969360351562,406.2982177734375,674.8683471679688,405.2251892089844,669.0795288085938,410.18548583984375,684.36328125,405.58941650390625,671.3349609375,429.3150634765625,699.7565307617188,417.5816345214844,672.9304809570312,456.0314636230469,721.3425903320312,434.1312255859375,674.994140625,478.097900390625,730.4146728515625,457.03240966796875,690.4635620117188,463.3921203613281,712.0606689453125,457.9002380371094,670.648681640625,493.988525390625,715.7245483398438,485.5635070800781,664.5245971679688,524.753173828125,727.3290405273438,510.81500244140625
674.8778076171875,413.8160400390625,672.749755859375,411.33209228515625,675.7554321289062,410.258056640625,669.3467407226562,414.58245849609375,684.9264526367188,409.810302734375,668.2739868164062,434.7967834472656,699.9483642578125,422.2555847167969,666.3985595703125,464.20867919921875,724.13232421875,436.861328125,664.8244018554688,490.394287109375,737.6521606445312,459.4017639160156,687.42431640625,467.10638427734375,710.8297119140625,461.90423583984375,670.6510009765625,494.2166748046875,717.6752319335938,486.04388427734375,662.1724853515625,528.1428833007812,728.6163940429688,515.4116821289062
674.8883056640625,413.78741455078125,672.752685546875,411.30706787109375,675.7677001953125,410.2276306152344,669.33544921875,414.5814208984375,684.9326171875,409.78839111328125,668.2578735351562,434.8375549316406,699.96435546875,422.2438049316406,666.4082641601562,464.3280029296875,724.1983642578125,436.84893798828125,664.8206787109375,490.5570068359375,737.7496337890625,459.4007873535156,687.4293823242188,467.12591552734375,710.8431396484375,461.90142822265625,670.7036743164062,494.1285400390625,717.669189453125,485.92437744140625,662.2303466796875,528.0344848632812,728.5493774414062,515.267578125
675.0569458007812,414.4931335449219,672.5487060546875,412.02276611328125,676.0350341796875,411.2032775878906,668.7197875976562,414.6318664550781,684.5067138671875,410.9157409667969,670.056396484375,434.06658935546875,701.218505859375,423.0631408691406,668.6708984375,461.57489013671875,725.6636352539062,439.064208984375,668.8756713867188,483.2196350097656,735.1183471679688,457.91064453125,688.62060546875,476.328125,712.497314453125,471.03515625,664.0138549804688,494.296630859375,717.312744140625,486.3248596191406,661.5953979492188,527.723876953125,735.7686157226562,515.0238647460938
674.6156616210938,412.413818359375,672.68115234375,410.14892578125,676.589111328125,409.1365661621094,670.4283447265625,413.4510498046875,687.4093017578125,409.635986328125,670.4266967773438,434.2243347167969,702.929931640625,423.61407470703125,666.7503051757812,462.22650146484375,726.6959228515625,440.0335388183594,665.1724853515625,483.2586975097656,735.725830078125,457.0249328613281,685.1839599609375,480.30181884765625,709.60498046875,475.2474365234375,663.2261962890625,490.7086181640625,715.3958740234375,483.68634033203125,661.0736694335938,527.1803588867188,732.1249389648438,516.5994873046875
687.5818481445312,408.1069641113281,683.3784790039062,405.1090087890625,687.0631103515625,405.18621826171875,673.9105224609375,409.6348876953125,690.5309448242188,407.7929382324219,671.167724609375,432.07513427734375,704.0543212890625,425.1786804199219,667.4962768554688,457.119873046875,728.434814453125,440.57672119140625,666.3802490234375,475.6922302246094,743.9805908203125,454.38250732421875,686.2236938476562,472.53399658203125,710.1829833984375,469.96124267578125,674.200439453125,498.840576171875,718.2783203125,494.3612060546875,659.8011474609375,532.0932006835938,721.14697265625,525.10595703125
687.5196533203125,406.995849609375,684.5340576171875,403.9740905761719,688.100341796875,404.053466796875,678.3059692382812,407.36846923828125,695.3104858398438,406.36932373046875,675.1549072265625,427.9150695800781,707.652099609375,424.2624206542969,671.5308227539062,452.58453369140625,730.11767578125,442.3323974609375,670.3032836914062,471.75396728515625,743.23974609375,454.8409729003906,688.70947265625,472.9005126953125,711.6863403320312,471.8233642578125,678.9944458007812,505.4083251953125,717.109619140625,504.3048095703125,664.2943115234375,535.8514404296875,713.851318359375,534.4874267578125
699.6183471679688,403.0689697265625,695.04541015625,399.4903564453125,698.753662109375,400.1625671386719,683.5159301757812,403.75799560546875,699.347412109375,403.994384765625,679.7075805664062,426.6031799316406,710.7727661132812,424.2472229003906,678.719482421875,451.8655700683594,729.067138671875,443.988525390625,682.2078247070312,472.4054870605469,743.3876342773438,458.414794921875,688.7305297851562,473.86798095703125,710.630615234375,473.26959228515625,683.4525146484375,508.86968994140625,717.044189453125,507.411376953125,671.2313232421875,541.2711791992188,711.5591430664062,539.4617919921875
699.38525390625,403.02362060546875,694.8506469726562,399.4458312988281,698.541015625,400.1133728027344,683.4611206054688,403.7060241699219,699.277099609375,403.931396484375,679.6752319335938,426.54681396484375,710.7577514648438,424.1831970214844,678.723876953125,451.80902099609375,729.0927124023438,443.94158935546875,682.2440795898438,472.3394470214844,743.4301147460938,458.4176025390625,688.7542114257812,473.8818664550781,710.670654296875,473.28387451171875,683.4478149414062,508.8897705078125,717.1209716796875,507.4482421875,671.1253662109375,541.262451171875,711.5594482421875,539.4947509765625
709.08447265625,402.9197692871094,703.4619140625,399.7296142578125,706.5357055664062,400.47906494140625,686.856689453125,404.9535827636719,700.5294799804688,405.09674072265625,680.8052978515625,426.3796691894531,709.3318481445312,424.17236328125,680.2715454101562,450.8349609375,726.45556640625,446.0078125,685.3443603515625,467.52301025390625,737.5973510742188,463.669677734375,687.1781616210938,473.9963684082031,707.3051147460938,473.3465881347656,687.009521484375,511.1015625,717.6229858398438,508.072265625,679.185791015625,545.8732299804688,713.28125,539.5170288085938
711.3435668945312,405.01019287109375,706.1509399414062,402.05029296875,709.29248046875,402.7845458984375,690.4761352539062,406.818359375,704.5965576171875,407.25421142578125,683.9532470703125,426.9095153808594,711.8148193359375,425.9099426269531,684.0830078125,449.8234558105469,725.9927978515625,448.6515808105469,691.3212280273438,462.07415771484375,736.8204345703125,464.97216796875,689.0146484375,474.9339294433594,708.8200073242188,474.8458251953125,690.05419921875,513.9727172851562,720.5023193359375,511.521484375,684.0997924804688,549.5982666015625,717.3248901367188,543.6253662109375
715.8143920898438,407.9947509765625,711.5897827148438,404.1873474121094,713.5202026367188,405.16644287109375,697.1179809570312,407.05853271484375,709.1643676757812,408.65167236328125,688.1173706054688,429.31005859375,714.017578125,429.89337158203125,686.2186279296875,452.14520263671875,724.209716796875,454.9728088378906,695.1674194335938,466.72967529296875,734.65234375,473.0321960449219,689.3343505859375,479.1451416015625,708.50927734375,479.6304016113281,693.7214965820312,514.4402465820312,722.4282836914062,513.338134765625,687.0164184570312,551.467041015625,721.2097778320312,549.5179443359375
720.3369750976562,415.1519470214844,715.1590576171875,411.03448486328125,717.8208618164062,412.153564453125,698.96923828125,414.61431884765625,712.0245971679688,415.90045166015625,692.1082153320312,436.5692138671875,715.71484375,436.8935546875,694.485595703125,460.12237548828125,723.73876953125,461.8407287597656,706.94677734375,474.57958984375,733.392333984375,481.53424072265625,691.5126953125,483.3334045410156,709.5044555664062,484.0812683105469,698.9033203125,519.8613891601562,725.7211303710938,518.5530395507812,688.307373046875,555.94189453125,722.9229125976562,554.4625854492188
720.166015625,421.5708312988281,715.7142333984375,417.517333984375,717.49560546875,418.71435546875,701.3558959960938,420.79229736328125,713.4098510742188,422.3614501953125,694.2871704101562,442.1988830566406,716.1592407226562,442.79278564453125,699.7012939453125,466.94586181640625,720.8417358398438,469.4416198730469,717.380126953125,483.51654052734375,730.6800537109375,488.0958251953125,692.4542236328125,490.5709228515625,710.0999755859375,491.2291259765625,702.5835571289062,524.4461669921875,732.0765380859375,523.2218017578125,686.0699462890625,560.63037109375,724.9780883789062,557.6676635742188
720.16748046875,421.5928039550781,715.711669921875,417.5380554199219,717.5004272460938,418.7336120605469,701.3402099609375,420.7988586425781,713.4131469726562,422.36505126953125,694.25390625,442.1921081542969,716.1697387695312,442.7816467285156,699.6677856445312,466.93115234375,720.8595581054688,469.4163818359375,717.3572998046875,483.5065612792969,730.6895141601562,488.0716552734375,692.4259033203125,490.575927734375,710.1029052734375,491.2325439453125,702.5542602539062,524.443359375,732.0768432617188,523.2168579101562,686.0681762695312,560.6383666992188,725.00732421875,557.6763916015625
724.107666015625,428.4841003417969,719.8762817382812,424.49945068359375,721.8324584960938,425.80950927734375,705.4214477539062,427.2552490234375,715.9366455078125,429.68719482421875,697.765380859375,448.023193359375,715.5140991210938,450.2801513671875,700.8115844726562,474.71185302734375,716.8139038085938,477.54248046875,715.5942993164062,493.54461669921875,727.435791015625,497.7647705078125,695.5464477539062,496.18560791015625,710.319091796875,498.03564453125,705.576904296875,532.6787719726562,733.394287109375,533.3829956054688,687.1981201171875,566.8358154296875,724.7015380859375,568.552734375
728.2872314453125,434.21234130859375,725.1848754882812,430.05364990234375,724.848388671875,431.7203369140625,713.1856079101562,432.8875732421875,716.9539184570312,436.37646484375,706.2525634765625,453.0181579589844,714.9293212890625,458.25927734375,711.7653198242188,475.5755310058594,715.7638549804688,486.35107421875,726.2189331054688,493.07855224609375,725.6786499023438,506.9102783203125,700.1980590820312,500.8536376953125,709.72607421875,503.87799072265625,709.0853881835938,536.173095703125,738.114501953125,538.5885620117188,686.4144287109375,569.44482421875,731.245849609375,573.4544677734375
731.3622436523438,437.63897705078125,728.486572265625,433.4468994140625,728.3114013671875,435.34466552734375,717.1156005859375,436.0818176269531,720.8485717773438,440.444091796875,711.1800537109375,455.14227294921875,715.4719848632812,462.9742126464844,715.90283203125,475.46014404296875,712.52734375,492.68524169921875,730.8131103515625,491.6295166015625,723.10205078125,514.4260864257812,705.4461669921875,504.9395751953125,712.56787109375,509.03265380859375,710.9574584960938,540.0228881835938,740.0794677734375,543.9765625,684.789306640625,572.5786743164062,733.9697875976562,578.7808227539062
734.7381591796875,441.045654296875,732.2540283203125,437.20257568359375,731.3787841796875,439.10296630859375,722.8834228515625,440.6402587890625,723.5564575195312,444.71453857421875,719.2263793945312,458.07403564453125,718.4544677734375,467.4956970214844,725.6643676757812,470.3880920410156,714.2313842773438,496.25836181640625,735.3035888671875,471.7633056640625,725.6301879882812,514.7175903320312,712.8740234375,508.58984375,716.984130859375,513.0300903320312,707.3358154296875,545.0742797851562,739.2144775390625,548.9408569335938,683.7666625976562,580.4756469726562,738.3396606445312,585.25390625
739.403076171875,442.4659118652344,736.5538940429688,438.77947998046875,736.4511108398438,440.8167724609375,726.41845703125,443.27215576171875,729.8451538085938,447.758544921875,723.3333129882812,460.7806701660156,723.8024291992188,471.5081481933594,729.3506469726562,467.7666015625,716.7354736328125,497.5526123046875,739.229248046875,466.82110595703125,725.9810180664062,515.8816528320312,718.9102172851562,512.3350830078125,723.9535522460938,517.1891479492188,709.5844116210938,550.1790161132812,742.1145629882812,554.7030639648438,686.2593994140625,585.305419921875,742.5344848632812,590.830078125
739.3614501953125,442.54388427734375,736.5201416015625,438.85650634765625,736.395751953125,440.880126953125,726.3970336914062,443.3450927734375,729.734130859375,447.78448486328125,723.343505859375,460.8991394042969,723.72021484375,471.4908447265625,729.4039306640625,468.1226806640625,716.713623046875,497.5201416015625,739.2628173828125,467.4542236328125,726.0067749023438,515.8915405273438,718.9606323242188,512.4219360351562,723.946533203125,517.2205810546875,709.5958862304688,550.2224731445312,742.1275024414062,554.6791381835938,686.3236694335938,585.287109375,742.5999755859375,590.7392578125
743.2039794921875,449.3270263671875,741.5609130859375,445.778076171875,739.8012084960938,447.34735107421875,734.5636596679688,450.28802490234375,732.3021240234375,453.3769226074219,732.2109985351562,467.4940185546875,726.8584594726562,475.61224365234375,737.7495727539062,475.26397705078125,720.2301025390625,499.628173828125,744.1881713867188,474.688232421875,729.7283935546875,518.1835327148438,727.0261840820312,518.9612426757812,727.5353393554688,522.5781860351562,716.05029296875,557.8639526367188,743.9586181640625,561.3333740234375,687.7898559570312,590.5660400390625,735.7863159179688,595.0922241210938
749.7274780273438,458.62432861328125,747.536865234375,454.2915954589844,746.4055786132812,456.05828857421875,738.6849975585938,457.61260986328125,738.3687133789062,461.3516845703125,735.647216796875,476.8753662109375,733.397216796875,482.99713134765625,738.6244506835938,497.2049560546875,729.037353515625,507.3804931640625,748.2136840820312,516.2584838867188,739.1151733398438,527.6209106445312,730.40234375,525.732421875,732.5756225585938,529.3014526367188,724.2282104492188,560.73388671875,750.2952880859375,564.61962890625,695.39599609375,591.0578002929688,741.8723754882812,597.6657104492188
754.46826171875,460.4193420410156,752.812744140625,456.05767822265625,750.7180786132812,458.5760498046875,745.9428100585938,457.580078125,743.7548217773438,463.67938232421875,742.6663208007812,476.38299560546875,737.5809936523438,485.82550048828125,746.2205810546875,495.484619140625,734.005126953125,514.3045654296875,763.3065185546875,508.460205078125,748.2132568359375,524.8897705078125,731.8087768554688,529.581787109375,731.8877563476562,534.0001831054688,736.1497192382812,561.9259033203125,756.3653564453125,567.0082397460938,704.7805786132812,594.5895385742188,743.1333618164062,601.5975341796875
758.6337890625,458.4657287597656,756.2164916992188,454.4424743652344,755.2263793945312,456.590576171875,747.59619140625,457.9043884277344,747.9025268554688,462.6053161621094,745.6539306640625,477.4697570800781,741.8758544921875,484.59173583984375,751.5079956054688,496.8206787109375,738.2725219726562,510.15008544921875,768.1095581054688,505.59027099609375,756.2232055664062,519.9163208007812,737.9940185546875,528.7711181640625,738.3435668945312,532.5300903320312,738.0857543945312,563.97314453125,754.5969848632812,567.6581420898438,709.5641479492188,595.3787841796875,740.2459716796875,600.6437377929688
758.9515380859375,447.91497802734375,755.9970092773438,443.9099426269531,755.1408081054688,446.65081787109375,748.666748046875,447.91424560546875,749.2018432617188,454.01544189453125,749.7254638671875,466.1092224121094,746.662841796875,478.84722900390625,763.6776733398438,467.6527099609375,745.7188110351562,504.64178466796875,776.9491577148438,454.00335693359375,761.46533203125,510.32757568359375,741.5977172851562,521.2842407226562,742.3381958007812,526.5952758789062,735.5250244140625,558.5602416992188,753.17578125,563.7071533203125,711.0541381835938,595.1113891601562,741.3886108398438,600.5924682617188
758.9404907226562,447.92388916015625,756.0018920898438,443.9241027832031,755.1129760742188,446.65399169921875,748.7008666992188,447.9461669921875,749.1420288085938,454.01202392578125,749.7857055664062,466.1815185546875,746.6286010742188,478.8175048828125,763.7904052734375,467.7712097167969,745.753662109375,504.47589111328125,777.0632934570312,454.2388916015625,761.4849853515625,510.1337890625,741.617431640625,521.3118896484375,742.298828125,526.5789794921875,735.5074462890625,558.590576171875,753.1510009765625,563.6890258789062,711.018798828125,595.1392822265625,741.3679809570312,600.5782470703125
759.3991088867188,436.75732421875,756.2922973632812,432.75677490234375,755.50830078125,436.3858947753906,749.9210205078125,438.15789794921875,751.94677734375,446.6180419921875,752.7003173828125,454.93914794921875,749.9266357421875,472.81988525390625,767.8546752929688,447.20867919921875,744.4534912109375,496.04034423828125,780.87451171875,429.1477966308594,758.2648315429688,500.158203125,744.427978515625,510.46600341796875,744.5643920898438,517.865234375,736.65087890625,552.0415649414062,750.9202270507812,559.7393798828125,716.1276245117188,591.8694458007812,737.5950317382812,599.263671875
762.4395141601562,429.0805358886719,758.1392211914062,424.5004577636719,758.3184814453125,428.57861328125,749.196044921875,430.3759765625,756.6063232421875,439.63690185546875,752.7846069335938,447.7319030761719,757.0870971679688,465.8420104980469,766.7830200195312,434.3674011230469,755.3289184570312,482.2521667480469,783.4547729492188,418.8255920410156,765.2582397460938,484.3477478027344,748.3506469726562,503.0523681640625,752.9955444335938,510.47772216796875,739.4440307617188,547.39794921875,755.2451171875,555.345703125,716.7406005859375,585.0453491210938,740.9442138671875,593.2352294921875
763.7451171875,425.05963134765625,760.886474609375,421.373291015625,760.7481689453125,424.2653503417969,754.3441162109375,427.8970642089844,759.992431640625,434.71368408203125,756.8685302734375,443.0370788574219,758.1688842773438,459.3282165527344,769.7825317382812,428.44964599609375,757.9314575195312,474.0809326171875,781.4591064453125,402.8242492675781,764.227783203125,466.64697265625,754.9236450195312,498.4288330078125,757.5274658203125,505.25836181640625,748.5089721679688,540.2467041015625,765.684326171875,549.0149536132812,717.3232421875,570.2940673828125,743.9623413085938,581.2193603515625
765.2959594726562,420.90155029296875,763.1239013671875,418.0284729003906,761.6256103515625,420.32958984375,758.6519775390625,426.68035888671875,757.810302734375,431.38861083984375,763.02783203125,441.8351135253906,755.3545532226562,452.7421875,770.8035278320312,422.37384033203125,751.3457641601562,460.2933654785156,778.6643676757812,389.81561279296875,761.2133178710938,457.401123046875,761.32421875,493.9716796875,757.8882446289062,498.19525146484375,753.5667724609375,536.474365234375,771.6948852539062,540.3594360351562,720.060302734375,566.0051879882812,749.2625122070312,568.728759765625
769.15673828125,422.53692626953125,766.2684326171875,419.5006103515625,765.7980346679688,421.87799072265625,760.037841796875,426.8780517578125,760.8285522460938,431.92218017578125,765.6705322265625,439.56280517578125,756.3330688476562,451.849853515625,770.5755004882812,423.02783203125,752.643798828125,459.9095764160156,770.3068237304688,395.9486389160156,758.3530883789062,453.8839111328125,767.1007080078125,491.13946533203125,762.1456298828125,496.30657958984375,760.6553344726562,531.85546875,776.9097900390625,538.0094604492188,722.8423461914062,554.5702514648438,751.131591796875,560.6209716796875
769.1837768554688,422.5226135253906,766.2901000976562,419.4844055175781,765.8306274414062,421.85333251953125,760.0384521484375,426.8886413574219,760.8471069335938,431.9112548828125,765.6974487304688,439.57598876953125,756.3240966796875,451.8585205078125,770.6220703125,422.8627014160156,752.6691284179688,459.7586669921875,770.1674194335938,395.79248046875,758.263671875,453.77777099609375,767.1351318359375,491.1697998046875,762.121337890625,496.33416748046875,760.6217041015625,531.8896484375,776.6854248046875,538.0608520507812,722.858642578125,554.553955078125,750.8221435546875,560.64990234375
774.6638793945312,422.65362548828125,770.7567749023438,418.68695068359375,770.3067626953125,422.01837158203125,764.3644409179688,422.7626647949219,763.8202514648438,429.49737548828125,773.109375,437.39208984375,761.3136596679688,450.4332580566406,773.7745971679688,437.5245666503906,754.8198852539062,474.0439453125,773.4695434570312,418.4898681640625,762.4895629882812,475.5904846191406,778.2330322265625,493.04266357421875,770.5386352539062,498.1259765625,769.284912109375,532.7442626953125,770.1202392578125,538.0794677734375,727.038818359375,554.5671997070312,731.36669921875,558.7167358398438
770.43017578125,421.88848876953125,766.1925659179688,418.2254943847656,766.569091796875,421.1169128417969,760.0185546875,424.0323791503906,766.9984741210938,429.0028076171875,771.3333129882812,443.06060791015625,771.8558959960938,448.8076171875,771.8258056640625,459.56549072265625,769.8031005859375,468.31048583984375,764.8924560546875,447.4255065917969,763.4209594726562,454.97259521484375,776.6278076171875,491.66082763671875,780.0862426757812,494.085205078125,757.065673828125,534.1063232421875,780.4174194335938,536.6403198242188,718.3199462890625,563.7193603515625,761.2160034179688,564.8989868164062
771.1633911132812,421.3235778808594,766.9766235351562,417.6900329589844,768.5172729492188,418.4859924316406,755.1847534179688,424.2324523925781,768.1334228515625,424.4377136230469,754.8892211914062,443.8430480957031,779.3271484375,444.43994140625,768.5652465820312,455.7073059082031,795.9249877929688,454.3457946777344,784.6776733398438,453.108154296875,792.73828125,446.0667724609375,768.2525634765625,490.96539306640625,787.4310913085938,491.93115234375,752.19677734375,533.35888671875,786.7958984375,534.8025512695312,727.3504638671875,569.0830078125,772.688232421875,572.1238403320312
772.217041015625,423.53765869140625,769.439208984375,419.56939697265625,772.193603515625,419.69207763671875,761.6221923828125,423.9967346191406,776.9365844726562,423.1313781738281,757.1704711914062,445.833251953125,792.67431640625,442.3266296386719,759.3428955078125,463.9432067871094,820.6573486328125,439.88446044921875,761.57275390625,474.18878173828125,820.1360473632812,419.5628967285156,770.55126953125,498.26055908203125,794.0106811523438,497.671142578125,762.9212036132812,542.7412719726562,791.86181640625,544.677734375,739.9448852539062,575.3433227539062,769.3319702148438,581.9745483398438
780.0681762695312,426.478271484375,776.2005615234375,422.7554016113281,778.8814697265625,423.1328125,764.9879760742188,429.59002685546875,779.5419311523438,429.038330078125,761.2760620117188,454.57379150390625,791.9595336914062,448.36431884765625,765.3441162109375,475.1788024902344,830.044677734375,432.9786376953125,764.9960327148438,493.79937744140625,839.5983276367188,397.5035095214844,774.6929931640625,506.81585693359375,794.1676635742188,506.53558349609375,770.0104370117188,546.4339599609375,794.8269653320312,549.5042724609375,748.73779296875,578.9197998046875,778.87353515625,588.4297485351562
780.052734375,426.51422119140625,776.1630249023438,422.7816467285156,778.8333740234375,423.16064453125,764.9463500976562,429.6318359375,779.4747314453125,429.04473876953125,761.3278198242188,454.6661071777344,791.9448852539062,448.33349609375,765.4110107421875,475.26123046875,829.9802856445312,432.8883056640625,765.0758056640625,493.87396240234375,839.529052734375,397.5561828613281,774.722900390625,506.848876953125,794.1646118164062,506.50927734375,769.9909057617188,546.4759521484375,794.7789306640625,549.4257202148438,748.6561279296875,579.0149536132812,778.8499755859375,588.306396484375
786.2833251953125,435.89178466796875,781.8340454101562,432.42926025390625,784.3239135742188,432.8763427734375,768.8308715820312,440.3933410644531,783.7664794921875,439.5474548339844,765.2938842773438,463.60284423828125,792.7809448242188,458.6299133300781,767.9177856445312,475.0491027832031,816.5625,451.3451232910156,771.9255981445312,480.97186279296875,819.4761962890625,433.89788818359375,776.274658203125,513.2760009765625,794.8319702148438,512.5394897460938,774.199951171875,553.7079467773438,800.5224609375,553.8599243164062,754.0191040039062,587.564697265625,786.1630249023438,590.9632568359375
784.3529663085938,447.78875732421875,781.1461791992188,444.47882080078125,783.1800537109375,444.3310852050781,771.0726928710938,450.0453186035156,788.1565551757812,448.0303039550781,766.6193237304688,470.60980224609375,798.0834350585938,467.0860900878906,775.1725463867188,487.15496826171875,818.2305908203125,475.5679626464844,783.8178100585938,489.81103515625,807.8665161132812,466.65411376953125,777.1298217773438,520.9285888671875,800.1744995117188,520.361083984375,776.4872436523438,560.3705444335938,808.3721313476562,561.1621704101562,758.566650390625,593.8504028320312,797.7535400390625,597.97119140625
782.2571411132812,454.19390869140625,780.3090209960938,450.5243225097656,782.8275146484375,450.4681396484375,775.46923828125,454.0152893066406,792.797119140625,452.87939453125,772.97998046875,475.7986755371094,803.9603271484375,473.24896240234375,775.3465576171875,505.05316162109375,811.290771484375,498.0040283203125,779.876953125,522.51123046875,803.1463012695312,512.0176391601562,782.8208618164062,525.9942626953125,806.2599487304688,525.4359741210938,776.3775024414062,569.806884765625,814.0961303710938,569.8753051757812,766.0880126953125,609.4937133789062,812.1097412109375,610.7476806640625
783.2619018554688,467.7386474609375,783.176513671875,464.4463195800781,785.5776977539062,463.9834899902344,781.5509643554688,467.2752990722656,799.9806518554688,466.5743408203125,776.587890625,486.3598327636719,808.4882202148438,489.653564453125,775.72265625,509.7332763671875,812.23193359375,514.385009765625,766.6025390625,514.7907104492188,787.2337646484375,514.3079833984375,785.8043212890625,539.2603759765625,810.3035278320312,541.6002197265625,778.6738891601562,581.4933471679688,820.492919921875,587.929931640625,768.5551147460938,617.6885375976562,822.3474731445312,630.228759765625
785.6988525390625,481.5113830566406,786.1950073242188,478.3128662109375,788.5404663085938,477.7141418457031,786.3494262695312,481.2296142578125,803.9757690429688,480.4554138183594,780.2278442382812,500.947509765625,813.1114501953125,503.614501953125,776.7252197265625,526.0416259765625,816.486572265625,527.9667358398438,765.7337646484375,530.7601928710938,792.609130859375,524.1800537109375,786.7421875,553.4035034179688,811.06689453125,555.332763671875,784.0947265625,591.7354736328125,822.2816772460938,597.923828125,778.034423828125,625.0327758789062,822.859619140625,637.2635498046875
785.6143188476562,481.4581298828125,786.1201171875,478.26678466796875,788.4644775390625,477.65252685546875,786.3128662109375,481.21551513671875,803.9500122070312,480.39483642578125,780.2764282226562,500.9947509765625,813.0838623046875,503.56549072265625,776.7838134765625,526.1275634765625,816.2608642578125,527.746826171875,765.56103515625,530.6561889648438,791.9683837890625,523.5582885742188,786.8411865234375,553.4866943359375,811.1328735351562,555.378173828125,784.0784912109375,591.7677001953125,822.2627563476562,597.9351196289062,778.0028076171875,625.1469116210938,822.8623046875,637.3527221679688
792.9956665039062,489.91229248046875,792.2528076171875,486.59783935546875,794.6489868164062,486.6249694824219,790.3388671875,490.43804931640625,807.65625,490.37030029296875,785.6044311523438,511.76177978515625,815.5144653320312,513.0042114257812,774.0719604492188,535.7835693359375,812.8136596679688,538.4931030273438,759.248291015625,539.0645141601562,793.366455078125,541.6678466796875,788.2111206054688,562.5172729492188,810.798828125,563.2846069335938,785.9609375,597.5875244140625,826.6445922851562,600.4522094726562,775.4900512695312,632.3472900390625,826.7778930664062,636.9202880859375
796.3357543945312,493.17730712890625,795.1386108398438,489.67791748046875,797.6387329101562,490.1829833984375,791.9241333007812,492.6409912109375,807.7706909179688,493.94586181640625,785.9166259765625,511.5238037109375,815.3474731445312,516.7957153320312,773.9172973632812,534.61865234375,820.6464233398438,547.3409423828125,757.33837890625,542.775390625,811.521240234375,559.182861328125,787.62939453125,560.765380859375,809.5304565429688,563.341796875,783.783203125,593.2238159179688,826.7894287109375,598.0765380859375,770.46337890625,626.6339111328125,826.6614379882812,633.89599609375
787.25830078125,489.119384765625,787.97607421875,486.20147705078125,790.501953125,485.8268737792969,788.718994140625,488.7998046875,804.2553100585938,489.348876953125,780.9258422851562,506.8636474609375,811.4464111328125,513.9352416992188,772.124755859375,530.0267333984375,815.6978759765625,542.7401733398438,748.6609497070312,544.7767333984375,792.4096069335938,547.376708984375,784.678955078125,560.6617431640625,807.971923828125,563.8648681640625,776.558349609375,592.46533203125,821.3034057617188,601.5336303710938,766.8289794921875,622.77783203125,823.8853149414062,639.1831665039062
784.7479858398438,482.0640563964844,784.3195190429688,478.7003173828125,786.9369506835938,478.67999267578125,781.54638671875,481.9542236328125,799.7071533203125,482.59832763671875,775.4337158203125,501.2352294921875,808.294677734375,507.211181640625,766.835693359375,523.4159545898438,816.638671875,535.4793701171875,746.2300415039062,537.2037353515625,799.5133056640625,545.6466064453125,780.9539184570312,550.3104248046875,805.1245727539062,553.39404296875,768.9095458984375,588.3744506835938,814.7083740234375,595.5242919921875,766.4647216796875,623.7056884765625,826.6940307617188,636.2122192382812
779.7818603515625,475.939208984375,779.1613159179688,472.37432861328125,781.4967041015625,472.63238525390625,776.6882934570312,475.74285888671875,794.5161743164062,476.4158630371094,771.2664794921875,496.0313720703125,804.7522583007812,500.33502197265625,757.8300170898438,519.1598510742188,814.2400512695312,531.529541015625,742.6549072265625,530.7312622070312,806.0157470703125,548.629150390625,777.1558837890625,547.0452270507812,800.9783325195312,548.9913330078125,767.40087890625,583.8598022460938,807.5468139648438,587.763427734375,771.225341796875,619.8056640625,822.7496337890625,626.4218139648438
779.7020263671875,475.92413330078125,779.09228515625,472.3630676269531,781.428466796875,472.6158447265625,776.663818359375,475.76092529296875,794.5065307617188,476.4153747558594,771.2409057617188,496.1259765625,804.7412719726562,500.35089111328125,757.6591796875,519.3436279296875,814.1514892578125,531.5315551757812,742.4735717773438,530.9061889648438,805.9473266601562,548.585693359375,777.11767578125,547.065673828125,800.9243774414062,548.9749755859375,767.678955078125,584.0217895507812,807.6195678710938,587.8759765625,771.40234375,619.877197265625,822.5680541992188,626.4283447265625
774.0008544921875,472.3598937988281,773.4459838867188,469.18865966796875,775.7527465820312,469.1515197753906,771.775634765625,471.8759460449219,788.0578002929688,471.9897155761719,765.4554443359375,492.13323974609375,798.9979858398438,495.33056640625,753.2698364257812,513.455810546875,810.1417846679688,529.0248413085938,738.9312744140625,522.9651489257812,807.00537109375,550.9360961914062,773.0836181640625,544.2334594726562,796.9476928710938,545.2471313476562,765.8905639648438,585.8046875,803.3327026367188,587.9033203125,770.9906616210938,624.5758056640625,816.5,627.9891357421875
771.52685546875,469.955322265625,769.8174438476562,466.358642578125,772.4165649414062,466.3961486816406,765.1582641601562,469.4809265136719,783.6491088867188,468.6224670410156,758.1859741210938,490.2637939453125,796.1136474609375,489.36639404296875,742.983642578125,512.02294921875,806.1642456054688,520.1632080078125,738.700439453125,516.209716796875,809.4132080078125,545.8296508789062,767.8778076171875,537.861328125,793.6258544921875,537.227783203125,764.8532104492188,581.4800415039062,796.6280517578125,578.7423706054688,771.092529296875,621.8985595703125,804.8758544921875,615.429443359375
769.3154296875,468.0606384277344,767.0220336914062,464.3717956542969,769.8729858398438,464.3287353515625,760.0701293945312,467.3074951171875,779.6680297851562,465.996826171875,752.2677612304688,488.177001953125,791.8260498046875,485.5798034667969,736.8735961914062,510.278076171875,802.4363403320312,515.5438232421875,737.4854736328125,511.74639892578125,807.1510009765625,540.0909423828125,763.0602416992188,535.3355712890625,789.1192626953125,533.9430541992188,764.3880615234375,579.0302734375,790.1420288085938,574.5357666015625,773.1842651367188,618.3719482421875,795.494140625,608.9916381835938
768.3118286132812,464.361083984375,765.9715576171875,460.82220458984375,768.9619750976562,460.7016296386719,756.8975830078125,463.5187072753906,776.1827392578125,462.64019775390625,746.5086669921875,484.18994140625,785.6735229492188,482.72796630859375,732.2047119140625,505.486328125,796.6557006835938,513.7313842773438,738.697509765625,507.67523193359375,804.2684936523438,538.49853515625,757.5219116210938,533.9560546875,782.6783447265625,532.9439697265625,764.7537231445312,577.3746337890625,782.1002197265625,573.452880859375,770.3250122070312,614.9888305664062,779.26171875,607.627197265625
760.239013671875,457.99615478515625,759.6636962890625,454.4731140136719,762.0349731445312,454.41961669921875,755.1298828125,457.4388427734375,773.4279174804688,457.65118408203125,744.3132934570312,478.37139892578125,782.7423706054688,479.74102783203125,727.9318237304688,497.39013671875,793.5078735351562,508.24798583984375,733.8621215820312,503.59466552734375,800.881103515625,530.298095703125,753.5751953125,529.201171875,777.6091918945312,529.3338623046875,760.3067016601562,573.6338500976562,773.4468383789062,572.6505737304688,766.3731079101562,611.2177734375,769.579345703125,609.3671264648438
760.4390869140625,458.14794921875,759.756103515625,454.61309814453125,762.17041015625,454.5816650390625,754.9364624023438,457.4915466308594,773.2931518554688,457.7344970703125,744.1756591796875,478.3014831542969,782.5930786132812,479.6900634765625,727.9712524414062,497.41552734375,793.52783203125,508.1995849609375,733.8458862304688,503.734619140625,800.8873901367188,530.1361083984375,753.5613403320312,529.0982666015625,777.594970703125,529.254150390625,760.2854614257812,573.452880859375,773.4519653320312,572.48876953125,766.3123168945312,611.045166015625,769.5465698242188,609.21044921875
759.1663208007812,453.2481689453125,757.0172729492188,449.66571044921875,759.8468017578125,449.85736083984375,749.6111450195312,453.51641845703125,767.9810180664062,453.4239196777344,741.212890625,474.2326354980469,776.224609375,475.0074157714844,726.2703857421875,495.43304443359375,788.0045776367188,501.70013427734375,723.4627685546875,506.8687744140625,795.396728515625,527.4378051757812,751.3798217773438,521.8450927734375,772.33251953125,522.5573120117188,757.3016967773438,565.4636840820312,765.728515625,564.9418334960938,762.4597778320312,605.5888671875,758.939453125,602.3048095703125
753.5941162109375,449.55523681640625,751.9916381835938,446.1367492675781,754.7044067382812,446.36346435546875,746.051025390625,450.02081298828125,763.9052124023438,450.496826171875,736.9631958007812,471.2225036621094,773.1890258789062,473.2276306152344,721.7385864257812,493.0064697265625,785.365966796875,498.8790283203125,715.8309326171875,510.36224365234375,790.5061645507812,522.5606689453125,745.6765747070312,519.0595092773438,767.6074829101562,520.0822143554688,748.4212036132812,558.320556640625,759.6099853515625,559.6566772460938,751.7785034179688,593.6864624023438,750.8408813476562,594.5184326171875
746.4254150390625,447.38555908203125,744.823486328125,444.0299987792969,748.0752563476562,444.0671691894531,740.2100830078125,447.4682922363281,759.01611328125,447.40264892578125,733.0978393554688,468.2315368652344,768.1283569335938,470.29583740234375,718.780029296875,492.20947265625,783.8815307617188,496.58453369140625,709.529052734375,510.87261962890625,787.6720581054688,517.8194580078125,742.5443115234375,518.4708862304688,763.5010375976562,520.2197265625,745.6875610351562,557.987548828125,755.7437133789062,561.1392211914062,746.7673950195312,590.0613403320312,748.0775146484375,593.8143920898438
740.3463134765625,443.1713562011719,739.0068359375,439.8846130371094,742.2446899414062,439.84844970703125,734.8706665039062,442.96844482421875,753.14453125,443.09356689453125,727.8468017578125,463.05828857421875,762.9356079101562,465.9021301269531,715.1505126953125,486.72357177734375,778.8213500976562,490.29010009765625,701.7442016601562,503.03253173828125,777.2100830078125,501.52618408203125,738.6922607421875,513.0145874023438,760.2991333007812,514.8321533203125,734.4013671875,550.3795166015625,751.0537719726562,555.0323486328125,737.3985595703125,585.4827880859375,746.9873657226562,592.745361328125
735.0827026367188,437.6536865234375,734.2249755859375,434.4733581542969,737.2813110351562,434.215087890625,730.9177856445312,437.1197509765625,748.020751953125,437.122802734375,723.591796875,456.619140625,759.6067504882812,460.2972412109375,715.6416015625,481.7799377441406,778.1902465820312,485.7530822753906,697.9218139648438,493.70263671875,771.3688354492188,486.06719970703125,734.16650390625,509.89263916015625,757.5462646484375,511.7381591796875,727.2913818359375,546.0457763671875,754.81298828125,552.0694580078125,728.82763671875,580.5459594726562,750.9159545898438,592.0389404296875
735.0614624023438,437.6633605957031,734.2100830078125,434.4873962402344,737.2686767578125,434.2243347167969,730.9113159179688,437.1300048828125,748.0259399414062,437.1273193359375,723.5763549804688,456.6018371582031,759.6250610351562,460.299560546875,715.6978759765625,481.7449035644531,778.3040161132812,485.70452880859375,697.9386596679688,493.710205078125,771.3806762695312,485.9129638671875,734.1699829101562,509.8953857421875,757.571044921875,511.7529296875,727.2685546875,546.0281372070312,754.7904663085938,552.0985717773438,728.8363647460938,580.5101318359375,750.9140014648438,592.1112670898438
727.8912963867188,431.9828796386719,727.7733764648438,429.1683654785156,730.55859375,428.59075927734375,726.299072265625,432.6558837890625,742.797119140625,432.075439453125,720.3881225585938,452.31658935546875,754.7256469726562,455.18402099609375,714.027099609375,477.2113952636719,776.1943359375,475.23663330078125,692.7011108398438,484.468994140625,765.4328002929688,461.0955505371094,731.2334594726562,504.4578857421875,753.7347412109375,506.2054443359375,720.856201171875,538.6376953125,750.4630737304688,545.704833984375,723.4519653320312,573.0629272460938,751.3260498046875,587.2124633789062
723.0632934570312,425.390625,723.4234008789062,423.1113586425781,725.8273315429688,422.3365478515625,723.2097778320312,428.0329284667969,737.2791137695312,426.96600341796875,718.9931030273438,448.472412109375,747.8719482421875,449.1779479980469,709.1962280273438,472.52606201171875,771.1499633789062,465.7504577636719,685.2020874023438,475.55133056640625,766.8016357421875,444.7621765136719,729.1558837890625,497.73529052734375,747.6619873046875,498.2789306640625,717.4191284179688,532.127197265625,746.9599609375,537.6423950195312,722.2128295898438,565.300048828125,752.2760009765625,577.4187622070312
721.0418701171875,421.1832275390625,720.8653564453125,418.92108154296875,722.6498413085938,418.49652099609375,719.2554931640625,423.90875244140625,731.7474975585938,423.3095703125,713.400390625,446.36962890625,742.86279296875,445.5281066894531,702.106689453125,468.8223571777344,764.74267578125,458.8183898925781,682.7241821289062,472.2270812988281,766.6686401367188,441.376220703125,722.4703369140625,497.1358642578125,740.8715209960938,497.332763671875,717.4022827148438,532.0794677734375,739.5951538085938,535.1383666992188,726.81103515625,565.30322265625,747.1470336914062,571.0114135742188
725.0193481445312,419.0116882324219,723.2587890625,416.5433349609375,724.89599609375,416.49774169921875,716.5360717773438,421.69775390625,729.20654296875,421.2657775878906,710.0130004882812,444.02978515625,739.9034423828125,441.30352783203125,695.0067138671875,462.6756591796875,761.4246215820312,448.0338439941406,673.7071533203125,463.0592041015625,761.4354858398438,427.4444885253906,718.2218627929688,493.99896240234375,736.6288452148438,493.44683837890625,715.2316284179688,529.3282470703125,736.0164794921875,530.3499755859375,725.3074340820312,563.2457275390625,744.0953979492188,564.8935546875
719.4381103515625,415.1543884277344,717.759765625,413.1939392089844,719.8909301757812,413.1048278808594,711.9232177734375,420.01214599609375,725.8225708007812,419.27679443359375,707.5784301757812,443.10772705078125,735.782470703125,437.81829833984375,688.9046020507812,460.15704345703125,756.1433715820312,436.53533935546875,667.1682739257812,459.8949890136719,759.534423828125,409.39794921875,718.032958984375,490.88970947265625,734.9144287109375,488.89056396484375,705.52197265625,522.5374755859375,727.7391967773438,521.8482666015625,717.7218017578125,556.347900390625,739.4721069335938,556.2196044921875
719.5170288085938,415.1217041015625,717.82080078125,413.1624755859375,719.95263671875,413.0796203613281,711.9265747070312,420.01947021484375,725.8154296875,419.2980041503906,707.5765380859375,443.1239013671875,735.7874145507812,437.856201171875,688.9126586914062,460.0648498535156,756.121826171875,436.47088623046875,667.2020263671875,459.82061767578125,759.5301513671875,409.3450622558594,718.1351928710938,490.838623046875,735.025634765625,488.8531494140625,705.5849609375,522.5158081054688,727.9013671875,521.8362426757812,717.6804809570312,556.419189453125,739.5621948242188,556.279541015625
715.3807373046875,412.85321044921875,713.9277954101562,410.8978576660156,716.7120361328125,410.48944091796875,709.2442016601562,417.36688232421875,722.9539184570312,415.89935302734375,707.0040893554688,437.91925048828125,733.0250854492188,431.8642272949219,691.68505859375,456.1551513671875,752.0736083984375,434.7523498535156,673.6929931640625,459.3636169433594,755.6316528320312,414.6461181640625,719.8912353515625,484.448486328125,735.4373168945312,481.2618713378906,700.1751098632812,516.9609375,722.2897338867188,515.2332763671875,712.5033569335938,551.97265625,732.98291015625,552.1137084960938
708.7240600585938,411.0746154785156,707.5248413085938,409.19964599609375,709.8900756835938,408.7100830078125,703.909423828125,414.15093994140625,716.96826171875,412.6610107421875,702.9343872070312,432.900390625,727.5188598632812,426.7403564453125,690.5792236328125,453.601318359375,747.5223999023438,429.7203063964844,671.6275024414062,461.0284118652344,749.657958984375,407.7844543457031,717.2005615234375,479.5520324707031,731.867919921875,476.6415710449219,694.830078125,514.50439453125,715.94091796875,513.5009155273438,709.5723266601562,547.0951538085938,728.7659912109375,546.9490356445312
701.0894775390625,410.90631103515625,700.00439453125,408.662109375,702.2838745117188,407.666748046875,697.7272338867188,413.67242431640625,712.5985107421875,409.7629699707031,698.3927612304688,435.2568664550781,723.5097045898438,424.9675598144531,687.6892700195312,458.27947998046875,739.9691162109375,425.3304748535156,668.9649047851562,459.19781494140625,734.419921875,401.9384765625,716.11181640625,481.109619140625,730.771728515625,476.9867858886719,690.6307983398438,515.5758056640625,702.2471923828125,512.1823120117188,701.0004272460938,552.5528564453125,710.9390869140625,547.2587280273438
702.7339477539062,411.3620910644531,701.4588012695312,409.5061340332031,703.0494995117188,408.95587158203125,698.0892333984375,415.38287353515625,709.7677612304688,412.9022521972656,699.8255004882812,436.275634765625,718.6917724609375,426.39837646484375,684.8779907226562,455.59051513671875,729.3050537109375,425.0736083984375,664.248291015625,461.92706298828125,723.4299926757812,404.2294616699219,712.2010498046875,480.7123718261719,722.5606689453125,475.45025634765625,690.3336181640625,517.181640625,695.973876953125,512.40673828125,697.971923828125,554.8843383789062,696.6900634765625,548.3065795898438
695.644775390625,413.8975830078125,695.6110229492188,411.2237854003906,696.958984375,410.5210876464844,696.5317993164062,414.99505615234375,709.2092895507812,412.2137756347656,699.8607177734375,434.5899658203125,715.8640747070312,429.02105712890625,686.644775390625,457.6777038574219,703.1380004882812,448.66168212890625,662.1796264648438,457.5126647949219,675.4015502929688,451.9242248535156,709.0060424804688,481.1408996582031,719.7555541992188,477.2778015136719,686.1306762695312,517.6895141601562,693.0338134765625,514.1409912109375,693.0349731445312,554.4033203125,694.1590576171875,548.6276245117188
695.6394653320312,413.8966064453125,695.599609375,411.2227783203125,696.9534912109375,410.51995849609375,696.5191040039062,414.9934387207031,709.2078247070312,412.2076721191406,699.8631591796875,434.5964050292969,715.8643798828125,429.0159912109375,686.6520385742188,457.6790771484375,703.159423828125,448.64703369140625,662.1620483398438,457.508056640625,675.4235229492188,451.9080810546875,709.0028076171875,481.132568359375,719.7490844726562,477.263916015625,686.1697998046875,517.6844482421875,693.0458984375,514.1282958984375,692.9830322265625,554.4136352539062,694.0855712890625,548.62744140625
693.1961059570312,416.1846923828125,693.4893188476562,413.434326171875,694.791015625,412.53741455078125,694.5349731445312,417.384521484375,707.5477905273438,414.5582580566406,695.8117065429688,437.06256103515625,713.49853515625,434.06024169921875,685.909912109375,459.1029357910156,706.5418701171875,455.6881103515625,662.0304565429688,458.1965637207031,678.2825317382812,456.0379943847656,703.8589477539062,483.59344482421875,715.5368041992188,481.5080871582031,683.0897827148438,518.1967163085938,690.6473388671875,517.7591552734375,689.228759765625,552.7658081054688,692.6348876953125,551.2254028320312
690.6212158203125,416.11572265625,691.259521484375,413.347412109375,692.7991943359375,412.4887390136719,692.6748657226562,417.20745849609375,706.2928466796875,415.0904235839844,691.825439453125,436.6384582519531,713.946044921875,436.2090148925781,681.5324096679688,459.53900146484375,713.501220703125,462.7478332519531,659.7827758789062,463.2431335449219,692.5366821289062,468.91217041015625,698.41259765625,484.3662414550781,712.731201171875,483.40264892578125,677.58056640625,519.3011474609375,689.8323974609375,520.44140625,690.5918579101562,550.14501953125,697.0564575195312,551.2930908203125
687.8431396484375,415.47369384765625,688.92529296875,412.9501037597656,690.404541015625,411.85809326171875,690.8518676757812,416.7743225097656,703.9727172851562,414.48260498046875,689.80224609375,435.1963806152344,711.5820922851562,435.2735595703125,683.2479248046875,459.2622985839844,711.3131103515625,462.18670654296875,662.5231323242188,466.5811767578125,688.7609252929688,468.6119079589844,696.4721069335938,482.7684020996094,710.9432373046875,482.1710205078125,673.7489624023438,516.6859130859375,688.9822998046875,518.7650756835938,692.8790893554688,544.4345703125,702.3648681640625,547.391845703125
686.0482177734375,414.48699951171875,686.44287109375,412.0729675292969,687.8773803710938,411.33990478515625,687.0084838867188,415.5106506347656,699.4580688476562,413.7798767089844,686.878662109375,432.2032165527344,705.7947387695312,431.9127197265625,680.298095703125,455.4350891113281,702.92333984375,456.0288391113281,659.0475463867188,463.7210693359375,679.2380981445312,462.7292785644531,692.7783203125,476.978515625,706.0822143554688,476.34222412109375,673.701904296875,509.45965576171875,690.9251098632812,511.03753662109375,689.6891479492188,536.6571044921875,705.3619384765625,538.6358032226562
682.527587890625,410.70819091796875,682.98876953125,408.32147216796875,684.4249877929688,407.60284423828125,682.6932373046875,412.0854187011719,696.2810668945312,410.67620849609375,680.4095458984375,428.9844665527344,704.0,430.3284606933594,674.181396484375,452.11260986328125,704.568603515625,455.6164245605469,653.5213623046875,459.051025390625,679.6211547851562,459.36279296875,687.061767578125,474.2664794921875,703.2910766601562,474.46002197265625,667.7003784179688,503.98681640625,687.6095581054688,507.18743896484375,689.0382080078125,526.0511474609375,704.8299560546875,531.1766967773438
682.2168579101562,410.7441711425781,682.7576293945312,408.3664855957031,684.1769409179688,407.62408447265625,682.7811889648438,412.1498718261719,696.233154296875,410.6916198730469,680.6328125,429.0725402832031,704.0337524414062,430.3682556152344,674.4413452148438,452.1808166503906,704.51220703125,455.6304931640625,653.5980224609375,458.9319152832031,679.4762573242188,459.2279968261719,687.10205078125,474.2819519042969,703.2447509765625,474.44097900390625,667.6947021484375,503.93157958984375,687.7904663085938,507.1141357421875,688.7828369140625,525.9856567382812,704.99267578125,531.1231079101562
678.1317138671875,408.48443603515625,678.3190307617188,405.9375305175781,680.2501831054688,405.39080810546875,678.5039672851562,409.3174133300781,691.96533203125,408.2641906738281,675.889892578125,426.6737060546875,702.7891235351562,427.9979248046875,666.338623046875,446.8819274902344,710.9735107421875,455.12371826171875,649.270751953125,455.21221923828125,703.551513671875,468.88507080078125,684.5918579101562,471.4464111328125,702.4574584960938,471.31500244140625,660.7617797851562,500.5511474609375,684.7173461914062,501.84442138671875,679.3087768554688,524.9189453125,701.2828979492188,526.095703125
672.9892578125,405.65411376953125,673.0728149414062,402.9861755371094,675.0372924804688,402.4603271484375,674.2606201171875,405.4214782714844,687.2448120117188,404.05224609375,672.6812133789062,421.9776306152344,699.6773681640625,421.81976318359375,660.77734375,442.1083679199219,709.0648193359375,449.9516296386719,642.421875,451.9641418457031,706.5303344726562,470.5255126953125,680.6326904296875,467.0812683105469,698.5062866210938,466.10693359375,657.0177001953125,497.6119384765625,682.3335571289062,496.9979248046875,674.896728515625,526.0907592773438,699.7384033203125,523.9631958007812
667.2415161132812,402.3162841796875,667.8085327148438,399.52288818359375,669.4766845703125,399.16571044921875,669.691650390625,401.83795166015625,682.1221313476562,401.3180847167969,665.9055786132812,418.6715087890625,695.05517578125,420.92852783203125,652.2188110351562,437.11676025390625,705.58642578125,449.54083251953125,636.5589599609375,447.90753173828125,705.23193359375,471.306396484375,674.4843139648438,463.2158203125,694.747314453125,463.4984130859375,651.6638793945312,493.0850830078125,685.2655029296875,494.22900390625,661.5364990234375,521.8325805664062,701.3232421875,522.921630859375
661.6189575195312,402.35595703125,661.9869995117188,399.3893737792969,663.8597412109375,399.07379150390625,663.3609619140625,401.1170959472656,677.0081787109375,400.63995361328125,659.6637573242188,418.0281982421875,690.373291015625,420.224365234375,647.4174194335938,438.7000732421875,701.9351196289062,449.6440734863281,634.1765747070312,452.80328369140625,701.4053955078125,472.6120910644531,669.8361206054688,462.7181396484375,692.18212890625,463.2225341796875,644.8310546875,492.5438232421875,685.6875,494.0323486328125,649.3632202148438,524.78125,702.5386352539062,526.6279907226562
656.3121337890625,402.38543701171875,656.8470458984375,399.36456298828125,658.7509155273438,398.8785095214844,659.1031494140625,401.1739501953125,673.4891967773438,400.0909423828125,656.5620727539062,418.62115478515625,687.67333984375,419.1035461425781,644.112548828125,441.25347900390625,698.10888671875,448.0695495605469,631.3973999023438,456.37396240234375,695.425048828125,470.7372131347656,665.4078369140625,462.7314453125,689.0884399414062,462.4809265136719,635.9569702148438,493.33941650390625,684.6697998046875,493.7679443359375,636.1973876953125,529.2860717773438,704.0153198242188,529.2855224609375
656.3276977539062,402.4012451171875,656.8568725585938,399.37921142578125,658.7706298828125,398.89666748046875,659.096923828125,401.1800537109375,673.5107421875,400.1112060546875,656.5254516601562,418.6160888671875,687.6781616210938,419.1267395019531,644.08642578125,441.247802734375,698.110107421875,448.0857849121094,631.3703002929688,456.3895263671875,695.40283203125,470.70379638671875,665.292724609375,462.7327880859375,688.9965209960938,462.4987487792969,635.9810180664062,493.32818603515625,684.6719970703125,493.7891845703125,636.1599731445312,529.2666015625,703.9142456054688,529.3224487304688
653.061279296875,404.516845703125,653.045654296875,401.3175048828125,655.30517578125,400.923095703125,654.2064208984375,403.281494140625,670.073486328125,402.1238098144531,652.5477905273438,421.7254638671875,683.1279907226562,421.16253662109375,643.4031372070312,447.50103759765625,691.7520751953125,449.3619689941406,632.31201171875,465.71319580078125,685.2330932617188,470.6844177246094,659.0107421875,464.73345947265625,683.7250366210938,464.3797302246094,629.7092895507812,495.245361328125,686.5140380859375,495.741455078125,620.6121215820312,531.1317138671875,704.3209228515625,531.5949096679688
650.0629272460938,405.86090087890625,649.1959838867188,402.58905029296875,651.4063110351562,402.3799133300781,647.911865234375,405.6859436035156,662.7936401367188,404.50323486328125,647.0941772460938,424.6492919921875,675.4113159179688,423.58056640625,642.9155883789062,452.35955810546875,684.1046752929688,450.970947265625,634.39892578125,472.33453369140625,678.6905517578125,470.84979248046875,657.9915771484375,466.5614013671875,681.80322265625,466.1481628417969,625.9208374023438,498.57232666015625,686.502197265625,499.31475830078125,613.898193359375,531.0558471679688,703.1736450195312,532.6795654296875
645.1309204101562,409.2026062011719,644.3054809570312,405.8058166503906,646.8134155273438,405.54937744140625,642.6981201171875,408.59808349609375,658.5460205078125,407.3869934082031,640.9942016601562,427.419677734375,670.9286499023438,426.8158874511719,636.0487060546875,454.9551086425781,679.8739013671875,454.5769958496094,628.8017578125,476.0534973144531,674.4747314453125,476.6423034667969,652.9034423828125,470.5215148925781,677.8245849609375,470.4081115722656,621.9085083007812,499.39923095703125,683.8079833984375,500.55023193359375,610.5992431640625,529.9552001953125,701.4935913085938,532.5596923828125
637.1076049804688,409.285400390625,636.850830078125,406.047607421875,638.51708984375,405.7266540527344,636.812255859375,408.5677185058594,651.40966796875,407.33636474609375,634.8217163085938,428.7945861816406,663.227783203125,427.3980407714844,629.3980712890625,456.0194396972656,669.5321655273438,455.3653259277344,621.923095703125,481.1929931640625,660.407958984375,478.4830017089844,645.4823608398438,473.1152038574219,670.8858642578125,471.97357177734375,614.3875122070312,504.10443115234375,684.6472778320312,503.75250244140625,596.4592895507812,536.742919921875,705.2293701171875,534.6112060546875
631.5796508789062,408.2213134765625,632.081298828125,405.0596923828125,633.6248779296875,404.6588134765625,633.9221801757812,408.08636474609375,647.5724487304688,407.0689697265625,631.2927856445312,429.48687744140625,657.8184204101562,428.645263671875,623.8162841796875,456.7391662597656,661.09521484375,457.2289733886719,614.7484741210938,482.5858459472656,652.1681518554688,481.71844482421875,636.6768188476562,476.15234375,661.3818359375,475.20062255859375,608.5125732421875,505.90264892578125,680.3256225585938,505.8228759765625,593.0198364257812,538.4039916992188,705.58203125,537.2034912109375
631.5587768554688,408.1832275390625,632.0773315429688,405.03070068359375,633.6067504882812,404.62261962890625,633.9314575195312,408.06390380859375,647.5623779296875,407.0337829589844,631.30712890625,429.4623107910156,657.7752685546875,428.6132507324219,623.8385620117188,456.5931396484375,660.9183349609375,457.0780029296875,614.8483276367188,482.14263916015625,651.8392333984375,481.2763671875,636.7471313476562,476.1783447265625,661.435791015625,475.2198181152344,608.4418334960938,505.89508056640625,680.2757568359375,505.80938720703125,593.0277099609375,538.454345703125,705.6700439453125,537.2410278320312
627.3427124023438,407.9662170410156,628.27392578125,405.0841064453125,630.083740234375,404.47528076171875,630.8463134765625,407.9520568847656,645.3618774414062,406.7908020019531,628.9219360351562,428.8725891113281,654.2664794921875,427.4764709472656,620.197998046875,456.9398498535156,647.4789428710938,451.92431640625,605.927978515625,481.2099914550781,626.8720703125,471.4222106933594,630.66650390625,478.72308349609375,654.5296630859375,478.1941223144531,600.5494384765625,503.7423095703125,669.6948852539062,504.77276611328125,591.3528442382812,535.5082397460938,698.5418701171875,537.1629028320312
624.1832885742188,406.5240478515625,625.054931640625,403.58782958984375,626.8264770507812,402.996826171875,627.2484130859375,406.2926940917969,641.6243286132812,405.2488098144531,625.842529296875,426.4486999511719,650.4581298828125,426.20745849609375,617.8374633789062,453.419677734375,645.6129150390625,451.5223388671875,601.7246704101562,476.54071044921875,624.716552734375,470.720703125,629.7599487304688,475.9240417480469,652.5322265625,475.94793701171875,598.2875366210938,501.45166015625,663.8186645507812,503.45037841796875,592.0573120117188,534.6046142578125,693.1373901367188,537.7896728515625
621.963134765625,403.53173828125,622.8828735351562,400.66802978515625,624.5474243164062,399.75665283203125,624.8624267578125,403.97760009765625,640.0302124023438,401.7079772949219,624.5270385742188,424.554931640625,646.8840942382812,422.709716796875,618.33740234375,450.89398193359375,635.8958129882812,446.5840148925781,600.1919555664062,469.0852966308594,606.727294921875,462.8255615234375,628.9340209960938,471.7276611328125,650.9125366210938,471.0521545410156,597.6275634765625,501.51605224609375,660.30224609375,502.77972412109375,587.6478881835938,536.4000244140625,687.7274780273438,538.9517211914062
622.22021484375,401.34710693359375,622.8411865234375,398.36279296875,624.4354858398438,397.60791015625,624.107666015625,401.15545654296875,639.0386352539062,399.0639953613281,623.7003173828125,421.36541748046875,645.5282592773438,418.79913330078125,614.87158203125,447.2672119140625,632.9312133789062,441.6790771484375,596.889404296875,464.7575378417969,605.1787719726562,459.2771301269531,627.7129516601562,469.1573181152344,648.7168579101562,468.1528015136719,598.7024536132812,501.04071044921875,656.6575927734375,501.32177734375,588.006103515625,536.6160278320312,680.0643310546875,537.1869506835938
624.0486450195312,398.7213439941406,623.3518676757812,395.47772216796875,625.0923461914062,395.15789794921875,621.3631591796875,398.5048828125,637.1863403320312,396.9613342285156,622.0487060546875,419.4024353027344,643.9126586914062,416.6960754394531,612.6022338867188,445.916015625,631.1162109375,439.9286804199219,592.2018432617188,460.5205993652344,601.8368530273438,455.33880615234375,628.2396850585938,467.28271484375,648.4603881835938,466.2786865234375,599.8712158203125,499.60467529296875,652.4664916992188,499.3978271484375,588.7532958984375,536.5464477539062,671.2810668945312,535.4283447265625
624.0178833007812,398.68878173828125,623.3268432617188,395.4487609863281,625.0675659179688,395.1270446777344,621.361328125,398.48992919921875,637.1717529296875,396.9439697265625,622.0597534179688,419.4002685546875,643.9002685546875,416.69873046875,612.6214599609375,445.89801025390625,631.1085815429688,439.9138488769531,592.21044921875,460.52825927734375,601.8616943359375,455.33294677734375,628.2671508789062,467.2938537597656,648.4678344726562,466.292236328125,599.8788452148438,499.62115478515625,652.4469604492188,499.42333984375,588.7156372070312,536.5360107421875,671.1982421875,535.4290161132812
622.9779663085938,396.6747741699219,622.1181640625,393.4520263671875,623.8387451171875,393.10546875,619.71484375,396.8536071777344,635.2166137695312,395.17901611328125,620.09326171875,417.87225341796875,643.107421875,414.68463134765625,610.5608520507812,443.6679992675781,633.6681518554688,435.5683898925781,589.4237060546875,458.41058349609375,606.2025146484375,448.761474609375,627.33740234375,464.9107360839844,647.6317749023438,463.801025390625,600.7774047851562,499.54888916015625,651.7593994140625,499.29437255859375,588.2487182617188,535.8106079101562,666.1939697265625,534.5884399414062
622.8792724609375,394.1170349121094,622.0550537109375,390.92755126953125,623.2537841796875,390.5357666015625,619.3152465820312,395.19781494140625,633.4629516601562,393.2723693847656,619.4712524414062,417.76556396484375,641.5056762695312,413.5558776855469,610.2605590820312,443.7506103515625,631.8931884765625,433.605224609375,589.3882446289062,458.2159118652344,605.3755493164062,447.0674133300781,626.9185791015625,464.54925537109375,646.3776245117188,462.9927673339844,601.0816040039062,500.354248046875,650.7764892578125,499.13909912109375,589.5499267578125,537.6188354492188,665.4840087890625,534.6226806640625
620.1175537109375,397.8586730957031,619.2791748046875,394.6778869628906,621.157470703125,394.189208984375,617.5095825195312,398.14031982421875,633.5123901367188,395.8627014160156,618.847412109375,419.82379150390625,641.40673828125,414.7474365234375,609.5220336914062,446.7596740722656,629.9761352539062,435.26971435546875,588.649169921875,461.6571960449219,602.2545166015625,449.8633728027344,625.861083984375,466.8861999511719,645.7047729492188,464.8858947753906,601.7083129882812,501.7135009765625,650.0296020507812,499.87945556640625,592.3499145507812,539.6541137695312,666.3150024414062,535.72216796875
620.419189453125,399.54864501953125,619.4906616210938,396.5301513671875,621.3814086914062,395.78515625,616.950439453125,400.5337219238281,632.9046020507812,397.50738525390625,617.3858642578125,422.769775390625,641.8380126953125,415.8079833984375,609.156494140625,448.69940185546875,634.3836669921875,432.56982421875,590.312744140625,462.6586608886719,609.71240234375,444.7576599121094,625.9505004882812,469.50860595703125,646.4252319335938,466.7310791015625,602.2724609375,503.34173583984375,648.862548828125,500.2178955078125,597.890625,542.0008544921875,666.6878662109375,536.16552734375
620.2925415039062,400.7029113769531,619.088623046875,397.4648742675781,620.9503173828125,396.804443359375,615.4683837890625,401.4295654296875,632.2669067382812,398.4765930175781,614.4985961914062,424.4747314453125,642.0527954101562,417.69403076171875,605.3436889648438,451.87554931640625,636.379150390625,438.79266357421875,588.4832763671875,464.7862548828125,613.2123413085938,454.7740478515625,621.9193725585938,471.26513671875,644.2008056640625,468.4493408203125,602.050537109375,506.0028076171875,648.4622802734375,502.24951171875,599.765869140625,545.2833862304688,666.4920043945312,538.240234375
620.2575073242188,400.8169250488281,619.0690307617188,397.56793212890625,620.915771484375,396.9129638671875,615.4937744140625,401.45684814453125,632.2391967773438,398.52764892578125,614.5352172851562,424.39569091796875,642.0430297851562,417.6951599121094,605.3499755859375,451.8314208984375,636.4490356445312,438.98468017578125,588.4700927734375,464.78924560546875,613.353759765625,455.11590576171875,621.970458984375,471.173095703125,644.2194213867188,468.3865051269531,601.9954833984375,505.9381103515625,648.4057006835938,502.227783203125,599.7351684570312,545.2464599609375,666.4658813476562,538.2704467773438
620.1697387695312,401.3760070800781,618.774658203125,398.07305908203125,620.673828125,397.83953857421875,615.2244262695312,401.7618713378906,631.0078735351562,399.999755859375,613.5458374023438,424.5650939941406,641.78466796875,420.26593017578125,602.3934936523438,450.9624938964844,648.6043090820312,445.76580810546875,588.4175415039062,461.4068603515625,641.6688232421875,461.9092712402344,618.5217895507812,472.239013671875,640.4586791992188,470.34619140625,601.50537109375,506.7489013671875,647.9686889648438,503.75567626953125,598.28857421875,545.3792724609375,666.5505981445312,539.392822265625
618.980712890625,401.2241516113281,617.6060180664062,397.9598083496094,619.5895385742188,397.75238037109375,614.1796875,401.70001220703125,629.8832397460938,400.04815673828125,612.25390625,424.5506286621094,640.78955078125,420.5255126953125,600.4361572265625,450.62396240234375,649.6746215820312,446.1119384765625,586.7198486328125,460.77618408203125,645.7915649414062,462.03997802734375,617.5448608398438,472.779296875,639.453857421875,471.0008544921875,600.7760009765625,507.5289306640625,647.2481079101562,504.68328857421875,597.47412109375,545.4740600585938,665.7479858398438,539.8386840820312
617.4859008789062,400.186767578125,616.1275024414062,397.0220947265625,618.36083984375,396.83685302734375,613.1586303710938,400.75665283203125,628.887939453125,399.16259765625,611.3866577148438,423.4404296875,639.5927734375,419.0545654296875,598.3994140625,448.8996276855469,650.1572875976562,443.4987487792969,585.2335205078125,459.2899169921875,650.9295654296875,459.4088134765625,616.3594360351562,472.160888671875,637.5857543945312,470.2010498046875,601.5509643554688,507.7061767578125,646.18994140625,504.446533203125,598.6806640625,544.7686767578125,664.2528076171875,538.496826171875
617.65625,400.1932678222656,616.0511474609375,396.91705322265625,618.289794921875,396.8177795410156,612.2177124023438,400.0792541503906,627.8805541992188,398.6690673828125,610.229736328125,422.0343933105469,638.7236328125,417.88226318359375,596.8468017578125,447.3978271484375,649.9320678710938,442.16778564453125,584.6184692382812,458.8753967285156,651.665771484375,458.8119812011719,617.1321411132812,470.48565673828125,638.4581298828125,468.6782531738281,602.8531494140625,507.03350830078125,646.3991088867188,503.8367919921875,598.731201171875,544.5098876953125,662.6554565429688,538.3179321289062
616.8697509765625,398.3556213378906,615.5237426757812,395.1993103027344,617.8084106445312,395.072265625,612.4009399414062,398.67108154296875,626.79541015625,397.7225341796875,608.8154296875,420.2539367675781,637.7738037109375,417.8172912597656,598.1751708984375,445.2781982421875,650.5927734375,441.7781677246094,586.8779296875,460.99591064453125,655.25537109375,457.0279846191406,617.9611206054688,468.10528564453125,639.2037353515625,466.7878112792969,604.0823974609375,504.9764404296875,645.212890625,503.4058837890625,603.3428955078125,543.0145263671875,658.361083984375,539.3655395507812
616.803466796875,398.2187194824219,615.4948120117188,395.07354736328125,617.7640991210938,394.94110107421875,612.454345703125,398.6120910644531,626.81005859375,397.66754150390625,608.8743896484375,420.2705078125,637.8049926757812,417.8904724121094,598.2056884765625,445.2844543457031,650.6444702148438,441.8807067871094,586.7977294921875,461.1053771972656,655.3384399414062,457.18896484375,618.134521484375,468.12811279296875,639.3441162109375,466.8328552246094,603.9986572265625,504.9610595703125,645.0960693359375,503.4454345703125,603.4078369140625,542.9830322265625,658.3710327148438,539.4270629882812
618.6044311523438,398.20855712890625,616.88671875,394.9952697753906,619.2428588867188,394.9144287109375,612.5753173828125,398.369873046875,627.0452880859375,397.455810546875,608.6566772460938,419.7530517578125,638.306640625,417.4232482910156,598.786376953125,445.0655517578125,651.6415405273438,441.6361389160156,588.222900390625,460.8910217285156,656.689697265625,457.5595397949219,619.0354614257812,466.89666748046875,640.3797607421875,465.6961669921875,604.995361328125,504.11328125,643.8829345703125,502.56475830078125,604.2555541992188,543.2054443359375,654.2329711914062,539.380859375
617.9396362304688,398.6140441894531,616.2025756835938,395.3740234375,618.744384765625,395.2586669921875,612.2059326171875,398.77557373046875,627.3890380859375,397.7107238769531,608.5396728515625,420.2292785644531,639.1705932617188,417.7517395019531,599.1278686523438,445.9142150878906,652.08251953125,442.55706787109375,589.3538818359375,461.0387268066406,656.4357299804688,458.91961669921875,619.464599609375,467.056884765625,641.3274536132812,465.80499267578125,605.5939331054688,504.55535888671875,643.3865966796875,502.90576171875,605.03857421875,544.0159912109375,652.230224609375,539.9550170898438
616.306396484375,399.6277770996094,614.993896484375,396.3572998046875,617.5631103515625,396.1177673339844,612.6939697265625,399.4017639160156,627.9768676757812,398.10198974609375,609.5452270507812,420.46429443359375,640.51123046875,417.8633117675781,601.2546997070312,447.924072265625,652.9259643554688,444.20501708984375,592.9619750976562,461.3602600097656,656.3790893554688,459.1128845214844,620.8280029296875,467.4905700683594,642.9894409179688,466.1856689453125,605.8103637695312,505.984619140625,643.982177734375,504.52783203125,604.990478515625,545.81884765625,651.4983520507812,542.33154296875
617.1983642578125,400.4449462890625,616.0344848632812,397.3187255859375,618.001953125,397.0928955078125,614.4357299804688,400.598876953125,629.2083740234375,399.05279541015625,612.9998168945312,422.59942626953125,641.5810546875,418.4337158203125,604.401123046875,448.7530822753906,652.1541748046875,443.73919677734375,597.6119384765625,463.24896240234375,654.7005615234375,462.0457458496094,623.3878784179688,467.9524841308594,644.2274169921875,465.83905029296875,607.808837890625,506.51641845703125,642.780029296875,503.31195068359375,603.5625,547.084716796875,649.5894165039062,540.242431640625
616.9251708984375,400.80877685546875,615.5358276367188,397.6842041015625,617.640869140625,397.48590087890625,613.9592895507812,400.6141357421875,629.0496826171875,398.96319580078125,613.7078857421875,421.9052734375,641.9598999023438,417.4368896484375,607.7410278320312,448.258544921875,653.8600463867188,442.3699035644531,602.398681640625,464.481689453125,656.708740234375,461.3343505859375,625.0875854492188,466.7828369140625,645.8016967773438,464.62017822265625,609.5089111328125,505.7857666015625,644.0034790039062,502.58819580078125,604.4773559570312,546.4776611328125,650.2935791015625,539.773681640625
616.9415893554688,400.86767578125,615.5494384765625,397.73968505859375,617.6557006835938,397.5456237792969,613.9620971679688,400.640380859375,629.0567626953125,399.0049743652344,613.7060546875,421.88232421875,641.96484375,417.44976806640625,607.7520141601562,448.2250061035156,653.876953125,442.39398193359375,602.4340209960938,464.49609375,656.7106323242188,461.3561706542969,625.0706787109375,466.7586669921875,645.8024291992188,464.6136169433594,609.484619140625,505.77899169921875,644.06396484375,502.6116943359375,604.3780517578125,546.4774169921875,650.3469848632812,539.8192138671875
614.5255126953125,399.410400390625,613.2887573242188,396.33782958984375,615.548828125,396.06207275390625,613.1071166992188,399.0100402832031,628.3812866210938,397.040283203125,614.1092529296875,419.7196044921875,641.9207763671875,414.9801940917969,609.6123657226562,445.5847473144531,655.03125,440.6463623046875,605.1793212890625,461.3747253417969,659.350830078125,461.3719482421875,625.91796875,464.81024169921875,646.3712158203125,462.5030517578125,611.600341796875,504.37725830078125,645.3828125,500.94439697265625,605.5730590820312,545.2500610351562,651.0393676757812,538.4263916015625
613.38134765625,397.4791259765625,612.2326049804688,394.454833984375,614.5203247070312,394.14788818359375,612.4200439453125,397.18695068359375,627.409423828125,395.17132568359375,613.8648681640625,417.6164245605469,640.5783081054688,413.2195739746094,609.3792724609375,442.6753845214844,653.9323120117188,439.6733703613281,604.038330078125,457.1153259277344,658.9315795898438,461.1831970214844,626.083740234375,462.9346008300781,645.6339111328125,460.74072265625,612.4500732421875,502.62127685546875,644.7657470703125,499.2645263671875,607.30859375,543.628662109375,650.8208618164062,536.9423217773438
612.4644165039062,396.0234375,611.4735107421875,392.9662170410156,613.4915771484375,392.6328125,611.889404296875,395.3074035644531,626.2667846679688,393.24322509765625,613.4861450195312,415.453125,639.6907348632812,410.9344482421875,608.7821655273438,441.3058776855469,653.1904907226562,437.7880859375,603.3408813476562,456.64410400390625,657.87353515625,459.725341796875,627.0487670898438,461.0063781738281,646.1572875976562,458.7821960449219,613.2932739257812,501.4708251953125,644.4007568359375,498.04339599609375,609.2807006835938,543.2174682617188,650.8585205078125,536.319091796875
612.3582153320312,396.76824951171875,611.1344604492188,393.7195129394531,613.2755737304688,393.32659912109375,610.6404418945312,395.73565673828125,625.5744018554688,393.4216003417969,612.3184814453125,415.28369140625,638.990966796875,410.1719665527344,608.5443115234375,441.5312194824219,652.718505859375,436.7724304199219,604.5576171875,458.08612060546875,657.348388671875,460.2518310546875,628.0880126953125,459.9132385253906,647.467529296875,457.458740234375,612.6868896484375,499.865478515625,643.47021484375,495.9166259765625,610.0056762695312,541.3450927734375,650.6921997070312,533.4093017578125
612.0951538085938,397.3336181640625,610.8844604492188,394.3627014160156,613.009521484375,393.84637451171875,610.2047119140625,396.92578125,625.5171508789062,394.17901611328125,611.638916015625,417.36614990234375,639.1463012695312,411.19818115234375,607.3936767578125,443.73260498046875,652.7156372070312,437.1092224121094,604.0997924804688,460.6349792480469,657.3240356445312,462.0797119140625,628.061767578125,461.3717041015625,647.9657592773438,458.4004211425781,611.5903930664062,499.86553955078125,642.5026245117188,494.9381103515625,610.1051025390625,540.3958740234375,650.9574584960938,530.7669677734375
612.111083984375,397.32647705078125,610.890869140625,394.3522644042969,613.0233154296875,393.8399658203125,610.1780395507812,396.9278564453125,625.50244140625,394.19342041015625,611.573974609375,417.3723449707031,639.1177368164062,411.25970458984375,607.4063720703125,443.691650390625,652.6654663085938,437.2038879394531,604.1705932617188,460.59454345703125,657.2661743164062,462.2267150878906,628.0531005859375,461.3788146972656,647.9732055664062,458.43658447265625,611.6404418945312,499.900390625,642.4990844726562,495.02276611328125,610.1061401367188,540.3926391601562,650.7966918945312,530.8613891601562
613.8009033203125,402.50213623046875,612.6354370117188,399.35772705078125,615.5677490234375,398.4809265136719,611.7523193359375,401.5129699707031,628.1537475585938,397.8226318359375,611.8485107421875,420.24713134765625,642.6089477539062,413.0091247558594,608.1101684570312,448.4820556640625,657.1357421875,438.3855285644531,606.8195190429688,465.93743896484375,660.7222290039062,462.4927062988281,628.2174682617188,462.8542175292969,650.250732421875,459.27423095703125,610.59521484375,499.87445068359375,643.1353149414062,494.6943359375,612.9208374023438,538.963623046875,653.313232421875,531.0313720703125
615.3796997070312,404.1683349609375,613.8150634765625,401.147216796875,616.7845458984375,400.2898864746094,611.8640747070312,404.80023193359375,628.7710571289062,400.78558349609375,611.431884765625,425.7200927734375,643.4205932617188,416.9527893066406,605.1134033203125,453.146240234375,658.1964111328125,441.2251892089844,601.8561401367188,469.0531005859375,662.4774780273438,466.05029296875,626.1475830078125,468.4095458984375,648.7361450195312,464.02569580078125,611.13037109375,504.62646484375,643.6588745117188,497.83343505859375,615.834228515625,544.2599487304688,656.35400390625,533.590576171875
616.5736083984375,408.87725830078125,615.08984375,405.8428955078125,617.9701538085938,405.1918640136719,613.1810302734375,409.4767761230469,629.913818359375,406.11383056640625,613.2566528320312,429.99139404296875,643.4701538085938,422.4259033203125,602.5385131835938,456.02862548828125,657.2282104492188,447.045654296875,594.9034423828125,470.6064453125,660.8359985351562,470.634033203125,627.3590698242188,473.4360656738281,647.9772338867188,469.3931579589844,614.53662109375,509.52783203125,641.235595703125,503.2210693359375,623.1953735351562,546.6222534179688,655.2902221679688,536.1957397460938
616.9336547851562,413.9447326660156,615.6309204101562,411.04962158203125,617.5277099609375,410.578125,613.7060546875,415.29815673828125,628.9537353515625,412.31964111328125,612.9322509765625,437.0942687988281,641.7695922851562,430.43829345703125,597.387451171875,457.4624938964844,654.654296875,454.12994384765625,586.1312866210938,459.4464416503906,661.8709716796875,476.2530822753906,626.8698120117188,481.7364501953125,646.2392578125,478.0849304199219,611.2219848632812,517.1152954101562,638.3383178710938,509.91021728515625,620.7501831054688,553.25732421875,654.9942626953125,539.2146606445312
617.43798828125,420.7586364746094,616.5170288085938,417.9329528808594,618.0684814453125,417.35693359375,615.0586547851562,422.7951354980469,629.2796020507812,419.4349365234375,613.5811767578125,443.5565490722656,643.1998291015625,437.04815673828125,593.2237548828125,458.67059326171875,655.6427612304688,459.5072021484375,580.3451538085938,453.5055236816406,661.4678344726562,480.89459228515625,628.1124877929688,488.50640869140625,647.6993408203125,484.60919189453125,611.3504638671875,522.2635498046875,639.5066528320312,514.3584594726562,619.4765625,556.41015625,654.6405029296875,541.3818969726562
617.4508666992188,420.78912353515625,616.5330200195312,417.9525451660156,618.0797119140625,417.3865661621094,615.0869140625,422.7850646972656,629.281494140625,419.4577941894531,613.6141967773438,443.5022888183594,643.2103881835938,437.0590515136719,593.1813354492188,458.59075927734375,655.649658203125,459.5411071777344,580.2107543945312,453.3918762207031,661.465576171875,480.8231506347656,628.1548461914062,488.4915771484375,647.7108764648438,484.6197204589844,611.3975219726562,522.2846069335938,639.4827270507812,514.423583984375,619.5640869140625,556.4304809570312,654.5996704101562,541.4579467773438
619.858642578125,422.55047607421875,618.68310546875,419.6095275878906,620.4426879882812,419.1353454589844,616.417236328125,424.61444091796875,631.324462890625,421.549560546875,613.80908203125,445.005859375,645.2166137695312,439.6180114746094,589.9639282226562,453.8082580566406,657.1361083984375,461.0959777832031,574.1318359375,442.4216003417969,663.0308837890625,483.9131774902344,628.73486328125,490.60052490234375,649.0493774414062,486.98883056640625,613.9764404296875,524.8624877929688,641.6194458007812,516.8994140625,621.849365234375,556.2762451171875,655.8203735351562,540.6891479492188
621.285888671875,418.3495178222656,620.119384765625,415.7903747558594,622.2417602539062,415.49102783203125,618.1530151367188,420.8739013671875,634.099609375,418.31103515625,616.5598754882812,438.1821594238281,646.0880737304688,434.1714172363281,594.161376953125,444.2322998046875,658.520751953125,452.2508239746094,582.7637939453125,425.7337951660156,662.5739135742188,467.3601379394531,627.2536010742188,484.3105773925781,646.6864624023438,481.5528869628906,614.6749267578125,518.3458862304688,642.6338500976562,511.47900390625,622.7955932617188,553.6171264648438,658.2987060546875,539.6054077148438
622.1856689453125,407.9750061035156,621.4169311523438,405.4936218261719,623.4317626953125,405.45550537109375,620.0968017578125,411.2212219238281,636.1614379882812,410.00982666015625,617.294921875,430.5223083496094,646.3516235351562,430.32257080078125,591.9171142578125,434.9005432128906,656.6996459960938,452.461669921875,579.3213500976562,413.77203369140625,665.3624877929688,470.917236328125,628.4447021484375,479.8681335449219,647.6658325195312,478.9105224609375,616.4240112304688,514.9800415039062,645.79736328125,510.013671875,623.9695434570312,553.3021240234375,662.84521484375,540.2835083007812
626.8319702148438,401.3713073730469,625.4007568359375,398.82958984375,627.45556640625,398.6831359863281,621.2974243164062,404.3276062011719,637.7167358398438,402.7458801269531,616.6100463867188,423.1680908203125,646.787353515625,422.888427734375,593.6068725585938,426.0427551269531,656.8989868164062,444.74847412109375,582.3623046875,403.2602844238281,662.2953491210938,462.7434387207031,628.2205200195312,470.90948486328125,648.4119262695312,470.06573486328125,622.3518676757812,507.870361328125,651.1098022460938,503.09649658203125,624.5849609375,548.3375854492188,662.3519287109375,535.6835327148438
627.7572631835938,396.17364501953125,626.5672607421875,393.48614501953125,628.5492553710938,393.3721008300781,622.840087890625,398.91217041015625,639.5052490234375,397.6605224609375,618.4212036132812,418.0124816894531,648.5977783203125,417.620361328125,595.8153076171875,421.93328857421875,655.9557495117188,437.4170227050781,586.400390625,400.3399963378906,657.2254028320312,449.43011474609375,630.7537231445312,466.59771728515625,650.3510131835938,465.7548828125,624.896728515625,503.63616943359375,648.0811767578125,499.532958984375,634.1676025390625,541.6708374023438,660.2018432617188,530.4299926757812
627.7274169921875,396.408447265625,626.5333862304688,393.716796875,628.5357666015625,393.6024169921875,622.84912109375,399.0746765136719,639.50830078125,397.81768798828125,618.4899291992188,418.0549011230469,648.6189575195312,417.63775634765625,595.9222412109375,421.99261474609375,656.0042114257812,437.4054260253906,586.419677734375,400.45733642578125,657.33056640625,449.427978515625,630.7879028320312,466.6358947753906,650.3564453125,465.7791442871094,624.8502197265625,503.64300537109375,648.1040649414062,499.52423095703125,634.1639404296875,541.6548461914062,660.3171997070312,530.3980712890625
626.8933715820312,390.494384765625,626.6674194335938,387.87017822265625,627.8829345703125,387.6275634765625,625.7616577148438,392.9680480957031,640.6962890625,391.53973388671875,623.8313598632812,411.9010314941406,649.652587890625,409.3365173339844,601.369140625,418.02197265625,649.2338256835938,423.2617492675781,590.5543212890625,399.62481689453125,639.5377807617188,424.8831481933594,635.6404418945312,462.8141174316406,652.4339599609375,460.9008483886719,624.6393432617188,500.14166259765625,642.998291015625,495.97088623046875,642.8086547851562,534.8978271484375,660.9197998046875,524.6417846679688
629.4090576171875,388.53204345703125,630.1634521484375,385.76483154296875,630.6620483398438,385.2710266113281,629.0943603515625,389.98828125,642.6283569335938,388.75299072265625,624.729736328125,408.62969970703125,651.4506225585938,407.37481689453125,604.6747436523438,418.0439147949219,650.0684814453125,422.1064147949219,593.2262573242188,400.4024658203125,635.3394775390625,416.4665832519531,638.1908569335938,460.55560302734375,655.54638671875,459.4051513671875,625.1512451171875,496.77783203125,641.138427734375,494.90032958984375,648.6671142578125,526.8025512695312,661.7522583007812,522.285400390625
629.087890625,384.83929443359375,629.175537109375,382.6453857421875,631.0177001953125,382.3082275390625,629.1930541992188,387.6871337890625,645.5474853515625,386.2720642089844,629.5201416015625,405.477783203125,652.31103515625,401.8135070800781,610.1552734375,418.5065612792969,637.5776977539062,413.2486572265625,594.3233642578125,400.227294921875,610.981201171875,402.0630798339844,638.700439453125,457.0188293457031,653.64404296875,454.56842041015625,625.3587036132812,494.27166748046875,638.64892578125,491.28192138671875,652.4918212890625,523.6351318359375,657.6738891601562,517.6788940429688
629.8200073242188,384.0773010253906,629.8890380859375,381.90399169921875,631.51806640625,381.5061950683594,629.9968872070312,386.7828674316406,645.0397338867188,385.1414794921875,631.02783203125,404.552978515625,651.3004150390625,400.0010070800781,612.3557739257812,417.71356201171875,638.8834228515625,410.0514831542969,595.7257690429688,400.7452392578125,615.1221923828125,398.41790771484375,640.8963012695312,455.45892333984375,653.7399291992188,452.7515869140625,632.0394897460938,494.88641357421875,641.4068603515625,491.418212890625,658.6942749023438,526.6451416015625,659.0944213867188,519.97802734375
632.622314453125,382.6627502441406,632.5573120117188,380.4191589355469,634.0078125,380.048828125,631.4988403320312,385.33648681640625,645.5313110351562,383.80401611328125,631.91015625,402.8786926269531,649.0814208984375,399.0774841308594,614.45947265625,416.021484375,634.0591430664062,410.5697021484375,599.111083984375,399.6856689453125,610.608642578125,401.7138366699219,642.1420288085938,453.76751708984375,652.5875854492188,451.58416748046875,638.580322265625,494.171630859375,641.8839721679688,491.135498046875,664.5340576171875,527.8477783203125,656.196044921875,521.63623046875
632.87255859375,382.62652587890625,632.7324829101562,380.37603759765625,634.2053833007812,380.015869140625,631.42041015625,385.3097839355469,645.53955078125,383.7853088378906,631.7575073242188,402.8872985839844,649.06591796875,399.0597229003906,614.3394775390625,416.00811767578125,634.092529296875,410.4924011230469,599.0615844726562,399.6149597167969,610.6390380859375,401.5853576660156,642.068603515625,453.7758483886719,652.6175537109375,451.5915832519531,638.5938110351562,494.2401123046875,642.0704956054688,491.166748046875,664.4521484375,528.06689453125,656.3634033203125,521.7657470703125
632.23974609375,374.8634948730469,632.5947265625,372.8739929199219,633.7620849609375,372.0799560546875,632.909912109375,380.0243225097656,646.7007446289062,377.16986083984375,633.6265869140625,403.0751037597656,650.3311767578125,395.89788818359375,614.7236938476562,417.0419921875,638.51025390625,405.2386779785156,597.5115356445312,397.1883850097656,618.359130859375,393.3466491699219,641.173583984375,453.8343811035156,650.6947631835938,450.1051025390625,644.4262084960938,493.4644775390625,643.4138793945312,488.0263671875,666.2813720703125,528.2481689453125,652.5738525390625,518.3153076171875
633.454345703125,372.6060791015625,633.5468139648438,370.64306640625,634.796875,370.0594482421875,632.832275390625,377.4305419921875,646.9754638671875,375.3621826171875,633.0241088867188,399.3161315917969,650.5618286132812,394.3494873046875,615.6142578125,413.7101745605469,641.5271606445312,405.67242431640625,598.7472534179688,397.2281494140625,622.3280639648438,394.0104675292969,640.2183837890625,449.9531555175781,650.187744140625,447.3888854980469,645.1978759765625,490.4112548828125,643.7217407226562,486.96087646484375,666.7337646484375,527.2999877929688,652.1019897460938,520.3729858398438
630.5425415039062,359.7622985839844,632.2103271484375,358.4017333984375,631.9103393554688,357.07403564453125,635.3829345703125,368.4365539550781,644.2066650390625,364.2701721191406,637.3290405273438,395.22222900390625,646.3857421875,385.5522766113281,619.2991943359375,412.64190673828125,639.7733154296875,394.30413818359375,598.73779296875,396.31793212890625,625.1890258789062,381.73614501953125,643.2282104492188,445.4206237792969,647.6531982421875,440.6404724121094,644.3428955078125,488.4287109375,642.854248046875,481.846435546875,663.6057739257812,527.7448120117188,655.242919921875,516.7640991210938
632.7711791992188,360.61981201171875,632.3931274414062,359.1516418457031,633.2293701171875,357.86199951171875,631.6257934570312,368.0058288574219,642.8316040039062,362.6948547363281,636.1425170898438,393.8481750488281,645.2354736328125,378.7536926269531,620.0587158203125,411.5797119140625,646.7008056640625,377.8233947753906,596.2211303710938,400.14453125,635.033203125,361.2318420410156,642.9271240234375,440.8479919433594,647.1161499023438,433.857421875,645.4871215820312,485.58416748046875,643.1754150390625,475.49871826171875,657.4225463867188,527.6016235351562,653.0875244140625,511.35986328125
638.3660278320312,355.7698974609375,636.5125122070312,353.6302185058594,637.1493530273438,353.3777160644531,630.6058349609375,362.61029052734375,640.058349609375,360.0941162109375,634.2886352539062,388.0503845214844,642.289794921875,377.32684326171875,621.9016723632812,401.1162109375,651.85693359375,369.9691162109375,602.7728881835938,400.76043701171875,649.6710205078125,350.5135498046875,642.740966796875,435.6028747558594,646.173583984375,431.2010192871094,643.236572265625,479.8652038574219,643.7820434570312,473.7830810546875,651.4747924804688,522.1168212890625,653.922607421875,512.645751953125
638.4662475585938,355.7889404296875,636.5617065429688,353.654541015625,637.2388305664062,353.39715576171875,630.5314331054688,362.6318664550781,640.0908203125,360.08453369140625,634.21142578125,388.08648681640625,642.3709716796875,377.2833557128906,621.9207153320312,401.25677490234375,651.8876342773438,370.0208740234375,602.9376220703125,400.8619384765625,649.7091064453125,350.69384765625,642.7387084960938,435.6075744628906,646.276123046875,431.167236328125,643.3001098632812,479.8874206542969,643.8090209960938,473.7106018066406,651.6610107421875,522.1797485351562,653.8934326171875,512.5225219726562
631.8448486328125,363.2740478515625,631.1918334960938,361.1117858886719,632.0146484375,360.13763427734375,630.2348022460938,366.8133850097656,642.0805053710938,362.5115051269531,637.2833862304688,388.45916748046875,644.5639038085938,377.5841369628906,629.9872436523438,410.2580261230469,643.3518676757812,389.3879699707031,608.5966796875,411.74200439453125,625.6249389648438,388.5679016113281,643.3866577148438,434.57427978515625,647.7808227539062,429.2622375488281,642.1881103515625,476.4254150390625,640.0533447265625,469.3206787109375,654.3104248046875,514.88134765625,653.2630004882812,503.09246826171875
636.5707397460938,359.55108642578125,635.1773071289062,357.1409606933594,635.725830078125,356.6573791503906,630.6753540039062,363.93115234375,641.6627807617188,361.094482421875,635.691162109375,386.11492919921875,644.7941284179688,378.264892578125,629.979736328125,406.41387939453125,646.107421875,390.72601318359375,611.853759765625,409.85955810546875,631.5943603515625,390.6720275878906,643.5242919921875,433.3423156738281,648.787353515625,429.4997863769531,639.164794921875,475.7662353515625,638.5446166992188,470.5812683105469,655.0955200195312,513.8161010742188,652.265380859375,504.81719970703125
629.534912109375,363.859130859375,628.9227294921875,362.05072021484375,629.486328125,360.8609619140625,628.1795043945312,368.99755859375,638.7398681640625,363.7607116699219,634.5286254882812,393.103271484375,644.3576049804688,377.2891845703125,628.7095336914062,415.7440490722656,650.083740234375,380.51861572265625,615.9303588867188,421.83135986328125,644.3756713867188,376.8171691894531,643.285400390625,437.0985412597656,648.4591064453125,429.49493408203125,637.8492431640625,478.04620361328125,634.4158935546875,467.2066650390625,655.382568359375,513.9930419921875,648.887451171875,496.9088134765625
628.0219116210938,366.1563720703125,628.2576293945312,363.8675537109375,628.04150390625,363.20751953125,629.1543579101562,369.8685302734375,636.9403686523438,366.9603271484375,634.5453491210938,391.450927734375,643.5701293945312,382.1039733886719,630.1748046875,411.4393005371094,648.9599609375,390.17620849609375,621.0126342773438,418.1667175292969,643.111328125,389.3115539550781,642.9281616210938,437.35345458984375,648.0985717773438,432.68408203125,633.357666015625,476.4958190917969,635.1524658203125,470.21807861328125,653.521484375,509.30322265625,652.4971313476562,499.34375
634.127197265625,366.03912353515625,632.2892456054688,363.52545166015625,632.6783447265625,363.3919982910156,626.6593627929688,371.1267395019531,635.5545043945312,369.09649658203125,632.2301635742188,394.3343200683594,641.450439453125,385.0281677246094,629.887451171875,413.3577880859375,649.8538208007812,389.7933349609375,622.49462890625,423.67486572265625,648.8314819335938,387.4361572265625,644.41796875,439.5503234863281,649.6621704101562,435.0729675292969,630.6858520507812,478.639892578125,634.1571044921875,472.0369873046875,652.0056762695312,510.60711669921875,654.8115234375,499.82501220703125
634.28125,365.7822265625,632.4345703125,363.2574462890625,632.8027954101562,363.1378479003906,626.7306518554688,370.9157409667969,635.5796508789062,368.9282531738281,632.26611328125,394.2177734375,641.4203491210938,385.04638671875,629.9772338867188,413.2705078125,649.7388916015625,390.0693054199219,622.6014404296875,423.72723388671875,648.6616821289062,388.04296875,644.4120483398438,439.55267333984375,649.6312255859375,435.13604736328125,630.65673828125,478.66070556640625,634.1845092773438,472.13507080078125,652.0105590820312,510.580810546875,654.9190063476562,499.91015625
637.6513061523438,365.6387023925781,634.3599853515625,362.8082275390625,635.246337890625,362.993896484375,624.03759765625,370.36480712890625,633.289306640625,368.8853454589844,629.1282958984375,393.2979431152344,638.5037841796875,385.37750244140625,628.92578125,412.8029479980469,646.4994506835938,393.4123229980469,624.1393432617188,422.93121337890625,646.6994018554688,393.9354553222656,642.7587890625,439.15673828125,648.3411865234375,435.34210205078125,628.5335083007812,478.67840576171875,632.041259765625,472.21630859375,651.5508422851562,508.82861328125,653.944580078125,498.202392578125
633.751953125,362.20513916015625,631.865234375,359.6986389160156,632.2186889648438,359.41650390625,624.4955444335938,367.42169189453125,635.28125,365.2103271484375,629.1392211914062,391.1902160644531,637.8847045898438,384.7472839355469,630.0806274414062,413.0827331542969,645.0939331054688,399.61077880859375,625.6596069335938,430.10736083984375,641.1978759765625,412.6243896484375,643.1287841796875,437.63909912109375,648.609619140625,434.8258056640625,627.8045654296875,476.5241394042969,629.9171142578125,472.0350341796875,652.2120971679688,505.22467041015625,655.719970703125,496.43408203125
623.45556640625,367.19097900390625,623.4345703125,364.3080139160156,624.581298828125,363.81085205078125,623.142578125,366.73443603515625,634.6661987304688,365.04864501953125,627.2307739257812,382.97210693359375,641.3485717773438,381.4804382324219,630.1777954101562,408.9146728515625,644.5447387695312,407.4600830078125,622.302978515625,425.3758544921875,633.4369506835938,421.9423522949219,640.3887329101562,432.0978698730469,649.8087768554688,431.1595764160156,625.74072265625,469.6678466796875,632.159423828125,469.48907470703125,653.2762451171875,498.67144775390625,653.773193359375,497.89019775390625
618.9434814453125,365.140380859375,619.1344604492188,362.036865234375,620.4443359375,361.5568542480469,620.30810546875,363.8540344238281,632.16015625,362.16973876953125,625.975341796875,379.3804626464844,638.9511108398438,378.11114501953125,628.2979125976562,405.7547607421875,640.09326171875,404.710693359375,617.0369873046875,422.1282043457031,625.2525634765625,418.8963623046875,640.0177612304688,429.0992736816406,648.810546875,428.20123291015625,624.9249877929688,467.3951110839844,631.1415405273438,467.5875244140625,651.5444946289062,497.98284912109375,653.233642578125,497.95458984375
617.6890258789062,363.5338439941406,617.882568359375,360.59185791015625,618.8954467773438,359.9613952636719,619.1636962890625,363.03436279296875,630.0323486328125,360.9895935058594,622.7930297851562,379.2869567871094,637.6746215820312,377.6424255371094,624.4484252929688,404.3451843261719,642.185302734375,403.02984619140625,612.0882568359375,420.2725830078125,628.85986328125,417.58447265625,636.6787719726562,425.4754943847656,646.69091796875,424.78204345703125,625.2737426757812,462.744140625,634.2568969726562,462.9730224609375,647.1216430664062,494.544677734375,652.8269653320312,493.7200927734375
617.7156372070312,363.5157165527344,617.9028930664062,360.5792236328125,618.923095703125,359.94561767578125,619.1625366210938,363.0462646484375,630.0587158203125,360.99066162109375,622.761962890625,379.3470153808594,637.7036743164062,377.6510009765625,624.345703125,404.4024658203125,642.1832885742188,402.96429443359375,612.0073852539062,420.3482360839844,628.8985595703125,417.5288391113281,636.6702880859375,425.5068054199219,646.7197265625,424.7926330566406,625.3314819335938,462.8018493652344,634.3533935546875,462.99334716796875,647.152099609375,494.62896728515625,652.8876342773438,493.74072265625
616.6837158203125,360.5480651855469,616.8314819335938,357.7247619628906,617.9291381835938,357.155517578125,617.7269897460938,360.599365234375,629.1099853515625,359.0238342285156,620.9865112304688,379.0305480957031,637.8360595703125,377.154296875,619.9224853515625,402.6130676269531,643.244873046875,399.418212890625,605.5303344726562,419.92181396484375,628.0106811523438,414.32501220703125,636.1925659179688,423.261474609375,647.130859375,422.3525085449219,621.926513671875,461.44195556640625,630.872802734375,461.4962463378906,643.06201171875,493.73712158203125,648.4736938476562,493.26904296875
615.8719482421875,362.5502624511719,615.8622436523438,359.7440185546875,617.2015991210938,359.16375732421875,616.3593139648438,361.7646484375,627.8670043945312,360.05596923828125,618.591064453125,378.6055908203125,637.541015625,376.23870849609375,616.3230590820312,401.8948059082031,646.30419921875,392.9881286621094,601.180419921875,419.3815002441406,634.5733642578125,397.73809814453125,635.47412109375,424.05145263671875,647.4507446289062,423.3858337402344,621.6051025390625,460.54840087890625,631.1204223632812,461.79010009765625,639.7822265625,492.6595458984375,643.7205200195312,494.30572509765625
615.2499389648438,364.6665954589844,615.0115356445312,361.7800598144531,616.2945556640625,361.14794921875,615.458251953125,363.45361328125,627.1680908203125,361.2412414550781,617.92333984375,380.368408203125,638.0076904296875,376.40179443359375,614.8910522460938,403.86444091796875,646.0139770507812,393.1673278808594,600.152587890625,420.4049072265625,633.993896484375,399.96282958984375,634.986572265625,424.37298583984375,648.036376953125,422.8834228515625,621.3978271484375,461.51348876953125,633.17626953125,461.09576416015625,634.9302978515625,497.28887939453125,642.7642211914062,495.675048828125
614.0894165039062,365.7505798339844,613.3959350585938,362.8182067871094,614.7548828125,362.22637939453125,613.7581787109375,364.5987548828125,625.880615234375,361.9244384765625,617.652587890625,382.1885681152344,637.664794921875,376.1896057128906,614.1583251953125,405.958251953125,645.1519165039062,394.1325378417969,600.7754516601562,420.8368835449219,635.4500732421875,405.2431335449219,633.057861328125,425.4296875,646.6168212890625,422.75238037109375,619.7853393554688,462.0076904296875,634.2547607421875,458.86029052734375,628.0648803710938,499.33660888671875,642.3131713867188,492.261962890625
612.6189575195312,370.1571044921875,613.04248046875,367.17425537109375,614.21142578125,366.44384765625,616.2891235351562,369.29949951171875,626.8447875976562,366.7975769042969,619.038818359375,385.82763671875,637.1353759765625,381.6630859375,613.0337524414062,408.80902099609375,641.3103637695312,402.6017761230469,600.0733642578125,422.8974914550781,632.1774291992188,416.4564208984375,631.6616821289062,428.7620544433594,644.1651611328125,426.507568359375,619.032958984375,465.0696716308594,635.365966796875,462.70855712890625,624.6366577148438,502.48956298828125,642.7579345703125,497.20562744140625
612.5354614257812,370.05767822265625,612.9500732421875,367.0702209472656,614.1159057617188,366.3348083496094,616.2152099609375,369.1879577636719,626.7689819335938,366.6531677246094,619.0193481445312,385.769287109375,637.1654052734375,381.5063171386719,613.0457153320312,408.80303955078125,641.4505615234375,402.4286804199219,600.0692138671875,422.89697265625,632.3683471679688,416.3458557128906,631.7261962890625,428.696044921875,644.2652587890625,426.39373779296875,619.0363159179688,465.0173645019531,635.4461059570312,462.5752258300781,624.604248046875,502.43365478515625,642.8431396484375,497.01422119140625
612.0859375,374.84088134765625,612.5101928710938,371.9805908203125,614.0609130859375,371.1629943847656,616.27392578125,373.6988220214844,627.4315795898438,371.0344543457031,619.79150390625,389.0674133300781,637.0897216796875,384.94146728515625,614.587158203125,411.4931335449219,640.1762084960938,405.87591552734375,601.0353393554688,426.6162109375,629.7374267578125,420.8034362792969,630.2448120117188,430.82275390625,642.8115234375,428.5128173828125,617.5211181640625,465.6590881347656,636.158447265625,463.38360595703125,620.595458984375,501.95831298828125,644.3758544921875,496.87188720703125
618.47607421875,372.9126892089844,618.86669921875,370.2277526855469,620.021240234375,369.46722412109375,620.672607421875,372.9827880859375,630.724609375,370.6671447753906,622.1403198242188,389.407470703125,637.0675048828125,385.1648864746094,615.6865234375,409.8104553222656,639.5725708007812,402.58074951171875,604.668212890625,423.0615539550781,632.3214721679688,414.65032958984375,629.5117797851562,431.5577392578125,640.150390625,429.2722473144531,618.0595703125,464.8906555175781,634.2481079101562,462.3973083496094,621.9879150390625,500.8717041015625,642.1080322265625,495.65576171875
624.83740234375,369.3501892089844,624.5919799804688,366.73040771484375,625.7626953125,365.8656311035156,622.7127685546875,370.2265319824219,634.2188110351562,367.5101318359375,620.4500732421875,390.03076171875,642.23291015625,383.6172790527344,610.6582641601562,411.83941650390625,647.503662109375,398.96405029296875,600.0148315429688,420.9967346191406,640.7782592773438,409.05029296875,629.4649658203125,432.7146911621094,644.0859375,429.552001953125,612.7866821289062,466.3290100097656,630.908203125,462.089599609375,622.6142578125,500.85980224609375,641.0659790039062,493.2994384765625
626.3030395507812,365.9063720703125,625.6508178710938,363.0163269042969,626.8298950195312,362.36932373046875,621.4913330078125,365.992919921875,633.39794921875,364.1033630371094,617.5420532226562,385.1593322753906,640.2887573242188,382.2288513183594,609.2453002929688,407.4658508300781,646.0637817382812,406.6703796386719,600.7033081054688,420.5409851074219,641.2964477539062,428.2369384765625,626.2815551757812,428.9906921386719,641.5276489257812,427.20989990234375,609.6731567382812,464.9627685546875,627.857666015625,462.41131591796875,621.4122924804688,500.23052978515625,638.1373901367188,495.0989990234375
610.0614624023438,366.47589111328125,610.2388916015625,363.7085266113281,612.1190185546875,362.8906555175781,611.448974609375,366.6953125,624.8860473632812,364.4123229980469,612.12060546875,384.2917175292969,634.9373779296875,381.9441223144531,607.7455444335938,407.23101806640625,643.2005615234375,407.3228454589844,596.9908447265625,422.9327697753906,639.2142333984375,427.32781982421875,624.1856079101562,427.35272216796875,639.2177124023438,425.926513671875,606.453125,465.2048645019531,623.72412109375,464.06658935546875,619.0030517578125,501.04315185546875,633.9810791015625,498.1656494140625
610.037353515625,366.4885559082031,610.2130737304688,363.7188720703125,612.094482421875,362.90032958984375,611.4249877929688,366.69195556640625,624.8694458007812,364.4045715332031,612.1122436523438,384.277099609375,634.9327392578125,381.9163513183594,607.744384765625,407.22943115234375,643.2135009765625,407.2979736328125,596.9894409179688,422.9505310058594,639.2246704101562,427.3236083984375,624.1970825195312,427.35394287109375,639.227294921875,425.9217224121094,606.4618530273438,465.218505859375,623.6998901367188,464.07025146484375,619.0499877929688,501.10784912109375,633.969482421875,498.21234130859375
607.1610107421875,373.1375732421875,607.8466796875,370.3348693847656,609.5496826171875,369.2421875,609.9317626953125,372.2685241699219,623.3245239257812,369.48846435546875,609.0865478515625,389.52581787109375,635.2240600585938,386.0543212890625,602.2061767578125,412.0494079589844,643.39599609375,408.376220703125,590.9485473632812,427.32318115234375,633.9783325195312,426.710693359375,622.6610107421875,433.355712890625,639.87646484375,431.35272216796875,603.3356323242188,466.38165283203125,621.442626953125,464.8119812011719,617.1233520507812,500.5791015625,631.4021606445312,497.9298095703125
606.6112060546875,373.5027770996094,606.8619995117188,370.9596252441406,608.9605712890625,369.91741943359375,608.1807861328125,375.2314147949219,621.5028076171875,372.2755432128906,607.5256958007812,394.2413330078125,631.2330322265625,390.1355285644531,599.3522338867188,418.31353759765625,637.55419921875,412.00958251953125,583.5015258789062,435.2157287597656,629.5220336914062,429.1656494140625,618.3634643554688,436.794189453125,633.7210693359375,434.41473388671875,603.3330688476562,467.77215576171875,619.8566284179688,465.9570617675781,613.7377319335938,502.4627685546875,625.932861328125,499.56341552734375
599.6158447265625,379.563232421875,599.610107421875,376.631103515625,601.005615234375,375.8638000488281,601.3856201171875,379.1291198730469,613.999755859375,376.546142578125,603.6976928710938,398.0941162109375,628.6993408203125,394.53515625,597.9302978515625,423.7008056640625,639.81787109375,420.50390625,580.9212036132812,438.6302795410156,629.7505493164062,438.59027099609375,620.9307861328125,440.9054870605469,637.8216552734375,438.8923645019531,599.4815063476562,471.5396728515625,620.73583984375,469.67657470703125,608.7969360351562,507.4833984375,630.7827758789062,503.59088134765625
597.0123291015625,383.469970703125,596.6519165039062,380.5780334472656,598.58251953125,379.8753662109375,598.4067993164062,382.83538818359375,611.7756958007812,380.25531005859375,601.8021240234375,401.13751220703125,626.9028930664062,397.716796875,596.8035888671875,426.66351318359375,640.5418701171875,424.89483642578125,578.844970703125,438.1522216796875,633.55419921875,441.4056701660156,619.8524169921875,444.8547668457031,636.7418823242188,442.8301086425781,596.6659545898438,474.31463623046875,618.7406005859375,472.32623291015625,606.3087768554688,510.271240234375,629.9716186523438,506.308837890625
597.0459594726562,385.9083557128906,596.2356567382812,383.184814453125,598.3477172851562,382.384033203125,596.0377807617188,385.9861145019531,609.8739624023438,382.8260192871094,597.8392944335938,404.4202575683594,624.0291137695312,399.30535888671875,594.229736328125,427.40875244140625,639.4763793945312,424.6031188964844,584.6265869140625,432.4216613769531,640.5447998046875,441.74365234375,617.06103515625,447.6224365234375,634.663818359375,444.894287109375,595.0843505859375,478.0303955078125,617.8485717773438,473.87835693359375,605.9464111328125,513.6175537109375,630.1634521484375,506.50408935546875
597.0331420898438,386.0202331542969,596.2461547851562,383.2940979003906,598.3292846679688,382.4977722167969,596.0867309570312,386.0295104980469,609.8150024414062,382.9002685546875,597.8798828125,404.35491943359375,623.9547119140625,399.3388977050781,594.3177490234375,427.3693542480469,639.4229125976562,424.73260498046875,584.6942749023438,432.443359375,640.44873046875,441.8291931152344,617.10302734375,447.56512451171875,634.6454467773438,444.8863830566406,595.1163940429688,477.9208068847656,617.9310913085938,473.8572998046875,606.0046997070312,513.4080810546875,630.3277587890625,506.4442138671875
597.4749145507812,385.7348937988281,597.0512084960938,383.4368591308594,598.84326171875,382.6293640136719,596.9076538085938,387.5052185058594,608.9868774414062,384.5511474609375,596.8062133789062,405.9020080566406,620.6856079101562,400.7013244628906,592.3023071289062,429.398681640625,637.0645751953125,422.66021728515625,588.6373291015625,433.4011535644531,645.1812744140625,435.56884765625,614.4363403320312,447.1405944824219,630.082275390625,444.72821044921875,598.5692138671875,481.73876953125,622.09375,477.58929443359375,610.8528442382812,515.4389038085938,635.138916015625,507.23675537109375
596.772705078125,385.7078552246094,595.3568115234375,382.9394836425781,597.676513671875,382.16619873046875,592.307373046875,385.7617492675781,607.1669921875,382.4938049316406,590.8436279296875,405.3747863769531,620.1947631835938,398.6370544433594,587.26025390625,427.4733581542969,635.6403198242188,421.6263427734375,587.9556884765625,432.40234375,643.1651000976562,441.52508544921875,608.4719848632812,450.914794921875,628.3452758789062,447.7264709472656,597.0008544921875,484.74200439453125,621.1807861328125,478.5879821777344,606.8480224609375,517.3974609375,631.4805297851562,506.79827880859375
595.1372680664062,386.4523010253906,593.4974975585938,383.66839599609375,596.167236328125,383.052978515625,590.3310546875,386.3021545410156,606.971435546875,383.48101806640625,588.3457641601562,406.0774230957031,619.4979858398438,400.11236572265625,585.9385986328125,427.5409240722656,635.2735595703125,424.02471923828125,589.378662109375,429.4263610839844,642.2645263671875,440.8485412597656,604.1449584960938,452.12945556640625,625.0200805664062,449.2810363769531,598.0885009765625,485.9764099121094,620.35888671875,480.44403076171875,607.8527221679688,518.893798828125,628.5669555664062,508.8814697265625
594.6328735351562,387.2469177246094,592.4580078125,384.49755859375,596.135986328125,384.2608337402344,590.3478393554688,387.177978515625,606.8488159179688,385.0812683105469,590.06689453125,405.5848693847656,620.3607177734375,399.26763916015625,581.3095703125,430.549560546875,635.2567138671875,420.36773681640625,574.1922607421875,443.8056640625,641.3764038085938,436.51568603515625,600.7999267578125,450.927490234375,620.1182861328125,447.78582763671875,602.718994140625,487.53900146484375,622.365478515625,482.8690185546875,611.7839965820312,520.1168212890625,624.7158203125,512.4053955078125
589.9749755859375,386.73284912109375,588.358642578125,383.95135498046875,591.2250366210938,383.63079833984375,587.7019653320312,386.493408203125,602.1700439453125,384.3385009765625,587.570556640625,405.5400085449219,614.3648071289062,399.2607727050781,575.5812377929688,430.0531005859375,628.7171630859375,419.70428466796875,563.4103393554688,444.0423278808594,635.8651733398438,436.8310546875,599.8367309570312,449.13580322265625,616.538330078125,446.5663757324219,607.1989135742188,486.4266662597656,622.2783203125,482.1446533203125,613.9725341796875,522.7335205078125,625.3043212890625,514.2092895507812
589.984619140625,386.727783203125,588.3597412109375,383.9468688964844,591.2297973632812,383.6260070800781,587.678466796875,386.501708984375,602.1704711914062,384.3412780761719,587.550048828125,405.55987548828125,614.380126953125,399.2718200683594,575.6144409179688,430.0594482421875,628.710205078125,419.71923828125,563.5238647460938,443.9941711425781,635.8341674804688,436.8763427734375,599.8397216796875,449.13671875,616.5667114257812,446.5640869140625,607.1767578125,486.40496826171875,622.2515869140625,482.1062316894531,613.99951171875,522.6900634765625,625.2772827148438,514.1262817382812
589.170654296875,388.13775634765625,587.6319580078125,385.2245788574219,590.116455078125,385.0531921386719,585.0906982421875,387.9617004394531,599.9026489257812,386.7242126464844,581.5498657226562,408.4581604003906,612.7113037109375,404.9830627441406,571.0040893554688,431.92041015625,631.14404296875,426.8441162109375,561.9837646484375,446.36370849609375,640.194091796875,442.75390625,597.2688598632812,454.646240234375,616.6905517578125,453.69964599609375,605.8640747070312,490.71826171875,621.7720947265625,488.9114990234375,613.8302612304688,524.145751953125,624.3680419921875,519.9417724609375
592.1068115234375,392.6574401855469,589.6066284179688,389.6400146484375,592.4513549804688,389.6958312988281,584.0776977539062,392.3248291015625,599.6174926757812,391.482177734375,580.4164428710938,412.4743347167969,611.1663818359375,409.8707580566406,569.5347900390625,435.2663879394531,629.8357543945312,432.3096008300781,558.1348876953125,448.4703063964844,638.8591918945312,447.32891845703125,596.7489013671875,458.08087158203125,615.7197875976562,457.5762939453125,605.9445190429688,494.69342041015625,620.4047241210938,493.3934326171875,612.9351196289062,529.7411499023438,621.8370971679688,526.1427612304688
598.7113037109375,398.719482421875,594.4413452148438,395.9500732421875,598.5741577148438,396.28826904296875,584.5352172851562,399.23760986328125,600.3947143554688,398.9056091308594,582.3026733398438,418.29339599609375,609.9436645507812,415.91790771484375,568.57080078125,442.7249450683594,625.347900390625,437.0503845214844,552.3911743164062,453.9815673828125,627.8463745117188,447.6080322265625,599.5372314453125,464.9298400878906,615.60302734375,464.4619140625,610.59521484375,499.10626220703125,619.879638671875,497.6612548828125,619.7755737304688,533.7293701171875,616.95654296875,529.5406494140625
598.1963500976562,403.3486022949219,593.7510375976562,400.7037658691406,597.814208984375,401.24810791015625,583.0806884765625,404.3359375,598.1588134765625,404.6957092285156,581.6314086914062,422.7841491699219,606.085205078125,421.7823486328125,567.1741943359375,445.45556640625,623.9971923828125,441.1851501464844,551.0943603515625,459.0429992675781,627.369384765625,451.0034484863281,600.3214111328125,468.3160400390625,613.81689453125,468.66632080078125,614.5117797851562,501.1451416015625,618.684814453125,500.86236572265625,622.3834228515625,537.0598754882812,615.58349609375,534.7471923828125
596.9526977539062,406.4069519042969,592.3753662109375,403.8770751953125,596.3086547851562,404.3980712890625,580.712646484375,408.193115234375,595.4406127929688,408.4727478027344,578.6438598632812,427.3147277832031,603.2096557617188,425.6749572753906,564.520751953125,449.6613464355469,621.8410034179688,443.6065979003906,550.0865478515625,464.2457275390625,626.2620849609375,453.1509704589844,597.59619140625,471.9369812011719,611.299072265625,472.0129089355469,611.8004150390625,505.1475830078125,616.9747924804688,504.3829345703125,622.2100219726562,542.2261352539062,617.3509521484375,539.5739135742188
596.8882446289062,406.3415832519531,592.3375854492188,403.81494140625,596.2514038085938,404.3337097167969,580.751953125,408.12451171875,595.4231567382812,408.40478515625,578.6903076171875,427.2411193847656,603.1983032226562,425.6127014160156,564.5384521484375,449.6095886230469,621.8190307617188,443.580078125,550.0650024414062,464.20965576171875,626.2592163085938,453.1507263183594,597.641845703125,471.8885498046875,611.3063354492188,471.96673583984375,611.7657470703125,505.11669921875,616.9526977539062,504.3656005859375,622.1311645507812,542.18603515625,617.2978515625,539.5559692382812
595.71484375,409.5377197265625,590.9678955078125,406.0430603027344,594.5862426757812,406.63140869140625,578.2661743164062,409.66790771484375,593.7033081054688,409.79974365234375,572.7510375976562,430.2166748046875,601.73486328125,428.8079833984375,558.6566772460938,450.9864501953125,621.6641845703125,446.94921875,542.1094360351562,465.4007568359375,632.9723510742188,457.9967346191406,586.8554077148438,478.4970703125,603.1695556640625,478.9820556640625,612.7112426757812,515.3584594726562,620.3070678710938,515.1689453125,605.0137939453125,544.2693481445312,601.8970336914062,542.4684448242188
589.7630004882812,413.1820373535156,585.5841064453125,409.65997314453125,589.2083129882812,410.0925598144531,574.6148071289062,413.0414123535156,591.63427734375,412.830322265625,569.287841796875,433.6866149902344,600.0144653320312,432.1407470703125,555.5159912109375,453.32757568359375,618.9468383789062,452.3872375488281,541.3361206054688,466.2298278808594,629.1314086914062,467.9141540527344,582.8469848632812,482.30279541015625,600.4876708984375,482.54156494140625,608.2374877929688,519.9813842773438,615.67138671875,519.1463012695312,606.451904296875,552.589599609375,603.3034057617188,549.6691284179688
586.1738891601562,415.7707214355469,582.5311279296875,412.3429260253906,585.6119995117188,413.04083251953125,572.8046264648438,415.4736328125,587.9925537109375,416.23834228515625,567.0956420898438,436.4375,596.10693359375,436.5379638671875,553.0324096679688,456.7111511230469,613.6702270507812,461.388916015625,543.52099609375,461.3905334472656,628.5831298828125,474.0687561035156,579.0802001953125,487.7467956542969,595.963134765625,488.34033203125,600.55615234375,527.4727783203125,608.4599609375,526.6070556640625,601.4036865234375,563.8217163085938,599.4009399414062,560.9542846679688
582.2984008789062,420.94464111328125,578.7465209960938,417.55859375,581.825439453125,418.2591552734375,569.3710327148438,420.5478515625,584.7894897460938,421.21893310546875,564.2224731445312,440.9813232421875,592.0263061523438,441.36187744140625,552.3723754882812,459.27703857421875,607.4089965820312,467.6180419921875,549.0140380859375,457.13702392578125,622.9359741210938,480.36968994140625,576.9484252929688,491.4815673828125,593.5115966796875,492.021240234375,596.8947143554688,531.9608764648438,603.5032958984375,530.4771728515625,598.6903076171875,569.2376098632812,596.4465942382812,565.8294067382812
580.133544921875,422.93450927734375,576.0778198242188,419.447998046875,579.3619384765625,420.25189208984375,564.3460083007812,422.48675537109375,580.06689453125,423.4664306640625,557.9678344726562,443.24761962890625,587.1848754882812,444.4259338378906,549.6834106445312,461.2180480957031,601.894287109375,471.2460632324219,553.7198486328125,456.8126220703125,618.0040893554688,482.9960021972656,571.0227661132812,494.076416015625,589.7490234375,494.91522216796875,586.4865112304688,531.5194091796875,599.7562255859375,530.051025390625,589.819091796875,569.3291625976562,598.2877807617188,566.5364379882812
580.15185546875,422.8984375,576.08642578125,419.41265869140625,579.3748779296875,420.2200622558594,564.3250732421875,422.4734191894531,580.049560546875,423.46173095703125,557.9423828125,443.2539367675781,587.1804809570312,444.46051025390625,549.666748046875,461.1846923828125,601.887451171875,471.28369140625,553.7021484375,456.75872802734375,617.9940795898438,483.03363037109375,571.0222778320312,494.07855224609375,589.7597045898438,494.92645263671875,586.4071655273438,531.4698486328125,599.67724609375,530.015380859375,589.7642211914062,569.135498046875,598.1995849609375,566.3633422851562
575.795166015625,423.6346130371094,571.06494140625,419.9666748046875,574.425537109375,420.8638610839844,557.086669921875,423.8547668457031,572.28564453125,424.86639404296875,551.9883422851562,444.6014709472656,578.1455688476562,445.7501220703125,551.75146484375,463.03485107421875,591.5281372070312,468.7044677734375,561.5968017578125,468.4333190917969,605.6556396484375,482.6902770996094,563.737548828125,492.47552490234375,581.9632568359375,493.71185302734375,575.3062744140625,528.948974609375,596.948974609375,528.2373046875,571.0010986328125,565.838623046875,595.4864501953125,564.7789306640625
567.3914794921875,421.9994201660156,562.6865844726562,418.6463623046875,565.2537231445312,419.8623962402344,549.2297973632812,423.11083984375,564.0889282226562,424.5831604003906,549.793212890625,442.81927490234375,567.2848510742188,445.7308044433594,566.6431884765625,458.807861328125,580.8961181640625,468.81903076171875,589.1338500976562,465.7815246582031,592.411376953125,481.9092102050781,559.2941284179688,493.1038818359375,574.1824951171875,495.136962890625,564.4569702148438,529.6553344726562,590.9177856445312,529.6530151367188,558.687255859375,565.7438354492188,597.1651000976562,563.6196899414062
561.7508544921875,421.50140380859375,557.485595703125,417.7533874511719,558.8877563476562,419.12689208984375,546.3380737304688,422.3204650878906,556.4578247070312,423.8371887207031,550.0029907226562,441.9557800292969,557.1363525390625,445.65655517578125,571.361328125,448.738037109375,564.5148315429688,469.43353271484375,592.8069458007812,447.0217590332031,577.7789306640625,487.55926513671875,555.6389770507812,492.2852783203125,564.8128051757812,493.9495849609375,555.434326171875,531.2196655273438,581.7332153320312,530.2739868164062,546.9442749023438,570.1887817382812,593.6791381835938,567.3392333984375
556.503662109375,420.856201171875,551.8148803710938,417.16351318359375,553.919677734375,418.48382568359375,540.5877075195312,422.46923828125,550.9317626953125,423.73486328125,544.8297729492188,442.05926513671875,551.064453125,446.45355224609375,564.6309814453125,443.5967712402344,553.4642944335938,471.345458984375,581.1561279296875,431.99945068359375,564.4736328125,491.56207275390625,549.9353637695312,492.87042236328125,559.032470703125,494.57794189453125,547.1832275390625,532.2860107421875,578.118896484375,530.6903686523438,536.86181640625,573.9237670898438,591.4192504882812,568.9097290039062
547.2438354492188,424.5978088378906,544.8043212890625,421.1556701660156,543.8945922851562,421.86773681640625,537.6578979492188,426.6426696777344,540.420654296875,426.62255859375,540.778564453125,447.3695983886719,541.3348999023438,447.38494873046875,557.9297485351562,451.387939453125,548.0044555664062,468.8666076660156,574.0152587890625,440.3724060058594,561.5557250976562,485.36956787109375,545.0919189453125,498.64569091796875,550.398193359375,498.00518798828125,543.6966552734375,538.3060302734375,580.0173950195312,533.7500610351562,523.8308715820312,579.4522094726562,587.394287109375,569.587158203125
547.2521362304688,424.6323547363281,544.7647705078125,421.1851501464844,543.9075317382812,421.8945617675781,537.4780883789062,426.68914794921875,540.4829711914062,426.6391906738281,540.5808715820312,447.48480224609375,541.4404296875,447.3692321777344,557.8609619140625,451.55450439453125,548.2749633789062,468.5373229980469,574.303955078125,440.7243347167969,561.8445434570312,484.74188232421875,544.9600830078125,498.75244140625,550.4743041992188,498.0733642578125,543.6595458984375,538.3383178710938,580.0011596679688,533.733154296875,523.86474609375,579.5491943359375,587.4671020507812,569.6538696289062
543.29248046875,430.7894592285156,539.9176635742188,427.32293701171875,540.0819702148438,428.6261901855469,532.14697265625,433.4707946777344,534.6410522460938,434.93011474609375,536.1687622070312,452.39923095703125,535.5053100585938,457.65643310546875,554.0247802734375,450.5131530761719,536.6618041992188,480.0975036621094,565.3574829101562,432.0255126953125,550.7435302734375,498.546142578125,540.3461303710938,502.53936767578125,544.4658203125,504.820068359375,532.6810913085938,545.0349731445312,566.3271484375,544.178466796875,517.3870849609375,589.0013427734375,575.3464965820312,585.10302734375
534.724609375,434.5052490234375,531.6431274414062,431.1854248046875,531.354248046875,432.831298828125,525.5348510742188,439.1064758300781,528.4661865234375,441.41253662109375,532.3317260742188,459.4533996582031,528.7183837890625,465.53314208984375,550.3949584960938,451.9543762207031,527.98583984375,484.8596496582031,558.5082397460938,432.8342590332031,539.7020263671875,502.81396484375,535.4473266601562,509.0838623046875,537.733154296875,510.97967529296875,525.456298828125,548.9395751953125,558.8563842773438,547.5731201171875,505.9095458984375,592.4465942382812,565.9562377929688,585.8786010742188
531.6024780273438,443.3050231933594,529.0313720703125,439.4925231933594,528.3516235351562,441.88165283203125,524.0928344726562,444.9891662597656,522.6429443359375,450.2642822265625,529.5177612304688,460.6085510253906,518.5803833007812,475.5172119140625,542.4908447265625,448.1507873535156,517.5377197265625,498.2166748046875,546.3004760742188,427.854248046875,531.686767578125,512.6526489257812,536.7822265625,513.244873046875,527.3408203125,519.5761108398438,547.682373046875,551.9285888671875,527.6857299804688,558.298095703125,541.0549926757812,589.314208984375,506.6432800292969,595.9488525390625
527.096923828125,444.4935607910156,523.5945434570312,440.473388671875,523.6611328125,443.28289794921875,516.639892578125,445.8329162597656,520.4041748046875,451.78997802734375,519.9495239257812,463.62115478515625,519.4244995117188,476.78778076171875,531.0905151367188,457.5740661621094,518.3545532226562,502.830810546875,543.6444702148438,433.66607666015625,532.6414794921875,512.4170532226562,521.1305541992188,519.4402465820312,523.0321044921875,524.978271484375,527.1563720703125,560.8634033203125,544.23681640625,564.757080078125,505.5903625488281,600.101806640625,534.3322143554688,601.5657958984375
520.60107421875,444.5186462402344,516.8665771484375,440.4893798828125,516.0510864257812,444.1207275390625,508.92608642578125,446.1807556152344,510.62139892578125,454.1888732910156,510.4295349121094,462.6105651855469,512.4319458007812,480.08953857421875,518.2115478515625,459.1236572265625,513.4378662109375,508.154052734375,530.943359375,435.9330139160156,529.9925537109375,515.3280639648438,515.77587890625,520.7116088867188,518.3502807617188,528.8241577148438,525.7725219726562,561.9706420898438,539.8264770507812,568.7587280273438,502.3718566894531,600.19482421875,521.0782470703125,604.6507568359375
520.5592651367188,444.48516845703125,516.818359375,440.4462585449219,516.0020751953125,444.102783203125,508.8999938964844,446.1372985839844,510.5932922363281,454.215087890625,510.433349609375,462.5481872558594,512.4259033203125,480.1730651855469,518.2206420898438,458.89208984375,513.4387817382812,508.25433349609375,530.8992919921875,435.59051513671875,530.0057983398438,515.371337890625,515.7706909179688,520.6883544921875,518.319580078125,528.8618774414062,525.781005859375,561.9301147460938,539.7494506835938,568.7940063476562,502.4327697753906,600.197021484375,520.9888916015625,604.7275390625
513.08251953125,445.4409484863281,509.6113586425781,441.8292236328125,509.0917663574219,445.32073974609375,503.34375,447.6581726074219,506.691650390625,455.42547607421875,506.9436340332031,463.96173095703125,507.6784973144531,481.9080810546875,512.614501953125,456.87091064453125,509.39251708984375,509.69561767578125,518.814453125,428.3341064453125,525.4601440429688,514.1235961914062,515.0980224609375,522.3920288085938,515.4995727539062,530.49169921875,524.658447265625,564.638916015625,529.622802734375,571.7882690429688,501.65008544921875,601.5877685546875,507.7878723144531,604.9434204101562
510.207275390625,446.99053955078125,506.857421875,442.77813720703125,505.878662109375,446.30126953125,500.9002380371094,447.6965026855469,502.372802734375,455.3962097167969,506.0695495605469,466.7485656738281,501.6800231933594,480.2667541503906,511.47930908203125,473.3026123046875,505.32568359375,508.374267578125,521.3731689453125,463.3704528808594,525.5437622070312,512.5731811523438,509.8553771972656,522.7926025390625,506.7179260253906,529.0133056640625,522.14697265625,567.5377197265625,522.8303833007812,573.2108154296875,494.31982421875,603.8765258789062,496.9198913574219,607.7889404296875
503.00067138671875,448.85369873046875,500.5623474121094,444.48699951171875,497.74530029296875,448.23785400390625,497.53289794921875,449.88323974609375,493.76336669921875,458.10003662109375,502.90057373046875,469.2113037109375,496.8614501953125,483.49127197265625,509.9012451171875,471.9236755371094,502.484130859375,508.9981689453125,517.9996948242188,460.2061462402344,523.6820678710938,512.4749145507812,506.47314453125,524.8037109375,501.4125671386719,531.1226196289062,518.4325561523438,568.186279296875,515.3973388671875,573.9126586914062,492.3916931152344,603.572021484375,485.45196533203125,607.1547241210938
497.51776123046875,452.9138488769531,494.3178405761719,448.8621826171875,492.9122009277344,452.95379638671875,488.5647888183594,454.78802490234375,489.57940673828125,464.18328857421875,493.88922119140625,475.40032958984375,489.6255187988281,490.938232421875,501.5054016113281,486.2000732421875,496.8570251464844,518.1057739257812,516.117919921875,484.2841491699219,521.4283447265625,516.587890625,497.8173522949219,530.5272216796875,492.7372131347656,537.93212890625,518.3150024414062,568.9057006835938,501.5320129394531,576.6312255859375,498.4269104003906,602.9575805664062,469.5325927734375,610.4932861328125
490.5834045410156,458.27801513671875,488.0836181640625,453.876220703125,486.54815673828125,458.7773132324219,483.4999084472656,458.0205078125,484.9752502441406,470.5901184082031,486.8458557128906,475.29473876953125,484.93621826171875,499.530517578125,495.1929016113281,479.5289306640625,495.98388671875,526.8737182617188,510.4566955566406,478.33648681640625,520.4596557617188,519.9202880859375,491.28765869140625,532.2030029296875,486.6266174316406,543.4837036132812,513.8656005859375,570.1380004882812,489.5367431640625,584.1408081054688,501.5010070800781,599.4575805664062,458.69061279296875,616.9234619140625
490.3933410644531,458.2542724609375,487.8766174316406,453.85491943359375,486.3439636230469,458.7693786621094,483.3399658203125,458.0450744628906,484.80352783203125,470.63299560546875,486.8168029785156,475.30328369140625,484.8656921386719,499.5882568359375,495.292236328125,479.2137451171875,496.02850341796875,526.8126220703125,510.5188903808594,477.82122802734375,520.5166625976562,519.8987426757812,491.32086181640625,532.2091064453125,486.61431884765625,543.50341796875,513.9346313476562,570.0833129882812,489.5634460449219,584.08740234375,501.4923095703125,599.52294921875,458.57843017578125,616.9541015625
485.3835754394531,467.14251708984375,484.046630859375,463.0989990234375,482.4562072753906,466.32861328125,480.22430419921875,467.741455078125,480.1966247558594,476.41387939453125,482.3304138183594,484.02471923828125,477.34857177734375,504.78887939453125,492.6121520996094,483.5185546875,490.5698547363281,529.1227416992188,502.5579528808594,477.5810546875,509.1792907714844,523.267822265625,489.6919860839844,539.7711791992188,482.78863525390625,549.486083984375,511.1746826171875,578.279296875,484.5015563964844,591.808349609375,498.8055419921875,605.737060546875,453.9042053222656,625.4421997070312
486.14141845703125,475.53729248046875,484.3173522949219,471.6036071777344,482.6535339355469,474.73931884765625,478.429443359375,476.2419738769531,478.0320739746094,484.384521484375,479.97100830078125,492.79876708984375,474.7426452636719,511.35894775390625,488.1136474609375,495.0670166015625,485.9208068847656,534.0228881835938,498.8537292480469,489.03466796875,503.2811279296875,525.86669921875,486.08392333984375,547.5277709960938,480.2660217285156,556.2691650390625,501.75250244140625,586.566162109375,483.92315673828125,598.541748046875,482.41925048828125,613.3345336914062,453.6132507324219,630.6595458984375
483.96405029296875,475.89483642578125,481.603271484375,472.0487060546875,480.3008117675781,474.8199768066406,474.3935852050781,476.91827392578125,474.43798828125,483.66656494140625,476.45587158203125,494.47161865234375,471.9383850097656,509.640625,482.99554443359375,497.56646728515625,480.00225830078125,530.2249755859375,491.6337890625,486.0340576171875,494.608154296875,519.9995727539062,482.64837646484375,550.961669921875,479.0694885253906,558.0296020507812,486.8078918457031,594.0902099609375,482.854736328125,603.527587890625,459.2005615234375,622.1990966796875,454.1103820800781,635.8049926757812
479.6095886230469,476.51910400390625,476.0049133300781,473.6587219238281,476.585205078125,475.97113037109375,466.67059326171875,481.65362548828125,472.82073974609375,486.6829528808594,471.44927978515625,499.119140625,468.5536193847656,511.02813720703125,475.220458984375,495.6923828125,474.618896484375,522.8613891601562,474.2573547363281,473.8375244140625,479.5304260253906,504.84271240234375,480.6204528808594,554.289794921875,477.4472961425781,560.107177734375,482.72100830078125,594.1785888671875,478.2390441894531,602.3923950195312,456.6591491699219,621.6279907226562,450.8805847167969,632.7296752929688
470.2132568359375,467.058837890625,467.595458984375,463.7590026855469,465.1690673828125,466.53436279296875,462.36590576171875,476.0033874511719,460.70501708984375,481.2001037597656,470.7196350097656,497.90863037109375,463.1901550292969,504.9461669921875,466.975830078125,477.30072021484375,465.0693054199219,490.43377685546875,458.0091247558594,454.2168884277344,463.2803649902344,470.94195556640625,484.103515625,549.981201171875,477.2640075683594,553.1444091796875,475.6531677246094,593.5205688476562,473.9958801269531,597.233154296875,453.52264404296875,628.577392578125,451.6387634277344,632.2985229492188
470.40399169921875,467.2001953125,467.7938537597656,463.8954162597656,465.3323974609375,466.683349609375,462.553466796875,476.1204833984375,460.77191162109375,481.3629455566406,470.8379821777344,498.011962890625,463.2635803222656,505.15069580078125,467.17041015625,477.50335693359375,465.16644287109375,490.75604248046875,458.0908203125,454.4478759765625,463.31414794921875,471.122314453125,484.0660095214844,550.0875244140625,477.20428466796875,553.296875,475.6954040527344,593.527587890625,474.0802917480469,597.3184814453125,453.5421142578125,628.454833984375,451.6604309082031,632.296142578125
461.07000732421875,457.244384765625,457.73919677734375,453.6670837402344,455.29022216796875,457.9052734375,454.4111022949219,463.01348876953125,451.70361328125,471.87518310546875,467.05224609375,481.8529052734375,457.8214111328125,497.75848388671875,467.9959716796875,471.3265380859375,460.9115295410156,510.76165771484375,460.8748474121094,443.3125,464.1813049316406,503.08563232421875,484.27252197265625,536.4437255859375,477.10797119140625,543.13134765625,477.01678466796875,581.3071899414062,477.31494140625,587.5891723632812,453.5592346191406,616.260498046875,454.3427429199219,620.1746215820312
457.90692138671875,456.4554748535156,454.3772277832031,452.0633544921875,450.7556457519531,456.4436950683594,450.427734375,461.8042297363281,448.5537414550781,470.1616516113281,461.0430603027344,484.6517639160156,462.9549255371094,494.94000244140625,464.2620544433594,489.7685546875,470.077392578125,506.9488525390625,458.81512451171875,480.6997985839844,468.12030029296875,496.0335693359375,476.7840270996094,533.51220703125,478.1806945800781,537.9347534179688,470.3974304199219,578.151611328125,480.9203186035156,581.96923828125,446.12579345703125,614.0473022460938,460.3685607910156,615.0270385742188
449.4563293457031,462.6938781738281,445.3706359863281,458.1687316894531,444.53326416015625,461.0469970703125,440.73193359375,464.8533935546875,447.4300537109375,468.703857421875,452.76055908203125,484.0124206542969,462.1625061035156,486.0188293457031,453.0378112792969,487.3359069824219,463.6299743652344,489.85382080078125,445.3039855957031,474.0043029785156,449.0144348144531,477.8641052246094,475.9378662109375,529.722412109375,483.7227783203125,530.4852905273438,463.4933776855469,574.6775512695312,481.1294250488281,574.0107421875,443.0959777832031,613.31884765625,471.9623107910156,609.023681640625
448.6086120605469,460.76116943359375,442.7843017578125,456.6285705566406,444.52197265625,457.7029724121094,431.05682373046875,468.1949462890625,444.7763366699219,466.7518615722656,439.5230407714844,491.26898193359375,460.6043395996094,485.62713623046875,453.3831787109375,478.8893127441406,472.108154296875,470.1615905761719,461.6512145996094,468.9920959472656,461.48162841796875,466.00933837890625,465.9825134277344,532.22314453125,482.3791809082031,530.2056274414062,454.6169738769531,575.8272705078125,485.0617370605469,571.2426147460938,436.7972412109375,615.3961181640625,481.0881652832031,608.1029663085938
438.2369384765625,457.960693359375,434.537353515625,455.2709655761719,437.4444580078125,454.6164855957031,428.4268493652344,465.86480712890625,446.351806640625,460.4674987792969,434.9573059082031,487.52984619140625,459.8251037597656,474.73956298828125,444.8497619628906,476.05865478515625,472.4333801269531,453.0291442871094,454.5511779785156,456.8219299316406,465.969970703125,442.71893310546875,462.82379150390625,529.8591918945312,482.38397216796875,524.84619140625,448.7641906738281,575.50341796875,491.0904541015625,566.809326171875,429.5041809082031,620.759521484375,492.86517333984375,607.1798095703125
438.53790283203125,457.6710205078125,434.6228942871094,454.968017578125,437.5566711425781,454.3645324707031,427.95281982421875,465.8553771972656,445.7315368652344,460.5082092285156,434.70513916015625,487.8355712890625,459.2336120605469,475.0705871582031,445.1230773925781,476.27093505859375,472.220947265625,453.27850341796875,454.6930236816406,456.9817199707031,466.249267578125,442.9302978515625,462.83355712890625,530.042724609375,482.1418151855469,525.0541381835938,448.9801025390625,575.6248168945312,490.978759765625,566.8722534179688,429.609130859375,620.824462890625,492.6075744628906,607.170166015625
446.10894775390625,458.3175048828125,440.003173828125,455.79461669921875,443.6273193359375,455.4410095214844,426.85107421875,469.6680908203125,445.761962890625,463.7666931152344,434.5491943359375,493.73834228515625,456.8753967285156,475.5519714355469,439.9539489746094,479.1617736816406,472.91754150390625,441.5544738769531,444.044189453125,447.96844482421875,472.7017517089844,415.55401611328125,464.64111328125,534.20361328125,482.2645263671875,526.5225219726562,451.11602783203125,578.505859375,498.93121337890625,564.2931518554688,428.3714904785156,623.4189453125,508.4856262207031,600.2294311523438
441.8330078125,461.413818359375,436.99859619140625,458.33990478515625,440.56256103515625,457.2249755859375,426.33673095703125,468.55291748046875,444.64251708984375,461.25201416015625,431.69793701171875,493.68377685546875,455.40826416015625,473.5060729980469,439.3925476074219,485.7737121582031,475.7243957519531,443.79705810546875,445.2728576660156,457.7879638671875,479.9930114746094,418.6053466796875,459.7379150390625,535.2308349609375,478.5105285644531,526.9091186523438,447.39373779296875,581.49169921875,496.77667236328125,566.5269775390625,428.185546875,627.422607421875,510.2782287597656,603.5151977539062
437.9700012207031,469.3292236328125,434.46356201171875,466.7449645996094,437.43341064453125,465.1693420410156,427.40826416015625,475.49639892578125,445.3559875488281,467.2138366699219,431.8771057128906,500.9659423828125,456.889404296875,479.563232421875,439.3890075683594,505.91766357421875,478.1765441894531,463.5040283203125,445.1241455078125,488.35455322265625,483.3360900878906,451.24462890625,457.007568359375,541.50732421875,478.044189453125,532.39599609375,442.36431884765625,583.6482543945312,499.0836181640625,567.685791015625,425.497314453125,626.7564086914062,520.3599853515625,601.4752807617188
432.0560607910156,478.5082092285156,429.9660339355469,476.5863952636719,432.8436584472656,473.6857604980469,426.6385803222656,483.1239929199219,444.7680969238281,471.8186340332031,429.29315185546875,505.2705078125,459.6595458984375,481.04443359375,439.620849609375,522.4949340820312,484.3195495605469,480.3750915527344,446.4833984375,516.0947265625,483.0444030761719,488.19000244140625,453.76837158203125,545.2289428710938,480.247314453125,534.4808349609375,435.0621032714844,586.3911743164062,504.176025390625,568.876953125,419.08758544921875,630.33935546875,528.3023071289062,604.6326293945312
430.49285888671875,484.4625244140625,429.03460693359375,481.9936828613281,431.94818115234375,479.4797058105469,428.0700988769531,486.3752136230469,446.7989501953125,476.7430114746094,429.6580810546875,507.4620361328125,463.5958557128906,488.00433349609375,440.44696044921875,530.955078125,484.470703125,502.25128173828125,448.5775146484375,536.6885986328125,483.68731689453125,528.1371459960938,452.1509094238281,549.4603271484375,481.11663818359375,540.560302734375,433.0904541015625,587.1343383789062,502.690185546875,572.4180908203125,419.8082275390625,629.3755493164062,525.03759765625,606.8471069335938
430.46710205078125,484.42987060546875,429.0203857421875,481.9633483886719,431.9312744140625,479.4440002441406,428.0936584472656,486.33831787109375,446.82012939453125,476.6929626464844,429.67279052734375,507.453125,463.6376037597656,487.97991943359375,440.4427490234375,531.02880859375,484.5031433105469,502.30670166015625,448.53839111328125,536.7642211914062,483.70721435546875,528.2198486328125,452.17486572265625,549.5071411132812,481.1578369140625,540.5985107421875,433.0715637207031,587.1610717773438,502.669189453125,572.439208984375,419.8046569824219,629.3826904296875,525.001220703125,606.8489990234375
431.6252746582031,485.8260498046875,430.1850891113281,483.1642150878906,433.1329345703125,481.38226318359375,429.7907409667969,487.63897705078125,448.0896301269531,480.4129638671875,431.08270263671875,509.664306640625,465.1545104980469,494.70947265625,436.7530517578125,537.5936279296875,481.80712890625,516.4008178710938,439.9849548339844,543.3704223632812,480.55841064453125,538.9444580078125,451.2420654296875,550.017578125,480.3900146484375,543.0878295898438,432.0367431640625,587.3654174804688,502.65277099609375,576.000244140625,419.8397216796875,628.4277954101562,525.3602294921875,610.6167602539062
438.2823486328125,485.822021484375,436.7674560546875,482.9617614746094,439.9964599609375,481.4512023925781,435.0816955566406,486.159912109375,455.0364990234375,480.2052001953125,436.9272766113281,508.169677734375,468.7063293457031,495.98260498046875,442.1892395019531,538.0548095703125,478.14080810546875,519.8365478515625,445.1380615234375,543.7313842773438,468.556640625,539.5349731445312,449.962646484375,552.5494384765625,477.52099609375,547.5843505859375,434.72149658203125,586.420166015625,500.00408935546875,577.9546508789062,423.8025817871094,625.8174438476562,524.4722290039062,612.173095703125
442.6006774902344,485.8201904296875,441.4669189453125,482.9469909667969,443.61993408203125,481.6872863769531,440.09356689453125,487.8061218261719,458.33367919921875,482.50482177734375,439.5740661621094,511.8665771484375,472.0670166015625,500.4393310546875,443.08551025390625,539.494873046875,481.6377258300781,522.7606811523438,450.6723327636719,544.83056640625,474.1640625,537.8832397460938,451.8106689453125,553.2717895507812,480.7103576660156,548.000244140625,432.55682373046875,586.8201904296875,501.7139587402344,578.3500366210938,418.8074645996094,627.2823486328125,525.0054931640625,613.8927001953125
450.96527099609375,484.5677490234375,449.5461120605469,481.37841796875,452.3724060058594,480.52154541015625,447.5266418457031,485.05633544921875,466.51123046875,481.2371826171875,445.01702880859375,507.7711181640625,480.0776062011719,499.538818359375,448.54339599609375,538.0545654296875,489.1448059082031,527.1741943359375,456.386962890625,546.240966796875,484.6602478027344,544.6931762695312,453.5836181640625,552.8170776367188,484.09765625,548.89404296875,433.7798767089844,584.1679077148438,505.77398681640625,578.0577392578125,419.9037170410156,625.3671264648438,525.885986328125,615.6224975585938
464.5289001464844,480.664794921875,461.9087219238281,477.1195068359375,465.1438903808594,476.50140380859375,456.29766845703125,480.97021484375,476.2608337402344,477.3240051269531,454.2599182128906,505.1888427734375,487.8400573730469,496.70623779296875,456.6473388671875,534.8148193359375,495.4401550292969,523.1798095703125,463.0711975097656,542.5903930664062,490.02239990234375,543.4866333007812,458.08929443359375,549.4600219726562,486.85809326171875,545.948974609375,440.84222412109375,582.238525390625,505.90496826171875,575.85888671875,422.38446044921875,622.502197265625,520.5639038085938,612.5198974609375
464.39691162109375,480.6199645996094,461.8012390136719,477.07769775390625,465.034423828125,476.4501037597656,456.2806091308594,480.9339904785156,476.255126953125,477.26263427734375,454.2818603515625,505.18804931640625,487.8323974609375,496.65460205078125,456.64105224609375,534.851806640625,495.3951110839844,523.1699829101562,463.0234069824219,542.5020751953125,489.984130859375,543.4591674804688,458.05218505859375,549.5088500976562,486.7974548339844,545.9688110351562,440.795654296875,582.3113403320312,505.83160400390625,575.8889770507812,422.40435791015625,622.6558837890625,520.5582275390625,612.5988159179688
475.98516845703125,475.4725036621094,473.4137268066406,472.1029357910156,476.5816650390625,471.53662109375,466.90216064453125,476.2581787109375,486.8164978027344,473.013916015625,461.6611328125,500.3331298828125,497.4069519042969,493.48016357421875,460.43756103515625,526.7392578125,506.99822998046875,520.8760375976562,468.7295227050781,533.9579467773438,506.8611145019531,545.5884399414062,463.62615966796875,546.3086547851562,493.26751708984375,543.3271484375,447.47113037109375,581.079345703125,510.4844665527344,575.249755859375,424.7130126953125,620.41064453125,518.425537109375,611.385986328125
488.8569030761719,469.8899230957031,485.74713134765625,466.38037109375,488.9050598144531,466.1256103515625,477.1354675292969,470.14617919921875,496.76251220703125,467.88690185546875,470.738525390625,494.3436279296875,507.37628173828125,488.44012451171875,466.4592590332031,523.0332641601562,518.2109985351562,515.1900024414062,470.33587646484375,539.04833984375,518.5211181640625,540.377197265625,471.55755615234375,541.5368041992188,501.1370849609375,538.9508666992188,453.7198486328125,578.3026123046875,513.9774169921875,573.684326171875,431.2210693359375,617.927490234375,518.9314575195312,610.816162109375
501.48602294921875,465.0129089355469,498.04229736328125,461.1451416015625,501.1544189453125,461.1435852050781,486.90777587890625,464.83367919921875,507.8860168457031,463.3565673828125,478.06976318359375,488.84112548828125,517.8963012695312,485.14349365234375,474.1165466308594,515.8623046875,529.1722412109375,513.1096801757812,482.8888854980469,531.3397827148438,530.170166015625,534.1910400390625,480.0198974609375,539.6229858398438,511.70513916015625,537.5827026367188,460.52606201171875,573.9821166992188,523.6786499023438,570.5038452148438,436.1829528808594,614.645263671875,528.2630615234375,608.113525390625
502.1015319824219,459.4125061035156,500.24365234375,455.86669921875,503.5367736816406,455.26861572265625,493.9280700683594,458.9631652832031,515.581298828125,456.5711669921875,485.7558898925781,483.05712890625,525.3682250976562,478.75579833984375,480.15155029296875,509.5123291015625,535.8492431640625,508.619384765625,488.6707763671875,520.8052368164062,537.5813598632812,529.7779541015625,490.09088134765625,534.0960693359375,520.2811279296875,531.50732421875,472.68798828125,574.4130859375,526.9765014648438,570.56396484375,454.3027038574219,615.276123046875,530.5407104492188,608.8812255859375
508.9673767089844,455.0769958496094,507.1289367675781,451.475830078125,509.955810546875,451.50323486328125,502.0941162109375,454.31085205078125,521.0595092773438,453.613525390625,495.4326477050781,475.8701477050781,532.96044921875,474.3741149902344,484.50677490234375,499.0177001953125,544.4551391601562,500.45849609375,485.696044921875,506.4521484375,545.952392578125,517.953857421875,498.40252685546875,528.5286254882812,525.921142578125,527.7543334960938,482.7804260253906,567.742919921875,527.3128662109375,566.3694458007812,470.2646789550781,608.1884155273438,528.5004272460938,605.8970336914062
508.9479064941406,455.0797119140625,507.1184387207031,451.47845458984375,509.9417419433594,451.50457763671875,502.1041259765625,454.30010986328125,521.0542602539062,453.6043701171875,495.436767578125,475.8484802246094,532.9508056640625,474.3569641113281,484.5118713378906,499.0072021484375,544.447998046875,500.45098876953125,485.7291259765625,506.427734375,545.9779663085938,517.9307250976562,498.4075622558594,528.5145874023438,525.9107666015625,527.7415771484375,482.7917785644531,567.7391967773438,527.27001953125,566.3681030273438,470.3135986328125,608.2045288085938,528.4473876953125,605.9214477539062
514.6184692382812,448.7850341796875,512.6239624023438,445.173095703125,515.701416015625,445.22564697265625,506.6514587402344,447.6136169433594,525.7516479492188,447.1982421875,498.76824951171875,468.7090148925781,536.7869262695312,468.46905517578125,487.4685974121094,490.9462890625,550.10888671875,495.3477783203125,486.7392883300781,498.82440185546875,553.7440795898438,514.0499267578125,504.72930908203125,521.9371948242188,531.3190307617188,521.719482421875,493.1416320800781,562.6958618164062,528.7081298828125,562.2991943359375,486.2063903808594,604.7548217773438,528.2483520507812,604.7584838867188
517.81494140625,442.24114990234375,516.0694580078125,438.6810607910156,518.8364868164062,438.6404113769531,511.64111328125,442.386474609375,530.6641845703125,441.3901062011719,505.0525817871094,464.3193359375,542.0711669921875,463.90777587890625,494.583251953125,486.82672119140625,557.1084594726562,490.6968994140625,490.6689147949219,494.3948974609375,558.52685546875,507.26312255859375,512.8314819335938,516.5133666992188,537.2417602539062,516.4451293945312,506.3907470703125,559.067138671875,530.142822265625,559.3732299804688,504.6971130371094,602.1326904296875,529.2752075195312,602.2576293945312
523.69970703125,437.9394836425781,521.8983154296875,434.47369384765625,525.0355834960938,434.3245544433594,517.1453247070312,438.1611328125,537.10888671875,437.07269287109375,510.82769775390625,460.05377197265625,548.1542358398438,460.1136779785156,501.46600341796875,482.5906677246094,563.6553955078125,487.3009338378906,496.6864013671875,492.1041259765625,564.5204467773438,504.573974609375,519.6390380859375,512.5648193359375,543.5728759765625,512.8720092773438,514.0225219726562,554.1707763671875,533.527099609375,555.23095703125,517.0538330078125,596.1608276367188,533.4744873046875,597.47021484375
531.3849487304688,434.2923278808594,529.0245361328125,430.7851257324219,532.1669921875,430.8354187011719,523.038330078125,435.175048828125,542.74365234375,434.25079345703125,516.7891845703125,458.5263366699219,554.8572387695312,457.6609802246094,504.6480712890625,481.2724609375,566.976806640625,485.62603759765625,496.89837646484375,491.13165283203125,567.781005859375,508.71990966796875,527.6715087890625,510.86041259765625,551.9356689453125,510.53790283203125,524.8401489257812,552.0259399414062,543.658203125,551.091064453125,533.2609252929688,592.1233520507812,544.2457275390625,589.37451171875
536.490966796875,432.98736572265625,534.8924560546875,429.8773498535156,538.05029296875,429.7810974121094,529.530029296875,433.89697265625,548.2037353515625,433.7542724609375,521.4942016601562,456.8329772949219,558.2916259765625,458.0928955078125,511.94403076171875,479.1791687011719,572.2525634765625,486.0792541503906,507.37921142578125,489.3214111328125,574.3493041992188,502.3099365234375,533.3085327148438,510.7203369140625,556.72705078125,511.38702392578125,531.9401245117188,547.6458740234375,549.9435424804688,549.2017822265625,541.236328125,583.3235473632812,550.5480346679688,585.7672729492188
536.48974609375,433.03875732421875,534.9015502929688,429.9286804199219,538.06103515625,429.8420104980469,529.554443359375,433.9243469238281,548.21435546875,433.8285827636719,521.426513671875,456.83160400390625,558.2942504882812,458.1950378417969,511.9298095703125,479.23126220703125,572.2103881835938,486.23291015625,507.52099609375,489.38482666015625,574.2638549804688,502.29998779296875,533.1232299804688,510.72320556640625,556.6087646484375,511.440673828125,531.9248046875,547.5186767578125,550.0596313476562,549.16845703125,541.0086059570312,583.0652465820312,550.4230346679688,585.6907958984375
546.8616333007812,433.8223876953125,544.3532104492188,430.4495544433594,547.2302856445312,430.48419189453125,535.96533203125,434.0146789550781,553.4658203125,433.50830078125,528.6082153320312,456.905517578125,562.9117431640625,455.75640869140625,517.1612548828125,479.93511962890625,575.5382080078125,482.7091979980469,512.0577392578125,492.09136962890625,580.1302490234375,503.81622314453125,539.2599487304688,509.436767578125,561.4473876953125,508.9498291015625,542.9109497070312,548.31591796875,561.1749877929688,546.7340698242188,549.904541015625,588.1199340820312,562.8505249023438,585.050537109375
550.8984985351562,436.2400817871094,548.1928100585938,432.819580078125,551.3876953125,432.8157653808594,540.8614501953125,436.4762878417969,559.4578247070312,435.2709655761719,534.8463745117188,458.9485168457031,569.9368286132812,456.4369201660156,523.4568481445312,483.52740478515625,581.2852783203125,482.6854553222656,518.1519775390625,495.79046630859375,584.764404296875,506.23590087890625,546.616455078125,509.69744873046875,570.2705688476562,508.8701171875,543.614501953125,549.0616455078125,571.0928344726562,546.4853515625,550.76513671875,589.5780029296875,580.68310546875,582.8399658203125
562.0160522460938,437.531005859375,558.4640502929688,434.024658203125,561.72705078125,434.17279052734375,547.873779296875,438.7486267089844,567.5274658203125,437.58544921875,540.6054077148438,463.02447509765625,577.6644897460938,459.8338317871094,526.9390258789062,485.8193054199219,587.2574462890625,487.6663818359375,524.1683349609375,493.35064697265625,591.4130859375,513.6754760742188,549.9154663085938,512.8624877929688,575.9603881835938,511.29669189453125,547.186279296875,548.8983154296875,582.0960083007812,544.1290283203125,552.5379638671875,589.3137817382812,594.2218627929688,579.3018188476562
566.4847412109375,437.4377746582031,563.5269165039062,433.8592529296875,566.2385864257812,433.9512939453125,554.7052612304688,437.4437255859375,572.4087524414062,436.36065673828125,548.0262451171875,461.0670166015625,581.8773193359375,457.78509521484375,536.75927734375,484.97564697265625,590.8382568359375,487.986328125,533.6740112304688,493.3934326171875,594.6124877929688,514.5218505859375,555.3982543945312,511.12445068359375,580.6572875976562,509.260498046875,550.283447265625,546.8396606445312,593.26611328125,541.9568481445312,552.2348022460938,586.9039306640625,609.2998046875,577.0401000976562
572.0257568359375,432.7248229980469,569.5225830078125,429.18817138671875,572.41064453125,429.2741394042969,562.0328369140625,433.5562744140625,579.8814086914062,432.5982360839844,555.9898071289062,457.4895935058594,589.5107421875,454.36785888671875,547.30810546875,483.6698913574219,598.3076782226562,482.8263854980469,549.6529541015625,494.4053955078125,604.4663696289062,506.2435302734375,561.907958984375,507.57537841796875,587.5667724609375,506.20941162109375,554.0418090820312,543.726318359375,602.95751953125,539.833251953125,553.6028442382812,583.828369140625,620.5480346679688,576.0565185546875
572.0145874023438,432.683837890625,569.5153198242188,429.15350341796875,572.405517578125,429.2320861816406,562.0189819335938,433.5495910644531,579.8961791992188,432.5706481933594,555.964599609375,457.5116271972656,589.5372314453125,454.397705078125,547.3324584960938,483.68182373046875,598.3712768554688,482.9711608886719,549.7299194335938,494.55560302734375,604.640625,506.83056640625,561.920166015625,507.621826171875,587.5926513671875,506.25909423828125,553.9747924804688,543.8765869140625,602.7579345703125,539.9590454101562,553.733642578125,583.850830078125,620.4214477539062,576.0036010742188
582.2254638671875,430.6564636230469,579.260498046875,427.11456298828125,582.3811645507812,427.1965026855469,569.85791015625,431.09771728515625,588.4315795898438,430.1959228515625,563.533447265625,455.1553955078125,597.198486328125,451.5494079589844,556.4494018554688,482.6502685546875,605.36376953125,478.770751953125,561.0488891601562,495.37939453125,610.2890625,499.57720947265625,568.5773315429688,505.66180419921875,595.4508666992188,504.00152587890625,554.3925170898438,543.3353271484375,609.864013671875,539.2676391601562,552.2916259765625,580.3714599609375,630.875244140625,572.4078979492188
590.1751098632812,427.502197265625,587.2599487304688,424.32318115234375,590.0,424.05902099609375,577.862060546875,428.76629638671875,596.4349365234375,426.619384765625,571.99951171875,454.25555419921875,604.5738525390625,447.7134704589844,563.617431640625,479.96771240234375,612.3064575195312,474.30487060546875,566.9532470703125,491.1539306640625,616.815673828125,500.325439453125,575.5616455078125,504.04571533203125,601.96728515625,500.7442626953125,561.328857421875,543.0747680664062,615.9803466796875,535.8569946289062,554.8992309570312,580.5950317382812,635.9649047851562,567.1229858398438
598.5413818359375,427.30157470703125,595.3394775390625,423.78436279296875,598.4712524414062,423.65618896484375,584.1729125976562,427.8625183105469,603.5335693359375,426.46136474609375,575.9122314453125,452.50262451171875,610.9302978515625,448.7851867675781,570.3650512695312,475.280517578125,619.478515625,477.3687744140625,579.0362548828125,483.451416015625,626.0574951171875,500.9090576171875,582.544189453125,503.33807373046875,609.9459228515625,501.08087158203125,571.4705200195312,540.786376953125,625.6449584960938,535.313720703125,562.6104736328125,577.783935546875,639.8623657226562,566.6930541992188
601.0626831054688,426.932861328125,599.3646240234375,423.8067626953125,601.95361328125,423.39654541015625,593.6185913085938,428.3215637207031,611.7579345703125,426.28533935546875,587.0194702148438,452.36199951171875,621.0191040039062,447.47235107421875,578.3910522460938,475.3499755859375,629.590087890625,472.6148681640625,583.89453125,488.40380859375,635.5264892578125,501.27142333984375,591.3578491210938,500.96527099609375,617.77392578125,498.779296875,579.5513305664062,537.52490234375,630.0518188476562,532.581787109375,568.5140991210938,573.7471923828125,641.54296875,564.9071655273438
612.1795654296875,426.7564697265625,609.3095703125,423.58685302734375,612.1031494140625,423.3541259765625,600.884765625,428.24066162109375,618.58642578125,426.18609619140625,595.1786499023438,453.61676025390625,628.087646484375,447.27801513671875,587.577392578125,481.2974853515625,637.1936645507812,472.47332763671875,588.6350708007812,496.56689453125,641.6153564453125,496.9254150390625,598.6782836914062,500.5858154296875,624.1001586914062,497.7821044921875,586.7730712890625,536.4666137695312,634.1954956054688,530.82421875,574.7725219726562,572.7711181640625,641.78662109375,562.68798828125
612.0845336914062,426.80938720703125,609.2416381835938,423.63702392578125,612.0158081054688,423.40924072265625,600.8904418945312,428.27142333984375,618.5540771484375,426.2439880371094,595.1741943359375,453.61041259765625,628.0888671875,447.34716796875,587.5741577148438,481.25836181640625,637.2156372070312,472.5585632324219,588.676025390625,496.50592041015625,641.61181640625,496.9267578125,598.6918334960938,500.5616455078125,624.1148681640625,497.7935791015625,586.7151489257812,536.3956909179688,634.1072387695312,530.82666015625,574.6832885742188,572.7260131835938,641.6334838867188,562.7763671875
618.550048828125,425.3528137207031,615.6611328125,421.9396057128906,618.3311767578125,421.90399169921875,606.9484252929688,426.4850769042969,623.0460815429688,425.1769714355469,600.1504516601562,451.39508056640625,632.5853271484375,446.671142578125,593.0265502929688,479.784912109375,642.7210693359375,471.219970703125,593.48095703125,497.82977294921875,649.0382690429688,492.25860595703125,604.7334594726562,497.76275634765625,629.0549926757812,495.6925048828125,594.7318725585938,532.6246337890625,637.8984985351562,528.8636474609375,585.5510864257812,568.1231079101562,642.3385620117188,561.4857788085938
620.2770385742188,423.1514892578125,618.3338012695312,419.84039306640625,620.788330078125,419.9300537109375,612.55322265625,423.8525695800781,627.644775390625,423.4429016113281,605.6433715820312,446.8446044921875,636.9891967773438,445.34576416015625,597.7717895507812,472.7625732421875,647.5933227539062,470.7490234375,595.9804077148438,492.16571044921875,655.7371215820312,494.23779296875,611.1019287109375,494.14630126953125,633.8150634765625,493.6214599609375,603.4959716796875,528.2730712890625,641.0211181640625,527.06982421875,595.6223754882812,564.4730224609375,642.3622436523438,561.5361328125
626.169921875,420.6766052246094,623.4105834960938,417.3335266113281,626.4303588867188,417.3581237792969,615.4409790039062,421.68841552734375,632.4815063476562,420.73016357421875,608.4027709960938,445.5381164550781,641.9647827148438,442.0011291503906,600.2562255859375,472.8420715332031,651.5283813476562,466.3654479980469,598.8307495117188,493.07269287109375,657.65869140625,489.44158935546875,614.7115478515625,492.12237548828125,638.6519775390625,490.6346435546875,607.9078369140625,526.4674072265625,643.5267944335938,523.7665405273438,602.5172729492188,562.1630249023438,644.9033813476562,556.910888671875
628.8867797851562,419.6998291015625,626.356689453125,416.29083251953125,629.2491455078125,416.2842102050781,618.8566284179688,419.85113525390625,635.3578491210938,418.9288024902344,611.1738891601562,442.494140625,644.8765869140625,439.3858947753906,602.3748168945312,469.5436706542969,654.123046875,464.1976623535156,599.3993530273438,490.6036376953125,659.1669921875,488.72210693359375,617.3775024414062,490.1776123046875,641.3015747070312,488.867431640625,610.2536010742188,522.318359375,645.5045776367188,519.9505004882812,607.694091796875,559.107421875,649.10986328125,554.416259765625
630.3009033203125,421.0400390625,628.5036010742188,417.9029541015625,631.2650146484375,417.67327880859375,622.4012451171875,420.90667724609375,639.3965454101562,419.9621276855469,613.4281616210938,443.1622619628906,649.5279541015625,440.2925109863281,604.5404052734375,469.560791015625,660.9539794921875,465.7530822753906,605.1727905273438,489.70452880859375,665.7052612304688,489.54791259765625,620.5328979492188,491.04534912109375,646.5987548828125,489.8194580078125,614.91357421875,516.0828247070312,655.0758666992188,513.962646484375,610.951171875,554.283935546875,659.79345703125,550.35791015625
630.2830810546875,420.9806213378906,628.5035400390625,417.85223388671875,631.237548828125,417.6221008300781,622.44091796875,420.8913879394531,639.3576049804688,419.94451904296875,613.4974975585938,443.17999267578125,649.47314453125,440.3053283691406,604.5473022460938,469.50250244140625,660.898193359375,465.7239074707031,605.073486328125,489.55694580078125,665.6975708007812,489.4952392578125,620.5509033203125,490.99224853515625,646.5368041992188,489.755859375,614.7865600585938,516.2650756835938,654.9513549804688,514.1268310546875,610.8759155273438,554.318359375,659.8221435546875,550.36083984375
635.2557983398438,422.5291748046875,633.1016235351562,419.22991943359375,636.1240844726562,419.1572570800781,625.7102661132812,421.5576171875,643.4814453125,421.1148986816406,616.42041015625,443.2747497558594,653.3428955078125,441.2079772949219,607.2611083984375,470.15179443359375,664.8123168945312,467.0645446777344,607.8191528320312,492.1363525390625,668.1517944335938,490.1746826171875,623.31201171875,492.86199951171875,651.0806884765625,491.97979736328125,614.7791137695312,513.8126831054688,663.99267578125,512.2348022460938,609.080078125,551.70751953125,674.0200805664062,548.3732299804688
637.768310546875,424.6140441894531,635.8851318359375,421.4009094238281,638.6563720703125,421.3743896484375,629.947509765625,425.03265380859375,646.53173828125,424.49749755859375,621.7454833984375,447.8397521972656,655.851806640625,445.7497863769531,613.0589599609375,473.3100280761719,668.8076171875,470.03936767578125,611.8063354492188,494.98040771484375,675.1136474609375,491.9219970703125,627.6962280273438,496.44744873046875,654.68994140625,495.53070068359375,616.57470703125,513.2662353515625,674.0411987304688,511.71124267578125,605.015380859375,548.8734741210938,689.170166015625,545.4873046875
643.696044921875,428.5997619628906,641.3915405273438,425.43084716796875,644.3592529296875,425.51483154296875,633.86181640625,429.1097412109375,649.9535522460938,428.8988037109375,625.5484008789062,451.64447021484375,657.9744873046875,449.72430419921875,616.9031372070312,477.99652099609375,670.7389526367188,474.5768127441406,614.74755859375,501.091552734375,679.8856201171875,497.189208984375,630.1661987304688,498.52398681640625,656.72119140625,497.64459228515625,616.7903442382812,516.374755859375,680.7579345703125,514.52587890625,605.8114624023438,548.29248046875,701.8225708007812,543.98046875
648.9190063476562,434.0908508300781,646.2000732421875,431.13037109375,649.8651733398438,431.1043395996094,637.3424682617188,433.96624755859375,654.1273193359375,433.61602783203125,629.162353515625,454.9934997558594,663.3054809570312,453.5776672363281,621.5130615234375,481.4042663574219,680.0574340820312,477.9639587402344,615.6212158203125,506.54742431640625,688.0346069335938,499.7222900390625,635.8317260742188,501.197998046875,664.3372192382812,500.69696044921875,616.9830932617188,519.268310546875,691.5281982421875,518.7120361328125,607.8353271484375,546.125732421875,717.7922973632812,545.4625854492188
644.3502197265625,439.8175964355469,642.771240234375,436.9647521972656,646.4896240234375,436.61688232421875,638.1932983398438,439.400146484375,655.8467407226562,438.4914855957031,631.0397338867188,460.2605895996094,667.6339111328125,459.15142822265625,624.09765625,487.11810302734375,685.625244140625,484.1080017089844,615.6920776367188,512.8807983398438,687.6492919921875,505.28399658203125,639.924072265625,511.61846923828125,670.0299072265625,511.20538330078125,616.1890258789062,515.6290283203125,691.70654296875,516.3760375976562,609.7026977539062,543.5928955078125,718.5993041992188,545.8775634765625
644.4756469726562,439.706298828125,642.8662719726562,436.841552734375,646.5826416015625,436.5050354003906,638.1787109375,439.2906494140625,655.8341674804688,438.4051513671875,630.9913940429688,460.2279357910156,667.6170043945312,459.1393737792969,624.0588989257812,487.1858825683594,685.62255859375,484.1771545410156,615.6626586914062,513.0289916992188,687.6565551757812,505.353759765625,639.9034423828125,511.6898193359375,670.031005859375,511.289306640625,616.1957397460938,515.6067504882812,691.736572265625,516.36376953125,609.7212524414062,543.56298828125,718.6146240234375,545.8526000976562
635.4381103515625,445.08148193359375,634.476806640625,442.3937683105469,638.1897583007812,441.65484619140625,633.2451782226562,443.9859313964844,650.5470581054688,441.87811279296875,629.0560302734375,462.8214111328125,665.003173828125,459.2686462402344,622.4180297851562,490.69921875,683.5297241210938,483.47772216796875,612.3825073242188,515.67333984375,682.879150390625,503.3922119140625,643.418212890625,511.83660888671875,672.9879760742188,510.15899658203125,619.4143676757812,517.0401611328125,693.8882446289062,516.323974609375,614.98583984375,544.9485473632812,721.6836547851562,545.1797485351562
624.669189453125,442.45208740234375,624.7300415039062,439.7817687988281,627.1766967773438,438.8883056640625,626.3594360351562,442.5020751953125,641.4237060546875,439.86370849609375,625.9359741210938,461.4410095214844,655.2642822265625,457.52020263671875,620.6467895507812,485.449951171875,667.2945556640625,478.9140625,610.4136352539062,507.94384765625,660.892333984375,496.330322265625,643.6212768554688,503.23394775390625,668.7847290039062,501.38232421875,621.9637451171875,517.755615234375,685.4295654296875,516.315673828125,619.184814453125,548.4972534179688,716.5760498046875,546.5814208984375
610.2196655273438,440.58831787109375,610.5665893554688,437.865234375,611.911376953125,436.939208984375,612.5328979492188,441.02099609375,625.4629516601562,437.8106689453125,613.9725952148438,459.89825439453125,637.307373046875,452.9432373046875,609.5062255859375,483.99639892578125,634.3497924804688,469.3772277832031,599.12841796875,503.79046630859375,615.220458984375,486.0616760253906,637.4747924804688,499.62841796875,659.1569213867188,496.56640625,615.903564453125,517.4046630859375,674.815185546875,513.326171875,619.145751953125,548.4087524414062,711.0697021484375,540.7086791992188
596.9605102539062,437.16754150390625,597.3150634765625,434.5891418457031,598.4429931640625,433.45245361328125,600.1594848632812,437.4585266113281,613.058349609375,433.20758056640625,603.9026489257812,456.5061340332031,626.150390625,445.6808776855469,602.2781372070312,481.4775390625,620.995849609375,455.5686340332031,592.7715454101562,501.49822998046875,597.947998046875,467.42791748046875,629.8524780273438,494.71343994140625,651.1427612304688,490.3209228515625,612.5996704101562,517.309814453125,669.3238525390625,511.09527587890625,618.0526733398438,549.360107421875,708.5899658203125,538.507568359375
584.49658203125,436.5792236328125,585.0272216796875,433.9124755859375,586.3197631835938,432.5910949707031,589.1607055664062,434.9366149902344,602.289306640625,430.3919982910156,596.5304565429688,450.5943908691406,615.4696655273438,442.8799133300781,599.4988403320312,476.08489990234375,620.199462890625,461.2037658691406,588.9631958007812,496.98980712890625,600.3651123046875,474.83416748046875,623.0762939453125,487.473388671875,640.1451416015625,484.3155517578125,610.2196655273438,517.3319702148438,646.822509765625,513.9112548828125,618.4188842773438,547.5880126953125,678.5071411132812,541.6197509765625
584.4920654296875,436.5664978027344,585.02783203125,433.9070129394531,586.320556640625,432.5807800292969,589.16943359375,434.9389343261719,602.2877807617188,430.3832702636719,596.5616455078125,450.5919189453125,615.420166015625,442.85589599609375,599.538330078125,476.0986022949219,620.1292724609375,461.0961608886719,588.9623413085938,496.97625732421875,600.2518310546875,474.5669250488281,623.1094970703125,487.46942138671875,640.0867919921875,484.30926513671875,610.3416137695312,517.2969970703125,646.5650024414062,513.8871459960938,618.6514892578125,547.5194702148438,678.1526489257812,541.5848388671875
573.8556518554688,435.3609619140625,574.4353637695312,432.4479064941406,575.5036010742188,431.12799072265625,578.803955078125,432.0509033203125,589.7847290039062,427.7811584472656,587.3821411132812,445.9894714355469,606.3880615234375,437.10272216796875,589.971923828125,472.8522644042969,623.2341918945312,456.22479248046875,579.1629638671875,498.673828125,614.7947998046875,470.6720275878906,623.1401977539062,480.351318359375,639.9874877929688,476.0423278808594,605.1395874023438,513.7011108398438,650.956298828125,508.99334716796875,617.0270385742188,542.9864501953125,689.5413208007812,535.645751953125
566.5336303710938,428.82147216796875,567.0338745117188,425.9156188964844,568.0870971679688,424.62518310546875,571.3550415039062,425.9563903808594,582.4869384765625,421.60296630859375,581.9723510742188,439.5876770019531,594.2100830078125,432.8477783203125,587.682861328125,466.0897216796875,599.9181518554688,457.2581787109375,574.3536376953125,486.2688903808594,580.46044921875,478.97113037109375,615.012451171875,476.0283203125,626.0896606445312,472.89227294921875,604.326416015625,509.7156982421875,627.4664306640625,505.84185791015625,624.3465576171875,540.0150146484375,662.4287109375,532.624755859375
558.579345703125,423.4446716308594,558.8471069335938,420.0220642089844,559.453125,418.9375915527344,563.8308715820312,419.0919189453125,574.349365234375,414.74871826171875,576.9688720703125,432.25958251953125,589.5404052734375,424.2381591796875,584.8359375,458.34326171875,597.4421997070312,448.9164733886719,573.3233032226562,476.7770080566406,579.943359375,472.5453186035156,610.2114868164062,470.75653076171875,621.5770263671875,466.71258544921875,597.8639526367188,507.80853271484375,621.1814575195312,501.5643310546875,618.3944702148438,540.322509765625,657.1971435546875,527.7335815429688
551.5638427734375,416.4248352050781,552.3645629882812,412.9741516113281,552.0206909179688,412.1048278808594,558.2825927734375,411.22943115234375,564.1504516601562,407.77783203125,571.370849609375,423.69342041015625,576.48583984375,418.3247375488281,580.400634765625,451.1709899902344,586.34765625,444.8127136230469,570.5192260742188,471.7880859375,574.1574096679688,468.3890075683594,603.147216796875,467.764404296875,608.17431640625,465.6544189453125,595.3049926757812,508.01708984375,606.66650390625,504.37921142578125,618.6888427734375,541.2745361328125,639.6643676757812,532.28759765625
544.5885009765625,410.4495849609375,545.3466796875,406.86505126953125,544.82421875,405.993408203125,551.0256958007812,404.8600158691406,556.3687744140625,401.5426025390625,565.060302734375,417.42333984375,568.0654907226562,412.168701171875,577.4096069335938,442.88348388671875,579.3760375976562,436.25677490234375,570.9281005859375,466.698486328125,570.3351440429688,459.6194152832031,592.4083862304688,462.8236083984375,595.1742553710938,461.0700988769531,594.3286743164062,503.24053955078125,593.6769409179688,500.03765869140625,616.2791137695312,540.1321411132812,617.7066650390625,532.0902709960938
544.5945434570312,410.4559020996094,545.3475341796875,406.8694763183594,544.8304443359375,405.9931335449219,551.0184326171875,404.8566589355469,556.4122314453125,401.5191650390625,565.023681640625,417.4184265136719,568.17724609375,412.1291198730469,577.388916015625,442.8904724121094,579.5250854492188,436.2008361816406,570.9074096679688,466.70928955078125,570.4208374023438,459.5594177246094,592.4148559570312,462.7850646972656,595.282470703125,461.0150451660156,594.300048828125,503.17987060546875,593.72265625,499.96270751953125,616.1654052734375,540.1253051757812,617.641845703125,532.0711669921875
538.029052734375,406.98858642578125,539.4981689453125,403.2071533203125,537.4453125,402.8606262207031,545.7283325195312,399.82464599609375,543.9650268554688,398.5345764160156,559.8540649414062,409.9753112792969,552.2171630859375,406.6861877441406,570.240478515625,435.6758117675781,562.404541015625,430.60302734375,564.6976928710938,460.1792907714844,560.70849609375,454.0496520996094,585.9827270507812,452.62921142578125,580.9442749023438,451.27471923828125,585.4743041992188,497.08917236328125,580.0642700195312,494.200927734375,608.04052734375,535.8169555664062,604.3201293945312,528.3863525390625
530.4624633789062,401.5345764160156,531.2303466796875,397.8661193847656,529.7659301757812,397.79644775390625,536.8727416992188,396.0480651855469,536.6708984375,395.35400390625,552.9877319335938,408.2413330078125,544.600341796875,406.530029296875,569.0810546875,431.18975830078125,555.46484375,426.9960632324219,565.3595581054688,455.9334411621094,551.6681518554688,443.8450622558594,574.2669677734375,449.00872802734375,569.2561645507812,449.01153564453125,578.3598022460938,490.452880859375,571.7376708984375,489.42352294921875,599.0471801757812,528.9963989257812,595.6992797851562,523.682373046875
523.8187866210938,402.6402282714844,524.383056640625,398.8268127441406,522.7825317382812,399.1441650390625,530.381591796875,394.8662414550781,528.8980102539062,395.1542053222656,547.7975463867188,404.2682189941406,537.4176025390625,404.5097961425781,563.349609375,428.140625,550.0735473632812,429.13409423828125,562.6426391601562,451.34930419921875,549.306396484375,447.7965087890625,567.4817504882812,446.474609375,560.297607421875,447.1939697265625,572.6682739257812,485.6686706542969,556.0498046875,485.2571716308594,591.108154296875,525.507080078125,571.1930541992188,520.8724975585938
516.4674072265625,399.0889892578125,517.2510375976562,395.3293151855469,515.7041625976562,395.4953308105469,523.374755859375,392.71099853515625,521.3475341796875,392.800048828125,540.75537109375,403.16583251953125,527.9895629882812,403.683349609375,558.3665161132812,424.5338134765625,542.486083984375,426.32855224609375,557.7125854492188,448.55340576171875,543.3037719726562,444.8177795410156,557.2955322265625,444.71630859375,547.1051635742188,445.2780456542969,565.413330078125,484.59649658203125,538.302490234375,484.4695739746094,582.8106079101562,525.7078857421875,545.4684448242188,522.0358276367188
508.47796630859375,402.7860107421875,509.4556579589844,399.0379333496094,507.4156799316406,399.18560791015625,515.6300048828125,396.3528747558594,512.3148193359375,396.3720703125,532.9398803710938,406.5238037109375,519.31396484375,406.8142395019531,551.4837036132812,427.2569274902344,533.9341430664062,429.02142333984375,553.9071044921875,450.4176025390625,535.0429077148438,446.7774353027344,551.6375732421875,446.96527099609375,540.0322875976562,447.1070861816406,559.9703979492188,486.6020812988281,525.848876953125,485.7859191894531,577.2182006835938,527.9349365234375,526.88720703125,522.8604736328125
508.4738464355469,402.7880859375,509.4539794921875,399.0418701171875,507.4153747558594,399.1878662109375,515.6397705078125,396.3558654785156,512.3255004882812,396.3704528808594,532.93212890625,406.5310363769531,519.3363647460938,406.8166198730469,551.4907836914062,427.25726318359375,533.9195556640625,429.0064697265625,553.8931884765625,450.3998718261719,534.9923095703125,446.73236083984375,551.602294921875,446.9716796875,540.0186157226562,447.11065673828125,559.9691162109375,486.593505859375,525.8445434570312,485.7799377441406,577.223876953125,527.9113159179688,526.8534545898438,522.8505249023438
501.8625183105469,406.174072265625,502.8926696777344,402.6539306640625,501.10638427734375,402.79095458984375,510.7064208984375,400.9771728515625,507.1492919921875,400.7692565917969,529.5585327148438,413.5907287597656,513.1599731445312,412.6206970214844,545.1712646484375,435.2505187988281,518.355712890625,436.736572265625,548.0677490234375,452.0538330078125,515.4981689453125,459.2624816894531,544.5448608398438,454.221923828125,531.2002563476562,453.6317138671875,553.9969482421875,492.5108642578125,511.4339294433594,489.6763916015625,570.77197265625,532.2750244140625,510.2630920410156,524.3941650390625
495.7264404296875,410.5367736816406,496.37969970703125,406.85760498046875,494.53900146484375,407.1099853515625,502.41156005859375,404.2052001953125,499.5910339355469,404.2457275390625,521.8309936523438,415.82122802734375,504.6471862792969,414.0757141113281,540.0031127929688,437.57659912109375,513.1177978515625,435.276611328125,549.0396118164062,458.303955078125,509.71282958984375,454.6452331542969,536.2293090820312,458.0033264160156,522.9412841796875,457.1333312988281,544.2069702148438,493.7999267578125,504.4573059082031,490.5562744140625,563.0242919921875,533.08544921875,509.6341247558594,524.1118774414062
492.8539123535156,410.80914306640625,493.5796813964844,407.53326416015625,491.9509582519531,407.6030578613281,497.951416015625,405.60406494140625,495.61541748046875,405.3741149902344,514.1369018554688,416.3717041015625,497.68157958984375,415.1469421386719,533.915283203125,437.15240478515625,503.57666015625,435.72802734375,546.8272094726562,457.0257263183594,500.5539855957031,452.2315368652344,526.3728637695312,458.88128662109375,513.6607666015625,458.4405822753906,531.173828125,494.6558837890625,496.2814025878906,492.64599609375,558.5447998046875,529.8890991210938,507.9276428222656,523.6920166015625
485.2395324707031,407.2236022949219,486.3396301269531,403.9110107421875,485.1117248535156,404.5944519042969,493.003173828125,402.6589050292969,491.6017150878906,404.375244140625,509.31341552734375,413.9670104980469,492.4683837890625,416.0805969238281,527.4927978515625,433.90911865234375,491.2035827636719,437.8849182128906,545.688232421875,457.3541564941406,485.0691223144531,452.15081787109375,517.3695068359375,457.7198486328125,505.9145812988281,458.778564453125,521.16650390625,495.7017822265625,496.0606994628906,496.72711181640625,545.5799560546875,527.890625,512.58544921875,527.5406494140625
481.0633544921875,404.38531494140625,482.5877380371094,400.8016662597656,480.762939453125,401.90252685546875,490.0566711425781,399.2816467285156,485.7641906738281,402.32403564453125,506.2117919921875,411.61370849609375,485.05169677734375,416.083740234375,525.4268798828125,430.67578125,480.85064697265625,436.1003723144531,540.4298095703125,451.2062072753906,475.9241638183594,449.0898742675781,512.3466186523438,457.75213623046875,498.6494445800781,459.8636779785156,513.9375,493.03460693359375,495.5255432128906,495.59881591796875,535.1912231445312,519.715576171875,512.9785766601562,521.8434448242188
