x0,y0,x1,y1,x2,y2,x3,y3,x4,y4,x5,y5,x6,y6,x7,y7,x8,y8,x9,y9,x10,y10,x11,y11,x12,y12,x13,y13,x14,y14,x15,y15,x16,y16
0.0,0.0,0.0,0.0,0.0,0.0,0.0,0.0,0.0,0.0,0.0,0.0,0.0,0.0,0.0,0.0,0.0,0.0,0.0,0.0,0.0,0.0,0.0,0.0,0.0,0.0,0.0,0.0,0.0,0.0,0.0,0.0,0.0,0.0
0.0,0.0,0.0,0.0,0.0,0.0,0.0,0.0,0.0,0.0,0.0,0.0,0.0,0.0,0.0,0.0,0.0,0.0,0.0,0.0,0.0,0.0,0.0,0.0,0.0,0.0,0.0,0.0,0.0,0.0,0.0,0.0,0.0,0.0
0.0,0.0,0.0,0.0,0.0,0.0,0.0,0.0,0.0,0.0,0.0,0.0,0.0,0.0,0.0,0.0,0.0,0.0,0.0,0.0,0.0,0.0,0.0,0.0,0.0,0.0,0.0,0.0,0.0,0.0,0.0,0.0,0.0,0.0
0.0,0.0,0.0,0.0,0.0,0.0,0.0,0.0,0.0,0.0,0.0,0.0,0.0,0.0,0.0,0.0,0.0,0.0,0.0,0.0,0.0,0.0,0.0,0.0,0.0,0.0,0.0,0.0,0.0,0.0,0.0,0.0,0.0,0.0
0.0,0.0,0.0,0.0,0.0,0.0,0.0,0.0,0.0,0.0,0.0,0.0,0.0,0.0,0.0,0.0,0.0,0.0,0.0,0.0,0.0,0.0,0.0,0.0,0.0,0.0,0.0,0.0,0.0,0.0,0.0,0.0,0.0,0.0
0.0,0.0,0.0,0.0,0.0,0.0,0.0,0.0,0.0,0.0,0.0,0.0,0.0,0.0,0.0,0.0,0.0,0.0,0.0,0.0,0.0,0.0,0.0,0.0,0.0,0.0,0.0,0.0,0.0,0.0,0.0,0.0,0.0,0.0
0.0,0.0,0.0,0.0,0.0,0.0,0.0,0.0,0.0,0.0,0.0,0.0,0.0,0.0,0.0,0.0,0.0,0.0,0.0,0.0,0.0,0.0,0.0,0.0,0.0,0.0,0.0,0.0,0.0,0.0,0.0,0.0,0.0,0.0
0.0,0.0,0.0,0.0,0.0,0.0,0.0,0.0,0.0,0.0,0.0,0.0,0.0,0.0,0.0,0.0,0.0,0.0,0.0,0.0,0.0,0.0,0.0,0.0,0.0,0.0,0.0,0.0,0.0,0.0,0.0,0.0,0.0,0.0
0.0,0.0,0.0,0.0,0.0,0.0,0.0,0.0,0.0,0.0,0.0,0.0,0.0,0.0,0.0,0.0,0.0,0.0,0.0,0.0,0.0,0.0,0.0,0.0,0.0,0.0,0.0,0.0,0.0,0.0,0.0,0.0,0.0,0.0
0.0,0.0,0.0,0.0,0.0,0.0,0.0,0.0,0.0,0.0,0.0,0.0,0.0,0.0,0.0,0.0,0.0,0.0,0.0,0.0,0.0,0.0,0.0,0.0,0.0,0.0,0.0,0.0,0.0,0.0,0.0,0.0,0.0,0.0
0.0,0.0,0.0,0.0,0.0,0.0,0.0,0.0,0.0,0.0,0.0,0.0,0.0,0.0,0.0,0.0,0.0,0.0,0.0,0.0,0.0,0.0,0.0,0.0,0.0,0.0,0.0,0.0,0.0,0.0,0.0,0.0,0.0,0.0
0.0,0.0,0.0,0.0,0.0,0.0,0.0,0.0,0.0,0.0,0.0,0.0,0.0,0.0,0.0,0.0,0.0,0.0,0.0,0.0,0.0,0.0,0.0,0.0,0.0,0.0,0.0,0.0,0.0,0.0,0.0,0.0,0.0,0.0
0.0,0.0,0.0,0.0,0.0,0.0,0.0,0.0,0.0,0.0,0.0,0.0,0.0,0.0,0.0,0.0,0.0,0.0,0.0,0.0,0.0,0.0,0.0,0.0,0.0,0.0,0.0,0.0,0.0,0.0,0.0,0.0,0.0,0.0
0.0,0.0,0.0,0.0,0.0,0.0,0.0,0.0,0.0,0.0,0.0,0.0,0.0,0.0,0.0,0.0,0.0,0.0,0.0,0.0,0.0,0.0,0.0,0.0,0.0,0.0,0.0,0.0,0.0,0.0,0.0,0.0,0.0,0.0
0.0,0.0,0.0,0.0,0.0,0.0,0.0,0.0,0.0,0.0,0.0,0.0,0.0,0.0,0.0,0.0,0.0,0.0,0.0,0.0,0.0,0.0,0.0,0.0,0.0,0.0,0.0,0.0,0.0,0.0,0.0,0.0,0.0,0.0
0.0,0.0,0.0,0.0,0.0,0.0,0.0,0.0,0.0,0.0,0.0,0.0,0.0,0.0,0.0,0.0,0.0,0.0,0.0,0.0,0.0,0.0,0.0,0.0,0.0,0.0,0.0,0.0,0.0,0.0,0.0,0.0,0.0,0.0
0.0,0.0,0.0,0.0,0.0,0.0,0.0,0.0,0.0,0.0,0.0,0.0,0.0,0.0,0.0,0.0,0.0,0.0,0.0,0.0,0.0,0.0,0.0,0.0,0.0,0.0,0.0,0.0,0.0,0.0,0.0,0.0,0.0,0.0
0.0,0.0,0.0,0.0,0.0,0.0,0.0,0.0,0.0,0.0,0.0,0.0,0.0,0.0,0.0,0.0,0.0,0.0,0.0,0.0,0.0,0.0,0.0,0.0,0.0,0.0,0.0,0.0,0.0,0.0,0.0,0.0,0.0,0.0
0.0,0.0,0.0,0.0,0.0,0.0,0.0,0.0,0.0,0.0,0.0,0.0,0.0,0.0,0.0,0.0,0.0,0.0,0.0,0.0,0.0,0.0,0.0,0.0,0.0,0.0,0.0,0.0,0.0,0.0,0.0,0.0,0.0,0.0
0.0,0.0,0.0,0.0,0.0,0.0,0.0,0.0,0.0,0.0,0.0,0.0,0.0,0.0,0.0,0.0,0.0,0.0,0.0,0.0,0.0,0.0,0.0,0.0,0.0,0.0,0.0,0.0,0.0,0.0,0.0,0.0,0.0,0.0
0.0,0.0,0.0,0.0,0.0,0.0,0.0,0.0,0.0,0.0,0.0,0.0,0.0,0.0,0.0,0.0,0.0,0.0,0.0,0.0,0.0,0.0,0.0,0.0,0.0,0.0,0.0,0.0,0.0,0.0,0.0,0.0,0.0,0.0
0.0,0.0,0.0,0.0,0.0,0.0,0.0,0.0,0.0,0.0,0.0,0.0,0.0,0.0,0.0,0.0,0.0,0.0,0.0,0.0,0.0,0.0,0.0,0.0,0.0,0.0,0.0,0.0,0.0,0.0,0.0,0.0,0.0,0.0
0.0,0.0,0.0,0.0,0.0,0.0,0.0,0.0,0.0,0.0,0.0,0.0,0.0,0.0,0.0,0.0,0.0,0.0,0.0,0.0,0.0,0.0,0.0,0.0,0.0,0.0,0.0,0.0,0.0,0.0,0.0,0.0,0.0,0.0
0.0,0.0,0.0,0.0,0.0,0.0,0.0,0.0,0.0,0.0,0.0,0.0,0.0,0.0,0.0,0.0,0.0,0.0,0.0,0.0,0.0,0.0,0.0,0.0,0.0,0.0,0.0,0.0,0.0,0.0,0.0,0.0,0.0,0.0
0.0,0.0,0.0,0.0,0.0,0.0,0.0,0.0,0.0,0.0,0.0,0.0,0.0,0.0,0.0,0.0,0.0,0.0,0.0,0.0,0.0,0.0,0.0,0.0,0.0,0.0,0.0,0.0,0.0,0.0,0.0,0.0,0.0,0.0
0.0,0.0,0.0,0.0,0.0,0.0,0.0,0.0,0.0,0.0,0.0,0.0,0.0,0.0,0.0,0.0,0.0,0.0,0.0,0.0,0.0,0.0,0.0,0.0,0.0,0.0,0.0,0.0,0.0,0.0,0.0,0.0,0.0,0.0
0.0,0.0,0.0,0.0,0.0,0.0,0.0,0.0,0.0,0.0,0.0,0.0,0.0,0.0,0.0,0.0,0.0,0.0,0.0,0.0,0.0,0.0,0.0,0.0,0.0,0.0,0.0,0.0,0.0,0.0,0.0,0.0,0.0,0.0
0.0,0.0,0.0,0.0,0.0,0.0,0.0,0.0,0.0,0.0,0.0,0.0,0.0,0.0,0.0,0.0,0.0,0.0,0.0,0.0,0.0,0.0,0.0,0.0,0.0,0.0,0.0,0.0,0.0,0.0,0.0,0.0,0.0,0.0
0.0,0.0,0.0,0.0,0.0,0.0,0.0,0.0,0.0,0.0,0.0,0.0,0.0,0.0,0.0,0.0,0.0,0.0,0.0,0.0,0.0,0.0,0.0,0.0,0.0,0.0,0.0,0.0,0.0,0.0,0.0,0.0,0.0,0.0
0.0,0.0,0.0,0.0,0.0,0.0,0.0,0.0,0.0,0.0,0.0,0.0,0.0,0.0,0.0,0.0,0.0,0.0,0.0,0.0,0.0,0.0,0.0,0.0,0.0,0.0,0.0,0.0,0.0,0.0,0.0,0.0,0.0,0.0
0.0,0.0,0.0,0.0,0.0,0.0,0.0,0.0,0.0,0.0,0.0,0.0,0.0,0.0,0.0,0.0,0.0,0.0,0.0,0.0,0.0,0.0,0.0,0.0,0.0,0.0,0.0,0.0,0.0,0.0,0.0,0.0,0.0,0.0
0.0,0.0,0.0,0.0,0.0,0.0,0.0,0.0,0.0,0.0,0.0,0.0,0.0,0.0,0.0,0.0,0.0,0.0,0.0,0.0,0.0,0.0,0.0,0.0,0.0,0.0,0.0,0.0,0.0,0.0,0.0,0.0,0.0,0.0
0.0,0.0,0.0,0.0,0.0,0.0,0.0,0.0,0.0,0.0,0.0,0.0,0.0,0.0,0.0,0.0,0.0,0.0,0.0,0.0,0.0,0.0,0.0,0.0,0.0,0.0,0.0,0.0,0.0,0.0,0.0,0.0,0.0,0.0
0.0,0.0,0.0,0.0,0.0,0.0,0.0,0.0,0.0,0.0,0.0,0.0,0.0,0.0,0.0,0.0,0.0,0.0,0.0,0.0,0.0,0.0,0.0,0.0,0.0,0.0,0.0,0.0,0.0,0.0,0.0,0.0,0.0,0.0
0.0,0.0,0.0,0.0,0.0,0.0,0.0,0.0,0.0,0.0,0.0,0.0,0.0,0.0,0.0,0.0,0.0,0.0,0.0,0.0,0.0,0.0,0.0,0.0,0.0,0.0,0.0,0.0,0.0,0.0,0.0,0.0,0.0,0.0
0.0,0.0,0.0,0.0,0.0,0.0,0.0,0.0,0.0,0.0,0.0,0.0,0.0,0.0,0.0,0.0,0.0,0.0,0.0,0.0,0.0,0.0,0.0,0.0,0.0,0.0,0.0,0.0,0.0,0.0,0.0,0.0,0.0,0.0
619.6681518554688,250.607177734375,622.042236328125,247.99884033203125,617.66064453125,247.9288330078125,627.0879516601562,249.30068969726562,614.8644409179688,249.06991577148438,634.217041015625,264.96014404296875,609.2362060546875,262.67498779296875,641.107666015625,282.9995422363281,597.8416748046875,274.30621337890625,644.497314453125,300.288818359375,593.5263061523438,285.81298828125,631.4463500976562,297.15924072265625,613.3320922851562,296.51776123046875,638.899658203125,322.89801025390625,601.8452758789062,321.86669921875,644.7999877929688,351.9295959472656,596.1110229492188,350.3283386230469
621.2738037109375,251.87142944335938,623.5533447265625,249.45034790039062,619.2127685546875,249.28271484375,628.458984375,250.4019775390625,615.91552734375,249.87088012695312,635.0504760742188,264.675537109375,610.5897216796875,262.7508544921875,641.6173706054688,282.0863952636719,600.6331176757812,274.6733093261719,644.9632568359375,299.0915222167969,594.2063598632812,284.8794250488281,632.5941772460938,296.38861083984375,614.85595703125,295.57275390625,641.4871826171875,321.9278869628906,601.9083862304688,321.26751708984375,647.6573486328125,350.9054870605469,593.7369995117188,350.5401611328125
621.2456665039062,251.83111572265625,623.5296630859375,249.41122436523438,619.1915283203125,249.24200439453125,628.4522094726562,250.37326049804688,615.9083251953125,249.83770751953125,635.0580444335938,264.657470703125,610.5731811523438,262.72015380859375,641.6136474609375,282.0650939941406,600.6009521484375,274.6048278808594,644.94287109375,299.0725402832031,594.2030029296875,284.76123046875,632.5863037109375,296.3760986328125,614.8388671875,295.5522155761719,641.3898315429688,321.9375305175781,601.8760375976562,321.27392578125,647.5213623046875,350.8999938964844,593.7410888671875,350.5436096191406
622.486572265625,252.45068359375,624.693603515625,250.10247802734375,620.5701293945312,249.91281127929688,629.384521484375,250.8922119140625,617.3998413085938,250.3443603515625,635.7743530273438,264.68109130859375,612.070556640625,262.8380126953125,642.8117065429688,281.9326171875,602.0323486328125,274.4012756347656,645.606201171875,299.4342346191406,595.7687377929688,284.3685302734375,633.19189453125,295.7048034667969,615.745361328125,294.9804992675781,642.4271850585938,321.3060302734375,601.6111450195312,320.87542724609375,651.7160034179688,349.3707580566406,594.559326171875,349.5029296875
625.3054809570312,253.12557983398438,627.7513427734375,250.84854125976562,623.0288696289062,250.65090942382812,632.2392578125,251.7877197265625,619.4359741210938,251.3583984375,638.50146484375,265.52020263671875,613.3331909179688,263.6601867675781,644.7783813476562,283.5002136230469,603.6077270507812,277.66619873046875,645.7722778320312,299.1478271484375,599.034423828125,288.1784973144531,635.6236572265625,296.2659912109375,616.8430786132812,295.3330383300781,647.630126953125,320.522705078125,602.026611328125,319.78411865234375,658.2981567382812,348.2677917480469,595.4551391601562,348.0284423828125
626.3317260742188,254.23599243164062,628.3896484375,251.781494140625,623.8864135742188,251.8515625,631.8653564453125,252.47360229492188,620.0155639648438,252.50860595703125,637.835693359375,266.1589660644531,614.8734130859375,265.44110107421875,645.5621948242188,282.9288330078125,604.1976928710938,279.330810546875,647.2798461914062,296.9544677734375,598.98388671875,289.5647277832031,635.989013671875,297.3403625488281,618.21240234375,296.7455139160156,649.4105224609375,322.1246643066406,604.9693603515625,321.5249328613281,659.8995971679688,349.67059326171875,594.9263916015625,348.9019775390625
627.85888671875,254.48992919921875,629.8917846679688,252.0078125,625.55517578125,252.11874389648438,633.7195434570312,252.59658813476562,622.0504760742188,252.79473876953125,640.3873291015625,265.7718811035156,617.1679077148438,265.1690673828125,648.68310546875,282.5810546875,607.51416015625,277.6505126953125,651.408447265625,298.4026794433594,601.6310424804688,285.7773132324219,638.615966796875,296.25372314453125,620.7688598632812,295.74066162109375,650.8580322265625,321.4560852050781,606.8782348632812,321.27569580078125,659.0836181640625,348.7496337890625,595.413818359375,348.6903076171875
630.4320678710938,255.7376708984375,632.325927734375,253.28253173828125,628.37841796875,253.33642578125,635.9703369140625,253.50811767578125,625.1575927734375,253.58203125,642.701171875,265.72088623046875,620.0816650390625,264.442138671875,650.4430541992188,282.32293701171875,611.069580078125,275.10614013671875,653.568115234375,299.6403503417969,605.3093872070312,282.6785888671875,640.3035888671875,294.71142578125,622.8135375976562,293.88604736328125,652.2755737304688,321.0333251953125,608.9246215820312,320.4893493652344,659.5980224609375,347.9871520996094,596.7613525390625,347.35772705078125
630.4404907226562,255.727783203125,632.324462890625,253.27001953125,628.3875122070312,253.3345947265625,635.9786987304688,253.490478515625,625.1948852539062,253.59201049804688,642.7379150390625,265.7065734863281,620.1934204101562,264.43316650390625,650.4928588867188,282.2454833984375,611.1557006835938,274.9780578613281,653.63427734375,299.53582763671875,605.2953491210938,282.4611511230469,640.3369750976562,294.7281494140625,622.8991088867188,293.89654541015625,652.2706298828125,321.0325622558594,608.9609375,320.47210693359375,659.6242065429688,347.9970397949219,596.7774047851562,347.32562255859375
630.4215698242188,253.28558349609375,632.3554077148438,250.96234130859375,628.229736328125,250.932861328125,636.475341796875,251.29946899414062,625.6090087890625,251.23968505859375,643.7171020507812,264.3395080566406,621.7294311523438,261.52813720703125,652.2968139648438,281.36834716796875,613.2794189453125,271.6099853515625,655.7420654296875,298.2977294921875,608.80078125,276.7701721191406,640.9571533203125,293.9000244140625,624.2816162109375,292.32098388671875,651.9829711914062,318.96563720703125,608.4218139648438,317.4840087890625,660.785400390625,345.19287109375,598.8455200195312,343.4222412109375
631.0435791015625,250.16635131835938,633.0594482421875,247.86380004882812,628.8628540039062,247.6871337890625,637.0363159179688,248.155029296875,626.2042236328125,247.70684814453125,643.514892578125,260.92041015625,622.6806030273438,258.051025390625,652.165283203125,277.5000305175781,615.2930908203125,269.0521545410156,655.6458129882812,293.34686279296875,610.0943603515625,277.2508544921875,641.1908569335938,291.3318176269531,625.3055419921875,289.72784423828125,651.5741577148438,316.8690490722656,609.52783203125,315.0198974609375,660.8067626953125,344.58343505859375,600.2813720703125,341.9896240234375
630.491455078125,247.338134765625,632.3856811523438,245.13717651367188,628.5863037109375,244.92449951171875,635.6168823242188,245.6788330078125,626.1835327148438,245.16995239257812,642.1315307617188,258.5223693847656,621.8200073242188,255.83349609375,650.1980590820312,275.2164001464844,613.9923706054688,267.1014709472656,651.9986572265625,290.1781921386719,607.3580322265625,275.28509521484375,640.904052734375,290.7454528808594,625.352294921875,288.8843994140625,649.3565063476562,316.05657958984375,610.0659790039062,314.1141052246094,658.3680419921875,344.8411560058594,601.200439453125,342.1527099609375
630.1723022460938,246.53604125976562,632.2146606445312,244.3040771484375,628.2279052734375,243.94610595703125,635.6135864257812,245.12753295898438,625.5801391601562,244.20770263671875,642.1475830078125,258.8533020019531,621.03857421875,255.27096557617188,649.8543090820312,276.637451171875,613.407470703125,266.8692626953125,651.55517578125,292.8770446777344,607.0521850585938,276.44873046875,640.8892211914062,290.59857177734375,624.857666015625,288.300537109375,649.0214233398438,314.1773681640625,609.0747680664062,311.59893798828125,658.188720703125,343.40240478515625,601.4539794921875,339.801025390625
630.0118408203125,246.679931640625,632.0828857421875,244.4849853515625,628.2578735351562,244.06216430664062,635.3717651367188,245.30963134765625,625.8850708007812,244.28701782226562,641.4437866210938,258.5241394042969,621.1162109375,255.48770141601562,649.8638916015625,275.7949523925781,613.1984252929688,268.3741455078125,651.8226318359375,292.34014892578125,606.290283203125,281.69720458984375,639.71484375,290.0297546386719,624.2203979492188,288.0205383300781,648.3001708984375,313.2666320800781,609.3118286132812,310.8382263183594,658.2288208007812,342.4971618652344,602.005126953125,338.81549072265625
629.9027099609375,246.70791625976562,631.9893798828125,244.51336669921875,628.1690063476562,244.07772827148438,635.3426513671875,245.33444213867188,625.8731079101562,244.28408813476562,641.4386596679688,258.56341552734375,621.1652221679688,255.42959594726562,650.009033203125,275.88067626953125,613.1524047851562,268.17034912109375,652.0704956054688,292.5013427734375,606.0042724609375,281.36053466796875,639.6889038085938,290.0436096191406,624.2653198242188,287.9897766113281,648.1859130859375,313.1954345703125,609.4576416015625,310.7237548828125,658.1175537109375,342.5393981933594,602.2583618164062,338.81072998046875
629.0320434570312,248.08883666992188,631.1627807617188,245.88055419921875,627.4136352539062,245.45562744140625,634.83447265625,246.51123046875,625.4409790039062,245.52926635742188,641.2317504882812,259.3823547363281,620.869873046875,256.7072448730469,650.0618896484375,276.8877258300781,612.9609985351562,270.4071044921875,651.4169921875,293.86602783203125,605.6768188476562,284.84478759765625,640.0826416015625,290.4518737792969,624.6192016601562,288.6239013671875,648.3798828125,313.002685546875,609.652587890625,310.8271484375,658.4678955078125,341.80291748046875,602.9105224609375,338.47802734375
628.8255004882812,250.18377685546875,631.0980224609375,247.32611083984375,627.12353515625,247.1689453125,634.9708251953125,247.55429077148438,624.8511962890625,247.194580078125,641.126220703125,259.6197814941406,621.2892456054688,259.670166015625,650.4081420898438,275.50518798828125,614.1158447265625,276.2126770019531,656.9456787109375,293.23150634765625,609.9584350585938,292.9752197265625,639.8863525390625,290.3978271484375,625.7183227539062,290.356689453125,651.1604614257812,315.8331604003906,612.7315063476562,315.6956787109375,658.6784057617188,343.73638916015625,605.4606323242188,343.640625
630.9194946289062,254.19534301757812,632.73779296875,251.86154174804688,628.8330688476562,251.70370483398438,636.1935424804688,252.3720703125,625.5006713867188,251.89456176757812,642.5560913085938,264.9123840332031,620.8779296875,262.8242492675781,650.9968872070312,281.3502197265625,612.0938720703125,274.943115234375,655.3939208984375,298.1824035644531,605.4724731445312,288.5674133300781,640.5950927734375,292.1139221191406,624.8223266601562,291.170166015625,647.5969848632812,318.24139404296875,611.9157104492188,316.65802001953125,655.8575439453125,346.17547607421875,606.207763671875,343.2847595214844
630.9935302734375,258.0484619140625,632.6234130859375,255.78347778320312,628.9098510742188,255.66448974609375,635.5783081054688,256.07501220703125,625.4053955078125,255.63958740234375,641.7112426757812,267.7944030761719,620.5635986328125,265.468994140625,650.1951293945312,283.194091796875,610.6281127929688,276.23345947265625,654.6964111328125,298.3739013671875,604.2532348632812,288.32464599609375,639.3737182617188,294.1008605957031,624.030029296875,292.9798278808594,645.5079345703125,319.7928161621094,610.5755615234375,317.8855285644531,654.4656982421875,346.2344055175781,605.5491333007812,342.80303955078125
627.4890747070312,259.177001953125,629.263427734375,256.8326110839844,625.251953125,256.75445556640625,632.8562622070312,257.2429504394531,621.7227783203125,256.9383239746094,639.5300903320312,269.4939880371094,618.3264770507812,267.96453857421875,650.0181884765625,283.841796875,608.8389282226562,280.01959228515625,653.37939453125,298.3338623046875,604.1043701171875,294.4859924316406,639.3973388671875,298.12628173828125,624.0317993164062,297.18585205078125,644.6996459960938,322.83642578125,609.6145629882812,320.96307373046875,653.4534912109375,346.9071960449219,603.8473510742188,343.0782470703125
627.1595458984375,259.528564453125,628.9382934570312,257.1877136230469,625.0116577148438,257.093994140625,632.6492309570312,257.5646057128906,621.6490478515625,257.2467041015625,639.4502563476562,269.8058776855469,618.3814697265625,268.1955261230469,649.9060668945312,284.40179443359375,608.8602294921875,280.0688781738281,652.0111694335938,299.0209045410156,604.153076171875,294.2913818359375,639.4282836914062,298.6831359863281,624.1345825195312,297.6938171386719,644.7578125,323.11920166015625,609.7503051757812,321.2262268066406,653.6124877929688,347.029541015625,604.093994140625,343.2220153808594
625.1851806640625,259.5448303222656,626.7645874023438,257.26385498046875,622.9892578125,257.2662658691406,630.0621337890625,257.78936767578125,619.5762939453125,257.6419372558594,636.7222290039062,269.8699951171875,616.0870971679688,268.8511047363281,646.6271362304688,284.0753173828125,608.5022583007812,281.42041015625,651.0844116210938,297.78411865234375,606.1326293945312,294.4226989746094,637.0509033203125,299.2577209472656,621.82861328125,298.7217712402344,645.477783203125,323.70831298828125,609.3115844726562,322.375244140625,652.96533203125,346.78021240234375,601.0565185546875,343.60406494140625
622.0784301757812,256.6959228515625,623.4989013671875,254.30093383789062,619.5948486328125,254.52597045898438,626.526611328125,254.78262329101562,616.0907592773438,255.07217407226562,632.7549438476562,266.2934875488281,613.2588500976562,266.6518859863281,642.727783203125,280.1688537597656,608.6961059570312,281.8212890625,647.673583984375,291.5097961425781,612.2247924804688,295.3532409667969,634.9280395507812,295.921142578125,620.2621459960938,296.29510498046875,647.1393432617188,321.3116149902344,612.2437744140625,320.92352294921875,654.303466796875,345.178466796875,602.9812622070312,343.2568359375
619.5360717773438,255.43569946289062,620.9783325195312,252.71408081054688,617.1268310546875,253.06201171875,622.9915771484375,252.8712158203125,613.4653930664062,253.61648559570312,627.7518920898438,263.97430419921875,609.8885498046875,265.8702087402344,638.6336059570312,277.6646423339844,606.9407958984375,282.3586120605469,644.8802490234375,289.12066650390625,612.4883422851562,295.651123046875,627.8187866210938,293.631103515625,615.7532958984375,295.07733154296875,638.9436645507812,318.14556884765625,623.3616943359375,319.32843017578125,641.5286254882812,343.7242431640625,623.3786010742188,344.4080810546875
619.13623046875,249.85995483398438,620.0440063476562,247.33203125,616.3627319335938,247.73086547851562,620.3987426757812,248.30374145507812,612.0115966796875,249.0272216796875,621.2099609375,260.92156982421875,610.9302978515625,261.9989013671875,635.9549560546875,274.1357727050781,616.1134643554688,277.65753173828125,646.3901977539062,281.1463623046875,627.7025756835938,284.62969970703125,617.685302734375,292.1558837890625,614.629150390625,293.240966796875,621.2294311523438,316.9190673828125,640.9306640625,317.4957275390625,608.0304565429688,342.08465576171875,647.2227783203125,343.0709228515625
616.9654541015625,247.54830932617188,617.4474487304688,244.95294189453125,614.3798828125,245.44580078125,616.705078125,246.61309814453125,611.0498046875,247.3470458984375,615.1005249023438,258.1463317871094,609.9240112304688,259.7274475097656,627.7197265625,267.91729736328125,617.6111450195312,274.4171142578125,639.5072631835938,265.1878356933594,630.08154296875,277.3105163574219,608.0384521484375,290.0472106933594,607.3153076171875,291.3576354980469,619.8018188476562,314.6275939941406,637.5447998046875,315.2082214355469,607.4703979492188,342.83966064453125,638.9849853515625,344.2330017089844
616.983642578125,247.77615356445312,617.482421875,245.1658935546875,614.3892822265625,245.69668579101562,616.84619140625,246.85195922851562,611.1260375976562,247.69775390625,615.2670288085938,258.410888671875,609.9672241210938,260.0816345214844,627.525146484375,268.3508605957031,617.8743896484375,274.7237854003906,638.94775390625,265.5000915527344,630.4052734375,276.8415832519531,607.6427001953125,290.1871643066406,606.7574462890625,291.5472412109375,619.9740600585938,314.5412902832031,637.3619384765625,315.23779296875,607.4533081054688,342.8623046875,638.5885009765625,344.4369812011719
613.7041015625,243.43643188476562,614.1659545898438,240.658935546875,610.8671264648438,241.51943969726562,613.9853515625,243.32943725585938,608.630126953125,245.21954345703125,612.8875122070312,255.6744384765625,607.4996948242188,257.8828125,623.513427734375,262.8136291503906,618.7239990234375,265.4528503417969,630.6386108398438,257.3965148925781,628.7935791015625,253.91171264648438,599.6581420898438,290.855224609375,596.139892578125,292.5027770996094,626.4682006835938,312.4507751464844,624.8240966796875,314.50860595703125,609.0107421875,338.191650390625,609.1248779296875,341.73724365234375
616.6315307617188,243.538818359375,616.4129028320312,240.94717407226562,614.9616088867188,241.32489013671875,612.7542724609375,244.20407104492188,612.4918212890625,245.0025634765625,609.0467529296875,255.69219970703125,606.0214233398438,256.51177978515625,613.2947998046875,256.44451904296875,609.4454956054688,258.1767272949219,619.4497680664062,244.50567626953125,613.7108154296875,245.85690307617188,595.155029296875,290.6049499511719,593.61328125,291.6419372558594,619.5790405273438,312.99951171875,622.8148193359375,314.06292724609375,603.4198608398438,338.397705078125,611.0225830078125,340.81573486328125
609.474853515625,237.637451171875,611.8141479492188,234.96347045898438,607.4054565429688,234.82730102539062,613.7395629882812,238.50296020507812,604.9439697265625,238.1322021484375,607.9878540039062,251.49789428710938,600.8392944335938,250.55221557617188,605.1525268554688,247.07388305664062,596.99951171875,246.05606079101562,607.3844604492188,235.08364868164062,599.1090698242188,237.7591552734375,597.8438720703125,289.35296630859375,593.712158203125,289.3797607421875,612.84423828125,315.26898193359375,617.7839965820312,315.1954040527344,598.9498901367188,341.6375732421875,607.43994140625,342.49554443359375
604.3155517578125,238.68304443359375,605.8883666992188,236.05633544921875,602.4177856445312,236.11065673828125,607.2842407226562,239.74566650390625,600.3878784179688,239.70745849609375,605.6299438476562,252.3643798828125,596.3364868164062,251.617431640625,608.1834106445312,246.298095703125,595.5066528320312,245.12448120117188,607.6461181640625,235.38238525390625,597.868408203125,236.51727294921875,595.974853515625,288.63720703125,590.2757568359375,288.588134765625,607.31884765625,315.49871826171875,610.1632690429688,315.351806640625,597.1551513671875,341.921142578125,604.0455932617188,342.7759094238281
597.8251342773438,232.8099365234375,599.6675415039062,230.15283203125,596.3983154296875,230.264404296875,602.1691284179688,234.32363891601562,595.8617553710938,234.52764892578125,600.9577026367188,247.19757080078125,591.7953491210938,246.82196044921875,597.1654052734375,240.89398193359375,585.44091796875,239.16143798828125,589.8275756835938,229.12777709960938,581.3765258789062,229.02430725097656,591.9122924804688,284.09283447265625,586.9080810546875,284.0692443847656,595.348876953125,313.93902587890625,604.3659057617188,314.3922119140625,584.6110229492188,339.2844543457031,602.3841552734375,341.4183044433594
596.5338745117188,233.96133422851562,597.4356079101562,231.04811096191406,594.9042358398438,231.14404296875,595.7891235351562,232.23037719726562,591.5054321289062,232.638916015625,595.2947998046875,244.2479248046875,590.9064331054688,244.41510009765625,594.5953979492188,249.17684936523438,590.5671997070312,248.19964599609375,590.9588623046875,218.92318725585938,596.0667724609375,218.70591735839844,595.589111328125,284.61944580078125,592.529296875,284.687255859375,596.8798828125,315.4139099121094,596.2138671875,315.1507263183594,596.4148559570312,343.5857849121094,594.24560546875,343.5065002441406
597.6554565429688,229.89505004882812,598.4772338867188,226.91424560546875,595.2620849609375,227.06971740722656,597.1226806640625,230.06784057617188,590.1342163085938,229.9566650390625,595.6371459960938,241.865966796875,585.1018676757812,241.27728271484375,595.3090209960938,238.6865234375,581.8863525390625,235.031982421875,589.9476928710938,227.63442993164062,579.428466796875,223.30580139160156,592.7396240234375,279.5438537597656,586.9852294921875,279.84442138671875,593.4722900390625,311.1531677246094,601.1547241210938,311.89501953125,583.9049682617188,338.0613708496094,601.2005004882812,341.3088684082031
593.355712890625,226.8956298828125,593.151611328125,223.73690795898438,591.1438598632812,224.17596435546875,590.2161254882812,226.60484313964844,586.5839233398438,226.93572998046875,589.654052734375,237.54486083984375,582.4359741210938,237.5457763671875,587.8390502929688,233.52435302734375,577.8936767578125,231.41595458984375,580.8652954101562,220.33509826660156,572.9938354492188,219.5967254638672,587.652099609375,276.8105163574219,584.8851318359375,277.2784729003906,582.3209228515625,307.95703125,597.89501953125,308.8520812988281,565.5064697265625,332.19146728515625,595.841064453125,335.5555419921875
591.2124633789062,232.46426391601562,590.6683349609375,229.51657104492188,588.3418579101562,229.9358367919922,586.7221069335938,232.71493530273438,582.404296875,232.58645629882812,585.3030395507812,243.77096557617188,578.741943359375,241.70843505859375,580.0631103515625,238.22360229492188,570.3230590820312,232.0045166015625,573.2060546875,223.6638946533203,562.5529174804688,222.0250244140625,583.5628051757812,280.2992248535156,580.1063842773438,279.82568359375,586.1685180664062,309.3608703613281,592.5243530273438,308.3234558105469,567.5704345703125,330.33819580078125,580.2577514648438,330.30206298828125
582.6116333007812,231.0247039794922,584.430908203125,229.01345825195312,581.0023803710938,228.74269104003906,586.6481323242188,231.88510131835938,579.1380615234375,230.88449096679688,587.2216186523438,242.3018798828125,573.5108032226562,239.97268676757812,584.3754272460938,237.71832275390625,562.9183349609375,232.583740234375,582.31201171875,221.5268096923828,557.5214233398438,221.0624237060547,583.939453125,275.0062255859375,575.2259521484375,274.3438720703125,587.1886596679688,303.2328186035156,583.982666015625,302.45391845703125,575.122314453125,325.367919921875,573.9724731445312,325.4346618652344
0.0,0.0,0.0,0.0,0.0,0.0,0.0,0.0,0.0,0.0,0.0,0.0,0.0,0.0,0.0,0.0,0.0,0.0,0.0,0.0,0.0,0.0,0.0,0.0,0.0,0.0,0.0,0.0,0.0,0.0,0.0,0.0,0.0,0.0
0.0,0.0,0.0,0.0,0.0,0.0,0.0,0.0,0.0,0.0,0.0,0.0,0.0,0.0,0.0,0.0,0.0,0.0,0.0,0.0,0.0,0.0,0.0,0.0,0.0,0.0,0.0,0.0,0.0,0.0,0.0,0.0,0.0,0.0
0.0,0.0,0.0,0.0,0.0,0.0,0.0,0.0,0.0,0.0,0.0,0.0,0.0,0.0,0.0,0.0,0.0,0.0,0.0,0.0,0.0,0.0,0.0,0.0,0.0,0.0,0.0,0.0,0.0,0.0,0.0,0.0,0.0,0.0
561.9134521484375,214.63619995117188,563.549560546875,211.99220275878906,560.3880615234375,212.451904296875,567.0103149414062,214.98135375976562,562.2696533203125,215.81402587890625,568.794677734375,227.56686401367188,563.2662963867188,228.59353637695312,559.186279296875,228.4344024658203,554.7789306640625,230.7847137451172,555.2271728515625,213.99417114257812,552.2014770507812,218.7579803466797,575.1426391601562,266.9613952636719,571.6163940429688,267.33575439453125,568.8551025390625,297.60076904296875,569.1432495117188,297.8976745605469,560.6052856445312,324.6165771484375,562.343505859375,323.19305419921875
549.6732788085938,210.68568420410156,550.267333984375,207.97000122070312,550.80224609375,207.31710815429688,553.4673461914062,208.4165802001953,562.1830444335938,206.23004150390625,555.6151123046875,220.4110870361328,571.8139038085938,216.97760009765625,549.9669189453125,237.29193115234375,573.6981201171875,232.14291381835938,544.663818359375,240.59396362304688,567.3829345703125,236.52740478515625,569.3346557617188,255.107177734375,579.9819946289062,253.60263061523438,562.340576171875,285.9277038574219,577.2269897460938,284.96649169921875,560.5374755859375,314.7679748535156,575.4988403320312,312.41815185546875
550.1638793945312,209.9813232421875,550.459228515625,206.94320678710938,549.4027709960938,207.0045928955078,552.0084228515625,207.3858642578125,553.26318359375,206.77272033691406,556.2830810546875,220.0328369140625,557.5525512695312,218.4987030029297,552.9873657226562,233.28732299804688,551.3853149414062,229.93850708007812,550.8301391601562,235.07931518554688,544.59716796875,232.92254638671875,570.7313842773438,252.17758178710938,571.8504638671875,251.70086669921875,567.5065307617188,280.7845458984375,569.7321166992188,280.3282775878906,566.7168579101562,308.1575927734375,567.7947387695312,306.37860107421875
547.7559204101562,210.46328735351562,549.3610229492188,208.00143432617188,545.5272216796875,208.646728515625,554.3092651367188,209.34024047851562,544.372314453125,211.00296020507812,563.3389282226562,219.3384246826172,545.2832641601562,223.05166625976562,572.3111572265625,223.98086547851562,541.1358642578125,230.7292938232422,564.3074340820312,221.75572204589844,538.4114990234375,231.99957275390625,571.941162109375,250.43804931640625,558.3697509765625,252.26507568359375,578.3800048828125,278.22509765625,551.0372314453125,280.33087158203125,586.9521484375,305.8703918457031,545.5748901367188,308.149658203125
547.7978515625,210.4813995361328,549.39453125,208.0156707763672,545.5843505859375,208.65489196777344,554.3305053710938,209.32662963867188,544.4501953125,210.97259521484375,563.385009765625,219.39987182617188,545.3268432617188,222.99783325195312,572.1537475585938,224.63011169433594,541.1661376953125,230.87095642089844,563.80810546875,223.1608123779297,538.4887084960938,232.20697021484375,572.0175170898438,250.46475219726562,558.4432983398438,252.24435424804688,578.4177856445312,278.20892333984375,551.0476684570312,280.3111267089844,586.8889770507812,305.8044738769531,545.6019287109375,308.11822509765625
0.0,0.0,0.0,0.0,0.0,0.0,0.0,0.0,0.0,0.0,0.0,0.0,0.0,0.0,0.0,0.0,0.0,0.0,0.0,0.0,0.0,0.0,0.0,0.0,0.0,0.0,0.0,0.0,0.0,0.0,0.0,0.0,0.0,0.0
0.0,0.0,0.0,0.0,0.0,0.0,0.0,0.0,0.0,0.0,0.0,0.0,0.0,0.0,0.0,0.0,0.0,0.0,0.0,0.0,0.0,0.0,0.0,0.0,0.0,0.0,0.0,0.0,0.0,0.0,0.0,0.0,0.0,0.0
0.0,0.0,0.0,0.0,0.0,0.0,0.0,0.0,0.0,0.0,0.0,0.0,0.0,0.0,0.0,0.0,0.0,0.0,0.0,0.0,0.0,0.0,0.0,0.0,0.0,0.0,0.0,0.0,0.0,0.0,0.0,0.0,0.0,0.0
0.0,0.0,0.0,0.0,0.0,0.0,0.0,0.0,0.0,0.0,0.0,0.0,0.0,0.0,0.0,0.0,0.0,0.0,0.0,0.0,0.0,0.0,0.0,0.0,0.0,0.0,0.0,0.0,0.0,0.0,0.0,0.0,0.0,0.0
0.0,0.0,0.0,0.0,0.0,0.0,0.0,0.0,0.0,0.0,0.0,0.0,0.0,0.0,0.0,0.0,0.0,0.0,0.0,0.0,0.0,0.0,0.0,0.0,0.0,0.0,0.0,0.0,0.0,0.0,0.0,0.0,0.0,0.0
0.0,0.0,0.0,0.0,0.0,0.0,0.0,0.0,0.0,0.0,0.0,0.0,0.0,0.0,0.0,0.0,0.0,0.0,0.0,0.0,0.0,0.0,0.0,0.0,0.0,0.0,0.0,0.0,0.0,0.0,0.0,0.0,0.0,0.0
0.0,0.0,0.0,0.0,0.0,0.0,0.0,0.0,0.0,0.0,0.0,0.0,0.0,0.0,0.0,0.0,0.0,0.0,0.0,0.0,0.0,0.0,0.0,0.0,0.0,0.0,0.0,0.0,0.0,0.0,0.0,0.0,0.0,0.0
0.0,0.0,0.0,0.0,0.0,0.0,0.0,0.0,0.0,0.0,0.0,0.0,0.0,0.0,0.0,0.0,0.0,0.0,0.0,0.0,0.0,0.0,0.0,0.0,0.0,0.0,0.0,0.0,0.0,0.0,0.0,0.0,0.0,0.0
532.1553344726562,237.39431762695312,534.0191650390625,234.42605590820312,529.6154174804688,235.26068115234375,538.2883911132812,234.01315307617188,526.8056030273438,236.34124755859375,547.7159423828125,243.44790649414062,523.944580078125,247.38861083984375,562.139892578125,254.45281982421875,522.2987060546875,262.0746765136719,565.5724487304688,267.0740661621094,527.034423828125,271.926025390625,553.648193359375,269.7248840332031,537.0750732421875,271.71722412109375,566.5892333984375,284.4476318359375,531.9569702148438,286.09136962890625,580.1661987304688,304.21722412109375,536.8648681640625,305.5918273925781
0.0,0.0,0.0,0.0,0.0,0.0,0.0,0.0,0.0,0.0,0.0,0.0,0.0,0.0,0.0,0.0,0.0,0.0,0.0,0.0,0.0,0.0,0.0,0.0,0.0,0.0,0.0,0.0,0.0,0.0,0.0,0.0,0.0,0.0
0.0,0.0,0.0,0.0,0.0,0.0,0.0,0.0,0.0,0.0,0.0,0.0,0.0,0.0,0.0,0.0,0.0,0.0,0.0,0.0,0.0,0.0,0.0,0.0,0.0,0.0,0.0,0.0,0.0,0.0,0.0,0.0,0.0,0.0
0.0,0.0,0.0,0.0,0.0,0.0,0.0,0.0,0.0,0.0,0.0,0.0,0.0,0.0,0.0,0.0,0.0,0.0,0.0,0.0,0.0,0.0,0.0,0.0,0.0,0.0,0.0,0.0,0.0,0.0,0.0,0.0,0.0,0.0
0.0,0.0,0.0,0.0,0.0,0.0,0.0,0.0,0.0,0.0,0.0,0.0,0.0,0.0,0.0,0.0,0.0,0.0,0.0,0.0,0.0,0.0,0.0,0.0,0.0,0.0,0.0,0.0,0.0,0.0,0.0,0.0,0.0,0.0
0.0,0.0,0.0,0.0,0.0,0.0,0.0,0.0,0.0,0.0,0.0,0.0,0.0,0.0,0.0,0.0,0.0,0.0,0.0,0.0,0.0,0.0,0.0,0.0,0.0,0.0,0.0,0.0,0.0,0.0,0.0,0.0,0.0,0.0
0.0,0.0,0.0,0.0,0.0,0.0,0.0,0.0,0.0,0.0,0.0,0.0,0.0,0.0,0.0,0.0,0.0,0.0,0.0,0.0,0.0,0.0,0.0,0.0,0.0,0.0,0.0,0.0,0.0,0.0,0.0,0.0,0.0,0.0
0.0,0.0,0.0,0.0,0.0,0.0,0.0,0.0,0.0,0.0,0.0,0.0,0.0,0.0,0.0,0.0,0.0,0.0,0.0,0.0,0.0,0.0,0.0,0.0,0.0,0.0,0.0,0.0,0.0,0.0,0.0,0.0,0.0,0.0
554.5858764648438,244.20663452148438,557.0972290039062,241.85122680664062,552.4869384765625,241.49456787109375,560.2886352539062,242.95391845703125,548.3799438476562,241.71463012695312,564.1431274414062,254.379150390625,539.1992797851562,252.89443969726562,571.9144287109375,268.24053955078125,526.7513427734375,266.1583557128906,575.8838500976562,277.5219421386719,528.923583984375,276.9117431640625,556.9823608398438,281.1089782714844,540.3034057617188,280.7297668457031,564.3790893554688,296.63629150390625,537.9406127929688,296.6783447265625,565.9274291992188,319.8527526855469,535.8807373046875,319.94036865234375
554.6443481445312,244.21026611328125,557.1627807617188,241.86209106445312,552.5526123046875,241.49130249023438,560.3527221679688,242.97540283203125,548.440673828125,241.69317626953125,564.1749877929688,254.3992919921875,539.212646484375,252.85812377929688,571.9706420898438,268.2027587890625,526.6521606445312,266.0361633300781,576.0487670898438,277.38818359375,528.7474975585938,276.7239685058594,556.9471435546875,281.1215515136719,540.2633056640625,280.7160339355469,564.2657470703125,296.7873840332031,537.8837280273438,296.810791015625,565.8671264648438,319.9462585449219,535.8646850585938,320.009521484375
0.0,0.0,0.0,0.0,0.0,0.0,0.0,0.0,0.0,0.0,0.0,0.0,0.0,0.0,0.0,0.0,0.0,0.0,0.0,0.0,0.0,0.0,0.0,0.0,0.0,0.0,0.0,0.0,0.0,0.0,0.0,0.0,0.0,0.0
0.0,0.0,0.0,0.0,0.0,0.0,0.0,0.0,0.0,0.0,0.0,0.0,0.0,0.0,0.0,0.0,0.0,0.0,0.0,0.0,0.0,0.0,0.0,0.0,0.0,0.0,0.0,0.0,0.0,0.0,0.0,0.0,0.0,0.0
0.0,0.0,0.0,0.0,0.0,0.0,0.0,0.0,0.0,0.0,0.0,0.0,0.0,0.0,0.0,0.0,0.0,0.0,0.0,0.0,0.0,0.0,0.0,0.0,0.0,0.0,0.0,0.0,0.0,0.0,0.0,0.0,0.0,0.0
0.0,0.0,0.0,0.0,0.0,0.0,0.0,0.0,0.0,0.0,0.0,0.0,0.0,0.0,0.0,0.0,0.0,0.0,0.0,0.0,0.0,0.0,0.0,0.0,0.0,0.0,0.0,0.0,0.0,0.0,0.0,0.0,0.0,0.0
0.0,0.0,0.0,0.0,0.0,0.0,0.0,0.0,0.0,0.0,0.0,0.0,0.0,0.0,0.0,0.0,0.0,0.0,0.0,0.0,0.0,0.0,0.0,0.0,0.0,0.0,0.0,0.0,0.0,0.0,0.0,0.0,0.0,0.0
0.0,0.0,0.0,0.0,0.0,0.0,0.0,0.0,0.0,0.0,0.0,0.0,0.0,0.0,0.0,0.0,0.0,0.0,0.0,0.0,0.0,0.0,0.0,0.0,0.0,0.0,0.0,0.0,0.0,0.0,0.0,0.0,0.0,0.0
0.0,0.0,0.0,0.0,0.0,0.0,0.0,0.0,0.0,0.0,0.0,0.0,0.0,0.0,0.0,0.0,0.0,0.0,0.0,0.0,0.0,0.0,0.0,0.0,0.0,0.0,0.0,0.0,0.0,0.0,0.0,0.0,0.0,0.0
537.9688720703125,256.71038818359375,539.9437255859375,254.32659912109375,536.6597290039062,254.49041748046875,544.0970458984375,254.9512939453125,536.212890625,255.67251586914062,551.1763916015625,266.82244873046875,534.8263549804688,267.0951843261719,559.6679077148438,284.39520263671875,531.3458862304688,278.2669677734375,562.0150756835938,302.1173095703125,526.4938354492188,282.8891296386719,554.0216064453125,295.5550537109375,543.7472534179688,296.1870422363281,551.286865234375,321.6721496582031,540.54345703125,322.8564758300781,566.4511108398438,341.75946044921875,556.533447265625,343.58111572265625
533.5746459960938,258.2507019042969,535.5809326171875,255.66732788085938,532.8777465820312,255.61727905273438,540.14111328125,256.0111389160156,532.4143676757812,256.0629577636719,545.73583984375,267.2481994628906,534.5342407226562,267.7777099609375,551.57666015625,284.156982421875,534.531982421875,284.4931335449219,551.333251953125,301.404052734375,531.4737548828125,300.32635498046875,548.6678466796875,296.9911193847656,541.5126342773438,297.1092834472656,552.1763916015625,321.841064453125,544.5083618164062,321.9216613769531,561.564697265625,347.2574768066406,552.5281982421875,346.5950622558594
0.0,0.0,0.0,0.0,0.0,0.0,0.0,0.0,0.0,0.0,0.0,0.0,0.0,0.0,0.0,0.0,0.0,0.0,0.0,0.0,0.0,0.0,0.0,0.0,0.0,0.0,0.0,0.0,0.0,0.0,0.0,0.0,0.0,0.0
0.0,0.0,0.0,0.0,0.0,0.0,0.0,0.0,0.0,0.0,0.0,0.0,0.0,0.0,0.0,0.0,0.0,0.0,0.0,0.0,0.0,0.0,0.0,0.0,0.0,0.0,0.0,0.0,0.0,0.0,0.0,0.0,0.0,0.0
0.0,0.0,0.0,0.0,0.0,0.0,0.0,0.0,0.0,0.0,0.0,0.0,0.0,0.0,0.0,0.0,0.0,0.0,0.0,0.0,0.0,0.0,0.0,0.0,0.0,0.0,0.0,0.0,0.0,0.0,0.0,0.0,0.0,0.0
0.0,0.0,0.0,0.0,0.0,0.0,0.0,0.0,0.0,0.0,0.0,0.0,0.0,0.0,0.0,0.0,0.0,0.0,0.0,0.0,0.0,0.0,0.0,0.0,0.0,0.0,0.0,0.0,0.0,0.0,0.0,0.0,0.0,0.0
0.0,0.0,0.0,0.0,0.0,0.0,0.0,0.0,0.0,0.0,0.0,0.0,0.0,0.0,0.0,0.0,0.0,0.0,0.0,0.0,0.0,0.0,0.0,0.0,0.0,0.0,0.0,0.0,0.0,0.0,0.0,0.0,0.0,0.0
0.0,0.0,0.0,0.0,0.0,0.0,0.0,0.0,0.0,0.0,0.0,0.0,0.0,0.0,0.0,0.0,0.0,0.0,0.0,0.0,0.0,0.0,0.0,0.0,0.0,0.0,0.0,0.0,0.0,0.0,0.0,0.0,0.0,0.0
0.0,0.0,0.0,0.0,0.0,0.0,0.0,0.0,0.0,0.0,0.0,0.0,0.0,0.0,0.0,0.0,0.0,0.0,0.0,0.0,0.0,0.0,0.0,0.0,0.0,0.0,0.0,0.0,0.0,0.0,0.0,0.0,0.0,0.0
0.0,0.0,0.0,0.0,0.0,0.0,0.0,0.0,0.0,0.0,0.0,0.0,0.0,0.0,0.0,0.0,0.0,0.0,0.0,0.0,0.0,0.0,0.0,0.0,0.0,0.0,0.0,0.0,0.0,0.0,0.0,0.0,0.0,0.0
0.0,0.0,0.0,0.0,0.0,0.0,0.0,0.0,0.0,0.0,0.0,0.0,0.0,0.0,0.0,0.0,0.0,0.0,0.0,0.0,0.0,0.0,0.0,0.0,0.0,0.0,0.0,0.0,0.0,0.0,0.0,0.0,0.0,0.0
508.65106201171875,294.426513671875,509.3494567871094,291.483154296875,508.7652587890625,291.553955078125,514.6439208984375,290.3768615722656,514.263671875,290.14825439453125,523.488525390625,300.1196594238281,522.9229125976562,299.289306640625,524.4095458984375,318.04608154296875,521.457763671875,315.9912109375,516.4664916992188,327.3565673828125,512.0857543945312,324.0308837890625,539.3563232421875,329.1257019042969,539.5557250976562,328.55780029296875,527.3380737304688,354.084716796875,535.9729614257812,353.70916748046875,529.962158203125,382.869873046875,542.3435668945312,380.7720947265625
508.5960998535156,300.55059814453125,509.9758605957031,297.4920959472656,508.2475280761719,297.75823974609375,515.8994140625,296.8704528808594,512.4805908203125,297.2902526855469,523.6497192382812,308.2117919921875,521.0836181640625,308.43695068359375,524.5311279296875,327.5725402832031,519.803955078125,327.1339416503906,518.2804565429688,339.5849914550781,510.9052429199219,337.530517578125,538.333740234375,337.4979553222656,537.385986328125,337.2586975097656,523.9696655273438,355.8155822753906,530.9956665039062,355.58074951171875,529.8636474609375,385.23553466796875,542.039794921875,383.5224914550781
507.78350830078125,303.50616455078125,508.7253112792969,300.6330261230469,507.5823974609375,300.9382019042969,514.77490234375,299.66278076171875,512.1791381835938,300.11322021484375,523.4176635742188,310.44598388671875,520.4458618164062,310.2467346191406,520.8372802734375,329.2578125,516.494384765625,327.66790771484375,509.8521728515625,339.635498046875,504.41278076171875,336.878173828125,538.5027465820312,338.20904541015625,536.5977172851562,337.7713928222656,522.7872924804688,357.7742614746094,526.8663330078125,357.5055847167969,528.3265991210938,385.788330078125,534.353759765625,383.6840515136719
507.2135314941406,305.8316955566406,508.0962219238281,303.1013488769531,507.2146301269531,303.25714111328125,513.8075561523438,302.36859130859375,512.7496337890625,302.581787109375,521.9834594726562,312.4197082519531,520.8478393554688,312.09906005859375,523.2941284179688,330.5856628417969,520.4282836914062,329.5907897949219,515.8244018554688,343.3543701171875,512.6019287109375,340.93560791015625,534.7032470703125,338.971923828125,534.3050537109375,338.38629150390625,521.233642578125,359.3365173339844,527.0549926757812,359.07012939453125,525.0244750976562,384.6419372558594,533.7555541992188,382.83905029296875
508.2538757324219,304.33319091796875,509.50115966796875,301.32330322265625,507.43621826171875,301.67724609375,515.416748046875,300.8684387207031,510.633056640625,301.8161926269531,523.9142456054688,311.6717224121094,517.53759765625,312.5711669921875,529.9814453125,328.8204345703125,520.0270385742188,330.08697509765625,526.6558837890625,343.3717956542969,516.9682006835938,342.420166015625,533.9397583007812,338.33831787109375,530.002685546875,338.2798156738281,524.7918090820312,359.3955993652344,524.1719970703125,359.3978576660156,529.52783203125,385.6220703125,530.6376953125,384.4924621582031
508.2367858886719,304.3522033691406,509.4801940917969,301.3422546386719,507.4538879394531,301.6822509765625,515.4088134765625,300.8785400390625,510.73876953125,301.7817687988281,523.8836059570312,311.68890380859375,517.68212890625,312.52056884765625,529.8842163085938,328.8891296386719,520.1101684570312,330.0279846191406,526.5327758789062,343.4111633300781,516.9282836914062,342.37103271484375,533.959716796875,338.3808288574219,530.1725463867188,338.2955017089844,524.5658569335938,359.475341796875,524.3853759765625,359.4538879394531,529.1974487304688,385.7855529785156,530.95458984375,384.619384765625
509.1700134277344,301.3791198730469,510.71343994140625,298.3128967285156,508.2913513183594,298.6179504394531,516.7476196289062,297.9510803222656,510.81097412109375,298.9603271484375,525.0628051757812,309.25811767578125,518.1115112304688,310.6543273925781,533.5946655273438,327.1220397949219,523.7147827148438,329.45855712890625,533.3193969726562,346.546875,521.336669921875,345.84454345703125,533.8456420898438,336.7929992675781,529.2338256835938,337.04095458984375,531.716064453125,362.00311279296875,526.1046142578125,362.24066162109375,539.9114990234375,386.2052917480469,532.2250366210938,385.31219482421875
510.8943176269531,297.91796875,512.46533203125,294.91754150390625,510.2527770996094,295.1252746582031,518.484619140625,294.411865234375,512.4252319335938,295.3175048828125,527.3094482421875,305.2529602050781,518.5731201171875,306.64208984375,537.25830078125,322.0640563964844,523.5722045898438,324.3620300292969,538.0079345703125,340.998291015625,521.25048828125,339.99481201171875,533.752685546875,332.58087158203125,528.0223999023438,332.8383483886719,532.7513427734375,360.1390075683594,525.6677856445312,360.409423828125,539.3989868164062,385.8653259277344,529.3682250976562,385.142822265625
513.3121337890625,291.5807800292969,514.9352416992188,288.9195251464844,513.06591796875,288.9651184082031,520.8450927734375,288.571044921875,515.6337890625,289.01666259765625,530.049072265625,298.28759765625,519.8761596679688,299.095458984375,537.89453125,315.58062744140625,520.6165771484375,316.2902526855469,537.8524169921875,334.06353759765625,518.880859375,332.2275085449219,536.3091430664062,328.993408203125,530.26171875,329.0178527832031,531.8402709960938,355.97576904296875,529.0383911132812,355.9731140136719,533.292236328125,381.9703369140625,531.4923706054688,381.131103515625
514.4151000976562,285.45050048828125,516.7076416015625,282.89862060546875,513.9270629882812,282.6807861328125,522.9488525390625,283.14642333984375,514.6821899414062,282.97674560546875,530.7833862304688,294.7852478027344,518.7332153320312,295.16607666015625,541.106201171875,313.6321105957031,523.7224731445312,314.33648681640625,543.2362670898438,335.3903503417969,523.8807983398438,332.9525451660156,533.2206420898438,326.39666748046875,525.81591796875,326.2468566894531,532.1351928710938,354.5325012207031,527.479248046875,354.3213806152344,536.0889892578125,380.68463134765625,531.8834228515625,379.6644287109375
518.5009155273438,283.4213562011719,520.5800170898438,280.5135498046875,516.5494384765625,280.6580505371094,525.5690307617188,280.704345703125,515.7862548828125,281.16314697265625,533.38232421875,294.65472412109375,516.7261352539062,294.2174987792969,545.8555908203125,314.2362365722656,516.6825561523438,306.390625,550.3587646484375,338.47576904296875,512.1251831054688,314.8625183105469,535.6139526367188,324.7983093261719,526.5645141601562,324.91229248046875,527.1749877929688,352.72454833984375,525.8407592773438,353.3362731933594,524.1236572265625,380.3062438964844,532.103515625,380.6643371582031
518.507080078125,283.423583984375,520.602783203125,280.5107421875,516.5531616210938,280.64044189453125,525.5997314453125,280.713623046875,515.8001708984375,281.14068603515625,533.3892211914062,294.7006530761719,516.8182983398438,294.2647399902344,545.8583374023438,314.2548828125,517.0953369140625,306.6028137207031,550.3289184570312,338.58233642578125,512.7085571289062,315.4293518066406,535.6072998046875,324.96734619140625,526.6263427734375,325.06671142578125,526.9285888671875,352.83221435546875,525.8606567382812,353.4106140136719,523.809814453125,380.3752746582031,532.2496337890625,380.64337158203125
521.074462890625,280.98199462890625,523.0433959960938,278.4126281738281,519.1524658203125,278.5516052246094,526.92724609375,278.7955017089844,518.181640625,279.4625244140625,533.6101684570312,291.12359619140625,518.0399169921875,291.34442138671875,546.2872314453125,307.48651123046875,512.8781127929688,304.0935363769531,551.0941772460938,327.48565673828125,504.57830810546875,310.53948974609375,535.17626953125,323.54730224609375,526.9537353515625,323.4880676269531,525.0421752929688,349.71820068359375,524.3134765625,350.70184326171875,532.7344360351562,375.47607421875,537.8364868164062,376.96136474609375
523.40673828125,280.8871765136719,525.73681640625,278.2107238769531,522.1683959960938,278.1009216308594,531.0621337890625,278.515380859375,520.5755004882812,278.3409423828125,538.9953002929688,290.33843994140625,519.4337158203125,290.2449951171875,549.7670288085938,306.98956298828125,513.3223876953125,306.1808776855469,552.6611328125,321.6986083984375,508.9174499511719,319.5017395019531,536.7430419921875,323.26885986328125,525.2599487304688,322.8784484863281,532.9903564453125,350.154052734375,527.2539672851562,349.8429260253906,536.9127807617188,379.10650634765625,533.7726440429688,378.1043701171875
524.9296264648438,280.1371154785156,527.5067138671875,277.4461364746094,523.833251953125,277.1705627441406,533.5775756835938,277.7825012207031,522.272216796875,277.22869873046875,541.4151611328125,289.92498779296875,521.2100219726562,289.25518798828125,552.1111450195312,307.616943359375,514.6354370117188,305.7835998535156,554.17919921875,322.42047119140625,509.6647644042969,319.26007080078125,537.272216796875,324.156494140625,525.3027954101562,323.37725830078125,532.2288818359375,351.6761779785156,526.3890380859375,351.0415344238281,536.209716796875,381.26239013671875,533.0046997070312,379.9185791015625
527.4010009765625,278.04937744140625,530.0262451171875,275.27447509765625,526.0291137695312,274.9478759765625,536.5040283203125,275.6556091308594,523.923095703125,274.89300537109375,545.3634643554688,287.9639892578125,522.6666259765625,286.69305419921875,556.4271240234375,305.3471374511719,513.7327270507812,302.08050537109375,557.4669799804688,317.80328369140625,506.97662353515625,313.7337646484375,542.3154296875,321.8321228027344,528.6301879882812,320.70587158203125,533.2908935546875,346.6236267089844,526.2406005859375,345.53338623046875,537.3458862304688,377.80474853515625,533.5523071289062,375.93701171875
530.000244140625,276.4910888671875,532.4313354492188,273.4377136230469,528.4730224609375,273.357666015625,539.0218505859375,273.0528869628906,526.0838623046875,272.942138671875,549.2852172851562,284.4420166015625,524.8321533203125,283.7391052246094,561.015869140625,300.84564208984375,514.0382080078125,297.88836669921875,560.9928588867188,314.6863098144531,504.1915588378906,310.9557189941406,545.9345703125,320.1219177246094,530.7710571289062,319.1702575683594,540.1162109375,347.5456237792969,528.4110717773438,346.56158447265625,543.6594848632812,377.11602783203125,532.7763061523438,375.3215637207031
529.9691772460938,276.5258483886719,532.3995361328125,273.48394775390625,528.4703979492188,273.392578125,539.004638671875,273.1009216308594,526.1146240234375,272.9624938964844,549.2915649414062,284.4721374511719,524.8701171875,283.73736572265625,561.0767822265625,300.8631591796875,514.0842895507812,297.85736083984375,561.0831909179688,314.7381286621094,504.1341857910156,310.94970703125,545.8489379882812,320.12255859375,530.7147827148438,319.15313720703125,540.023681640625,347.6022644042969,528.3663330078125,346.6098937988281,543.6209106445312,377.0848083496094,532.7510986328125,375.2750549316406
533.2815551757812,274.7837829589844,535.3793334960938,271.81268310546875,531.7493896484375,271.7755432128906,541.3221435546875,271.4792785644531,529.08251953125,271.4281311035156,551.5678100585938,282.931884765625,526.5112915039062,282.1940002441406,563.5881958007812,298.90753173828125,514.4066772460938,295.8583984375,563.5975952148438,311.83856201171875,504.32757568359375,308.3106689453125,547.9508666992188,318.6651306152344,532.484619140625,317.82733154296875,542.30859375,346.58575439453125,530.6423950195312,345.7173156738281,544.3453369140625,375.62188720703125,533.6415405273438,373.9615478515625
535.5722045898438,274.2327575683594,537.1200561523438,271.34295654296875,534.1757202148438,271.3386535644531,542.0844116210938,271.0893249511719,531.789794921875,271.0400085449219,552.75390625,282.9654235839844,529.4803466796875,282.1217346191406,565.50634765625,297.30670166015625,517.670166015625,294.4263916015625,566.0799560546875,307.9816589355469,505.2230529785156,304.53887939453125,550.5258178710938,317.3367614746094,536.0074462890625,316.491943359375,546.2427978515625,345.47259521484375,532.1092529296875,344.7208251953125,548.5907592773438,373.6064453125,532.31884765625,371.97027587890625
539.3756103515625,271.8625793457031,541.06201171875,269.273193359375,537.8184204101562,269.3898010253906,545.2446899414062,269.2562255859375,536.1146850585938,269.6142272949219,553.15966796875,281.5824890136719,532.1921997070312,280.0951232910156,562.8831787109375,298.2748107910156,519.3468627929688,288.7404479980469,564.75537109375,315.1242370605469,508.978515625,294.5973815917969,551.4329223632812,314.97650146484375,538.0103759765625,314.3390808105469,551.48291015625,343.278564453125,533.056396484375,343.0553894042969,556.4882202148438,373.3763122558594,534.5995483398438,373.38507080078125
541.7802124023438,268.74334716796875,543.3651733398438,266.0386962890625,540.4577026367188,266.3035888671875,548.0148315429688,266.231689453125,539.4264526367188,266.7933654785156,556.4601440429688,279.7794494628906,535.2024536132812,278.1556091308594,566.4152221679688,297.4088134765625,523.84619140625,284.8883972167969,566.1815185546875,316.0714416503906,518.9066772460938,286.00164794921875,554.7040405273438,313.1306457519531,540.3441162109375,312.8100891113281,557.9718627929688,339.70306396484375,533.1461181640625,340.0462646484375,562.802001953125,369.5615539550781,532.0471801757812,370.5300598144531
541.1962280273438,268.9499816894531,543.2537841796875,266.1963195800781,540.5659790039062,265.8398132324219,548.2982788085938,265.6277160644531,540.0853881835938,264.8045959472656,558.5885009765625,275.7781677246094,538.90478515625,274.87542724609375,568.2029418945312,290.68060302734375,531.6594848632812,288.32830810546875,570.8779907226562,305.6127624511719,524.2682495117188,302.03424072265625,558.9467163085938,307.9459533691406,545.8663940429688,307.18603515625,561.6677856445312,338.1441345214844,537.4530029296875,337.4924621582031,565.482177734375,366.547607421875,532.7904663085938,365.26580810546875
541.0904541015625,268.98699951171875,543.1240844726562,266.239013671875,540.477783203125,265.88763427734375,548.1488647460938,265.6522521972656,540.0256958007812,264.84527587890625,558.4859008789062,275.7906494140625,538.9014282226562,274.9107971191406,568.1160888671875,290.8028259277344,531.7622680664062,288.48358154296875,570.7269897460938,306.00433349609375,524.2887573242188,302.4353942871094,558.9022827148438,307.9817199707031,545.8831787109375,307.2320861816406,561.6064453125,338.099365234375,537.4234619140625,337.457275390625,565.5103759765625,366.40362548828125,532.8272094726562,365.1294250488281
545.3501586914062,266.3479919433594,546.8626098632812,263.60150146484375,543.4459228515625,263.91766357421875,551.2925415039062,263.63232421875,541.3578491210938,264.26129150390625,560.531982421875,275.6938781738281,538.074951171875,274.79241943359375,572.1900634765625,291.29449462890625,526.2655029296875,283.5672912597656,576.2520751953125,309.71807861328125,519.4116821289062,289.086181640625,562.6815795898438,306.7953796386719,547.3784790039062,306.5838317871094,565.3052978515625,333.7648010253906,539.2975463867188,333.9188232421875,566.9215087890625,365.4085693359375,533.7449340820312,365.2057189941406
548.6904296875,266.6136474609375,550.4580078125,263.961181640625,546.6145629882812,264.05096435546875,554.9524536132812,263.8888244628906,543.699951171875,264.0377502441406,563.8374633789062,275.7732849121094,540.3450317382812,274.12579345703125,576.1300048828125,291.61322021484375,529.4987182617188,282.4374694824219,579.263427734375,309.58404541015625,521.5490112304688,289.2253112792969,566.0238037109375,305.5421142578125,550.1697387695312,304.825927734375,569.0009765625,331.7596435546875,541.7481079101562,331.10919189453125,572.244873046875,362.3000793457031,537.3775024414062,361.1611328125
550.8548583984375,267.37579345703125,552.571533203125,264.7176208496094,549.1056518554688,264.7721252441406,557.4451904296875,264.3666076660156,547.2337646484375,264.42401123046875,567.2807006835938,274.67236328125,544.8046875,273.3013610839844,579.3424072265625,287.8832092285156,536.0816040039062,281.0468444824219,584.651611328125,303.315673828125,529.1506958007812,288.2065124511719,571.435791015625,302.7115478515625,555.7391357421875,302.1036071777344,574.5928344726562,329.0022277832031,544.7020874023438,328.01666259765625,580.0740966796875,359.1676940917969,540.2412109375,356.6584777832031
554.7627563476562,268.2494812011719,556.485107421875,265.7397155761719,553.1793212890625,265.6707458496094,561.0978393554688,265.4766845703125,550.9296264648438,265.3865661621094,570.6727905273438,276.1529235839844,547.171875,275.40203857421875,584.1958618164062,290.1910095214844,539.6063842773438,285.9615173339844,587.242431640625,307.3401794433594,535.3218994140625,297.3638610839844,573.1007690429688,305.31292724609375,556.2708740234375,305.09039306640625,581.3411865234375,329.5613098144531,546.0372314453125,329.10406494140625,589.8886108398438,357.4669494628906,542.1687622070312,356.0581970214844
557.4910278320312,267.5888366699219,559.065185546875,265.1039733886719,555.5927734375,265.18084716796875,563.2770385742188,264.76898193359375,553.4537963867188,265.0048828125,572.3675537109375,275.52056884765625,551.5281372070312,275.17315673828125,584.6373291015625,290.3461608886719,546.4051513671875,287.11590576171875,589.1040649414062,306.572021484375,541.9804077148438,298.3234558105469,576.1709594726562,304.3690490722656,560.4826049804688,304.43408203125,586.8170776367188,329.24493408203125,547.9324340820312,328.7913513183594,599.6002807617188,355.593994140625,543.6522216796875,353.46636962890625
557.4807739257812,267.5934143066406,559.0574340820312,265.1053466796875,555.5875244140625,265.1819763183594,563.27490234375,264.7654113769531,553.4588012695312,265.00494384765625,572.3621826171875,275.5057067871094,551.5478515625,275.178955078125,584.6812133789062,290.3661804199219,546.4185791015625,287.13629150390625,589.0800170898438,306.6769714355469,541.9305419921875,298.3074645996094,576.1663818359375,304.34423828125,560.4881591796875,304.41925048828125,586.7786254882812,329.2510070800781,547.87548828125,328.8314208984375,599.6370849609375,355.64080810546875,543.5892944335938,353.5789489746094
0.0,0.0,0.0,0.0,0.0,0.0,0.0,0.0,0.0,0.0,0.0,0.0,0.0,0.0,0.0,0.0,0.0,0.0,0.0,0.0,0.0,0.0,0.0,0.0,0.0,0.0,0.0,0.0,0.0,0.0,0.0,0.0,0.0,0.0
0.0,0.0,0.0,0.0,0.0,0.0,0.0,0.0,0.0,0.0,0.0,0.0,0.0,0.0,0.0,0.0,0.0,0.0,0.0,0.0,0.0,0.0,0.0,0.0,0.0,0.0,0.0,0.0,0.0,0.0,0.0,0.0,0.0,0.0
570.1737060546875,275.3047790527344,571.73779296875,273.0700378417969,568.1771850585938,273.0171203613281,574.8162841796875,273.622802734375,565.904541015625,273.6092529296875,581.5504760742188,285.5286560058594,563.6219482421875,285.9295959472656,592.7416381835938,300.7723693847656,560.25146484375,301.59503173828125,597.173583984375,314.6854248046875,557.19775390625,316.651611328125,583.9447021484375,312.9054260253906,568.599853515625,313.6922302246094,602.90771484375,332.2221984863281,552.0264892578125,332.29876708984375,625.8518676757812,355.55950927734375,547.3189086914062,353.9224548339844
577.6512451171875,274.27606201171875,579.5460815429688,271.57000732421875,575.64892578125,271.81512451171875,583.4075317382812,271.5999755859375,573.8275146484375,272.1789855957031,590.5902099609375,283.8346252441406,571.5582275390625,284.6065673828125,600.3157958984375,299.622314453125,571.5065307617188,301.6186828613281,602.3765869140625,316.1761779785156,574.6771850585938,315.47491455078125,590.2599487304688,312.6820373535156,573.3798217773438,312.45361328125,609.3717651367188,330.353271484375,559.2705078125,329.76007080078125,624.9222412109375,358.1128234863281,548.3843994140625,356.28094482421875
585.4033203125,274.9092102050781,587.2975463867188,272.31256103515625,583.3987426757812,272.4292907714844,591.5548095703125,272.36773681640625,581.6223754882812,272.5632629394531,598.2871704101562,283.48712158203125,580.8382568359375,283.6119079589844,608.74169921875,297.8667907714844,579.6887817382812,298.0083923339844,611.1065673828125,314.3372497558594,580.673583984375,310.56854248046875,599.0670776367188,311.86834716796875,583.3062133789062,311.207763671875,616.9627685546875,332.13372802734375,567.0045166015625,331.298095703125,628.0040283203125,356.5413818359375,548.542724609375,354.24951171875
585.4769287109375,274.9608459472656,587.3765258789062,272.3694152832031,583.4681396484375,272.4886169433594,591.6344604492188,272.4272155761719,581.6575317382812,272.63311767578125,598.4208984375,283.5726623535156,580.747802734375,283.7235412597656,608.7958984375,297.977783203125,579.4509887695312,298.1746826171875,611.1485595703125,314.3524169921875,580.3908081054688,310.6804504394531,599.1089477539062,311.9700927734375,583.2222900390625,311.3227844238281,616.88330078125,332.0770568847656,566.8662719726562,331.25616455078125,627.9092407226562,356.5747375488281,548.5983276367188,354.2983703613281
593.1082763671875,270.6265869140625,594.7640380859375,268.1468505859375,591.2664794921875,268.06280517578125,598.1634521484375,268.4300842285156,589.2322387695312,268.1202392578125,603.43701171875,280.19927978515625,586.2230834960938,279.3458557128906,612.277099609375,295.4373474121094,580.291259765625,292.73486328125,614.9594116210938,309.4574279785156,578.1810913085938,305.8431091308594,603.1198120117188,307.1188659667969,588.22607421875,307.20343017578125,616.8094482421875,328.1024169921875,571.17919921875,328.03192138671875,625.1646728515625,351.9098205566406,554.7293701171875,351.1865539550781
601.0253295898438,267.91326904296875,602.8373413085938,265.752197265625,599.2276000976562,265.46246337890625,606.168212890625,266.1328430175781,595.7899169921875,265.2669372558594,611.7659912109375,278.1158447265625,589.512939453125,275.1927490234375,619.9075927734375,294.00445556640625,578.033935546875,284.04632568359375,623.942138671875,309.7373962402344,570.7135009765625,293.9007263183594,608.6338500976562,305.1733093261719,591.8153686523438,304.2889404296875,622.4865112304688,326.5174560546875,579.1685791015625,325.2858581542969,631.724365234375,350.5013732910156,569.0411987304688,348.63934326171875
609.8409423828125,266.9659118652344,611.7151489257812,264.8513488769531,607.5830688476562,264.5898742675781,613.9356689453125,265.38580322265625,603.1259765625,264.6636047363281,618.2590942382812,277.8162536621094,596.4295043945312,274.11114501953125,624.1190185546875,293.5577697753906,583.15185546875,281.3256530761719,628.5628051757812,306.7318420410156,571.5181274414062,288.26605224609375,614.3890380859375,305.6549072265625,597.8011474609375,304.0688781738281,629.4712524414062,325.905517578125,587.1865844726562,323.61474609375,644.6973876953125,350.42376708984375,583.0392456054688,346.9200439453125
616.2545776367188,266.5454406738281,617.7348022460938,264.36126708984375,614.3566284179688,264.0346984863281,618.8963623046875,265.5260009765625,611.1954345703125,264.74530029296875,622.9891967773438,278.3334655761719,606.3751220703125,275.88311767578125,629.3944091796875,295.9476318359375,606.645751953125,291.17901611328125,633.0990600585938,307.5110778808594,613.257568359375,304.9460144042969,620.76953125,303.5274658203125,606.2982177734375,303.0044860839844,636.3743286132812,326.3653564453125,592.8090209960938,324.0821838378906,655.6079711914062,353.69342041015625,591.4071044921875,348.60076904296875
623.6189575195312,267.3812255859375,625.2882080078125,265.2586669921875,622.0882568359375,264.7504577636719,626.7371215820312,266.0687255859375,619.3040771484375,264.83349609375,628.7399291992188,277.82794189453125,614.963623046875,275.1144714355469,637.5948486328125,291.5067138671875,614.29931640625,286.4923400878906,641.890625,298.876953125,623.0234375,296.0940856933594,625.2024536132812,304.5672912597656,612.3023071289062,303.9757995605469,640.9864501953125,327.736572265625,598.4193725585938,325.8008117675781,660.9818115234375,353.3887023925781,593.4754028320312,349.93572998046875
623.5995483398438,267.373291015625,625.2735595703125,265.25103759765625,622.0548706054688,264.7400207519531,626.7418212890625,266.0695495605469,619.2466430664062,264.81658935546875,628.7997436523438,277.8733825683594,614.8529663085938,275.09088134765625,637.7283325195312,291.57708740234375,613.668212890625,286.3117370605469,642.018310546875,298.96630859375,621.7861328125,295.7619323730469,625.2781372070312,304.662841796875,612.3087158203125,304.0422668457031,641.0357055664062,327.7500305175781,598.4042358398438,325.78875732421875,661.0120239257812,353.42376708984375,593.4268798828125,349.9180908203125
0.0,0.0,0.0,0.0,0.0,0.0,0.0,0.0,0.0,0.0,0.0,0.0,0.0,0.0,0.0,0.0,0.0,0.0,0.0,0.0,0.0,0.0,0.0,0.0,0.0,0.0,0.0,0.0,0.0,0.0,0.0,0.0,0.0,0.0
632.6947021484375,270.8797912597656,634.4033813476562,268.3500671386719,631.2354736328125,268.3663330078125,636.1181640625,268.66168212890625,629.6082763671875,268.8518981933594,636.998779296875,279.64532470703125,627.65673828125,280.2898864746094,647.9050903320312,291.2070007324219,636.530517578125,293.7673034667969,658.4676513671875,302.14178466796875,653.4256591796875,301.7322692871094,630.257080078125,310.615478515625,625.2227783203125,310.48907470703125,621.0911865234375,328.9710388183594,627.7140502929688,328.6399230957031,611.6906127929688,354.3553466796875,630.032470703125,354.0432434082031
636.55419921875,272.9105224609375,638.5745849609375,270.6283264160156,634.837646484375,270.3847351074219,641.2018432617188,271.4626159667969,632.5137939453125,271.0052490234375,643.5858764648438,282.5777282714844,629.1822509765625,282.1864013671875,652.571044921875,294.5417175292969,633.5595703125,293.6325988769531,658.56884765625,301.6235656738281,646.2893676757812,300.23126220703125,640.0863647460938,309.4765319824219,627.0177612304688,309.84185791015625,649.51904296875,330.29388427734375,613.5972900390625,330.34521484375,656.4262084960938,356.1910095214844,602.494873046875,356.01031494140625
0.0,0.0,0.0,0.0,0.0,0.0,0.0,0.0,0.0,0.0,0.0,0.0,0.0,0.0,0.0,0.0,0.0,0.0,0.0,0.0,0.0,0.0,0.0,0.0,0.0,0.0,0.0,0.0,0.0,0.0,0.0,0.0,0.0,0.0
0.0,0.0,0.0,0.0,0.0,0.0,0.0,0.0,0.0,0.0,0.0,0.0,0.0,0.0,0.0,0.0,0.0,0.0,0.0,0.0,0.0,0.0,0.0,0.0,0.0,0.0,0.0,0.0,0.0,0.0,0.0,0.0,0.0,0.0
0.0,0.0,0.0,0.0,0.0,0.0,0.0,0.0,0.0,0.0,0.0,0.0,0.0,0.0,0.0,0.0,0.0,0.0,0.0,0.0,0.0,0.0,0.0,0.0,0.0,0.0,0.0,0.0,0.0,0.0,0.0,0.0,0.0,0.0
0.0,0.0,0.0,0.0,0.0,0.0,0.0,0.0,0.0,0.0,0.0,0.0,0.0,0.0,0.0,0.0,0.0,0.0,0.0,0.0,0.0,0.0,0.0,0.0,0.0,0.0,0.0,0.0,0.0,0.0,0.0,0.0,0.0,0.0
0.0,0.0,0.0,0.0,0.0,0.0,0.0,0.0,0.0,0.0,0.0,0.0,0.0,0.0,0.0,0.0,0.0,0.0,0.0,0.0,0.0,0.0,0.0,0.0,0.0,0.0,0.0,0.0,0.0,0.0,0.0,0.0,0.0,0.0
0.0,0.0,0.0,0.0,0.0,0.0,0.0,0.0,0.0,0.0,0.0,0.0,0.0,0.0,0.0,0.0,0.0,0.0,0.0,0.0,0.0,0.0,0.0,0.0,0.0,0.0,0.0,0.0,0.0,0.0,0.0,0.0,0.0,0.0
638.0057373046875,263.18475341796875,639.858642578125,260.7401123046875,636.1256103515625,260.4922790527344,642.5083618164062,261.4390869140625,633.8527221679688,260.9678955078125,648.20458984375,274.2105407714844,630.3054809570312,272.5739440917969,656.0865478515625,291.5158996582031,629.4581298828125,287.10064697265625,659.8345947265625,309.4139099121094,629.5440063476562,302.61114501953125,647.0755615234375,303.6545715332031,633.094970703125,303.3562316894531,657.7032470703125,328.79266357421875,622.9769287109375,327.49285888671875,674.91552734375,355.4090576171875,625.323486328125,351.8211364746094
634.2427368164062,260.5994873046875,636.3138427734375,258.0747375488281,632.4893798828125,257.82769775390625,639.9097290039062,258.77386474609375,631.2130126953125,258.4272155761719,646.5944213867188,271.99127197265625,628.9019775390625,271.08526611328125,655.0210571289062,290.5185546875,630.6641235351562,289.08453369140625,658.5576171875,309.0475769042969,630.0315551757812,307.54046630859375,645.9137573242188,303.3875732421875,632.2343139648438,303.27911376953125,655.8441772460938,329.2237548828125,622.6883544921875,328.04022216796875,675.40478515625,355.70941162109375,628.728759765625,352.08099365234375
634.2572021484375,260.50225830078125,636.3317260742188,257.97802734375,632.4898681640625,257.7296142578125,639.909423828125,258.6819763183594,631.1751098632812,258.33209228515625,646.5634765625,271.9205322265625,628.8504638671875,271.0124206542969,655.0025024414062,290.47613525390625,630.5929565429688,289.0436096191406,658.54931640625,309.01708984375,629.9550170898438,307.5162658691406,645.878662109375,303.32257080078125,632.19384765625,303.21575927734375,655.8077392578125,329.2000427246094,622.6995849609375,328.0185241699219,675.3741455078125,355.695556640625,628.76318359375,352.06640625
631.25244140625,258.453125,633.6550903320312,255.901611328125,629.4721069335938,255.62530517578125,638.2598266601562,256.7873229980469,628.5535888671875,256.4427490234375,645.0901489257812,270.9781188964844,627.5656127929688,270.1449279785156,653.9913330078125,290.75079345703125,630.3682861328125,288.7716369628906,656.7357788085938,310.4246826171875,629.0150146484375,306.5870361328125,644.3486328125,303.9252624511719,631.0930786132812,303.7745361328125,653.0714111328125,329.84442138671875,622.369384765625,328.80255126953125,672.5235595703125,356.1907653808594,629.755126953125,352.89434814453125
628.1974487304688,258.4249267578125,630.6328125,255.892822265625,626.646484375,255.57693481445312,635.7192993164062,256.8307800292969,626.5487670898438,256.37640380859375,642.8989868164062,270.79681396484375,626.4335327148438,269.9425354003906,652.3463134765625,290.4048156738281,630.8563842773438,288.703369140625,654.8192749023438,310.03240966796875,631.0687866210938,306.5306396484375,642.8170166015625,303.4250793457031,630.2865600585938,303.24658203125,651.595458984375,329.9879455566406,622.648681640625,328.9082336425781,671.098876953125,356.19622802734375,630.5359497070312,352.89599609375
626.2740478515625,258.2106628417969,628.943115234375,255.5931396484375,624.40771484375,255.3509521484375,634.4566650390625,256.809326171875,623.5693969726562,256.5415344238281,641.3775634765625,271.3177795410156,624.029296875,270.8044128417969,651.234130859375,289.64019775390625,626.4580688476562,287.8773193359375,652.65576171875,308.384033203125,624.7581787109375,303.82745361328125,642.2555541992188,304.6917724609375,629.7504272460938,304.57867431640625,648.3128051757812,330.0418701171875,623.3796997070312,329.24530029296875,665.3507690429688,355.93389892578125,631.5020141601562,353.274658203125
623.80029296875,259.4916687011719,626.5230712890625,256.8164367675781,621.9266967773438,256.664306640625,632.1720581054688,257.9765930175781,621.3560791015625,257.88079833984375,638.5030517578125,271.8056945800781,622.6294555664062,271.3684997558594,647.3701171875,288.13543701171875,624.1339721679688,285.287353515625,649.3521728515625,306.2939147949219,621.4740600585938,297.85260009765625,639.99169921875,304.10040283203125,629.111083984375,303.9747009277344,641.9361572265625,329.3582458496094,623.894287109375,328.8343811035156,656.36279296875,354.26470947265625,633.1600341796875,352.29498291015625
621.6154174804688,259.588623046875,623.933349609375,256.83203125,619.4694213867188,256.9099426269531,629.0543212890625,257.581787109375,618.5913696289062,257.87481689453125,636.2733764648438,270.97412109375,620.2352294921875,270.43988037109375,645.0645751953125,286.693359375,620.0015869140625,282.8544921875,646.8120727539062,304.1948547363281,616.2482299804688,294.07086181640625,639.2393188476562,302.66552734375,628.893798828125,302.385986328125,637.7144165039062,328.370849609375,623.953857421875,327.53485107421875,647.8333129882812,354.3762512207031,632.5392456054688,351.66632080078125
621.6481323242188,259.6357421875,623.9763793945312,256.8905029296875,619.5203857421875,256.9625549316406,629.1345825195312,257.626708984375,618.6211547851562,257.91448974609375,636.4213256835938,271.0356750488281,620.1172485351562,270.4485168457031,645.1918334960938,286.89141845703125,619.6218872070312,282.7588806152344,646.9122924804688,304.53466796875,615.5750732421875,293.84844970703125,639.2222900390625,302.72100830078125,628.7490844726562,302.42767333984375,637.7939453125,328.4581604003906,624.0947875976562,327.6191101074219,647.8200073242188,354.4390563964844,632.85009765625,351.7616271972656
620.5447998046875,260.3542175292969,622.7384033203125,257.6979064941406,618.761474609375,257.5724182128906,627.1469116210938,257.9729309082031,617.2930908203125,257.6924133300781,632.0835571289062,270.88031005859375,616.4874267578125,268.1699523925781,643.1412353515625,286.381103515625,603.6004028320312,275.249267578125,646.2579956054688,307.650146484375,590.5011596679688,278.5425720214844,634.0552978515625,301.23162841796875,625.1300659179688,299.8661804199219,631.361328125,327.1545104980469,625.2625122070312,326.47540283203125,639.0444946289062,352.2354736328125,634.3571166992188,351.49224853515625
0.0,0.0,0.0,0.0,0.0,0.0,0.0,0.0,0.0,0.0,0.0,0.0,0.0,0.0,0.0,0.0,0.0,0.0,0.0,0.0,0.0,0.0,0.0,0.0,0.0,0.0,0.0,0.0,0.0,0.0,0.0,0.0,0.0,0.0
0.0,0.0,0.0,0.0,0.0,0.0,0.0,0.0,0.0,0.0,0.0,0.0,0.0,0.0,0.0,0.0,0.0,0.0,0.0,0.0,0.0,0.0,0.0,0.0,0.0,0.0,0.0,0.0,0.0,0.0,0.0,0.0,0.0,0.0
0.0,0.0,0.0,0.0,0.0,0.0,0.0,0.0,0.0,0.0,0.0,0.0,0.0,0.0,0.0,0.0,0.0,0.0,0.0,0.0,0.0,0.0,0.0,0.0,0.0,0.0,0.0,0.0,0.0,0.0,0.0,0.0,0.0,0.0
611.3075561523438,259.1002197265625,613.2440185546875,256.4588623046875,610.0804443359375,256.2748107910156,617.9314575195312,256.9229431152344,609.5662841796875,256.32061767578125,624.512939453125,269.2651062011719,608.98779296875,264.9546203613281,635.1470336914062,285.48358154296875,596.7343139648438,266.0370178222656,633.7807006835938,305.03619384765625,589.7146606445312,262.4061584472656,629.5704345703125,296.7814025878906,620.14794921875,295.3636779785156,627.9667358398438,329.9297790527344,622.601318359375,328.7475280761719,636.6104736328125,360.86541748046875,631.9044189453125,358.3980407714844
611.2968139648438,259.0854797363281,613.21826171875,256.4427490234375,610.08447265625,256.25726318359375,617.872802734375,256.90435791015625,609.6172485351562,256.29937744140625,624.459716796875,269.2261047363281,609.0174560546875,264.94293212890625,635.1007080078125,285.41497802734375,596.8516235351562,266.1314697265625,633.778076171875,304.9648132324219,589.7598266601562,262.6653747558594,629.4971923828125,296.80218505859375,620.1254272460938,295.3956604003906,627.9453125,329.9580383300781,622.5891723632812,328.78448486328125,636.6636962890625,360.9478454589844,631.9495849609375,358.4809265136719
608.7051391601562,258.1108703613281,610.8093872070312,255.51596069335938,607.6469116210938,255.287353515625,616.1710205078125,256.25201416015625,607.6189575195312,255.54330444335938,622.9236450195312,269.16448974609375,607.45263671875,264.4466247558594,632.2509155273438,286.0404052734375,595.4080200195312,265.56500244140625,631.2705688476562,305.6208190917969,589.6148681640625,261.5939025878906,628.0570068359375,297.6397399902344,618.614990234375,296.0435485839844,626.0756225585938,329.68695068359375,620.4800415039062,328.1796875,636.6298828125,361.0122375488281,631.701171875,357.98553466796875
604.244384765625,257.9005126953125,606.6038208007812,255.33026123046875,604.6469116210938,255.29840087890625,614.0113525390625,255.76123046875,607.955078125,256.08929443359375,623.8765869140625,267.99371337890625,611.2803344726562,268.48529052734375,633.4354248046875,288.8132019042969,611.6749267578125,288.7689514160156,630.4400024414062,306.1510009765625,606.9852905273438,304.19720458984375,623.3410034179688,302.928955078125,615.8968505859375,302.4364013671875,621.2698364257812,329.7586975097656,615.3644409179688,329.4914855957031,633.2922973632812,360.84185791015625,627.8110961914062,359.24896240234375
604.0859375,257.7420654296875,605.8211669921875,254.966064453125,602.5198974609375,255.05645751953125,610.0514526367188,255.35104370117188,602.9581909179688,255.73257446289062,618.343994140625,268.045166015625,604.6177978515625,267.878173828125,627.74365234375,285.03076171875,605.6815795898438,281.2257995605469,628.1089477539062,303.56512451171875,603.027099609375,290.3894958496094,622.6931762695312,299.9722595214844,614.286376953125,300.13665771484375,619.1407470703125,330.85101318359375,612.0382690429688,330.85223388671875,629.3543090820312,360.6470642089844,624.2843627929688,358.7263488769531
603.272705078125,258.068603515625,604.7154541015625,255.22906494140625,601.5980224609375,255.49703979492188,608.148193359375,255.39837646484375,602.1455078125,256.183837890625,616.0353393554688,267.318115234375,604.222412109375,268.0609436035156,626.216552734375,282.84716796875,606.3319702148438,281.525634765625,628.5986328125,300.7762756347656,604.2930908203125,290.8256530761719,620.68603515625,298.4615478515625,613.595947265625,298.9956970214844,615.356201171875,328.70428466796875,609.8428344726562,329.1807861328125,625.3428344726562,357.8035583496094,621.8964233398438,356.61492919921875
599.3391723632812,259.14935302734375,601.5975341796875,256.4221496582031,598.3690185546875,256.4408264160156,607.3740844726562,256.2297058105469,597.6066284179688,256.5467224121094,615.6546630859375,266.69525146484375,599.0271606445312,267.4353942871094,625.398193359375,284.0328063964844,596.2630615234375,284.3811950683594,627.4443359375,300.143310546875,592.4912719726562,298.41680908203125,617.1625366210938,299.2518310546875,607.1322631835938,299.2501220703125,615.4180908203125,326.33660888671875,608.6103515625,326.24969482421875,623.943115234375,354.8172607421875,617.7338256835938,353.8552551269531
599.3645629882812,259.15374755859375,601.6243286132812,256.4294738769531,598.3963012695312,256.4452819824219,607.3952026367188,256.24188232421875,597.6289672851562,256.5519714355469,615.6526489257812,266.69976806640625,599.01611328125,267.4322509765625,625.3922119140625,284.019775390625,596.264404296875,284.3661804199219,627.4371337890625,300.12310791015625,592.525634765625,298.3927917480469,617.0746459960938,299.191162109375,607.0458984375,299.185302734375,615.2955322265625,326.27972412109375,608.5301513671875,326.1921691894531,623.7582397460938,354.7689208984375,617.6234741210938,353.80804443359375
596.1089477539062,261.78216552734375,597.4881591796875,258.9942626953125,594.5949096679688,259.3223876953125,601.8905029296875,258.9870300292969,595.1864013671875,259.736572265625,611.5671997070312,269.7750549316406,596.38525390625,270.85809326171875,624.0802612304688,285.01263427734375,594.645263671875,285.0172119140625,627.6173706054688,303.1411437988281,590.7847290039062,293.7073974609375,619.2698974609375,298.9216613769531,610.1468505859375,299.3317565917969,611.3389282226562,327.6109924316406,604.9274291992188,328.2163391113281,616.9901733398438,359.1849670410156,614.0577392578125,358.22576904296875
595.8511962890625,264.3160705566406,597.0560913085938,261.47320556640625,594.4656372070312,261.92718505859375,601.1881103515625,261.9457092285156,595.8779907226562,262.95172119140625,610.5569458007812,273.5504150390625,597.298828125,274.29913330078125,621.4097290039062,290.42694091796875,596.5304565429688,288.4495544433594,623.4790649414062,308.6944274902344,594.0775146484375,294.8504943847656,616.1700439453125,303.99530029296875,608.0634155273438,304.22979736328125,608.3804931640625,332.3125,602.0280151367188,332.764404296875,616.0431518554688,363.5576171875,612.3399658203125,362.592529296875
595.3716430664062,267.2899475097656,597.0153198242188,264.5788269042969,593.8448486328125,264.768310546875,601.1624145507812,265.761474609375,594.9609985351562,266.2409362792969,609.4994506835938,278.0743713378906,596.6721801757812,278.4561462402344,619.5921020507812,294.57965087890625,598.9999389648438,294.7366943359375,622.2249755859375,311.5628967285156,599.581787109375,305.7795715332031,613.2064208984375,309.5804138183594,605.0806884765625,309.4610290527344,604.6890258789062,335.494384765625,597.2457275390625,334.8595886230469,616.8046264648438,365.7971496582031,611.2940673828125,362.56658935546875
591.4892578125,274.50213623046875,592.7705078125,271.379150390625,590.155029296875,271.6488037109375,597.0665893554688,271.5218505859375,593.882080078125,271.9570617675781,607.3399047851562,282.876953125,598.9025268554688,282.58441162109375,619.42333984375,298.96673583984375,604.5770263671875,298.8481140136719,619.6063842773438,314.3504943847656,602.75341796875,311.382568359375,613.0348510742188,313.87841796875,607.7002563476562,313.0199890136719,599.1572265625,339.5221252441406,592.851806640625,337.61395263671875,612.369873046875,369.54266357421875,608.296875,364.338134765625
590.1322021484375,275.10418701171875,591.6085205078125,271.9695739746094,587.8033447265625,272.4769287109375,596.2066040039062,271.87799072265625,588.9678955078125,272.8626403808594,606.989501953125,284.7071533203125,592.9840698242188,283.59552001953125,619.02734375,302.0898132324219,592.2100830078125,297.50091552734375,619.3104858398438,316.3193664550781,586.5238647460938,307.2581787109375,610.6453857421875,316.986083984375,601.832763671875,315.73345947265625,601.9557495117188,341.4605712890625,588.3349609375,338.61529541015625,613.7604370117188,371.3982849121094,600.4266967773438,364.7284851074219
590.1124877929688,275.118408203125,591.5770263671875,271.9833984375,587.7969360351562,272.4922180175781,596.1603393554688,271.8881530761719,589.0050048828125,272.87408447265625,606.9522094726562,284.6869201660156,593.0498657226562,283.5920104980469,619.06396484375,302.106689453125,592.2976684570312,297.49139404296875,619.4107666015625,316.478759765625,586.5676879882812,307.1770324707031,610.7119140625,316.9112548828125,601.9906005859375,315.6791687011719,601.915283203125,341.4902038574219,588.5918579101562,338.6915283203125,613.7445068359375,371.4405517578125,600.8214111328125,364.8365478515625
587.2530517578125,273.5572509765625,588.9262084960938,270.66534423828125,585.8698120117188,271.0449523925781,594.0418701171875,270.113525390625,584.6087036132812,271.3575439453125,603.8374633789062,280.2337951660156,585.4004516601562,282.3861389160156,616.0485229492188,294.9066162109375,583.2141723632812,298.543212890625,619.6906127929688,309.881591796875,580.1115112304688,310.644775390625,608.4923706054688,311.5848693847656,596.3169555664062,312.3265686035156,609.72998046875,337.2218017578125,589.4569702148438,337.53656005859375,618.713623046875,364.9934387207031,592.4283447265625,364.9580383300781
585.74755859375,270.6153564453125,586.7117309570312,267.67523193359375,584.1082763671875,267.9086608886719,591.2101440429688,268.014404296875,585.951171875,267.9235534667969,601.9511108398438,280.5486145019531,588.093505859375,278.03424072265625,614.0589599609375,295.01971435546875,585.1734008789062,288.81744384765625,615.4063110351562,309.717041015625,579.8792724609375,301.82269287109375,607.3482055664062,309.42498779296875,597.4891967773438,307.9108581542969,609.6720581054688,337.47265625,585.5465087890625,334.47625732421875,613.101806640625,367.8494567871094,581.2907104492188,361.7738952636719
584.35498046875,268.950927734375,585.4435424804688,265.90838623046875,582.0653686523438,266.42486572265625,589.7728881835938,265.5368957519531,581.5537719726562,266.4683532714844,600.8733520507812,278.054931640625,582.1137084960938,278.1785583496094,615.075927734375,291.56121826171875,578.9540405273438,291.4158020019531,617.9232177734375,309.0392761230469,573.714599609375,308.6263732910156,606.1502075195312,308.2360534667969,593.078857421875,308.08905029296875,614.9692993164062,333.86126708984375,585.1536254882812,332.58660888671875,619.1428833007812,360.93896484375,581.1728515625,357.4562683105469
583.7607421875,265.82177734375,584.570068359375,262.91259765625,581.5278930664062,263.60357666015625,588.2743530273438,263.1383361816406,580.4313354492188,264.5664978027344,600.0123901367188,276.10894775390625,579.1654663085938,277.5054016113281,615.4513549804688,289.76348876953125,576.0189208984375,291.8848876953125,618.6455688476562,307.5643615722656,573.9913330078125,308.38555908203125,605.7769775390625,305.65667724609375,590.693115234375,306.3797607421875,619.2535400390625,331.2108459472656,582.5435180664062,331.1656799316406,627.1146850585938,356.39990234375,578.8515625,355.0166931152344
583.8662719726562,265.5417785644531,584.5604858398438,262.600830078125,581.8352661132812,263.3272705078125,588.0672607421875,262.59344482421875,580.7821044921875,264.1562194824219,599.543212890625,274.84844970703125,579.04052734375,276.75469970703125,615.7415161132812,288.3105163574219,574.5506591796875,291.10247802734375,618.4961547851562,307.11810302734375,572.1832885742188,307.7021179199219,605.1776733398438,303.66448974609375,589.9779052734375,304.74755859375,620.0091552734375,328.6497802734375,580.7213745117188,329.2896728515625,631.28076171875,353.7781982421875,577.1112060546875,353.6348876953125
583.9398193359375,265.4997253417969,584.630615234375,262.56243896484375,581.8984375,263.2901306152344,588.1049194335938,262.5750732421875,580.8126220703125,264.14141845703125,599.552001953125,274.8517150878906,579.0545043945312,276.76800537109375,615.7405395507812,288.2958984375,574.5816040039062,291.1337585449219,618.4985961914062,307.0670471191406,572.3131713867188,307.7339172363281,605.1544799804688,303.6549377441406,589.9588012695312,304.7412414550781,619.9597778320312,328.6388854980469,580.703369140625,329.2763671875,631.2301025390625,353.787353515625,577.0958862304688,353.62664794921875
583.7754516601562,263.1358642578125,584.5703125,260.271728515625,581.987060546875,261.0561828613281,588.5755004882812,260.17144775390625,581.2130737304688,262.0208740234375,600.0973510742188,271.7475280761719,579.2759399414062,274.8981018066406,615.9662475585938,283.06683349609375,574.7676391601562,289.1075744628906,619.4730224609375,299.3601989746094,574.4937133789062,303.0868225097656,605.58154296875,300.7629699707031,589.8837890625,302.4881591796875,621.5971069335938,325.9925842285156,580.0614013671875,327.595703125,634.5364379882812,350.6759033203125,576.224609375,351.912353515625
588.4715576171875,258.96002197265625,589.40625,256.26971435546875,586.3667602539062,256.99029541015625,592.3052978515625,256.8877258300781,584.2649536132812,258.68878173828125,601.2645263671875,268.3844299316406,580.6209716796875,273.36578369140625,618.0114135742188,275.6222229003906,574.1287841796875,289.5339050292969,623.2652587890625,284.13348388671875,575.3417358398438,301.66510009765625,605.4900512695312,299.1429138183594,589.9150390625,301.7373352050781,622.3713989257812,322.7042236328125,580.7034912109375,325.48406982421875,635.9033203125,347.41314697265625,575.6912841796875,350.3137512207031
591.0938110351562,255.93362426757812,592.1211547851562,253.24908447265625,589.5462646484375,253.90383911132812,595.6199951171875,253.20407104492188,588.7539672851562,255.0286865234375,604.4373779296875,263.303955078125,585.675537109375,269.11944580078125,621.0905151367188,269.2738952636719,581.5159301757812,284.4798583984375,624.4681396484375,276.9615173339844,581.1600341796875,293.33245849609375,607.0995483398438,294.90179443359375,593.1583862304688,297.7010192871094,620.1691284179688,318.3408203125,583.7671508789062,322.17791748046875,630.0023803710938,342.3915100097656,578.3462524414062,347.76519775390625
596.9374389648438,247.32891845703125,598.0311279296875,245.0963134765625,594.2308959960938,245.54611206054688,599.9337158203125,246.96554565429688,590.3733520507812,247.77694702148438,605.5535278320312,258.0256652832031,587.39697265625,262.6842041015625,619.6343383789062,264.65167236328125,584.1195068359375,280.7774353027344,627.9964599609375,261.6611328125,584.0979614257812,291.59246826171875,609.9251708984375,292.60650634765625,596.6806640625,294.7884826660156,616.0166625976562,318.189697265625,587.5559692382812,320.3153991699219,617.23291015625,344.098876953125,573.349609375,346.2682800292969
598.8084106445312,244.32803344726562,600.3272705078125,242.049560546875,596.280517578125,242.456787109375,603.6931762695312,243.8817138671875,593.3174438476562,244.58157348632812,610.6885986328125,255.04095458984375,590.2299194335938,259.1434020996094,622.5578002929688,261.08074951171875,585.4968872070312,276.5406799316406,626.3553466796875,254.18423461914062,585.3081665039062,291.6895751953125,612.7774047851562,290.71234130859375,598.11279296875,292.465576171875,617.3857421875,318.3519287109375,588.6747436523438,318.882568359375,616.6380004882812,346.48150634765625,575.3770751953125,345.40771484375
598.806396484375,244.35101318359375,600.3212890625,242.07412719726562,596.30029296875,242.47061157226562,603.6934814453125,243.90802001953125,593.3856201171875,244.5753173828125,610.7548217773438,255.17510986328125,590.2407836914062,259.1273193359375,622.493896484375,261.49847412109375,585.497314453125,276.4879150390625,626.1837768554688,254.78121948242188,585.3263549804688,291.3774719238281,612.8351440429688,291.0123596191406,598.1430053710938,292.6943664550781,617.2982177734375,318.67816162109375,588.6797485351562,319.1516418457031,616.4813232421875,346.74609375,575.4505615234375,345.6341247558594
604.839111328125,240.07852172851562,606.092041015625,237.84414672851562,602.6450805664062,237.94674682617188,607.7431030273438,239.58358764648438,598.7693481445312,239.58322143554688,612.5022583007812,249.17068481445312,594.3584594726562,254.0533447265625,626.412353515625,249.50247192382812,588.1863403320312,271.5869445800781,627.2555541992188,234.39102172851562,589.4315795898438,288.5597839355469,612.817138671875,286.871826171875,599.8490600585938,288.7188720703125,613.1141357421875,316.46295166015625,589.9859008789062,316.819580078125,612.465576171875,345.6199951171875,576.526611328125,343.84136962890625
610.9650268554688,234.64047241210938,611.07763671875,232.11874389648438,607.1801147460938,232.64895629882812,608.58837890625,234.7657470703125,600.856689453125,235.34951782226562,611.7354125976562,247.22317504882812,599.5059204101562,248.09716796875,622.3107299804688,255.09185791015625,610.51708984375,257.0489501953125,626.8975219726562,244.55596923828125,622.6101684570312,247.8892822265625,612.0802001953125,285.8890380859375,601.9957275390625,286.3523864746094,615.121337890625,316.40765380859375,594.6276245117188,316.5422058105469,608.6730346679688,344.15625,576.8405151367188,344.58251953125
614.2437133789062,229.9770965576172,613.1876831054688,227.5206298828125,611.51806640625,227.89874267578125,607.923828125,230.0107421875,607.4619750976562,230.02296447753906,609.0852661132812,242.58221435546875,605.1725463867188,241.92837524414062,617.5575561523438,252.23214721679688,616.2658081054688,251.06723022460938,627.8361206054688,240.39437866210938,627.5071411132812,239.45501708984375,609.7169189453125,281.6603698730469,605.4793701171875,281.748291015625,617.5993041992188,314.6854553222656,602.579345703125,314.20111083984375,609.49072265625,343.3089294433594,584.775146484375,343.18890380859375
614.9758911132812,227.50234985351562,613.3214111328125,224.75491333007812,612.426025390625,225.14927673339844,605.87060546875,227.41656494140625,608.9940795898438,227.46319580078125,605.1581420898438,239.57940673828125,608.9927368164062,239.30462646484375,616.5951538085938,244.388916015625,622.8734741210938,244.05258178710938,632.0950317382812,232.59445190429688,631.4121704101562,229.54066467285156,608.46337890625,276.43280029296875,611.9446411132812,276.6908264160156,609.8696899414062,309.64300537109375,619.6939086914062,309.41827392578125,596.984619140625,338.0830078125,612.6710205078125,338.4717712402344
613.212890625,227.4284210205078,613.5758056640625,225.14633178710938,610.8226928710938,225.19281005859375,612.0012817382812,228.07095336914062,607.513427734375,227.69326782226562,613.7284545898438,239.03021240234375,607.0604248046875,238.68380737304688,627.4354858398438,238.72958374023438,621.3790893554688,237.12347412109375,639.1218872070312,227.30697631835938,632.471435546875,221.9664306640625,616.835693359375,274.5631103515625,612.032958984375,275.0347595214844,622.379638671875,304.39813232421875,618.3713989257812,304.969970703125,614.529052734375,330.6842041015625,608.5040283203125,333.0401611328125
613.368896484375,227.39273071289062,613.6542358398438,225.09323120117188,610.9642333984375,225.14413452148438,611.8345336914062,228.02151489257812,607.5679321289062,227.6376190185547,613.4080810546875,238.98953247070312,607.186279296875,238.62051391601562,627.2291870117188,238.73458862304688,621.8208618164062,237.04067993164062,639.1765747070312,227.2980194091797,632.950927734375,221.85470581054688,616.6542358398438,274.5869140625,612.1671752929688,275.0679626464844,622.3794555664062,304.4885559082031,618.8162841796875,305.0551452636719,614.4561767578125,330.7806396484375,608.9586181640625,333.180419921875
617.4474487304688,229.9222869873047,617.9415283203125,227.5640869140625,614.62939453125,227.43406677246094,615.52685546875,229.43093872070312,610.4778442382812,228.53041076660156,612.46484375,239.20928955078125,612.7819213867188,237.49435424804688,622.970703125,239.83984375,626.2620239257812,237.08660888671875,639.3842163085938,226.9808349609375,637.2283325195312,225.66458129882812,614.4833374023438,273.6119079589844,615.8195190429688,273.503173828125,619.4298706054688,303.4430847167969,632.1863403320312,302.41143798828125,605.8229370117188,329.26385498046875,622.4548950195312,328.632080078125
617.862548828125,229.74313354492188,617.33154296875,227.41748046875,615.6591796875,227.057373046875,612.20849609375,230.06210327148438,613.1277465820312,228.27310180664062,606.3020629882812,243.17840576171875,618.5399780273438,237.3624267578125,604.3388671875,251.95098876953125,634.2743530273438,236.64706420898438,613.8875122070312,249.60626220703125,642.1409912109375,229.61773681640625,612.8728637695312,275.61083984375,622.253173828125,273.6514587402344,616.734619140625,304.20135498046875,638.802734375,300.58807373046875,602.5530395507812,328.12530517578125,632.3317260742188,323.6497802734375
619.4053344726562,228.55357360839844,617.072998046875,226.3585662841797,617.63134765625,226.06898498535156,608.3729858398438,230.07872009277344,615.31396484375,227.93128967285156,603.9824829101562,244.26409912109375,620.1639404296875,237.00039672851562,601.043212890625,254.4981689453125,634.52734375,236.28497314453125,609.34521484375,249.4661865234375,640.6522827148438,226.44407653808594,612.5443725585938,274.5536193847656,624.8870849609375,271.95196533203125,617.0507202148438,302.7879943847656,641.6898803710938,297.824462890625,601.9133911132812,327.5948791503906,637.0526733398438,320.6777038574219
624.3582153320312,229.84756469726562,622.3504638671875,227.50314331054688,622.6718139648438,227.0723114013672,614.0859375,230.58981323242188,620.8485107421875,228.12210083007812,608.5349731445312,244.02658081054688,626.0220336914062,236.41458129882812,601.976318359375,252.9246826171875,637.2828979492188,235.17611694335938,607.4596557617188,248.28363037109375,639.10546875,228.71282958984375,616.64501953125,273.9984130859375,629.9273071289062,270.9901428222656,617.5142211914062,302.0467529296875,643.8062133789062,296.550537109375,602.3071899414062,327.1351318359375,639.0868530273438,319.1008605957031
630.1869506835938,228.4327392578125,629.3395385742188,225.72312927246094,627.6245727539062,225.39146423339844,623.2518310546875,228.1031494140625,623.2750244140625,225.97085571289062,617.8854370117188,239.883056640625,625.9781494140625,234.84951782226562,613.1437377929688,244.41192626953125,630.3624877929688,236.44049072265625,618.05517578125,240.249755859375,630.6528930664062,241.28738403320312,623.9217529296875,272.6498718261719,631.2614135742188,270.59417724609375,622.4950561523438,300.568115234375,645.3292846679688,296.1215515136719,603.9178466796875,324.41973876953125,636.6162109375,317.86956787109375
630.2119140625,228.44943237304688,629.4310302734375,225.743408203125,627.6505737304688,225.41140747070312,623.479248046875,228.0811309814453,623.2901611328125,225.97743225097656,618.1326904296875,239.81082153320312,625.86083984375,234.89385986328125,613.6427612304688,244.40859985351562,629.9637451171875,236.6998291015625,618.669677734375,240.62551879882812,630.25634765625,241.8929443359375,624.0003662109375,272.4789123535156,631.1431884765625,270.47509765625,622.4017333984375,300.3509521484375,645.218994140625,296.0081787109375,604.0077514648438,324.23828125,636.78125,317.86395263671875
626.41015625,229.43356323242188,627.7820434570312,226.78074645996094,624.6830444335938,226.38609313964844,628.8568725585938,228.1403350830078,624.633544921875,226.42994689941406,627.811767578125,237.704833984375,626.876708984375,234.18991088867188,623.4091186523438,231.92103576660156,624.4256591796875,226.03750610351562,625.9888916015625,219.5468292236328,619.7705078125,220.57843017578125,635.359619140625,273.3124694824219,635.8533935546875,271.6751708984375,622.271728515625,301.728759765625,635.401611328125,299.1875305175781,606.5656127929688,326.25592041015625,625.2883911132812,322.49652099609375
629.27490234375,230.62034606933594,630.9576416015625,227.87095642089844,626.5823364257812,228.09963989257812,633.8710327148438,228.87319946289062,624.1382446289062,228.96176147460938,637.349609375,237.8199462890625,625.4800415039062,238.09185791015625,643.1705322265625,233.0863037109375,628.4943237304688,233.07546997070312,644.58935546875,223.01699829101562,630.6060791015625,222.14476013183594,640.8505859375,273.455322265625,632.225830078125,273.2901611328125,632.3738403320312,299.8777160644531,622.8027954101562,300.12750244140625,621.4405517578125,323.11492919921875,607.110595703125,323.972900390625
639.5970458984375,217.72915649414062,640.212890625,214.97189331054688,636.5195922851562,215.41900634765625,639.3367919921875,216.87005615234375,630.7542724609375,217.24713134765625,640.2139892578125,228.54916381835938,627.6326293945312,229.5873565673828,644.939208984375,233.87432861328125,631.9366455078125,235.193115234375,647.2223510742188,231.07037353515625,645.3768920898438,231.4740447998047,642.7101440429688,267.5751953125,633.120849609375,268.37646484375,643.3257446289062,297.3016357421875,629.4981689453125,298.7940979003906,629.06494140625,318.8306579589844,609.6229248046875,322.5414123535156
645.2535400390625,216.46994018554688,646.2359008789062,213.76846313476562,641.570556640625,214.23191833496094,644.9125366210938,216.38563537597656,634.775146484375,217.0685577392578,644.25146484375,228.80743408203125,631.634765625,230.3713836669922,652.1638793945312,232.48281860351562,641.6836547851562,234.66864013671875,661.8110961914062,223.67327880859375,660.6160278320312,222.34494018554688,643.2969970703125,267.0834655761719,632.7627563476562,268.4479064941406,653.47705078125,295.0190124511719,632.1079711914062,296.8805847167969,643.0098876953125,316.7165222167969,611.8983764648438,320.39849853515625
644.935791015625,225.78672790527344,645.1550903320312,223.15553283691406,642.10009765625,223.50381469726562,643.424560546875,224.4248046875,637.748291015625,224.5740966796875,645.396484375,234.57171630859375,636.3533935546875,235.29986572265625,660.8184814453125,234.96063232421875,649.822021484375,238.37420654296875,680.02880859375,222.62118530273438,670.1057739257812,225.5796661376953,642.248046875,271.4583435058594,636.0105590820312,272.201171875,649.649658203125,297.10546875,641.009521484375,297.35223388671875,633.9932250976562,317.7730712890625,624.25390625,318.34173583984375
645.1541137695312,225.98609924316406,645.3785400390625,223.37594604492188,642.3065185546875,223.70700073242188,643.6270141601562,224.65252685546875,637.8606567382812,224.75881958007812,645.5311889648438,234.82595825195312,636.3851318359375,235.4334716796875,660.9198608398438,235.09918212890625,649.7185668945312,238.3309326171875,680.12109375,222.59764099121094,669.8524169921875,225.5546875,642.12109375,271.52288818359375,635.8141479492188,272.2021179199219,649.7628784179688,297.09161376953125,641.0264282226562,297.2265319824219,634.1295166015625,317.7509765625,624.225341796875,318.13800048828125
0.0,0.0,0.0,0.0,0.0,0.0,0.0,0.0,0.0,0.0,0.0,0.0,0.0,0.0,0.0,0.0,0.0,0.0,0.0,0.0,0.0,0.0,0.0,0.0,0.0,0.0,0.0,0.0,0.0,0.0,0.0,0.0,0.0,0.0
0.0,0.0,0.0,0.0,0.0,0.0,0.0,0.0,0.0,0.0,0.0,0.0,0.0,0.0,0.0,0.0,0.0,0.0,0.0,0.0,0.0,0.0,0.0,0.0,0.0,0.0,0.0,0.0,0.0,0.0,0.0,0.0,0.0,0.0
0.0,0.0,0.0,0.0,0.0,0.0,0.0,0.0,0.0,0.0,0.0,0.0,0.0,0.0,0.0,0.0,0.0,0.0,0.0,0.0,0.0,0.0,0.0,0.0,0.0,0.0,0.0,0.0,0.0,0.0,0.0,0.0,0.0,0.0
0.0,0.0,0.0,0.0,0.0,0.0,0.0,0.0,0.0,0.0,0.0,0.0,0.0,0.0,0.0,0.0,0.0,0.0,0.0,0.0,0.0,0.0,0.0,0.0,0.0,0.0,0.0,0.0,0.0,0.0,0.0,0.0,0.0,0.0
0.0,0.0,0.0,0.0,0.0,0.0,0.0,0.0,0.0,0.0,0.0,0.0,0.0,0.0,0.0,0.0,0.0,0.0,0.0,0.0,0.0,0.0,0.0,0.0,0.0,0.0,0.0,0.0,0.0,0.0,0.0,0.0,0.0,0.0
0.0,0.0,0.0,0.0,0.0,0.0,0.0,0.0,0.0,0.0,0.0,0.0,0.0,0.0,0.0,0.0,0.0,0.0,0.0,0.0,0.0,0.0,0.0,0.0,0.0,0.0,0.0,0.0,0.0,0.0,0.0,0.0,0.0,0.0
0.0,0.0,0.0,0.0,0.0,0.0,0.0,0.0,0.0,0.0,0.0,0.0,0.0,0.0,0.0,0.0,0.0,0.0,0.0,0.0,0.0,0.0,0.0,0.0,0.0,0.0,0.0,0.0,0.0,0.0,0.0,0.0,0.0,0.0
664.3762817382812,228.29391479492188,664.6707763671875,225.5133819580078,662.6771850585938,225.5480194091797,658.8733520507812,225.68072509765625,656.95263671875,225.88156127929688,653.119384765625,235.20654296875,650.7073364257812,235.79168701171875,650.011474609375,244.69631958007812,646.5890502929688,245.38037109375,649.6097412109375,241.2928466796875,650.6912841796875,242.58322143554688,644.408447265625,262.158935546875,642.5651245117188,262.65753173828125,649.756591796875,287.82855224609375,649.2031860351562,288.15618896484375,642.2020874023438,315.1664733886719,641.2333374023438,316.510009765625
0.0,0.0,0.0,0.0,0.0,0.0,0.0,0.0,0.0,0.0,0.0,0.0,0.0,0.0,0.0,0.0,0.0,0.0,0.0,0.0,0.0,0.0,0.0,0.0,0.0,0.0,0.0,0.0,0.0,0.0,0.0,0.0,0.0,0.0
0.0,0.0,0.0,0.0,0.0,0.0,0.0,0.0,0.0,0.0,0.0,0.0,0.0,0.0,0.0,0.0,0.0,0.0,0.0,0.0,0.0,0.0,0.0,0.0,0.0,0.0,0.0,0.0,0.0,0.0,0.0,0.0,0.0,0.0
660.1672973632812,218.9150390625,662.1040649414062,216.51524353027344,657.9229736328125,216.36643981933594,663.915283203125,217.91644287109375,653.2802734375,217.1848602294922,661.873779296875,229.79022216796875,646.6317749023438,227.83250427246094,657.9498291015625,241.34732055664062,633.9088134765625,235.82330322265625,653.0244750976562,245.7015380859375,633.19775390625,240.14688110351562,652.8676147460938,260.4684753417969,643.6062622070312,259.759765625,653.9463500976562,286.70843505859375,648.2083129882812,286.44366455078125,642.35791015625,307.89788818359375,639.2755737304688,309.3995666503906
660.2023315429688,218.9042510986328,662.1229858398438,216.49147033691406,657.9437255859375,216.3574981689453,663.9049072265625,217.8961181640625,653.2808227539062,217.19927978515625,661.89501953125,229.75506591796875,646.6554565429688,227.89361572265625,657.8848266601562,241.17694091796875,634.0086059570312,235.896728515625,652.8235473632812,245.29144287109375,633.3014526367188,240.09149169921875,653.036376953125,260.53204345703125,643.7494506835938,259.8663635253906,654.1477661132812,286.8046875,648.234619140625,286.59368896484375,642.5206909179688,308.0264892578125,639.1853637695312,309.5896911621094
660.3374633789062,218.068115234375,661.982177734375,215.6251220703125,658.0669555664062,215.52598571777344,663.229248046875,217.36752319335938,653.097412109375,216.6646270751953,661.9583129882812,229.12014770507812,645.8889770507812,227.44691467285156,660.9485473632812,240.06961059570312,633.8276977539062,235.73104858398438,657.6751098632812,244.08712768554688,636.0023803710938,240.0811767578125,653.2515258789062,259.6510925292969,643.4378051757812,259.1629943847656,655.1541137695312,286.51129150390625,649.3862915039062,286.398681640625,642.02783203125,308.20458984375,639.0259399414062,309.6681823730469
660.0772705078125,216.57562255859375,661.9459228515625,214.15879821777344,657.740234375,213.95822143554688,663.6878051757812,215.52920532226562,652.6092529296875,214.625732421875,662.8583374023438,227.409912109375,645.1249389648438,226.07130432128906,663.8364868164062,241.143310546875,634.3759765625,238.88909912109375,662.518798828125,251.0562744140625,636.990478515625,250.784423828125,654.0668334960938,257.2100830078125,643.2252197265625,256.87103271484375,657.1246337890625,283.8809814453125,649.0718383789062,283.90325927734375,645.076171875,305.9755859375,639.8936157226562,307.587158203125
662.025146484375,218.10452270507812,663.4423828125,215.78448486328125,659.8876953125,215.48983764648438,663.275634765625,216.93637084960938,654.6994018554688,215.6448516845703,662.71875,228.7008056640625,645.697998046875,226.97274780273438,663.113525390625,245.17263793945312,634.473876953125,242.4425048828125,666.281494140625,258.26629638671875,637.821044921875,257.7589416503906,655.6920776367188,259.18267822265625,645.0958251953125,258.79107666015625,658.3858032226562,280.830810546875,648.7791137695312,280.8878479003906,650.1378784179688,304.8279113769531,642.124267578125,305.3094787597656
661.3679809570312,220.37818908691406,663.3399658203125,218.16751098632812,658.9140014648438,217.6034698486328,663.959716796875,219.79376220703125,653.8067626953125,217.84164428710938,663.6399536132812,232.02166748046875,644.2423706054688,229.5133056640625,666.2945556640625,248.22714233398438,632.7493896484375,244.49728393554688,670.6966552734375,260.5266418457031,635.2615966796875,259.0945129394531,656.559326171875,263.29638671875,644.2826538085938,262.538818359375,659.4810180664062,284.46502685546875,646.0632934570312,284.0701904296875,650.7623901367188,307.154296875,638.2755126953125,307.1192626953125
660.2587280273438,222.9422149658203,661.9466552734375,220.52232360839844,657.9646606445312,220.41433715820312,663.991943359375,221.2080078125,653.3119506835938,220.64453125,665.0303955078125,233.65545654296875,646.2418823242188,231.92111206054688,668.9529418945312,250.62661743164062,636.5707397460938,246.30255126953125,671.4635009765625,268.08831787109375,636.792724609375,261.2256774902344,655.66357421875,262.5097961425781,644.2839965820312,261.8319091796875,660.29736328125,288.1454772949219,649.364013671875,287.78912353515625,649.8035278320312,311.50408935546875,641.9044189453125,312.3173828125
660.1697387695312,222.93072509765625,661.8634033203125,220.51014709472656,657.8700561523438,220.40130615234375,663.9238891601562,221.19140625,653.2107543945312,220.6256103515625,664.98779296875,233.63336181640625,646.156982421875,231.91432189941406,668.9550170898438,250.61587524414062,636.5294799804688,246.33999633789062,671.4664306640625,268.09283447265625,636.8111572265625,261.27880859375,655.68994140625,262.513916015625,644.2786865234375,261.84552001953125,660.305908203125,288.15228271484375,649.3241577148438,287.8095703125,649.8348388671875,311.5369873046875,641.8668212890625,312.3616943359375
659.158203125,225.8259735107422,660.8125,223.3603515625,657.0462646484375,223.2974090576172,663.2948608398438,223.99349975585938,652.8080444335938,223.51048278808594,665.9376831054688,236.5491943359375,645.7595825195312,235.14169311523438,669.59423828125,253.78564453125,637.4970092773438,250.48550415039062,671.4282836914062,271.8106384277344,640.9630737304688,266.2632751464844,658.6239013671875,265.5984802246094,646.269775390625,264.9803161621094,658.770263671875,290.69293212890625,646.5487670898438,290.38287353515625,648.812255859375,315.3709411621094,641.3701171875,316.2320251464844
657.6472778320312,228.38722229003906,659.5701904296875,225.97337341308594,655.5435180664062,225.8036346435547,662.6112060546875,226.51626586914062,651.59033203125,225.87306213378906,665.7369995117188,239.2781982421875,645.3821411132812,237.50872802734375,669.5418701171875,255.72637939453125,638.0257568359375,251.20602416992188,671.2093505859375,272.5158386230469,638.6342163085938,264.7612609863281,659.0758666992188,268.313232421875,646.8387451171875,267.3865051269531,655.3786010742188,293.3529052734375,644.306884765625,292.7653503417969,646.9362182617188,318.11138916015625,642.0904541015625,318.74444580078125
657.6268920898438,229.50067138671875,659.7429809570312,227.069091796875,655.5108032226562,226.81787109375,662.9569702148438,227.5832061767578,651.6605224609375,226.84768676757812,665.7991333007812,240.75106811523438,645.5907592773438,238.39987182617188,669.6239624023438,257.3887939453125,637.9847412109375,250.79986572265625,671.7545166015625,274.0875244140625,635.1671142578125,262.4072265625,657.8011474609375,270.7880859375,645.8761596679688,269.538818359375,653.7698974609375,297.0967102050781,644.2176513671875,296.2232360839844,646.4859619140625,322.9653625488281,643.9122314453125,323.3880920410156
657.1507568359375,229.55433654785156,659.406982421875,227.26315307617188,655.0974731445312,226.83201599121094,662.4041748046875,228.07821655273438,651.2027587890625,226.9520721435547,664.70263671875,241.69403076171875,644.9117431640625,238.73074340820312,668.7012329101562,258.6351318359375,637.27880859375,251.03671264648438,671.7906494140625,275.379150390625,633.6832885742188,263.083251953125,656.5073852539062,272.28271484375,645.0079345703125,270.7466125488281,651.1554565429688,299.16925048828125,643.1273193359375,297.86187744140625,645.5216064453125,325.2264099121094,644.7942504882812,324.9316101074219
656.6004028320312,230.84881591796875,658.842529296875,228.5876007080078,654.5653686523438,228.11378479003906,661.5984497070312,229.4024658203125,650.652587890625,228.19891357421875,663.7142944335938,243.05743408203125,644.2215576171875,239.90774536132812,668.287841796875,259.7869873046875,635.7232055664062,251.4254150390625,671.8899536132812,276.23388671875,630.5881958007812,262.49920654296875,656.0267333984375,274.75103759765625,644.8541259765625,273.1889953613281,650.4765014648438,302.5384521484375,643.55029296875,301.27801513671875,645.6162109375,329.13739013671875,645.8548583984375,328.9789123535156
656.6162719726562,230.86532592773438,658.856689453125,228.60202026367188,654.5776977539062,228.13101196289062,661.6118774414062,229.4119873046875,650.6607055664062,228.21339416503906,663.7152709960938,243.06854248046875,644.2435302734375,239.92678833007812,668.2699584960938,259.7757568359375,635.7274169921875,251.43490600585938,671.8818359375,276.1968994140625,630.60205078125,262.50518798828125,656.02392578125,274.756591796875,644.8700561523438,273.1966247558594,650.4395751953125,302.50518798828125,643.5394287109375,301.24676513671875,645.5072631835938,329.05059814453125,645.7879638671875,328.89520263671875
656.5425415039062,232.6685791015625,658.8594970703125,230.4256591796875,654.4894409179688,229.94166564941406,661.92529296875,231.28656005859375,650.2252197265625,229.91973876953125,664.1188354492188,245.61785888671875,643.4365234375,241.87820434570312,669.2470092773438,263.5499267578125,632.4273071289062,251.22930908203125,671.2252197265625,278.90655517578125,625.791748046875,259.45318603515625,655.4292602539062,277.6372985839844,643.5304565429688,276.19818115234375,650.0037231445312,306.6026611328125,643.2280883789062,305.41265869140625,644.4892578125,332.7852783203125,643.741455078125,332.5475769042969
657.1656494140625,232.82745361328125,659.4172973632812,230.54629516601562,655.1437377929688,230.06698608398438,662.4422607421875,231.17648315429688,651.3290405273438,229.92120361328125,664.4393310546875,244.5235595703125,644.978271484375,241.22494506835938,669.3731689453125,260.853515625,635.2249755859375,251.70062255859375,672.7783203125,276.7891540527344,628.759521484375,261.21875,657.5028076171875,276.1477966308594,646.2227172851562,274.5965270996094,654.6190795898438,304.75250244140625,646.0769653320312,303.7344665527344,648.6234130859375,332.0948486328125,645.4156494140625,332.66363525390625
657.4534301757812,232.76730346679688,659.7371215820312,230.44268798828125,655.39599609375,230.0230712890625,662.8228759765625,231.08316040039062,651.4454345703125,230.00621032714844,665.0452270507812,244.45932006835938,644.6627807617188,241.68109130859375,669.7852783203125,260.91314697265625,635.1077880859375,252.18209838867188,672.8273315429688,277.8133544921875,629.7493286132812,260.0787658691406,658.8245849609375,276.0470275878906,646.7122192382812,274.8638000488281,657.2020874023438,303.9653625488281,646.0481567382812,303.77130126953125,652.064697265625,330.8166809082031,645.4956665039062,332.90106201171875
657.9212036132812,233.59530639648438,660.6583862304688,231.19549560546875,656.2169189453125,230.46612548828125,664.3681030273438,232.56927490234375,652.51806640625,230.393798828125,667.5045166015625,245.36636352539062,644.7803344726562,242.14144897460938,673.0521850585938,260.85302734375,631.9293823242188,254.89059448242188,673.675537109375,268.83056640625,628.5558471679688,265.1545104980469,658.5714721679688,277.2815856933594,644.25244140625,275.80084228515625,658.2775268554688,304.1207275390625,644.4821166992188,303.0822448730469,658.4600830078125,331.31414794921875,645.3978271484375,329.8489990234375
658.0570678710938,233.90325927734375,660.4224243164062,231.5045928955078,656.0036010742188,231.1898193359375,663.844970703125,232.25540161132812,651.6746215820312,231.29608154296875,666.6541137695312,245.25051879882812,643.437744140625,243.4808349609375,671.8257446289062,261.0765380859375,632.9550170898438,253.09576416015625,674.406494140625,278.1239013671875,629.2645874023438,260.2457275390625,660.2748413085938,275.1755065917969,645.5113525390625,275.0539245605469,663.5509643554688,302.16656494140625,644.6296997070312,303.3567199707031,662.395263671875,327.4448547363281,643.9405517578125,331.5701904296875
658.0415649414062,233.89447021484375,660.405029296875,231.49305725097656,655.9857177734375,231.18374633789062,663.8284912109375,232.24081420898438,651.65771484375,231.29598999023438,666.6392211914062,245.2410888671875,643.431884765625,243.49264526367188,671.819091796875,261.0773620605469,632.9276123046875,253.104736328125,674.3966064453125,278.1639099121094,629.2184448242188,260.21490478515625,660.2175903320312,275.1719055175781,645.4724731445312,275.0566711425781,663.397216796875,302.14410400390625,644.5579833984375,303.35272216796875,662.1686401367188,327.4260559082031,643.8534545898438,331.5852355957031
658.5214233398438,235.17987060546875,660.7244262695312,232.78628540039062,656.5361328125,232.46649169921875,664.080810546875,233.25518798828125,652.30224609375,232.21194458007812,667.4072875976562,245.6109619140625,644.0899047851562,243.99526977539062,672.83203125,260.77362060546875,633.9041137695312,255.43948364257812,675.736328125,277.4661865234375,632.7880249023438,266.57110595703125,662.4379272460938,275.3285827636719,646.7703857421875,275.20458984375,668.8917236328125,301.4876708984375,643.1348876953125,302.2811279296875,671.2362670898438,328.09429931640625,640.4083862304688,331.2586669921875
658.5406494140625,236.6376953125,660.7215576171875,234.24658203125,656.6262817382812,233.90878295898438,664.3088989257812,234.75296020507812,652.6113891601562,233.607421875,667.1520385742188,247.29818725585938,644.8112182617188,245.772216796875,672.3399658203125,262.31427001953125,634.5443115234375,260.041748046875,676.5263671875,278.8465881347656,636.1829833984375,276.58905029296875,662.0853271484375,276.9635925292969,646.5511474609375,276.73175048828125,671.4208984375,302.3597106933594,642.1493530273438,302.47674560546875,675.1052856445312,329.1524353027344,636.9807739257812,330.8542175292969
659.4950561523438,236.66046142578125,661.365478515625,234.25653076171875,657.332275390625,234.04403686523438,663.9329223632812,234.31512451171875,653.0119018554688,233.61199951171875,667.20166015625,246.50625610351562,645.8887939453125,245.09201049804688,673.8630981445312,263.11395263671875,636.412841796875,260.11572265625,678.5751342773438,281.0302734375,637.3964233398438,275.5357971191406,663.1901245117188,277.7347717285156,647.4908447265625,277.31280517578125,675.8031005859375,303.8692626953125,638.0968017578125,303.6645202636719,683.2777099609375,333.0271301269531,629.8576049804688,333.5892028808594
659.2552490234375,240.54306030273438,661.224609375,237.9970703125,656.9323120117188,237.96484375,664.2538452148438,238.42245483398438,652.7584228515625,238.2093505859375,668.8048095703125,252.34375,645.84130859375,251.20309448242188,673.198974609375,270.40594482421875,636.1817626953125,268.8879089355469,677.2138061523438,289.13494873046875,635.9310302734375,289.1040954589844,663.7301025390625,283.79046630859375,645.8455200195312,283.3743896484375,677.5701904296875,309.89605712890625,632.7512817382812,308.9141845703125,688.2803344726562,337.5650634765625,622.078369140625,335.774169921875
657.6674194335938,247.45889282226562,659.6793823242188,244.96475219726562,655.4674072265625,244.8837890625,662.656982421875,245.245361328125,651.7730102539062,244.919189453125,667.6322631835938,258.480712890625,646.333251953125,256.8993225097656,673.3130493164062,275.56988525390625,637.4971923828125,271.9927673339844,676.6593017578125,294.93145751953125,634.6118774414062,290.9854736328125,665.3516235351562,288.82086181640625,647.7843017578125,287.6826171875,681.59814453125,315.9229736328125,633.022216796875,314.16790771484375,694.7819213867188,342.1622009277344,621.3194580078125,339.4508056640625
657.670654296875,247.40109252929688,659.6812744140625,244.90786743164062,655.4695434570312,244.82916259765625,662.661376953125,245.1917724609375,651.7832641601562,244.87088012695312,667.6257934570312,258.4426574707031,646.3758544921875,256.8712463378906,673.27490234375,275.4826354980469,637.5865478515625,272.0269775390625,676.7551879882812,294.721435546875,634.6988525390625,291.1544494628906,665.355712890625,288.8945007324219,647.8250732421875,287.7528381347656,681.6015625,316.0409851074219,633.0785522460938,314.2512512207031,694.7882690429688,342.1788635253906,621.3853759765625,339.3921203613281
655.9169921875,251.247802734375,658.2755737304688,248.9993896484375,653.6605224609375,248.7655029296875,662.5535278320312,250.09158325195312,650.0211181640625,249.468505859375,668.3848876953125,264.0250244140625,643.8082275390625,262.4664001464844,675.4984741210938,281.06512451171875,635.389404296875,278.4362487792969,678.768798828125,297.06903076171875,633.088134765625,296.1746520996094,664.9089965820312,293.7081298828125,645.608154296875,292.9949645996094,683.4051513671875,316.0093078613281,629.1506958007812,314.722412109375,697.9010620117188,340.28106689453125,620.1800537109375,338.4515380859375
650.6876831054688,255.22476196289062,653.0045776367188,252.69778442382812,648.6109008789062,252.69784545898438,657.2950439453125,253.3272705078125,645.64404296875,253.41683959960938,665.8157958984375,265.9928894042969,640.312255859375,265.72119140625,675.44384765625,281.8442687988281,631.946533203125,281.1278991699219,676.0731201171875,299.7542724609375,629.8968505859375,297.39227294921875,664.8525390625,295.30755615234375,644.2523803710938,294.7359924316406,678.3214111328125,317.7076721191406,627.2620239257812,316.7378234863281,696.841064453125,343.8797607421875,621.418701171875,341.73779296875
642.7634887695312,252.27947998046875,645.1846923828125,249.65908813476562,640.78759765625,249.65097045898438,650.0518188476562,251.04296875,638.3382568359375,251.2877197265625,657.0735473632812,265.31732177734375,635.109375,265.66973876953125,664.0989990234375,284.0258483886719,629.4480590820312,283.76544189453125,661.5564575195312,299.6793212890625,630.9149780273438,299.5905456542969,659.5888061523438,296.1397399902344,641.5975341796875,296.9194030761719,671.9168701171875,315.9510192871094,623.9320678710938,316.32537841796875,697.0233154296875,342.8515319824219,626.5975952148438,342.4705810546875
634.67578125,252.7618408203125,637.1268920898438,250.30648803710938,632.634765625,250.04486083984375,641.47314453125,251.43994140625,630.921142578125,250.90750122070312,646.6880493164062,265.2388916015625,631.2517700195312,264.89996337890625,650.7442626953125,283.78533935546875,630.7841796875,282.2134094238281,646.1383666992188,297.5945739746094,625.0810546875,295.4740905761719,653.0447998046875,299.1341552734375,639.6432495117188,299.2816162109375,666.8114013671875,320.11151123046875,625.1896362304688,319.95452880859375,694.7368774414062,343.3910827636719,628.896484375,342.5032958984375
625.7350463867188,253.20367431640625,628.3661499023438,250.49383544921875,624.2469482421875,250.24578857421875,632.7213134765625,250.79730224609375,624.5087280273438,250.52178955078125,636.35205078125,263.1561279296875,627.5973510742188,264.0144958496094,636.6118774414062,279.4326171875,625.8836669921875,281.5076599121094,625.056640625,295.86907958984375,616.9588623046875,298.37835693359375,643.63134765625,296.20318603515625,642.2533569335938,296.9119567871094,625.1185302734375,321.15460205078125,655.0269775390625,322.080810546875,633.6510620117188,340.8646545410156,690.1337890625,341.5621643066406
625.7534790039062,253.25482177734375,628.4346313476562,250.5382080078125,624.2708129882812,250.26736450195312,632.88720703125,250.84991455078125,624.6357421875,250.51669311523438,636.4193725585938,263.4560852050781,627.9991455078125,264.0474853515625,636.678466796875,280.8400573730469,626.5492553710938,281.8268737792969,625.464599609375,298.6544494628906,617.8441162109375,298.9197692871094,643.6610107421875,296.3091125488281,642.587890625,296.90887451171875,624.5661010742188,321.2239990234375,655.1941528320312,322.03271484375,632.9521484375,341.01483154296875,690.5977172851562,341.52178955078125
612.6561889648438,256.4222717285156,615.1498413085938,253.89462280273438,612.2031860351562,253.186767578125,621.3060913085938,254.47616577148438,618.0843505859375,252.59939575195312,627.5611572265625,267.01580810546875,627.1400756835938,263.9759216308594,631.2376708984375,288.4222412109375,626.6404418945312,281.5281066894531,622.9559936523438,306.9836730957031,615.416015625,298.15679931640625,642.7540893554688,296.2171630859375,645.9773559570312,295.1151123046875,621.384521484375,321.7987976074219,646.29833984375,320.0823974609375,633.4833984375,341.9592590332031,676.8040771484375,337.8871765136719
603.8201904296875,261.701171875,605.2235107421875,259.1912841796875,603.9097290039062,258.82781982421875,608.9996337890625,259.12445068359375,611.1255493164062,258.0554504394531,613.8164672851562,268.11767578125,620.3986206054688,267.743408203125,612.1137084960938,285.908203125,617.3095703125,286.2635498046875,599.4794921875,296.16650390625,599.5814819335938,296.1275329589844,634.3257446289062,296.42578125,639.9571533203125,296.19384765625,615.507568359375,321.189697265625,627.1312255859375,321.2424011230469,637.2783203125,338.1574401855469,650.9886474609375,336.20318603515625
595.8448486328125,265.459716796875,596.8889770507812,262.8957214355469,594.6812744140625,263.0653076171875,600.1919555664062,262.9935302734375,598.3798828125,263.03717041015625,608.1653442382812,272.4761047363281,605.5324096679688,272.45703125,607.4707641601562,288.4322814941406,603.6167602539062,288.7745666503906,598.029052734375,297.8337097167969,594.432373046875,297.92547607421875,629.4550170898438,297.2474060058594,628.0870971679688,297.2790222167969,615.4259033203125,321.060302734375,614.36865234375,320.3739013671875,634.2249755859375,342.95880126953125,634.1436157226562,338.95831298828125
586.0724487304688,267.4377136230469,587.6618041992188,264.6221618652344,585.2410888671875,264.7220458984375,593.2796630859375,265.1147155761719,589.550537109375,265.0478515625,601.4767456054688,275.9135437011719,596.2168579101562,276.6842346191406,598.38623046875,294.2433166503906,594.2882080078125,297.06732177734375,588.1390991210938,308.46771240234375,584.74658203125,313.7875671386719,623.8923950195312,300.49114990234375,620.0746459960938,300.9717102050781,612.201904296875,321.854248046875,605.8270874023438,322.02484130859375,627.0423583984375,348.1356506347656,619.9747314453125,345.60675048828125
579.7028198242188,277.4774169921875,580.8278198242188,274.8192443847656,579.0897216796875,274.5763244628906,584.2859497070312,274.2544250488281,583.9830322265625,273.029052734375,590.9852905273438,284.1650695800781,590.1874389648438,281.82208251953125,585.6633911132812,302.5434875488281,583.05810546875,298.10638427734375,569.661376953125,318.1037902832031,568.49755859375,315.7762451171875,610.0408935546875,307.8490295410156,611.3851318359375,306.8710632324219,593.6046752929688,326.83697509765625,605.3690795898438,325.20819091796875,596.7046508789062,351.0830078125,619.6624145507812,346.8656005859375
579.76025390625,277.43170166015625,580.8621826171875,274.77362060546875,579.1660766601562,274.52252197265625,584.2713623046875,274.2088317871094,584.1328125,272.9528503417969,590.9292602539062,284.14422607421875,590.3602905273438,281.7019348144531,585.6270141601562,302.6485290527344,583.1783447265625,297.9648742675781,569.6550903320312,318.3384094238281,568.5183715820312,315.7147216796875,609.8705444335938,307.8020324707031,611.4786376953125,306.7984619140625,593.2911987304688,326.8183898925781,606.037841796875,325.1466064453125,596.142578125,351.1048278808594,620.7383422851562,346.82330322265625
571.5253295898438,281.807373046875,572.2719116210938,279.2490539550781,570.9685668945312,278.92974853515625,574.888427734375,278.9562683105469,576.6266479492188,277.44122314453125,581.9832763671875,288.24737548828125,583.917724609375,285.8195495605469,579.2250366210938,305.5205383300781,579.525146484375,301.7762756347656,564.0775146484375,317.30413818359375,563.1402587890625,316.78521728515625,602.9537353515625,308.43084716796875,606.5910034179688,307.53448486328125,585.2588500976562,328.0091247558594,602.9493408203125,326.51605224609375,585.3382568359375,351.3079528808594,617.831298828125,347.5794982910156
561.725341796875,286.5320129394531,562.6658325195312,283.91046142578125,562.1235961914062,283.38739013671875,567.5187377929688,283.15185546875,569.97509765625,280.8532409667969,574.4093627929688,291.2460021972656,578.3150024414062,287.7437438964844,567.8807373046875,309.0827331542969,570.5307006835938,304.9842224121094,553.9889526367188,321.90753173828125,552.8331298828125,322.5068359375,600.5513305664062,311.9139404296875,606.970458984375,309.7244567871094,574.6920166015625,332.6097717285156,606.0868530273438,329.61053466796875,566.5249633789062,354.7085266113281,621.39990234375,347.06805419921875
553.6245727539062,290.7118835449219,554.6898193359375,287.8732604980469,553.8475341796875,287.81256103515625,561.6921997070312,286.54766845703125,561.8626708984375,285.4804382324219,570.7603759765625,294.655029296875,571.6575927734375,292.8165283203125,562.2908325195312,311.08917236328125,562.8361206054688,309.8326416015625,545.0330200195312,324.6076965332031,542.9507446289062,327.4866943359375,594.099609375,317.4338684082031,599.55712890625,315.87823486328125,568.9866943359375,338.83599853515625,605.4547729492188,336.4983215332031,553.4783935546875,359.3094482421875,620.5689086914062,352.3922424316406
549.1553344726562,297.6222839355469,550.5792846679688,295.0456237792969,549.2107543945312,294.36932373046875,556.9801025390625,294.8785400390625,556.77001953125,292.0958557128906,563.3640747070312,304.9462890625,566.7096557617188,298.1605529785156,553.2907104492188,324.16546630859375,557.7935791015625,311.6617126464844,538.2145385742188,342.4584045410156,541.5917358398438,330.7344665527344,584.0813598632812,318.9387512207031,590.3538208007812,314.9813537597656,557.4110717773438,340.0975341796875,589.6766357421875,334.85821533203125,542.803466796875,362.2624816894531,600.4684448242188,352.3431701660156
544.9539184570312,301.7725524902344,546.7516479492188,298.96484375,544.3182373046875,298.9502868652344,553.215087890625,298.5213623046875,548.40087890625,298.0120544433594,559.9623413085938,307.3016357421875,556.1121826171875,307.4173278808594,554.5910034179688,323.43316650390625,548.3781127929688,324.93548583984375,543.7274780273438,336.9587097167969,537.342529296875,344.6777038574219,581.4259033203125,326.0682373046875,580.1723022460938,325.747314453125,557.701171875,341.22735595703125,564.109619140625,340.77618408203125,557.24560546875,358.82366943359375,570.0103149414062,356.2868957519531
544.947265625,301.83148193359375,546.712646484375,299.0054931640625,544.328369140625,298.9676208496094,553.110595703125,298.53497314453125,548.5744018554688,297.9377136230469,559.814208984375,307.65057373046875,556.4981079101562,307.1632385253906,553.8135375976562,324.7425537109375,548.4616088867188,324.4512023925781,542.31396484375,339.8482666015625,537.1275024414062,343.98626708984375,581.4127197265625,326.3654479980469,580.7095336914062,325.7307434082031,556.8671875,341.45318603515625,565.2142944335938,340.70111083984375,555.8360595703125,358.9366455078125,571.9208984375,356.0173645019531
543.1263427734375,302.2961120605469,544.4112548828125,299.5838623046875,542.3762817382812,298.87469482421875,548.6637573242188,299.2730712890625,546.9124755859375,296.541259765625,555.624267578125,310.2606201171875,556.179931640625,302.6878967285156,551.3258056640625,333.952880859375,552.576416015625,317.7650451660156,538.9575805664062,359.3458251953125,547.3816528320312,338.1654968261719,580.2123413085938,322.1557922363281,583.7303466796875,318.5462951660156,553.8109130859375,344.0299377441406,580.8837280273438,339.3864440917969,545.3656005859375,363.27825927734375,593.4935302734375,355.5733642578125
0.0,0.0,0.0,0.0,0.0,0.0,0.0,0.0,0.0,0.0,0.0,0.0,0.0,0.0,0.0,0.0,0.0,0.0,0.0,0.0,0.0,0.0,0.0,0.0,0.0,0.0,0.0,0.0,0.0,0.0,0.0,0.0,0.0,0.0
0.0,0.0,0.0,0.0,0.0,0.0,0.0,0.0,0.0,0.0,0.0,0.0,0.0,0.0,0.0,0.0,0.0,0.0,0.0,0.0,0.0,0.0,0.0,0.0,0.0,0.0,0.0,0.0,0.0,0.0,0.0,0.0,0.0,0.0
547.8904418945312,288.37176513671875,548.9061889648438,285.50445556640625,548.2557373046875,285.6910400390625,553.4631958007812,284.30804443359375,551.5589599609375,285.0080871582031,559.4090576171875,293.0741882324219,560.1142578125,293.68890380859375,562.2471313476562,307.49798583984375,564.4393310546875,306.88214111328125,561.02880859375,322.04071044921875,558.4344482421875,319.5727844238281,571.09423828125,316.6474304199219,572.184326171875,316.57415771484375,559.30712890625,338.15692138671875,563.744384765625,337.4349365234375,559.9970703125,363.89031982421875,566.7235107421875,362.435546875
548.1888427734375,288.5994873046875,548.5582275390625,286.3080139160156,548.6066284179688,286.4275207519531,554.2849731445312,285.0123291015625,551.175537109375,285.5428466796875,568.4461059570312,292.9104309082031,555.784423828125,293.23175048828125,581.1014404296875,304.7563171386719,555.4091186523438,305.13189697265625,577.88720703125,309.7753601074219,547.7592163085938,306.97467041015625,577.974853515625,318.880615234375,568.8112182617188,318.55853271484375,571.8027954101562,338.8563232421875,552.78857421875,338.2915954589844,575.1450805664062,361.2713623046875,547.2655639648438,360.01666259765625
548.51904296875,288.7474670410156,548.9154052734375,286.4658203125,548.8834838867188,286.59576416015625,554.660888671875,285.18157958984375,551.2990112304688,285.73333740234375,568.736572265625,293.0255432128906,555.6961669921875,293.40216064453125,581.5936889648438,304.7078857421875,555.0439453125,305.2324523925781,578.7879638671875,309.81658935546875,547.3895263671875,307.1354064941406,578.1138916015625,318.7637023925781,568.7196044921875,318.484375,572.0120849609375,338.49566650390625,552.79150390625,337.9601135253906,575.379150390625,360.97027587890625,547.311279296875,359.7719421386719
559.3056640625,282.0898742675781,560.4262084960938,279.518798828125,558.25341796875,279.6711730957031,565.2916870117188,278.564208984375,556.9855346679688,279.09466552734375,576.08203125,287.2147216796875,558.3611450195312,287.14703369140625,585.6124877929688,297.9208068847656,550.7927856445312,296.4357604980469,582.5485229492188,297.1811218261719,542.8904418945312,294.2543029785156,579.3333129882812,315.98553466796875,567.2523803710938,315.34228515625,572.2612915039062,336.40521240234375,554.1070556640625,335.5240478515625,572.4447021484375,361.0054626464844,548.7677612304688,359.7636413574219
565.0027465820312,277.1417541503906,566.496337890625,274.6169738769531,563.555419921875,274.68597412109375,571.0402221679688,274.2872009277344,562.7410888671875,274.2643127441406,578.54931640625,284.6295471191406,562.4501342773438,282.9183654785156,591.1522216796875,297.7862243652344,549.8575439453125,287.78765869140625,592.8450927734375,315.1585998535156,537.6885375976562,288.91265869140625,577.3856201171875,313.5314025878906,569.5957641601562,312.2166442871094,558.7872924804688,334.94122314453125,563.0753173828125,334.7684631347656,544.5609130859375,358.94219970703125,559.027587890625,358.9990539550781
570.3903198242188,270.1980895996094,571.3960571289062,267.6170959472656,569.4649658203125,267.7627868652344,575.12158203125,268.134765625,569.5552368164062,268.2314147949219,583.0368041992188,279.3303527832031,567.4974975585938,277.6788024902344,595.0226440429688,293.29962158203125,554.9039916992188,283.38543701171875,598.509521484375,308.27130126953125,542.682373046875,288.3108215332031,581.1687622070312,307.8208312988281,573.15771484375,306.9065246582031,565.4616088867188,331.89971923828125,564.3738403320312,331.69970703125,553.8203735351562,357.2029113769531,559.6443481445312,357.8594665527344
576.0444946289062,266.2064208984375,577.46728515625,263.7054748535156,574.4097290039062,263.6209411621094,580.8934326171875,264.05596923828125,572.6814575195312,263.48980712890625,586.9310913085938,276.0166320800781,569.4017333984375,273.9764099121094,596.9309692382812,290.460693359375,558.5391845703125,284.2840881347656,602.3246459960938,308.1116638183594,546.1486206054688,295.43133544921875,585.486328125,305.4133605957031,575.5475463867188,303.9861755371094,575.449462890625,329.4844665527344,568.8623657226562,328.3845520019531,565.476806640625,355.96466064453125,564.2750244140625,354.6412353515625
578.5145874023438,265.0111389160156,580.08740234375,262.47076416015625,577.1541137695312,262.34808349609375,583.863525390625,262.99285888671875,575.7552490234375,262.44903564453125,590.1309204101562,275.2603454589844,571.986083984375,273.5064392089844,600.5094604492188,289.77838134765625,560.8095092773438,284.2991943359375,604.7802124023438,308.4972839355469,549.6893310546875,295.7217712402344,587.84033203125,304.7457275390625,577.3897705078125,303.3819274902344,576.5039672851562,330.5838928222656,569.913818359375,329.7088317871094,569.0491943359375,358.42559814453125,567.9175415039062,357.531494140625
578.643798828125,264.9535827636719,580.218994140625,262.40777587890625,577.2511596679688,262.29010009765625,583.9700317382812,262.933349609375,575.7559204101562,262.3968811035156,590.20556640625,275.2112731933594,571.95361328125,273.4466552734375,600.5196533203125,289.7362976074219,560.7554321289062,284.2276306152344,604.7484130859375,308.4471435546875,549.7777099609375,295.7331848144531,587.95849609375,304.6479797363281,577.4264526367188,303.2821960449219,576.6235961914062,330.5322265625,569.9838256835938,329.6395263671875,569.0440063476562,358.357666015625,567.8720703125,357.43536376953125
584.1403198242188,266.7324523925781,585.8907470703125,264.325927734375,582.8343505859375,264.0406188964844,589.68408203125,264.5215759277344,580.9287719726562,263.68096923828125,596.4251708984375,276.462890625,575.931396484375,273.58966064453125,605.4183959960938,291.48095703125,563.8577270507812,282.5961608886719,608.4287109375,309.85296630859375,552.2638549804688,292.9781494140625,593.1094360351562,306.5861511230469,580.4381713867188,304.7216491699219,584.3907470703125,331.07171630859375,570.5531005859375,329.385986328125,579.6708984375,357.4319152832031,568.4542236328125,355.35284423828125
588.3812255859375,266.93133544921875,590.1634521484375,264.4980163574219,587.1826171875,264.2901916503906,594.2075805664062,264.759765625,585.28271484375,264.25592041015625,601.7429809570312,277.3332214355469,579.524658203125,274.4378356933594,609.4324951171875,292.44970703125,566.0458984375,283.0575866699219,610.535400390625,308.694580078125,555.2033081054688,293.5261535644531,597.279541015625,309.0563659667969,582.5325927734375,307.2459716796875,593.45458984375,330.31103515625,569.9413452148438,328.16729736328125,594.50830078125,358.62811279296875,568.7509155273438,355.7468566894531
593.3395385742188,266.6457824707031,595.4154663085938,264.4081726074219,591.9345092773438,264.1388244628906,600.0293579101562,264.70098876953125,589.5518798828125,264.0645751953125,606.8251953125,276.4121398925781,584.0902099609375,273.7506408691406,614.4021606445312,290.9343566894531,571.9137573242188,281.3965759277344,616.44091796875,305.7978820800781,560.8516845703125,289.2223815917969,601.8150024414062,306.6640625,586.1264038085938,305.0984802246094,603.6060180664062,328.19964599609375,573.1599731445312,326.6187438964844,610.0296020507812,354.3032531738281,570.13525390625,352.7389221191406
600.3240356445312,265.1925048828125,602.1904907226562,263.174072265625,598.8240966796875,262.76397705078125,605.1444091796875,263.87646484375,595.2003784179688,262.791748046875,609.6820678710938,275.4360046386719,587.4682006835938,272.8332824707031,618.3051147460938,289.8302307128906,574.8977661132812,280.5458679199219,620.7386474609375,303.9541931152344,567.8480834960938,285.910400390625,603.7584838867188,304.2806091308594,587.748779296875,303.2274169921875,610.031494140625,327.17706298828125,575.1344604492188,326.70025634765625,618.5640258789062,352.38348388671875,569.4573974609375,353.0056457519531
607.343505859375,266.3698425292969,609.1190185546875,264.22412109375,605.6390991210938,263.8806457519531,612.0577392578125,264.7059326171875,601.767333984375,263.67657470703125,617.5977172851562,276.23431396484375,593.4041748046875,273.0552978515625,625.0706787109375,290.244140625,579.319091796875,280.3178405761719,629.733642578125,302.8016662597656,570.3817138671875,287.26812744140625,612.1761474609375,304.0184326171875,594.3291015625,302.7221374511719,620.2528076171875,326.51513671875,578.5056762695312,325.0881652832031,628.2249755859375,353.5832824707031,570.171630859375,352.26171875
607.3145751953125,266.40936279296875,609.0806884765625,264.2610778808594,605.6166381835938,263.9228820800781,612.0142822265625,264.7380065917969,601.7741088867188,263.724853515625,617.6011962890625,276.22796630859375,593.4478149414062,273.08349609375,625.1478271484375,290.2376403808594,579.3538818359375,280.36279296875,629.830810546875,302.8285217285156,570.3973388671875,287.2633056640625,612.27294921875,303.95928955078125,594.4447631835938,302.68084716796875,620.3243408203125,326.4476623535156,578.5515747070312,325.0444641113281,628.3522338867188,353.5032043457031,570.2042236328125,352.1795654296875
615.33984375,263.63580322265625,616.8106079101562,261.3017578125,613.2127685546875,261.3357238769531,619.1061401367188,262.3380432128906,609.450927734375,262.310791015625,624.7140502929688,275.3623962402344,602.9556884765625,273.73382568359375,631.9393920898438,290.01275634765625,591.2139282226562,283.6449279785156,635.2169799804688,301.7748107910156,584.443115234375,291.5754089355469,619.6414184570312,304.2098693847656,602.447021484375,303.5868225097656,630.8070678710938,325.3662414550781,583.355224609375,324.4117126464844,641.172607421875,353.78021240234375,571.4303588867188,352.27447509765625
622.230712890625,262.7452697753906,623.9501953125,260.2919616699219,619.9713134765625,260.2747802734375,627.179931640625,260.645263671875,615.945556640625,260.36309814453125,632.8702392578125,273.7110290527344,610.028076171875,270.5489196777344,639.68310546875,288.54388427734375,592.996337890625,276.668212890625,645.6510620117188,301.8507385253906,579.7677612304688,282.2761535644531,628.48583984375,304.5439147949219,610.8995361328125,303.21527099609375,637.4558715820312,327.11614990234375,590.1810302734375,325.478759765625,643.480224609375,354.431884765625,573.860595703125,351.9084777832031
631.04833984375,260.3230895996094,632.9865112304688,258.00860595703125,628.927734375,257.9833679199219,636.6681518554688,258.8456115722656,625.6340942382812,258.5729675292969,640.7276611328125,271.2491455078125,622.3283081054688,270.46649169921875,649.8528442382812,285.0957946777344,619.99072265625,284.36383056640625,655.0089111328125,295.9398498535156,626.4957885742188,293.71807861328125,633.1790771484375,304.1236267089844,618.2455444335938,302.9037170410156,640.2048950195312,326.4125671386719,598.4598388671875,324.82879638671875,642.5125732421875,352.68878173828125,578.0699462890625,350.3323974609375
638.390380859375,259.9185485839844,640.1475830078125,257.3330078125,635.8863525390625,257.3681640625,642.7150268554688,257.8958435058594,632.2600708007812,257.7457275390625,646.08544921875,270.0974426269531,629.3945922851562,269.67999267578125,656.6608276367188,283.84271240234375,630.0061645507812,284.0276184082031,663.6633911132812,294.63153076171875,636.7333374023438,293.47235107421875,639.2783203125,304.24822998046875,625.7083740234375,303.4046325683594,645.2817993164062,326.3699645996094,608.206298828125,325.2220458984375,644.175537109375,352.25946044921875,587.4159545898438,350.08966064453125
644.5267944335938,257.994384765625,645.9219360351562,255.312255859375,642.1588134765625,255.59280395507812,648.135986328125,256.02001953125,638.9395141601562,256.63092041015625,652.08740234375,268.7782287597656,637.0626220703125,269.7617492675781,664.6181030273438,281.35833740234375,640.2612915039062,285.35028076171875,672.714599609375,290.6189270019531,648.8220825195312,294.6536560058594,644.5194702148438,303.1175537109375,632.4461059570312,302.8708190917969,648.00390625,325.8619079589844,618.2257690429688,325.3825378417969,643.6552124023438,353.154296875,598.0128784179688,351.8922424316406
644.4578247070312,257.95947265625,645.844482421875,255.28448486328125,642.0831298828125,255.57916259765625,648.0826416015625,256.03564453125,638.8775024414062,256.6730041503906,652.1094970703125,268.8765563964844,637.0537109375,269.81134033203125,664.5570068359375,281.534423828125,640.4020385742188,285.24603271484375,672.5230712890625,290.39666748046875,649.42431640625,293.9013977050781,644.6139526367188,303.2474365234375,632.505615234375,302.9804992675781,648.01025390625,326.0367431640625,618.2456665039062,325.52166748046875,643.5595703125,353.3709411621094,598.0588989257812,352.06439208984375
649.6140747070312,256.1285400390625,651.4566650390625,253.21844482421875,647.8007202148438,253.3734130859375,655.2261962890625,253.56964111328125,645.0565795898438,254.23455810546875,659.4791259765625,265.8352966308594,641.308837890625,266.8561706542969,671.5735473632812,278.8665771484375,634.7648315429688,281.9173278808594,679.1089477539062,292.1431884765625,630.5277709960938,293.0960388183594,650.0455322265625,299.3503112792969,638.1952514648438,299.28900146484375,651.3989868164062,323.4373474121094,628.0816650390625,323.4483947753906,647.6966552734375,348.2403259277344,616.2333984375,349.03448486328125
653.4819946289062,254.19158935546875,656.0327758789062,251.81707763671875,651.7218627929688,251.46298217773438,661.2410888671875,252.59912109375,649.0335083007812,251.6717529296875,667.4398193359375,265.56396484375,643.6449584960938,261.8159484863281,676.2117309570312,277.3245849609375,631.0120849609375,263.52264404296875,683.9840698242188,291.1307373046875,616.4814453125,266.49188232421875,658.389404296875,297.41192626953125,643.1566772460938,295.2997741699219,654.9238891601562,324.0038146972656,632.8377075195312,322.02032470703125,650.9458618164062,350.5440673828125,625.9888916015625,348.76800537109375
661.3289184570312,252.74237060546875,663.5745239257812,250.47506713867188,659.2229614257812,250.15170288085938,667.2107543945312,251.45306396484375,655.31640625,250.50308227539062,671.524169921875,264.7847595214844,649.5814208984375,261.715576171875,682.1087646484375,276.45263671875,636.4501342773438,267.08782958984375,688.609375,288.5487060546875,628.7539672851562,272.517578125,662.41455078125,297.09808349609375,649.1433715820312,295.3598327636719,656.5380249023438,324.53424072265625,642.4445190429688,322.65972900390625,654.41015625,350.85687255859375,640.61328125,348.6316223144531
666.9523315429688,253.55801391601562,669.1878051757812,251.2760009765625,664.8888549804688,250.952880859375,672.7342529296875,252.07489013671875,660.7695922851562,251.18569946289062,677.2045288085938,265.1470031738281,653.7433471679688,263.30029296875,685.8098754882812,279.1607971191406,643.3384399414062,275.41424560546875,691.1238403320312,293.66473388671875,640.3345947265625,287.733642578125,669.3757934570312,295.8198547363281,655.3778076171875,294.8385925292969,666.698486328125,323.24603271484375,654.4469604492188,322.0575256347656,664.3629150390625,349.9990539550781,657.5199584960938,348.6109924316406
674.6123046875,255.68975830078125,676.7423706054688,253.025146484375,672.468505859375,252.91629028320312,679.5494995117188,253.97189331054688,668.2703247070312,253.50177001953125,683.9717407226562,267.0782775878906,660.6988525390625,266.2721252441406,690.8171997070312,282.89825439453125,649.3129272460938,281.0202941894531,692.6480712890625,296.7882385253906,648.417724609375,296.0025329589844,677.6793823242188,298.4158630371094,663.2461547851562,298.115966796875,677.8215942382812,323.44561767578125,663.7395629882812,323.3509826660156,676.9949340820312,349.9791564941406,664.3336181640625,349.7209777832031
674.6766967773438,255.68679809570312,676.7891845703125,253.00112915039062,672.508544921875,252.9136962890625,679.5689086914062,253.93106079101562,668.260009765625,253.52224731445312,683.9645385742188,267.06890869140625,660.7085571289062,266.3523254394531,690.8648071289062,282.91375732421875,649.4871826171875,281.2142639160156,692.7025146484375,297.057861328125,648.6143188476562,296.4009094238281,677.6923828125,298.4154052734375,663.2631225585938,298.159423828125,677.8497924804688,323.4349365234375,663.7216796875,323.3748779296875,677.0684204101562,350.0010986328125,664.322998046875,349.792724609375
680.9501342773438,259.1459045410156,683.6878051757812,256.588623046875,678.5736083984375,256.05242919921875,686.755859375,258.17852783203125,673.7202758789062,256.47857666015625,689.2376708984375,271.145751953125,665.4483642578125,269.5085144042969,696.4935913085938,288.2942199707031,658.2330322265625,286.671875,698.4530029296875,302.02838134765625,661.4310913085938,301.5098571777344,684.4639282226562,303.7481994628906,669.089599609375,303.40728759765625,688.6087646484375,329.4829406738281,670.4522705078125,329.21417236328125,692.9913330078125,356.7425842285156,674.4495849609375,356.626708984375
688.0057373046875,264.9810485839844,689.7255859375,262.5666809082031,685.5517578125,262.5664978027344,691.8714599609375,263.3721008300781,680.40283203125,263.11181640625,696.361083984375,276.3584289550781,672.093505859375,275.8980712890625,700.6397705078125,293.96649169921875,666.4280395507812,293.18328857421875,701.0590209960938,309.0992431640625,673.2355346679688,307.20086669921875,692.2343139648438,308.7388916015625,675.84814453125,309.0493469238281,699.7177734375,334.22698974609375,675.0533447265625,334.5277099609375,706.265625,359.9661560058594,680.1908569335938,360.94708251953125
692.9091796875,270.5196533203125,695.731201171875,267.82513427734375,690.8506469726562,267.35614013671875,699.0136108398438,268.73394775390625,687.0277709960938,267.25408935546875,701.638427734375,280.6854248046875,679.0833129882812,279.67156982421875,708.6356811523438,296.9002685546875,672.8252563476562,296.7963562011719,713.2249145507812,308.7151794433594,678.8311157226562,309.2890625,697.3753051757812,311.00054931640625,681.5234375,311.045166015625,710.1529541015625,334.2294006347656,678.37158203125,334.3808288574219,718.3572387695312,361.6535949707031,678.6939086914062,361.8951110839844
699.5014038085938,273.8673400878906,702.36962890625,271.2087097167969,697.9613037109375,270.8445739746094,706.0955810546875,271.5482177734375,695.1333618164062,270.4256591796875,709.019775390625,282.4923400878906,686.8884887695312,281.76806640625,714.2740478515625,299.745361328125,680.0306396484375,299.7988586425781,715.559814453125,312.81414794921875,686.305419921875,314.0870666503906,702.07568359375,313.1816711425781,685.8421630859375,313.1679382324219,716.7357788085938,336.67529296875,681.00146484375,337.04217529296875,726.432861328125,363.3869323730469,680.7774047851562,363.93048095703125
709.1775512695312,275.24261474609375,710.94580078125,272.6573181152344,706.4478759765625,272.81341552734375,713.378173828125,273.1939392089844,701.4658203125,273.5062255859375,718.1376953125,286.4969787597656,695.4451293945312,285.6870422363281,723.7794799804688,304.76495361328125,689.79248046875,301.0467224121094,723.9517822265625,317.47564697265625,696.64453125,311.5916442871094,713.558349609375,315.5494384765625,696.1232299804688,315.6097412109375,726.3473510742188,337.3512268066406,684.4291381835938,336.81427001953125,737.6731567382812,365.4548645019531,680.6749267578125,364.45086669921875
709.2507934570312,275.24810791015625,711.0052490234375,272.65972900390625,706.5108032226562,272.8207702636719,713.399169921875,273.19183349609375,701.5036010742188,273.5118408203125,718.16845703125,286.49359130859375,695.460205078125,285.66705322265625,723.776123046875,304.7748718261719,689.7430419921875,301.01971435546875,723.9425048828125,317.4721374511719,696.5548706054688,311.60052490234375,713.6069946289062,315.5203552246094,696.1653442382812,315.56964111328125,726.327392578125,337.45037841796875,684.4454956054688,336.8858642578125,737.612548828125,365.6556396484375,680.6915893554688,364.59527587890625
715.0604248046875,276.2529602050781,718.0121459960938,273.6897888183594,713.20361328125,273.072509765625,722.1401977539062,274.8609924316406,709.87451171875,273.2356872558594,725.8790893554688,287.3246154785156,702.8414306640625,285.7621765136719,731.284423828125,304.4171447753906,697.6639404296875,303.02203369140625,730.39794921875,313.1952819824219,702.5228271484375,312.02288818359375,719.5486450195312,317.63323974609375,702.3709716796875,317.0859069824219,734.7010498046875,340.8575439453125,691.2457275390625,340.51812744140625,742.3860473632812,367.95928955078125,685.5146484375,367.5352478027344
724.0447998046875,274.8004150390625,726.0747680664062,272.213134765625,721.3053588867188,272.16619873046875,729.3411254882812,273.0643615722656,716.5900268554688,272.6871337890625,734.4169921875,287.2015075683594,710.7178955078125,285.024658203125,739.6778564453125,306.7984313964844,704.7578125,301.838623046875,740.3182983398438,322.39996337890625,711.3043212890625,313.8983154296875,728.9498901367188,318.2098693847656,711.3117065429688,316.965087890625,739.3915405273438,343.0934143066406,700.6134033203125,341.4525451660156,740.7533569335938,369.51922607421875,688.2675170898438,366.8812561035156
730.0039672851562,273.8531494140625,731.980712890625,271.34912109375,727.34423828125,271.376708984375,735.2498168945312,272.7094421386719,723.0164794921875,272.5768127441406,740.7109985351562,286.9920959472656,717.4474487304688,285.09149169921875,746.7037963867188,306.08306884765625,710.1771850585938,300.7491455078125,747.2869262695312,319.94537353515625,716.0516967773438,308.7854309082031,736.6920166015625,317.00250244140625,720.4624633789062,316.062255859375,741.5619506835938,342.50933837890625,712.7078247070312,341.4111022949219,743.0890502929688,370.6766357421875,708.0557861328125,368.9508056640625
736.692138671875,271.9551696777344,738.5899047851562,269.42974853515625,734.1248168945312,269.558349609375,741.7948608398438,270.5933837890625,729.9810791015625,270.7275085449219,747.3938598632812,284.38299560546875,724.1910400390625,283.2091064453125,755.1962280273438,302.1064453125,716.7467651367188,298.6667175292969,757.6333618164062,317.5389404296875,723.9673461914062,308.7025146484375,742.8720703125,315.66168212890625,727.1732788085938,315.099365234375,745.552490234375,342.9828186035156,721.0703125,342.3357238769531,746.58740234375,372.6739501953125,719.0615844726562,371.69659423828125
742.2061157226562,272.01483154296875,745.2674560546875,269.29705810546875,739.79736328125,268.9073486328125,749.775634765625,270.8931579589844,735.72705078125,269.7026672363281,754.8160400390625,284.7325439453125,728.6071166992188,283.5906677246094,762.766845703125,303.2176818847656,721.6924438476562,301.77569580078125,762.8382568359375,316.8910217285156,726.5816650390625,315.70013427734375,748.1077880859375,319.594970703125,731.4312744140625,319.1016540527344,748.9481201171875,343.6746826171875,732.1358032226562,343.37261962890625,748.5951538085938,371.784912109375,734.5447387695312,371.31060791015625
742.1643676757812,272.00311279296875,745.2408447265625,269.2732849121094,739.7536010742188,268.8848571777344,749.7744140625,270.88409423828125,735.6968994140625,269.7003173828125,754.7987060546875,284.80352783203125,728.6676635742188,283.6817321777344,762.9190673828125,303.2509460449219,721.7698364257812,301.8677978515625,763.3028564453125,317.0123596191406,726.4212646484375,315.83544921875,748.0459594726562,319.7516174316406,731.436279296875,319.2581787109375,748.8807373046875,343.7134094238281,732.137939453125,343.4139404296875,748.5972290039062,371.90216064453125,734.5233764648438,371.43646240234375
747.7999267578125,274.4476623535156,750.3867797851562,271.6087951660156,745.7177124023438,271.3054504394531,754.2055053710938,272.59027099609375,741.8614501953125,271.6551818847656,758.1659545898438,285.9248352050781,735.94580078125,285.1720886230469,767.7196655273438,302.4253234863281,729.1236572265625,302.0162048339844,772.9480590820312,314.404296875,732.0792846679688,313.91937255859375,752.7139282226562,321.3320007324219,738.8113403320312,321.1771545410156,754.4979858398438,349.8033752441406,742.5184936523438,349.9916076660156,755.2515869140625,377.9163818359375,744.3199462890625,378.0692443847656
754.9759521484375,275.75823974609375,757.32958984375,272.95062255859375,752.6559448242188,272.730224609375,760.6165771484375,274.40777587890625,748.1646728515625,273.6947326660156,764.8413696289062,288.7371826171875,741.6409912109375,288.3744812011719,775.8890991210938,303.8938903808594,734.8009643554688,304.42193603515625,780.9974975585938,311.8489990234375,738.9007568359375,312.1001892089844,761.03515625,326.3792724609375,746.5235595703125,326.5111083984375,762.2932739257812,355.82769775390625,749.9910278320312,356.05633544921875,763.5874633789062,382.70684814453125,752.3550415039062,383.0599365234375
761.9988403320312,277.2207336425781,764.6083374023438,274.4820861816406,759.7713623046875,274.35089111328125,768.5966796875,276.02276611328125,756.125244140625,275.6499938964844,773.5521850585938,290.4762878417969,751.199462890625,289.857421875,780.301513671875,305.9681701660156,742.58837890625,304.4673156738281,779.9622192382812,310.182861328125,743.7750854492188,309.2375183105469,769.4508056640625,326.3700866699219,754.77490234375,326.1241455078125,772.653564453125,353.093017578125,753.5867919921875,353.07440185546875,774.2286376953125,381.183837890625,753.07568359375,380.97509765625
771.3092041015625,279.5514831542969,773.3991088867188,276.70947265625,768.7769775390625,276.6833190917969,775.8995971679688,277.9801025390625,764.04931640625,277.7745361328125,781.5460205078125,291.5179443359375,756.9578247070312,291.0776672363281,788.5502319335938,304.6705322265625,747.610107421875,303.6785888671875,785.8977661132812,300.06365966796875,751.2677001953125,299.8431091308594,778.0343627929688,327.6628112792969,761.410400390625,327.69085693359375,785.4466552734375,351.5474853515625,758.128662109375,351.5875549316406,786.548583984375,382.0635986328125,754.8978881835938,382.1778259277344
778.1353759765625,281.54669189453125,780.6109008789062,278.6691589355469,775.9042358398438,278.52227783203125,784.4730834960938,279.75030517578125,772.0409545898438,279.37774658203125,789.8016967773438,293.13427734375,766.6867065429688,292.3017883300781,795.386474609375,306.0305480957031,757.7322998046875,304.17724609375,791.0103149414062,300.6495056152344,758.8713989257812,299.4755554199219,785.00048828125,328.78790283203125,768.6768188476562,328.3080749511719,791.876220703125,354.3399658203125,760.0557861328125,353.8133850097656,794.430419921875,383.0977783203125,754.5810546875,382.5845031738281
778.0922241210938,281.52288818359375,780.5760498046875,278.6475830078125,775.8627319335938,278.49871826171875,784.43505859375,279.7339782714844,772.0188598632812,279.3574523925781,789.7006225585938,293.11480712890625,766.7343139648438,292.287109375,795.2213745117188,306.0011901855469,757.862548828125,304.16241455078125,790.9174194335938,300.67559814453125,759.03564453125,299.506591796875,784.9635620117188,328.72943115234375,768.7352294921875,328.25445556640625,791.9100952148438,354.276611328125,760.2072143554688,353.7544250488281,794.4334716796875,382.9595947265625,754.6884155273438,382.45263671875
787.824462890625,282.34710693359375,789.8410034179688,279.93475341796875,785.0335693359375,279.94866943359375,793.3334350585938,281.23480224609375,779.843017578125,280.97918701171875,798.9573974609375,295.45172119140625,772.8917236328125,294.19830322265625,805.2769775390625,310.1703796386719,762.7861938476562,307.2489929199219,797.1787109375,307.8318786621094,772.3809204101562,305.7654724121094,794.0314331054688,332.497802734375,774.63232421875,331.816162109375,805.5255737304688,359.91436767578125,764.223388671875,358.82830810546875,809.3394775390625,389.7567443847656,753.0759887695312,388.29608154296875
796.3499145507812,284.1658630371094,798.0548706054688,281.725830078125,794.0128173828125,281.64990234375,800.1686401367188,283.29608154296875,789.21728515625,282.92816162109375,804.7286987304688,298.5781555175781,780.9619750976562,296.2237548828125,806.6031494140625,313.2912902832031,773.5304565429688,308.89642333984375,801.8419799804688,302.3929138183594,787.1337890625,305.2762451171875,799.7282104492188,335.62969970703125,780.000244140625,335.0186767578125,813.0344848632812,361.6392822265625,766.3065795898438,359.5401306152344,818.6265869140625,390.11590576171875,751.6682739257812,386.408447265625
802.8768310546875,287.1242370605469,805.1815795898438,284.7019348144531,800.358154296875,284.7551574707031,809.5880737304688,286.70172119140625,796.4346313476562,286.4358215332031,813.0302734375,301.10150146484375,793.0174560546875,299.72467041015625,823.8305053710938,313.8908996582031,784.7638549804688,312.4188232421875,827.2117919921875,314.2099609375,796.0187377929688,312.4264831542969,805.9837646484375,338.2198791503906,789.6715087890625,336.8224182128906,819.770751953125,360.91021728515625,775.9127807617188,358.69293212890625,825.4150390625,385.27618408203125,755.8480224609375,381.459228515625
810.1297607421875,293.158935546875,811.9685668945312,290.9761962890625,808.1641845703125,290.8112487792969,815.7762451171875,293.21893310546875,805.1905517578125,292.53125,822.1417846679688,308.4471130371094,799.3123168945312,305.33001708984375,831.0475463867188,321.43994140625,792.5009155273438,315.78369140625,830.2884521484375,314.2737121582031,803.631591796875,314.0993957519531,815.28466796875,342.6444396972656,796.8858642578125,340.9601135253906,827.398193359375,363.6180725097656,782.3859252929688,360.083251953125,829.4222412109375,389.13861083984375,763.7306518554688,382.8299560546875
820.1809692382812,299.90045166015625,821.6567993164062,297.35858154296875,817.7198486328125,297.4801330566406,824.2774047851562,298.646728515625,813.8684692382812,298.54608154296875,829.729248046875,313.65130615234375,808.6865844726562,310.6316223144531,832.3467407226562,330.850341796875,801.8890380859375,322.83905029296875,831.831298828125,334.7602844238281,809.9302368164062,329.2624816894531,826.2215576171875,346.9674377441406,808.1605224609375,345.67034912109375,837.6892700195312,366.1917724609375,788.1293334960938,363.3052673339844,840.7440795898438,392.43359375,767.09912109375,387.0675354003906
820.1420288085938,299.8533020019531,821.6066284179688,297.3280029296875,817.694580078125,297.45745849609375,824.2695922851562,298.619384765625,813.8997192382812,298.5465393066406,829.7899169921875,313.4872131347656,808.8035888671875,310.5693054199219,832.013671875,330.0587158203125,802.0130004882812,322.6144104003906,830.4475708007812,332.13006591796875,810.2720336914062,328.510986328125,826.4324951171875,346.9118347167969,808.346923828125,345.62579345703125,837.9467163085938,366.16326904296875,788.19970703125,363.20361328125,840.984619140625,392.44378662109375,767.0880126953125,386.909912109375
825.3494262695312,304.8660888671875,827.4192504882812,302.8484802246094,823.3566284179688,302.699951171875,831.7154541015625,305.0245361328125,820.2420654296875,304.4036865234375,837.1222534179688,318.61737060546875,814.53173828125,316.8484802246094,836.2626342773438,333.0969543457031,805.0592651367188,329.33306884765625,824.1043701171875,322.7594909667969,811.1035766601562,322.5736083984375,834.0794677734375,352.0425720214844,815.5595092773438,350.9867248535156,845.5226440429688,374.0489807128906,798.7828979492188,372.70123291015625,847.7346801757812,392.7251892089844,778.610595703125,390.5511169433594
832.861328125,307.9888000488281,835.4927368164062,305.27935791015625,830.5617065429688,304.9906005859375,839.697021484375,306.7016296386719,826.6480712890625,306.1602478027344,845.2418823242188,320.454833984375,820.13134765625,319.5491027832031,846.2294311523438,337.5638732910156,816.3161010742188,335.7830810546875,831.5244750976562,338.9552001953125,826.8326416015625,337.7225646972656,840.8035888671875,353.6420593261719,821.711669921875,353.16015625,850.9450073242188,375.7992858886719,809.0968017578125,375.3106994628906,851.9260864257812,395.0215759277344,801.6904296875,394.4448547363281
835.3361206054688,308.009765625,837.9380493164062,305.569091796875,833.7310180664062,305.35015869140625,843.5126342773438,306.7886657714844,831.7449340820312,306.339111328125,847.6410522460938,319.8247375488281,828.0155029296875,318.62811279296875,845.7860107421875,339.02117919921875,821.8056030273438,334.68670654296875,831.4937133789062,344.73382568359375,824.9942016601562,340.5034484863281,844.1837768554688,352.4190673828125,829.2298583984375,351.8433837890625,848.6862182617188,375.9633483886719,818.8312377929688,375.654052734375,851.539794921875,403.388916015625,812.8010864257812,403.5936279296875
840.3833618164062,308.20098876953125,843.0306396484375,305.6015319824219,838.1212768554688,305.5088195800781,848.420166015625,306.36029052734375,834.6692504882812,306.1087646484375,852.5211791992188,319.4116516113281,831.4288940429688,318.582275390625,852.2311401367188,339.03033447265625,826.0272827148438,336.7493591308594,837.30859375,345.1051940917969,830.5770874023438,343.45697021484375,849.5733032226562,352.65435791015625,834.36083984375,351.96807861328125,854.1134033203125,379.0709228515625,828.6956787109375,378.4844055175781,857.7174682617188,406.32977294921875,825.9884033203125,406.0726623535156
841.6771240234375,307.2048034667969,843.9288940429688,304.88262939453125,840.5089721679688,304.73089599609375,849.8262329101562,305.3775939941406,839.0966186523438,305.14111328125,856.7952880859375,317.4828186035156,835.1153564453125,316.84747314453125,861.0343627929688,335.36932373046875,827.7520751953125,333.571044921875,847.0505981445312,340.538330078125,828.7300415039062,341.9674072265625,853.2007446289062,351.9385681152344,838.3578491210938,351.18475341796875,855.0562744140625,380.4025573730469,833.5196533203125,379.5677490234375,857.9849853515625,404.736328125,832.50927734375,404.2802734375
841.5653076171875,307.2437438964844,843.8123168945312,304.92974853515625,840.434326171875,304.772705078125,849.7559814453125,305.39971923828125,839.1190795898438,305.1592102050781,856.7698364257812,317.4753723144531,835.228515625,316.77947998046875,860.9520874023438,335.380859375,827.8043212890625,333.34271240234375,846.7904052734375,340.9044494628906,828.4070434570312,341.8658447265625,853.1627197265625,351.8348693847656,838.4085083007812,351.03509521484375,854.9865112304688,380.2269592285156,833.4224853515625,379.3568420410156,857.985107421875,404.629150390625,832.4080810546875,404.1470031738281
848.6602783203125,307.48529052734375,851.0806884765625,304.7542724609375,846.9722290039062,304.6502685546875,855.6721801757812,305.1287841796875,844.222900390625,304.9411315917969,862.5172119140625,317.92584228515625,839.258544921875,317.4954528808594,868.6705322265625,336.2421875,832.3270263671875,334.87939453125,863.5989990234375,349.0566711425781,832.988037109375,347.6002502441406,855.8836669921875,353.0838623046875,840.477294921875,352.5169677734375,858.3637084960938,383.03521728515625,835.84130859375,382.6519775390625,859.4172973632812,409.0986633300781,834.9343872070312,408.39447021484375
849.38623046875,309.8073425292969,852.1788940429688,306.7251892089844,847.7748413085938,306.4668884277344,858.8401489257812,306.4989318847656,845.411865234375,306.04034423828125,867.7384643554688,320.07623291015625,842.455322265625,318.8316650390625,872.4221801757812,342.022705078125,836.016845703125,338.5438537597656,862.0216674804688,353.8019104003906,835.628173828125,349.9361267089844,861.787353515625,360.323486328125,844.42138671875,359.1737365722656,861.9481811523438,396.9602966308594,836.0333862304688,395.94757080078125,861.9800415039062,427.95880126953125,832.6442260742188,426.2764892578125
852.0110473632812,309.5729064941406,854.8453979492188,307.114501953125,850.802490234375,306.54034423828125,861.7933349609375,307.9557189941406,849.481689453125,306.8353576660156,869.2120361328125,323.0275573730469,846.2925415039062,318.5434875488281,874.8255615234375,348.7994384765625,840.3284301757812,333.94549560546875,861.52197265625,362.6141357421875,840.7188110351562,333.30316162109375,865.4318237304688,361.0544128417969,849.3600463867188,358.6578674316406,869.337646484375,393.12646484375,844.4476928710938,391.38671875,876.26904296875,422.9990539550781,845.6061401367188,422.0440673828125
851.8280639648438,311.3834228515625,854.739990234375,308.0831604003906,851.2317504882812,307.81036376953125,863.3283081054688,309.08013916015625,853.732421875,308.3768005371094,871.0225830078125,326.2347106933594,853.4544677734375,325.03424072265625,877.1641235351562,347.51513671875,848.266357421875,346.0738220214844,863.2921142578125,363.383544921875,848.2793579101562,363.35955810546875,864.642822265625,373.0494384765625,852.3468627929688,371.76251220703125,867.8435668945312,402.50189208984375,849.3424682617188,401.1104431152344,871.6326293945312,434.5091552734375,848.746826171875,432.8741760253906
852.2321166992188,311.7195739746094,855.1319580078125,308.5671691894531,851.94677734375,308.1088562011719,863.9027709960938,309.64404296875,855.4600219726562,308.4869384765625,871.482666015625,326.8755798339844,856.1041870117188,324.63055419921875,876.509521484375,349.199462890625,850.4999389648438,345.53814697265625,863.1201171875,366.79254150390625,847.0366821289062,364.5833740234375,867.0308227539062,371.99774169921875,856.1996459960938,370.36865234375,873.1494750976562,401.317626953125,854.8839111328125,399.2559814453125,880.0477294921875,433.00054931640625,856.2028198242188,430.1018981933594
852.1244506835938,311.91064453125,855.0255126953125,308.7813720703125,851.8763427734375,308.3197021484375,863.8626708984375,309.95098876953125,855.39794921875,308.7739562988281,871.6415405273438,327.29364013671875,855.805419921875,324.931640625,876.4940795898438,349.6689453125,850.212158203125,345.7781677246094,863.12255859375,367.19500732421875,847.1572875976562,364.7994384765625,867.0021362304688,372.2125244140625,855.74365234375,370.49139404296875,873.2496337890625,401.32720947265625,853.721435546875,399.1309509277344,880.2073364257812,432.99609375,854.69873046875,429.949462890625
855.4476928710938,308.6940612792969,857.2269287109375,305.64105224609375,856.7167358398438,305.7274169921875,862.9053344726562,306.231689453125,866.18994140625,306.3167724609375,866.6095581054688,320.64251708984375,872.2845458984375,320.4261474609375,865.4352416992188,344.0626525878906,870.631591796875,343.51446533203125,858.318115234375,361.6402282714844,861.172607421875,361.4461669921875,867.5623168945312,362.52557373046875,872.7804565429688,361.8682556152344,864.3056640625,394.6930847167969,875.6437377929688,394.7322998046875,872.7150268554688,424.5018615722656,887.9376220703125,423.0618896484375
851.277099609375,300.42315673828125,852.8203735351562,297.3006591796875,852.84521484375,296.61334228515625,859.454345703125,299.25634765625,864.6558837890625,297.3572998046875,865.4900512695312,316.8761901855469,870.8533935546875,315.3253479003906,870.0426025390625,340.7493591308594,869.7879028320312,339.55377197265625,857.156005859375,363.14459228515625,857.5869140625,360.2000427246094,868.7445068359375,362.013427734375,874.5794067382812,361.2799987792969,865.1897583007812,394.8562316894531,879.293212890625,395.0390625,866.0778198242188,429.25958251953125,890.3409423828125,429.2563171386719
853.303466796875,297.4845275878906,854.1312866210938,294.33056640625,855.0272827148438,293.74957275390625,858.9553833007812,295.63690185546875,867.3185424804688,293.8645935058594,864.1122436523438,312.3191223144531,873.673095703125,310.85003662109375,868.9302978515625,336.26153564453125,875.3359375,335.8112487792969,859.2454833984375,358.6445617675781,866.2283325195312,357.7778625488281,867.8402099609375,357.96551513671875,876.4885864257812,357.3260803222656,862.6752319335938,391.58184814453125,879.8541259765625,391.7266540527344,861.7140502929688,425.4498596191406,889.138916015625,425.35430908203125
856.185302734375,294.3872985839844,856.3517456054688,291.2893981933594,857.6994018554688,290.83221435546875,858.6527099609375,292.88787841796875,869.3226318359375,291.2513732910156,861.9130249023438,310.1652526855469,874.80615234375,308.0325012207031,865.9022827148438,334.2253112792969,876.0601196289062,331.9425354003906,860.6221313476562,356.6781921386719,868.7008056640625,354.93475341796875,865.747802734375,354.9029235839844,876.5813598632812,354.07757568359375,861.4329833984375,389.33453369140625,879.7264404296875,388.814208984375,860.4232788085938,422.4430847167969,887.9141845703125,421.3721923828125
855.4751586914062,294.039794921875,855.7048950195312,290.9880065917969,857.0927734375,290.4455261230469,858.4359130859375,292.520751953125,869.2501831054688,290.6155700683594,861.8822021484375,309.4873962402344,875.997802734375,306.763671875,865.8138427734375,333.4366760253906,878.2189331054688,329.688232421875,860.9282836914062,354.28155517578125,870.7318115234375,350.8026123046875,867.0211791992188,353.9693908691406,878.7630615234375,352.8546142578125,859.74658203125,388.7537536621094,880.1259155273438,387.8702087402344,858.4567260742188,422.83465576171875,888.154541015625,421.36669921875
855.4877319335938,294.0795593261719,855.700927734375,291.0203857421875,857.0868530273438,290.483154296875,858.3811645507812,292.54522705078125,869.1835327148438,290.65582275390625,861.8276977539062,309.55987548828125,875.9064331054688,306.8753662109375,865.7395629882812,333.7996826171875,877.935302734375,330.0673828125,860.4893188476562,355.0915832519531,870.1671752929688,351.4903869628906,867.0419311523438,353.9709167480469,878.7465209960938,352.88037109375,859.8995971679688,388.6673889160156,880.1069946289062,387.8397216796875,858.6777954101562,422.7940368652344,888.068115234375,421.3800354003906
857.0474853515625,293.8021240234375,857.1138916015625,290.81793212890625,858.547607421875,290.33740234375,858.8263549804688,292.96240234375,870.26904296875,291.19696044921875,860.3802490234375,310.71453857421875,877.4217529296875,307.7883605957031,862.028564453125,334.3288879394531,881.823486328125,329.9217529296875,859.0656127929688,353.1443176269531,877.2999877929688,349.54364013671875,865.8637084960938,355.00677490234375,878.921142578125,353.8565368652344,862.1897583007812,390.43658447265625,881.2152709960938,389.2001037597656,862.7838134765625,424.2423095703125,887.5989990234375,422.4115905761719
855.962890625,296.7261962890625,855.9737548828125,293.7290954589844,857.6883544921875,293.2214660644531,858.3032836914062,295.4759521484375,870.4240112304688,293.5262451171875,860.1773071289062,312.9149169921875,878.807373046875,309.50042724609375,859.7098388671875,337.0457763671875,884.4776611328125,332.3286437988281,854.619384765625,356.7764587402344,880.3114013671875,353.8235168457031,866.1834716796875,356.28009033203125,879.8605346679688,354.8333435058594,864.3262329101562,391.740234375,881.526123046875,390.0240173339844,866.4567260742188,424.6158142089844,887.662353515625,422.080322265625
858.6011352539062,297.724853515625,859.306396484375,294.1181945800781,859.2759399414062,293.7961120605469,860.2493286132812,295.3064270019531,869.6918334960938,294.10968017578125,859.1505126953125,312.2369689941406,876.7185668945312,310.9705810546875,855.2408447265625,337.2298583984375,882.1997680664062,336.5759582519531,852.6083984375,356.70355224609375,879.3627319335938,356.8678283691406,865.3687133789062,356.9128112792969,877.5543823242188,356.31500244140625,867.590087890625,392.6849365234375,880.429931640625,392.7672424316406,873.662109375,426.4325866699219,886.8981323242188,425.5920104980469
857.3982543945312,297.1927490234375,857.2459716796875,294.2073974609375,858.868408203125,293.7025451660156,857.8111572265625,295.988525390625,870.1351928710938,294.1005859375,857.8482055664062,313.5737609863281,876.888916015625,309.77691650390625,855.5089111328125,337.3891296386719,880.79052734375,331.0453186035156,851.5074462890625,357.93585205078125,876.78759765625,352.8138427734375,864.079833984375,357.0645446777344,877.2846069335938,355.5040588378906,866.0001220703125,392.2468566894531,877.7987060546875,390.2248229980469,871.30126953125,424.81634521484375,882.2806396484375,421.6922607421875
860.3983764648438,294.97357177734375,860.4190063476562,292.0270080566406,861.106201171875,291.64862060546875,859.2184448242188,293.64404296875,869.4229125976562,292.4710693359375,857.8004150390625,309.7154846191406,875.6685791015625,307.9912109375,853.6010131835938,334.6419982910156,879.7899169921875,332.4150390625,852.0335083007812,354.19049072265625,877.853515625,353.1944274902344,864.40234375,352.2822570800781,876.4674072265625,351.3927001953125,867.1712036132812,389.5631408691406,876.8975830078125,389.30859375,870.5393676757812,423.38232421875,878.8125,422.3951416015625
859.9817504882812,294.7299499511719,860.0822143554688,291.77374267578125,860.725341796875,291.3896484375,859.1495361328125,293.4214782714844,869.2882690429688,292.2322998046875,857.9003295898438,309.6190490722656,875.6251220703125,307.8694152832031,853.7225341796875,334.6519775390625,879.6930541992188,332.4273681640625,852.0067138671875,354.2828369140625,877.650146484375,353.3089599609375,864.5712280273438,352.2833557128906,876.4987182617188,351.37548828125,867.5855712890625,389.6831970214844,876.8451538085938,389.4288330078125,871.283447265625,423.71856689453125,878.834228515625,422.69891357421875
861.5785522460938,293.7200622558594,861.0714721679688,290.8650207519531,862.2911987304688,290.57342529296875,858.609130859375,293.31219482421875,869.2418823242188,292.1312255859375,855.969482421875,311.6552734375,874.054443359375,307.2408447265625,850.8637084960938,334.2987365722656,880.0313720703125,319.2281188964844,847.37255859375,352.62713623046875,879.8973999023438,326.74957275390625,862.5072631835938,353.5604553222656,873.80029296875,352.0621032714844,867.3739013671875,389.2111511230469,872.5016479492188,387.57672119140625,873.7631225585938,422.029052734375,873.3837890625,420.15545654296875
863.5289306640625,294.64752197265625,862.4945068359375,291.77947998046875,864.0015258789062,291.6845397949219,858.3478393554688,294.0389404296875,869.1866455078125,293.29376220703125,854.765380859375,312.73602294921875,874.2664794921875,307.0220642089844,847.6666870117188,336.2572937011719,884.39013671875,312.2670593261719,844.185546875,354.54974365234375,888.9083862304688,308.5042419433594,861.086181640625,354.7120056152344,872.9524536132812,352.8446350097656,865.1887817382812,390.1449890136719,871.4713134765625,388.2498474121094,869.8159790039062,422.86248779296875,871.9437866210938,420.99945068359375
865.2333984375,294.71417236328125,863.4778442382812,291.6707458496094,865.4197387695312,291.80474853515625,856.9783935546875,293.570068359375,868.673095703125,293.352783203125,851.3954467773438,312.1654968261719,874.290771484375,307.0793151855469,843.1452026367188,336.67889404296875,885.7457275390625,313.1427001953125,841.2189331054688,355.4806823730469,892.1405639648438,309.1383056640625,857.3070068359375,353.9291076660156,871.7743530273438,352.32684326171875,859.7033081054688,388.07598876953125,870.810546875,386.48944091796875,861.5989990234375,419.24249267578125,870.464599609375,418.397705078125
864.4735107421875,293.71636962890625,862.7964477539062,290.6161193847656,864.8775024414062,290.9427185058594,857.0739135742188,291.6598815917969,868.7438354492188,292.14202880859375,850.8919677734375,308.6295166015625,876.0719604492188,305.6033935546875,841.3302001953125,331.403076171875,888.3974609375,313.9922180175781,839.5274047851562,350.0364074707031,896.069091796875,313.5101013183594,856.5159301757812,349.0340881347656,872.8203735351562,348.152587890625,854.922607421875,380.69891357421875,870.3889770507812,380.2364807128906,855.5656127929688,409.6318664550781,869.9262084960938,410.6264343261719
864.919189453125,291.7953796386719,863.7824096679688,289.0267333984375,865.0355224609375,289.05877685546875,858.7045288085938,290.3198547363281,868.48681640625,290.4994201660156,851.716552734375,306.0191650390625,874.6058959960938,303.2460021972656,841.767333984375,328.1048583984375,891.2183227539062,313.48138427734375,839.3665771484375,347.8280029296875,900.4532470703125,312.58624267578125,855.6544189453125,344.2265930175781,869.8568115234375,343.3471984863281,854.1422729492188,376.1552429199219,867.9330444335938,376.5115661621094,853.6459350585938,402.7401123046875,866.7737426757812,404.35980224609375
