x0,y0,x1,y1,x2,y2,x3,y3,x4,y4,x5,y5,x6,y6,x7,y7,x8,y8,x9,y9,x10,y10,x11,y11,x12,y12,x13,y13,x14,y14,x15,y15,x16,y16
930.644775390625,347.8570251464844,934.2691040039062,343.9853820800781,927.215576171875,344.3211669921875,942.719970703125,345.7720642089844,923.0916137695312,347.02410888671875,955.6964721679688,365.44091796875,919.1141357421875,370.1505126953125,978.303466796875,381.7597961425781,910.2032470703125,397.0198059082031,970.9677734375,387.3916015625,913.1356201171875,421.53546142578125,952.6682739257812,424.6438293457031,930.083984375,425.95440673828125,950.98486328125,470.7265319824219,929.32861328125,470.572998046875,951.2916870117188,513.111572265625,933.851318359375,510.64276123046875
932.6390991210938,346.8419189453125,935.690673828125,341.42388916015625,928.052978515625,342.95111083984375,943.4140625,341.8428649902344,922.3753051757812,346.13739013671875,957.9321899414062,363.88409423828125,918.31494140625,368.99871826171875,978.5213012695312,383.8393249511719,907.4822387695312,391.5982360839844,978.457763671875,393.0909118652344,906.8710327148438,397.38372802734375,955.0540771484375,424.75421142578125,930.266845703125,426.4779052734375,954.0291748046875,471.1539001464844,930.8757934570312,472.2322082519531,952.305908203125,515.3544311523438,930.662353515625,516.23095703125
934.4386596679688,347.27532958984375,937.8096313476562,342.2091064453125,930.2479248046875,343.30877685546875,945.58642578125,343.20562744140625,924.889404296875,346.3320617675781,959.280029296875,365.4837646484375,919.5825805664062,369.27813720703125,978.700927734375,387.8896484375,908.3849487304688,393.48602294921875,979.3763427734375,401.6023864746094,907.472900390625,404.3658447265625,954.0606689453125,426.0457763671875,929.41552734375,427.2779541015625,952.3152465820312,470.72906494140625,929.5206298828125,471.47003173828125,950.3300170898438,514.1024780273438,929.4970703125,514.6651611328125
935.6987915039062,346.5601501464844,938.9779052734375,341.565673828125,931.402587890625,342.59735107421875,946.2152709960938,342.707275390625,925.801025390625,345.560302734375,959.1993408203125,364.7478332519531,920.008056640625,368.4254150390625,980.5675048828125,385.4627685546875,908.4703369140625,391.615234375,985.7630615234375,396.9366760253906,907.5858764648438,400.0611572265625,954.4520874023438,425.67254638671875,930.372802734375,426.97027587890625,952.781982421875,470.0168151855469,930.7894287109375,470.81689453125,950.2000122070312,513.181396484375,929.5135498046875,514.0211181640625
935.5906982421875,346.2460632324219,938.833251953125,341.2384338378906,931.4254760742188,342.27166748046875,946.2672119140625,342.19842529296875,925.9883422851562,345.0955810546875,959.290283203125,363.8764343261719,920.3311767578125,367.7269592285156,981.5419921875,384.9846496582031,909.2996826171875,391.6304626464844,987.599853515625,397.9558410644531,908.49462890625,401.23590087890625,954.348876953125,424.77764892578125,930.518798828125,426.15911865234375,952.5018310546875,469.49176025390625,931.3540649414062,470.3531799316406,950.57958984375,513.2864379882812,930.94189453125,514.21728515625
935.5908203125,345.9789733886719,938.9668579101562,340.998046875,931.4609375,341.9573974609375,946.577880859375,342.2414855957031,926.080078125,344.9550476074219,959.40966796875,364.6408996582031,920.7478637695312,368.192138671875,980.88330078125,386.91656494140625,909.8109130859375,392.84490966796875,986.24169921875,402.05535888671875,908.3148193359375,404.80450439453125,954.1141357421875,425.84515380859375,930.563720703125,427.0406799316406,951.3575439453125,470.36456298828125,931.8707885742188,471.11279296875,949.693603515625,513.8773193359375,932.5376586914062,514.5936889648438
938.1260986328125,345.09423828125,941.74267578125,340.31658935546875,934.1593017578125,340.85931396484375,948.978515625,342.1624755859375,928.532470703125,343.67779541015625,960.2950439453125,365.48004150390625,921.97900390625,367.5162048339844,980.373046875,389.49481201171875,909.4396362304688,392.910400390625,987.170654296875,407.7364196777344,906.843994140625,408.99993896484375,953.802734375,426.3795166015625,930.53759765625,427.0066223144531,951.1232299804688,470.9883728027344,931.8605346679688,471.3787536621094,950.2236328125,514.7006225585938,933.082763671875,514.9886474609375
938.2171630859375,344.606689453125,941.8767700195312,339.9251403808594,934.2578125,340.32171630859375,948.6047973632812,341.97698974609375,928.5942993164062,343.0802001953125,958.8341064453125,365.4172668457031,922.437255859375,366.8978576660156,976.326171875,390.5706481933594,910.826416015625,392.848876953125,981.7755126953125,409.86126708984375,908.5423583984375,410.50238037109375,953.2626342773438,425.17694091796875,930.9080810546875,425.63232421875,952.0882568359375,469.64959716796875,931.4892578125,469.91717529296875,952.4207153320312,512.9432373046875,932.7615966796875,513.0125732421875
938.87548828125,345.1062927246094,942.5555419921875,340.52642822265625,934.9220581054688,340.86627197265625,948.9036254882812,342.5587463378906,929.3505859375,343.4977722167969,958.605712890625,365.43548583984375,923.351806640625,366.583740234375,973.700927734375,390.9879455566406,911.0748291015625,392.27325439453125,978.071044921875,411.6164245605469,908.4515991210938,411.80340576171875,953.7235107421875,423.9324645996094,931.7825317382812,424.2265319824219,954.2543334960938,467.7712097167969,931.3342895507812,467.8920593261719,954.3638305664062,509.88580322265625,930.989013671875,509.7715759277344
940.4298706054688,346.8744812011719,943.6800537109375,343.09271240234375,936.4163818359375,343.2602233886719,949.6378784179688,345.6552734375,930.7542724609375,346.0537414550781,960.17333984375,368.738525390625,923.8603515625,368.2662048339844,974.2803955078125,393.95745849609375,913.3560791015625,392.1047058105469,977.7745361328125,417.85333251953125,911.2496337890625,412.264892578125,956.1204833984375,424.5918273925781,933.23828125,424.0644836425781,956.824462890625,468.3489990234375,929.8785400390625,467.44244384765625,958.0054931640625,510.1143493652344,932.6798095703125,508.0499267578125
943.8001708984375,348.2245788574219,947.3507080078125,343.6445617675781,939.8609619140625,343.78289794921875,952.9844970703125,345.51947021484375,933.77392578125,345.82037353515625,961.9235229492188,368.59771728515625,925.5492553710938,368.7690124511719,974.5003051757812,394.7796630859375,911.7030029296875,394.525146484375,976.2529907226562,416.6387939453125,910.7886962890625,416.289306640625,956.5116577148438,423.5440979003906,933.2814331054688,423.5137023925781,958.8345947265625,467.55224609375,929.698974609375,467.4363098144531,958.7135009765625,510.2757568359375,927.5355224609375,509.87750244140625
943.7137451171875,348.0881652832031,946.9649658203125,344.34906005859375,939.9298095703125,344.3389587402344,952.9786376953125,346.6839294433594,934.5030517578125,346.6174621582031,963.050048828125,369.84637451171875,927.356201171875,368.259033203125,975.1519775390625,396.76080322265625,918.8172607421875,391.95245361328125,978.3765869140625,425.78326416015625,914.759521484375,416.35205078125,959.359130859375,423.30120849609375,936.3287353515625,422.3358154296875,963.2872314453125,464.6597900390625,931.125244140625,463.40240478515625,964.8482666015625,507.1374206542969,932.4693603515625,505.508056640625
946.44677734375,348.9034423828125,949.57470703125,345.1437683105469,942.5637817382812,345.15399169921875,955.3222045898438,347.34423828125,936.897216796875,347.2776184082031,965.744140625,370.57073974609375,929.55859375,368.33984375,977.2247314453125,398.7986755371094,921.4729614257812,392.15106201171875,980.129150390625,429.76104736328125,918.7008056640625,417.2439880371094,961.8717041015625,422.8367614746094,938.2791137695312,421.5057678222656,965.9403076171875,463.9748840332031,931.4073486328125,462.1753234863281,966.4637451171875,507.29296875,931.6082153320312,504.79339599609375
947.7872314453125,351.4332275390625,950.77392578125,347.6695861816406,943.98876953125,347.6727294921875,956.5069580078125,348.99456787109375,938.4622802734375,348.8517150878906,967.0250244140625,370.7509460449219,931.6378173828125,368.40057373046875,979.249755859375,398.37677001953125,924.1386108398438,392.1969909667969,982.7122192382812,428.87841796875,922.6576538085938,418.96026611328125,963.6129150390625,421.9295654296875,940.4078369140625,420.50421142578125,968.4483642578125,464.06512451171875,933.0457763671875,461.86651611328125,968.3328857421875,507.1734924316406,931.4681396484375,503.91754150390625
946.5657348632812,352.97369384765625,949.3109130859375,348.1146240234375,943.3511352539062,348.9827880859375,955.9049072265625,348.3172607421875,939.69580078125,350.994140625,966.99072265625,368.76739501953125,937.374267578125,371.9700622558594,982.41162109375,393.1947326660156,927.334716796875,397.6885986328125,987.0416259765625,421.4896240234375,919.824462890625,423.21685791015625,962.7620849609375,420.669921875,943.6083984375,421.43048095703125,965.5416259765625,463.09442138671875,934.6553955078125,463.85382080078125,967.30908203125,505.1029357910156,928.3178100585938,505.65447998046875
945.9095458984375,353.7122802734375,948.766845703125,349.1364440917969,942.68603515625,349.90960693359375,955.4127197265625,349.51922607421875,939.11669921875,351.9268798828125,967.450439453125,368.9150390625,937.0801391601562,372.0174560546875,983.7545166015625,393.48590087890625,928.7268676757812,398.01861572265625,988.209716796875,419.4068603515625,922.427001953125,420.7529296875,964.4675903320312,421.2069396972656,944.6939697265625,422.0556335449219,969.6256103515625,461.91778564453125,936.26025390625,462.6788330078125,972.5139770507812,502.25128173828125,930.0003662109375,502.7566223144531
950.887451171875,356.4552001953125,953.2252807617188,351.36328125,947.028076171875,352.58294677734375,959.0194091796875,350.75714111328125,942.364990234375,354.193359375,970.3148193359375,369.4324035644531,939.7547607421875,373.4642333984375,987.05859375,390.73870849609375,928.169921875,396.66864013671875,994.988037109375,418.0049743652344,918.3931274414062,420.968017578125,968.2640380859375,417.87310791015625,948.7491455078125,419.113525390625,971.68798828125,458.36407470703125,940.1812133789062,459.30133056640625,972.7991943359375,500.3711242675781,932.4472045898438,501.07208251953125
952.6048583984375,356.619873046875,954.7988891601562,351.4447021484375,948.3197021484375,352.8805847167969,960.1802978515625,350.8058166503906,943.0543212890625,354.74609375,971.232421875,369.308837890625,940.2305908203125,374.1142272949219,988.4586181640625,389.77264404296875,928.8076171875,397.2802734375,997.7735595703125,415.0985412597656,920.2923583984375,419.43646240234375,972.0433959960938,417.13006591796875,951.79833984375,418.99420166015625,979.745849609375,455.0908203125,942.7470703125,456.36767578125,982.7684326171875,497.3727722167969,934.4939575195312,498.5191650390625
954.441162109375,358.47943115234375,957.11376953125,354.68426513671875,950.3117065429688,354.93878173828125,962.52099609375,355.1972351074219,944.68408203125,355.67510986328125,974.8013305664062,374.1861877441406,939.4962158203125,373.0681457519531,992.8401489257812,398.102294921875,931.5631713867188,395.31787109375,999.2825927734375,421.7418212890625,930.3674926757812,419.065185546875,976.331787109375,421.8289794921875,952.083740234375,421.1748046875,985.6997680664062,457.7842712402344,939.296630859375,455.6036682128906,993.4609375,502.86138916015625,937.747314453125,498.151611328125
958.0872802734375,362.0655517578125,960.6114501953125,358.41986083984375,954.0796508789062,358.73797607421875,964.69921875,358.858154296875,947.5750122070312,359.6045837402344,975.6793212890625,377.4765930175781,941.4168090820312,378.1767883300781,995.1612548828125,399.7718811035156,932.6759033203125,401.43878173828125,1003.0127563476562,422.4234619140625,930.8668212890625,426.0074157714844,977.9892578125,426.67059326171875,953.6259765625,426.8897705078125,989.4639892578125,460.93963623046875,938.829833984375,460.126220703125,1011.924560546875,498.4222412109375,942.4229736328125,496.02789306640625
958.4608154296875,365.23809814453125,961.0535888671875,361.66363525390625,954.2476806640625,362.0195617675781,965.4921875,362.68109130859375,947.77734375,363.491943359375,976.9378051757812,382.47271728515625,942.6150512695312,382.99432373046875,995.1959228515625,406.1295166015625,936.02587890625,406.80560302734375,1002.36572265625,431.43255615234375,935.1831665039062,432.12109375,981.76220703125,429.7808837890625,956.7362060546875,429.959716796875,995.8087158203125,465.12322998046875,939.38623046875,464.3004150390625,1019.591064453125,500.70989990234375,941.376953125,498.23577880859375
956.831787109375,369.4474182128906,959.9675903320312,364.93011474609375,953.1454467773438,365.8801574707031,965.9624633789062,366.2341003417969,948.8189697265625,368.8868408203125,976.1182861328125,386.6962890625,946.9910888671875,390.44927978515625,988.5327758789062,408.81134033203125,939.3989868164062,414.4498291015625,990.39697265625,426.80389404296875,936.2283325195312,430.7511291503906,981.585205078125,435.7967529296875,960.7066040039062,437.5484619140625,1001.160400390625,472.49298095703125,951.6589965820312,473.60198974609375,1021.5322265625,508.4632568359375,954.9825439453125,509.02227783203125
956.2549438476562,369.3732604980469,959.73779296875,365.554443359375,952.3533935546875,365.64617919921875,966.177001953125,367.42010498046875,947.3045654296875,367.6962890625,973.5038452148438,388.3941650390625,947.677734375,388.9644775390625,983.541748046875,412.17108154296875,945.6901245117188,412.2884521484375,974.921875,429.6235656738281,944.7532958984375,428.1817932128906,977.82470703125,437.3773498535156,957.74267578125,437.3323059082031,990.2578125,471.1600341796875,941.4700927734375,470.640380859375,1014.159423828125,502.32684326171875,941.73876953125,500.6069641113281
952.9459228515625,363.437744140625,956.3529052734375,359.6595458984375,949.921630859375,359.1847229003906,959.8676147460938,361.40606689453125,947.610107421875,360.61395263671875,961.61865234375,381.0386962890625,948.8277587890625,382.44476318359375,965.42626953125,408.995361328125,950.7662353515625,411.2100830078125,949.6441650390625,428.44012451171875,941.8197021484375,427.2474060058594,969.025634765625,431.3011779785156,966.2052001953125,432.5722961425781,950.2146606445312,465.7458801269531,985.56884765625,468.61895751953125,949.037353515625,498.86260986328125,1018.0636596679688,503.71856689453125
943.5560302734375,354.0522766113281,947.7747802734375,350.3316650390625,942.1529541015625,349.3536071777344,954.376220703125,353.00146484375,946.6001586914062,350.8704528808594,952.996826171875,373.5460205078125,954.0800170898438,372.34332275390625,954.0538330078125,401.712890625,958.97265625,401.575927734375,945.985595703125,423.89007568359375,949.8880004882812,422.81243896484375,960.6446533203125,426.14251708984375,966.28955078125,425.170166015625,942.5413818359375,460.1930236816406,979.9415283203125,459.6145935058594,947.5965576171875,493.0115661621094,1009.4144897460938,491.1680603027344
933.9010009765625,346.7052001953125,939.4903564453125,343.13446044921875,934.8260498046875,342.09088134765625,948.9581909179688,347.30120849609375,943.34521484375,346.06390380859375,946.99560546875,370.41461181640625,945.0623779296875,372.94384765625,939.2967529296875,392.781005859375,932.213623046875,396.1639404296875,930.7269287109375,406.00933837890625,925.6854248046875,405.8931884765625,957.253662109375,422.88665771484375,959.620361328125,424.998291015625,947.8104858398438,456.32147216796875,968.9632568359375,460.4975280761719,953.8035888671875,490.40179443359375,994.3438110351562,497.4758605957031
930.2615966796875,337.85089111328125,935.1622314453125,334.6722717285156,930.4857788085938,333.9771423339844,941.96484375,339.34912109375,937.2286376953125,338.78643798828125,939.5972900390625,362.8706359863281,936.7130126953125,364.95330810546875,924.5953369140625,380.40496826171875,923.0206298828125,383.7375183105469,911.2711181640625,378.28033447265625,915.608642578125,379.38848876953125,955.0665283203125,417.47418212890625,950.294677734375,418.6324462890625,969.7642822265625,452.2812194824219,938.8980102539062,454.60321044921875,995.331298828125,488.593505859375,945.555908203125,491.9744567871094
924.835693359375,333.5545654296875,927.98291015625,330.3886413574219,926.2489013671875,329.6388854980469,932.90771484375,334.3563232421875,939.932861328125,333.1222839355469,926.2468872070312,354.36785888671875,947.2889404296875,353.40447998046875,904.046630859375,365.3050537109375,941.3519287109375,364.9228515625,897.988037109375,359.46282958984375,925.5953979492188,362.2369384765625,937.9139404296875,408.6021423339844,952.52490234375,408.3650207519531,944.9584350585938,447.4981384277344,958.942626953125,447.2970886230469,959.7337646484375,484.569580078125,972.7596435546875,483.1192932128906
919.3115234375,322.270263671875,922.9773559570312,318.9181823730469,917.0648803710938,318.28173828125,930.6886596679688,321.4886474609375,914.3366088867188,320.20013427734375,939.5880126953125,342.472412109375,909.53076171875,339.0155334472656,956.7031860351562,360.5845947265625,890.52978515625,344.2727966308594,946.1953125,366.96337890625,874.4482421875,336.7835693359375,942.4700927734375,400.29986572265625,924.3131103515625,399.74090576171875,952.7877197265625,445.1434020996094,940.0755615234375,445.39556884765625,965.3309326171875,485.24127197265625,951.776123046875,486.648193359375
914.0410766601562,314.07171630859375,917.155029296875,310.32354736328125,910.5935668945312,310.6481018066406,923.0429077148438,312.9076232910156,906.5838623046875,313.9173278808594,931.5860595703125,333.8206787109375,903.4609375,333.901123046875,944.919189453125,345.46917724609375,889.22509765625,336.90185546875,938.8067626953125,342.30718994140625,882.1950073242188,319.8848876953125,935.6956787109375,390.5299987792969,918.8740234375,391.7005615234375,941.25830078125,438.2507629394531,930.7449951171875,439.79034423828125,947.014404296875,481.0955810546875,941.7740478515625,482.63018798828125
904.0264892578125,309.1835632324219,907.17041015625,305.2310791015625,902.05615234375,305.22381591796875,914.830810546875,307.26422119140625,900.40625,306.88592529296875,922.1788330078125,325.0140075683594,896.0430908203125,321.72711181640625,926.879638671875,334.86138916015625,867.3128662109375,316.3680419921875,913.0358276367188,329.4677734375,846.0234375,295.04864501953125,929.3095703125,382.56060791015625,914.0505981445312,381.7958984375,925.6163330078125,432.5970458984375,923.3131713867188,433.02545166015625,928.479736328125,479.2610778808594,930.258056640625,481.17919921875
890.4613037109375,304.32989501953125,893.0262451171875,300.74853515625,889.9231567382812,300.51019287109375,897.7219848632812,304.158935546875,895.244873046875,303.3850402832031,898.017822265625,320.3330078125,895.6206665039062,319.0384521484375,871.2474975585938,316.80255126953125,870.4066772460938,313.5813903808594,849.5026245117188,292.1138610839844,841.9881591796875,296.8614501953125,916.70068359375,378.20538330078125,914.8086547851562,377.97369384765625,913.090087890625,428.31939697265625,914.671142578125,428.35107421875,916.4024047851562,473.76397705078125,916.3452758789062,472.4539489746094
883.8041381835938,300.3316955566406,886.504638671875,296.4229736328125,881.6097412109375,296.3334045410156,893.4556884765625,298.30615234375,880.338134765625,298.0217590332031,904.2568359375,318.3131103515625,878.641357421875,317.2621765136719,923.9840698242188,329.83544921875,858.9674072265625,326.2244873046875,914.1572265625,331.58978271484375,846.68310546875,326.97589111328125,907.4155883789062,375.3232421875,895.623046875,374.82220458984375,890.2154541015625,423.7230224609375,908.5093994140625,423.20782470703125,882.429443359375,468.60906982421875,922.0133056640625,466.90484619140625
875.957275390625,297.90869140625,878.8635864257812,294.1221923828125,875.7677001953125,293.99774169921875,888.0536499023438,295.095947265625,880.858154296875,295.14251708984375,901.2738037109375,310.1519775390625,878.3236083984375,314.0746765136719,933.2969970703125,313.4588928222656,853.2354736328125,324.04632568359375,949.58984375,318.02923583984375,826.8594970703125,327.263916015625,901.6536865234375,369.56976318359375,891.494873046875,371.09033203125,888.5117797851562,413.8636779785156,897.60888671875,417.36553955078125,884.1597290039062,455.8647766113281,900.7267456054688,460.9422912597656
870.1939086914062,298.0538330078125,872.2850341796875,294.1026611328125,870.6478271484375,293.9360046386719,879.0538330078125,296.1776123046875,883.0951538085938,295.1481628417969,880.3738403320312,316.59588623046875,891.991455078125,312.9554443359375,855.0059814453125,334.56573486328125,871.786865234375,325.0029602050781,827.6112060546875,333.3518371582031,842.4066162109375,322.0661926269531,886.1387329101562,374.91717529296875,898.9154052734375,372.87176513671875,866.8526611328125,419.3448486328125,909.5828247070312,417.3038635253906,847.04931640625,461.9250183105469,917.761962890625,456.4869689941406
869.4576416015625,303.2320861816406,872.5330810546875,299.3227844238281,868.1865234375,299.462646484375,878.6387939453125,300.2438049316406,867.67431640625,299.98907470703125,883.2947387695312,319.0448913574219,867.3645629882812,318.1949462890625,880.3011474609375,339.5597229003906,846.39111328125,335.32989501953125,877.656494140625,339.46112060546875,828.5597534179688,336.60931396484375,886.6434326171875,378.6702575683594,879.496826171875,378.25421142578125,874.1636962890625,420.40576171875,883.874755859375,419.974609375,869.3673706054688,461.08575439453125,888.1514282226562,459.5673522949219
857.4230346679688,304.8354187011719,859.3712158203125,301.30120849609375,858.2093505859375,300.395751953125,862.9414672851562,304.00762939453125,870.23291015625,301.7618103027344,858.5725708007812,324.982177734375,885.1456298828125,318.6929931640625,841.2216796875,347.94830322265625,900.139892578125,329.28271484375,829.1319580078125,362.8153076171875,894.7765502929688,326.18621826171875,865.6754150390625,376.8842468261719,887.0941772460938,373.82391357421875,839.726318359375,420.02081298828125,895.73681640625,418.3695068359375,825.70849609375,459.14404296875,907.0054321289062,458.30023193359375
854.248291015625,312.0423583984375,855.6966552734375,308.0761413574219,852.2821044921875,308.3384094238281,859.2166748046875,309.4156799316406,856.4713134765625,309.5289001464844,864.2410888671875,325.3857727050781,862.3753051757812,328.43951416015625,885.4227905273438,338.4880676269531,859.8220825195312,350.8052673339844,900.4757080078125,340.9480895996094,851.816650390625,371.577392578125,862.6566162109375,380.9627380371094,869.524169921875,382.761962890625,833.0967407226562,426.3900146484375,888.3971557617188,427.6551818847656,808.7477416992188,465.15594482421875,898.8226318359375,465.7226257324219
845.265380859375,321.2264404296875,847.1127319335938,317.30340576171875,845.5452880859375,316.792236328125,850.356689453125,319.53125,856.5067749023438,318.2753601074219,849.3880615234375,338.4267272949219,867.0972290039062,337.4191589355469,843.6312255859375,366.5950927734375,868.1511840820312,362.961181640625,831.035888671875,389.8737487792969,851.1668701171875,380.87738037109375,855.23388671875,390.0451354980469,873.7337646484375,389.6802978515625,819.5023193359375,433.7148742675781,884.8445434570312,435.6193542480469,799.6796264648438,469.9027099609375,901.5992431640625,473.8748474121094
839.2457275390625,329.5695495605469,842.4661865234375,325.4636535644531,838.1625366210938,325.7919921875,850.7176513671875,326.34539794921875,843.8973388671875,327.36798095703125,854.3092041015625,343.83258056640625,849.8523559570312,346.865478515625,849.7542114257812,365.7523193359375,840.235107421875,373.7476806640625,836.2699584960938,373.7850036621094,828.8168334960938,387.4561767578125,851.5702514648438,398.1535949707031,856.7261962890625,398.5931396484375,815.0458374023438,439.6612243652344,873.7179565429688,440.5279541015625,794.8748779296875,473.84991455078125,897.1693115234375,473.0115966796875
831.931396484375,339.4394836425781,835.4218139648438,335.0587463378906,831.7695922851562,335.25067138671875,844.648681640625,333.9943542480469,838.7202758789062,335.1589050292969,852.4844970703125,350.77716064453125,842.2744140625,354.51275634765625,848.0000610351562,375.380615234375,832.7098388671875,379.425048828125,823.7940673828125,392.4875793457031,814.8917236328125,393.7493591308594,849.30712890625,407.3299560546875,849.5665283203125,409.1304931640625,812.87451171875,441.46319580078125,861.7190551757812,445.0771179199219,797.449951171875,468.8121643066406,892.906005859375,473.97650146484375
830.32373046875,339.38128662109375,834.4110717773438,335.4244689941406,829.1390380859375,335.01800537109375,844.501708984375,336.32476806640625,833.2626342773438,335.531005859375,848.9419555664062,356.28057861328125,840.5218505859375,355.56500244140625,849.1177368164062,380.4388732910156,837.2271728515625,378.4027099609375,840.9000244140625,394.391357421875,825.7761840820312,390.23870849609375,845.4212646484375,408.1321105957031,846.2276611328125,407.00537109375,809.44287109375,435.41241455078125,847.5616455078125,434.4656066894531,794.894287109375,468.1218566894531,867.3447265625,466.03521728515625
827.9672241210938,339.7424621582031,831.0830078125,335.56317138671875,826.6935424804688,335.4241943359375,839.981201171875,337.65447998046875,832.650146484375,336.84619140625,847.5794677734375,358.803955078125,840.1171875,358.34552001953125,850.4991455078125,385.97552490234375,835.706787109375,386.5617370605469,835.7843017578125,401.415283203125,827.0494384765625,401.3396301269531,853.7931518554688,407.875732421875,852.7020263671875,406.05322265625,817.826416015625,434.6580505371094,843.4630126953125,433.46942138671875,799.7060546875,469.33782958984375,849.64306640625,465.7008361816406
828.5421752929688,340.22698974609375,831.8385009765625,335.73101806640625,826.4115600585938,335.6810302734375,841.0986328125,337.43072509765625,831.373046875,336.75372314453125,849.0481567382812,358.4532470703125,840.340087890625,358.7635498046875,853.532470703125,387.71063232421875,839.0678100585938,389.36895751953125,832.905029296875,405.22705078125,828.0272216796875,407.65704345703125,856.0345458984375,411.427734375,853.224365234375,409.9976806640625,822.4967651367188,440.28668212890625,841.868408203125,439.9615478515625,798.5740966796875,471.8436584472656,837.3458862304688,469.53997802734375
830.164306640625,340.1471252441406,832.8299560546875,335.73834228515625,827.6514892578125,336.1528625488281,841.8927612304688,336.8541259765625,829.320068359375,337.5089416503906,853.003662109375,355.88214111328125,835.7319946289062,358.194580078125,860.8983764648438,382.27587890625,831.7020263671875,386.82373046875,846.2603759765625,402.07012939453125,824.5770263671875,409.17779541015625,857.989990234375,406.5072326660156,848.9144897460938,406.4761047363281,833.14453125,436.09820556640625,835.544189453125,436.70269775390625,809.3538818359375,470.8374938964844,821.9451904296875,469.9139099121094
836.3310546875,343.4710998535156,839.390869140625,339.4476318359375,832.9242553710938,339.7603759765625,847.3302612304688,340.7931823730469,829.7796020507812,341.28802490234375,858.5909423828125,359.5207214355469,829.6531982421875,361.4271240234375,872.9247436523438,382.746337890625,823.656005859375,386.6585693359375,870.45751953125,404.06451416015625,819.1448974609375,409.8836669921875,862.5514526367188,401.57958984375,845.6978759765625,401.5762939453125,841.0090942382812,434.3387145996094,831.2290649414062,434.90673828125,822.59228515625,468.81884765625,823.7919921875,469.9924621582031
844.910888671875,347.83135986328125,847.8594360351562,343.85986328125,840.953857421875,344.125244140625,854.0009765625,344.8443298339844,835.6009521484375,345.4351806640625,864.54052734375,364.3956298828125,832.0928955078125,365.3828430175781,880.6550903320312,387.5386962890625,825.3753662109375,389.87432861328125,878.4835205078125,411.47393798828125,821.80810546875,415.56298828125,860.9991455078125,410.90875244140625,841.1618041992188,410.2343444824219,849.9442138671875,440.98321533203125,828.990478515625,440.1656494140625,833.87841796875,471.0837707519531,820.0185546875,469.325927734375
852.2667846679688,348.06146240234375,854.965087890625,344.3739013671875,848.4046630859375,344.80889892578125,860.568359375,345.6552429199219,842.9405517578125,346.624267578125,872.2410888671875,364.65460205078125,838.47998046875,366.73150634765625,886.396484375,387.65380859375,833.5559692382812,392.52655029296875,886.3284301757812,409.4332275390625,834.979736328125,417.0581359863281,871.801513671875,408.4003601074219,848.288330078125,408.59844970703125,871.906494140625,441.4842224121094,829.7501220703125,441.4169921875,870.9158935546875,475.3663330078125,819.340087890625,474.3609924316406
861.0917358398438,350.53399658203125,863.3466796875,346.6095886230469,856.7640380859375,347.3416748046875,867.9708251953125,347.67059326171875,851.004638671875,349.165771484375,878.3267211914062,366.4653625488281,846.108642578125,368.2905578613281,898.2957763671875,385.1737976074219,840.66259765625,390.481689453125,911.0645141601562,405.3385009765625,848.1356201171875,412.0593566894531,873.6373901367188,412.8437805175781,850.0389404296875,413.37451171875,886.0145874023438,443.3408203125,833.0247802734375,442.8968811035156,886.7911376953125,473.53076171875,814.512939453125,470.74365234375
875.8390502929688,347.1995544433594,877.7539672851562,343.4585266113281,871.91552734375,344.123046875,881.0394287109375,344.6944885253906,865.4478149414062,346.04730224609375,891.222900390625,363.1192626953125,856.397705078125,365.8609313964844,908.0743408203125,381.0372314453125,852.6341552734375,388.4889221191406,926.2080688476562,397.03497314453125,864.8568115234375,404.94189453125,887.62255859375,408.9870300292969,860.4783935546875,410.779541015625,906.6798095703125,438.9954833984375,838.328369140625,440.3372802734375,910.7891845703125,469.6759033203125,816.2218017578125,469.94793701171875
885.228515625,343.00872802734375,887.059814453125,338.996337890625,880.4536743164062,340.03472900390625,890.9578857421875,339.67694091796875,873.5050048828125,341.7039794921875,902.4472045898438,358.99554443359375,867.3239135742188,361.33050537109375,921.81640625,377.34185791015625,859.780517578125,382.8276672363281,945.0690307617188,396.42633056640625,867.9387817382812,401.11602783203125,902.2978515625,407.2672119140625,875.0154418945312,408.56781005859375,917.0057373046875,438.9954528808594,848.3297119140625,439.5400085449219,914.0362548828125,471.22259521484375,816.7283935546875,469.737548828125
896.6380004882812,340.66033935546875,898.55224609375,336.3770446777344,892.1600341796875,337.4035949707031,902.558349609375,337.50494384765625,885.3557739257812,339.67724609375,910.5916748046875,357.0627136230469,882.4168701171875,360.569580078125,931.2760009765625,375.45404052734375,879.3782958984375,384.79339599609375,950.2645263671875,392.14288330078125,895.4603271484375,403.29583740234375,909.570556640625,407.9674072265625,886.288330078125,409.7573547363281,923.2769775390625,439.53662109375,866.1793212890625,441.20220947265625,914.7636108398438,470.4735107421875,824.309814453125,471.61981201171875
908.5269775390625,337.8059997558594,911.016845703125,334.0389709472656,904.108154296875,334.536376953125,915.596923828125,335.80767822265625,898.0589599609375,336.52099609375,923.738037109375,354.7635498046875,892.7180786132812,356.2362060546875,942.301025390625,374.2567138671875,888.5595703125,379.61932373046875,960.2586669921875,389.9267578125,898.5089111328125,394.92242431640625,918.4168701171875,402.34344482421875,895.0303955078125,402.9298095703125,934.3358154296875,436.9084167480469,879.1367797851562,437.1112976074219,928.2625122070312,468.48138427734375,848.4302978515625,467.0722961425781
918.3143920898438,337.2088317871094,920.96044921875,333.52960205078125,914.009033203125,334.0351257324219,925.95556640625,335.5115661621094,908.372802734375,336.5295104980469,935.934814453125,354.34515380859375,902.5740966796875,356.7591552734375,954.635986328125,370.0981750488281,901.2642822265625,378.37860107421875,970.5533447265625,380.77642822265625,908.86474609375,396.14154052734375,932.14208984375,399.25347900390625,907.288818359375,400.55908203125,948.869873046875,433.2867431640625,893.308349609375,433.493408203125,948.507080078125,467.9901123046875,873.904052734375,466.44525146484375
934.30517578125,339.11395263671875,937.2064208984375,335.5222473144531,930.4242553710938,335.85821533203125,942.5428466796875,336.7183837890625,923.9752807617188,337.2674865722656,948.5048828125,353.49859619140625,917.6965942382812,356.6166687011719,960.4103393554688,370.4056396484375,916.6148071289062,381.5283203125,968.6768798828125,377.99658203125,927.3465576171875,394.18231201171875,943.8751220703125,399.17120361328125,921.030029296875,400.4821472167969,958.8194580078125,432.2425537109375,909.5848388671875,433.76116943359375,961.0676879882812,468.14251708984375,893.070556640625,470.9873046875
950.9360961914062,340.7169189453125,953.41552734375,337.1558532714844,946.8865966796875,337.65069580078125,956.732177734375,338.0286865234375,939.7481689453125,338.9374084472656,959.0848388671875,352.06298828125,934.808837890625,358.2618713378906,981.2864990234375,357.752685546875,933.34228515625,382.405029296875,1000.7525024414062,346.924072265625,952.4053955078125,385.1881103515625,956.265380859375,401.0189208984375,935.990478515625,403.38006591796875,984.8448486328125,432.73394775390625,925.4639892578125,435.0997009277344,991.80517578125,469.1064147949219,896.7742919921875,472.01617431640625
965.3003540039062,338.513671875,967.169921875,335.42169189453125,961.782470703125,335.51434326171875,968.5911865234375,337.39959716796875,954.3045654296875,337.2918701171875,969.9113159179688,353.397216796875,945.081787109375,356.8250732421875,988.7437744140625,361.34912109375,937.8101806640625,378.7182312011719,1003.53076171875,350.7376708984375,953.0146484375,384.6234130859375,962.6401977539062,403.35247802734375,941.6317749023438,405.5885009765625,991.6904296875,436.0782165527344,927.3363037109375,438.04779052734375,1006.8334350585938,471.96142578125,902.7415771484375,474.8784484863281
981.0340576171875,339.08465576171875,983.5215454101562,335.8524475097656,978.145263671875,336.0804748535156,985.32763671875,337.88189697265625,973.1063232421875,338.693359375,987.0888061523438,355.563720703125,964.4723510742188,357.2406921386719,1006.0350952148438,362.61456298828125,947.3782958984375,370.1654052734375,1016.5928955078125,349.03399658203125,953.3636474609375,362.707763671875,977.162353515625,404.75640869140625,958.1480712890625,405.1220397949219,1007.2505493164062,436.9027404785156,952.6552734375,436.427490234375,1026.9652099609375,472.60784912109375,940.087158203125,470.8081970214844
999.3198852539062,344.1095275878906,1002.4132690429688,341.6390380859375,996.5549926757812,340.68695068359375,1006.8173828125,343.277587890625,989.9300537109375,340.5036315917969,1008.8296508789062,359.0988464355469,981.3579711914062,356.8511962890625,1032.6051025390625,365.77734375,961.448486328125,371.1519775390625,1050.434814453125,355.8359069824219,958.0805053710938,376.6480407714844,997.9371337890625,406.58685302734375,974.10498046875,404.69183349609375,1022.6651000976562,439.5037536621094,938.4164428710938,436.28045654296875,1046.9375,474.5375061035156,903.2955322265625,469.80255126953125
1012.9114379882812,344.78228759765625,1015.36376953125,342.30853271484375,1010.1236572265625,341.4598388671875,1017.260009765625,344.7899475097656,1002.6384887695312,342.31597900390625,1018.6234130859375,362.29132080078125,990.9791259765625,360.4237060546875,1043.8994140625,371.01312255859375,969.0506591796875,375.2235107421875,1066.9625244140625,366.4361572265625,967.838623046875,380.9028625488281,1008.006591796875,410.76007080078125,983.4479370117188,410.0433654785156,1039.9879150390625,445.35333251953125,950.3468017578125,443.5286865234375,1069.251953125,479.67315673828125,916.8416748046875,475.8343505859375
1025.7635498046875,348.80987548828125,1029.053466796875,345.5778503417969,1022.532470703125,344.9410705566406,1031.23095703125,348.68682861328125,1015.5814819335938,346.96832275390625,1037.5733642578125,368.6300354003906,999.3876342773438,365.3647155761719,1057.955078125,375.4633483886719,976.9443969726562,370.93603515625,1086.3447265625,376.7989196777344,963.0347900390625,376.6910400390625,1023.5482177734375,417.26312255859375,993.27294921875,415.22589111328125,1048.267822265625,442.97332763671875,969.716064453125,440.30364990234375,1065.9990234375,481.6749572753906,947.4651489257812,478.10174560546875
1038.329833984375,352.7397766113281,1040.686767578125,349.4120178222656,1034.5965576171875,349.37115478515625,1042.337646484375,350.240234375,1026.2763671875,349.6826477050781,1044.0203857421875,368.1722412109375,1013.984619140625,365.6851501464844,1067.742431640625,381.24285888671875,986.0765380859375,375.41790771484375,1101.4136962890625,394.95172119140625,969.265869140625,383.0706481933594,1026.8660888671875,415.3140563964844,1003.1309814453125,413.35125732421875,1053.351806640625,443.5359191894531,973.9535522460938,441.2132568359375,1064.2396240234375,480.392578125,935.3912353515625,477.5155334472656
1044.5565185546875,353.1231689453125,1047.6224365234375,349.7752685546875,1040.955810546875,349.57440185546875,1051.756591796875,351.2683410644531,1033.967529296875,350.3291015625,1053.021484375,370.28814697265625,1024.413330078125,366.268798828125,1070.9189453125,384.9788818359375,996.766845703125,375.42083740234375,1102.172119140625,399.9429016113281,974.5057373046875,385.2127990722656,1035.356201171875,414.77178955078125,1012.8087158203125,411.8453369140625,1057.958984375,444.4635009765625,983.1746826171875,440.689208984375,1064.0733642578125,480.0021057128906,942.733154296875,474.72265625
1059.7701416015625,351.4052734375,1061.863525390625,348.4186706542969,1055.6636962890625,347.69061279296875,1060.2315673828125,350.1243896484375,1044.3760986328125,347.90191650390625,1058.73046875,369.52056884765625,1028.03515625,364.93341064453125,1077.8758544921875,386.4584655761719,1001.4050903320312,375.7803955078125,1107.031982421875,405.3297119140625,978.6341552734375,387.99462890625,1040.7305908203125,413.68023681640625,1016.4195556640625,412.30010986328125,1064.5447998046875,444.0742492675781,990.1768798828125,443.14276123046875,1070.1834716796875,476.6707763671875,952.3471069335938,477.11688232421875
1061.5164794921875,352.627685546875,1064.8021240234375,349.13916015625,1057.3629150390625,348.727294921875,1066.2501220703125,350.7865905761719,1048.039794921875,349.71771240234375,1067.0579833984375,370.549072265625,1033.764892578125,365.8765869140625,1078.0198974609375,390.1363525390625,1006.3260498046875,375.36004638671875,1094.955078125,411.28570556640625,981.67822265625,385.8685302734375,1046.775146484375,413.74346923828125,1020.97900390625,410.423583984375,1061.126708984375,444.296630859375,990.5308837890625,441.9298095703125,1067.12744140625,480.0541076660156,958.57568359375,479.4375915527344
1064.7049560546875,347.42578125,1067.9444580078125,344.067626953125,1060.346435546875,343.5809326171875,1069.2835693359375,347.62384033203125,1050.737060546875,346.18487548828125,1070.4398193359375,370.9949951171875,1035.8060302734375,364.01446533203125,1077.993408203125,394.0536804199219,1008.26904296875,373.15814208984375,1091.477294921875,418.7706298828125,983.6434936523438,384.8436584472656,1048.035400390625,413.1888427734375,1021.322998046875,408.66790771484375,1061.7418212890625,444.88470458984375,991.517578125,440.9049072265625,1065.19775390625,482.04315185546875,959.866455078125,479.22650146484375
1063.1072998046875,345.5245361328125,1066.3890380859375,342.047607421875,1059.0948486328125,341.3444519042969,1068.704833984375,344.3255615234375,1050.179931640625,342.1326904296875,1067.6724853515625,366.90643310546875,1036.28369140625,358.73541259765625,1072.939208984375,391.4208068847656,1005.9237670898438,370.11041259765625,1084.553955078125,418.747802734375,983.7756958007812,384.0907287597656,1045.4603271484375,410.4224853515625,1021.5756225585938,405.6263122558594,1060.3465576171875,444.5679016113281,993.334228515625,440.1640625,1063.506591796875,479.729736328125,961.8140869140625,476.319091796875
1065.3343505859375,343.58929443359375,1068.0926513671875,340.1233215332031,1061.678955078125,339.45819091796875,1069.5574951171875,341.5370178222656,1051.921630859375,339.1815490722656,1068.990478515625,362.3392639160156,1035.062744140625,354.2804260253906,1067.4031982421875,388.78350830078125,1005.9217529296875,366.9756774902344,1071.3372802734375,416.32373046875,986.9031982421875,388.1866455078125,1046.31884765625,400.77386474609375,1020.35107421875,396.5715637207031,1061.352783203125,435.9344787597656,992.4468383789062,431.3890686035156,1065.046630859375,474.17401123046875,965.30615234375,470.50079345703125
1066.007568359375,342.51123046875,1068.6021728515625,338.685302734375,1062.2081298828125,338.19842529296875,1069.16552734375,339.0130310058594,1051.5203857421875,337.2223815917969,1066.2110595703125,357.60614013671875,1032.924560546875,352.30645751953125,1065.0673828125,384.67724609375,1006.9070434570312,372.40118408203125,1067.498046875,414.09716796875,994.7968139648438,401.5404052734375,1037.632568359375,393.7896423339844,1011.9391479492188,391.1353454589844,1061.58203125,430.3607177734375,994.824951171875,427.79754638671875,1063.7044677734375,471.52178955078125,966.9186401367188,471.18804931640625
1061.5357666015625,343.02105712890625,1064.83837890625,339.56280517578125,1058.44873046875,338.6427001953125,1068.0853271484375,340.01904296875,1049.799072265625,337.20416259765625,1067.369140625,358.4178771972656,1031.9974365234375,351.6971740722656,1066.5556640625,387.52081298828125,1009.0362548828125,372.9057312011719,1067.59375,416.86468505859375,999.62158203125,401.42486572265625,1040.663818359375,391.091796875,1013.808837890625,387.59503173828125,1059.694091796875,429.3756103515625,994.281982421875,425.83489990234375,1060.735595703125,469.85162353515625,969.566650390625,468.34039306640625
1058.409912109375,342.4243469238281,1061.755859375,338.9856262207031,1055.391357421875,338.0753173828125,1065.6123046875,339.619873046875,1047.322998046875,336.79168701171875,1066.9754638671875,358.0461730957031,1030.804443359375,352.28466796875,1066.2708740234375,386.4379577636719,1010.2802124023438,374.1763916015625,1067.6029052734375,416.7979431152344,1000.6063232421875,403.22650146484375,1047.2374267578125,392.9100341796875,1020.1159057617188,389.77899169921875,1059.060791015625,430.5674743652344,994.8484497070312,427.8430480957031,1057.25927734375,468.5294494628906,969.8739013671875,468.17376708984375
1058.2818603515625,344.229736328125,1061.233642578125,340.7848815917969,1054.94140625,340.0542297363281,1063.7667236328125,341.8506774902344,1045.92529296875,339.4225769042969,1065.1373291015625,360.30963134765625,1029.537841796875,356.145751953125,1064.915283203125,387.564697265625,1010.7908935546875,378.8185729980469,1062.2762451171875,415.88262939453125,1003.5875244140625,406.18597412109375,1048.542724609375,396.4476318359375,1021.8887939453125,394.1814880371094,1058.2459716796875,431.03704833984375,995.3497314453125,429.6810302734375,1057.10986328125,467.01617431640625,972.5350341796875,468.74774169921875
1055.1142578125,342.36309814453125,1058.228515625,339.0794372558594,1051.764892578125,338.32305908203125,1061.361083984375,341.2405700683594,1043.400634765625,338.8426513671875,1063.65185546875,362.06207275390625,1028.8377685546875,357.37249755859375,1063.657958984375,389.5498046875,1011.3865356445312,380.55120849609375,1061.5810546875,415.7582702636719,1002.09716796875,410.12213134765625,1048.587646484375,400.9245300292969,1022.5676879882812,398.06671142578125,1056.661376953125,435.6054382324219,995.5335693359375,432.6392822265625,1057.3955078125,471.7295837402344,974.1134033203125,470.110107421875
1046.1610107421875,343.49810791015625,1049.922607421875,340.3134765625,1043.145751953125,339.4026184082031,1055.913330078125,342.65911865234375,1036.5167236328125,339.9636535644531,1059.54833984375,363.76702880859375,1025.4725341796875,358.31683349609375,1061.67626953125,390.86572265625,1009.2636108398438,379.8945007324219,1058.2115478515625,414.008544921875,1001.9397583007812,406.22552490234375,1046.629150390625,402.99237060546875,1021.044921875,399.6874694824219,1056.593017578125,435.78399658203125,995.5592041015625,431.8973693847656,1059.2874755859375,472.524658203125,974.5431518554688,469.1428527832031
1042.4775390625,342.2718505859375,1045.3427734375,338.96124267578125,1039.005615234375,338.587890625,1049.365234375,340.9461669921875,1031.5589599609375,339.558349609375,1054.414794921875,361.95806884765625,1020.1378784179688,358.1243591308594,1057.916748046875,388.9181213378906,1007.2662963867188,381.196533203125,1057.323974609375,413.6031188964844,1002.131591796875,409.30126953125,1042.3707275390625,403.16400146484375,1016.7779541015625,400.62506103515625,1054.603515625,436.522216796875,994.0198974609375,433.1302490234375,1057.6763916015625,472.1669921875,974.9705810546875,468.7884521484375
1033.63330078125,340.65277099609375,1037.71240234375,336.6114807128906,1030.15966796875,335.88690185546875,1043.0867919921875,338.51434326171875,1023.5228271484375,336.51776123046875,1048.35595703125,359.29473876953125,1011.4029541015625,356.6549072265625,1056.2137451171875,386.530029296875,997.512939453125,382.70489501953125,1055.1527099609375,411.94317626953125,996.5169677734375,409.3887939453125,1035.1640625,403.9369812011719,1008.7124633789062,402.8367004394531,1052.3741455078125,434.04681396484375,993.31005859375,433.37353515625,1053.4061279296875,471.06072998046875,978.6820068359375,470.38818359375
1027.8826904296875,340.2588806152344,1031.478515625,336.00054931640625,1024.1533203125,335.70147705078125,1036.5400390625,337.0625,1017.3358154296875,336.1894226074219,1042.983154296875,356.5845947265625,1005.77734375,355.5787353515625,1053.247314453125,383.9211730957031,993.03955078125,383.08978271484375,1054.342041015625,411.49664306640625,993.306396484375,410.8796081542969,1032.501953125,401.7809143066406,1006.060302734375,401.5064697265625,1051.03369140625,432.1696472167969,991.32080078125,432.0387268066406,1053.1209716796875,470.48455810546875,977.4990234375,470.5013122558594
1019.6920166015625,337.57757568359375,1022.821533203125,334.091552734375,1016.064208984375,333.7218017578125,1027.760498046875,335.3643798828125,1008.8697509765625,334.1083984375,1034.870849609375,355.8721618652344,998.8507080078125,353.17816162109375,1046.3822021484375,381.5036315917969,988.4412231445312,377.671630859375,1049.4130859375,405.9130859375,985.368408203125,407.5807800292969,1027.177490234375,400.06463623046875,1000.3452758789062,398.4884948730469,1046.6494140625,436.97052001953125,984.984619140625,434.3747863769531,1059.657470703125,473.33148193359375,974.0018310546875,470.7490539550781
1014.30615234375,335.82196044921875,1017.4542846679688,332.2138366699219,1010.4833984375,332.05010986328125,1022.3421630859375,333.5806884765625,1003.2432861328125,332.947509765625,1029.93017578125,354.49871826171875,993.345947265625,353.5868225097656,1041.812744140625,379.08221435546875,983.151123046875,380.1103820800781,1048.980224609375,402.78155517578125,978.605712890625,410.4649658203125,1023.45458984375,402.2198181152344,996.532958984375,401.50042724609375,1042.33935546875,439.00140380859375,982.133544921875,437.4013671875,1055.59521484375,474.6351318359375,973.162109375,472.7132263183594
1013.7833862304688,335.39813232421875,1016.4378662109375,331.7674255371094,1009.9295654296875,331.5394287109375,1019.4146728515625,332.4090576171875,1001.7174072265625,331.602783203125,1026.2626953125,352.128173828125,989.3897094726562,351.9894104003906,1038.27099609375,376.11724853515625,978.2286376953125,378.2346496582031,1043.6458740234375,399.70989990234375,978.8199462890625,407.9705810546875,1021.662841796875,401.0554504394531,995.1172485351562,401.6890869140625,1038.8642578125,437.12628173828125,980.3662719726562,437.410400390625,1048.6044921875,473.59844970703125,973.3511962890625,474.29010009765625
1008.0206909179688,335.483642578125,1010.7979736328125,331.788330078125,1004.3994140625,331.6423645019531,1015.1522216796875,331.9246520996094,997.377197265625,331.37225341796875,1023.6170654296875,350.8447265625,986.590576171875,350.9797668457031,1036.1981201171875,373.2382507324219,975.2210083007812,376.47509765625,1043.93798828125,395.4140625,972.2781372070312,405.7671203613281,1019.5827026367188,400.53729248046875,993.685546875,400.90869140625,1033.0169677734375,438.0296630859375,979.9411010742188,437.7911682128906,1038.595703125,475.74407958984375,972.6807861328125,475.18743896484375
1003.3251342773438,337.7394714355469,1006.2978515625,333.8843994140625,999.6185302734375,333.90692138671875,1011.4659423828125,334.0662536621094,992.9393920898438,334.03802490234375,1021.6676025390625,352.8168640136719,982.744140625,354.01995849609375,1035.0743408203125,374.54876708984375,972.154296875,380.3427734375,1042.312744140625,395.64617919921875,969.5390625,409.555419921875,1018.1619873046875,402.5186462402344,991.457275390625,403.123291015625,1027.4171142578125,438.9066467285156,976.8848876953125,438.78662109375,1032.43701171875,478.412109375,973.217041015625,477.6204528808594
1001.3709716796875,339.7415466308594,1004.4223022460938,335.9136657714844,997.5397338867188,335.8986511230469,1009.4307861328125,336.5465087890625,990.4960327148438,336.392822265625,1019.4494018554688,355.4034423828125,979.9423828125,356.93389892578125,1034.233642578125,376.36529541015625,969.5308837890625,383.97589111328125,1042.1522216796875,396.2258605957031,969.0097045898438,413.2810363769531,1016.053466796875,405.19482421875,989.3114013671875,405.9379577636719,1023.21240234375,440.44024658203125,975.5960693359375,440.4364929199219,1027.271728515625,481.1100769042969,973.5159301757812,480.20947265625
998.86328125,344.64190673828125,1001.7095947265625,341.00079345703125,995.264404296875,340.8949279785156,1006.35791015625,341.69451904296875,988.6572265625,341.2806396484375,1016.3924560546875,359.7719421386719,978.5223999023438,360.5003662109375,1031.50634765625,380.48419189453125,968.805419921875,386.0355224609375,1039.649169921875,400.1388244628906,968.869873046875,413.3094177246094,1014.406494140625,407.26416015625,988.8385620117188,407.66558837890625,1020.513427734375,442.11224365234375,975.361572265625,441.73919677734375,1025.697509765625,484.45892333984375,974.9442138671875,483.01446533203125
997.413818359375,351.7275695800781,1000.3115844726562,348.17889404296875,993.8413696289062,348.03741455078125,1005.1752319335938,348.57763671875,987.441650390625,348.0975341796875,1015.0958862304688,365.5352783203125,977.9849853515625,365.660400390625,1028.917724609375,385.02069091796875,967.6358642578125,388.8631591796875,1036.1630859375,403.78289794921875,965.9137573242188,414.3310546875,1013.0125122070312,410.06903076171875,988.380859375,410.04547119140625,1016.6165771484375,444.9683837890625,975.27490234375,444.09527587890625,1019.7786254882812,487.4769287109375,975.6776733398438,485.31689453125
994.74267578125,361.6336669921875,997.4739990234375,358.0780334472656,991.2973022460938,358.0665283203125,1002.4027099609375,357.74957275390625,985.3096923828125,357.56549072265625,1011.9600830078125,372.9732971191406,976.4221801757812,373.3241271972656,1026.53564453125,390.8004150390625,963.4136352539062,395.0863037109375,1035.3492431640625,407.4798889160156,958.16357421875,419.447265625,1009.220947265625,416.1012268066406,986.0328369140625,416.1382141113281,1012.78369140625,447.76123046875,973.9547119140625,446.9455261230469,1017.6366577148438,490.1529235839844,975.7098999023438,488.3914489746094
992.2196044921875,368.44573974609375,995.2527465820312,364.1788330078125,988.6943359375,364.4120178222656,1000.6243286132812,364.3316650390625,982.935546875,364.72076416015625,1009.8782958984375,380.22320556640625,975.240966796875,380.5657958984375,1028.407958984375,397.768798828125,956.6914672851562,397.9320373535156,1040.529052734375,415.6126708984375,947.7658081054688,415.2667236328125,1003.59765625,426.4276428222656,982.18212890625,426.3185119628906,1008.1539306640625,458.795166015625,981.919921875,458.61724853515625,1010.8386840820312,495.02783203125,981.1864013671875,494.5879211425781
994.5650024414062,372.66180419921875,997.987060546875,368.5783996582031,991.0672607421875,368.5306091308594,1004.016357421875,369.49578857421875,984.9285278320312,369.1458435058594,1012.56689453125,386.63983154296875,977.5288696289062,385.2535400390625,1027.5662841796875,403.5673828125,956.2893676757812,399.47418212890625,1033.781494140625,414.58087158203125,944.481201171875,411.27191162109375,1003.0806884765625,432.701904296875,981.7443237304688,431.5664978027344,1001.4490356445312,466.65191650390625,982.8978881835938,465.6665954589844,1001.3101806640625,501.1493225097656,983.3651733398438,499.4605712890625
994.1453247070312,373.3752136230469,998.3259887695312,369.50653076171875,990.926513671875,368.86102294921875,1005.4329833984375,371.03985595703125,985.171630859375,369.13104248046875,1013.892333984375,388.6753234863281,978.2221069335938,385.64483642578125,1028.5654296875,406.58746337890625,959.7969970703125,400.33074951171875,1033.400634765625,415.51068115234375,951.1781005859375,409.85565185546875,1003.33251953125,434.7774353027344,981.5343017578125,432.87518310546875,1000.9813232421875,469.531494140625,984.0452270507812,468.0583190917969,1000.90966796875,503.62457275390625,986.1259765625,501.20025634765625
997.9002685546875,374.70184326171875,1001.05712890625,371.16998291015625,994.7880859375,371.0809326171875,1007.1903076171875,372.50244140625,989.5667724609375,371.7275390625,1014.2484741210938,392.14239501953125,982.8271484375,387.93902587890625,1029.42578125,413.08258056640625,961.6415405273438,394.6134338378906,1039.8177490234375,435.7015686035156,957.5432739257812,395.7303771972656,1012.4150390625,436.3370361328125,994.370849609375,435.0817565917969,1006.8517456054688,473.1171569824219,994.5074462890625,472.31597900390625,1002.9398803710938,506.263671875,997.9912719726562,505.83636474609375
1001.350830078125,372.36236572265625,1004.5021362304688,368.5902099609375,998.1876220703125,368.7669677734375,1010.8126220703125,369.74169921875,993.2894897460938,369.7590637207031,1018.545166015625,389.470703125,986.3790283203125,387.13433837890625,1034.12060546875,410.4976501464844,966.3880615234375,395.95654296875,1046.3740234375,435.4893493652344,961.9864501953125,397.9124450683594,1016.3785400390625,435.53961181640625,997.9658203125,435.12066650390625,1010.4249267578125,472.1075134277344,998.9126586914062,472.67669677734375,1004.1702880859375,505.13232421875,1001.7163696289062,506.75067138671875
1004.8694458007812,369.36334228515625,1008.1038208007812,365.5496520996094,1001.75537109375,365.6102294921875,1014.4575805664062,366.3778076171875,996.76123046875,366.102783203125,1022.5345458984375,386.31292724609375,988.7191772460938,383.2305908203125,1038.8583984375,409.0020446777344,967.3764038085938,392.5743713378906,1051.052734375,435.04376220703125,960.6705322265625,394.97503662109375,1018.3745727539062,433.96136474609375,998.7808837890625,433.1618957519531,1013.3765258789062,468.77935791015625,998.7213134765625,468.9374084472656,1007.0388793945312,501.12646484375,1000.6023559570312,502.23382568359375
1007.9376220703125,366.67034912109375,1011.42333984375,362.74658203125,1004.85595703125,362.81121826171875,1018.3560791015625,363.45989990234375,999.9176025390625,363.5059814453125,1027.864013671875,384.77325439453125,991.70556640625,382.2032775878906,1048.0322265625,409.57281494140625,969.60595703125,390.4315185546875,1057.875732421875,437.1522216796875,967.6777954101562,389.367431640625,1020.2591552734375,432.42462158203125,1000.133056640625,432.2580871582031,1008.60400390625,468.6656799316406,997.7155151367188,470.2354736328125,1001.1563720703125,501.568359375,1005.258544921875,505.75689697265625
1011.921142578125,361.5910949707031,1015.1474609375,357.4866027832031,1008.7736206054688,357.805908203125,1022.252197265625,358.04327392578125,1004.1666870117188,358.724853515625,1032.8748779296875,380.1326904296875,996.9955444335938,378.019287109375,1052.702392578125,407.4732666015625,975.7278442382812,389.8079833984375,1061.755615234375,435.8560791015625,974.1781005859375,390.89996337890625,1026.465576171875,430.2691955566406,1005.9320068359375,430.0025939941406,1017.4048461914062,469.46270751953125,1001.9968872070312,470.4326477050781,1011.6128540039062,505.5318603515625,1007.1722412109375,508.06121826171875
1016.9170532226562,360.84112548828125,1021.15576171875,356.8184814453125,1013.9158935546875,356.2532043457031,1028.8699951171875,358.55975341796875,1008.7846069335938,356.908203125,1038.0616455078125,378.076904296875,1001.3688354492188,375.66339111328125,1056.2890625,400.2415466308594,982.3282470703125,395.5677795410156,1066.572265625,417.06072998046875,973.182373046875,412.54705810546875,1026.3736572265625,433.0174560546875,1004.466552734375,431.34576416015625,1021.8209228515625,474.4113464355469,1007.0234985351562,473.10699462890625,1021.709716796875,513.268310546875,1009.4013061523438,511.43365478515625
1019.8544311523438,364.37969970703125,1023.3145751953125,360.38372802734375,1016.9104614257812,360.3769226074219,1030.2344970703125,360.5158996582031,1012.6825561523438,360.71905517578125,1040.3629150390625,381.92352294921875,1005.0123291015625,380.3636169433594,1056.3388671875,407.4754638671875,986.7283935546875,395.509033203125,1064.691162109375,433.51776123046875,972.6275024414062,404.975341796875,1034.574951171875,434.7547607421875,1015.2103271484375,434.47662353515625,1023.407958984375,478.11761474609375,1016.34619140625,478.57183837890625,1018.91015625,515.185791015625,1029.4332275390625,516.5809936523438
1023.990966796875,365.3685607910156,1027.4495849609375,361.4112854003906,1021.12158203125,361.4747314453125,1034.587890625,362.0474853515625,1017.2001953125,362.434814453125,1045.18115234375,384.38580322265625,1009.0657958984375,383.0206604003906,1060.410400390625,411.67254638671875,989.4945068359375,400.005615234375,1066.988037109375,439.51763916015625,973.9207763671875,411.07745361328125,1040.79443359375,437.596435546875,1020.2067260742188,437.4515075683594,1035.65185546875,482.1373291015625,1022.6866455078125,482.6955871582031,1038.408203125,520.7154541015625,1037.9954833984375,522.2120361328125
1028.346923828125,369.5113220214844,1031.63623046875,365.73291015625,1025.2877197265625,365.81646728515625,1038.5458984375,366.69049072265625,1020.7996826171875,367.1556396484375,1049.02734375,387.88385009765625,1014.5993041992188,386.2239990234375,1066.1905517578125,413.876220703125,993.3176879882812,402.76007080078125,1071.5787353515625,441.73974609375,978.0964965820312,410.71942138671875,1047.870849609375,441.427978515625,1027.9580078125,440.8402099609375,1043.9385986328125,488.0206298828125,1030.208251953125,488.40533447265625,1059.5345458984375,527.225341796875,1051.9658203125,528.6041870117188
1034.3975830078125,374.5102844238281,1037.382080078125,370.76702880859375,1030.996826171875,370.7789611816406,1042.64990234375,372.05242919921875,1025.4185791015625,372.2093505859375,1052.0216064453125,393.7073974609375,1018.6982421875,391.8663024902344,1071.1568603515625,419.99530029296875,994.03271484375,408.5279846191406,1072.6776123046875,448.54010009765625,976.2570190429688,417.7555847167969,1054.101318359375,446.85302734375,1034.654052734375,446.22772216796875,1048.73388671875,491.50506591796875,1032.937255859375,492.2049865722656,1065.463134765625,531.0217895507812,1051.59619140625,533.0553588867188
1035.9783935546875,380.71270751953125,1039.0682373046875,376.87225341796875,1032.75390625,376.9754333496094,1045.2271728515625,378.0744323730469,1028.109375,378.63470458984375,1055.0762939453125,399.5596618652344,1023.0001220703125,398.84844970703125,1076.6729736328125,424.78411865234375,997.695068359375,415.8648376464844,1076.746826171875,453.0290222167969,976.221923828125,424.52508544921875,1056.43359375,452.42401123046875,1037.958251953125,452.0340270996094,1050.9417724609375,494.818359375,1035.8779296875,496.1097412109375,1066.6363525390625,534.5443115234375,1052.4534912109375,537.4081420898438
1039.1849365234375,385.96746826171875,1042.201416015625,382.0366516113281,1036.276123046875,382.05340576171875,1048.1158447265625,383.16241455078125,1033.1756591796875,383.2412109375,1057.749267578125,404.504638671875,1026.786376953125,402.5781555175781,1075.27783203125,431.16778564453125,1004.6961669921875,417.9244079589844,1077.98876953125,455.42181396484375,983.5530395507812,422.382080078125,1054.974853515625,460.2164306640625,1036.4918212890625,459.6483154296875,1052.665771484375,504.6184387207031,1033.2645263671875,505.0395812988281,1062.7010498046875,547.9872436523438,1042.910400390625,548.5255126953125
1040.173095703125,391.6278076171875,1043.601318359375,387.47442626953125,1036.7156982421875,387.421142578125,1050.5257568359375,389.10760498046875,1033.4783935546875,388.8263854980469,1060.470458984375,411.9976501464844,1029.5252685546875,407.787353515625,1076.082763671875,440.0198974609375,1010.220458984375,420.39007568359375,1077.478271484375,465.95672607421875,992.0183715820312,423.3394775390625,1058.1666259765625,466.880859375,1038.9520263671875,465.09417724609375,1055.01953125,514.3240966796875,1032.20458984375,512.873046875,1064.474365234375,562.4854736328125,1039.1453857421875,559.9635009765625
1044.896240234375,397.29052734375,1048.032470703125,392.97601318359375,1041.177734375,393.34759521484375,1054.798095703125,393.73797607421875,1036.4591064453125,394.7617492675781,1067.6038818359375,416.63458251953125,1031.8575439453125,416.829833984375,1080.040771484375,444.9537353515625,1027.853515625,442.22979736328125,1081.50341796875,471.86175537109375,1026.818359375,462.70263671875,1063.919189453125,475.8487243652344,1039.396484375,475.54083251953125,1068.891845703125,523.4398193359375,1031.9278564453125,522.3697509765625,1076.06298828125,569.3402099609375,1032.94677734375,565.943359375
1045.2022705078125,404.7653503417969,1048.931396484375,400.1641845703125,1041.654052734375,400.6819152832031,1058.74609375,401.32470703125,1038.493896484375,402.69781494140625,1073.58935546875,425.5433349609375,1036.05078125,427.25335693359375,1084.0802001953125,453.78948974609375,1029.7359619140625,458.4056396484375,1078.663818359375,478.01837158203125,1031.15478515625,484.38232421875,1071.32080078125,486.5748291015625,1045.7677001953125,486.443115234375,1075.807373046875,531.2313842773438,1036.291015625,530.078857421875,1080.339111328125,574.8580322265625,1035.7864990234375,571.5143432617188
1045.2899169921875,413.029541015625,1048.2843017578125,408.5369873046875,1042.39990234375,409.43768310546875,1057.57080078125,407.6124572753906,1039.84716796875,410.33551025390625,1073.8436279296875,427.85723876953125,1035.908203125,429.92095947265625,1091.334228515625,452.98858642578125,1016.2959594726562,447.9027099609375,1092.081787109375,479.1409606933594,998.295654296875,459.0457763671875,1069.336181640625,486.0934753417969,1043.8704833984375,486.3637390136719,1074.5426025390625,528.9771728515625,1031.125244140625,529.7847900390625,1082.53173828125,571.392578125,1027.612060546875,571.6158447265625
1047.738037109375,417.03253173828125,1050.880615234375,412.51104736328125,1044.5574951171875,413.5203552246094,1060.488525390625,412.2467041015625,1041.9161376953125,415.36846923828125,1076.71728515625,431.73358154296875,1039.697998046875,435.7641906738281,1095.6138916015625,454.66552734375,1022.02587890625,454.7042541503906,1094.2742919921875,478.1805419921875,1001.0274658203125,465.4924621582031,1075.296875,486.0162353515625,1050.49169921875,487.022705078125,1076.892333984375,526.64404296875,1034.95556640625,528.6769409179688,1083.0574951171875,569.1410522460938,1030.2269287109375,571.3841552734375
1049.9874267578125,421.58306884765625,1052.78564453125,416.5828857421875,1046.444580078125,417.61541748046875,1061.7987060546875,415.9156494140625,1042.5751953125,418.78448486328125,1078.9248046875,434.78033447265625,1042.2706298828125,437.59271240234375,1097.9622802734375,456.2667236328125,1029.860595703125,458.857421875,1096.625,471.24005126953125,1020.5403442382812,470.74652099609375,1080.9312744140625,488.43414306640625,1057.3583984375,489.0251770019531,1078.006103515625,531.0361328125,1052.839599609375,531.0219116210938,1079.8192138671875,571.2437744140625,1052.1763916015625,570.2059326171875
1052.115478515625,421.946044921875,1054.287353515625,417.0865478515625,1048.5535888671875,418.18682861328125,1062.4324951171875,416.0999755859375,1044.499267578125,419.10150146484375,1080.465087890625,433.54608154296875,1043.2861328125,436.6806335449219,1099.7100830078125,454.6220397949219,1033.07470703125,458.3914489746094,1096.50537109375,468.9879150390625,1027.772216796875,469.22247314453125,1085.365234375,483.7473449707031,1060.97705078125,484.7304382324219,1082.8026123046875,525.7476806640625,1053.2674560546875,525.9630126953125,1083.258056640625,566.0277099609375,1050.1572265625,565.3719482421875
1054.6358642578125,424.2860107421875,1056.758056640625,419.22149658203125,1050.73876953125,420.53228759765625,1065.1248779296875,417.94207763671875,1046.032470703125,421.46014404296875,1083.4932861328125,435.38446044921875,1044.34912109375,438.982177734375,1103.279052734375,456.7641906738281,1032.6700439453125,460.97802734375,1099.9190673828125,474.2749328613281,1025.64306640625,475.0397644042969,1087.982421875,485.1097412109375,1062.53759765625,486.2947082519531,1083.386962890625,525.5101928710938,1055.26171875,525.7803955078125,1083.0718994140625,566.3765869140625,1053.2403564453125,565.7820434570312
1055.1424560546875,424.92333984375,1057.3619384765625,419.8597412109375,1051.16015625,421.3147888183594,1066.04345703125,418.7772216796875,1046.2994384765625,422.69354248046875,1084.226806640625,436.025390625,1044.83740234375,440.0023498535156,1105.335205078125,455.16314697265625,1031.7025146484375,459.7233581542969,1103.401123046875,470.251220703125,1022.2890625,471.3899230957031,1087.2127685546875,485.29327392578125,1062.096435546875,486.5307312011719,1081.574951171875,523.6279907226562,1057.6759033203125,523.958984375,1082.3192138671875,563.4932861328125,1058.60205078125,562.881591796875
1056.2178955078125,423.8035583496094,1059.581787109375,419.61248779296875,1052.1778564453125,420.12298583984375,1067.0244140625,419.9631042480469,1046.440185546875,421.8240966796875,1080.402587890625,437.2254638671875,1041.2596435546875,441.81292724609375,1106.400390625,447.5852966308594,1022.1322631835938,459.84423828125,1107.2706298828125,450.249267578125,1005.9266967773438,477.4921875,1078.456787109375,486.8958740234375,1054.22509765625,488.33795166015625,1079.9608154296875,524.9755859375,1051.855712890625,525.3514404296875,1082.1768798828125,568.1438598632812,1055.6160888671875,566.6892700195312
1059.392822265625,422.43603515625,1062.220703125,418.40533447265625,1055.2381591796875,419.12261962890625,1068.59130859375,418.6492919921875,1050.08837890625,420.6373291015625,1080.8284912109375,436.6200256347656,1045.572021484375,439.6298828125,1097.968994140625,447.8883361816406,1025.4364013671875,456.2412109375,1093.56201171875,446.1602783203125,1006.4357299804688,476.84283447265625,1078.39501953125,486.3101806640625,1056.5103759765625,487.0547790527344,1080.891357421875,525.2188720703125,1053.965576171875,523.7109985351562,1082.3570556640625,566.7105102539062,1054.7611083984375,561.95556640625
1059.4979248046875,421.2818603515625,1062.73291015625,417.2039794921875,1055.2159423828125,417.68609619140625,1069.66796875,418.16766357421875,1050.140380859375,419.445556640625,1080.66552734375,438.74053955078125,1046.623779296875,438.0489807128906,1091.9296875,456.84405517578125,1026.7518310546875,454.036376953125,1083.6981201171875,464.51690673828125,1007.3128662109375,474.845947265625,1077.1630859375,487.57379150390625,1055.6221923828125,486.41070556640625,1078.834228515625,524.4197998046875,1050.373291015625,521.0748291015625,1082.152099609375,566.217041015625,1051.816650390625,559.9066162109375
1059.2529296875,420.0359802246094,1062.585693359375,415.962158203125,1055.224853515625,416.32513427734375,1070.0234375,416.8801574707031,1050.77587890625,417.84442138671875,1081.24072265625,437.97686767578125,1047.467529296875,436.1401062011719,1091.989501953125,458.3148193359375,1028.0059814453125,452.4715576171875,1083.9908447265625,469.7781982421875,1009.6617431640625,473.97381591796875,1076.95556640625,486.61517333984375,1055.482666015625,484.80328369140625,1078.0877685546875,524.0113525390625,1048.930419921875,520.0513305664062,1081.720947265625,566.4813232421875,1050.1536865234375,559.5755615234375
1059.7706298828125,416.3458251953125,1063.114501953125,412.30633544921875,1055.4677734375,412.8349609375,1070.345703125,413.224365234375,1050.7078857421875,414.6761169433594,1082.7733154296875,432.341552734375,1046.734619140625,434.2445068359375,1103.7646484375,444.21697998046875,1029.295166015625,452.75775146484375,1113.262451171875,444.098876953125,1010.900634765625,475.18646240234375,1077.15478515625,483.1035461425781,1054.8778076171875,483.003662109375,1077.2938232421875,519.951904296875,1048.6455078125,516.9105224609375,1080.8797607421875,564.006591796875,1050.48046875,556.4866333007812
1060.4935302734375,412.8868408203125,1063.785400390625,408.41729736328125,1055.8553466796875,409.1646423339844,1071.00341796875,408.5832824707031,1049.428466796875,410.89373779296875,1084.737548828125,428.2740783691406,1044.6962890625,431.08984375,1109.4476318359375,444.22271728515625,1029.6656494140625,452.1098327636719,1116.83251953125,453.3067932128906,1016.970947265625,473.3824462890625,1077.5504150390625,480.3608093261719,1052.497314453125,480.43731689453125,1079.34912109375,517.9014282226562,1047.2540283203125,515.7693481445312,1081.095947265625,563.32421875,1050.3948974609375,557.7775268554688
1060.0966796875,409.14752197265625,1063.310791015625,404.75115966796875,1055.7791748046875,405.3443298339844,1070.593505859375,405.5118713378906,1049.7242431640625,407.1539611816406,1083.70458984375,426.548095703125,1044.15869140625,428.52960205078125,1106.3857421875,446.4765930175781,1030.8895263671875,451.5376281738281,1118.31103515625,465.0984191894531,1020.7738037109375,475.2272644042969,1077.9827880859375,478.5720520019531,1053.286865234375,478.7928466796875,1079.458251953125,516.859130859375,1049.088623046875,515.7750244140625,1079.7777099609375,561.9935913085938,1051.50439453125,558.892822265625
1058.66552734375,407.34613037109375,1061.853271484375,402.865478515625,1054.5516357421875,403.4248352050781,1069.398193359375,404.22308349609375,1049.0791015625,405.749755859375,1082.927001953125,426.88189697265625,1043.6695556640625,428.67169189453125,1106.0284423828125,450.7304992675781,1034.6806640625,454.8394775390625,1117.741943359375,475.3736572265625,1028.9776611328125,480.64013671875,1076.917724609375,479.71502685546875,1052.3267822265625,479.9739074707031,1079.8619384765625,518.9070434570312,1051.0462646484375,518.1264038085938,1078.319091796875,563.7109985351562,1053.469970703125,561.103759765625
1056.7396240234375,406.1640930175781,1060.3387451171875,401.1209716796875,1052.6314697265625,401.9303283691406,1068.0537109375,402.1090393066406,1047.5343017578125,404.454833984375,1078.3680419921875,424.6412658691406,1045.600830078125,427.6557312011719,1096.046142578125,449.6673583984375,1036.1566162109375,454.50311279296875,1104.2191162109375,481.0888671875,1027.6195068359375,482.67041015625,1074.277587890625,478.7269287109375,1053.46533203125,479.48455810546875,1078.364990234375,518.9845581054688,1049.421142578125,519.4606323242188,1082.343017578125,556.0904541015625,1047.05029296875,556.117431640625
1056.442138671875,403.9869384765625,1060.075439453125,399.2066345214844,1052.79345703125,399.6843566894531,1067.48486328125,400.5301513671875,1048.2108154296875,402.052734375,1076.8455810546875,422.9964599609375,1046.2132568359375,425.15643310546875,1092.7779541015625,448.9452209472656,1038.5408935546875,452.6031188964844,1099.55322265625,479.2421875,1032.7828369140625,479.9056396484375,1072.6710205078125,477.021240234375,1053.105224609375,477.46917724609375,1076.6607666015625,518.460205078125,1049.10107421875,518.7763671875,1080.679443359375,555.8150024414062,1047.00439453125,555.75048828125
1054.73486328125,398.8387451171875,1058.0765380859375,394.41009521484375,1050.63623046875,394.9014587402344,1065.9146728515625,396.5963134765625,1045.9383544921875,397.73193359375,1079.0311279296875,422.7698974609375,1041.6014404296875,422.66448974609375,1092.345458984375,453.5089416503906,1036.125244140625,452.5624694824219,1096.75732421875,483.46881103515625,1033.02734375,482.57965087890625,1074.5533447265625,480.2578125,1049.7001953125,479.48101806640625,1077.747802734375,524.0233154296875,1040.7354736328125,521.97900390625,1078.601318359375,568.2822875976562,1039.5771484375,564.5698852539062
1053.6954345703125,394.62139892578125,1057.1451416015625,390.0401916503906,1049.6236572265625,390.5695495605469,1065.6063232421875,391.9549560546875,1045.34814453125,393.12982177734375,1078.421630859375,418.28509521484375,1041.7401123046875,417.87384033203125,1088.207763671875,450.5030822753906,1035.76025390625,449.47491455078125,1086.6365966796875,479.80767822265625,1032.693115234375,481.62579345703125,1072.923828125,476.04632568359375,1048.4033203125,474.9927062988281,1077.00244140625,521.364501953125,1041.2041015625,518.7976684570312,1078.0084228515625,567.653564453125,1040.150146484375,563.4224853515625
1053.990966796875,390.5384521484375,1057.361083984375,386.34796142578125,1050.014404296875,386.4827880859375,1063.6217041015625,388.46453857421875,1044.28369140625,388.79931640625,1074.28369140625,413.1158752441406,1037.6669921875,413.38360595703125,1085.43896484375,443.6988830566406,1034.9095458984375,444.60205078125,1085.908935546875,474.0163879394531,1034.75927734375,477.5746765136719,1069.60009765625,468.6186218261719,1045.4302978515625,468.4010009765625,1072.9234619140625,514.4497680664062,1040.18212890625,513.61865234375,1074.6435546875,561.2366943359375,1042.619873046875,559.6232299804688
1053.296142578125,389.0706787109375,1056.42724609375,384.9501953125,1049.42822265625,385.087646484375,1062.1912841796875,386.29803466796875,1043.369873046875,386.54296875,1073.473876953125,408.6431884765625,1035.4034423828125,408.388916015625,1084.153076171875,437.5018615722656,1031.109375,436.59710693359375,1082.859619140625,465.25872802734375,1036.11279296875,463.6387939453125,1069.006591796875,462.75860595703125,1043.770751953125,462.5060119628906,1072.2935791015625,509.163330078125,1039.802001953125,508.46246337890625,1074.9239501953125,556.1768798828125,1044.192138671875,554.829833984375
1050.29248046875,383.87664794921875,1053.69677734375,379.80157470703125,1046.7769775390625,379.93133544921875,1060.479248046875,381.476318359375,1041.6561279296875,381.935302734375,1071.1768798828125,404.3370666503906,1034.54345703125,403.98834228515625,1082.7320556640625,434.80816650390625,1028.4984130859375,432.18212890625,1080.6669921875,466.34161376953125,1035.309326171875,457.594482421875,1066.5341796875,458.7210388183594,1042.3955078125,458.40966796875,1069.9384765625,505.3188171386719,1038.03662109375,504.7766418457031,1074.343017578125,552.3534545898438,1044.26708984375,551.3216552734375
1050.24658203125,378.381103515625,1053.845947265625,374.4097900390625,1046.6298828125,374.4892578125,1060.775390625,376.51116943359375,1041.0037841796875,376.73931884765625,1069.8194580078125,398.8963623046875,1034.0931396484375,398.57391357421875,1079.7569580078125,427.75506591796875,1025.869384765625,425.0012512207031,1075.678955078125,452.3057556152344,1034.0438232421875,443.304443359375,1066.2568359375,452.6650390625,1042.9954833984375,452.5531311035156,1068.2091064453125,500.70758056640625,1041.2491455078125,500.684326171875,1072.2208251953125,548.3738403320312,1047.6767578125,548.569580078125
1051.2138671875,373.20172119140625,1054.3577880859375,369.2069091796875,1047.254638671875,369.42254638671875,1059.8370361328125,371.02935791015625,1040.37548828125,371.346923828125,1067.9364013671875,392.99822998046875,1031.9703369140625,393.4395751953125,1078.5208740234375,421.2115478515625,1022.9862670898438,421.5542907714844,1076.140380859375,446.2735290527344,1033.8106689453125,443.6963195800781,1065.403564453125,447.4801025390625,1042.378173828125,447.96160888671875,1067.8475341796875,496.1208801269531,1043.274169921875,496.72503662109375,1069.125244140625,543.0491943359375,1048.8818359375,544.2584228515625
1050.279296875,370.1251220703125,1053.224365234375,366.1221923828125,1046.437744140625,366.4089660644531,1058.570556640625,367.4233703613281,1039.74365234375,367.95050048828125,1067.33154296875,388.858154296875,1031.081787109375,389.2879638671875,1077.830322265625,416.75408935546875,1021.2867431640625,416.29168701171875,1076.2103271484375,442.4560546875,1030.566162109375,436.5277404785156,1063.8868408203125,443.2348937988281,1040.7484130859375,443.6107177734375,1065.734619140625,491.669921875,1040.460205078125,492.30419921875,1065.8612060546875,537.8701171875,1045.177734375,539.0487060546875
1048.6995849609375,365.82489013671875,1051.8985595703125,361.69683837890625,1045.201416015625,361.9129943847656,1058.4197998046875,362.81829833984375,1039.28076171875,363.2611083984375,1068.2421875,384.8334045410156,1030.2899169921875,385.11041259765625,1077.7681884765625,413.7703857421875,1019.6829833984375,413.5184326171875,1076.8017578125,443.13323974609375,1025.614013671875,439.0675964355469,1063.0361328125,439.44384765625,1038.99462890625,439.5260009765625,1064.4599609375,487.1807556152344,1038.077392578125,487.37200927734375,1063.078125,532.13818359375,1043.235595703125,532.8827514648438
1047.9425048828125,365.1323547363281,1051.69775390625,360.6544189453125,1044.3857421875,360.6338195800781,1057.1959228515625,361.975341796875,1038.548095703125,361.7359619140625,1065.26025390625,383.594482421875,1028.312744140625,383.50909423828125,1075.706787109375,413.4126892089844,1014.9049072265625,412.87078857421875,1077.1495361328125,441.8458251953125,1020.1202392578125,442.2802734375,1060.3828125,440.3876037597656,1036.837890625,440.6256408691406,1064.2601318359375,486.33013916015625,1040.242919921875,486.8337707519531,1064.997802734375,528.5753173828125,1043.08935546875,528.8212890625
1047.203369140625,365.52484130859375,1050.921630859375,361.1174011230469,1043.5936279296875,361.0634765625,1056.2694091796875,362.5265808105469,1037.505126953125,362.1956787109375,1063.7049560546875,383.8533935546875,1027.46240234375,383.54034423828125,1074.1123046875,411.92572021484375,1013.5369262695312,411.0711669921875,1076.480224609375,437.0210266113281,1017.6322631835938,437.23455810546875,1057.9697265625,439.6107177734375,1034.69140625,439.700439453125,1061.822509765625,484.29974365234375,1036.1920166015625,484.71563720703125,1061.4443359375,525.413330078125,1036.1510009765625,525.7235717773438
1046.727294921875,367.51531982421875,1049.9342041015625,363.1046142578125,1042.899169921875,363.27020263671875,1054.284423828125,364.4080810546875,1036.529296875,364.6251220703125,1061.993408203125,385.3147888183594,1026.4476318359375,385.59381103515625,1073.477294921875,411.8101806640625,1011.5263671875,411.8131103515625,1077.5872802734375,436.279541015625,1014.1097412109375,437.2291259765625,1057.759765625,440.2034912109375,1035.276123046875,440.595703125,1060.311279296875,483.0286560058594,1036.6971435546875,483.66168212890625,1058.5682373046875,523.8062744140625,1035.8411865234375,524.4500732421875
1045.89599609375,367.39776611328125,1048.9288330078125,363.591796875,1042.13330078125,363.7453308105469,1054.0157470703125,365.0162658691406,1035.900634765625,365.18475341796875,1062.1357421875,385.0643005371094,1026.49267578125,385.7855529785156,1074.6317138671875,409.91668701171875,1015.0892333984375,413.45440673828125,1079.9752197265625,434.46044921875,1017.50830078125,440.401611328125,1056.2093505859375,437.9863586425781,1034.60009765625,438.3124694824219,1054.646240234375,484.5263671875,1034.2886962890625,484.957763671875,1049.39306640625,526.9393310546875,1037.48779296875,528.0892944335938
1046.859619140625,367.334228515625,1049.916748046875,363.48553466796875,1043.0238037109375,363.5444641113281,1054.6455078125,364.8593444824219,1036.5804443359375,364.76153564453125,1062.1531982421875,385.45831298828125,1027.0814208984375,384.8681945800781,1075.6107177734375,410.73187255859375,1014.444580078125,410.77850341796875,1083.0291748046875,435.5078430175781,1016.295166015625,434.1889343261719,1054.305419921875,439.3697204589844,1033.62060546875,438.95050048828125,1049.7646484375,486.35174560546875,1034.083984375,486.0631103515625,1043.900146484375,529.16064453125,1038.7275390625,529.5206298828125
1048.2908935546875,365.2619934082031,1051.5794677734375,361.50347900390625,1044.5699462890625,361.3113098144531,1056.133544921875,362.9967041015625,1037.7974853515625,362.32379150390625,1062.3734130859375,383.3562927246094,1027.3905029296875,382.472900390625,1075.28076171875,409.0093688964844,1014.563232421875,409.49212646484375,1082.3798828125,435.3318786621094,1016.8485717773438,435.95086669921875,1053.2742919921875,435.5906066894531,1032.5728759765625,435.0661926269531,1048.45458984375,482.32562255859375,1032.18408203125,481.9339599609375,1043.4791259765625,525.0274658203125,1037.751953125,525.2514038085938
1048.1826171875,363.470703125,1051.550048828125,359.7994384765625,1044.6685791015625,359.4298095703125,1056.2939453125,361.09368896484375,1038.1875,360.052978515625,1062.9609375,380.922607421875,1027.442626953125,378.7838134765625,1074.998046875,407.30938720703125,1015.24853515625,404.8443603515625,1082.144775390625,434.3111572265625,1015.9685668945312,430.92578125,1052.6055908203125,430.0643310546875,1030.9329833984375,428.8406982421875,1050.1961669921875,475.47271728515625,1028.1705322265625,474.0729675292969,1047.969482421875,518.754150390625,1033.625732421875,517.4589233398438
1046.823486328125,362.0869140625,1049.9844970703125,358.3564453125,1043.32763671875,358.00762939453125,1054.1964111328125,359.5335693359375,1036.7174072265625,358.4817810058594,1060.7685546875,379.9040222167969,1025.683837890625,377.806640625,1072.433837890625,406.65509033203125,1013.1597900390625,404.1914978027344,1080.3748779296875,436.09210205078125,1014.5263671875,432.0509033203125,1051.412841796875,431.17327880859375,1029.7373046875,430.04254150390625,1049.64453125,476.4195556640625,1025.330078125,475.20684814453125,1047.4404296875,519.4154052734375,1028.27685546875,518.2171020507812
1043.676025390625,356.54022216796875,1047.4873046875,352.1545715332031,1040.059814453125,351.56671142578125,1052.33056640625,354.1831970214844,1032.8179931640625,352.448974609375,1056.94482421875,376.5317687988281,1020.77783203125,374.8631286621094,1070.1475830078125,402.9908752441406,1007.4937133789062,401.79949951171875,1077.28466796875,428.01226806640625,1010.5687866210938,427.4735107421875,1046.65234375,429.66436767578125,1023.033935546875,429.1673583984375,1051.4300537109375,473.84771728515625,1018.7821044921875,473.66796875,1052.3553466796875,515.3566284179688,1015.166748046875,515.5449829101562
1042.83349609375,350.263671875,1046.466552734375,345.8930969238281,1038.9725341796875,345.3297424316406,1050.358154296875,348.3702392578125,1031.109130859375,346.60357666015625,1054.1727294921875,371.9261474609375,1018.501953125,370.2362060546875,1067.0111083984375,398.37359619140625,1004.3558349609375,397.265380859375,1076.007568359375,422.36907958984375,1007.079833984375,422.3209228515625,1045.3890380859375,426.1634216308594,1022.0213623046875,425.8570556640625,1050.99365234375,470.3883361816406,1016.984375,470.37615966796875,1052.265869140625,512.27197265625,1012.22900390625,512.7631225585938
1038.7978515625,347.7873840332031,1042.1727294921875,343.3387145996094,1034.8450927734375,343.157470703125,1046.0096435546875,345.5692443847656,1027.617431640625,344.8568115234375,1051.6566162109375,369.0738525390625,1015.9566650390625,368.7093505859375,1064.976806640625,395.98504638671875,1002.8402099609375,396.79327392578125,1072.9805908203125,422.0483093261719,1006.0458984375,423.2317199707031,1044.9420166015625,423.927001953125,1021.6400146484375,424.1271057128906,1051.545654296875,467.417236328125,1016.4541015625,467.77978515625,1052.490234375,508.7626647949219,1011.492431640625,509.53564453125
1035.4217529296875,346.9026184082031,1038.4158935546875,342.880126953125,1031.1572265625,343.00372314453125,1043.21923828125,344.3995361328125,1024.0140380859375,344.3297119140625,1051.2188720703125,367.3084716796875,1015.8411865234375,365.824951171875,1063.2529296875,394.38336181640625,1004.4100341796875,391.193603515625,1070.059814453125,423.173583984375,1005.517578125,416.72003173828125,1045.332763671875,422.12579345703125,1022.28466796875,421.1014709472656,1046.08056640625,464.697265625,1011.6361083984375,463.4290771484375,1047.532470703125,508.1920166015625,1008.8485107421875,506.6565856933594
1032.0458984375,347.7861022949219,1035.2745361328125,343.840576171875,1027.789794921875,343.7726745605469,1040.3599853515625,345.20037841796875,1020.53076171875,344.7159423828125,1048.30908203125,367.81585693359375,1012.2811279296875,365.8341979980469,1060.5498046875,394.54937744140625,1000.8652954101562,391.44415283203125,1065.9329833984375,420.8158264160156,1000.4927978515625,418.84368896484375,1041.512939453125,421.69525146484375,1017.6934204101562,420.29327392578125,1044.248046875,464.19781494140625,1006.364501953125,462.00616455078125,1046.636962890625,508.22259521484375,1002.243896484375,504.953125
1030.950927734375,348.74176025390625,1033.9615478515625,344.786376953125,1026.31884765625,344.7503662109375,1037.89404296875,346.22625732421875,1017.8622436523438,345.68011474609375,1045.659423828125,369.154296875,1008.1338500976562,366.6524658203125,1056.5560302734375,396.4062194824219,996.6611328125,392.3473205566406,1063.169921875,422.5162353515625,998.294921875,419.5577087402344,1039.0789794921875,422.7951965332031,1013.939208984375,421.2889404296875,1043.4964599609375,464.6781005859375,1001.9154052734375,462.1321105957031,1046.8519287109375,508.13922119140625,998.3893432617188,504.1337890625
1024.6544189453125,350.23492431640625,1028.097412109375,346.4404296875,1020.5479736328125,346.0988464355469,1033.20947265625,347.4297790527344,1013.05078125,346.2236022949219,1040.634765625,368.6785583496094,1003.6363525390625,365.3160095214844,1050.620849609375,395.14453125,990.3506469726562,388.6756896972656,1052.1336669921875,417.7169189453125,993.6826171875,410.46563720703125,1034.285400390625,421.73651123046875,1009.2589111328125,419.9442443847656,1039.298095703125,463.26971435546875,998.3724365234375,460.7720031738281,1045.128173828125,506.97711181640625,995.6915283203125,503.40380859375
1021.0421142578125,350.55230712890625,1024.485595703125,346.8822021484375,1017.184814453125,346.4273986816406,1029.7705078125,347.82415771484375,1009.97412109375,346.2502136230469,1037.1981201171875,368.123291015625,999.884765625,364.840087890625,1049.17822265625,392.8915100097656,984.3656005859375,387.47100830078125,1052.293212890625,413.2806701660156,989.751220703125,408.28118896484375,1031.837646484375,420.57086181640625,1006.6561279296875,419.0777587890625,1038.8870849609375,461.23699951171875,997.8717041015625,459.1629638671875,1044.193603515625,505.2992248535156,993.5912475585938,502.3982849121094
1018.80078125,350.5279541015625,1022.450439453125,346.3135070800781,1014.8871459960938,345.9953308105469,1026.341064453125,347.5218505859375,1007.9896240234375,346.2093811035156,1032.54150390625,366.45733642578125,995.3948364257812,364.96380615234375,1042.598388671875,391.1656494140625,979.0852661132812,388.8902893066406,1047.6412353515625,408.55010986328125,981.846923828125,408.225341796875,1027.3389892578125,415.9699401855469,1002.631103515625,415.86737060546875,1038.9312744140625,456.5064697265625,998.1229248046875,456.3355407714844,1043.146240234375,500.17303466796875,995.347900390625,499.926513671875
1018.8740844726562,343.62420654296875,1022.1348876953125,339.940185546875,1015.086181640625,339.6178283691406,1026.589111328125,342.0665283203125,1006.963134765625,340.7094421386719,1032.7608642578125,364.33648681640625,993.346435546875,361.2624206542969,1042.3070068359375,388.79345703125,972.9406127929688,380.64056396484375,1042.4468994140625,404.41754150390625,981.6483154296875,392.33184814453125,1027.005615234375,414.74053955078125,1000.0631103515625,414.5609130859375,1039.855712890625,455.7891845703125,994.74658203125,455.64276123046875,1044.60498046875,499.56903076171875,990.97705078125,500.47705078125
1018.083984375,342.8938293457031,1021.1214599609375,338.9173889160156,1014.348876953125,338.6622619628906,1023.345458984375,340.5754089355469,1007.2314453125,339.3108215332031,1029.492919921875,360.303955078125,992.815185546875,358.58001708984375,1038.322021484375,383.44537353515625,973.208740234375,380.329345703125,1042.226318359375,396.9398193359375,975.0428466796875,396.8747863769531,1025.0318603515625,408.92669677734375,1000.7986450195312,408.86376953125,1036.32373046875,449.4921875,996.3763427734375,449.4468994140625,1040.1561279296875,492.3029479980469,993.4524536132812,492.16314697265625
1015.0556030273438,341.5705261230469,1017.620849609375,337.50830078125,1011.54931640625,337.4176025390625,1019.3028564453125,338.4454345703125,1004.632080078125,337.623046875,1026.2843017578125,356.759033203125,990.1891479492188,355.8665771484375,1038.3197021484375,379.1862487792969,971.15380859375,377.91192626953125,1045.5926513671875,394.73828125,971.6402587890625,395.83746337890625,1022.0205078125,406.7679443359375,998.4224853515625,407.1136779785156,1034.626953125,447.1614074707031,995.2076416015625,447.5458984375,1040.0133056640625,489.743408203125,992.970947265625,490.20831298828125
1011.3092041015625,342.1004638671875,1014.2889404296875,338.015625,1007.9644775390625,337.8177490234375,1017.013916015625,338.99676513671875,1001.7149047851562,337.98077392578125,1024.460693359375,357.38494873046875,988.473876953125,356.40240478515625,1037.259521484375,380.36077880859375,971.059814453125,379.1745300292969,1045.34619140625,399.3110046386719,970.6385498046875,399.85784912109375,1018.591064453125,406.714111328125,994.9281005859375,406.8321533203125,1032.527587890625,445.325439453125,991.14208984375,445.6723937988281,1037.762451171875,487.5487976074219,987.5709228515625,487.90289306640625
1004.955322265625,346.505615234375,1008.1470947265625,342.45721435546875,1001.9478149414062,342.060546875,1012.5210571289062,342.8013916015625,996.3001708984375,341.60662841796875,1021.5408325195312,359.2782897949219,984.0633544921875,358.68060302734375,1037.54833984375,383.4374084472656,971.2645263671875,384.0184326171875,1044.809814453125,408.8943786621094,972.14990234375,409.1825866699219,1015.0076904296875,406.79620361328125,989.1337890625,406.831298828125,1033.606201171875,445.21148681640625,978.0546875,445.302490234375,1040.3095703125,487.0548095703125,969.6355590820312,487.39520263671875
1001.2080688476562,347.87994384765625,1004.3757934570312,344.1965637207031,998.2465209960938,343.9781799316406,1011.0122680664062,344.77825927734375,992.6865234375,344.26019287109375,1022.299072265625,363.4294738769531,982.4727783203125,363.9581298828125,1036.9150390625,384.51629638671875,969.9812622070312,389.01605224609375,1042.8873291015625,404.58441162109375,967.9535522460938,417.89422607421875,1018.6502685546875,411.1954650878906,989.6815185546875,411.62664794921875,1033.9234619140625,449.591796875,970.4290771484375,449.2889099121094,1046.42236328125,492.580810546875,962.237060546875,492.20452880859375
1001.7138061523438,351.1064453125,1004.96923828125,347.4240417480469,998.057373046875,347.3857421875,1010.0447387695312,348.12945556640625,991.5867919921875,347.9500732421875,1018.9385986328125,366.2804260253906,981.964111328125,367.44580078125,1033.9111328125,387.0257263183594,969.38427734375,392.218994140625,1040.7421875,407.47210693359375,966.5321044921875,418.21649169921875,1015.255615234375,414.5919189453125,987.49658203125,414.6702880859375,1031.821044921875,448.0390319824219,966.06494140625,447.95623779296875,1045.41748046875,490.1869812011719,952.2640380859375,489.7513732910156
1002.6783447265625,356.66033935546875,1006.0028686523438,352.98468017578125,998.81298828125,352.92120361328125,1010.8446044921875,353.8003234863281,991.7269287109375,353.477294921875,1018.341796875,371.86468505859375,981.9544677734375,372.8564453125,1032.60498046875,392.370361328125,967.9853515625,398.27838134765625,1038.6160888671875,411.15216064453125,964.8338012695312,426.1167297363281,1013.4510498046875,419.01031494140625,985.1512451171875,418.8419494628906,1034.5101318359375,450.6210021972656,961.3090209960938,449.9796142578125,1047.990478515625,490.03765869140625,940.6566162109375,488.6131591796875
1001.6717529296875,365.28753662109375,1004.70361328125,361.7760314941406,998.29931640625,361.78594970703125,1009.9532470703125,361.85028076171875,992.4570922851562,361.7628173828125,1018.3727416992188,378.8747863769531,983.839599609375,378.9390869140625,1034.6158447265625,398.29229736328125,967.9081420898438,401.3595886230469,1044.7373046875,417.7294921875,961.8806762695312,428.66326904296875,1013.656005859375,424.6357727050781,986.1882934570312,423.7154846191406,1035.4583740234375,455.0830993652344,958.4664306640625,453.2405090332031,1050.990966796875,490.7314453125,933.9395141601562,487.27880859375
1004.5196533203125,369.77520751953125,1007.7528076171875,366.4556884765625,1000.7132568359375,366.37176513671875,1012.9517822265625,367.2917175292969,994.2718505859375,366.9276123046875,1019.77294921875,385.3601989746094,987.086181640625,383.9389343261719,1034.9873046875,404.5107421875,970.643310546875,404.1413269042969,1043.896484375,420.96771240234375,962.0543212890625,429.086669921875,1013.7783203125,429.916015625,987.3699951171875,428.11566162109375,1036.4818115234375,459.7444152832031,959.8056640625,456.533447265625,1052.1063232421875,491.92694091796875,932.7301025390625,486.38720703125
1006.7858276367188,370.494873046875,1010.3018798828125,367.3065490722656,1003.4263916015625,367.23626708984375,1016.9244384765625,368.8076171875,998.47021484375,368.59466552734375,1024.4176025390625,387.576416015625,991.718505859375,386.76824951171875,1037.8629150390625,406.7259521484375,973.26171875,407.7063903808594,1044.4447021484375,421.3508605957031,962.390625,432.20428466796875,1017.7174072265625,431.6082458496094,991.3367919921875,429.9580078125,1039.33935546875,459.768310546875,961.9517211914062,456.86785888671875,1055.235595703125,490.87945556640625,934.4401245117188,485.81829833984375
1014.297119140625,369.95953369140625,1017.4339599609375,366.4830322265625,1010.5958251953125,366.59619140625,1023.2418212890625,367.34619140625,1004.6502685546875,367.5311279296875,1031.4766845703125,387.3315124511719,997.0367431640625,385.2462158203125,1046.3089599609375,409.650146484375,975.3510131835938,404.03497314453125,1053.39013671875,434.099853515625,961.9705810546875,427.25506591796875,1023.379150390625,432.96551513671875,996.0671997070312,430.65997314453125,1043.30078125,462.9378662109375,963.953125,460.0436096191406,1059.2694091796875,493.08990478515625,936.4920043945312,488.87274169921875
1017.9686279296875,364.36077880859375,1021.29443359375,360.65936279296875,1014.4036865234375,360.67572021484375,1028.0125732421875,360.70025634765625,1008.9750366210938,360.6810607910156,1036.7874755859375,380.679443359375,1002.1865844726562,378.56854248046875,1050.2098388671875,405.5174560546875,981.7342529296875,397.66949462890625,1055.423583984375,434.7424621582031,968.2843017578125,417.583251953125,1031.8583984375,429.1376037597656,1004.8173828125,427.0850830078125,1049.991455078125,460.4772033691406,973.167236328125,459.003662109375,1061.421875,491.51458740234375,943.6329345703125,490.196044921875
1022.366455078125,360.8030090332031,1025.665771484375,357.1322021484375,1018.7814331054688,357.02874755859375,1032.0426025390625,357.5130615234375,1013.0864868164062,357.1332092285156,1040.4842529296875,377.75811767578125,1005.5308837890625,375.5592956542969,1052.302978515625,401.965576171875,986.3541870117188,394.34381103515625,1057.4920654296875,430.48309326171875,974.249755859375,413.8275146484375,1036.9200439453125,427.2616882324219,1010.233154296875,425.5227355957031,1053.8526611328125,459.2005615234375,982.47607421875,458.20550537109375,1061.2181396484375,492.95098876953125,954.4410400390625,492.3941345214844
1025.95263671875,352.09747314453125,1029.4521484375,348.14306640625,1021.7341918945312,348.03350830078125,1035.576904296875,349.053466796875,1014.970703125,348.5606689453125,1044.42724609375,371.62054443359375,1007.5987548828125,369.4144592285156,1055.206298828125,398.62005615234375,997.0816650390625,393.95361328125,1062.10595703125,426.54437255859375,992.1533203125,420.5557861328125,1040.702392578125,422.7523193359375,1014.19287109375,421.25299072265625,1053.75830078125,456.46661376953125,994.9586181640625,454.2919921875,1061.5374755859375,489.9527893066406,982.5305786132812,486.6123962402344
1028.7471923828125,347.5910949707031,1031.7034912109375,343.6374206542969,1024.4346923828125,343.86767578125,1036.5252685546875,345.00433349609375,1017.2213134765625,345.42132568359375,1046.2166748046875,367.6632080078125,1008.282958984375,367.7349853515625,1056.0364990234375,394.584716796875,999.6922607421875,395.1539306640625,1061.4912109375,424.40887451171875,994.5335693359375,427.7706298828125,1042.532958984375,417.361572265625,1015.6810913085938,417.16217041015625,1055.6337890625,451.8553161621094,998.97802734375,451.01763916015625,1064.4295654296875,487.22271728515625,992.9501953125,485.7937316894531
1033.214599609375,346.2984924316406,1036.24609375,342.20947265625,1028.65966796875,342.50506591796875,1040.7923583984375,343.26873779296875,1020.6773681640625,343.9466552734375,1049.47705078125,365.3065185546875,1012.0111083984375,365.7415466308594,1058.79296875,392.333984375,1004.4332885742188,392.78948974609375,1064.21728515625,422.67388916015625,999.2539672851562,424.9714050292969,1045.248046875,415.8302307128906,1019.8134155273438,416.2191467285156,1056.5662841796875,451.19805908203125,1011.787353515625,450.8275451660156,1068.8297119140625,486.0359802246094,1017.4686279296875,485.2689208984375
1033.912109375,345.1723327636719,1036.997314453125,341.3971862792969,1029.8740234375,341.56134033203125,1042.2655029296875,343.210205078125,1023.6588134765625,343.56207275390625,1052.234375,365.6170349121094,1016.2587890625,364.823486328125,1062.944580078125,390.66253662109375,1008.6406860351562,388.4422302246094,1068.5050048828125,416.4809875488281,1005.4647216796875,412.768310546875,1049.639404296875,415.57623291015625,1026.713623046875,415.0968017578125,1052.2584228515625,449.95880126953125,1020.9321899414062,448.757568359375,1060.715576171875,484.80303955078125,1031.97119140625,482.82147216796875
1035.34619140625,347.3978271484375,1038.48876953125,343.55712890625,1031.475341796875,343.7271728515625,1044.1416015625,345.5930480957031,1025.67138671875,345.95257568359375,1054.450439453125,368.26983642578125,1018.1776123046875,367.4363708496094,1067.3836669921875,393.83221435546875,1007.7061157226562,391.07000732421875,1072.965576171875,420.048095703125,1007.103271484375,412.9608154296875,1052.720458984375,419.919921875,1029.619140625,419.6280212402344,1056.9556884765625,454.9608154296875,1025.934326171875,454.2030029296875,1068.5498046875,491.30999755859375,1038.5999755859375,489.91827392578125
1046.995361328125,349.6729736328125,1050.3160400390625,346.1279296875,1042.826171875,345.7846374511719,1052.9627685546875,348.9837646484375,1034.656494140625,347.92755126953125,1059.00537109375,371.837158203125,1022.105712890625,369.403564453125,1070.283203125,396.38592529296875,1004.0660400390625,389.6410217285156,1076.55712890625,418.65252685546875,1005.7806396484375,406.7837219238281,1056.0333251953125,423.6441650390625,1031.465576171875,423.4964904785156,1066.840576171875,456.3825988769531,1030.7091064453125,456.38580322265625,1081.4482421875,492.6177062988281,1041.049072265625,492.65386962890625
1051.4259033203125,357.8158264160156,1054.945556640625,354.35406494140625,1047.635986328125,353.767333984375,1058.41650390625,355.86883544921875,1040.1103515625,354.30218505859375,1063.8115234375,376.603515625,1027.7113037109375,371.3312072753906,1074.6785888671875,399.2791442871094,1006.7244873046875,384.39349365234375,1082.0186767578125,420.85736083984375,1003.343505859375,396.2138671875,1057.17236328125,425.46148681640625,1032.643310546875,423.6863708496094,1070.7882080078125,456.99462890625,1030.4951171875,455.136474609375,1085.571044921875,495.43841552734375,1035.566650390625,493.3797912597656
1056.35546875,361.82025146484375,1059.78173828125,358.1992492675781,1052.409423828125,357.596923828125,1063.561279296875,358.863037109375,1044.470458984375,357.161865234375,1069.184814453125,379.1689453125,1032.493408203125,372.2548828125,1079.8314208984375,401.5278625488281,1008.1470336914062,382.39813232421875,1085.864990234375,423.0545654296875,1000.77978515625,394.4180603027344,1062.293212890625,427.5707702636719,1037.20703125,424.84332275390625,1077.421142578125,458.4460144042969,1034.060791015625,455.02484130859375,1091.215576171875,500.9616394042969,1035.45263671875,496.462646484375
1060.16845703125,364.3160705566406,1063.9212646484375,361.00494384765625,1056.5845947265625,360.0303039550781,1069.026611328125,362.4227600097656,1049.642822265625,359.7505187988281,1074.717041015625,384.1277160644531,1038.6094970703125,373.7721862792969,1084.27392578125,407.3533630371094,1014.0130004882812,380.220947265625,1090.3118896484375,427.17529296875,1000.1482543945312,391.48516845703125,1066.3924560546875,430.5350341796875,1041.707275390625,425.793212890625,1080.2210693359375,463.476806640625,1037.2451171875,457.2355041503906,1092.31884765625,504.8846740722656,1036.0888671875,497.0396728515625
1068.215087890625,366.5754089355469,1071.41015625,363.3728942871094,1064.4903564453125,362.3996887207031,1074.7457275390625,365.00665283203125,1056.5537109375,362.2098083496094,1080.50634765625,387.2262268066406,1043.9600830078125,375.378662109375,1088.009765625,411.9815368652344,1018.1596069335938,380.82574462890625,1094.442138671875,431.87420654296875,999.689208984375,391.6749572753906,1071.240234375,432.99755859375,1046.3203125,427.3942565917969,1083.616943359375,468.4016418457031,1039.9647216796875,460.87469482421875,1094.7265625,508.084716796875,1038.065673828125,498.5859375
1073.502197265625,371.225341796875,1076.6611328125,368.0125732421875,1069.83251953125,367.05584716796875,1079.93017578125,368.8387756347656,1062.031005859375,366.2055358886719,1085.395263671875,390.1834716796875,1049.952880859375,378.6697998046875,1091.239501953125,415.28424072265625,1024.50390625,384.30810546875,1097.3792724609375,435.6947937011719,1002.1067504882812,393.809814453125,1076.0872802734375,435.03265380859375,1052.103759765625,429.41766357421875,1085.8187255859375,473.6455078125,1043.0205078125,466.44158935546875,1095.1746826171875,511.709716796875,1039.978271484375,502.80413818359375
1080.9473876953125,377.202880859375,1083.43701171875,374.1457214355469,1076.9151611328125,373.427978515625,1084.6214599609375,375.6986083984375,1067.97216796875,373.60992431640625,1089.099853515625,396.3497314453125,1056.253173828125,386.3104248046875,1093.5255126953125,421.7388610839844,1032.2867431640625,394.3321838378906,1095.257080078125,440.3084716796875,1010.1513671875,403.2601318359375,1079.47998046875,436.0513000488281,1057.041748046875,430.97491455078125,1089.054931640625,472.53289794921875,1046.3436279296875,466.14959716796875,1096.782470703125,510.4185791015625,1040.7305908203125,502.8710632324219
1084.037841796875,379.152587890625,1086.678466796875,376.0250244140625,1080.395263671875,375.4503479003906,1088.2691650390625,377.38397216796875,1072.1904296875,375.7865295410156,1092.269775390625,396.21551513671875,1060.606201171875,391.87030029296875,1096.10693359375,420.6413269042969,1049.923583984375,411.5902404785156,1095.55712890625,440.2601623535156,1044.63525390625,432.0295715332031,1083.297119140625,436.92144775390625,1061.183837890625,434.65740966796875,1091.8843994140625,473.9292297363281,1049.854248046875,470.9823303222656,1097.6416015625,511.81488037109375,1046.06787109375,508.6806335449219
1085.8153076171875,382.1694030761719,1088.7384033203125,379.1765441894531,1082.36767578125,378.16461181640625,1091.2279052734375,380.52801513671875,1074.510498046875,377.82855224609375,1095.67138671875,400.9417419433594,1062.4769287109375,390.6991882324219,1097.2042236328125,425.9949645996094,1041.2423095703125,399.3393859863281,1094.0804443359375,446.5906677246094,1021.7045288085938,411.6314697265625,1085.814453125,439.7767639160156,1063.139892578125,434.5496826171875,1093.349609375,475.44952392578125,1051.537841796875,469.12738037109375,1098.3214111328125,514.7635498046875,1046.9864501953125,507.6301574707031
1087.02978515625,384.7803039550781,1090.0595703125,381.8718566894531,1083.81689453125,380.5981750488281,1092.8753662109375,382.8182373046875,1076.37939453125,379.35284423828125,1096.884521484375,403.2200927734375,1064.75537109375,390.6328125,1098.232421875,427.7249450683594,1043.3843994140625,395.626708984375,1096.934814453125,448.2109375,1024.711669921875,405.46234130859375,1086.943115234375,442.09967041015625,1065.047607421875,435.750732421875,1093.608154296875,478.3980712890625,1053.560546875,470.59588623046875,1098.4342041015625,515.8231201171875,1048.609619140625,506.73406982421875
1088.23828125,386.68853759765625,1091.342041015625,383.89300537109375,1085.2974853515625,382.22705078125,1094.48193359375,384.906494140625,1078.12646484375,380.32879638671875,1098.449951171875,406.2528076171875,1066.368408203125,389.54693603515625,1097.190673828125,432.8914794921875,1040.6380615234375,390.5746765136719,1091.1702880859375,452.9239501953125,1016.1589965820312,399.720947265625,1087.9185791015625,443.81256103515625,1065.937744140625,435.29742431640625,1094.2183837890625,480.3415832519531,1053.6754150390625,469.4610900878906,1099.50390625,518.246337890625,1048.341796875,504.86529541015625
1089.116943359375,388.32366943359375,1092.2213134765625,385.6339111328125,1086.420166015625,383.7816162109375,1095.147705078125,386.4972839355469,1079.29443359375,381.49005126953125,1099.1151123046875,406.8233642578125,1066.528076171875,389.9034423828125,1097.3433837890625,433.59033203125,1040.76806640625,392.4051513671875,1091.0015869140625,452.56201171875,1015.2239990234375,404.8406982421875,1088.02197265625,442.60345458984375,1065.7940673828125,433.96728515625,1094.2069091796875,478.43170166015625,1054.0628662109375,467.0422668457031,1098.7099609375,517.8934936523438,1049.5474853515625,503.50958251953125
1089.0113525390625,388.9237976074219,1092.1302490234375,386.3090515136719,1086.41650390625,384.36456298828125,1095.267578125,387.0926513671875,1079.52783203125,381.7693176269531,1099.3121337890625,407.4429016113281,1066.7266845703125,389.6908264160156,1098.4791259765625,433.2005615234375,1039.42626953125,390.4901123046875,1094.5335693359375,450.777099609375,1012.730224609375,402.3809509277344,1088.5560302734375,442.8648681640625,1066.331298828125,433.83148193359375,1095.015625,478.4840087890625,1054.001708984375,466.42315673828125,1099.417724609375,517.5034790039062,1047.870361328125,502.13983154296875
1089.292724609375,386.5877380371094,1092.5458984375,383.70660400390625,1086.388671875,382.42767333984375,1096.8519287109375,384.9942626953125,1079.7574462890625,381.02117919921875,1100.01220703125,404.99749755859375,1068.4244384765625,391.52947998046875,1099.903076171875,429.81964111328125,1040.2938232421875,393.8301086425781,1099.661376953125,447.1755065917969,1014.460205078125,408.8735046386719,1088.80908203125,443.91595458984375,1066.732421875,437.32196044921875,1093.337646484375,479.3590087890625,1049.0810546875,469.771484375,1100.03466796875,518.2282104492188,1039.868408203125,505.21490478515625
1087.577392578125,385.16302490234375,1090.8521728515625,382.38848876953125,1084.819580078125,380.7047424316406,1094.6199951171875,383.3575744628906,1078.466796875,378.7047119140625,1098.5430908203125,404.30621337890625,1067.1937255859375,388.8890380859375,1098.7900390625,429.3119201660156,1042.689208984375,392.99652099609375,1097.8466796875,448.11859130859375,1018.672607421875,408.0028381347656,1088.805419921875,441.42938232421875,1067.19921875,433.3883056640625,1093.798583984375,477.4541015625,1051.267333984375,466.76898193359375,1099.9041748046875,515.6323852539062,1044.63720703125,502.24951171875
1086.1474609375,383.2669677734375,1089.343994140625,380.39544677734375,1083.07373046875,378.9383544921875,1093.2484130859375,381.47406005859375,1076.62060546875,377.355712890625,1098.057373046875,402.4793701171875,1066.63232421875,387.9368591308594,1099.0528564453125,428.120361328125,1045.388916015625,394.006591796875,1097.0223388671875,447.128662109375,1025.83203125,409.79608154296875,1088.957763671875,439.56561279296875,1067.336669921875,431.841796875,1092.997314453125,476.6448669433594,1051.84619140625,466.09161376953125,1098.93212890625,514.7116088867188,1046.7197265625,501.07855224609375
1084.9998779296875,378.701416015625,1088.4859619140625,375.71099853515625,1081.53515625,374.6143798828125,1093.1259765625,377.6289367675781,1074.9185791015625,374.51397705078125,1097.63623046875,399.760986328125,1065.669921875,387.95477294921875,1097.7713623046875,427.0992736816406,1047.944580078125,399.429443359375,1093.38525390625,448.6449279785156,1037.617919921875,417.46575927734375,1086.5540771484375,438.4450378417969,1064.3934326171875,432.0692138671875,1092.310791015625,474.2041015625,1051.036865234375,465.50341796875,1098.2540283203125,513.5525512695312,1047.033447265625,502.2494201660156
1084.1868896484375,375.8753662109375,1087.405517578125,372.87469482421875,1080.7908935546875,371.81524658203125,1091.072509765625,374.8121337890625,1073.627685546875,371.81195068359375,1096.0380859375,395.98345947265625,1062.787353515625,386.0645751953125,1097.2147216796875,424.52349853515625,1048.8697509765625,403.01220703125,1092.466796875,447.80670166015625,1044.31982421875,426.5314636230469,1085.1466064453125,434.50775146484375,1061.9345703125,429.19195556640625,1091.5672607421875,471.14404296875,1049.134033203125,463.6172790527344,1097.810302734375,512.7046508789062,1047.089599609375,502.7177734375
1079.5987548828125,373.493408203125,1082.620849609375,370.1756286621094,1076.31494140625,369.48712158203125,1086.666748046875,371.39068603515625,1069.726806640625,369.4294738769531,1093.13330078125,390.644775390625,1059.7421875,384.0836181640625,1095.8653564453125,419.1045227050781,1050.02392578125,405.8243408203125,1090.9849853515625,444.2549743652344,1049.27685546875,433.94476318359375,1084.02294921875,429.6556396484375,1060.629638671875,425.9980773925781,1090.6416015625,468.4952392578125,1048.8271484375,462.95013427734375,1096.61865234375,512.021728515625,1047.9385986328125,504.3338928222656
1076.15869140625,370.0304260253906,1079.749755859375,365.96356201171875,1073.135986328125,365.7948303222656,1084.42041015625,366.5775146484375,1067.8321533203125,366.02264404296875,1089.1492919921875,384.12127685546875,1058.7032470703125,383.37493896484375,1094.1116943359375,411.1636047363281,1047.7940673828125,409.61517333984375,1092.519775390625,433.769775390625,1050.7291259765625,433.69903564453125,1080.60546875,428.9147644042969,1059.6409912109375,428.7593078613281,1090.80859375,467.28387451171875,1053.5537109375,467.4591064453125,1095.484375,511.62890625,1050.926025390625,511.7930603027344
1072.09375,366.1258544921875,1075.3939208984375,362.4442138671875,1068.3851318359375,361.97930908203125,1080.1796875,363.1238708496094,1061.705810546875,361.7496643066406,1087.02099609375,382.96343994140625,1053.52001953125,378.2138671875,1091.626708984375,411.68646240234375,1046.1142578125,402.17364501953125,1088.815673828125,437.2176818847656,1047.903076171875,429.5429992675781,1080.7421875,428.5164794921875,1057.395751953125,425.891845703125,1087.700927734375,467.7384338378906,1047.473388671875,463.5916748046875,1095.444580078125,511.56793212890625,1047.5986328125,505.60260009765625
1069.6287841796875,364.745361328125,1073.55322265625,360.53985595703125,1066.6973876953125,360.40625,1079.075439453125,361.8614501953125,1061.6690673828125,361.41912841796875,1084.7166748046875,382.2642822265625,1052.3885498046875,381.8031005859375,1091.113037109375,411.512451171875,1041.3377685546875,410.51202392578125,1089.6837158203125,436.8082275390625,1044.021484375,437.2412109375,1075.3992919921875,432.27667236328125,1053.051513671875,432.254150390625,1087.697509765625,470.577392578125,1047.875732421875,471.052001953125,1094.087646484375,513.649169921875,1045.7508544921875,514.0880737304688
1065.66162109375,362.67523193359375,1069.4222412109375,358.9170227050781,1062.623046875,358.1584167480469,1073.889892578125,361.13861083984375,1056.572509765625,359.0792541503906,1078.646240234375,380.7919921875,1046.5869140625,379.0895690917969,1088.739501953125,407.7901611328125,1038.26123046875,406.1847839355469,1090.82080078125,433.0294189453125,1041.202880859375,431.98779296875,1073.1505126953125,429.4527587890625,1050.955078125,428.983154296875,1084.406494140625,469.0886535644531,1042.931884765625,468.6800537109375,1093.8470458984375,508.6573791503906,1043.1954345703125,508.2850341796875
1064.7998046875,360.4606018066406,1067.932373046875,356.7728271484375,1060.669677734375,356.38824462890625,1071.660888671875,358.378173828125,1052.6868896484375,357.17401123046875,1079.7657470703125,380.220703125,1042.4912109375,376.3463134765625,1087.8729248046875,408.90631103515625,1035.79931640625,401.130615234375,1089.1790771484375,434.6688232421875,1037.44873046875,427.4662170410156,1074.344482421875,429.27508544921875,1048.9454345703125,427.33642578125,1081.022216796875,467.88751220703125,1040.94970703125,464.784912109375,1088.3125,508.90191650390625,1044.1544189453125,504.5263671875
1061.03955078125,358.5515441894531,1064.3909912109375,354.9095764160156,1056.9471435546875,354.5486755371094,1068.858642578125,356.83447265625,1049.3751220703125,355.607177734375,1076.411865234375,378.7095947265625,1039.4510498046875,375.9053649902344,1085.68115234375,405.78375244140625,1030.9964599609375,400.9373474121094,1086.984375,428.89422607421875,1036.5888671875,425.09490966796875,1071.4991455078125,428.29205322265625,1046.76416015625,427.1385498046875,1077.833251953125,466.2179260253906,1041.5947265625,464.438232421875,1082.8056640625,506.4822998046875,1044.147705078125,504.19219970703125
1060.571533203125,357.8603210449219,1063.481201171875,354.17974853515625,1056.518798828125,354.0227966308594,1066.8359375,355.5606994628906,1048.47900390625,354.8768310546875,1073.136474609375,375.6973571777344,1037.5367431640625,374.5708923339844,1082.7230224609375,401.03460693359375,1027.0733642578125,399.91748046875,1083.4761962890625,424.78680419921875,1032.0465087890625,424.95477294921875,1068.96923828125,423.891845703125,1045.863525390625,423.7215270996094,1072.8734130859375,463.3667907714844,1041.71484375,463.0835266113281,1072.876220703125,503.0986328125,1044.1942138671875,503.2321472167969
1058.00146484375,354.56304931640625,1061.1103515625,350.8554382324219,1053.888916015625,350.624267578125,1064.6893310546875,352.66656494140625,1045.993896484375,351.788818359375,1071.6171875,373.9591369628906,1035.6285400390625,373.125732421875,1082.2513427734375,400.259765625,1026.55859375,399.00604248046875,1085.748291015625,425.4341125488281,1030.54736328125,424.3347473144531,1068.3599853515625,424.3060302734375,1045.638916015625,424.4610900878906,1069.1854248046875,464.7792663574219,1044.0743408203125,465.2452697753906,1067.724609375,502.676513671875,1048.0203857421875,504.20562744140625
1055.69921875,353.85205078125,1058.827392578125,349.5370788574219,1051.90380859375,349.579833984375,1062.79638671875,351.2320861816406,1045.1065673828125,351.1070251464844,1069.298095703125,372.4415283203125,1035.805419921875,372.04718017578125,1080.5477294921875,397.284912109375,1020.331298828125,395.764892578125,1086.1920166015625,423.4271240234375,1017.381103515625,422.86279296875,1063.0904541015625,422.60614013671875,1042.869384765625,422.5174560546875,1061.4974365234375,462.04449462890625,1046.535400390625,462.2386474609375,1060.14697265625,501.9425354003906,1048.851318359375,501.75390625
1055.066650390625,354.0993347167969,1057.8065185546875,349.7406921386719,1051.29833984375,349.84759521484375,1060.991943359375,351.35107421875,1044.2528076171875,351.373779296875,1067.8927001953125,372.5938720703125,1034.321533203125,372.36083984375,1080.25732421875,396.56060791015625,1017.4619140625,395.2259216308594,1087.30078125,422.462890625,1012.9737548828125,422.26220703125,1062.3253173828125,424.25946044921875,1042.26904296875,424.29254150390625,1059.7425537109375,463.767578125,1045.70556640625,464.099365234375,1058.329833984375,503.2810363769531,1047.9346923828125,503.35052490234375
1055.29150390625,353.2435302734375,1057.8270263671875,349.05401611328125,1051.7139892578125,348.9564514160156,1060.1656494140625,350.7857666015625,1044.370849609375,350.18072509765625,1065.835205078125,371.8895263671875,1032.864501953125,371.0478515625,1078.203125,396.012451171875,1016.3604736328125,394.3822021484375,1086.3502197265625,420.41162109375,1013.9677734375,420.23248291015625,1059.3330078125,422.93890380859375,1039.644775390625,422.9158935546875,1056.5380859375,463.22216796875,1043.0037841796875,463.6114501953125,1054.846435546875,503.91107177734375,1044.9044189453125,504.2532958984375
1050.12646484375,355.248779296875,1053.1251220703125,351.0815734863281,1046.93115234375,350.93682861328125,1057.154296875,352.1142883300781,1040.7005615234375,351.45611572265625,1064.0986328125,371.16876220703125,1030.12939453125,370.5513610839844,1078.05224609375,396.28070068359375,1016.2366943359375,395.3333740234375,1085.53515625,419.82177734375,1015.8751220703125,419.5840759277344,1057.01318359375,423.2169189453125,1036.626953125,423.28240966796875,1054.7763671875,465.4298400878906,1041.749755859375,465.8859558105469,1055.4754638671875,507.6246337890625,1046.85888671875,507.888427734375
1046.793212890625,354.63885498046875,1050.2255859375,350.4986572265625,1043.786865234375,350.0596923828125,1054.8450927734375,351.96722412109375,1038.061279296875,350.532470703125,1060.3924560546875,371.71258544921875,1027.521240234375,370.76348876953125,1077.3956298828125,396.4800109863281,1016.75634765625,396.931884765625,1089.2540283203125,421.6945495605469,1017.3978271484375,421.6993408203125,1050.99365234375,422.64239501953125,1030.9869384765625,422.4661865234375,1053.34912109375,462.29364013671875,1034.335205078125,462.38995361328125,1056.3265380859375,504.532470703125,1037.966796875,504.70367431640625
1044.41259765625,352.9674072265625,1047.295654296875,349.4173583984375,1040.2322998046875,349.2851257324219,1050.5697021484375,351.1544189453125,1033.130615234375,350.63775634765625,1058.74169921875,371.9466552734375,1024.3629150390625,368.94085693359375,1072.6546630859375,396.17706298828125,1015.1572265625,390.5563659667969,1086.39501953125,421.0172119140625,1014.4301147460938,411.333740234375,1053.24462890625,421.13232421875,1031.7591552734375,419.60296630859375,1052.3265380859375,459.27630615234375,1025.800048828125,456.56793212890625,1062.9835205078125,500.89910888671875,1039.478271484375,496.2563781738281
1042.2733154296875,352.72918701171875,1045.044921875,349.0232849121094,1037.846923828125,349.0059814453125,1048.3656005859375,350.50665283203125,1030.5596923828125,350.1473388671875,1056.7794189453125,371.6205139160156,1023.0921020507812,368.1572570800781,1071.33935546875,396.40130615234375,1013.1231079101562,390.05181884765625,1085.2626953125,420.36767578125,1012.8158569335938,411.7276611328125,1052.34228515625,421.71014404296875,1031.272216796875,419.80621337890625,1050.7701416015625,460.3812255859375,1024.3529052734375,456.6708984375,1062.6746826171875,501.6991882324219,1037.7841796875,494.9666748046875
1036.186767578125,352.51995849609375,1039.151611328125,348.5997619628906,1031.7041015625,348.70947265625,1043.7530517578125,349.63067626953125,1024.755126953125,349.6494140625,1053.5909423828125,370.0748291015625,1018.396240234375,367.65667724609375,1069.12646484375,394.807373046875,1009.9832763671875,390.4580078125,1081.328125,418.38037109375,1011.220947265625,411.83807373046875,1050.561767578125,419.05328369140625,1027.775390625,417.5748596191406,1051.4931640625,456.9229431152344,1018.4588012695312,453.73931884765625,1061.604248046875,499.978759765625,1026.772705078125,493.6435546875
1032.94873046875,353.55816650390625,1035.6558837890625,349.7615661621094,1028.834716796875,349.85699462890625,1040.365966796875,350.66802978515625,1022.7066650390625,350.57049560546875,1050.1922607421875,370.87054443359375,1016.869873046875,367.88922119140625,1065.5633544921875,395.17822265625,1007.672119140625,389.5862731933594,1077.369873046875,417.3760070800781,1008.945556640625,410.21929931640625,1046.943359375,419.63525390625,1025.1949462890625,417.831298828125,1049.9422607421875,457.95648193359375,1016.6015625,454.31036376953125,1058.1474609375,499.3255920410156,1020.1541748046875,492.3233642578125
1030.3880615234375,353.58135986328125,1033.03369140625,349.7396240234375,1025.9306640625,350.0401611328125,1037.6097412109375,351.1002502441406,1019.2396240234375,351.57733154296875,1047.777587890625,371.5666809082031,1013.763427734375,370.1376953125,1064.2578125,395.09326171875,1005.2147827148438,392.7850341796875,1072.068359375,415.1258239746094,1006.2398681640625,413.73248291015625,1043.976318359375,419.02569580078125,1021.2467651367188,417.7508239746094,1048.32958984375,455.2143859863281,1009.9381103515625,452.2432861328125,1054.3150634765625,498.770751953125,1008.261474609375,492.64306640625
1027.132080078125,361.71112060546875,1030.078369140625,358.0419921875,1023.2476806640625,358.0580749511719,1035.744873046875,358.79486083984375,1017.7011108398438,358.6263427734375,1045.4476318359375,377.7550964355469,1012.9293823242188,375.1791687011719,1060.873779296875,400.6083068847656,1002.2638549804688,395.82769775390625,1067.545654296875,421.1095275878906,999.2477416992188,417.609130859375,1041.3995361328125,422.33294677734375,1019.56298828125,420.345458984375,1044.47265625,458.41851806640625,1005.8592529296875,454.81756591796875,1050.73876953125,501.4029541015625,1002.2530517578125,494.97003173828125
1023.6004028320312,366.5406188964844,1026.5404052734375,362.92431640625,1019.985107421875,362.90203857421875,1032.2681884765625,363.2823486328125,1014.7498168945312,363.05938720703125,1042.2786865234375,381.13665771484375,1009.33349609375,379.2550048828125,1058.036865234375,403.33673095703125,999.248291015625,401.4013671875,1066.836669921875,423.333251953125,997.0006103515625,425.818115234375,1038.750244140625,424.50714111328125,1016.513427734375,422.94140625,1042.1651611328125,459.01666259765625,1002.0408935546875,455.71942138671875,1050.48583984375,502.1249084472656,1000.3478393554688,495.9306335449219
1019.8702392578125,374.6538391113281,1022.916015625,371.1217041015625,1016.234130859375,371.08978271484375,1028.4736328125,371.39031982421875,1010.5025024414062,371.20745849609375,1038.9190673828125,388.60675048828125,1003.793701171875,387.5328369140625,1057.2860107421875,408.4288330078125,993.9585571289062,410.5183410644531,1067.4503173828125,426.9374084472656,993.0750732421875,440.65496826171875,1033.9501953125,431.2898254394531,1010.22021484375,430.08233642578125,1037.984375,465.3232727050781,995.5226440429688,461.7318420410156,1051.7794189453125,504.5723876953125,1000.0852661132812,497.58758544921875
1016.583984375,377.7451171875,1019.307373046875,374.372802734375,1012.703369140625,374.405029296875,1023.5978393554688,375.2232666015625,1006.148193359375,375.185546875,1033.648193359375,392.099609375,999.13671875,391.885498046875,1055.636962890625,409.08203125,990.287353515625,413.72479248046875,1066.3057861328125,422.6199951171875,990.074462890625,441.33905029296875,1029.209228515625,433.73785400390625,1005.5667724609375,433.07659912109375,1037.0477294921875,465.77520751953125,993.0352783203125,462.6235656738281,1052.233154296875,504.5810852050781,996.1778564453125,497.92803955078125
1013.286865234375,380.06500244140625,1015.1864013671875,376.2878723144531,1009.2919921875,376.87188720703125,1018.369873046875,376.47198486328125,1002.0711669921875,377.76708984375,1027.70458984375,392.13226318359375,994.8719482421875,394.9364318847656,1047.869873046875,406.767333984375,987.428955078125,417.6995544433594,1061.458251953125,420.50048828125,988.6063232421875,439.2164306640625,1024.525146484375,431.75738525390625,1001.225830078125,432.659423828125,1038.019775390625,462.6041564941406,990.6202392578125,462.3305969238281,1049.946044921875,501.7804870605469,986.891357421875,499.8424987792969
1007.9951171875,380.12030029296875,1010.0467529296875,376.29705810546875,1003.98095703125,377.135009765625,1014.3974609375,376.1692199707031,997.6141357421875,378.13031005859375,1026.036865234375,390.3779296875,990.7857666015625,395.1182556152344,1047.3985595703125,405.8345947265625,985.2769775390625,419.1275634765625,1062.9080810546875,419.6600646972656,989.47802734375,436.49603271484375,1024.6832275390625,430.255615234375,999.0902099609375,432.26397705078125,1041.79443359375,455.7966613769531,986.7774658203125,457.21490478515625,1051.7147216796875,497.5650634765625,977.0630493164062,497.4715576171875
1003.7960815429688,379.8088073730469,1006.1837158203125,376.01702880859375,1000.1574096679688,376.73944091796875,1011.89013671875,376.10968017578125,994.8057861328125,377.8052978515625,1024.3675537109375,390.46337890625,988.5733642578125,395.0650634765625,1045.0582275390625,405.9500427246094,981.85302734375,417.17218017578125,1056.108154296875,421.9605712890625,985.943359375,433.3860168457031,1026.65234375,429.3492431640625,999.6110229492188,431.51141357421875,1047.080810546875,457.72210693359375,983.1280517578125,460.02117919921875,1062.0054931640625,496.7061767578125,971.280517578125,499.0106201171875
1003.331787109375,378.6798095703125,1005.7838745117188,375.1172790527344,999.749267578125,375.6415100097656,1011.1436767578125,375.915771484375,994.3555908203125,377.045654296875,1022.0308837890625,391.2308349609375,988.7677001953125,395.08843994140625,1039.415283203125,407.818359375,983.5548706054688,417.9996337890625,1044.412841796875,419.8609313964844,990.0015869140625,432.75341796875,1025.45068359375,431.140625,999.5765380859375,433.0377502441406,1047.9652099609375,457.5896301269531,983.4028930664062,459.53521728515625,1065.332763671875,494.0783386230469,971.0780639648438,496.15740966796875
1004.5345458984375,377.009765625,1007.0386962890625,373.3543395996094,1001.1119384765625,374.02362060546875,1012.516845703125,373.7304382324219,995.9716796875,375.3536376953125,1022.8529663085938,388.27252197265625,989.77783203125,394.16949462890625,1043.466796875,402.46099853515625,984.3451538085938,417.742431640625,1057.4129638671875,415.25079345703125,989.8038330078125,432.3626403808594,1025.0093994140625,430.223876953125,999.3843383789062,433.1942138671875,1048.8743896484375,455.5990905761719,983.2131958007812,459.1885986328125,1067.181396484375,489.9518737792969,969.7452392578125,494.4961853027344
1009.930908203125,373.6612548828125,1012.219482421875,369.8998718261719,1006.322265625,370.7084655761719,1017.005615234375,369.8907165527344,1000.5574951171875,371.8380126953125,1026.14404296875,384.22515869140625,993.9903564453125,390.5523681640625,1044.945556640625,398.2442321777344,988.091552734375,415.4301452636719,1057.6160888671875,410.2951354980469,989.881103515625,434.354736328125,1025.6998291015625,428.40277099609375,1000.6968383789062,431.291015625,1049.8818359375,453.78472900390625,985.0405883789062,457.0141296386719,1065.4420166015625,487.2106018066406,968.2138671875,491.52117919921875
1013.401123046875,367.64886474609375,1015.9960327148438,363.5589599609375,1009.8387451171875,364.30230712890625,1021.3233642578125,362.3605041503906,1004.351318359375,364.4923095703125,1030.3101806640625,375.0487976074219,997.407470703125,383.782470703125,1050.77099609375,387.3804931640625,994.784423828125,411.1864013671875,1068.4072265625,398.3515319824219,998.6693115234375,429.6887512207031,1027.1824951171875,420.34222412109375,1001.4156494140625,425.1523132324219,1050.5919189453125,448.8568115234375,983.6129150390625,454.6842041015625,1062.0125732421875,483.4161071777344,964.3885498046875,490.60693359375
1023.166748046875,354.54388427734375,1025.6572265625,350.7505187988281,1019.2672119140625,351.21185302734375,1029.8955078125,351.61083984375,1013.127685546875,352.57830810546875,1037.0985107421875,367.3244934082031,1006.2457275390625,372.38848876953125,1057.177490234375,378.62493896484375,1001.610595703125,396.40966796875,1078.37353515625,385.7513122558594,1006.5281982421875,413.35943603515625,1032.831298828125,413.7367858886719,1009.0845336914062,416.25653076171875,1046.605224609375,446.2503662109375,989.120849609375,448.9609375,1046.942138671875,481.6191101074219,962.809326171875,484.5091552734375
1027.2763671875,345.1199035644531,1030.12744140625,341.5571594238281,1023.7465209960938,342.2890625,1036.882080078125,344.36834716796875,1019.468994140625,346.11956787109375,1044.415771484375,362.05706787109375,1015.6878662109375,368.9642333984375,1064.236328125,363.35272216796875,1009.0863647460938,392.1622314453125,1078.96533203125,355.0957946777344,1011.4227294921875,406.27056884765625,1037.4833984375,412.6842956542969,1016.0810546875,413.9358215332031,1046.21630859375,446.4914245605469,993.679443359375,447.5060119628906,1044.1622314453125,477.8492431640625,965.488525390625,479.65472412109375
1034.9412841796875,340.61358642578125,1037.5323486328125,337.0645446777344,1031.2742919921875,337.3223876953125,1043.149658203125,339.19970703125,1026.26220703125,339.67138671875,1049.8331298828125,352.1038513183594,1024.019287109375,357.8985900878906,1069.845947265625,342.43035888671875,1018.361572265625,376.5868835449219,1079.884765625,317.9019470214844,1016.2003173828125,392.8365783691406,1041.735107421875,403.79541015625,1022.7447509765625,403.7625732421875,1042.826416015625,443.54296875,1003.64208984375,441.5858459472656,1033.7930908203125,478.97503662109375,971.7899169921875,474.2550048828125
1045.344482421875,341.6908874511719,1047.94384765625,337.86029052734375,1043.17138671875,338.5096435546875,1054.4320068359375,337.7384338378906,1040.4571533203125,339.62091064453125,1062.297607421875,351.3639221191406,1032.7413330078125,358.38433837890625,1078.967529296875,350.86724853515625,1025.377685546875,378.6539306640625,1091.084716796875,346.59942626953125,1032.07861328125,392.10247802734375,1046.0260009765625,404.94110107421875,1025.08349609375,406.22991943359375,1046.6170654296875,442.63360595703125,1005.8505859375,444.4755859375,1037.52685546875,475.0347900390625,982.1405029296875,478.5641784667969
1054.062255859375,333.1545104980469,1055.760986328125,329.02374267578125,1050.52099609375,329.4244384765625,1058.173583984375,329.9041748046875,1044.5408935546875,331.15032958984375,1063.4036865234375,348.75775146484375,1036.3111572265625,350.095947265625,1072.97900390625,368.8660583496094,1028.928466796875,372.7153015136719,1072.137939453125,376.9395751953125,1034.068115234375,379.47186279296875,1054.04345703125,399.67657470703125,1035.0938720703125,399.9219970703125,1055.916259765625,438.67156982421875,1015.1925048828125,438.828369140625,1043.111083984375,473.82769775390625,990.6112060546875,475.5673828125
1064.7314453125,323.6430969238281,1064.546142578125,319.5328674316406,1060.0712890625,320.34954833984375,1060.75830078125,323.49346923828125,1050.5748291015625,324.5594787597656,1065.69775390625,339.7233581542969,1046.176513671875,342.68829345703125,1088.6954345703125,329.95343017578125,1064.4852294921875,339.02685546875,1104.38037109375,310.8211975097656,1086.832275390625,319.8858642578125,1057.399169921875,400.5942077636719,1042.754638671875,401.5243835449219,1059.256103515625,441.3084411621094,1037.6092529296875,442.5876159667969,1032.71484375,466.2913513183594,1006.5833129882812,469.5169372558594
1060.0244140625,319.1489562988281,1062.77587890625,315.3569641113281,1056.87109375,315.5780029296875,1068.18505859375,316.08038330078125,1053.131591796875,316.26605224609375,1075.140625,329.8134765625,1044.73876953125,330.6590881347656,1095.84423828125,323.302490234375,1026.0360107421875,332.22882080078125,1111.29052734375,305.9659423828125,1025.087890625,325.9606018066406,1059.2327880859375,384.65447998046875,1040.865234375,384.2926940917969,1057.9208984375,428.9306945800781,1045.27099609375,427.91192626953125,1040.5718994140625,459.469482421875,1028.61083984375,457.3946533203125
1063.0906982421875,313.8824462890625,1065.0809326171875,310.7763671875,1061.3658447265625,310.34234619140625,1067.2550048828125,314.796875,1063.5205078125,313.31695556640625,1065.5455322265625,329.8590393066406,1063.125732421875,327.0180358886719,1060.243896484375,328.9357604980469,1069.775390625,322.4035949707031,1058.881103515625,307.4726867675781,1066.4346923828125,300.680908203125,1058.4317626953125,382.112548828125,1054.658203125,381.0545654296875,1070.5712890625,423.8795166015625,1057.9912109375,423.160400390625,1054.0372314453125,450.0279235839844,1032.763671875,449.4300842285156
1076.1761474609375,310.6257629394531,1078.5318603515625,306.95184326171875,1073.5111083984375,306.7191467285156,1080.6644287109375,308.7179870605469,1069.6221923828125,307.7851257324219,1080.593505859375,322.73828125,1064.709228515625,321.03289794921875,1081.5108642578125,329.7060546875,1065.3370361328125,323.9801940917969,1076.8057861328125,326.802001953125,1066.4195556640625,318.148193359375,1073.04443359375,372.5052490234375,1060.170654296875,371.74591064453125,1084.23876953125,412.8948669433594,1057.868408203125,412.7577209472656,1079.561767578125,444.3304443359375,1037.8328857421875,446.1078186035156
1079.6517333984375,309.505859375,1082.943115234375,305.72686767578125,1077.7314453125,305.27105712890625,1087.0164794921875,306.2009582519531,1076.126953125,305.09808349609375,1083.9605712890625,320.9371032714844,1072.586181640625,320.0096740722656,1077.99169921875,339.31536865234375,1068.826904296875,336.743408203125,1072.6160888671875,347.6580810546875,1067.956787109375,344.94366455078125,1079.565185546875,370.2657470703125,1068.65380859375,369.69769287109375,1093.18603515625,411.0609130859375,1056.6190185546875,411.1422119140625,1098.665771484375,445.5423583984375,1035.61767578125,447.252197265625
1079.87646484375,311.5899963378906,1083.11572265625,308.0658874511719,1078.3797607421875,307.58038330078125,1088.866943359375,308.86553955078125,1079.662109375,307.70611572265625,1088.4888916015625,324.03546142578125,1080.2139892578125,322.0611572265625,1079.48095703125,343.049560546875,1071.248046875,336.47967529296875,1068.8538818359375,347.62066650390625,1061.916748046875,337.14013671875,1084.6885986328125,370.13800048828125,1080.85791015625,368.96820068359375,1074.1732177734375,408.14324951171875,1079.271728515625,407.4560852050781,1062.786376953125,441.7101745605469,1073.9549560546875,440.01715087890625
1083.106201171875,313.70770263671875,1086.2581787109375,310.1591491699219,1082.724853515625,310.0423278808594,1093.9765625,310.15753173828125,1085.6732177734375,309.91436767578125,1099.1844482421875,324.1708679199219,1083.2557373046875,324.6871032714844,1094.5809326171875,339.8467102050781,1073.581787109375,342.0983581542969,1076.5216064453125,338.89459228515625,1070.46435546875,340.18707275390625,1095.578857421875,372.51788330078125,1079.753662109375,371.67938232421875,1116.0367431640625,406.89398193359375,1061.817138671875,406.6412353515625,1132.5675048828125,443.7755126953125,1044.3023681640625,443.3356018066406
1099.38134765625,318.33758544921875,1101.971923828125,315.1314697265625,1097.163818359375,315.2353820800781,1104.452880859375,315.8184814453125,1092.40673828125,316.215576171875,1105.61572265625,326.01959228515625,1083.8448486328125,332.1165466308594,1116.017333984375,331.70001220703125,1077.1455078125,349.85369873046875,1117.306396484375,317.5851135253906,1087.477783203125,340.0679931640625,1104.1190185546875,374.181640625,1084.92138671875,376.70709228515625,1122.8797607421875,409.09307861328125,1066.8819580078125,413.90753173828125,1137.75048828125,438.0330505371094,1045.2130126953125,447.0348815917969
1103.20556640625,319.0948486328125,1105.94921875,315.96185302734375,1100.2279052734375,315.8121337890625,1109.6903076171875,316.4354248046875,1094.1214599609375,316.2422180175781,1111.776611328125,327.557861328125,1089.1484375,335.28741455078125,1129.4580078125,324.84747314453125,1076.3309326171875,359.406982421875,1135.8348388671875,306.39117431640625,1076.939453125,382.9921875,1109.06591796875,374.60650634765625,1100.624755859375,378.42864990234375,1091.3199462890625,406.8567810058594,1122.8258056640625,409.6502380371094,1079.5260009765625,436.994140625,1142.2449951171875,438.9166259765625
1108.9361572265625,323.9776306152344,1112.55029296875,320.7644958496094,1106.359619140625,320.3887023925781,1119.248046875,321.90777587890625,1100.9010009765625,321.1800842285156,1124.72705078125,332.340576171875,1091.83447265625,339.8172302246094,1149.370361328125,324.1483154296875,1076.399658203125,359.6239013671875,1157.506591796875,306.180908203125,1083.1192626953125,375.1683349609375,1117.0462646484375,379.8540344238281,1093.9892578125,382.874267578125,1130.9119873046875,407.5366516113281,1089.7349853515625,410.56585693359375,1142.90185546875,436.5018310546875,1083.9334716796875,439.5419921875
1113.66650390625,328.4654846191406,1116.8687744140625,325.1274719238281,1110.4952392578125,325.23297119140625,1122.6351318359375,326.8138122558594,1104.641845703125,327.0047302246094,1126.052490234375,338.9856262207031,1096.6641845703125,346.3948974609375,1151.263427734375,334.072021484375,1079.9010009765625,363.23968505859375,1166.856201171875,320.98675537109375,1082.7708740234375,373.357421875,1118.067626953125,388.41168212890625,1099.134765625,391.9051208496094,1129.829345703125,418.55902099609375,1104.997802734375,423.05767822265625,1126.4306640625,441.9771728515625,1089.6484375,448.8166809082031
1116.8048095703125,327.85675048828125,1119.4837646484375,324.4754333496094,1113.363037109375,325.1078796386719,1123.5897216796875,326.1820068359375,1107.6820068359375,327.6280517578125,1128.3895263671875,340.3790283203125,1097.9891357421875,348.48114013671875,1154.729736328125,339.2485656738281,1078.886962890625,363.55328369140625,1176.27685546875,332.97857666015625,1082.440185546875,371.552734375,1122.8577880859375,391.0025634765625,1102.25830078125,395.4022216796875,1139.36474609375,421.73016357421875,1102.5230712890625,427.392822265625,1139.3426513671875,443.77825927734375,1081.022216796875,451.83319091796875
1118.0635986328125,325.0489501953125,1121.050048828125,321.4902648925781,1114.5484619140625,321.474853515625,1124.734619140625,323.330810546875,1107.2904052734375,322.9087219238281,1124.0125732421875,339.773193359375,1099.2242431640625,341.85052490234375,1142.267333984375,349.115478515625,1079.2158203125,360.4368896484375,1158.58251953125,349.69464111328125,1080.9500732421875,372.07232666015625,1117.3277587890625,388.488037109375,1100.2022705078125,389.60675048828125,1135.2945556640625,419.147705078125,1098.8125,420.61773681640625,1139.18359375,446.2099914550781,1080.7088623046875,449.76513671875
1116.228271484375,319.5337829589844,1119.0821533203125,315.8824462890625,1112.737548828125,315.9563293457031,1123.69970703125,317.51727294921875,1105.798095703125,317.1972351074219,1127.76220703125,336.2261657714844,1094.362548828125,337.4426574707031,1149.53857421875,353.676513671875,1073.240966796875,359.46575927734375,1164.7314453125,373.3451843261719,1079.279541015625,379.8836669921875,1116.7462158203125,382.83984375,1093.30126953125,383.99981689453125,1140.9595947265625,412.0055236816406,1092.62158203125,413.9486083984375,1148.46337890625,441.9923400878906,1078.402099609375,445.69976806640625
1115.69775390625,314.67864990234375,1118.36572265625,311.11236572265625,1112.262451171875,311.1751708984375,1121.413818359375,312.5299377441406,1105.119384765625,312.50677490234375,1126.562255859375,331.5635070800781,1091.6822509765625,332.4982604980469,1142.88623046875,354.75799560546875,1073.435302734375,356.6932067871094,1155.193115234375,381.11865234375,1075.691650390625,378.40924072265625,1118.314697265625,380.6348876953125,1093.5133056640625,381.61328125,1138.63818359375,416.3548583984375,1087.7503662109375,418.7257080078125,1144.359130859375,448.8582458496094,1072.849853515625,453.67431640625
1116.6259765625,311.74835205078125,1118.9749755859375,308.0084228515625,1112.693359375,307.9561767578125,1121.22998046875,309.49798583984375,1103.79833984375,308.85675048828125,1124.88916015625,330.1809387207031,1090.07177734375,329.29718017578125,1133.013427734375,358.7840576171875,1072.9754638671875,355.32177734375,1133.370361328125,389.7138671875,1076.41796875,382.3321838378906,1116.3409423828125,378.5400390625,1091.0445556640625,379.2704772949219,1138.20751953125,413.18792724609375,1084.5684814453125,415.1741638183594,1137.682861328125,444.7228088378906,1064.808837890625,449.72991943359375
1114.0198974609375,312.1322021484375,1116.913818359375,308.69122314453125,1110.5634765625,308.3644104003906,1120.4659423828125,311.06585693359375,1103.148681640625,309.82757568359375,1123.4884033203125,332.8740234375,1090.2803955078125,329.51690673828125,1126.3702392578125,360.3099365234375,1073.093505859375,350.19158935546875,1126.065673828125,384.2091064453125,1076.432861328125,366.51629638671875,1111.44677734375,379.375,1087.064453125,378.465576171875,1128.490234375,413.7230529785156,1076.281982421875,413.55853271484375,1127.0086669921875,446.32318115234375,1056.61572265625,447.8931884765625
1111.4888916015625,316.58782958984375,1114.88525390625,313.3157958984375,1108.69189453125,312.5765380859375,1119.0030517578125,315.4678955078125,1102.120849609375,313.3882141113281,1119.448974609375,335.47393798828125,1088.69482421875,332.4613037109375,1117.1070556640625,360.46337890625,1072.302734375,354.1392822265625,1114.70263671875,381.70947265625,1071.3846435546875,375.324951171875,1105.936767578125,378.4571533203125,1083.1754150390625,377.49176025390625,1120.558349609375,413.3521728515625,1071.089599609375,413.19427490234375,1118.5645751953125,447.1893310546875,1052.467041015625,449.3368835449219
1112.8505859375,319.5524597167969,1115.45751953125,316.1691589355469,1109.392333984375,315.8426818847656,1117.012451171875,317.9715270996094,1101.2164306640625,316.66790771484375,1115.208740234375,336.8924255371094,1088.403564453125,334.55426025390625,1112.988525390625,359.468505859375,1071.10693359375,354.217529296875,1110.316162109375,377.6977844238281,1068.90185546875,373.77447509765625,1101.05517578125,378.8227844238281,1081.299560546875,377.82672119140625,1111.193359375,414.0121765136719,1067.763916015625,413.8485107421875,1107.4915771484375,448.3027038574219,1046.8597412109375,451.2084045410156
1107.1851806640625,324.9472961425781,1110.3377685546875,321.6324462890625,1104.1513671875,321.17022705078125,1113.9259033203125,323.3097229003906,1097.3704833984375,321.96746826171875,1115.519287109375,340.83392333984375,1085.2750244140625,339.3902587890625,1112.6884765625,364.1983337402344,1070.643798828125,362.51568603515625,1102.21044921875,379.0963439941406,1070.4903564453125,382.910888671875,1103.0040283203125,380.47015380859375,1080.68994140625,379.6043701171875,1109.7081298828125,415.32269287109375,1062.3182373046875,415.1717529296875,1107.007080078125,450.6748046875,1045.2005615234375,452.6426696777344
1103.377197265625,328.19647216796875,1106.0928955078125,324.7520751953125,1100.209228515625,324.4684143066406,1108.8148193359375,326.10589599609375,1093.09814453125,325.076171875,1110.507080078125,343.5976867675781,1080.9686279296875,342.0244140625,1107.9835205078125,368.0677490234375,1066.80712890625,365.8744812011719,1100.373046875,386.94720458984375,1065.0804443359375,390.8048400878906,1098.55712890625,381.3897705078125,1076.4481201171875,380.44091796875,1108.418701171875,416.1226501464844,1057.652587890625,415.5839538574219,1107.064697265625,450.98431396484375,1039.4456787109375,452.6234436035156
1093.9462890625,330.26885986328125,1097.3427734375,326.6268310546875,1090.430908203125,326.3784484863281,1102.09521484375,327.8974609375,1083.591796875,327.15338134765625,1105.497802734375,346.03857421875,1073.352783203125,344.0591735839844,1100.59033203125,371.7869873046875,1059.1881103515625,367.70501708984375,1085.9940185546875,391.6150817871094,1055.51806640625,392.27008056640625,1094.10205078125,381.73577880859375,1069.684814453125,380.280517578125,1105.515869140625,416.067626953125,1049.14794921875,414.6656799316406,1108.148681640625,452.04510498046875,1033.467529296875,451.53167724609375
1088.884765625,328.4769287109375,1091.9906005859375,324.8564453125,1085.2890625,324.5089416503906,1095.651611328125,325.83160400390625,1077.2099609375,324.7069396972656,1099.4483642578125,343.74713134765625,1064.1114501953125,342.1018981933594,1099.49267578125,369.37451171875,1050.174072265625,366.220703125,1089.410400390625,394.25994873046875,1045.1790771484375,394.11322021484375,1087.84765625,382.2098693847656,1061.3135986328125,381.2467346191406,1102.0914306640625,416.8257751464844,1043.18310546875,416.3828125,1109.201416015625,452.65966796875,1030.7589111328125,454.64764404296875
1081.191650390625,326.8968811035156,1084.489990234375,323.5411376953125,1078.4722900390625,322.9385070800781,1088.844970703125,324.944091796875,1071.9931640625,323.43780517578125,1093.8507080078125,343.4560241699219,1058.004638671875,341.05914306640625,1096.69140625,370.1254577636719,1043.13232421875,365.8964538574219,1088.77490234375,399.5115966796875,1040.52783203125,398.02972412109375,1082.128173828125,382.6845703125,1055.3052978515625,381.3935852050781,1098.51953125,418.30841064453125,1038.2904052734375,417.391357421875,1107.9383544921875,453.9532470703125,1028.141845703125,454.75390625
1079.564697265625,326.6249694824219,1082.3330078125,323.0030517578125,1076.1123046875,322.5922546386719,1084.541259765625,323.8306884765625,1067.630615234375,322.4914855957031,1088.248291015625,341.9082336425781,1052.7618408203125,340.0347900390625,1091.7646484375,369.7352600097656,1039.351806640625,365.2949523925781,1089.19677734375,401.61431884765625,1037.10107421875,394.3538818359375,1077.915283203125,382.39007568359375,1051.99951171875,381.7713623046875,1092.146728515625,418.607666015625,1038.86474609375,419.01409912109375,1101.06396484375,451.42486572265625,1031.674072265625,454.875732421875
1073.1158447265625,324.4133605957031,1077.05615234375,320.448974609375,1069.7022705078125,319.63616943359375,1081.5811767578125,321.7967834472656,1062.67724609375,319.27813720703125,1085.4815673828125,340.8240966796875,1049.9935302734375,337.2669982910156,1089.7939453125,369.0288391113281,1033.53125,362.76129150390625,1088.67822265625,394.4393310546875,1033.508544921875,390.8519287109375,1073.532958984375,384.3890075683594,1049.13818359375,383.0570983886719,1086.3076171875,416.4745788574219,1041.3646240234375,415.61541748046875,1085.601318359375,456.324462890625,1032.3302001953125,455.1920471191406
1072.682861328125,321.22088623046875,1075.5189208984375,317.6791687011719,1069.293212890625,317.1770324707031,1078.486328125,319.466552734375,1061.31640625,317.8926086425781,1083.461181640625,340.28399658203125,1046.6826171875,337.1765441894531,1088.115478515625,367.91107177734375,1029.884521484375,361.42718505859375,1088.030517578125,397.0580749511719,1029.056884765625,391.472900390625,1074.0616455078125,382.9903564453125,1048.11572265625,382.11077880859375,1085.14013671875,420.6240234375,1036.6558837890625,419.72503662109375,1086.6201171875,456.7086181640625,1028.17431640625,456.9205322265625
1072.68798828125,321.489501953125,1074.811767578125,317.8573913574219,1068.9384765625,317.40130615234375,1075.424560546875,319.2618408203125,1059.376220703125,317.6153259277344,1080.6375732421875,338.7505187988281,1043.3626708984375,335.14984130859375,1088.8701171875,366.65545654296875,1024.846435546875,361.2426452636719,1089.3309326171875,396.9659729003906,1024.871826171875,398.196533203125,1070.7587890625,380.3246154785156,1044.77099609375,379.04656982421875,1083.321044921875,420.34930419921875,1033.6513671875,418.15460205078125,1083.0654296875,457.20941162109375,1024.634521484375,455.0358581542969
1065.86083984375,323.15521240234375,1069.033203125,319.347412109375,1063.026611328125,318.888427734375,1072.5780029296875,320.41986083984375,1057.266845703125,318.8848876953125,1078.5390625,338.82318115234375,1043.0006103515625,336.87237548828125,1088.3001708984375,363.9696044921875,1024.734619140625,361.25701904296875,1092.906005859375,388.203125,1024.119384765625,387.6456298828125,1066.353271484375,385.86993408203125,1041.922607421875,385.1895446777344,1080.037109375,423.79595947265625,1028.841552734375,423.51275634765625,1082.7835693359375,460.94140625,1017.986083984375,461.0333251953125
1063.994384765625,327.7590637207031,1067.156494140625,324.07696533203125,1061.431396484375,323.5802307128906,1070.815185546875,325.00408935546875,1055.972900390625,323.339111328125,1075.3018798828125,342.43438720703125,1042.62646484375,340.2623291015625,1085.2052001953125,365.81365966796875,1023.7572021484375,362.8049011230469,1092.4765625,387.899658203125,1020.3558349609375,387.2403564453125,1062.25439453125,387.37225341796875,1039.9161376953125,386.5443420410156,1074.887451171875,425.2772216796875,1028.021484375,424.90533447265625,1080.4608154296875,461.5776672363281,1019.56982421875,461.53411865234375
1062.31591796875,331.10284423828125,1065.3016357421875,327.76959228515625,1058.603271484375,327.26202392578125,1067.640869140625,328.59307861328125,1049.9373779296875,327.0805969238281,1072.73583984375,346.85552978515625,1035.8717041015625,344.76153564453125,1083.625732421875,370.38995361328125,1018.9525146484375,370.1560363769531,1091.2750244140625,393.5723876953125,1014.0283203125,405.0685729980469,1062.3865966796875,392.79345703125,1035.044921875,391.35845947265625,1078.9931640625,434.78118896484375,1016.9534912109375,432.2320556640625,1085.6033935546875,472.08367919921875,998.6622314453125,468.5511474609375
1051.9019775390625,338.8769836425781,1055.3677978515625,335.2605895996094,1048.9957275390625,334.8431091308594,1061.2635498046875,335.6232604980469,1043.62158203125,334.4522705078125,1069.8299560546875,354.3287353515625,1031.997314453125,352.7349853515625,1080.482421875,376.8477783203125,1017.5769653320312,376.957275390625,1088.43359375,400.77899169921875,1010.4358520507812,408.764892578125,1059.9630126953125,401.1543273925781,1031.279541015625,399.4571228027344,1076.19091796875,438.59552001953125,1007.4539794921875,436.1947021484375,1085.5167236328125,475.6429138183594,989.0308837890625,472.541748046875
1052.0791015625,343.3532409667969,1055.5218505859375,339.7958679199219,1048.713623046875,339.41973876953125,1060.652587890625,341.14892578125,1042.4378662109375,340.03070068359375,1069.200927734375,361.283447265625,1030.2086181640625,358.9744873046875,1079.3765869140625,385.01025390625,1015.4360961914062,382.23724365234375,1088.03076171875,411.3525695800781,1005.4832153320312,413.8186340332031,1059.7384033203125,406.5385437011719,1029.812255859375,404.42181396484375,1076.4764404296875,440.9861755371094,1002.1320190429688,438.232177734375,1086.8046875,476.37872314453125,982.02880859375,473.0847473144531
1042.153564453125,349.489013671875,1045.35791015625,345.74298095703125,1038.2525634765625,345.63958740234375,1051.398193359375,346.680419921875,1031.634033203125,346.2220153808594,1061.0362548828125,367.7053527832031,1023.1864013671875,365.4062805175781,1072.2283935546875,392.38433837890625,1007.028076171875,387.5052795410156,1072.6610107421875,415.6278991699219,999.195556640625,414.0489501953125,1055.3863525390625,412.4464416503906,1026.479248046875,410.63946533203125,1072.732177734375,442.67877197265625,995.7177734375,439.8985290527344,1082.733642578125,478.3150634765625,973.961669921875,474.40185546875
1031.670654296875,350.3855895996094,1035.23681640625,346.612548828125,1027.8348388671875,346.5871276855469,1041.8734130859375,348.043212890625,1022.8702392578125,347.8225402832031,1053.547119140625,369.46636962890625,1015.9766845703125,366.75457763671875,1063.34765625,393.57586669921875,998.676513671875,387.15850830078125,1062.5487060546875,413.25054931640625,982.4382934570312,410.97344970703125,1050.5968017578125,415.3980712890625,1020.92724609375,412.6912841796875,1068.286865234375,442.506591796875,990.428466796875,438.54071044921875,1084.0689697265625,480.4584045410156,969.9673461914062,474.0548400878906
1018.39111328125,350.2614440917969,1022.397216796875,346.57611083984375,1015.2079467773438,346.13922119140625,1029.2003173828125,348.5787353515625,1011.5845947265625,347.5621032714844,1041.9937744140625,370.98516845703125,1002.8961181640625,367.53387451171875,1053.357666015625,397.47906494140625,989.303466796875,388.62115478515625,1050.1341552734375,418.283203125,974.2853393554688,406.06927490234375,1039.416259765625,420.0145568847656,1007.7863159179688,417.15325927734375,1058.359130859375,444.03436279296875,976.7767333984375,440.8655090332031,1085.095947265625,483.4847717285156,965.65966796875,478.76953125
1004.2698974609375,351.9520263671875,1007.2648315429688,348.49658203125,1000.96435546875,348.1147155761719,1012.4811401367188,349.5634765625,995.3992919921875,348.64019775390625,1021.728759765625,369.20635986328125,989.5116577148438,367.33642578125,1037.0069580078125,395.6276550292969,973.9466552734375,385.2790832519531,1040.375,419.6100769042969,957.2514038085938,400.5556640625,1029.14453125,415.58966064453125,1002.3374633789062,416.1290588378906,1054.09033203125,443.533203125,970.6345825195312,444.50579833984375,1091.0673828125,481.91925048828125,959.993408203125,483.5001525878906
988.3216552734375,353.9207763671875,991.6268310546875,350.48577880859375,985.5697021484375,350.1519775390625,998.787841796875,351.2496643066406,981.59423828125,350.59283447265625,1008.6820678710938,369.3474426269531,977.62451171875,368.2509765625,1022.3051147460938,394.3777770996094,965.083251953125,386.58038330078125,1024.173828125,416.1882019042969,956.5009765625,400.1640930175781,1014.4534912109375,414.484130859375,988.31982421875,415.2406005859375,1042.9658203125,444.3446044921875,961.15576171875,445.21490478515625,1081.6678466796875,482.240966796875,952.3522338867188,483.09185791015625
971.10302734375,354.0055847167969,974.5047607421875,349.8137512207031,967.7255859375,349.6701965332031,981.2173461914062,351.09100341796875,965.3533935546875,350.8233642578125,990.26513671875,370.65625,965.6240234375,371.3748779296875,1010.6013793945312,395.5714111328125,960.2615966796875,393.2752685546875,1011.2039794921875,419.43243408203125,949.4422607421875,410.6465148925781,1002.5457763671875,415.2175598144531,981.3286743164062,417.1066589355469,1022.4752197265625,442.34173583984375,957.070556640625,445.05255126953125,1057.81396484375,481.0326232910156,953.389404296875,484.05682373046875
958.2855834960938,355.5782775878906,962.5030517578125,351.7088928222656,955.89892578125,351.4241638183594,970.3607177734375,352.5019226074219,955.5437622070312,352.1319580078125,977.4310913085938,373.1759948730469,956.7969970703125,372.93353271484375,992.1298828125,400.73468017578125,950.3046875,395.816162109375,996.4779052734375,425.61798095703125,939.39453125,410.87506103515625,987.2796630859375,421.03387451171875,969.523681640625,420.78765869140625,1004.2890014648438,445.26434326171875,948.6908569335938,445.58135986328125,1034.8050537109375,481.6178283691406,943.6719360351562,482.279052734375
940.3148803710938,357.83245849609375,944.435546875,354.05389404296875,939.044189453125,353.4398193359375,954.8748779296875,354.8621520996094,942.6655883789062,353.3520812988281,964.0872802734375,372.7720947265625,948.122314453125,371.8891296386719,974.990966796875,397.7037048339844,941.3740234375,395.97454833984375,976.068115234375,422.035888671875,928.1244506835938,414.9578857421875,977.4812622070312,420.1607666015625,969.4022216796875,419.0963134765625,953.0275268554688,447.71044921875,953.317626953125,447.49542236328125,959.7493286132812,484.7547607421875,966.8572998046875,484.1272888183594
931.671630859375,361.4989929199219,934.1795654296875,357.23663330078125,929.6600341796875,357.7762756347656,942.9429931640625,357.179443359375,928.7349853515625,358.69427490234375,955.97216796875,375.5419006347656,938.0325927734375,376.357177734375,959.042724609375,401.9249267578125,929.8447265625,399.54998779296875,951.0012817382812,420.91217041015625,911.677978515625,417.5093994140625,973.0892333984375,420.12176513671875,959.8436279296875,419.8032531738281,966.0510864257812,448.44232177734375,943.8756103515625,447.56414794921875,983.10595703125,486.25775146484375,951.2334594726562,483.6285400390625
922.029296875,366.232177734375,924.5152587890625,361.47637939453125,919.24267578125,362.53387451171875,932.6632690429688,360.6048889160156,919.2478637695312,363.2150573730469,943.4754638671875,377.940185546875,928.8555908203125,380.1014404296875,939.0404663085938,405.31951904296875,919.908203125,405.22845458984375,926.8771362304688,425.4716796875,905.365234375,424.76348876953125,963.8237915039062,424.1865234375,953.2201538085938,424.49627685546875,948.4824829101562,450.2193603515625,938.7100830078125,449.8861083984375,961.037109375,487.9013671875,949.188232421875,485.872802734375
911.2542724609375,366.214599609375,913.4066162109375,360.9985656738281,908.488525390625,362.5756530761719,923.0776977539062,359.1263122558594,908.008544921875,363.0718688964844,936.04345703125,375.9979248046875,919.565673828125,379.10064697265625,928.113037109375,400.6649169921875,907.1114501953125,400.3087463378906,905.259521484375,415.891845703125,884.8130493164062,415.0244140625,958.15771484375,424.2160949707031,946.1650390625,424.96343994140625,944.4210205078125,456.53515625,940.894775390625,456.5803527832031,956.6577758789062,492.10858154296875,953.7537231445312,489.4632568359375
901.6650390625,367.23388671875,904.315185546875,362.2818603515625,900.0367431640625,363.6512451171875,915.1309204101562,361.2442932128906,901.1981201171875,364.7913818359375,924.52392578125,379.8212890625,912.3821411132812,381.9755859375,910.54296875,403.1091613769531,895.1341552734375,400.73565673828125,882.6387939453125,410.0809020996094,866.9154052734375,408.49053955078125,939.4808349609375,430.41436767578125,929.8185424804688,430.5909118652344,928.5989990234375,466.5147399902344,924.4378662109375,466.3892822265625,942.2763061523438,504.940185546875,935.3475952148438,501.91021728515625
890.6713256835938,366.8859558105469,893.1399536132812,363.13623046875,891.6568603515625,363.2757568359375,903.8221435546875,363.12506103515625,897.541015625,363.79443359375,916.9781494140625,380.24786376953125,908.9296875,379.56854248046875,912.3616943359375,409.8342590332031,898.7953491210938,404.20379638671875,890.7742309570312,424.24658203125,877.2244873046875,418.85479736328125,930.262451171875,429.841552734375,924.2489013671875,428.349609375,911.8994750976562,459.38800048828125,910.2840576171875,457.90673828125,929.6802978515625,500.637939453125,927.2698974609375,496.946533203125
884.119384765625,367.3301696777344,887.7811279296875,362.9832458496094,881.8687133789062,363.1787109375,897.4595947265625,363.407470703125,882.18505859375,363.9456787109375,904.9352416992188,383.88751220703125,888.6428833007812,382.885498046875,903.2574462890625,413.1041564941406,871.4893798828125,398.2612609863281,881.9811401367188,438.38165283203125,847.8797607421875,401.70574951171875,918.888427734375,434.1579895019531,912.8170166015625,433.5885009765625,890.5220947265625,466.8685302734375,912.147705078125,468.0378112792969,892.071044921875,505.48382568359375,935.1410522460938,506.7988586425781
874.24658203125,372.4598693847656,877.0189208984375,368.11663818359375,873.0587768554688,367.6568298339844,884.673583984375,368.69427490234375,880.3277587890625,367.04400634765625,892.9927368164062,388.2574768066406,891.063720703125,386.7080078125,894.5914306640625,417.5484924316406,888.7117309570312,415.2541809082031,878.6019287109375,436.5126953125,875.703369140625,434.61993408203125,909.8934326171875,436.9378967285156,914.9701538085938,436.4215393066406,877.222412109375,475.4131164550781,923.9196166992188,475.1815185546875,864.1005249023438,511.96954345703125,946.85107421875,509.9649658203125
863.0088500976562,379.203857421875,865.2711181640625,374.83489990234375,863.6764526367188,375.147216796875,874.7254028320312,374.092529296875,870.4293212890625,374.9111022949219,883.2392578125,392.4745788574219,883.7825927734375,392.0775146484375,878.6837768554688,423.42572021484375,876.716552734375,419.36944580078125,862.421875,444.1766052246094,853.7246704101562,438.57135009765625,894.4158935546875,445.9292907714844,897.0380859375,444.775634765625,871.2793579101562,483.70098876953125,894.611328125,482.6435546875,865.95703125,519.2425537109375,900.601806640625,516.139404296875
853.8312377929688,383.0495910644531,857.8140869140625,378.308349609375,851.412841796875,378.2771301269531,869.4554443359375,379.7505798339844,856.3231201171875,379.2014465332031,875.8067626953125,402.9597473144531,868.5210571289062,400.6623229980469,866.20166015625,432.18865966796875,863.833984375,428.4511413574219,841.1149291992188,449.0539855957031,841.215576171875,448.70074462890625,886.1010131835938,455.31597900390625,888.07275390625,452.87835693359375,859.0645751953125,493.8658447265625,907.46728515625,490.48651123046875,832.9821166992188,528.3479614257812,924.71630859375,520.1134033203125
841.9744262695312,391.23443603515625,845.8848266601562,387.0478820800781,840.97119140625,386.547119140625,858.4872436523438,388.5076904296875,848.0128784179688,386.8836364746094,866.5067138671875,410.2388916015625,859.2493896484375,407.1761169433594,855.0280151367188,437.885986328125,850.7081298828125,433.42279052734375,825.7659912109375,450.09228515625,824.298583984375,449.4053649902344,876.4324951171875,463.1445007324219,879.2605590820312,460.36505126953125,848.1886596679688,499.31121826171875,900.9395141601562,495.73614501953125,820.191650390625,533.18798828125,920.082275390625,524.588623046875
835.5548095703125,404.40252685546875,838.2559204101562,399.5327453613281,835.193359375,400.5621643066406,849.01611328125,398.39508056640625,841.4801025390625,400.7077331542969,856.3572998046875,417.6376953125,853.5814208984375,418.67315673828125,838.8623046875,443.212158203125,832.96533203125,440.5604553222656,815.9752197265625,453.46771240234375,799.935546875,450.20904541015625,869.9144287109375,471.7275390625,869.215087890625,471.17596435546875,843.4074096679688,503.4597473144531,855.3524780273438,502.85638427734375,836.776123046875,538.7349243164062,853.3739013671875,535.7996826171875
824.2850341796875,407.71246337890625,826.88232421875,403.98345947265625,823.0944213867188,403.5054016113281,833.6572265625,405.5490417480469,828.09130859375,403.8357238769531,844.32470703125,425.54803466796875,833.1121826171875,422.0587463378906,836.4259643554688,452.68292236328125,818.9935913085938,443.96917724609375,805.605224609375,465.20697021484375,797.2386474609375,461.5958251953125,861.3074951171875,474.38800048828125,860.634765625,473.0735778808594,824.6489868164062,504.4510498046875,870.5679931640625,502.3081970214844,807.3895263671875,534.9471435546875,899.42626953125,529.61474609375
817.8095703125,417.8660888671875,821.58447265625,414.24517822265625,817.1376342773438,413.74786376953125,829.3917236328125,417.09564208984375,823.599853515625,415.6445617675781,835.9871826171875,437.61083984375,827.4044189453125,436.9481201171875,817.4566040039062,458.948974609375,812.286865234375,457.173095703125,784.8670654296875,468.56842041015625,790.0494384765625,468.6826171875,857.4444580078125,480.1874084472656,850.915771484375,479.031494140625,840.6614990234375,501.4176025390625,825.9425048828125,501.26617431640625,842.0330200195312,531.8690795898438,825.4080810546875,531.8446044921875
808.3070068359375,425.16473388671875,811.6737670898438,420.4945068359375,806.8038330078125,421.53314208984375,823.7294921875,419.897705078125,811.381591796875,422.60650634765625,834.7260131835938,438.22943115234375,823.828125,439.6795654296875,818.4326171875,463.9920959472656,805.7279663085938,461.8980712890625,790.804443359375,469.6077880859375,780.3592529296875,467.8451843261719,851.0575561523438,488.6721496582031,842.1384887695312,487.5747985839844,820.2962646484375,502.1005554199219,812.458251953125,500.80938720703125,828.4906005859375,539.2257080078125,818.8723754882812,536.0550537109375
802.2522583007812,429.1597595214844,804.77880859375,424.76287841796875,801.8596801757812,425.47247314453125,815.9441528320312,423.43365478515625,809.5108642578125,425.1964111328125,828.5070190429688,439.0224609375,822.7597045898438,439.68316650390625,817.8539428710938,464.4757080078125,809.4862060546875,462.71173095703125,793.377197265625,467.84771728515625,789.1571044921875,465.5482177734375,848.2294921875,487.45361328125,843.1533203125,486.2018737792969,816.8848876953125,502.6431884765625,814.9107666015625,501.3519287109375,823.0970458984375,540.31396484375,821.8336181640625,537.2820434570312
802.02490234375,426.3388366699219,804.1668701171875,421.6747741699219,801.2398681640625,422.29583740234375,814.806640625,420.4741516113281,807.1025390625,422.3969421386719,829.8631591796875,437.03533935546875,820.1724243164062,438.17181396484375,832.175048828125,465.3349914550781,818.214111328125,464.9883728027344,816.6641845703125,484.717529296875,807.3074951171875,481.99310302734375,847.3089599609375,482.35260009765625,840.1971435546875,481.41998291015625,822.099365234375,501.48760986328125,817.38818359375,500.26336669921875,823.68408203125,539.402099609375,821.2952270507812,536.8035278320312
805.6002197265625,421.82037353515625,808.1922607421875,417.44512939453125,805.0438232421875,417.5576477050781,817.914306640625,416.6475830078125,809.1837158203125,417.09649658203125,829.7864990234375,433.57940673828125,821.3893432617188,433.75823974609375,836.8079223632812,460.57373046875,823.3248291015625,459.0412902832031,833.1607666015625,485.18701171875,813.358154296875,480.29644775390625,845.6343383789062,478.0675048828125,841.2470703125,477.4287414550781,826.6459350585938,506.79498291015625,832.1868896484375,505.74591064453125,825.7058715820312,540.4224853515625,837.810546875,537.7537231445312
808.59912109375,415.73828125,811.6732177734375,411.29205322265625,806.1519775390625,411.76324462890625,822.4859619140625,412.6919860839844,807.8211669921875,413.5053405761719,834.2021484375,433.07806396484375,817.5628051757812,435.65228271484375,843.9622192382812,460.5433349609375,824.1517333984375,464.1937255859375,842.230224609375,482.7235107421875,830.4774169921875,480.26123046875,848.6412353515625,479.4849853515625,840.43505859375,480.5330810546875,826.2002563476562,501.65325927734375,833.0936279296875,503.1163330078125,808.7845458984375,539.0570068359375,832.9744873046875,539.6110229492188
815.56201171875,408.59979248046875,818.2978515625,404.31317138671875,812.5689697265625,404.65496826171875,827.1198120117188,406.7373962402344,812.677490234375,407.07403564453125,838.5758056640625,427.3541259765625,820.1854248046875,429.260009765625,856.1053466796875,456.0991516113281,826.9345092773438,458.61419677734375,851.6214599609375,479.05938720703125,827.778564453125,476.82452392578125,854.20166015625,473.3922119140625,840.4901733398438,473.6986083984375,849.715576171875,498.6869201660156,819.914794921875,499.8193359375,848.5607299804688,538.2949829101562,803.6234130859375,540.0784301757812
818.8453369140625,400.5009765625,821.0316162109375,395.934814453125,816.6835327148438,396.8837585449219,830.1639404296875,395.58819580078125,816.4531860351562,398.7472229003906,843.9637451171875,413.391845703125,824.1685180664062,416.0003662109375,849.4652099609375,436.09466552734375,824.838134765625,437.7244873046875,831.7366943359375,440.875244140625,821.948974609375,439.5965576171875,850.6197509765625,463.4290771484375,836.4948120117188,463.427734375,837.7139892578125,497.7333984375,819.71875,497.05462646484375,833.361328125,536.2469482421875,812.888916015625,534.97607421875
826.293212890625,392.635986328125,829.5948486328125,388.3984680175781,823.095458984375,388.4120178222656,838.1173095703125,390.00323486328125,820.852783203125,389.9336242675781,849.3037109375,409.78021240234375,823.9510498046875,411.5514221191406,868.718994140625,436.8458251953125,823.1744384765625,441.13311767578125,868.0106201171875,461.0951843261719,822.20654296875,464.5076904296875,853.6962890625,455.250732421875,840.0673828125,455.42877197265625,830.59375,494.1573486328125,833.6156005859375,494.6813049316406,811.3680419921875,533.7352905273438,828.62548828125,533.2412109375
832.795654296875,385.359375,836.16064453125,381.26287841796875,829.8184204101562,381.32281494140625,844.8060302734375,382.6263427734375,827.1259765625,382.93511962890625,857.8533935546875,402.358642578125,826.6256103515625,404.93560791015625,880.362548828125,425.6810302734375,823.6947021484375,433.337890625,886.4588623046875,452.3899841308594,821.664306640625,460.11077880859375,856.927001953125,449.2856140136719,839.326171875,449.49285888671875,835.9332275390625,490.712158203125,830.746826171875,491.08416748046875,820.1168212890625,531.0033569335938,829.2240600585938,530.3126220703125
843.220458984375,377.943603515625,845.5742797851562,373.0238342285156,839.58251953125,374.23504638671875,852.7391967773438,372.56072998046875,835.324951171875,376.18450927734375,864.97900390625,390.9923400878906,833.7182006835938,395.45306396484375,882.3502197265625,413.7640686035156,830.0949096679688,421.414306640625,881.1881103515625,434.4453125,830.593017578125,437.437255859375,861.0728759765625,442.9874267578125,841.836181640625,444.2084655761719,852.0054931640625,482.36968994140625,836.8338623046875,483.07073974609375,844.43310546875,522.253173828125,832.5118408203125,523.1207885742188
848.988525390625,374.06951904296875,852.5505981445312,370.3865966796875,845.605712890625,370.3553466796875,859.6412353515625,372.19793701171875,841.729736328125,372.19171142578125,870.0721435546875,391.61492919921875,837.319580078125,393.66522216796875,889.7407836914062,410.133056640625,831.0807495117188,420.34503173828125,888.0778198242188,417.32952880859375,832.92529296875,444.0859680175781,864.5654296875,442.79058837890625,845.0626220703125,442.7549743652344,852.279296875,484.0892333984375,837.716064453125,482.82147216796875,846.1986694335938,524.1692504882812,840.982177734375,521.0121459960938
857.9456176757812,371.0016174316406,860.807373046875,367.06280517578125,854.224365234375,367.42962646484375,866.408203125,367.82421875,848.9943237304688,368.625732421875,877.7362060546875,386.1583557128906,842.375732421875,387.90472412109375,895.9647216796875,406.9468994140625,834.6176147460938,412.9449462890625,898.0654296875,426.35418701171875,838.0299072265625,436.8946838378906,872.801513671875,436.7113952636719,851.497314453125,436.72357177734375,860.5208740234375,478.9019775390625,843.521728515625,478.51953125,851.3729248046875,522.6026000976562,845.5728149414062,521.517333984375
863.6690673828125,366.36077880859375,866.9987182617188,362.510986328125,860.228515625,362.60577392578125,873.913818359375,362.99761962890625,855.0047607421875,363.35382080078125,885.8856201171875,381.02215576171875,847.9194946289062,382.36669921875,901.531982421875,404.4176025390625,839.792724609375,408.5561828613281,902.0186767578125,427.72650146484375,839.717041015625,437.84295654296875,879.6688232421875,430.2010498046875,856.056640625,430.3238525390625,870.9764404296875,474.2646789550781,847.735595703125,474.01904296875,864.4337158203125,520.1818237304688,849.4202880859375,519.5
872.876708984375,360.5943603515625,876.0075073242188,355.66204833984375,868.6898803710938,356.27191162109375,882.2249755859375,356.076904296875,862.4871826171875,357.9039001464844,891.9949951171875,376.33026123046875,855.6844482421875,378.3478088378906,905.0218505859375,402.875244140625,845.5810546875,405.8130798339844,903.1566162109375,428.07440185546875,847.12353515625,429.3648681640625,885.1327514648438,431.42938232421875,861.478515625,431.9088134765625,885.0803833007812,474.21636962890625,854.182373046875,474.3606262207031,880.423583984375,514.4854736328125,847.6257934570312,514.8128662109375
880.4368896484375,354.1846618652344,883.885986328125,350.11712646484375,876.755615234375,350.26605224609375,890.647705078125,350.531494140625,871.1318359375,350.9405822753906,900.438232421875,370.46844482421875,863.831298828125,371.52703857421875,911.3934326171875,395.90374755859375,854.117919921875,398.62725830078125,914.8314208984375,423.5737609863281,852.064453125,427.25311279296875,895.258056640625,423.2300720214844,871.5936279296875,423.35687255859375,894.6605224609375,466.7403564453125,862.484130859375,466.8910217285156,893.5098266601562,511.23980712890625,860.4391479492188,511.3924560546875
888.82177734375,352.5426025390625,892.0439453125,348.1344909667969,885.4666748046875,348.2059326171875,896.8087158203125,349.112548828125,880.1729736328125,349.2523498535156,905.3065795898438,370.0690612792969,871.5562744140625,370.4424133300781,916.5355224609375,397.47271728515625,858.7208862304688,398.0869445800781,920.6505126953125,425.9686279296875,858.2268676757812,426.4281005859375,900.6849365234375,422.39532470703125,878.26611328125,422.55255126953125,909.47216796875,466.2325439453125,869.1370849609375,466.43865966796875,912.0302734375,508.17919921875,862.43212890625,508.39434814453125
899.5283203125,351.3482666015625,902.9880981445312,347.03057861328125,895.88916015625,346.8179626464844,906.347412109375,348.6059875488281,889.7373046875,347.7069396972656,911.2432250976562,369.8356018066406,878.5464477539062,369.04290771484375,919.7034912109375,397.6524353027344,864.8631591796875,396.8427734375,925.0208740234375,421.77117919921875,866.662109375,422.549072265625,906.486083984375,422.13348388671875,884.2728271484375,422.3103332519531,920.1853637695312,464.8707275390625,876.9766845703125,465.00396728515625,925.6273193359375,507.741455078125,871.6103515625,508.0260009765625
907.4742431640625,351.01605224609375,910.6825561523438,347.52081298828125,903.8179321289062,347.2692565917969,914.3596801757812,348.9156494140625,896.69482421875,348.133544921875,921.4024658203125,369.3688659667969,884.6021728515625,368.92340087890625,927.6216430664062,395.83074951171875,872.3347778320312,395.679931640625,928.4720458984375,422.1348876953125,871.1038818359375,423.81719970703125,918.681884765625,422.9081726074219,892.674072265625,422.9425048828125,931.6280517578125,465.52471923828125,883.201904296875,465.9260559082031,940.00830078125,503.3900146484375,879.4432373046875,504.96173095703125
913.7747802734375,352.0723876953125,917.1668701171875,348.71612548828125,910.4610595703125,348.27203369140625,921.2686767578125,350.70318603515625,903.656005859375,349.53021240234375,928.3824462890625,371.19635009765625,890.0421142578125,370.63238525390625,935.271728515625,398.112060546875,877.927734375,397.7344970703125,934.8642578125,424.1086120605469,879.8741455078125,422.9205322265625,925.0711669921875,423.4704895019531,897.037353515625,423.7301025390625,944.4998779296875,463.98907470703125,886.8245849609375,465.02496337890625,958.54443359375,502.2307434082031,883.0274047851562,504.85650634765625
924.5718383789062,357.42193603515625,927.5712890625,353.7840576171875,921.033203125,353.57794189453125,931.616943359375,354.7579650878906,913.7486572265625,353.9940490722656,938.005126953125,375.7479248046875,900.627685546875,373.2886962890625,945.9929809570312,405.20782470703125,885.21337890625,397.92608642578125,948.515869140625,438.1247863769531,888.3978271484375,422.31591796875,931.09912109375,425.6595458984375,903.3382568359375,425.0424499511719,956.039306640625,463.8717956542969,892.6756591796875,464.00372314453125,971.0839233398438,501.7008056640625,884.027587890625,503.62982177734375
934.6250610351562,359.18463134765625,937.5667724609375,355.6202087402344,931.045166015625,355.44720458984375,941.09814453125,356.354248046875,923.4375,355.7586669921875,946.8429565429688,376.1072998046875,910.2752685546875,375.3701477050781,953.47509765625,402.33935546875,894.7432861328125,399.6166076660156,953.686279296875,429.6776123046875,894.3462524414062,422.5388488769531,940.7092895507812,425.1387634277344,912.5919799804688,425.3419189453125,965.1741943359375,461.3290100097656,893.384765625,462.61688232421875,984.6300048828125,499.2528076171875,881.8342895507812,502.95465087890625
939.4575805664062,358.84429931640625,942.9493408203125,355.2122802734375,935.9962158203125,354.97723388671875,948.888427734375,356.3822937011719,929.606689453125,355.63037109375,955.43115234375,376.633544921875,919.3662109375,375.2877502441406,963.6988525390625,403.26104736328125,904.8475341796875,400.2744140625,964.4146728515625,430.9069519042969,907.3411865234375,425.32745361328125,948.492919921875,425.23345947265625,920.504638671875,424.7846374511719,971.360107421875,462.86798095703125,898.6063842773438,462.8193054199219,988.6390380859375,500.75274658203125,883.1453247070312,501.72076416015625
952.28173828125,360.0729675292969,955.4044189453125,356.45086669921875,948.4603271484375,356.203369140625,959.9503784179688,357.05938720703125,940.9947509765625,356.13714599609375,965.2236328125,376.56512451171875,930.9334716796875,375.0538330078125,974.1373291015625,402.1720275878906,916.8290405273438,400.1988830566406,975.577880859375,426.5673522949219,916.8558349609375,427.7313537597656,957.7124633789062,424.6114501953125,931.1676025390625,423.97235107421875,979.0836181640625,460.1759948730469,907.908447265625,459.3770751953125,991.3001708984375,498.44219970703125,888.0233154296875,498.13897705078125
957.739990234375,358.98370361328125,960.9878540039062,355.26776123046875,953.919677734375,355.2364196777344,966.219970703125,356.0393371582031,947.1199951171875,355.7009582519531,974.501220703125,376.084716796875,937.0635986328125,375.30914306640625,985.3916015625,402.8868408203125,923.1204833984375,401.37799072265625,987.4527587890625,429.83441162109375,921.903564453125,427.04168701171875,967.7008666992188,424.4382019042969,939.7255859375,423.3703308105469,983.533447265625,458.54229736328125,917.3026123046875,457.7520446777344,989.298095703125,497.3513488769531,897.0657348632812,496.9657287597656
965.00048828125,357.5010681152344,968.1744384765625,353.91455078125,961.2774658203125,353.8934326171875,973.6375122070312,354.6087646484375,954.634033203125,354.2941589355469,982.4849853515625,373.7192687988281,944.7840576171875,372.9621276855469,995.2197875976562,397.66876220703125,930.2700805664062,397.5612487792969,999.645263671875,420.380126953125,929.606689453125,422.6317138671875,973.9304809570312,422.429931640625,946.7142333984375,421.238525390625,984.614501953125,457.1619873046875,925.5062255859375,455.6866149902344,988.7779541015625,496.541015625,908.2188720703125,494.6505432128906
972.36962890625,355.1806640625,975.1019287109375,351.28399658203125,968.396484375,351.4200439453125,979.388671875,352.1268310546875,960.7245483398438,352.1949462890625,988.62353515625,371.986328125,949.4119262695312,371.1763916015625,999.7833251953125,395.0943603515625,931.4908447265625,393.180419921875,1002.9755859375,418.5146484375,933.5454711914062,417.0568542480469,981.3674926757812,418.4603271484375,953.189697265625,418.006103515625,989.2664794921875,455.271728515625,930.460693359375,454.3453674316406,990.7186279296875,497.3603515625,915.7919311523438,495.6708068847656
975.620849609375,350.93267822265625,978.6696166992188,346.6060791015625,971.824462890625,346.8153381347656,983.77392578125,347.8978271484375,965.87109375,348.5084228515625,992.8950805664062,367.80657958984375,956.2904663085938,368.281005859375,1007.0923461914062,390.0090637207031,939.6982421875,390.9187316894531,1011.7841796875,412.2349853515625,935.2230224609375,412.72137451171875,984.43505859375,416.48248291015625,959.341552734375,416.2830505371094,992.7939453125,452.16461181640625,939.8073120117188,451.81451416015625,991.9952392578125,489.2419738769531,924.1104736328125,489.3731689453125
981.910400390625,350.0591125488281,984.931884765625,345.6111145019531,978.0909423828125,345.6686096191406,989.214599609375,346.228271484375,971.455810546875,346.3146057128906,996.939208984375,365.05230712890625,960.2109375,365.0120544433594,1011.315673828125,386.16009521484375,943.5252685546875,386.66986083984375,1017.4833984375,407.8814697265625,938.8836669921875,408.3000183105469,987.2017822265625,410.60125732421875,962.3690185546875,410.451171875,998.0418701171875,445.93206787109375,947.75634765625,445.7315368652344,996.2208251953125,487.3037109375,932.615478515625,487.5233459472656
983.9781494140625,349.42120361328125,986.9822387695312,345.70623779296875,980.8646240234375,345.4710998535156,992.067626953125,345.9300537109375,974.1176147460938,345.3193359375,1000.6891479492188,364.01495361328125,961.5517578125,363.2544250488281,1013.3190307617188,383.99310302734375,943.653564453125,385.1717834472656,1021.4144287109375,404.8134765625,940.3502197265625,412.16680908203125,990.7706298828125,409.3955078125,963.2349243164062,409.0946960449219,1000.473876953125,447.56451416015625,947.4750366210938,446.605712890625,1001.5658569335938,490.50775146484375,936.077880859375,489.29083251953125
988.020751953125,351.4294738769531,990.9904174804688,347.63409423828125,985.7314453125,347.3812561035156,995.626220703125,347.9588928222656,981.5316162109375,347.0919189453125,1004.862060546875,364.716796875,969.186279296875,363.34228515625,1018.3108520507812,386.528564453125,946.292236328125,383.94384765625,1026.49462890625,408.72491455078125,937.6217651367188,407.68878173828125,993.7791137695312,409.5057678222656,969.3310546875,408.690673828125,1008.2601928710938,446.953369140625,951.203125,446.4227600097656,1014.8710327148438,485.63775634765625,939.2490234375,485.22088623046875
990.4293823242188,352.6837463378906,994.193115234375,348.91162109375,988.22705078125,348.24591064453125,999.8233642578125,349.75347900390625,984.0050048828125,347.77593994140625,1008.4398193359375,367.09295654296875,971.4904174804688,364.54449462890625,1020.9102172851562,389.49749755859375,948.9716796875,385.23773193359375,1028.7452392578125,412.49725341796875,940.3426513671875,410.1700744628906,996.295166015625,409.74981689453125,970.3222045898438,408.41015625,1015.62890625,446.5300598144531,950.7122802734375,445.62115478515625,1028.0213623046875,485.67498779296875,940.9156494140625,484.544677734375
993.4674682617188,356.46282958984375,996.6123046875,353.07586669921875,990.4063110351562,352.7073974609375,1001.5021362304688,353.40179443359375,983.9503784179688,352.7317199707031,1010.0264282226562,369.4232482910156,971.7474975585938,368.7489013671875,1023.6480712890625,391.70556640625,954.2332763671875,391.4390869140625,1029.8734130859375,410.3192138671875,950.6610717773438,414.9884948730469,1001.30322265625,409.96783447265625,972.1371459960938,410.29498291015625,1022.2457885742188,442.85540771484375,949.0914306640625,442.38861083984375,1037.4443359375,486.6964111328125,938.3758544921875,485.9165954589844
996.006591796875,362.0252380371094,998.9577026367188,358.59490966796875,993.417724609375,358.30413818359375,1005.385498046875,357.94659423828125,988.144775390625,357.18621826171875,1014.822509765625,373.6614074707031,977.7613525390625,373.03948974609375,1029.7613525390625,393.50750732421875,957.6937255859375,393.83380126953125,1034.5174560546875,412.26251220703125,948.0101318359375,417.5704650878906,1008.5347900390625,414.536376953125,980.1553955078125,414.5171813964844,1033.3408203125,445.8427734375,956.2780151367188,445.6309814453125,1052.817138671875,484.291748046875,939.5277099609375,484.8457946777344
997.1141357421875,368.98828125,999.8983154296875,365.4394226074219,994.174560546875,365.26507568359375,1005.97607421875,364.4248352050781,988.5413818359375,363.955322265625,1015.7747802734375,379.4114685058594,980.243896484375,379.0302429199219,1034.50390625,399.0806884765625,959.824951171875,397.7251281738281,1038.254638671875,418.375,947.1692504882812,419.5346374511719,1014.010009765625,418.9949951171875,986.5775756835938,419.27679443359375,1039.2496337890625,448.1142578125,961.7030639648438,448.32257080078125,1060.278564453125,484.802734375,943.9869384765625,485.7199401855469
996.6318969726562,374.126220703125,999.4976806640625,370.5740661621094,993.169189453125,370.4759521484375,1005.588134765625,370.428955078125,987.2908935546875,369.87677001953125,1013.7200927734375,387.362060546875,981.81982421875,385.241455078125,1032.0010986328125,408.2021484375,961.694091796875,400.50640869140625,1040.452392578125,429.5731201171875,947.5882568359375,419.62750244140625,1013.3492431640625,425.350830078125,988.5875244140625,424.83074951171875,1036.8424072265625,452.3407287597656,963.0803833007812,451.338134765625,1057.0167236328125,486.7677001953125,944.0408935546875,485.7618408203125
994.0394287109375,379.27410888671875,996.6624755859375,375.54864501953125,989.962646484375,375.8353271484375,1001.48583984375,375.2963562011719,983.4462890625,375.95770263671875,1011.3652954101562,391.55389404296875,976.8583374023438,390.5104064941406,1025.553955078125,412.4075927734375,958.570068359375,405.69366455078125,1029.19970703125,428.1843566894531,949.7188110351562,418.7598876953125,1013.0216674804688,429.15728759765625,985.540283203125,429.5777893066406,1035.72509765625,453.654296875,961.7259521484375,453.43035888671875,1052.0736083984375,488.1148681640625,944.2313232421875,486.8330078125
991.966796875,382.15216064453125,994.5258178710938,378.4488830566406,987.70751953125,378.8377990722656,999.0364379882812,378.0936584472656,980.83203125,378.9921875,1008.7276611328125,393.09576416015625,974.34814453125,393.68597412109375,1023.864990234375,411.1659851074219,957.8133544921875,409.368408203125,1028.634765625,423.3505859375,952.2061157226562,420.8852233886719,1012.0484619140625,430.29766845703125,984.5467529296875,431.6404724121094,1034.9483642578125,453.6012268066406,960.6990966796875,454.56219482421875,1051.1029052734375,487.26275634765625,942.535888671875,487.3484802246094
990.1477661132812,381.44622802734375,992.3912353515625,377.71392822265625,985.8931274414062,378.271728515625,996.5018920898438,377.1748046875,979.2097778320312,378.4736022949219,1007.0787963867188,391.8005676269531,972.858642578125,393.37664794921875,1022.73779296875,409.5806579589844,957.793701171875,410.60394287109375,1028.414306640625,420.34796142578125,953.5061645507812,422.966796875,1011.9385986328125,430.08331298828125,984.2493896484375,431.93701171875,1036.314697265625,454.5152893066406,959.8584594726562,455.8565368652344,1053.4393310546875,487.6683349609375,941.0150146484375,487.9381103515625
990.079833984375,377.7686767578125,992.6689453125,373.90130615234375,985.6829223632812,374.4612121582031,997.3884887695312,373.77410888671875,979.1387329101562,375.13629150390625,1006.947998046875,389.1619873046875,973.4361572265625,392.48468017578125,1023.5802612304688,409.1104431152344,965.5709838867188,415.715087890625,1029.203369140625,420.4862060546875,968.292236328125,432.5766906738281,1011.0518188476562,428.03704833984375,983.27001953125,430.913818359375,1038.2080078125,452.3211669921875,960.4609375,454.9593505859375,1054.33251953125,486.5904235839844,939.532958984375,488.9125671386719
992.295166015625,374.4602966308594,995.1717529296875,370.5315856933594,988.0578002929688,370.92315673828125,1000.4959716796875,370.3653259277344,981.849609375,371.3597412109375,1010.2630004882812,385.9389953613281,976.2500610351562,389.254150390625,1029.010009765625,407.2825927734375,972.88525390625,413.6463623046875,1033.61865234375,418.6786193847656,979.818359375,428.83251953125,1014.4638061523438,426.66900634765625,986.0128784179688,429.5776062011719,1040.7064208984375,449.705078125,962.8974609375,452.857177734375,1053.910400390625,485.030517578125,939.1092529296875,488.84747314453125
993.3462524414062,370.936279296875,996.478759765625,367.2197570800781,990.2411499023438,367.50567626953125,1004.58740234375,367.10498046875,986.396728515625,367.7152404785156,1017.0626220703125,382.2447509765625,982.7718505859375,385.64324951171875,1036.06494140625,399.05755615234375,974.43896484375,410.22943115234375,1041.916259765625,410.756591796875,971.0384521484375,429.7261962890625,1019.12548828125,426.0519104003906,991.894287109375,426.6032409667969,1040.947998046875,450.39825439453125,965.368896484375,450.7284851074219,1054.0238037109375,485.35125732421875,939.9029541015625,485.3026428222656
1000.3991088867188,366.02154541015625,1003.091064453125,361.9930419921875,996.5299072265625,362.86077880859375,1009.3954467773438,361.2552490234375,991.3170776367188,363.3695983886719,1021.0587158203125,376.9913635253906,986.4208984375,381.71209716796875,1042.086181640625,395.45452880859375,979.4044189453125,406.009521484375,1057.1656494140625,415.708984375,979.954345703125,424.42071533203125,1021.6924438476562,423.035888671875,994.4555053710938,424.4458923339844,1041.6224365234375,451.4570617675781,967.1199951171875,453.2628173828125,1051.351806640625,486.5419921875,939.3370971679688,488.2442321777344
1004.19482421875,362.54974365234375,1006.484619140625,358.38262939453125,1000.5118408203125,359.511962890625,1012.72119140625,356.7334899902344,995.972900390625,359.5758056640625,1026.0145263671875,371.322998046875,991.793212890625,377.5682373046875,1048.64794921875,388.73663330078125,987.0516357421875,402.5285339355469,1065.176513671875,410.66351318359375,988.774658203125,421.86083984375,1027.112548828125,418.7500305175781,1000.9625244140625,420.9100341796875,1043.79248046875,448.3626708984375,975.7578125,450.95635986328125,1053.129150390625,485.5897521972656,953.059814453125,487.90289306640625
1011.9358520507812,360.27099609375,1014.1788330078125,356.2908935546875,1008.0543212890625,357.07177734375,1019.6753540039062,355.56988525390625,1002.1572875976562,357.41815185546875,1031.21240234375,370.97210693359375,997.395751953125,375.4651794433594,1050.6558837890625,387.38031005859375,991.1298828125,399.6536865234375,1062.867431640625,406.85205078125,988.934814453125,423.7114562988281,1031.17919921875,416.0260009765625,1006.0541381835938,417.5052490234375,1048.5189208984375,448.7002258300781,987.8740234375,449.72869873046875,1056.576904296875,485.2166748046875,969.8952026367188,485.20281982421875
1016.9404296875,360.06805419921875,1019.6700439453125,356.36474609375,1013.3321533203125,356.689453125,1025.787841796875,356.48431396484375,1008.2261352539062,357.2310791015625,1036.97021484375,373.41796875,1002.9993896484375,375.29119873046875,1055.480712890625,393.07958984375,996.7066040039062,399.2763977050781,1063.661865234375,413.2596130371094,997.487548828125,424.7020263671875,1036.5142822265625,415.67425537109375,1011.9630126953125,416.30419921875,1053.5074462890625,444.66998291015625,998.015380859375,444.4085693359375,1062.72265625,482.88970947265625,987.2839965820312,481.1474304199219
1024.5888671875,362.81756591796875,1027.28369140625,359.179443359375,1021.0181884765625,359.49188232421875,1033.007568359375,359.4698486328125,1015.787109375,360.19073486328125,1043.3167724609375,376.3988342285156,1009.7250366210938,377.75518798828125,1060.197021484375,396.43267822265625,1001.3941650390625,399.2522277832031,1067.622314453125,418.1181640625,1003.5162963867188,418.6400146484375,1043.2655029296875,418.2981262207031,1019.2880859375,419.1629638671875,1059.2701416015625,448.0355529785156,1007.0858154296875,448.8318786621094,1071.7965087890625,487.3277893066406,1001.9669189453125,487.81744384765625
1034.98486328125,369.58447265625,1037.5404052734375,366.02996826171875,1031.8211669921875,366.0786437988281,1041.17431640625,366.72698974609375,1026.003173828125,366.8026428222656,1051.083740234375,383.43316650390625,1015.328369140625,383.2892761230469,1065.8558349609375,404.7525329589844,1004.0303955078125,403.5123596191406,1070.9383544921875,425.78399658203125,1007.6764526367188,419.29986572265625,1050.26904296875,426.0343322753906,1022.7401733398438,426.11309814453125,1073.3814697265625,453.75164794921875,1009.943115234375,454.0025939941406,1088.814453125,491.13507080078125,999.3385009765625,490.7220458984375
1046.376220703125,376.7835388183594,1048.9215087890625,373.48101806640625,1042.9281005859375,373.2953796386719,1052.057861328125,374.2466125488281,1035.92578125,373.63812255859375,1060.2567138671875,391.1234436035156,1025.43115234375,388.11553955078125,1074.4754638671875,412.53521728515625,1010.5775756835938,403.95501708984375,1077.518310546875,428.0797119140625,1012.081298828125,411.82196044921875,1058.8011474609375,431.0028076171875,1031.56494140625,429.68255615234375,1083.3143310546875,452.7257080078125,1015.7117919921875,451.1748962402344,1102.35986328125,490.71234130859375,1003.405029296875,488.37530517578125
1055.153076171875,381.80841064453125,1057.453369140625,378.57318115234375,1052.147216796875,378.4659118652344,1061.3951416015625,379.118408203125,1046.5286865234375,378.6650390625,1071.44873046875,397.0881042480469,1036.1502685546875,391.339599609375,1084.0263671875,420.06231689453125,1016.4332885742188,401.1869201660156,1088.48095703125,439.6513671875,1010.787353515625,403.4349060058594,1068.62744140625,436.5857849121094,1040.503173828125,433.69073486328125,1094.247314453125,459.96563720703125,1017.6333618164062,456.9810791015625,1115.6561279296875,494.89556884765625,1000.451904296875,491.427001953125
1069.0765380859375,388.27081298828125,1071.8134765625,385.18084716796875,1066.0777587890625,384.57489013671875,1076.787109375,385.25213623046875,1060.054443359375,383.011474609375,1084.770751953125,402.485595703125,1050.184814453125,392.4676513671875,1097.9898681640625,424.1611328125,1024.3917236328125,393.1614074707031,1104.9417724609375,445.5308532714844,1019.359375,393.217529296875,1079.947021484375,439.38568115234375,1052.4974365234375,435.01959228515625,1105.2998046875,464.7855224609375,1027.7950439453125,459.67498779296875,1127.46142578125,499.2289123535156,1007.8251342773438,493.36376953125
1085.91748046875,388.014892578125,1088.6695556640625,384.8533935546875,1081.8814697265625,384.30633544921875,1091.853759765625,385.76025390625,1073.634765625,383.84234619140625,1097.1932373046875,406.1326904296875,1063.11279296875,395.43408203125,1108.24853515625,429.744384765625,1035.7955322265625,395.76788330078125,1119.21142578125,455.9515686035156,1015.6627807617188,399.11956787109375,1087.09033203125,442.25079345703125,1060.132080078125,437.43524169921875,1114.531982421875,466.810546875,1033.42822265625,461.0431823730469,1137.862548828125,501.8004455566406,1013.3073120117188,494.9334716796875
1099.8438720703125,392.6534423828125,1102.58544921875,389.36773681640625,1095.8248291015625,388.5452880859375,1105.4110107421875,390.7471923828125,1087.147216796875,387.8560791015625,1108.898681640625,411.851806640625,1077.135986328125,398.3531799316406,1115.038330078125,434.37518310546875,1043.78125,393.8855895996094,1120.314208984375,458.6160888671875,1017.08740234375,398.9394836425781,1101.014892578125,447.4062194824219,1075.4476318359375,441.1284484863281,1122.13134765625,473.6044921875,1042.6160888671875,465.653564453125,1141.8753662109375,507.111083984375,1017.71875,497.0606689453125
1114.371337890625,403.3440856933594,1117.154052734375,400.0657653808594,1109.876220703125,399.45233154296875,1118.767578125,401.6009521484375,1100.329345703125,399.1833801269531,1120.64306640625,420.1121520996094,1090.6580810546875,408.3768310546875,1112.5107421875,438.25836181640625,1058.103759765625,406.0957946777344,1094.34130859375,448.84112548828125,1032.42041015625,409.2625732421875,1110.667724609375,453.8315734863281,1083.753173828125,446.8175354003906,1135.1785888671875,478.71990966796875,1047.7716064453125,469.8994445800781,1152.78369140625,512.4794921875,1012.0596313476562,501.2465515136719
1126.115234375,411.2154235839844,1128.954345703125,408.4877014160156,1122.9974365234375,406.3764953613281,1130.25048828125,408.96630859375,1113.0516357421875,402.6822509765625,1127.789306640625,428.178955078125,1099.175537109375,408.4254455566406,1136.36669921875,452.12933349609375,1062.024658203125,400.5414733886719,1140.10498046875,471.8045654296875,1033.427978515625,402.73443603515625,1110.339111328125,458.87286376953125,1086.1177978515625,449.81689453125,1139.618408203125,478.9712219238281,1056.002197265625,467.6071472167969,1157.301513671875,510.07769775390625,1021.922607421875,496.55133056640625
1135.6376953125,415.6372375488281,1138.4281005859375,413.0255126953125,1132.1729736328125,411.64935302734375,1140.0462646484375,413.5377502441406,1122.329833984375,408.89019775390625,1137.9595947265625,431.0604248046875,1109.673095703125,413.68597412109375,1147.8084716796875,457.47772216796875,1075.1707763671875,405.749267578125,1160.844970703125,478.7979736328125,1049.6090087890625,401.4689025878906,1117.4638671875,460.17486572265625,1093.6822509765625,451.6343994140625,1144.9747314453125,477.79644775390625,1063.0126953125,467.094482421875,1158.517578125,509.20147705078125,1024.529541015625,496.1734313964844
1143.007568359375,420.7333984375,1146.055419921875,417.9765930175781,1139.39794921875,416.70928955078125,1147.417724609375,419.5462646484375,1129.6943359375,415.43353271484375,1144.75244140625,437.3301086425781,1116.4078369140625,424.3466491699219,1155.028076171875,463.24798583984375,1088.1068115234375,428.1744689941406,1170.4600830078125,483.06231689453125,1074.225341796875,428.4403076171875,1122.206298828125,464.1123962402344,1098.640380859375,457.31561279296875,1146.605224609375,475.8968505859375,1067.9833984375,467.7315673828125,1155.87548828125,506.972900390625,1029.9432373046875,496.98291015625
1153.354736328125,421.49957275390625,1155.677734375,418.3779602050781,1150.3922119140625,417.5843505859375,1155.6455078125,418.8769226074219,1142.2686767578125,416.2392883300781,1149.95849609375,434.26226806640625,1131.44287109375,427.92181396484375,1156.6025390625,458.60528564453125,1132.0205078125,448.4687805175781,1168.3857421875,477.8493347167969,1151.1080322265625,467.5064392089844,1122.1749267578125,461.5615539550781,1103.38232421875,457.2218017578125,1147.66259765625,477.7823181152344,1073.4002685546875,471.82958984375,1152.393310546875,509.0694580078125,1034.5213623046875,502.20184326171875
1155.8458251953125,421.84356689453125,1158.6419677734375,418.37158203125,1152.4830322265625,417.60064697265625,1158.69921875,418.3563537597656,1143.72900390625,416.029052734375,1150.2939453125,432.9147033691406,1134.30078125,428.61212158203125,1159.10693359375,457.7662353515625,1141.810302734375,452.62139892578125,1169.989501953125,475.7593688964844,1163.2296142578125,473.852783203125,1120.2630615234375,458.8250427246094,1104.49169921875,455.86187744140625,1144.2408447265625,476.69757080078125,1086.4100341796875,472.577392578125,1146.87255859375,509.0914306640625,1056.376953125,505.8043212890625
1156.2969970703125,418.86639404296875,1159.058837890625,415.43402099609375,1152.37744140625,414.53424072265625,1159.0843505859375,415.78314208984375,1141.962646484375,412.902099609375,1152.59375,431.38787841796875,1131.4093017578125,424.03863525390625,1161.91015625,456.71722412109375,1122.59375,440.98516845703125,1169.829833984375,474.96942138671875,1129.264404296875,455.083984375,1126.468505859375,457.18524169921875,1108.604248046875,453.3450622558594,1149.8424072265625,474.5096435546875,1094.14892578125,469.350341796875,1158.5498046875,510.295166015625,1070.8677978515625,504.8963623046875
1152.630859375,414.1439208984375,1155.209716796875,410.8482971191406,1148.861083984375,410.10821533203125,1156.1812744140625,410.7047424316406,1138.96630859375,408.0405578613281,1152.5166015625,426.65679931640625,1127.3421630859375,418.4852294921875,1157.65380859375,453.0943908691406,1114.205810546875,435.052490234375,1159.5526123046875,469.91436767578125,1123.7701416015625,448.4048767089844,1127.305908203125,452.1767578125,1104.8485107421875,447.666015625,1153.8643798828125,471.86688232421875,1077.811767578125,465.5283203125,1167.8873291015625,511.1031494140625,1049.1390380859375,503.37109375
1148.978271484375,409.5819396972656,1151.34423828125,406.5665588378906,1146.1634521484375,405.4576721191406,1151.169921875,405.71685791015625,1136.66552734375,402.28631591796875,1145.73095703125,419.839111328125,1121.054931640625,412.147705078125,1151.7679443359375,447.30889892578125,1112.075439453125,432.27569580078125,1154.8900146484375,465.1430969238281,1125.269775390625,446.7538146972656,1114.66748046875,445.45428466796875,1092.3829345703125,441.3675842285156,1147.66943359375,467.69110107421875,1073.671875,462.54833984375,1158.2440185546875,507.9824523925781,1043.0634765625,502.8941345214844
1146.4638671875,401.92681884765625,1149.15478515625,398.7906188964844,1142.9847412109375,397.9430236816406,1150.56982421875,398.9449462890625,1133.1513671875,395.93023681640625,1147.911865234375,414.80853271484375,1118.122314453125,407.251953125,1150.78564453125,440.8764953613281,1104.5299072265625,427.07208251953125,1148.2481689453125,457.55438232421875,1118.2919921875,444.845703125,1119.59521484375,441.58502197265625,1094.153564453125,437.1947937011719,1146.330078125,467.86663818359375,1070.0093994140625,461.93115234375,1154.860107421875,509.7239685058594,1040.5894775390625,503.0581970214844
1140.755615234375,396.506103515625,1143.1688232421875,393.1570129394531,1136.70263671875,392.7268981933594,1144.4163818359375,393.4501647949219,1126.698486328125,391.4105529785156,1144.564453125,410.54949951171875,1113.006591796875,402.8203125,1145.78564453125,436.84527587890625,1089.968505859375,418.91510009765625,1145.97998046875,458.2032165527344,1089.5723876953125,437.8825378417969,1123.0855712890625,439.64801025390625,1097.50390625,435.143310546875,1142.8062744140625,469.21240234375,1069.949951171875,462.9412536621094,1151.5701904296875,511.2025451660156,1042.032958984375,503.0750732421875
1135.5462646484375,391.67120361328125,1138.267578125,388.376953125,1131.564697265625,387.9664306640625,1140.9766845703125,389.2339782714844,1122.6436767578125,387.34930419921875,1143.62158203125,407.7138671875,1110.396484375,399.1834716796875,1146.94384765625,435.0044860839844,1086.3363037109375,412.651611328125,1148.237060546875,459.1542663574219,1079.306640625,430.510498046875,1124.5281982421875,437.138916015625,1098.208251953125,431.97332763671875,1139.1064453125,469.5480651855469,1067.03662109375,462.5873107910156,1147.093017578125,511.7025146484375,1039.4190673828125,502.6708984375
1131.24951171875,389.78790283203125,1133.97119140625,386.49554443359375,1127.3768310546875,386.0268859863281,1136.2515869140625,386.98663330078125,1118.2579345703125,385.04766845703125,1138.721435546875,404.39459228515625,1104.8409423828125,397.34259033203125,1141.3275146484375,430.0946960449219,1082.658203125,412.88018798828125,1141.1771240234375,451.9326171875,1077.32373046875,430.97802734375,1120.3634033203125,435.8489685058594,1093.6619873046875,431.5235595703125,1135.3795166015625,469.1054992675781,1064.51025390625,463.50201416015625,1143.161865234375,510.42315673828125,1038.7607421875,503.55364990234375
1124.1844482421875,388.14532470703125,1127.003662109375,384.7244567871094,1120.3763427734375,384.448974609375,1130.49169921875,385.0637512207031,1112.215087890625,383.7129821777344,1134.9483642578125,402.5633239746094,1100.5257568359375,396.5047607421875,1138.375732421875,428.3967590332031,1079.92431640625,413.29095458984375,1138.50341796875,450.1864013671875,1076.023193359375,431.12646484375,1119.33203125,435.66815185546875,1092.4012451171875,431.7392578125,1133.5986328125,468.709228515625,1063.771240234375,463.42840576171875,1141.016357421875,510.67169189453125,1039.197021484375,503.6715087890625
1118.289794921875,387.35980224609375,1120.8740234375,384.2703857421875,1114.7890625,383.8021545410156,1123.7803955078125,384.6038818359375,1106.90673828125,383.0732421875,1130.780517578125,400.93463134765625,1094.9146728515625,394.4434814453125,1136.6279296875,427.09423828125,1076.317138671875,412.755615234375,1134.009765625,448.5440673828125,1072.472900390625,433.17901611328125,1118.04541015625,434.7395324707031,1090.5904541015625,430.45001220703125,1131.2779541015625,468.83392333984375,1064.6019287109375,463.11798095703125,1139.171142578125,508.98419189453125,1044.6319580078125,501.5189208984375
1109.5030517578125,385.61248779296875,1111.47265625,381.7305908203125,1106.9649658203125,381.8206787109375,1114.43115234375,381.3394775390625,1101.591064453125,381.559326171875,1123.0235595703125,399.26654052734375,1089.49169921875,397.38507080078125,1131.666015625,424.6197509765625,1073.7008056640625,417.5936279296875,1126.011962890625,447.52435302734375,1076.890625,436.1431884765625,1112.5750732421875,438.5218505859375,1087.4207763671875,437.576171875,1125.3736572265625,474.49951171875,1067.434814453125,472.8652038574219,1133.770751953125,517.2156372070312,1057.022705078125,515.1102905273438
1104.2586669921875,378.7967529296875,1106.5867919921875,375.73504638671875,1100.6820068359375,375.5006103515625,1108.7501220703125,376.89105224609375,1093.072021484375,376.052490234375,1116.2640380859375,394.2419128417969,1082.1871337890625,390.9228515625,1123.69189453125,418.7734680175781,1071.2314453125,412.7100830078125,1123.492919921875,439.51806640625,1070.03271484375,435.98992919921875,1108.685546875,433.4563293457031,1082.4622802734375,431.05987548828125,1123.9053955078125,465.91558837890625,1061.586181640625,462.34771728515625,1133.911865234375,507.0621643066406,1046.32421875,502.0974426269531
1097.428466796875,375.9320983886719,1099.9803466796875,372.39239501953125,1093.56591796875,372.2763671875,1103.4990234375,373.181396484375,1086.50634765625,372.6003112792969,1111.07080078125,392.78118896484375,1077.5316162109375,389.62371826171875,1119.515869140625,420.2961730957031,1068.492919921875,412.72369384765625,1121.577880859375,444.33050537109375,1068.459228515625,435.74932861328125,1106.0008544921875,435.5230407714844,1080.5836181640625,434.0430908203125,1122.53662109375,468.8962097167969,1058.9735107421875,466.6504211425781,1135.0174560546875,508.62493896484375,1047.6356201171875,505.9389953613281
1094.2728271484375,372.7861633300781,1096.1859130859375,369.1971435546875,1090.0528564453125,369.34161376953125,1097.692138671875,370.4804992675781,1081.5135498046875,370.43353271484375,1105.3736572265625,390.20416259765625,1071.0640869140625,388.0367431640625,1113.753662109375,417.8626708984375,1060.0435791015625,412.32427978515625,1113.470947265625,440.5523986816406,1060.032470703125,436.05560302734375,1100.878662109375,433.24163818359375,1074.817626953125,432.29296875,1117.7421875,466.062255859375,1052.6221923828125,464.2694091796875,1133.8016357421875,507.69873046875,1043.5537109375,505.5511779785156
1083.2239990234375,370.07586669921875,1085.947509765625,366.63299560546875,1079.816650390625,366.3240966796875,1089.704833984375,366.9637451171875,1072.8525390625,365.9923095703125,1097.8714599609375,385.043701171875,1061.6904296875,382.34649658203125,1107.2999267578125,411.00396728515625,1048.6646728515625,406.43865966796875,1107.77099609375,434.7169189453125,1047.13330078125,435.3787536621094,1092.8388671875,428.4176025390625,1065.7744140625,427.17901611328125,1109.342529296875,464.56658935546875,1044.9981689453125,462.3033447265625,1129.5606689453125,506.3438415527344,1040.90576171875,503.6256103515625
1077.7657470703125,366.7860107421875,1080.4637451171875,363.17950439453125,1074.3406982421875,362.91302490234375,1083.906982421875,363.000244140625,1067.072265625,362.166259765625,1091.911865234375,381.06536865234375,1054.91552734375,379.25341796875,1103.15966796875,405.4346008300781,1041.8062744140625,403.1578674316406,1107.92041015625,430.1717834472656,1040.90380859375,431.529296875,1086.864013671875,428.3350830078125,1059.77294921875,427.694580078125,1103.9727783203125,465.5211181640625,1043.257568359375,464.206298828125,1122.91845703125,506.9697265625,1040.544921875,505.43548583984375
1071.6986083984375,361.50994873046875,1075.008544921875,358.0279541015625,1068.262451171875,357.45782470703125,1079.494384765625,358.9390869140625,1061.224853515625,357.31988525390625,1086.835205078125,378.27117919921875,1049.4454345703125,375.56610107421875,1098.6943359375,402.4580078125,1035.0401611328125,398.62664794921875,1101.880859375,425.24688720703125,1035.900634765625,424.4581298828125,1082.83447265625,426.8332214355469,1055.9105224609375,425.88482666015625,1097.85302734375,465.156982421875,1042.30859375,463.74554443359375,1116.0152587890625,508.08624267578125,1041.259033203125,506.6503601074219
1069.38623046875,358.6868896484375,1072.4735107421875,355.25885009765625,1066.1627197265625,354.6783142089844,1076.235595703125,356.0306396484375,1059.12890625,354.4169921875,1083.52783203125,375.0896301269531,1045.859130859375,371.7193603515625,1095.254150390625,398.459228515625,1029.460205078125,392.13250732421875,1100.223876953125,421.5867919921875,1028.8878173828125,415.18536376953125,1077.564453125,424.62530517578125,1051.01904296875,423.4038391113281,1091.3604736328125,462.41680908203125,1040.9263916015625,460.8564147949219,1108.0377197265625,504.7906494140625,1041.90576171875,503.30804443359375
1067.2122802734375,352.702880859375,1069.44580078125,348.98699951171875,1063.416015625,348.8626708984375,1071.346435546875,349.89471435546875,1055.25390625,349.270751953125,1079.213623046875,369.3108215332031,1042.20263671875,366.87506103515625,1090.774169921875,394.64520263671875,1026.8016357421875,389.4552001953125,1095.34619140625,420.3697814941406,1027.2498779296875,414.27557373046875,1074.41552734375,417.7620849609375,1048.881103515625,417.2106628417969,1085.2921142578125,457.2955322265625,1038.8720703125,456.0995178222656,1096.0450439453125,503.2398376464844,1040.18017578125,501.61614990234375
1064.647705078125,352.5314025878906,1067.283447265625,348.9095458984375,1060.4122314453125,348.594482421875,1069.46923828125,350.3656005859375,1051.4056396484375,349.16192626953125,1077.7421875,370.844482421875,1038.483154296875,367.36712646484375,1088.2421875,395.33441162109375,1024.2315673828125,388.5826416015625,1093.8143310546875,416.5421447753906,1021.1080322265625,412.61187744140625,1072.720458984375,420.951904296875,1046.341064453125,419.52813720703125,1080.615478515625,460.342529296875,1039.6644287109375,457.831787109375,1087.6231689453125,505.20343017578125,1041.015625,501.7784729003906
1059.392578125,351.11029052734375,1062.2254638671875,347.5685729980469,1055.3472900390625,347.1220703125,1064.8258056640625,348.97088623046875,1046.8953857421875,347.50128173828125,1073.39501953125,369.024658203125,1034.2298583984375,365.36077880859375,1083.4000244140625,393.2934265136719,1021.2595825195312,386.8756103515625,1090.0849609375,414.75537109375,1016.5927734375,413.3995361328125,1067.6722412109375,417.7467956542969,1041.756103515625,416.0847473144531,1070.8865966796875,457.4781494140625,1033.8095703125,454.55377197265625,1075.7740478515625,502.532470703125,1036.97216796875,498.4708557128906
1056.682373046875,351.7231750488281,1059.67578125,348.1233215332031,1052.62060546875,347.63330078125,1063.1402587890625,349.48345947265625,1044.7645263671875,347.83990478515625,1070.97998046875,370.2816467285156,1033.7669677734375,365.8585205078125,1083.1915283203125,395.355712890625,1019.5572509765625,388.001708984375,1090.8084716796875,418.47686767578125,1016.9309692382812,412.72857666015625,1065.825927734375,419.3335876464844,1041.5570068359375,417.06103515625,1065.5667724609375,460.39141845703125,1029.657470703125,456.80877685546875,1069.176025390625,506.50653076171875,1031.802490234375,501.13812255859375
1057.3648681640625,353.8937072753906,1060.089599609375,350.5316162109375,1053.315185546875,349.820556640625,1062.237060546875,352.36102294921875,1044.970947265625,350.0675048828125,1068.981689453125,373.6326904296875,1033.5260009765625,367.2525329589844,1081.10302734375,398.7325439453125,1017.9630126953125,387.1110534667969,1088.4842529296875,421.05804443359375,1014.260498046875,410.34637451171875,1062.79150390625,421.62078857421875,1039.6934814453125,418.34405517578125,1061.8834228515625,462.24847412109375,1027.4033203125,457.2135009765625,1066.42724609375,506.810791015625,1029.3131103515625,499.121337890625
1048.507080078125,361.2493896484375,1051.686279296875,357.85809326171875,1045.231689453125,357.143798828125,1056.3409423828125,358.94659423828125,1039.3673095703125,356.9656677246094,1065.645263671875,378.434326171875,1030.921142578125,372.442626953125,1079.74462890625,403.692626953125,1016.2509765625,391.495361328125,1083.1861572265625,423.62176513671875,1012.4591064453125,414.8551025390625,1060.3623046875,425.181396484375,1037.0460205078125,421.8250732421875,1059.40380859375,462.86602783203125,1024.3873291015625,457.5158386230469,1066.90869140625,508.8690185546875,1024.638671875,500.26702880859375
1045.8511962890625,364.64288330078125,1048.2960205078125,361.3550720214844,1042.796630859375,360.7292175292969,1052.12060546875,362.62274169921875,1037.98291015625,360.5594787597656,1061.029296875,381.43304443359375,1030.205810546875,374.8493957519531,1074.92578125,405.6473388671875,1015.7781982421875,394.7555236816406,1080.2547607421875,420.4300231933594,1010.9536743164062,416.1211853027344,1055.207275390625,426.1491394042969,1034.7213134765625,422.23077392578125,1055.141845703125,465.75225830078125,1020.6271362304688,459.08343505859375,1060.5029296875,509.5950622558594,1018.5013427734375,498.44305419921875
1041.0755615234375,374.84625244140625,1044.1910400390625,371.04827880859375,1037.983642578125,370.9287414550781,1049.195068359375,372.597412109375,1032.8250732421875,372.19244384765625,1056.761474609375,390.9370422363281,1025.24169921875,390.3164978027344,1070.24169921875,412.0931396484375,1011.3594360351562,411.06610107421875,1076.975830078125,429.7931213378906,1004.83740234375,428.762451171875,1048.911376953125,436.87640380859375,1028.5037841796875,436.30657958984375,1049.92578125,470.77294921875,1016.6168212890625,470.22259521484375,1054.2470703125,509.0768737792969,1013.0316162109375,508.5911865234375
1035.3074951171875,377.6974182128906,1038.4622802734375,373.85552978515625,1032.317138671875,373.7803955078125,1044.1290283203125,374.91546630859375,1027.7379150390625,374.71490478515625,1051.9813232421875,391.99822998046875,1022.3992309570312,392.0174560546875,1068.9937744140625,412.51025390625,1009.5499267578125,413.5170593261719,1081.800048828125,433.351806640625,1001.9188232421875,432.66259765625,1045.40869140625,436.4490051269531,1026.398681640625,436.0369873046875,1048.1947021484375,467.2838134765625,1014.2447509765625,466.8876953125,1052.1279296875,504.83038330078125,1008.1426391601562,504.69598388671875
1028.1856689453125,377.74749755859375,1031.549072265625,373.60235595703125,1025.2974853515625,373.5841064453125,1038.0751953125,373.8065185546875,1021.1251831054688,373.8048095703125,1047.79443359375,389.923828125,1016.283203125,390.26336669921875,1064.97705078125,411.10882568359375,1003.8184204101562,412.1763610839844,1075.5679931640625,432.147216796875,997.546630859375,431.51708984375,1043.0281982421875,434.89984130859375,1022.3419189453125,434.62091064453125,1047.8321533203125,468.8509826660156,1010.0421142578125,468.5076599121094,1056.1162109375,509.705078125,1007.7723999023438,509.3497314453125
1024.6439208984375,371.0513916015625,1027.5115966796875,367.7112121582031,1020.9874267578125,367.56915283203125,1033.14697265625,369.4333190917969,1016.597900390625,368.7561950683594,1045.13525390625,388.74407958984375,1012.5584716796875,383.9649353027344,1062.165771484375,409.2574768066406,996.8651123046875,401.18817138671875,1069.4140625,421.24578857421875,990.5003662109375,421.8218994140625,1045.741455078125,433.40789794921875,1024.380126953125,430.30615234375,1042.5491943359375,468.94696044921875,1008.20263671875,462.4829406738281,1059.8411865234375,511.048828125,1017.4208984375,499.06390380859375
1015.88623046875,361.763671875,1019.4816284179688,358.19537353515625,1012.4749755859375,357.94073486328125,1026.9669189453125,359.57440185546875,1008.6776123046875,358.9624328613281,1038.87939453125,379.5955810546875,1004.9210205078125,376.4546813964844,1057.659912109375,402.6561584472656,991.1861572265625,396.24017333984375,1068.021728515625,423.1744384765625,983.1517333984375,417.27899169921875,1041.017822265625,428.8861999511719,1018.87939453125,427.0837097167969,1042.091552734375,466.1695556640625,1007.9993896484375,462.624755859375,1060.68505859375,510.53997802734375,1018.48046875,503.86865234375
1010.6788330078125,356.63629150390625,1013.6795654296875,352.8768310546875,1007.0809936523438,353.03955078125,1019.9239501953125,354.01043701171875,1002.3807373046875,354.4939270019531,1033.6019287109375,373.56939697265625,996.782470703125,372.96282958984375,1053.3367919921875,396.8045654296875,985.6162109375,394.083740234375,1063.76904296875,421.2475891113281,980.53759765625,415.2970275878906,1038.48779296875,424.541015625,1014.5771484375,424.4083557128906,1041.872314453125,463.7049865722656,1007.964111328125,462.6790466308594,1058.43701171875,508.3961181640625,1019.9801025390625,505.6266174316406
1004.5943603515625,352.0782470703125,1007.237548828125,347.1933288574219,1000.6499633789062,348.2105712890625,1012.7352905273438,347.25079345703125,995.8919677734375,349.8001708984375,1025.5491943359375,366.21722412109375,992.2201538085938,370.133056640625,1044.876953125,388.1393737792969,983.378173828125,394.92877197265625,1053.53271484375,409.171142578125,981.9138793945312,413.2508544921875,1032.447265625,417.60302734375,1011.0228271484375,419.57623291015625,1043.27978515625,458.98565673828125,1011.5806274414062,460.2897033691406,1055.456787109375,502.9113464355469,1017.7692260742188,503.6142578125
999.1166381835938,347.1888732910156,1002.28076171875,342.27789306640625,995.4500732421875,343.27825927734375,1008.7562255859375,343.0576171875,991.3355712890625,345.85308837890625,1020.6907958984375,363.83941650390625,990.1323852539062,368.38525390625,1038.8272705078125,387.7843322753906,985.4788818359375,395.4214782714844,1045.54638671875,412.07489013671875,985.1007080078125,416.240966796875,1026.5738525390625,418.32025146484375,1007.0946044921875,420.450439453125,1037.2799072265625,459.7125549316406,1012.0599365234375,461.33294677734375,1050.58349609375,501.49237060546875,1021.76171875,502.4330749511719
994.337646484375,338.7666015625,998.1824951171875,334.6336975097656,990.7120971679688,334.5949401855469,1004.9024047851562,336.4052734375,985.7391357421875,336.8372802734375,1015.8785400390625,358.3292541503906,981.0706787109375,360.200927734375,1033.7744140625,384.8260498046875,982.3797607421875,387.516357421875,1034.596923828125,414.3631896972656,987.675048828125,410.4586486816406,1021.031005859375,410.154541015625,998.5654296875,411.9297180175781,1030.05224609375,455.0938720703125,1006.7202758789062,456.9005126953125,1047.493896484375,494.8946228027344,1027.404296875,496.1490783691406
989.060791015625,333.2118835449219,993.3466186523438,329.30975341796875,985.8153076171875,329.0931701660156,1001.248779296875,331.6044616699219,981.573486328125,331.5748291015625,1011.58984375,353.7274475097656,977.4503173828125,354.8473205566406,1028.0029296875,380.0259704589844,977.3310546875,380.86865234375,1028.44677734375,406.10968017578125,979.71240234375,400.43682861328125,1015.134521484375,406.857421875,993.7215576171875,408.01177978515625,1018.3067626953125,451.17425537109375,1000.18701171875,452.5763854980469,1035.9127197265625,486.55133056640625,1023.1679077148438,488.439697265625
985.0205078125,330.08685302734375,988.7471923828125,326.4115905761719,981.9583740234375,325.853759765625,994.2723999023438,327.3921813964844,977.7122802734375,326.3240966796875,1001.080810546875,346.1419982910156,973.8056640625,345.47088623046875,1016.532958984375,372.39373779296875,973.8255615234375,370.181884765625,1021.35595703125,398.1261291503906,977.2560424804688,387.01513671875,1005.4761962890625,398.60894775390625,988.531005859375,398.98956298828125,1009.5821533203125,444.1224060058594,994.948486328125,444.69549560546875,1029.360107421875,482.3778076171875,1016.029052734375,482.6320495605469
979.7080078125,326.79571533203125,983.1951904296875,322.8755187988281,975.9299926757812,322.59027099609375,988.4786376953125,324.07476806640625,971.94091796875,323.5486145019531,994.430908203125,344.1318359375,973.0274658203125,341.9729919433594,1008.6857299804688,372.9981689453125,975.1587524414062,367.711669921875,1015.1591796875,398.5455322265625,976.7490234375,384.90679931640625,997.7942504882812,395.3960266113281,985.5836181640625,394.48406982421875,998.0556640625,440.73150634765625,991.406005859375,439.0884704589844,1011.8706665039062,481.0372009277344,1010.8929443359375,477.15240478515625
974.87744140625,326.6243591308594,977.9766845703125,322.9935302734375,971.201416015625,322.541259765625,982.6866455078125,324.90753173828125,967.158447265625,323.68731689453125,989.563720703125,344.5859069824219,968.1226806640625,341.1878662109375,1000.4285888671875,373.51885986328125,969.920654296875,366.7896423339844,998.8031616210938,392.898681640625,969.9343872070312,385.4466552734375,996.1203002929688,391.99847412109375,982.9835815429688,390.4024658203125,995.162841796875,437.2957763671875,982.5444946289062,434.2047119140625,1009.4639892578125,478.67572021484375,1000.008056640625,472.4059753417969
965.7667236328125,330.76763916015625,968.9656982421875,327.29388427734375,963.7142944335938,326.67950439453125,974.8114013671875,327.8612060546875,963.5476684570312,326.67431640625,982.0966796875,345.3513488769531,964.711669921875,342.48468017578125,992.541259765625,374.1922302246094,959.4072875976562,365.59320068359375,987.7896728515625,395.541748046875,946.9266357421875,379.48968505859375,989.52392578125,395.094482421875,980.0971069335938,393.75958251953125,982.2247314453125,438.27880859375,978.771728515625,437.1329040527344,1003.2783203125,473.177490234375,1004.591552734375,471.2970886230469
958.9085693359375,333.9034423828125,961.0116577148438,329.91839599609375,958.0252685546875,330.2322692871094,968.252685546875,330.0453186035156,958.082763671875,331.24560546875,979.9058837890625,348.01666259765625,963.7559814453125,348.87139892578125,986.712158203125,374.6004638671875,961.5435791015625,373.3785095214844,976.2120361328125,389.9365234375,951.7428588867188,387.21466064453125,986.1513671875,396.5660705566406,975.3411865234375,396.4486083984375,986.2963256835938,437.990478515625,973.5848388671875,437.74017333984375,1000.2478637695312,478.22515869140625,983.47265625,476.44879150390625
949.588623046875,336.6367492675781,952.0030517578125,332.3941650390625,949.512451171875,332.66241455078125,959.8724365234375,332.1928405761719,953.4017333984375,333.28466796875,968.8742065429688,349.89910888671875,961.589111328125,351.0391845703125,973.2279052734375,377.62286376953125,961.322509765625,378.03155517578125,964.9348754882812,395.35888671875,951.5238647460938,393.85125732421875,976.2535400390625,396.89678955078125,971.5064697265625,396.8667297363281,978.0438232421875,437.5498046875,967.2620849609375,437.49969482421875,993.32470703125,479.67645263671875,977.6090087890625,478.12591552734375
940.0894775390625,334.3497619628906,943.5858154296875,330.51898193359375,938.8606567382812,329.8536376953125,952.9696044921875,332.6882629394531,943.6033935546875,330.97119140625,964.22216796875,354.17352294921875,950.3292846679688,350.8195495605469,966.4080810546875,383.7737731933594,953.23291015625,378.66265869140625,950.3252563476562,404.72808837890625,944.7628173828125,400.5849609375,976.3137817382812,402.90228271484375,963.0926513671875,400.5359802246094,982.8890991210938,440.7913818359375,936.821533203125,436.82977294921875,1012.904296875,478.7947082519531,941.2249755859375,470.2451171875
940.3253173828125,326.4443359375,943.1561279296875,323.1892395019531,939.699951171875,321.8706970214844,946.5362548828125,326.2339172363281,944.5061645507812,322.7858581542969,948.3016357421875,346.5784912109375,948.0645751953125,342.4565734863281,948.3198852539062,373.57781982421875,953.7220458984375,368.7139892578125,939.641845703125,391.2204895019531,946.279052734375,387.83038330078125,963.5828857421875,394.48199462890625,958.4745483398438,392.27734375,980.5940551757812,432.6204833984375,936.6180419921875,430.00299072265625,1014.8558349609375,465.23809814453125,934.479248046875,460.9446716308594
930.6783447265625,320.699462890625,932.9422607421875,317.3418273925781,932.4307250976562,315.76617431640625,935.5372924804688,320.55328369140625,944.2486572265625,316.804931640625,933.2682495117188,342.3832092285156,951.7205810546875,339.2528076171875,933.8525390625,371.54290771484375,958.9971923828125,366.4682922363281,924.1722412109375,391.35546875,946.0738525390625,381.63275146484375,950.3590087890625,393.98492431640625,958.0499267578125,392.3255615234375,968.563720703125,433.23565673828125,937.1064453125,432.77911376953125,1000.114501953125,467.89300537109375,932.248046875,468.3631896972656
928.7620849609375,322.3587646484375,932.3577880859375,318.77972412109375,927.5609130859375,317.63861083984375,935.6451416015625,320.05242919921875,928.0702514648438,317.5918273925781,936.399169921875,338.4245300292969,925.41162109375,336.5821533203125,938.85400390625,362.19110107421875,924.1510009765625,361.55792236328125,927.97412109375,374.3427429199219,913.13916015625,376.5020751953125,939.2360229492188,390.82379150390625,927.73583984375,389.6613464355469,958.7169189453125,432.33453369140625,920.8211669921875,431.5386657714844,992.7415771484375,462.8575744628906,925.6378173828125,462.36285400390625
920.259765625,317.560791015625,920.9441528320312,314.3017272949219,921.2913208007812,313.2219543457031,918.3502197265625,316.8981628417969,931.3566284179688,314.3264465332031,909.6064453125,335.8891906738281,940.3043212890625,333.23870849609375,896.2838134765625,360.10748291015625,955.0367431640625,355.2825927734375,886.7740478515625,374.3692626953125,946.5958251953125,365.5152587890625,920.574951171875,382.77069091796875,937.908935546875,381.5970458984375,929.8859252929688,419.96173095703125,923.8489379882812,419.7422790527344,952.3076171875,449.9118347167969,924.689453125,450.4794616699219
0.0,0.0,0.0,0.0,0.0,0.0,0.0,0.0,0.0,0.0,0.0,0.0,0.0,0.0,0.0,0.0,0.0,0.0,0.0,0.0,0.0,0.0,0.0,0.0,0.0,0.0,0.0,0.0,0.0,0.0,0.0,0.0,0.0,0.0
0.0,0.0,0.0,0.0,0.0,0.0,0.0,0.0,0.0,0.0,0.0,0.0,0.0,0.0,0.0,0.0,0.0,0.0,0.0,0.0,0.0,0.0,0.0,0.0,0.0,0.0,0.0,0.0,0.0,0.0,0.0,0.0,0.0,0.0
901.623779296875,310.2913513183594,899.279296875,306.590087890625,901.474853515625,306.794189453125,889.6231689453125,308.8819274902344,904.2578125,309.7435302734375,879.801025390625,328.2115173339844,912.2092895507812,329.56622314453125,868.486572265625,350.4835510253906,921.551025390625,351.56280517578125,865.042724609375,359.85943603515625,921.2506103515625,360.24658203125,883.1497192382812,379.4683837890625,904.5985107421875,379.92230224609375,881.96142578125,416.00006103515625,906.527099609375,416.48260498046875,883.3834228515625,446.5218505859375,908.2604370117188,447.11968994140625
892.552978515625,308.8615417480469,891.5242919921875,305.2483215332031,892.8553466796875,305.15081787109375,882.9603881835938,307.00628662109375,897.2982788085938,307.3559875488281,870.8413696289062,324.82757568359375,901.457275390625,326.68798828125,861.7413330078125,346.01763916015625,912.2152099609375,346.905517578125,864.5023193359375,354.57037353515625,908.806640625,350.98077392578125,872.9284057617188,375.0111083984375,895.1129150390625,376.31134033203125,869.4547119140625,411.1661376953125,901.5904541015625,413.673828125,872.04345703125,442.8099365234375,909.8666381835938,447.73785400390625
883.1193237304688,304.404541015625,881.5728149414062,300.1458740234375,883.40625,300.8092956542969,872.446533203125,301.3509521484375,889.346923828125,303.8019714355469,858.86962890625,320.83087158203125,895.0045166015625,327.25006103515625,848.7457275390625,337.5264892578125,902.4818115234375,351.2617492675781,850.0557861328125,340.1746826171875,892.3809814453125,350.56463623046875,857.636474609375,376.9765319824219,885.529296875,379.6021728515625,845.9534912109375,410.38494873046875,895.9449462890625,415.34320068359375,843.0953369140625,444.9527893066406,910.4989013671875,453.0828552246094
869.0663452148438,307.45306396484375,868.5591430664062,303.83154296875,869.9357299804688,304.0555419921875,861.596923828125,304.96868896484375,876.7421264648438,306.70721435546875,849.52880859375,320.35382080078125,883.3731689453125,326.6302490234375,838.8258056640625,337.39697265625,896.5294189453125,345.34918212890625,840.30615234375,332.30267333984375,889.000732421875,332.61651611328125,850.891845703125,375.43011474609375,877.56103515625,378.9396057128906,832.588623046875,405.4635314941406,888.9766845703125,411.9839172363281,821.0912475585938,436.0125732421875,899.8489990234375,447.673095703125
862.8381958007812,307.52960205078125,862.1837768554688,303.47857666015625,862.5712890625,304.0045471191406,853.3214111328125,304.87481689453125,865.980712890625,307.15313720703125,841.277587890625,319.4014892578125,869.8984375,327.4530944824219,826.1378173828125,332.2293701171875,880.855224609375,345.27642822265625,821.3646240234375,331.4462585449219,872.2603759765625,338.6288757324219,842.7980346679688,376.5055847167969,866.6215209960938,380.97589111328125,823.9840087890625,406.781982421875,885.0393676757812,414.3734130859375,801.959228515625,432.6785888671875,895.4207763671875,445.260498046875
853.81982421875,306.9164733886719,852.7051391601562,302.97760009765625,854.1978149414062,303.9638366699219,845.627197265625,304.5693664550781,858.5044555664062,307.9748840332031,833.9356689453125,320.83599853515625,862.2401123046875,329.16754150390625,814.5961303710938,330.5107727050781,873.9882202148438,347.0194091796875,807.3519287109375,330.0950622558594,875.7491455078125,342.1930236816406,832.523681640625,376.7965393066406,855.9083251953125,380.1843566894531,814.029052734375,407.0687255859375,879.736083984375,412.8424072265625,791.343994140625,433.0577392578125,893.7149047851562,440.7686462402344
842.24755859375,314.4493408203125,841.69287109375,310.39300537109375,843.7525634765625,311.2457275390625,837.43359375,310.8831787109375,850.591796875,314.2577209472656,825.823486328125,326.5875244140625,855.5568237304688,335.7076416015625,815.48046875,334.837158203125,870.80126953125,358.54449462890625,819.283203125,335.6150207519531,883.8847045898438,364.1917724609375,821.8101196289062,380.8737487792969,845.7793579101562,384.3067932128906,806.31591796875,409.41937255859375,867.4503173828125,414.8306579589844,790.6528930664062,436.40020751953125,881.246337890625,445.37347412109375
835.2742309570312,317.7783203125,838.077392578125,315.3456115722656,833.7877807617188,314.5293884277344,843.4134521484375,317.7530822753906,830.6306762695312,315.17974853515625,850.1712646484375,338.1299743652344,819.3667602539062,327.1036071777344,864.53662109375,358.1917419433594,793.2885131835938,324.26123046875,881.7749633789062,371.6787414550781,782.8839111328125,315.9862365722656,836.4044189453125,385.28997802734375,813.2921142578125,380.0670166015625,852.991943359375,415.93975830078125,793.9861450195312,409.20611572265625,872.603271484375,444.7989807128906,781.495361328125,435.8087158203125
831.7637329101562,318.16357421875,830.423828125,314.7601318359375,832.224365234375,315.47216796875,822.427490234375,315.7955627441406,834.2594604492188,318.1827392578125,809.091064453125,329.2280578613281,834.929931640625,336.58807373046875,776.2168579101562,330.1448059082031,857.7984619140625,356.629150390625,759.7640380859375,319.66448974609375,883.4899291992188,371.8473815917969,804.44384765625,379.98590087890625,821.7034912109375,382.7390441894531,800.052001953125,404.5547790527344,835.5238037109375,406.15386962890625,794.1024169921875,433.61212158203125,853.315673828125,433.79705810546875
821.8489379882812,319.015625,823.24462890625,316.1658935546875,820.2764892578125,315.8167724609375,824.538330078125,318.14288330078125,817.6671752929688,317.0250549316406,831.667236328125,334.9989318847656,807.9080200195312,331.8802795410156,853.64501953125,351.6717224121094,796.387939453125,344.9219970703125,874.3228759765625,368.12542724609375,798.102783203125,352.87091064453125,821.9739990234375,377.940673828125,804.40966796875,376.61090087890625,831.211181640625,405.1072082519531,787.8194580078125,402.94964599609375,845.4142456054688,435.9526062011719,780.12158203125,431.65802001953125
821.2335205078125,318.8318176269531,823.379150390625,315.7762756347656,819.5325927734375,315.170166015625,826.7979736328125,316.529296875,815.9654541015625,314.6384582519531,834.210693359375,333.2342529296875,804.095703125,327.63787841796875,853.7237548828125,348.5413513183594,773.5570678710938,334.9091796875,874.5294799804688,361.973876953125,745.2724609375,342.289306640625,822.653564453125,378.51519775390625,803.2938232421875,375.4822082519531,822.26953125,407.39630126953125,785.7706298828125,403.5738525390625,829.700927734375,436.43231201171875,778.7884521484375,430.9180908203125
817.815673828125,315.232421875,820.0030517578125,311.9535827636719,816.6483764648438,311.4411926269531,824.576171875,313.4017333984375,814.119873046875,311.7916564941406,832.1051025390625,330.92596435546875,802.5057373046875,327.8448181152344,852.2652587890625,345.11749267578125,774.92578125,341.1958312988281,868.9224243164062,360.7276611328125,752.2186279296875,360.6619873046875,820.8729248046875,379.4521484375,801.6561279296875,377.389404296875,820.5621337890625,409.3345947265625,785.7764892578125,406.7751159667969,826.345947265625,439.5277404785156,777.310546875,436.79705810546875
816.2103881835938,307.82928466796875,816.6708984375,304.2022399902344,816.5487060546875,304.010498046875,816.17822265625,305.9804992675781,823.90576171875,305.43670654296875,810.4332275390625,324.6829528808594,832.671630859375,323.3319396972656,791.6072387695312,347.68389892578125,854.3638916015625,338.32037353515625,773.90625,370.0871887207031,859.3404541015625,344.93438720703125,812.876708984375,373.0974426269531,827.38330078125,372.383056640625,794.6700439453125,405.421142578125,817.485107421875,406.9937438964844,786.6468505859375,431.84814453125,821.0725708007812,435.6583251953125
0.0,0.0,0.0,0.0,0.0,0.0,0.0,0.0,0.0,0.0,0.0,0.0,0.0,0.0,0.0,0.0,0.0,0.0,0.0,0.0,0.0,0.0,0.0,0.0,0.0,0.0,0.0,0.0,0.0,0.0,0.0,0.0,0.0,0.0
807.158935546875,304.67034912109375,809.47021484375,301.06939697265625,807.542724609375,301.24822998046875,816.3056030273438,302.03948974609375,817.8502197265625,302.4406433105469,818.2479248046875,320.47979736328125,825.7191162109375,319.6735534667969,811.1911010742188,342.1862487792969,821.1248779296875,339.73016357421875,801.685302734375,350.06768798828125,807.9431762695312,347.8126220703125,817.423583984375,373.20611572265625,822.81396484375,371.90057373046875,803.353271484375,404.27410888671875,814.1844482421875,403.6590270996094,797.44482421875,433.8893737792969,810.1304931640625,432.40533447265625
808.4891967773438,305.99578857421875,810.9537353515625,302.2287292480469,806.824951171875,302.7717590332031,817.5016479492188,304.4298095703125,810.0466918945312,305.59649658203125,826.2760009765625,319.85003662109375,813.6580810546875,322.2431945800781,822.0294799804688,330.5841979980469,808.525634765625,336.58648681640625,806.9703369140625,319.968505859375,804.4330444335938,330.5509033203125,832.9154663085938,369.7879943847656,825.60400390625,369.54791259765625,795.6066284179688,399.3252868652344,800.7412719726562,399.00018310546875,797.7220458984375,438.5045166015625,813.714111328125,435.23895263671875
807.7021484375,311.34808349609375,810.229736328125,307.37890625,806.163330078125,307.68792724609375,817.083251953125,308.16131591796875,811.1868896484375,308.80126953125,826.1204833984375,323.57037353515625,818.6127319335938,324.9082946777344,825.8878173828125,340.1974792480469,816.4776611328125,342.6020202636719,814.6527099609375,344.4933166503906,808.3961181640625,346.3834228515625,834.0913696289062,371.43609619140625,830.7628173828125,371.04656982421875,800.6676635742188,400.3515930175781,805.961669921875,400.09588623046875,806.506103515625,437.6767578125,818.275146484375,435.3395690917969
805.2457275390625,313.6678466796875,807.4674682617188,309.4403991699219,803.6911010742188,310.3277587890625,816.2517700195312,309.84033203125,803.9444580078125,312.7792663574219,826.3212890625,327.0718688964844,812.2950439453125,329.1799621582031,830.9434204101562,345.0025329589844,812.564453125,345.6381530761719,815.5009765625,335.232421875,808.209716796875,334.497314453125,832.2463989257812,373.7027587890625,822.5029907226562,373.4344482421875,812.4210205078125,399.4549255371094,807.7831420898438,398.4007873535156,819.1104736328125,439.3938903808594,816.2413330078125,437.68170166015625
808.3709716796875,315.8612365722656,811.43603515625,311.834228515625,805.98583984375,312.0763244628906,819.4512939453125,311.96319580078125,806.2259521484375,312.64544677734375,831.2283935546875,327.7873229980469,811.820068359375,328.33197021484375,839.7718505859375,350.64349365234375,807.796142578125,347.2681884765625,828.359619140625,364.65869140625,805.052490234375,352.6466064453125,840.0284423828125,374.57977294921875,828.9241943359375,374.252197265625,811.9466552734375,407.31524658203125,810.3810424804688,407.04229736328125,827.9727783203125,441.6506652832031,832.6776123046875,439.53558349609375
814.222900390625,315.9576416015625,817.300537109375,311.7856140136719,811.6575927734375,312.3419494628906,825.1605224609375,312.4900817871094,808.66357421875,314.2217102050781,836.7767333984375,330.28924560546875,810.4990234375,332.4410095214844,852.231201171875,350.1050720214844,806.0477294921875,352.6551818847656,851.8282470703125,360.3521728515625,800.224853515625,359.749267578125,836.9880981445312,376.69635009765625,821.2049560546875,377.00518798828125,830.5758056640625,409.33795166015625,822.6831665039062,409.3043518066406,838.3895263671875,446.5240173339844,833.9515380859375,445.57366943359375
0.0,0.0,0.0,0.0,0.0,0.0,0.0,0.0,0.0,0.0,0.0,0.0,0.0,0.0,0.0,0.0,0.0,0.0,0.0,0.0,0.0,0.0,0.0,0.0,0.0,0.0,0.0,0.0,0.0,0.0,0.0,0.0,0.0,0.0
0.0,0.0,0.0,0.0,0.0,0.0,0.0,0.0,0.0,0.0,0.0,0.0,0.0,0.0,0.0,0.0,0.0,0.0,0.0,0.0,0.0,0.0,0.0,0.0,0.0,0.0,0.0,0.0,0.0,0.0,0.0,0.0,0.0,0.0
828.81298828125,311.5067138671875,831.5186767578125,307.7033386230469,825.178955078125,308.2158203125,838.023681640625,307.72491455078125,820.4881591796875,308.8836669921875,849.64111328125,324.7431640625,817.6766967773438,324.8342590332031,873.279296875,343.5697937011719,802.991943359375,337.91937255859375,887.949951171875,363.3128662109375,799.5159912109375,341.2811584472656,850.1409301757812,371.9755554199219,829.5305786132812,372.1884765625,855.4794921875,407.8900146484375,823.262939453125,408.03375244140625,866.05712890625,444.83294677734375,823.2569580078125,443.6047668457031
830.837646484375,314.036865234375,833.4080810546875,309.68389892578125,827.4281616210938,310.36639404296875,839.1197509765625,309.3885192871094,823.37939453125,311.10955810546875,851.5694580078125,324.6953125,819.7941284179688,327.00482177734375,870.0880126953125,340.0119323730469,808.2635498046875,343.7580871582031,878.1062622070312,347.7215270996094,804.8779296875,349.30523681640625,854.8533325195312,368.3741455078125,834.318603515625,369.293701171875,858.8552856445312,405.87322998046875,827.822265625,406.3341064453125,865.0750732421875,446.68603515625,827.200927734375,446.78564453125
834.6015625,312.3643798828125,837.4586791992188,308.4165954589844,830.462158203125,308.98968505859375,843.7872314453125,308.8136291503906,824.7182006835938,310.0714111328125,855.4703979492188,326.5032958984375,820.4586181640625,327.3824157714844,873.6904907226562,345.81622314453125,807.482177734375,342.5095520019531,881.0619506835938,362.62091064453125,803.2362670898438,348.33477783203125,857.5350341796875,373.8831787109375,834.2479248046875,374.45831298828125,862.5584716796875,410.4224853515625,824.7750244140625,411.21514892578125,869.1315307617188,449.42706298828125,821.1524047851562,450.28875732421875
835.734619140625,314.0552673339844,838.5697631835938,310.201171875,832.3075561523438,310.5581359863281,844.8740844726562,310.2266540527344,828.0887451171875,311.04547119140625,854.729736328125,326.581298828125,823.9725952148438,327.96551513671875,861.8233642578125,347.7704162597656,811.3866577148438,348.2632141113281,851.6563720703125,357.2022399902344,807.3004150390625,357.6524658203125,860.1827392578125,373.1395263671875,838.66552734375,373.965087890625,866.1224365234375,410.0067443847656,827.384765625,411.2860107421875,874.8916625976562,452.1732177734375,823.3687133789062,454.1618957519531
839.2218017578125,317.3995361328125,842.127197265625,313.65869140625,836.0264282226562,313.7508850097656,848.530517578125,314.38629150390625,831.0938720703125,314.5039367675781,858.460693359375,331.7650451660156,825.5672607421875,333.3319396972656,866.721435546875,354.0953369140625,813.7750244140625,356.734130859375,855.3800048828125,371.38311767578125,811.9149169921875,378.208740234375,864.4482421875,377.19720458984375,840.9593505859375,378.23516845703125,871.712158203125,413.9508361816406,827.387451171875,415.352783203125,881.692138671875,455.36517333984375,822.718017578125,458.010498046875
844.3525390625,320.06597900390625,847.2855224609375,316.1070861816406,840.4568481445312,316.7579650878906,853.3970947265625,316.30816650390625,835.204345703125,317.98602294921875,866.7459716796875,333.6376647949219,828.443603515625,336.8731689453125,886.644775390625,356.23004150390625,816.3843383789062,362.6419372558594,896.91455078125,381.57098388671875,814.434326171875,389.81451416015625,871.1640625,380.4881286621094,843.7249755859375,381.9613952636719,883.8470458984375,420.23931884765625,828.912841796875,421.4702453613281,896.7320556640625,461.2533874511719,822.1360473632812,461.68017578125
848.326171875,323.77880859375,850.9923095703125,319.8456726074219,844.72412109375,320.6498107910156,857.3544921875,320.6513977050781,840.2660522460938,322.70001220703125,872.1190185546875,339.4906005859375,833.35498046875,343.4306335449219,891.1854248046875,363.51123046875,824.05419921875,372.9990234375,900.8499755859375,391.0589904785156,822.79296875,407.66619873046875,876.0477905273438,387.2119445800781,847.6827392578125,388.80413818359375,891.6290283203125,427.2054748535156,830.6325073242188,427.8665771484375,907.0358276367188,467.3089599609375,824.3575439453125,466.2315673828125
857.1251220703125,329.0555114746094,859.4210815429688,325.34844970703125,853.549560546875,325.886962890625,863.6688232421875,325.534912109375,847.646484375,326.8507385253906,875.72314453125,343.28265380859375,838.576171875,346.0357666015625,891.8186645507812,367.3318176269531,830.2457275390625,375.5068359375,901.8577880859375,392.94189453125,830.6009521484375,409.7278747558594,877.5089111328125,390.87091064453125,849.3052978515625,392.05767822265625,899.4743041992188,431.5339050292969,832.210205078125,431.52606201171875,916.4365234375,470.1841735839844,821.7614135742188,468.2900390625
864.5099487304688,338.02508544921875,866.9657592773438,334.0661315917969,860.55859375,334.65008544921875,871.5904541015625,335.37872314453125,854.4578857421875,336.8076171875,882.7739868164062,354.4558410644531,845.772216796875,357.5906066894531,902.5367431640625,374.1351013183594,840.14453125,384.1892395019531,915.3853759765625,391.2309265136719,849.306396484375,405.94403076171875,880.16552734375,400.8467102050781,851.1015014648438,402.9556884765625,908.3873291015625,435.2745361328125,833.638671875,436.5205993652344,926.0491333007812,473.7743225097656,819.573974609375,474.13665771484375
873.3543090820312,342.85906982421875,875.7923583984375,338.8673400878906,869.3084716796875,339.58251953125,880.8480224609375,340.6235046386719,863.995849609375,342.33538818359375,891.7838134765625,359.83563232421875,857.51220703125,363.18280029296875,911.9657592773438,375.3540344238281,847.9056396484375,387.4664306640625,928.0537109375,386.342041015625,849.641357421875,407.313232421875,888.820556640625,405.7271728515625,861.803955078125,407.42596435546875,913.7039794921875,435.7177734375,840.4173583984375,436.0540466308594,928.0723876953125,474.6903991699219,821.7154541015625,472.9433898925781
882.4063720703125,346.3105773925781,885.1356811523438,342.3669128417969,878.789306640625,342.9599914550781,891.5589599609375,344.0230712890625,874.8799438476562,345.3922424316406,902.5172119140625,364.1102294921875,870.2001342773438,365.802490234375,925.025634765625,381.17376708984375,859.7993774414062,386.45172119140625,941.6795654296875,395.3641357421875,863.4130859375,401.66546630859375,897.4071044921875,408.5495910644531,871.927978515625,409.2585754394531,915.7241821289062,437.8625793457031,846.5670776367188,437.57696533203125,925.7869262695312,477.31854248046875,824.427734375,475.3587646484375
899.15966796875,349.37847900390625,901.2637939453125,345.9653625488281,896.6233520507812,346.1922912597656,905.6256103515625,347.92510986328125,892.7001342773438,348.1780700683594,914.576416015625,369.1251220703125,883.4181518554688,365.8801574707031,935.9429931640625,389.298095703125,864.6195068359375,375.31695556640625,954.8126220703125,409.2721252441406,868.032470703125,378.82427978515625,902.966064453125,413.77130126953125,878.3834838867188,412.757080078125,921.3565673828125,443.93072509765625,853.1151123046875,442.3852844238281,927.9801025390625,480.0588684082031,826.92236328125,477.9013671875
914.1637573242188,348.58380126953125,917.0780639648438,345.0924072265625,911.1832275390625,345.2367248535156,923.61083984375,346.58221435546875,906.3693237304688,346.314208984375,932.6742553710938,366.42413330078125,897.2161865234375,362.3648986816406,950.4061279296875,388.0214538574219,873.3770751953125,372.52264404296875,966.36865234375,413.93212890625,876.8516235351562,376.4863586425781,917.4027099609375,413.12933349609375,891.3511962890625,410.345458984375,927.6761474609375,447.454345703125,865.433349609375,445.20361328125,925.374267578125,481.3752136230469,834.2012939453125,478.5963134765625
924.7659301757812,345.70501708984375,927.369140625,342.34515380859375,921.6326904296875,342.4991455078125,932.9842529296875,344.080322265625,916.2266235351562,343.8885498046875,942.0975341796875,365.1433410644531,907.25439453125,360.4525146484375,959.047119140625,384.6536865234375,884.140869140625,368.58160400390625,972.5589599609375,403.36669921875,882.3756103515625,373.1201171875,926.7791748046875,414.1700134277344,901.7335205078125,411.1399841308594,938.2597045898438,447.34088134765625,880.0530395507812,443.4352111816406,936.91455078125,484.4205322265625,853.2099609375,478.08319091796875
933.963134765625,344.61016845703125,938.1751708984375,340.8516845703125,930.84912109375,339.8110656738281,944.319091796875,343.324462890625,925.0147705078125,340.46063232421875,951.150634765625,363.50909423828125,914.3167724609375,359.80975341796875,968.34716796875,381.46722412109375,896.81884765625,376.77239990234375,978.93310546875,392.94744873046875,888.987060546875,388.5491943359375,934.875732421875,410.830810546875,910.48779296875,408.6351013183594,940.637939453125,445.5791931152344,895.964111328125,444.10894775390625,939.2999267578125,479.7131652832031,881.5391845703125,478.42822265625
941.275634765625,340.55224609375,944.7757568359375,337.1584777832031,937.7818603515625,336.6338806152344,950.8702392578125,338.7227783203125,931.3053588867188,336.8653564453125,958.6287841796875,359.15576171875,920.9403076171875,354.00238037109375,975.2557983398438,379.8218994140625,898.7587890625,369.3001708984375,984.8805541992188,396.9498596191406,902.018310546875,379.40850830078125,947.71044921875,407.61907958984375,922.8485107421875,404.6335144042969,948.4578857421875,443.9273986816406,907.7623901367188,440.489501953125,948.810546875,479.2957763671875,898.0819702148438,474.95806884765625
950.46337890625,339.3015441894531,955.2252197265625,335.6688232421875,947.2493896484375,334.5799865722656,961.835205078125,339.06365966796875,941.2472534179688,335.85101318359375,967.9934692382812,360.87860107421875,930.070556640625,356.53118896484375,980.4124145507812,384.8951416015625,910.548095703125,377.3753662109375,987.099853515625,403.500732421875,905.2648315429688,398.2253723144531,954.3305053710938,410.698974609375,930.3525390625,408.4898986816406,954.3052978515625,446.045654296875,927.1847534179688,444.4774169921875,955.521240234375,483.5595703125,927.2093505859375,481.5052185058594
957.4583740234375,342.88446044921875,961.6096801757812,339.0390625,954.865234375,338.4244079589844,968.2938232421875,341.17230224609375,950.2939453125,339.329345703125,976.6175537109375,361.78607177734375,940.3672485351562,359.0570983886719,989.46044921875,387.0890808105469,921.8406982421875,381.66937255859375,993.414306640625,407.04840087890625,918.40478515625,403.3297119140625,963.2169189453125,414.88739013671875,941.0026245117188,413.181884765625,959.59521484375,453.0975036621094,942.377685546875,452.16436767578125,959.4150390625,492.01373291015625,946.16455078125,490.5720520019531
971.6925659179688,346.9658203125,976.0953369140625,343.2629699707031,968.8011474609375,342.2718811035156,982.1566772460938,346.3734436035156,962.93115234375,343.3519287109375,988.961669921875,368.4923400878906,952.2683715820312,363.7134704589844,998.2183837890625,392.59698486328125,930.7798461914062,382.6090393066406,998.8317260742188,406.24066162109375,922.6790771484375,399.8328857421875,976.0230102539062,420.07342529296875,953.2538452148438,417.6771240234375,975.7430419921875,459.8238830566406,956.636474609375,458.2091064453125,979.8253784179688,497.1764831542969,962.8844604492188,494.3594055175781
983.22265625,355.2268981933594,987.3096923828125,351.4785461425781,979.8898315429688,350.3656311035156,991.9544677734375,354.16558837890625,972.3422241210938,350.6889953613281,996.6392211914062,374.9402160644531,959.9884643554688,369.6339111328125,1005.7355346679688,394.40936279296875,939.0645751953125,384.57989501953125,1006.0960693359375,390.5645751953125,935.23583984375,384.81158447265625,984.578125,428.01190185546875,961.2352294921875,425.70172119140625,984.2266845703125,470.17230224609375,962.3724365234375,468.4756164550781,986.33544921875,509.020751953125,964.960693359375,506.7276611328125
992.9415283203125,362.7772216796875,996.7581787109375,359.74969482421875,989.9407958984375,358.4951171875,1001.3173828125,360.741943359375,983.24267578125,357.43695068359375,1004.818603515625,381.9923095703125,971.150390625,371.0140686035156,1011.7108154296875,408.30621337890625,948.4794921875,379.25262451171875,1013.8265991210938,430.9880676269531,941.825927734375,382.96661376953125,992.94873046875,430.2750549316406,973.257568359375,425.416748046875,992.6673583984375,470.2078857421875,979.1492919921875,465.0260925292969,1002.35107421875,501.736083984375,997.555908203125,496.814208984375
1004.0986328125,368.55401611328125,1007.6881713867188,365.4037170410156,1000.9342041015625,364.154541015625,1011.177734375,366.07586669921875,993.577392578125,362.64190673828125,1014.1112060546875,386.322998046875,980.68212890625,375.2571716308594,1020.4462280273438,410.25982666015625,957.52783203125,380.67864990234375,1026.44970703125,434.3434753417969,951.8134765625,381.95672607421875,1005.11474609375,433.65435791015625,984.7615356445312,429.02142333984375,1007.8006591796875,472.8704833984375,986.2586059570312,468.3126525878906,1018.2057495117188,506.236083984375,1000.5213623046875,502.419677734375
1013.838134765625,375.4049072265625,1017.1235961914062,372.20440673828125,1010.365966796875,371.55450439453125,1020.548828125,374.22967529296875,1003.14208984375,372.1412658691406,1025.575439453125,394.57373046875,992.0169067382812,387.72393798828125,1030.6202392578125,419.29461669921875,979.2652587890625,397.9607849121094,1032.947509765625,438.5049133300781,983.8740234375,402.77618408203125,1017.3802490234375,439.16912841796875,994.084228515625,436.7794189453125,1027.7978515625,476.6139221191406,989.498291015625,473.4512939453125,1038.6846923828125,512.1603393554688,993.3825073242188,507.90869140625
1028.71728515625,384.705078125,1031.3699951171875,381.5322265625,1025.07470703125,380.9859924316406,1033.1546630859375,382.7536926269531,1016.5512084960938,380.63525390625,1036.20947265625,403.2513427734375,1003.664794921875,391.7720947265625,1040.85546875,430.7654113769531,975.521240234375,387.9075622558594,1045.410888671875,453.2293395996094,961.85400390625,381.3258361816406,1026.6258544921875,446.321044921875,1003.8399658203125,442.3690185546875,1041.1400146484375,484.50323486328125,995.9199829101562,479.86712646484375,1056.404541015625,519.2883911132812,994.16845703125,514.197998046875
1039.362060546875,388.9219665527344,1042.3026123046875,385.6348571777344,1035.605224609375,384.73809814453125,1044.1083984375,386.7184753417969,1027.244140625,384.16473388671875,1046.0771484375,409.4910888671875,1015.999755859375,397.026611328125,1057.535400390625,439.7921142578125,987.8662719726562,395.9270324707031,1064.5947265625,474.6056213378906,966.59423828125,389.1407470703125,1034.2152099609375,454.03997802734375,1017.27392578125,449.076416015625,1035.9185791015625,491.6644592285156,1024.3507080078125,488.00457763671875,1039.24072265625,523.17529296875,1032.226806640625,521.7484130859375
1051.1805419921875,396.8033752441406,1054.4993896484375,394.1454162597656,1047.6458740234375,392.45013427734375,1057.30517578125,396.028564453125,1038.8984375,390.6376647949219,1060.6767578125,420.3201904296875,1025.3946533203125,400.7502136230469,1063.9390869140625,453.0486145019531,994.2742309570312,394.521240234375,1073.010009765625,477.3642883300781,967.385986328125,393.4014587402344,1050.8548583984375,464.711181640625,1025.7896728515625,456.23162841796875,1059.4072265625,501.98040771484375,1004.3252563476562,490.390869140625,1073.90673828125,537.789306640625,996.563232421875,521.8983154296875
1062.9957275390625,406.528076171875,1066.213134765625,403.4140625,1059.0074462890625,401.7190246582031,1067.2174072265625,404.65545654296875,1048.2158203125,399.44317626953125,1065.646240234375,428.25311279296875,1034.1473388671875,411.4127197265625,1072.666259765625,457.81402587890625,1004.58447265625,406.9921875,1083.126953125,479.47564697265625,979.258544921875,401.6612548828125,1051.2327880859375,477.9224853515625,1027.903076171875,471.28790283203125,1072.322509765625,507.38995361328125,1013.14794921875,499.0108642578125,1086.2646484375,542.867431640625,996.7666625976562,531.794189453125
1072.14794921875,417.39801025390625,1075.01416015625,414.5862121582031,1069.0491943359375,413.06964111328125,1076.0224609375,416.2339782714844,1060.05859375,411.51153564453125,1074.484130859375,437.37542724609375,1045.7603759765625,423.5252380371094,1083.3155517578125,465.05511474609375,1020.5018310546875,424.8121032714844,1093.6123046875,485.53363037109375,1013.26953125,427.4160461425781,1059.3316650390625,478.26678466796875,1037.294677734375,473.314208984375,1083.4862060546875,505.147216796875,1023.7922973632812,498.14447021484375,1095.8565673828125,542.0143432617188,1005.3309326171875,532.29150390625
1085.540771484375,424.3043518066406,1086.887451171875,420.6684265136719,1082.8050537109375,420.44677734375,1084.346435546875,421.02789306640625,1077.2833251953125,420.169189453125,1078.8446044921875,438.2318115234375,1068.752197265625,434.1889343261719,1089.923095703125,459.5009765625,1053.14892578125,445.5299072265625,1104.263671875,479.28607177734375,1043.112548828125,450.64990234375,1058.191162109375,479.1675109863281,1055.2078857421875,477.3394775390625,1056.814208984375,503.1669616699219,1065.2000732421875,501.54510498046875,1042.0516357421875,537.0596313476562,1061.7093505859375,535.858642578125
1089.5224609375,434.3291015625,1092.0260009765625,431.64959716796875,1086.3292236328125,430.72808837890625,1092.26904296875,432.64691162109375,1078.7451171875,429.8363342285156,1087.9130859375,449.38372802734375,1069.55859375,442.9701232910156,1096.0426025390625,469.7259521484375,1074.14697265625,460.41851806640625,1105.9691162109375,479.43634033203125,1087.884765625,474.7305908203125,1063.7984619140625,484.15142822265625,1047.298583984375,480.1434326171875,1086.9940185546875,512.5462646484375,1033.337890625,506.26214599609375,1094.262451171875,546.3214111328125,1011.282958984375,538.23974609375
1096.5623779296875,434.6488037109375,1098.1927490234375,431.98663330078125,1093.4249267578125,431.22796630859375,1096.9620361328125,432.8832092285156,1084.9017333984375,430.2816162109375,1093.9638671875,449.0981140136719,1072.8807373046875,442.8406982421875,1101.101318359375,470.07781982421875,1064.44580078125,461.4327392578125,1108.5712890625,480.92742919921875,1069.031005859375,480.1214599609375,1070.31298828125,481.2245178222656,1053.39208984375,477.373779296875,1090.16357421875,509.322509765625,1040.9228515625,503.15130615234375,1092.23876953125,543.5596923828125,1017.90185546875,535.0654296875
1097.05029296875,434.85723876953125,1099.513427734375,432.23455810546875,1094.023193359375,431.26446533203125,1100.1781005859375,433.29766845703125,1085.92578125,430.33331298828125,1098.04638671875,450.2771301269531,1072.547119140625,443.15240478515625,1102.6502685546875,472.39007568359375,1062.183837890625,461.612548828125,1110.245361328125,486.2352294921875,1063.7117919921875,482.3819274902344,1072.2186279296875,481.4410400390625,1052.1488037109375,477.0249938964844,1090.24365234375,509.33099365234375,1035.6402587890625,502.5643310546875,1093.5230712890625,544.7096557617188,1014.5467529296875,535.3623657226562
1097.351806640625,427.0804443359375,1099.32421875,423.95074462890625,1093.94970703125,423.3703308105469,1098.6177978515625,425.08648681640625,1085.986083984375,423.14642333984375,1094.6263427734375,443.8191833496094,1076.9617919921875,439.1703186035156,1101.072998046875,469.5059509277344,1080.13134765625,462.93743896484375,1110.044189453125,489.77935791015625,1089.1998291015625,486.2547912597656,1072.217529296875,480.2908935546875,1056.7037353515625,477.02655029296875,1091.005126953125,508.29852294921875,1039.438232421875,503.5323486328125,1091.20849609375,543.1889038085938,1012.6842041015625,537.3905029296875
1093.6585693359375,419.937744140625,1096.0703125,416.647705078125,1089.842041015625,416.08123779296875,1096.6031494140625,418.3687744140625,1080.37744140625,416.21307373046875,1096.642578125,438.6275939941406,1066.3922119140625,432.6427001953125,1100.3524169921875,468.9130859375,1056.78564453125,456.6688232421875,1105.6103515625,492.8638916015625,1062.3564453125,478.41571044921875,1075.98876953125,473.65472412109375,1052.5220947265625,470.136962890625,1090.21240234375,502.94873046875,1031.3289794921875,498.340576171875,1091.17626953125,545.1447143554688,1008.882568359375,539.994384765625
1087.462890625,411.9864501953125,1090.7125244140625,408.97412109375,1083.8121337890625,407.92401123046875,1093.377197265625,411.4356994628906,1075.192138671875,408.0693359375,1096.39697265625,433.92608642578125,1060.3563232421875,424.30950927734375,1099.0205078125,465.4027099609375,1042.890625,442.72222900390625,1103.6650390625,492.06475830078125,1036.223388671875,465.2579040527344,1078.1226806640625,470.3954772949219,1051.2918701171875,465.17095947265625,1088.21923828125,503.0162353515625,1026.286865234375,495.9412536621094,1091.4652099609375,545.1115112304688,1007.009765625,535.7863159179688
1086.26416015625,405.3553161621094,1089.060791015625,402.23419189453125,1082.808837890625,401.19970703125,1090.2412109375,402.93475341796875,1073.7652587890625,399.7510986328125,1093.443115234375,423.2456359863281,1057.21337890625,414.373046875,1095.7108154296875,456.4679260253906,1040.9476318359375,436.2919006347656,1100.667724609375,486.82501220703125,1031.1649169921875,465.340576171875,1074.0712890625,460.4206237792969,1047.0701904296875,455.609619140625,1085.5517578125,498.5790710449219,1024.1412353515625,492.0084228515625,1091.42919921875,541.91162109375,1006.7949829101562,533.6199951171875
1077.7216796875,396.73944091796875,1083.114013671875,392.86541748046875,1075.07275390625,390.98333740234375,1089.4903564453125,394.2529296875,1068.220947265625,388.82855224609375,1089.8687744140625,412.4971923828125,1052.0699462890625,405.2867431640625,1091.5504150390625,442.5522766113281,1034.7645263671875,431.48699951171875,1089.109375,467.1642150878906,1036.544921875,460.522705078125,1064.65234375,454.62109375,1037.563232421875,451.24896240234375,1078.3614501953125,493.08642578125,1024.513671875,491.03973388671875,1081.350830078125,535.5029907226562,1014.68701171875,533.2042236328125
1076.66748046875,392.6044006347656,1080.0408935546875,389.1775817871094,1072.78955078125,388.4591064453125,1083.0321044921875,390.6003112792969,1064.25146484375,388.3424072265625,1086.520263671875,412.6549987792969,1050.358642578125,404.9122314453125,1087.7060546875,446.0902099609375,1032.53857421875,426.04620361328125,1087.1414794921875,474.41522216796875,1026.936767578125,446.7254638671875,1067.1937255859375,453.34576416015625,1040.96435546875,448.99658203125,1074.1651611328125,494.85821533203125,1021.7979125976562,489.4908142089844,1079.3486328125,537.4085693359375,1009.6144409179688,530.9515991210938
1072.87109375,390.25286865234375,1075.9329833984375,386.7193603515625,1068.8187255859375,386.1861877441406,1078.2911376953125,388.3287048339844,1059.965576171875,386.4996643066406,1082.3323974609375,410.9563293457031,1046.072509765625,404.53863525390625,1084.72509765625,442.63787841796875,1027.689453125,427.4349365234375,1085.979248046875,472.499755859375,1020.1550903320312,455.8984375,1063.929443359375,453.51177978515625,1038.61279296875,449.773193359375,1067.2310791015625,495.75787353515625,1021.8458251953125,490.79876708984375,1069.307373046875,535.846435546875,1012.5025634765625,529.8046875
1065.51416015625,387.192626953125,1068.77294921875,383.7995910644531,1061.913818359375,383.1585388183594,1072.40283203125,385.87127685546875,1054.38671875,383.8419189453125,1077.9283447265625,409.29443359375,1041.5531005859375,402.9698486328125,1082.4791259765625,439.3435363769531,1025.1934814453125,424.78680419921875,1084.06396484375,467.98785400390625,1018.9793701171875,452.77813720703125,1060.787109375,454.91802978515625,1035.95751953125,451.22454833984375,1062.062744140625,495.8680419921875,1021.0230102539062,490.9552001953125,1061.974853515625,534.283203125,1013.650146484375,528.2637939453125
1061.7730712890625,384.9740295410156,1064.6414794921875,381.47625732421875,1058.1109619140625,381.0127258300781,1067.79541015625,383.38165283203125,1050.27197265625,381.7420654296875,1072.85595703125,406.98028564453125,1037.849853515625,400.376708984375,1078.38525390625,437.832275390625,1020.8936767578125,420.1500549316406,1076.440185546875,464.7838439941406,1020.3627319335938,441.8077392578125,1058.396728515625,455.03204345703125,1034.23486328125,451.6214904785156,1061.478515625,496.7882995605469,1019.0885009765625,492.199951171875,1063.5,535.97802734375,1011.651611328125,530.4449462890625
1052.24609375,382.87664794921875,1055.6639404296875,379.2738037109375,1049.0703125,378.8480529785156,1061.5244140625,380.9847412109375,1043.1231689453125,379.7866516113281,1069.257080078125,404.40045166015625,1032.921875,399.4408264160156,1075.67333984375,434.70416259765625,1019.1187133789062,420.4584045410156,1073.3267822265625,463.37493896484375,1018.956787109375,442.07647705078125,1056.84716796875,453.9693603515625,1031.74169921875,451.26739501953125,1061.2032470703125,495.43450927734375,1016.9046630859375,491.88238525390625,1064.9857177734375,535.2400512695312,1012.1768188476562,530.6343383789062
1050.4207763671875,377.80828857421875,1054.845947265625,373.6756591796875,1047.3409423828125,372.763427734375,1060.7884521484375,376.08636474609375,1041.5440673828125,373.6368713378906,1065.9071044921875,398.8231201171875,1030.2882080078125,395.66632080078125,1072.889404296875,427.27105712890625,1016.0523681640625,422.21429443359375,1072.0897216796875,451.75836181640625,1016.7264404296875,448.43115234375,1053.3773193359375,449.5284118652344,1028.962890625,447.99102783203125,1061.199951171875,490.7894287109375,1016.7310791015625,489.7401123046875,1062.77587890625,530.670654296875,1008.8382568359375,529.515869140625
1045.1494140625,373.427001953125,1048.3472900390625,370.094482421875,1041.96630859375,369.6451416015625,1053.341064453125,371.75091552734375,1036.1043701171875,370.5396423339844,1060.6519775390625,392.9792175292969,1025.397705078125,389.2222595214844,1066.10400390625,421.73602294921875,1015.476806640625,413.95220947265625,1065.331787109375,447.9586181640625,1015.8653564453125,439.9351806640625,1051.363525390625,443.0146484375,1027.0888671875,441.02685546875,1058.8118896484375,487.5874328613281,1015.621337890625,485.04888916015625,1063.622802734375,530.8057861328125,1013.4376831054688,528.18798828125
1043.846923828125,368.6995849609375,1046.923583984375,365.3445739746094,1040.343994140625,364.94598388671875,1051.1435546875,367.5389404296875,1033.6224365234375,366.32220458984375,1058.4140625,389.32647705078125,1022.2135620117188,384.7196960449219,1063.105712890625,419.28271484375,1010.2764892578125,408.1109619140625,1061.9486083984375,445.1976013183594,1013.9937744140625,427.818115234375,1050.09619140625,439.01361083984375,1025.02392578125,436.7481994628906,1056.081298828125,483.6785888671875,1012.1673583984375,481.0994567871094,1063.0689697265625,527.88916015625,1011.4641723632812,525.1458740234375
1037.38720703125,364.14251708984375,1040.6986083984375,360.60540771484375,1033.8505859375,360.3416748046875,1046.153564453125,362.8682556152344,1027.7530517578125,362.00189208984375,1054.126220703125,385.1378173828125,1017.7484130859375,381.3353576660156,1059.71533203125,415.09124755859375,1005.651123046875,405.3080749511719,1058.631103515625,442.94183349609375,1010.519775390625,425.7565612792969,1047.42431640625,435.2203674316406,1022.445068359375,433.401611328125,1053.91796875,479.15936279296875,1011.5634155273438,477.2149658203125,1060.8809814453125,524.162109375,1011.597412109375,522.1372680664062
1034.346435546875,360.2529602050781,1037.85302734375,356.3427429199219,1030.4300537109375,356.2147216796875,1043.732666015625,357.60107421875,1023.739990234375,357.0643310546875,1051.1246337890625,378.81243896484375,1014.6575317382812,376.505615234375,1057.87255859375,407.3724060058594,1002.92724609375,401.3685302734375,1057.798583984375,435.4842224121094,1008.219970703125,423.038818359375,1045.021240234375,429.7129211425781,1020.3970947265625,428.6976318359375,1051.203125,473.3918151855469,1011.7628173828125,472.49139404296875,1055.750732421875,520.085693359375,1011.19384765625,519.3331909179688
1032.0989990234375,353.0814208984375,1036.3148193359375,348.7621765136719,1028.552734375,348.2861328125,1041.8299560546875,351.0509948730469,1022.5438232421875,349.6106872558594,1048.8853759765625,374.06292724609375,1011.8267211914062,372.501953125,1057.2025146484375,404.13201904296875,1000.0867309570312,401.6732177734375,1056.031982421875,426.34954833984375,1007.1450805664062,425.1103820800781,1041.94677734375,429.91693115234375,1017.2957153320312,429.50201416015625,1050.00537109375,475.042724609375,1014.2037353515625,474.9393310546875,1051.82421875,518.8670654296875,1012.4089965820312,518.5777587890625
1030.7327880859375,350.1378479003906,1034.5635986328125,345.7748107910156,1026.7796630859375,345.5688171386719,1039.15478515625,348.1017150878906,1020.10986328125,347.333740234375,1045.6103515625,371.1493835449219,1009.3916015625,370.47998046875,1053.801025390625,400.9626159667969,998.7998657226562,400.13299560546875,1053.1903076171875,423.04766845703125,1007.3087768554688,423.2313232421875,1040.6441650390625,426.5527038574219,1016.7141723632812,426.7313232421875,1048.305419921875,470.4476318359375,1015.3206787109375,470.8199462890625,1048.850341796875,514.7298583984375,1013.6416015625,515.0487670898438
1027.9599609375,347.59210205078125,1031.6593017578125,343.25396728515625,1024.1119384765625,343.24432373046875,1036.720947265625,345.7165222167969,1017.8076171875,345.5867614746094,1043.6822509765625,369.2330017089844,1008.6809692382812,369.0546569824219,1052.5494384765625,398.40985107421875,996.9223022460938,397.65252685546875,1052.595458984375,421.15350341796875,1000.68603515625,421.13421630859375,1037.989990234375,425.1246337890625,1015.189208984375,425.3291015625,1043.8385009765625,467.72283935546875,1014.1783447265625,468.144775390625,1043.3843994140625,511.0443420410156,1011.6904296875,511.3255920410156
1029.502685546875,346.6141052246094,1032.722900390625,342.5001525878906,1025.2357177734375,342.606689453125,1037.234130859375,344.02740478515625,1017.4505615234375,344.015625,1043.818603515625,366.55804443359375,1006.8765869140625,367.0351867675781,1051.4066162109375,393.7723388671875,995.50390625,394.56719970703125,1053.0107421875,422.41204833984375,997.3802490234375,421.0936279296875,1038.0360107421875,421.8485107421875,1014.2884521484375,422.34521484375,1040.936767578125,464.3952941894531,1009.70068359375,465.7135009765625,1039.153564453125,506.06573486328125,1009.1085205078125,509.2085266113281
1027.4417724609375,345.0041198730469,1031.017822265625,340.3708190917969,1023.1278076171875,340.4140625,1035.611328125,342.84967041015625,1015.6228637695312,342.81915283203125,1042.3173828125,367.36126708984375,1004.139892578125,367.302978515625,1052.257568359375,396.61676025390625,991.42041015625,396.42852783203125,1050.6845703125,422.4502258300781,996.136474609375,423.14959716796875,1035.52099609375,424.10260009765625,1010.8222045898438,424.31781005859375,1038.8548583984375,466.6542663574219,1009.658203125,466.82073974609375,1036.524658203125,508.98504638671875,1008.3731689453125,509.16558837890625
1027.46484375,343.2657470703125,1030.971435546875,339.40362548828125,1023.3411254882812,339.19696044921875,1035.66455078125,341.828125,1015.7045288085938,341.03509521484375,1041.8707275390625,365.18829345703125,1004.75537109375,365.30645751953125,1051.626220703125,391.1952209472656,993.85107421875,393.339111328125,1055.5968017578125,416.4532470703125,995.5947265625,421.0211181640625,1035.455078125,420.8533630371094,1012.3156127929688,421.17987060546875,1034.676513671875,463.6661682128906,1009.14208984375,464.53045654296875,1030.2081298828125,505.4820556640625,1009.693603515625,507.839599609375
1026.07275390625,343.565185546875,1030.24560546875,339.1972961425781,1022.267333984375,338.5582275390625,1035.732666015625,341.8712463378906,1015.1035766601562,339.996337890625,1041.331787109375,365.9341735839844,1003.3028564453125,363.69342041015625,1052.2254638671875,395.13287353515625,990.1966552734375,391.94097900390625,1053.7652587890625,420.1170654296875,993.94775390625,418.0771179199219,1030.541259765625,422.99896240234375,1006.353759765625,422.11956787109375,1030.1783447265625,466.93316650390625,1006.034423828125,466.413818359375,1026.2828369140625,508.06292724609375,1004.5628662109375,507.5409851074219
1026.055908203125,344.1029052734375,1030.6591796875,339.93212890625,1022.513427734375,338.7894592285156,1036.4947509765625,342.82952880859375,1015.365478515625,339.5542297363281,1041.1357421875,366.4021911621094,1002.6915893554688,362.71185302734375,1053.207763671875,394.6900634765625,990.0350341796875,390.065673828125,1057.7193603515625,418.47161865234375,994.322509765625,415.0504150390625,1027.9031982421875,421.5769958496094,1003.28173828125,420.0779113769531,1028.41748046875,465.73504638671875,1001.9476318359375,464.867919921875,1025.6263427734375,506.3833923339844,999.6484375,505.5322265625
1026.1923828125,343.54803466796875,1030.666015625,339.3921813964844,1022.7364501953125,338.29986572265625,1036.09228515625,342.160888671875,1015.7140502929688,338.960205078125,1039.7705078125,365.5130310058594,1002.884033203125,362.0257873535156,1052.16015625,393.74493408203125,989.7706298828125,389.8267822265625,1059.6463623046875,419.3128662109375,992.8714599609375,416.6338806152344,1026.281005859375,420.3670654296875,1002.542236328125,419.03387451171875,1028.985595703125,463.471923828125,1000.7132568359375,462.76702880859375,1027.1727294921875,503.4649658203125,997.081787109375,502.9508056640625
1027.5029296875,343.38739013671875,1031.682373046875,339.4183654785156,1024.471435546875,338.31048583984375,1036.404541015625,341.64544677734375,1017.7730712890625,338.2621765136719,1039.254638671875,362.99322509765625,1003.28466796875,359.10040283203125,1050.95751953125,390.0222473144531,987.2462768554688,385.3231201171875,1059.5487060546875,413.98858642578125,988.375732421875,411.4697570800781,1023.5155029296875,414.6627502441406,1000.1046142578125,413.19915771484375,1029.36572265625,456.415283203125,997.27294921875,455.6417541503906,1029.86865234375,496.79815673828125,993.1885986328125,496.2391357421875
1024.3223876953125,342.7698974609375,1028.2265625,338.7130126953125,1021.0147705078125,337.9565734863281,1032.94189453125,340.8843994140625,1014.1834716796875,338.5110778808594,1037.903564453125,362.35699462890625,999.71435546875,359.444580078125,1049.55224609375,388.06439208984375,982.75244140625,384.24395751953125,1054.2335205078125,408.0947265625,984.4580078125,406.32830810546875,1024.080810546875,413.40814208984375,998.9501953125,412.3464660644531,1030.4366455078125,454.80145263671875,993.4720458984375,454.19683837890625,1030.9052734375,495.85296630859375,988.6624145507812,495.3876953125
1022.3713989257812,341.8226623535156,1025.8955078125,337.7931213378906,1019.2471923828125,337.2786560058594,1030.5208740234375,339.3792724609375,1013.0025634765625,337.732421875,1036.9783935546875,359.38995361328125,999.3824462890625,357.06805419921875,1048.1798095703125,384.56622314453125,980.9606323242188,380.76397705078125,1051.348388671875,405.32806396484375,979.8563232421875,403.5449523925781,1024.278076171875,408.9808044433594,999.5347900390625,408.0312194824219,1030.671142578125,449.7349548339844,992.0586547851562,449.10772705078125,1031.617919921875,491.26654052734375,986.73876953125,490.64453125
1018.6298828125,339.42047119140625,1021.9887084960938,335.77008056640625,1015.00537109375,335.1484680175781,1026.244384765625,337.3411560058594,1007.0824584960938,335.4416198730469,1033.0361328125,358.1666259765625,993.56201171875,355.1002197265625,1043.6632080078125,379.76837158203125,976.5623779296875,377.558349609375,1047.3123779296875,398.96087646484375,976.6389770507812,404.3940124511719,1023.7937622070312,407.3412780761719,997.109375,405.9299011230469,1027.366943359375,449.531982421875,985.4935913085938,447.3504638671875,1025.544921875,491.6923828125,977.1143188476562,489.18402099609375
1015.728515625,340.05328369140625,1019.0186767578125,336.00811767578125,1012.5855712890625,335.6983642578125,1023.4053955078125,337.2784423828125,1006.837646484375,336.2137451171875,1031.408203125,356.89892578125,993.9205322265625,355.205078125,1042.509765625,381.56097412109375,975.3699951171875,378.6990966796875,1045.29443359375,402.48333740234375,972.9449462890625,401.2965087890625,1019.5643310546875,405.8250732421875,994.3712768554688,404.967529296875,1027.674072265625,446.1728515625,980.151611328125,445.63299560546875,1028.68994140625,487.8917541503906,970.1121826171875,487.5128173828125
1014.0302124023438,339.7630615234375,1017.255859375,336.2748107910156,1010.5670166015625,335.5928955078125,1021.6397705078125,337.3556213378906,1002.6165771484375,335.32318115234375,1028.8748779296875,357.7810363769531,987.951904296875,354.9326477050781,1039.671142578125,379.5928955078125,970.5569458007812,379.20001220703125,1046.5516357421875,398.340576171875,966.9790649414062,410.31280517578125,1017.6172485351562,407.65936279296875,989.1461181640625,406.1679382324219,1026.4581298828125,449.8758544921875,972.6964111328125,447.18426513671875,1027.978515625,491.2076110839844,961.3695068359375,487.9044189453125
1011.60302734375,341.89501953125,1014.66162109375,338.47796630859375,1008.33349609375,337.832763671875,1018.9517822265625,340.03839111328125,1000.86181640625,338.10565185546875,1026.126220703125,360.60675048828125,987.1077880859375,358.089599609375,1038.3414306640625,381.61907958984375,967.92822265625,380.52117919921875,1044.6973876953125,402.0025634765625,962.7689208984375,409.9056396484375,1016.8990478515625,408.7401123046875,988.9273681640625,407.49566650390625,1026.9765625,450.1058349609375,967.7924194335938,448.155029296875,1032.6083984375,492.8291931152344,953.4105224609375,490.61517333984375
1004.0194091796875,347.5007629394531,1007.620361328125,344.02410888671875,1001.11376953125,343.6109313964844,1013.6372680664062,344.87139892578125,995.8233642578125,343.850830078125,1021.4600830078125,362.7124328613281,984.5677490234375,362.014892578125,1035.56494140625,382.34906005859375,966.122802734375,384.150146484375,1044.6693115234375,401.3852233886719,958.306884765625,410.56805419921875,1011.60791015625,409.197021484375,984.4852294921875,408.17645263671875,1025.7730712890625,447.5782470703125,964.5230712890625,446.1871032714844,1034.94970703125,492.01470947265625,948.684326171875,489.9881591796875
1000.587890625,352.6943664550781,1003.754638671875,349.1022033691406,997.162353515625,349.07098388671875,1008.9838256835938,349.4471435546875,991.3383178710938,349.2972412109375,1017.6444091796875,366.5488586425781,981.9075927734375,366.4351501464844,1032.828125,385.2058410644531,964.5606689453125,387.530029296875,1043.282470703125,403.54833984375,957.3869018554688,412.58685302734375,1010.089111328125,412.01556396484375,983.1502075195312,411.0279541015625,1023.9237670898438,448.82025146484375,958.4366455078125,447.0443115234375,1035.78271484375,492.67669677734375,940.83837890625,489.214111328125
993.7203369140625,358.65069580078125,996.878173828125,355.19085693359375,990.931640625,355.1291198730469,1002.9879150390625,355.1923828125,986.75048828125,355.017822265625,1012.602294921875,371.1043395996094,978.4168701171875,371.214111328125,1028.556640625,389.2599792480469,961.4203491210938,392.4947509765625,1039.15234375,407.46502685546875,956.3746948242188,418.083251953125,1007.3399047851562,415.68316650390625,980.953125,414.74102783203125,1021.7869873046875,450.11236572265625,953.8326416015625,448.3267822265625,1036.45849609375,493.2125244140625,935.6011962890625,489.4430236816406
986.8914794921875,360.2527770996094,989.433837890625,356.4782409667969,983.3045654296875,357.0714111328125,994.023193359375,356.09417724609375,977.704345703125,357.48602294921875,1005.453125,371.7433776855469,969.1226806640625,374.1006774902344,1021.832275390625,389.48126220703125,953.34765625,395.95947265625,1031.30712890625,406.6805419921875,951.3601684570312,418.3083801269531,1002.3026123046875,417.23699951171875,974.2879638671875,417.5225830078125,1017.3737182617188,450.5664367675781,947.8815307617188,450.024658203125,1035.6787109375,492.65142822265625,934.6859130859375,489.79376220703125
973.0856323242188,355.249267578125,976.1832275390625,350.706298828125,970.0391845703125,351.0888671875,981.7472534179688,350.8869323730469,966.2763061523438,351.83465576171875,994.630615234375,368.55029296875,958.1019287109375,370.3580322265625,1012.0512084960938,387.2550048828125,942.5106201171875,390.74786376953125,1020.8309326171875,405.9853820800781,938.1693115234375,408.689697265625,995.0509643554688,410.8772277832031,969.17333984375,411.70819091796875,1013.2662963867188,449.1409606933594,947.3281860351562,449.65289306640625,1031.278076171875,493.4228210449219,943.0262451171875,493.84356689453125
958.5504150390625,349.32794189453125,961.1881103515625,345.3649597167969,955.4583740234375,346.0042724609375,968.2276611328125,346.2355651855469,951.6963500976562,348.0552062988281,982.744384765625,365.2660217285156,945.666015625,366.8726806640625,1001.2093505859375,387.61578369140625,934.0111083984375,389.4004211425781,1006.8403930664062,405.49505615234375,938.1949462890625,407.0761413574219,983.801513671875,409.8260192871094,956.3058471679688,411.3223571777344,1006.4800415039062,446.892333984375,944.0869140625,446.9847106933594,1030.97607421875,489.8363037109375,946.145751953125,487.9891662597656
942.6040649414062,340.7681884765625,945.9105834960938,336.80584716796875,940.0643310546875,337.4189758300781,955.7633056640625,338.3104248046875,937.98095703125,340.29547119140625,971.5445556640625,357.9901123046875,934.22314453125,361.87542724609375,987.0928955078125,379.3448486328125,929.429931640625,386.24188232421875,989.1989135742188,396.50054931640625,941.6561279296875,399.98211669921875,976.25537109375,406.8865966796875,948.8280029296875,409.72723388671875,999.31982421875,445.28021240234375,942.0660400390625,447.7861633300781,1022.8471069335938,487.5535583496094,948.2737426757812,489.52679443359375
942.2869873046875,340.2091064453125,945.016845703125,336.3543701171875,938.7230224609375,337.1168212890625,951.223388671875,337.4019470214844,934.00439453125,339.412353515625,962.783935546875,354.60504150390625,927.396484375,359.756591796875,979.0867309570312,374.3345031738281,924.943115234375,385.1097106933594,991.6890869140625,392.4664306640625,934.1785888671875,401.2708740234375,966.2076416015625,401.9601745605469,941.51953125,405.69415283203125,987.870849609375,441.3166809082031,941.940673828125,445.2287292480469,1005.1629638671875,483.3227233886719,948.9097900390625,487.94378662109375
928.4732666015625,335.7681884765625,931.154541015625,331.83251953125,924.7695922851562,332.8801574707031,938.0892333984375,333.1924743652344,920.47802734375,335.8849792480469,950.8862915039062,349.1844482421875,914.9624633789062,355.9042053222656,969.4846801757812,368.1682434082031,916.4529418945312,381.5741271972656,981.1131591796875,381.71258544921875,928.1614990234375,390.8661804199219,955.2636108398438,393.34197998046875,931.0172119140625,397.71612548828125,975.1268920898438,435.6277770996094,939.5571899414062,440.72991943359375,983.6511840820312,477.96923828125,944.502685546875,484.8712463378906
924.3851318359375,332.83770751953125,926.559326171875,328.34710693359375,920.3919677734375,329.0063171386719,928.7744140625,328.2814636230469,914.0755004882812,329.5910339355469,935.6716918945312,344.0755310058594,907.0361328125,347.0646057128906,952.0968017578125,362.2484130859375,901.252685546875,369.153564453125,964.5353393554688,374.46722412109375,910.7197265625,379.748291015625,942.2813720703125,391.9854736328125,924.1890869140625,394.26177978515625,951.6381225585938,435.26580810546875,930.3983154296875,437.0942687988281,957.4117431640625,478.35919189453125,934.3726806640625,480.46527099609375
912.4172973632812,335.3514404296875,913.6553955078125,330.245849609375,907.5760498046875,331.77484130859375,915.350830078125,329.32086181640625,900.328857421875,333.0926208496094,924.863525390625,344.40594482421875,896.092041015625,350.912109375,949.3731689453125,360.64544677734375,892.9956665039062,373.7963562011719,969.7928466796875,385.9333190917969,898.920654296875,394.323974609375,934.6971435546875,393.248779296875,917.1763916015625,396.8123474121094,941.608642578125,433.3299560546875,923.9976196289062,436.24127197265625,944.228515625,471.8009948730469,925.36376953125,475.25494384765625
893.921875,329.480224609375,894.7862548828125,325.85772705078125,892.253662109375,326.0423889160156,895.5902709960938,328.4768981933594,895.8787841796875,328.3152770996094,897.3739013671875,345.37542724609375,898.138916015625,346.6368408203125,900.592041015625,359.76239013671875,899.1456298828125,365.3837890625,907.0997314453125,366.476806640625,899.0953369140625,378.31256103515625,912.222412109375,393.30328369140625,913.3663330078125,394.76751708984375,921.94482421875,433.9814453125,921.815185546875,435.057373046875,919.4722900390625,470.77276611328125,917.2310791015625,470.5002136230469
884.0677490234375,331.0249938964844,885.5467529296875,326.64385986328125,880.10009765625,328.06036376953125,890.2646484375,326.39697265625,876.0604248046875,329.41888427734375,900.98095703125,341.38067626953125,875.6182250976562,346.97930908203125,917.34716796875,356.8087158203125,871.7060546875,368.38616943359375,923.0750732421875,371.29986572265625,875.5142211914062,384.04339599609375,911.0967407226562,390.895751953125,897.4224243164062,393.8062744140625,912.3638305664062,433.68450927734375,915.5211181640625,436.387939453125,903.283203125,471.9044189453125,918.3173828125,474.39312744140625
875.173583984375,331.38397216796875,877.1632690429688,327.45849609375,871.8714599609375,328.3447265625,882.0613403320312,326.10302734375,869.0916137695312,328.22137451171875,893.2666015625,337.359375,866.5054931640625,341.4652404785156,916.5027465820312,341.564697265625,852.7412109375,349.65728759765625,931.67822265625,336.31939697265625,845.9083251953125,341.82122802734375,900.4129028320312,387.68707275390625,888.0675048828125,390.16473388671875,894.9998779296875,431.9371032714844,910.1541748046875,434.66204833984375,889.406494140625,471.8709411621094,923.9080810546875,474.652099609375
864.743896484375,327.15997314453125,866.0242309570312,323.57891845703125,862.2918090820312,324.13494873046875,869.0429077148438,324.34136962890625,860.94970703125,325.3099365234375,878.885498046875,337.44317626953125,858.266845703125,339.85284423828125,888.3096923828125,339.9754943847656,843.93994140625,345.40032958984375,883.435791015625,325.7403869628906,836.6614379882812,337.6199951171875,893.2597045898438,392.3780822753906,883.8624267578125,394.3512268066406,885.2061767578125,437.7715759277344,904.7034912109375,439.6333923339844,880.5263671875,473.81298828125,918.68896484375,475.46112060546875
852.4674072265625,322.7308349609375,853.7109375,319.37091064453125,850.0892944335938,320.2134094238281,857.4052734375,320.02447509765625,849.27880859375,321.929931640625,868.0560302734375,330.9962158203125,847.0219116210938,334.3665771484375,879.7606201171875,335.7007141113281,830.1134033203125,339.80255126953125,877.9678344726562,325.58465576171875,822.4036865234375,331.4993591308594,881.0355834960938,378.124755859375,870.2803955078125,380.7426452636719,875.474609375,423.2936096191406,884.9152221679688,426.31842041015625,872.9263916015625,463.59765625,893.3154296875,467.0917053222656
0.0,0.0,0.0,0.0,0.0,0.0,0.0,0.0,0.0,0.0,0.0,0.0,0.0,0.0,0.0,0.0,0.0,0.0,0.0,0.0,0.0,0.0,0.0,0.0,0.0,0.0,0.0,0.0,0.0,0.0,0.0,0.0,0.0,0.0
836.2056884765625,315.048828125,837.011474609375,311.2765808105469,833.1787719726562,311.7781982421875,838.833984375,312.844482421875,828.795654296875,313.5265197753906,848.7073974609375,324.26812744140625,824.4415283203125,326.8203430175781,870.0670166015625,324.8816223144531,809.934326171875,330.73223876953125,867.7509155273438,313.32708740234375,803.9556884765625,322.4150085449219,861.409423828125,371.04193115234375,847.3855590820312,373.0306396484375,864.9359130859375,414.2353820800781,863.8775634765625,416.71697998046875,855.716796875,451.75665283203125,857.7462158203125,454.2525634765625
820.7114868164062,308.5339660644531,819.1188354492188,304.58203125,820.449462890625,303.3931884765625,813.5892333984375,306.12969970703125,828.5615844726562,300.9190673828125,810.1294555664062,319.9234619140625,839.3634033203125,306.8788757324219,800.88720703125,337.9042053222656,858.9197998046875,306.9221496582031,798.9819946289062,337.79547119140625,853.5284423828125,299.38067626953125,832.0494384765625,354.0604248046875,850.2236328125,349.4358215332031,846.7857666015625,406.61773681640625,860.5572509765625,398.9034118652344,843.5652465820312,452.80535888671875,855.2835693359375,440.41595458984375
844.7872924804688,299.2451171875,844.724365234375,295.4624938964844,841.141357421875,295.5616455078125,839.163330078125,297.90057373046875,831.2958984375,297.13372802734375,837.6142578125,315.36749267578125,822.2008056640625,314.04595947265625,843.9618530273438,335.2801513671875,807.38720703125,330.2059326171875,849.8060302734375,344.26593017578125,806.1046142578125,341.5112609863281,842.99267578125,364.16912841796875,831.7314453125,364.6204833984375,856.5546875,408.861328125,828.986083984375,409.0892028808594,859.853759765625,448.70172119140625,811.9893798828125,451.5029296875
804.7556762695312,306.1064453125,803.7265625,302.26617431640625,802.539306640625,302.2327880859375,800.6612548828125,307.2151184082031,805.8779296875,304.77978515625,800.3411865234375,326.4083251953125,815.6189575195312,316.91497802734375,794.0670776367188,328.23175048828125,824.7409057617188,302.93402099609375,790.9459228515625,317.31121826171875,819.235107421875,284.73541259765625,820.6166381835938,368.768798828125,834.6427001953125,365.12664794921875,809.0390625,411.4068603515625,853.330810546875,405.544189453125,787.7250366210938,449.8803405761719,862.8670654296875,440.54296875
787.2601318359375,309.35589599609375,788.3662719726562,304.706298828125,782.9044189453125,305.93603515625,792.7718505859375,305.4293212890625,777.9409790039062,307.4561767578125,804.399658203125,320.56011962890625,779.263916015625,321.4319152832031,801.7454833984375,333.3245849609375,766.2100219726562,329.7942810058594,780.62939453125,335.5144958496094,764.500244140625,334.23712158203125,829.8311767578125,365.19317626953125,807.5118408203125,367.1175537109375,853.8301391601562,404.882080078125,790.9117431640625,405.7762756347656,868.692138671875,442.36358642578125,771.418212890625,440.597900390625
771.88818359375,314.3291015625,774.3048095703125,310.2415466308594,767.5411987304688,310.9397277832031,782.69384765625,312.8214416503906,764.416015625,313.86968994140625,795.516845703125,328.0147399902344,771.0250854492188,328.2198181152344,795.7325439453125,324.069091796875,758.2362060546875,326.5159912109375,769.4581298828125,298.3513488769531,747.9713134765625,321.8675537109375,823.2845458984375,371.2830505371094,800.896728515625,371.7791748046875,851.72607421875,404.8083801269531,782.1615600585938,402.592041015625,868.0021362304688,440.64501953125,761.3033447265625,433.8287353515625
759.688232421875,317.52349853515625,761.9951782226562,313.6072692871094,758.35498046875,313.6623229980469,771.0016479492188,314.3731384277344,765.1041259765625,313.15753173828125,777.042236328125,329.57196044921875,776.5497436523438,324.92291259765625,764.5693969726562,341.6163635253906,764.7337646484375,333.01654052734375,745.4854736328125,330.9658203125,746.6681518554688,326.92706298828125,798.629150390625,371.2701416015625,805.3851928710938,368.2792053222656,772.063720703125,405.0515441894531,829.8561401367188,400.3817138671875,743.7332153320312,440.3423767089844,846.7716064453125,430.37115478515625
755.9985961914062,321.7486572265625,758.2593383789062,318.71746826171875,754.009521484375,319.2041320800781,766.4835815429688,321.3478698730469,754.7531127929688,322.6567077636719,780.4974365234375,334.26318359375,754.9048461914062,340.56085205078125,799.6078491210938,335.0295104980469,750.8883666992188,345.46966552734375,801.0162963867188,323.883056640625,746.470703125,331.133056640625,800.314208984375,375.87005615234375,775.9423828125,381.11041259765625,838.114501953125,403.61517333984375,754.271728515625,411.1901550292969,868.878173828125,431.81011962890625,731.2046508789062,442.6270751953125
744.7213745117188,326.788818359375,747.0601806640625,323.768310546875,744.3468017578125,324.0458679199219,755.953125,323.9661560058594,747.6939697265625,324.9168701171875,767.0161743164062,334.6941833496094,747.0139770507812,340.9092712402344,777.011962890625,342.9391174316406,733.4166870117188,353.362060546875,776.2449951171875,333.3695983886719,725.4420166015625,339.61767578125,786.273681640625,378.31622314453125,768.64111328125,383.34002685546875,814.3721923828125,404.89630126953125,755.11376953125,412.7311706542969,842.342041015625,428.9583740234375,743.6197509765625,440.5712585449219
0.0,0.0,0.0,0.0,0.0,0.0,0.0,0.0,0.0,0.0,0.0,0.0,0.0,0.0,0.0,0.0,0.0,0.0,0.0,0.0,0.0,0.0,0.0,0.0,0.0,0.0,0.0,0.0,0.0,0.0,0.0,0.0,0.0,0.0
0.0,0.0,0.0,0.0,0.0,0.0,0.0,0.0,0.0,0.0,0.0,0.0,0.0,0.0,0.0,0.0,0.0,0.0,0.0,0.0,0.0,0.0,0.0,0.0,0.0,0.0,0.0,0.0,0.0,0.0,0.0,0.0,0.0,0.0
0.0,0.0,0.0,0.0,0.0,0.0,0.0,0.0,0.0,0.0,0.0,0.0,0.0,0.0,0.0,0.0,0.0,0.0,0.0,0.0,0.0,0.0,0.0,0.0,0.0,0.0,0.0,0.0,0.0,0.0,0.0,0.0,0.0,0.0
0.0,0.0,0.0,0.0,0.0,0.0,0.0,0.0,0.0,0.0,0.0,0.0,0.0,0.0,0.0,0.0,0.0,0.0,0.0,0.0,0.0,0.0,0.0,0.0,0.0,0.0,0.0,0.0,0.0,0.0,0.0,0.0,0.0,0.0
0.0,0.0,0.0,0.0,0.0,0.0,0.0,0.0,0.0,0.0,0.0,0.0,0.0,0.0,0.0,0.0,0.0,0.0,0.0,0.0,0.0,0.0,0.0,0.0,0.0,0.0,0.0,0.0,0.0,0.0,0.0,0.0,0.0,0.0
747.2769775390625,336.07659912109375,749.819580078125,332.4288330078125,743.9458618164062,332.7625732421875,756.1927490234375,333.02569580078125,739.6912841796875,333.94677734375,766.3463134765625,348.41015625,738.8832397460938,350.886474609375,781.8597412109375,368.59942626953125,736.1563720703125,372.48626708984375,778.9156494140625,387.66107177734375,739.64208984375,391.5404052734375,773.7071533203125,381.6407470703125,751.194091796875,383.3383483886719,795.9820556640625,411.135986328125,731.5787353515625,412.53125,813.6295166015625,444.54876708984375,718.1543579101562,445.1485290527344
0.0,0.0,0.0,0.0,0.0,0.0,0.0,0.0,0.0,0.0,0.0,0.0,0.0,0.0,0.0,0.0,0.0,0.0,0.0,0.0,0.0,0.0,0.0,0.0,0.0,0.0,0.0,0.0,0.0,0.0,0.0,0.0,0.0,0.0
0.0,0.0,0.0,0.0,0.0,0.0,0.0,0.0,0.0,0.0,0.0,0.0,0.0,0.0,0.0,0.0,0.0,0.0,0.0,0.0,0.0,0.0,0.0,0.0,0.0,0.0,0.0,0.0,0.0,0.0,0.0,0.0,0.0,0.0
767.7354736328125,319.57843017578125,770.2037353515625,315.79888916015625,764.201904296875,316.39398193359375,776.2127685546875,315.54595947265625,759.0665893554688,317.006103515625,787.4447021484375,331.6506652832031,753.0366821289062,335.84161376953125,803.4424438476562,349.1827697753906,746.214599609375,359.6107177734375,808.95947265625,360.0433044433594,751.128662109375,376.2076721191406,787.7293701171875,378.07537841796875,761.7445678710938,380.5095520019531,807.7644653320312,408.1599426269531,745.5513305664062,410.49835205078125,815.1690673828125,439.2990417480469,728.8414916992188,441.7625732421875
775.4783935546875,318.06866455078125,778.0330810546875,313.9576721191406,771.4154052734375,314.68170166015625,783.5795288085938,314.0438232421875,765.2957763671875,315.8537292480469,795.80419921875,332.0281677246094,757.583740234375,335.5389404296875,810.9874877929688,354.11669921875,751.190185546875,360.17486572265625,816.050048828125,375.17144775390625,758.381591796875,381.03521728515625,794.74609375,378.2603759765625,765.9490356445312,380.5989074707031,815.96142578125,409.2270812988281,749.4270629882812,411.539306640625,821.2798461914062,442.0842590332031,733.2307739257812,444.38800048828125
782.3076782226562,318.0943603515625,785.5216064453125,314.50274658203125,778.6865844726562,314.4046630859375,792.1329345703125,314.6831970214844,772.2059326171875,314.26080322265625,802.021240234375,329.673828125,764.9468383789062,332.15008544921875,821.2060546875,340.05145263671875,753.9003295898438,353.511474609375,827.3003540039062,343.1322021484375,756.8521728515625,372.5730285644531,801.036376953125,377.0609436035156,773.837890625,377.7448425292969,816.6271362304688,409.79412841796875,755.7536010742188,409.60858154296875,824.3570556640625,446.8157958984375,738.8682250976562,445.67376708984375
787.907470703125,318.9971008300781,790.5703125,315.2682189941406,784.1588745117188,315.44476318359375,795.72021484375,315.77154541015625,777.3955078125,315.8920593261719,804.8905029296875,334.11431884765625,768.4817504882812,334.6567077636719,817.68603515625,357.7265625,757.4046020507812,359.02984619140625,821.0996704101562,381.5937194824219,760.9822387695312,382.10888671875,802.810791015625,377.043701171875,775.671630859375,377.6119079589844,822.563232421875,411.81842041015625,758.802734375,412.40313720703125,835.3389892578125,450.100830078125,747.4529418945312,451.297119140625
793.35400390625,320.9123840332031,796.4639282226562,317.3116760253906,790.571044921875,317.14080810546875,803.247802734375,318.2005310058594,785.4619140625,317.6663513183594,812.8130493164062,336.6033935546875,776.5014038085938,336.81146240234375,828.5233154296875,360.12030029296875,763.6219482421875,361.0525817871094,832.2687377929688,384.8160095214844,765.4546508789062,385.967529296875,809.397216796875,380.6371765136719,782.2188720703125,381.2237548828125,829.6038208007812,413.70330810546875,764.8665161132812,414.5565185546875,848.483154296875,450.75531005859375,756.7572021484375,453.23931884765625
799.2460327148438,327.01019287109375,802.3167724609375,323.265380859375,796.1021118164062,323.33905029296875,809.0782470703125,324.2840576171875,791.2186279296875,324.4921875,819.1552734375,343.47174072265625,783.3812255859375,343.83447265625,831.3232421875,368.55438232421875,774.134521484375,368.5968017578125,838.4591064453125,395.4366760253906,771.349853515625,395.2633056640625,816.07958984375,384.60791015625,789.0252685546875,385.4046630859375,839.5764770507812,418.89337158203125,772.8345947265625,419.3880615234375,859.38671875,456.3886413574219,766.8600463867188,457.5677490234375
807.2290649414062,335.8887939453125,810.0076904296875,332.0986328125,803.4613037109375,332.209228515625,814.2218627929688,332.57672119140625,796.2918701171875,332.8580322265625,822.489013671875,350.22760009765625,785.3974609375,351.6843566894531,833.1527099609375,376.1197814941406,777.4898681640625,379.28662109375,839.0762939453125,403.8341064453125,778.836181640625,407.69036865234375,818.6738891601562,388.335205078125,791.1085205078125,390.12640380859375,842.5343627929688,423.3192443847656,778.3497314453125,425.1363830566406,861.5621337890625,462.19036865234375,777.2352294921875,465.1456604003906
807.9610595703125,338.0097961425781,811.2958374023438,334.26690673828125,804.572998046875,334.3028259277344,817.0750732421875,336.0563049316406,798.533935546875,336.2818603515625,825.2335205078125,355.11456298828125,788.1209716796875,357.766357421875,837.1485595703125,380.817138671875,780.8194580078125,386.72503662109375,842.7782592773438,408.79058837890625,783.8193359375,414.52081298828125,821.9067993164062,394.32110595703125,795.124755859375,396.8799133300781,844.9466552734375,425.4765930175781,787.7139892578125,428.78594970703125,862.8629150390625,463.051513671875,790.5555419921875,468.9344787597656
808.3626708984375,341.4909362792969,811.34912109375,337.74359130859375,804.8065185546875,338.06982421875,816.01123046875,339.273681640625,798.4931640625,340.2572937011719,823.4111938476562,357.0945739746094,788.32763671875,361.34185791015625,836.7645263671875,380.9827880859375,782.1273193359375,389.171630859375,844.78076171875,408.903076171875,787.7653198242188,412.391845703125,821.7203979492188,396.6764831542969,796.9132080078125,400.29608154296875,844.7312622070312,426.6982421875,794.9111938476562,431.705078125,863.3732299804688,461.63800048828125,801.4295654296875,469.90087890625
808.6998291015625,343.16973876953125,811.4027709960938,339.3802795410156,804.9248657226562,339.8148193359375,815.29541015625,340.55096435546875,797.9384765625,341.6717834472656,822.3359375,357.89093017578125,787.416015625,362.4908752441406,836.489013671875,380.56121826171875,780.20263671875,389.7174072265625,845.060302734375,407.4057312011719,788.154296875,412.23443603515625,822.484375,399.04425048828125,797.93359375,403.0778503417969,847.0478515625,428.76849365234375,798.1437377929688,434.20037841796875,865.6890869140625,463.2982177734375,804.8514404296875,471.96478271484375
806.2395629882812,342.2733154296875,808.99365234375,338.3424072265625,802.579345703125,338.9729309082031,813.90283203125,339.6603088378906,796.3104248046875,341.2527160644531,821.9796142578125,357.23309326171875,786.2122192382812,362.59844970703125,835.70166015625,379.76568603515625,778.945556640625,389.5950622558594,843.0845947265625,407.30078125,789.2590942382812,411.0066833496094,822.8417358398438,399.15362548828125,797.7008056640625,403.6549072265625,849.4850463867188,431.1658630371094,800.9959716796875,437.368408203125,865.313720703125,465.0152587890625,805.3756103515625,475.00018310546875
806.6142578125,338.28106689453125,809.0655517578125,334.3043212890625,802.5569458007812,335.07281494140625,813.13623046875,335.94500732421875,795.473876953125,337.6876220703125,820.5554809570312,354.28839111328125,785.6798095703125,359.33050537109375,834.78173828125,376.6095886230469,777.1219482421875,386.0130615234375,842.78125,402.8160095214844,788.119384765625,407.4927978515625,821.9996337890625,397.2291259765625,797.7197265625,401.54095458984375,847.7841796875,429.296875,802.2368774414062,434.92498779296875,862.3167724609375,465.8126220703125,805.8511962890625,474.6451721191406
807.1212158203125,336.5911560058594,809.276123046875,332.4456481933594,802.6956787109375,333.3540344238281,811.9862060546875,334.215576171875,794.4593505859375,336.12091064453125,817.8463134765625,352.53753662109375,783.4111328125,357.75946044921875,830.8055419921875,375.481689453125,775.1716918945312,385.4226379394531,840.5941772460938,402.66522216796875,789.689453125,407.7247009277344,818.7996826171875,395.712158203125,794.8673095703125,400.29962158203125,845.360107421875,427.14068603515625,801.8880615234375,433.0990905761719,857.2135009765625,464.92572021484375,804.5952758789062,474.3734436035156
799.9707641601562,332.9776611328125,801.370361328125,328.8740234375,795.8636474609375,330.19366455078125,803.564697265625,330.064697265625,788.3758544921875,333.07696533203125,811.597412109375,345.4233703613281,778.878662109375,353.7538146972656,827.2530517578125,362.7589111328125,773.3919067382812,379.8683166503906,832.9576416015625,382.974609375,785.0751342773438,400.48675537109375,816.4013671875,389.5791015625,793.9078369140625,395.36578369140625,839.2015380859375,423.05511474609375,802.3298950195312,430.31463623046875,849.066650390625,460.0611877441406,804.2113037109375,471.032958984375
789.3689575195312,322.2137145996094,791.76953125,318.4017333984375,786.024169921875,319.6214904785156,798.0780029296875,319.79132080078125,782.06689453125,322.98553466796875,809.5513916015625,334.197021484375,776.3243408203125,344.0359802246094,826.5975341796875,349.2717590332031,772.3211059570312,370.91986083984375,824.3817138671875,358.9582214355469,780.4637451171875,388.0815124511719,815.4593505859375,378.89459228515625,793.1334228515625,384.7294006347656,833.1355590820312,415.7376708984375,799.4935302734375,422.8883056640625,841.697998046875,455.6357116699219,803.2677001953125,465.9494934082031
787.421630859375,316.0438537597656,789.432861328125,312.13262939453125,783.5158081054688,313.4573059082031,794.0875854492188,313.3365783691406,778.3740234375,316.72344970703125,804.9764404296875,328.3382568359375,773.0618896484375,338.3598937988281,824.6112670898438,344.3201904296875,769.8040771484375,364.8018798828125,825.272216796875,356.52813720703125,776.2359008789062,377.08642578125,811.8416748046875,375.6739501953125,791.1982421875,381.47589111328125,824.192138671875,413.4864501953125,798.05322265625,421.3475646972656,826.6023559570312,451.811767578125,798.4645385742188,463.04644775390625
782.08154296875,316.5177001953125,784.1129150390625,311.39398193359375,777.1891479492188,313.11517333984375,788.6439208984375,310.91357421875,771.25830078125,315.50250244140625,801.42236328125,328.2516174316406,766.829833984375,335.1573181152344,821.150634765625,346.799072265625,765.7852783203125,359.71063232421875,824.5969848632812,361.3228454589844,777.4143676757812,369.5118713378906,809.9763793945312,377.024169921875,787.809326171875,380.59808349609375,818.3348388671875,416.0731201171875,791.896484375,418.72906494140625,821.7503662109375,457.1985168457031,795.7625732421875,459.7398376464844
779.55517578125,316.0183410644531,781.445556640625,310.6449279785156,774.0734252929688,312.4508056640625,785.6041259765625,310.47998046875,766.911376953125,315.29034423828125,796.5888061523438,328.37347412109375,764.17919921875,335.65802001953125,817.7008056640625,343.6620178222656,765.7901000976562,358.0079345703125,823.8323974609375,350.4810791015625,778.7518310546875,359.31463623046875,805.1295776367188,379.7833251953125,784.8418579101562,383.4661560058594,809.456298828125,419.85772705078125,791.800537109375,422.7042236328125,808.9971313476562,460.3155212402344,794.1073608398438,463.4246520996094
773.3477783203125,314.2779541015625,774.854248046875,310.18115234375,770.3040161132812,311.4976806640625,779.7617797851562,310.7164306640625,767.8424072265625,313.8506164550781,791.7843017578125,325.2182922363281,764.5985107421875,333.7373046875,811.6569213867188,341.6697998046875,762.114013671875,359.22540283203125,816.8994140625,349.2618713378906,770.6387939453125,366.0130615234375,799.6126098632812,375.53564453125,782.453125,380.265380859375,806.1919555664062,417.24591064453125,788.991455078125,423.5016174316406,801.3023681640625,452.17919921875,782.4080810546875,460.41845703125
769.8619384765625,316.5650634765625,772.3306274414062,311.522216796875,765.39599609375,313.0780334472656,777.9049072265625,311.1122131347656,760.9578857421875,315.3771667480469,790.1790771484375,328.20623779296875,759.806640625,334.41754150390625,810.0723876953125,345.1694641113281,757.5770263671875,356.1744689941406,816.8619384765625,357.55120849609375,764.530029296875,363.9240417480469,797.1923217773438,378.5146484375,778.4154052734375,381.289794921875,799.7931518554688,419.17315673828125,783.6571655273438,421.41796875,800.5750732421875,458.2701416015625,786.46826171875,460.3876953125
767.8709106445312,318.012451171875,769.7603759765625,313.0467529296875,763.2430419921875,314.5721740722656,774.0728759765625,312.3292236328125,757.5151977539062,316.3691711425781,786.0661010742188,327.56298828125,755.46044921875,334.0472412109375,810.4420166015625,341.14117431640625,754.1098022460938,353.8986511230469,823.5399169921875,350.6426696777344,763.2940673828125,357.9729309082031,794.57177734375,378.8066711425781,776.0113525390625,381.879638671875,796.6627807617188,420.1864929199219,783.0234375,422.7008972167969,796.270263671875,457.7586364746094,784.9198608398438,460.59716796875
761.888671875,315.97314453125,763.64794921875,311.0364990234375,757.795654296875,312.4369201660156,768.1492309570312,310.2214050292969,754.027099609375,313.8563537597656,781.1661987304688,327.3571472167969,752.9892578125,332.95404052734375,800.7182006835938,350.163330078125,753.8299560546875,360.8922119140625,807.3326416015625,374.298828125,761.605224609375,380.3658447265625,791.2893676757812,381.8984069824219,774.4348754882812,384.5364990234375,793.7734375,424.62518310546875,781.7254028320312,426.553466796875,793.2196655273438,462.58746337890625,785.380615234375,464.3597412109375
758.88623046875,315.86981201171875,760.4799194335938,312.046875,756.55517578125,312.5840759277344,765.614501953125,313.0693359375,754.2236328125,313.97723388671875,777.0628662109375,326.8367004394531,751.3334350585938,332.903076171875,798.5413818359375,336.8116760253906,750.7037963867188,359.7395324707031,811.4061279296875,338.58837890625,760.9697875976562,383.6672058105469,788.2494506835938,375.85711669921875,772.71923828125,379.1424865722656,790.7898559570312,418.8280029296875,780.8126220703125,421.0477294921875,788.7872314453125,459.3490905761719,782.2052001953125,461.01873779296875
761.935302734375,311.8799743652344,762.8844604492188,308.17596435546875,759.327880859375,308.6036376953125,764.4549560546875,309.1559753417969,754.761962890625,309.89141845703125,773.8887939453125,322.0816650390625,748.08349609375,327.4840087890625,798.1525268554688,330.29022216796875,746.1210327148438,352.4984436035156,821.1380615234375,325.3944396972656,754.9359741210938,368.7909851074219,782.3091430664062,369.6860046386719,767.1157836914062,372.8155517578125,786.0891723632812,413.45428466796875,777.3858642578125,415.24658203125,781.9323120117188,455.16778564453125,779.194580078125,455.801513671875
757.16357421875,309.95281982421875,758.64892578125,306.23931884765625,754.1087646484375,306.612548828125,761.0626220703125,307.8168640136719,748.9332275390625,308.3606262207031,769.2930908203125,322.49981689453125,743.9362182617188,328.23223876953125,794.472900390625,330.4902648925781,739.7916259765625,353.211181640625,817.1187744140625,326.39385986328125,749.4755859375,371.6484375,780.365234375,372.82952880859375,766.289306640625,376.31109619140625,780.0433959960938,416.0306396484375,777.50830078125,418.49102783203125,773.9530029296875,455.98773193359375,779.506591796875,458.1658935546875
0.0,0.0,0.0,0.0,0.0,0.0,0.0,0.0,0.0,0.0,0.0,0.0,0.0,0.0,0.0,0.0,0.0,0.0,0.0,0.0,0.0,0.0,0.0,0.0,0.0,0.0,0.0,0.0,0.0,0.0,0.0,0.0,0.0,0.0
753.3970947265625,307.2817077636719,755.4742431640625,303.6545104980469,749.8663940429688,304.025146484375,759.6153564453125,305.26910400390625,743.955322265625,305.41241455078125,766.478515625,320.5169372558594,738.6997680664062,320.77154541015625,781.7788696289062,327.4996032714844,725.0792846679688,328.18572998046875,787.2784423828125,322.8316650390625,730.9213256835938,322.4814147949219,773.4223022460938,369.8526611328125,757.3382568359375,370.5215148925781,772.8795166015625,411.7883605957031,769.1032104492188,412.3913269042969,763.3008422851562,450.612060546875,766.5844116210938,451.38446044921875
744.8804931640625,303.5502624511719,746.3892822265625,299.68389892578125,742.9591064453125,300.11407470703125,751.4163818359375,301.628662109375,741.0487060546875,301.8065490722656,759.5858764648438,315.97381591796875,736.3858032226562,316.43548583984375,768.2188720703125,321.11895751953125,720.055908203125,321.34100341796875,763.6675415039062,315.9537048339844,720.8079223632812,317.82550048828125,771.95458984375,368.1960754394531,758.2975463867188,369.07806396484375,770.8004150390625,411.09722900390625,770.229248046875,412.53900146484375,757.841064453125,447.3329772949219,763.0885009765625,450.2830810546875
742.5701904296875,295.0223693847656,744.5813598632812,291.0770263671875,740.3635864257812,291.6739807128906,751.4517822265625,293.1245422363281,738.9400024414062,294.0769958496094,761.1527099609375,308.10589599609375,736.3521728515625,310.3770751953125,771.0613403320312,311.28558349609375,720.7282104492188,315.88031005859375,763.787353515625,303.3268737792969,716.0068359375,310.3858337402344,769.478515625,362.58551025390625,754.4692993164062,363.8140869140625,767.7646484375,405.5032958984375,762.154541015625,407.54443359375,756.498779296875,441.6392822265625,754.366943359375,444.83221435546875
746.6317138671875,293.95281982421875,744.7109375,289.92431640625,746.5388793945312,289.8097229003906,737.1300659179688,291.64727783203125,752.8280639648438,290.69561767578125,729.4201049804688,307.3106384277344,761.001953125,304.647705078125,720.5775756835938,326.2593688964844,774.1122436523438,318.79888916015625,723.4967041015625,334.99298095703125,771.727783203125,324.61376953125,740.0696411132812,349.05670166015625,761.2191162109375,348.5982971191406,746.1297607421875,395.54144287109375,767.8189086914062,394.69049072265625,742.4240112304688,437.5805969238281,762.3521728515625,436.1610107421875
746.3993530273438,285.58477783203125,744.77294921875,281.5547790527344,745.5382690429688,281.5036926269531,735.903076171875,283.90570068359375,748.4632568359375,283.2572021484375,727.7565307617188,301.7899169921875,754.59912109375,298.4545593261719,715.7506103515625,317.1202697753906,767.48193359375,301.8321533203125,716.9324951171875,322.29083251953125,765.26953125,292.90576171875,741.1284790039062,351.59149169921875,759.622314453125,351.02874755859375,741.19189453125,396.7537841796875,763.5452880859375,396.09735107421875,733.8055419921875,440.1439208984375,762.083251953125,439.106201171875
755.6546020507812,276.2759094238281,756.2986450195312,272.182861328125,751.6343383789062,272.5450439453125,751.8291015625,275.49072265625,743.6627197265625,275.5865478515625,747.9747314453125,296.16400146484375,736.1240844726562,295.6248779296875,745.98486328125,312.6030578613281,720.659912109375,309.34881591796875,749.7518310546875,321.65350341796875,719.182373046875,320.1405029296875,751.0038452148438,348.7904052734375,743.7993774414062,349.27734375,755.5361328125,394.15679931640625,744.6797485351562,394.692626953125,749.5263671875,435.4596862792969,733.44921875,438.2078857421875
715.5851440429688,262.9781494140625,714.6961669921875,258.47125244140625,713.1472778320312,258.4180908203125,711.1961669921875,266.24652099609375,716.6607666015625,264.35693359375,710.5155029296875,287.33978271484375,729.6968383789062,284.369140625,714.9235229492188,271.1871643066406,746.319580078125,266.3329772949219,714.7411499023438,253.21078491210938,739.87255859375,251.45484924316406,735.6548461914062,340.53436279296875,751.1947021484375,340.3175048828125,728.8203125,390.3817138671875,770.95751953125,389.9732666015625,707.8162231445312,432.6017761230469,771.7364501953125,432.7662353515625
703.5072021484375,242.86575317382812,705.85107421875,239.16189575195312,698.8306274414062,239.53872680664062,710.5791015625,244.88864135742188,692.9883422851562,245.31546020507812,720.64013671875,264.1473388671875,693.8252563476562,270.006103515625,737.6597900390625,256.273193359375,684.5836791992188,281.4798583984375,730.6984252929688,221.07595825195312,683.814453125,283.4151916503906,744.6912231445312,330.8575744628906,729.3275146484375,334.3731689453125,744.6179809570312,385.758056640625,752.6129760742188,387.48931884765625,731.924072265625,432.7182312011719,748.93017578125,431.2076416015625
703.05712890625,240.35943603515625,705.1075439453125,235.53973388671875,697.74072265625,236.44314575195312,709.6544799804688,238.07949829101562,691.0375366210938,239.96932983398438,720.927001953125,257.7719421386719,691.5231323242188,264.7955322265625,735.1747436523438,253.34811401367188,686.940673828125,281.4031982421875,728.0581665039062,226.77630615234375,694.1256103515625,280.83868408203125,744.8165893554688,329.822021484375,720.9349365234375,333.812744140625,764.9608154296875,385.2212219238281,712.4959106445312,388.4854431152344,776.9990844726562,434.7098388671875,695.0693359375,434.8519592285156
702.836181640625,242.49801635742188,705.2125244140625,237.55728149414062,698.8734130859375,238.23545837402344,710.3515014648438,237.6975860595703,693.740234375,238.97824096679688,718.01025390625,257.8890380859375,693.460693359375,261.11334228515625,732.6490478515625,269.39874267578125,683.287109375,282.6512451171875,725.25341796875,268.6593017578125,688.2367553710938,291.8840026855469,728.476806640625,327.8684997558594,720.3761596679688,329.20745849609375,708.7071533203125,383.74981689453125,759.8128662109375,384.6614685058594,684.319580078125,437.009521484375,778.7642822265625,436.498291015625
703.39697265625,255.73611450195312,706.0191040039062,251.08804321289062,699.7813110351562,251.4715118408203,711.4096069335938,254.18124389648438,695.0824584960938,255.00421142578125,719.545654296875,275.66064453125,693.0835571289062,278.7383728027344,735.0655517578125,286.04925537109375,686.519287109375,292.6646728515625,727.1890869140625,285.445556640625,692.0956420898438,293.57763671875,732.891357421875,340.048828125,710.861083984375,343.0622253417969,758.5908813476562,389.0766906738281,703.696044921875,392.8041687011719,779.1912231445312,435.2417907714844,689.686767578125,439.47491455078125
690.4985961914062,304.80352783203125,691.9683837890625,300.5740966796875,687.8925170898438,300.5995178222656,696.3742065429688,300.97491455078125,688.0879516601562,300.42523193359375,707.0848999023438,312.238525390625,695.6087036132812,314.70587158203125,732.9365234375,312.7467956542969,709.1888427734375,318.52313232421875,732.680908203125,306.1148681640625,705.6058959960938,310.06365966796875,732.215576171875,361.20916748046875,720.8029174804688,363.19677734375,754.1820678710938,399.1809997558594,712.53076171875,402.0677490234375,773.3414306640625,437.84075927734375,700.3687744140625,441.9906005859375
687.9166259765625,318.1866149902344,690.81201171875,314.4776306152344,685.1007690429688,314.8024597167969,698.379150390625,314.02325439453125,682.91455078125,315.0549011230469,711.3792114257812,324.4407958984375,685.3212280273438,331.36102294921875,733.964111328125,328.6610412597656,690.0367431640625,343.1573486328125,732.7786865234375,323.6112060546875,692.550537109375,333.0125732421875,732.8728637695312,368.680908203125,711.20263671875,372.6252136230469,755.1651611328125,402.8935546875,696.4931030273438,408.8450927734375,780.0386962890625,437.5904541015625,687.4234619140625,445.7591857910156
686.2122192382812,324.765625,688.938720703125,320.4664611816406,682.360107421875,321.4854736328125,696.9268188476562,319.2497863769531,678.4727783203125,322.0389404296875,713.9486083984375,332.0538330078125,680.05322265625,341.32421875,739.4458618164062,343.4166259765625,680.9520263671875,364.56597900390625,736.1778564453125,353.2063293457031,683.6218872070312,379.60906982421875,733.9822998046875,375.1775207519531,707.8589477539062,379.71038818359375,754.3185424804688,407.8504943847656,692.2279663085938,412.86859130859375,777.8272705078125,441.33807373046875,687.9722290039062,446.3218688964844
685.8587646484375,323.4973449707031,688.4544677734375,319.2664489746094,682.0393676757812,320.32244873046875,696.2293701171875,318.98394775390625,678.357666015625,321.79571533203125,713.2841796875,333.60791015625,679.5858154296875,341.22393798828125,734.6948852539062,350.7994079589844,681.6762084960938,364.1618957519531,722.5577392578125,365.7982177734375,687.0657958984375,374.36248779296875,731.505859375,373.6251220703125,705.48876953125,377.3983154296875,751.3097534179688,405.152099609375,691.977783203125,409.9543762207031,771.8981323242188,439.30712890625,689.7115478515625,444.6732177734375
688.8047485351562,326.6591796875,691.1329956054688,322.5872497558594,685.3612060546875,323.49603271484375,698.7522583007812,322.1175537109375,682.271728515625,324.6667785644531,713.5315551757812,336.37982177734375,685.0542602539062,342.174560546875,734.5806884765625,357.7425537109375,685.8565063476562,367.14996337890625,733.84423828125,376.260009765625,690.5149536132812,382.5609130859375,731.19970703125,370.9792785644531,708.41845703125,374.6366271972656,752.9129638671875,403.93408203125,691.5200805664062,407.51788330078125,776.552978515625,440.9090576171875,686.287841796875,443.4577331542969
691.3718872070312,327.5901184082031,694.11962890625,323.2919921875,687.62158203125,324.461669921875,702.4015502929688,322.0911865234375,685.0381469726562,325.14117431640625,718.1131591796875,336.55267333984375,685.748291015625,342.256591796875,734.3199462890625,358.317626953125,683.849365234375,368.08673095703125,731.8580322265625,377.86419677734375,689.7860107421875,383.17486572265625,733.3075561523438,372.25299072265625,708.07568359375,374.8673400878906,751.463134765625,402.30889892578125,688.851318359375,405.0482177734375,772.174560546875,442.65435791015625,684.9801025390625,444.0960388183594
698.7684326171875,330.6893005371094,701.7206420898438,326.6368713378906,695.2843017578125,327.5030517578125,710.2655029296875,325.8816833496094,692.6422119140625,328.14007568359375,725.2483520507812,341.7660827636719,692.0518798828125,345.6173400878906,738.697509765625,364.59503173828125,687.982421875,370.1814880371094,732.9813232421875,385.5348815917969,694.111572265625,385.189453125,737.781005859375,378.6321716308594,711.8800048828125,380.2464294433594,755.9745483398438,407.5491943359375,689.8202514648438,409.44354248046875,775.6146240234375,442.93255615234375,683.9603881835938,444.00982666015625
706.2589111328125,330.0634765625,708.6658935546875,326.127685546875,703.0938720703125,326.9111328125,716.151611328125,325.3345642089844,700.7147216796875,327.36627197265625,730.588623046875,341.807861328125,700.1871948242188,345.05609130859375,742.7847900390625,365.4287109375,695.3761596679688,369.50555419921875,729.815673828125,386.031982421875,698.3721923828125,385.68475341796875,741.8006591796875,381.3790283203125,717.7214965820312,382.5711669921875,761.1141357421875,408.35186767578125,696.2791748046875,409.76556396484375,778.9579467773438,443.144775390625,687.3133544921875,443.5523986816406
715.782470703125,330.293212890625,718.2145385742188,326.42291259765625,712.4659423828125,327.12298583984375,725.3635864257812,325.7506103515625,709.3101196289062,327.3702392578125,738.6682739257812,342.09869384765625,707.033447265625,343.7362365722656,751.82470703125,365.97796630859375,705.2741088867188,368.5284423828125,747.0842895507812,384.78790283203125,715.4252319335938,385.78900146484375,741.6920166015625,379.2803649902344,716.864990234375,379.55145263671875,762.6436767578125,406.5692138671875,697.1675415039062,406.1455078125,777.8311767578125,443.5430603027344,687.15576171875,441.70220947265625
730.592529296875,327.42254638671875,732.7536010742188,323.90753173828125,726.8634643554688,324.2255859375,737.2294921875,324.2020263671875,720.8065185546875,324.7359619140625,747.1965942382812,340.8611755371094,716.1275024414062,342.2347412109375,764.1860961914062,361.53668212890625,713.6203002929688,364.69244384765625,766.7147216796875,384.72613525390625,723.2748413085938,384.03564453125,748.4764404296875,380.6853332519531,724.4663696289062,381.0379943847656,766.6056518554688,410.1827392578125,704.9139404296875,410.4112548828125,774.8010864257812,440.5947265625,686.8880615234375,439.73431396484375
740.4780883789062,326.7718200683594,743.0325317382812,323.393798828125,737.56298828125,323.4511413574219,749.0355834960938,323.23480224609375,732.96142578125,323.324462890625,758.043701171875,338.5029602050781,728.6512451171875,339.9981994628906,775.08642578125,356.804931640625,723.2925415039062,361.04693603515625,776.6514892578125,376.7860107421875,728.1370849609375,379.20208740234375,754.826904296875,380.0303649902344,732.21435546875,380.0896911621094,770.4666748046875,408.4844970703125,711.3692626953125,408.78729248046875,774.2616577148438,437.381103515625,687.872802734375,437.2020263671875
753.1265258789062,322.4246826171875,755.535888671875,319.1685485839844,749.6580810546875,319.1673889160156,759.94873046875,320.4725341796875,743.4571533203125,320.18890380859375,767.1896362304688,338.3421630859375,737.3985595703125,338.7467041015625,782.557861328125,358.9052734375,731.644287109375,359.82305908203125,780.0177001953125,377.5086669921875,739.6353759765625,375.57977294921875,763.3865966796875,380.8323669433594,740.3861694335938,380.49078369140625,775.8055419921875,409.9058532714844,716.7109985351562,410.11187744140625,775.3573608398438,439.4732666015625,690.550048828125,440.06658935546875
762.0391235351562,320.63629150390625,764.5226440429688,317.12646484375,758.3561401367188,317.35296630859375,769.6341552734375,318.0126953125,752.2188110351562,318.2052917480469,777.5589599609375,336.477783203125,746.5941772460938,335.93829345703125,791.9357299804688,357.33795166015625,735.46337890625,355.02581787109375,790.6173095703125,374.382568359375,743.0706787109375,368.2299499511719,771.8399047851562,381.3064270019531,749.1264038085938,380.30987548828125,778.119384765625,414.0030517578125,726.8780517578125,412.9864196777344,773.2918701171875,444.91351318359375,702.8599243164062,443.2259216308594
770.6449584960938,319.20965576171875,773.44677734375,315.622314453125,767.1292724609375,315.76495361328125,779.60888671875,316.1376953125,761.2885131835938,316.01397705078125,788.9486083984375,333.49041748046875,754.508544921875,332.4988098144531,803.6962890625,351.42193603515625,739.3973999023438,349.7005920410156,802.46337890625,366.4969482421875,746.1126708984375,363.953369140625,779.1641845703125,377.685791015625,755.3653564453125,376.2352294921875,781.9469604492188,411.3917541503906,737.9742431640625,409.6374206542969,776.600830078125,446.0302734375,720.3980102539062,443.5125732421875
778.8825073242188,314.77471923828125,781.526123046875,311.0206298828125,774.907958984375,311.35845947265625,786.0594482421875,311.3059387207031,767.93505859375,312.1404113769531,796.4622802734375,327.7662353515625,759.8123779296875,329.2999267578125,815.2523193359375,340.706298828125,748.056884765625,346.4497375488281,814.309326171875,347.19390869140625,755.6580810546875,359.79620361328125,789.0693969726562,376.022705078125,763.9366455078125,375.7803955078125,787.583251953125,413.22491455078125,746.0110473632812,412.1976013183594,779.8916015625,448.919677734375,732.2610473632812,446.47979736328125
786.228271484375,310.35888671875,788.7677001953125,306.53607177734375,782.1740112304688,306.82830810546875,793.5763549804688,307.3280029296875,774.8629760742188,307.52813720703125,803.1190795898438,326.3079528808594,767.59228515625,324.7101135253906,819.8502197265625,345.13079833984375,752.54541015625,339.65081787109375,814.0823974609375,360.68896484375,763.1903076171875,351.755126953125,795.2493896484375,373.6075439453125,772.0733642578125,372.1813659667969,791.088623046875,412.6236877441406,757.2340087890625,410.82623291015625,785.22509765625,449.44921875,748.4459228515625,447.5191955566406
793.3749389648438,309.0200500488281,795.7369384765625,305.359619140625,789.8230590820312,305.4274597167969,799.9429931640625,305.857666015625,782.4775390625,305.4404602050781,808.094482421875,322.4840393066406,773.137451171875,322.5553283691406,827.9559326171875,336.62103271484375,757.457763671875,339.5978088378906,826.2061157226562,346.3154296875,771.141845703125,350.814697265625,801.8441162109375,372.2354736328125,779.763916015625,372.1239013671875,798.957275390625,410.771484375,772.7252197265625,411.06256103515625,793.4202880859375,447.08990478515625,766.6729736328125,448.604736328125
803.571044921875,306.4808349609375,805.5199584960938,302.6419677734375,799.6759643554688,303.1146545410156,808.241943359375,303.0088806152344,791.726318359375,303.6761474609375,815.960205078125,319.41094970703125,781.8084716796875,321.95159912109375,832.006103515625,334.2556457519531,767.84228515625,342.3915100097656,829.046630859375,344.0675048828125,781.0064697265625,357.76300048828125,811.9459228515625,370.2626037597656,790.53173828125,371.4703369140625,808.2503662109375,409.8750915527344,786.3209838867188,411.34405517578125,802.8539428710938,446.9158630371094,783.8073120117188,449.17022705078125
810.77490234375,307.1336975097656,813.166015625,303.26593017578125,807.0068359375,303.5667724609375,817.173828125,303.5817565917969,800.0158081054688,303.9720764160156,825.617431640625,322.197021484375,790.6834716796875,321.988525390625,838.317626953125,344.7917785644531,777.9937133789062,344.21051025390625,838.9434814453125,369.7386474609375,787.177978515625,365.74700927734375,821.0528564453125,371.2308349609375,798.9926147460938,371.12774658203125,821.09130859375,411.4474182128906,795.3345947265625,411.44232177734375,817.479736328125,450.02703857421875,795.8214111328125,450.34185791015625
817.998046875,310.31744384765625,820.5743408203125,306.3232421875,814.2806396484375,306.7065734863281,824.7738647460938,306.510986328125,807.6533203125,307.2510986328125,833.1505737304688,324.9757995605469,798.1834716796875,325.665283203125,844.8660278320312,348.79217529296875,786.623291015625,349.6552734375,845.321044921875,373.00250244140625,794.0682373046875,370.0108337402344,829.004638671875,374.5501708984375,807.1012573242188,374.98883056640625,829.13037109375,415.352783203125,806.3812255859375,416.1136779785156,827.37060546875,452.8162536621094,810.978515625,454.3515930175781
826.89990234375,312.893798828125,830.3173828125,309.002197265625,823.1372680664062,308.6020812988281,833.7071533203125,310.7679138183594,815.8137817382812,309.3487243652344,838.7427978515625,329.18804931640625,803.8705444335938,328.19866943359375,849.7890014648438,353.05828857421875,793.1190185546875,352.62945556640625,852.29931640625,372.863525390625,798.59814453125,373.6617431640625,835.216796875,378.984375,812.343994140625,379.14605712890625,842.729736328125,419.7428283691406,811.7909545898438,419.712646484375,847.4476318359375,457.6987609863281,813.9856567382812,458.1222839355469
836.2520751953125,321.5234375,838.72802734375,317.91290283203125,832.5880737304688,317.8802490234375,841.2914428710938,318.42266845703125,825.0740966796875,318.1695861816406,848.0428466796875,335.8218688964844,814.464599609375,334.969482421875,856.8327026367188,360.50286865234375,805.5748291015625,358.0558776855469,858.595703125,385.7994384765625,813.319580078125,378.69775390625,845.2021484375,380.7164611816406,822.3440551757812,380.95245361328125,855.49462890625,419.8006591796875,818.7747802734375,420.17523193359375,865.8082275390625,458.74530029296875,823.5601806640625,459.5792236328125
842.8271484375,330.0661315917969,845.0618896484375,326.24169921875,838.9927368164062,326.6263427734375,847.732666015625,325.8701171875,831.6973876953125,326.7664489746094,855.629150390625,343.0431823730469,822.226318359375,343.6192932128906,864.013427734375,367.55438232421875,816.1334228515625,366.90570068359375,868.1603393554688,393.9958190917969,823.5506591796875,387.32403564453125,852.5189208984375,385.21490478515625,828.8448486328125,386.39398193359375,868.179443359375,424.7569885253906,825.1728515625,425.6802062988281,881.5997314453125,461.7833251953125,827.435791015625,462.20068359375
855.5696411132812,336.75469970703125,857.89453125,333.059814453125,851.2437744140625,333.15093994140625,860.006591796875,333.7562255859375,842.6193237304688,333.6279602050781,867.0770874023438,351.97247314453125,832.454833984375,350.90887451171875,876.4166259765625,377.9669494628906,827.203369140625,376.0150451660156,881.2535400390625,402.82366943359375,839.5357666015625,399.94281005859375,864.9076538085938,390.619140625,839.1158447265625,391.23504638671875,885.163818359375,428.35791015625,830.4122314453125,427.9441223144531,898.8341674804688,465.433837890625,826.16650390625,463.66162109375
864.4019775390625,336.36279296875,866.458740234375,332.60748291015625,860.351318359375,332.84600830078125,868.6250610351562,333.58953857421875,852.6375732421875,333.86639404296875,876.4061279296875,353.2171630859375,843.4407958984375,351.97967529296875,888.0283203125,378.868896484375,836.5623779296875,375.322021484375,892.58251953125,402.4833068847656,849.0035400390625,397.63568115234375,873.99560546875,396.8829345703125,848.6092529296875,397.30242919921875,894.8243408203125,435.4346008300781,835.3906860351562,434.5491027832031,911.9122924804688,471.7078857421875,828.7374267578125,468.94915771484375
877.166259765625,338.88446044921875,879.7265625,335.0598449707031,873.0472412109375,335.24334716796875,882.8590087890625,336.8741455078125,866.0487060546875,337.346435546875,889.180419921875,357.63153076171875,859.3934326171875,356.9687805175781,902.2135620117188,381.5270690917969,855.6267700195312,379.0389404296875,906.5360107421875,401.7823486328125,864.08056640625,399.49676513671875,883.724609375,400.06158447265625,859.5164794921875,400.5645751953125,909.907958984375,434.2857971191406,845.2454223632812,433.4677734375,925.7847900390625,470.6075439453125,831.722412109375,468.14910888671875
890.1564331054688,342.598388671875,892.7477416992188,338.90093994140625,885.978759765625,339.0538330078125,896.664306640625,339.84185791015625,878.3109130859375,339.79644775390625,902.7756958007812,358.95721435546875,869.2645263671875,357.27984619140625,911.9471435546875,383.162109375,859.2164306640625,380.58154296875,914.3370361328125,403.50848388671875,863.4735717773438,403.66094970703125,893.10205078125,400.019287109375,867.3392944335938,398.9078063964844,915.2015991210938,435.26904296875,851.43310546875,433.07208251953125,923.8135986328125,473.83758544921875,833.1822509765625,470.6707763671875
908.16943359375,346.176513671875,910.671630859375,342.7698059082031,904.3416748046875,342.57177734375,913.5166625976562,344.4490966796875,896.69580078125,343.38983154296875,918.0687255859375,364.29425048828125,885.5454711914062,360.8773193359375,927.4118041992188,385.68109130859375,866.6649169921875,380.856201171875,936.5660400390625,405.7200622558594,862.642822265625,405.96917724609375,906.2352905273438,410.11395263671875,882.31396484375,408.0791931152344,920.6785888671875,444.12945556640625,863.72021484375,440.8713684082031,923.7453002929688,476.6836853027344,842.2142333984375,471.795166015625
924.221923828125,348.5550537109375,927.310791015625,344.5354919433594,920.5155029296875,344.19482421875,930.2005615234375,346.3699035644531,912.8502197265625,345.1328430175781,934.216064453125,366.64111328125,899.2330322265625,364.4615478515625,947.6808471679688,385.8997802734375,877.3536987304688,382.53216552734375,959.1824340820312,405.93701171875,863.84033203125,404.84075927734375,919.4536743164062,412.10736083984375,896.253662109375,411.10296630859375,930.6707763671875,441.75958251953125,884.595458984375,441.137939453125,931.1439208984375,476.532958984375,870.7423095703125,476.263916015625
932.387939453125,348.8403625488281,936.0015869140625,345.596435546875,929.1416015625,344.5691223144531,940.10107421875,348.2259521484375,921.7159423828125,345.41827392578125,942.0462646484375,371.6422119140625,907.38818359375,364.08251953125,952.5252685546875,395.5963134765625,882.2612915039062,377.135986328125,967.525146484375,421.775634765625,857.1043701171875,399.90435791015625,921.1935424804688,417.7880859375,899.2738037109375,414.43096923828125,934.5781860351562,447.383056640625,899.5662231445312,442.99932861328125,926.603759765625,479.4938049316406,887.1380615234375,474.21185302734375
941.1549682617188,350.2812194824219,944.3963012695312,346.7843933105469,937.33251953125,346.21685791015625,947.9580688476562,347.86737060546875,929.0626220703125,346.23553466796875,951.39453125,368.4011535644531,916.2010498046875,363.8636474609375,961.7662353515625,388.67449951171875,890.8109130859375,376.1238098144531,968.8912353515625,410.591064453125,862.0638427734375,398.0621337890625,934.691162109375,417.0495300292969,913.4540405273438,414.87554931640625,938.029052734375,445.1180419921875,911.5670166015625,443.0179138183594,928.8751831054688,475.33868408203125,903.1409912109375,474.2625732421875
945.4229736328125,349.05535888671875,949.400146484375,345.4961242675781,942.6813354492188,344.786376953125,955.228271484375,348.2802734375,936.9926147460938,345.957275390625,960.9935302734375,369.5748596191406,925.1442260742188,365.46484375,974.85302734375,389.93731689453125,900.6949462890625,381.82025146484375,981.857666015625,409.57244873046875,883.626708984375,404.7808837890625,943.8283081054688,415.22198486328125,922.3829956054688,412.98126220703125,939.6751098632812,447.45135498046875,924.349609375,445.95135498046875,941.5467529296875,478.55072021484375,928.609375,476.1810607910156
952.03515625,345.5154724121094,955.6278076171875,341.7812805175781,948.2898559570312,341.5375671386719,960.9927978515625,343.31829833984375,941.557861328125,342.70965576171875,966.4527587890625,365.36639404296875,932.052001953125,361.81842041015625,976.33203125,389.47235107421875,910.6843872070312,377.3705749511719,986.7767944335938,416.4462890625,887.760498046875,394.743408203125,951.4857788085938,414.9701843261719,933.2367553710938,412.96905517578125,940.9795532226562,451.82598876953125,937.6550903320312,449.85919189453125,930.6865234375,486.7262878417969,945.9476318359375,484.82904052734375
959.8983764648438,342.8736572265625,963.2352294921875,339.12371826171875,956.053466796875,338.7986755371094,966.9658203125,340.6138000488281,948.1884155273438,339.6798095703125,971.5511474609375,362.44805908203125,936.8084106445312,360.36456298828125,984.3355712890625,384.634765625,914.320068359375,379.23760986328125,993.7476196289062,410.01690673828125,894.4103393554688,402.239013671875,960.8483276367188,411.8308410644531,942.6652221679688,410.8502197265625,949.5796508789062,448.4336242675781,947.8387451171875,447.76898193359375,939.5568237304688,484.5606689453125,956.6932983398438,484.62615966796875
967.2734985351562,344.207275390625,970.6796875,340.6344299316406,963.9495849609375,340.03753662109375,974.6044921875,342.48828125,957.132568359375,340.8912048339844,979.562255859375,364.283203125,945.335693359375,360.19970703125,993.683837890625,387.1553955078125,924.1220703125,379.0450439453125,1003.845458984375,415.4847106933594,910.666259765625,400.60162353515625,969.77587890625,414.85693359375,952.223876953125,412.5929260253906,961.069091796875,455.6341552734375,963.2093505859375,453.45208740234375,957.5348510742188,493.4999084472656,982.257568359375,491.99578857421875
974.4088134765625,347.3978576660156,977.9140625,343.8678283691406,970.861083984375,343.4071350097656,982.261962890625,345.20343017578125,964.2548828125,344.01678466796875,988.5577392578125,366.504638671875,953.4417114257812,362.39276123046875,1002.1058349609375,392.53851318359375,932.15283203125,381.0072326660156,1011.1695556640625,416.8124084472656,929.0260620117188,395.5575256347656,981.9573974609375,421.89984130859375,962.7518920898438,420.64117431640625,975.797119140625,466.9644470214844,973.7095947265625,465.7176513671875,983.00732421875,505.5782775878906,996.735107421875,504.4126281738281
982.6686401367188,352.0187072753906,985.9381103515625,348.2264404296875,978.6856689453125,347.9137878417969,990.0302734375,349.0623779296875,971.288818359375,348.13922119140625,996.8734130859375,370.94317626953125,961.8851318359375,367.9893493652344,1009.485595703125,396.67889404296875,947.0716552734375,390.03436279296875,1014.2672119140625,419.0015869140625,943.9093017578125,409.70233154296875,994.3309936523438,427.8886413574219,974.81591796875,426.92535400390625,991.9224243164062,473.182373046875,986.2505493164062,471.60125732421875,998.241455078125,510.3337097167969,1007.9627685546875,508.2691650390625
989.4512939453125,359.4531555175781,992.6995239257812,355.74932861328125,985.9008178710938,355.5293884277344,997.69580078125,356.3883361816406,979.9389038085938,355.7738037109375,1004.2725219726562,375.63623046875,972.2725830078125,374.41937255859375,1018.8074951171875,398.3070068359375,959.0059814453125,396.34844970703125,1024.788818359375,419.70062255859375,955.6268920898438,414.969970703125,1003.0074462890625,428.7175598144531,985.0618286132812,428.5324401855469,1005.4423828125,473.78594970703125,997.0493774414062,473.5022277832031,1010.7138061523438,513.8212280273438,1013.8377685546875,513.718505859375
997.2030029296875,366.10455322265625,1000.3826904296875,361.6614074707031,993.4764404296875,362.03271484375,1005.0280151367188,362.72381591796875,987.6358642578125,363.4651794433594,1013.0656127929688,382.4805908203125,979.6598510742188,383.88372802734375,1026.09912109375,407.52960205078125,969.4063110351562,409.6333923339844,1030.7391357421875,429.773193359375,974.2537841796875,431.80706787109375,1012.767822265625,435.39373779296875,992.2688598632812,436.5142822265625,1015.8250122070312,476.75079345703125,1002.3140869140625,477.90301513671875,1019.0311279296875,517.0540771484375,1010.9434204101562,517.7254028320312
1002.510498046875,367.5553894042969,1006.1698608398438,363.72576904296875,998.72607421875,363.8228759765625,1012.7872924804688,364.85504150390625,993.033935546875,365.1427917480469,1021.69970703125,383.98626708984375,984.8432006835938,385.3455505371094,1036.3056640625,408.27655029296875,975.4839477539062,411.6957092285156,1041.921875,434.5877685546875,976.8724365234375,433.70306396484375,1019.9674072265625,434.6939392089844,998.2293090820312,435.6393127441406,1022.6804809570312,476.6316833496094,1006.5018310546875,478.29351806640625,1019.080078125,515.2904663085938,1016.8858642578125,518.3717651367188
1017.87158203125,369.495361328125,1020.6898193359375,365.49041748046875,1013.2752685546875,365.714599609375,1024.0526123046875,367.29107666015625,1004.5894775390625,367.45733642578125,1032.321044921875,388.4433288574219,992.6251220703125,389.62152099609375,1045.2225341796875,414.4754638671875,980.8641357421875,416.6038818359375,1052.5333251953125,439.038330078125,984.098876953125,437.6078796386719,1029.895263671875,440.702880859375,1005.0013427734375,442.32574462890625,1037.10595703125,480.3650207519531,1010.42626953125,482.75286865234375,1039.2418212890625,517.96875,1018.8792114257812,522.0314331054688
1023.2484741210938,370.37286376953125,1026.69384765625,366.61279296875,1019.16455078125,366.44830322265625,1031.576171875,368.408447265625,1011.647705078125,367.82940673828125,1039.7593994140625,389.3062744140625,999.7486572265625,388.6066589355469,1050.7132568359375,414.3306884765625,984.9439086914062,411.83538818359375,1058.290771484375,438.169921875,983.7745361328125,429.4830322265625,1036.004150390625,440.710693359375,1010.2493896484375,441.32720947265625,1045.239501953125,480.4595031738281,1011.7615966796875,481.66827392578125,1053.115966796875,520.07861328125,1020.5974731445312,522.232666015625
1031.0255126953125,373.4176025390625,1034.2349853515625,370.0148620605469,1027.3411865234375,369.8111572265625,1038.818359375,371.12103271484375,1020.849609375,370.62322998046875,1046.5966796875,390.1780700683594,1010.3721313476562,388.07269287109375,1058.515380859375,412.636962890625,993.7300415039062,406.7699890136719,1067.2696533203125,432.10858154296875,985.140625,422.3128967285156,1042.113525390625,439.5050048828125,1018.4642333984375,438.86541748046875,1051.743408203125,482.84344482421875,1015.291015625,482.2198486328125,1060.036865234375,524.3750610351562,1017.2330932617188,524.2306518554688
1043.3084716796875,374.53515625,1045.9454345703125,371.0353088378906,1039.268798828125,370.8017578125,1048.3402099609375,372.608154296875,1030.6522216796875,371.82562255859375,1055.345703125,393.60186767578125,1017.1847534179688,391.96728515625,1069.1798095703125,416.3282470703125,998.1036376953125,411.8443603515625,1077.3695068359375,435.19305419921875,983.6512451171875,429.37310791015625,1051.2330322265625,445.5235290527344,1026.4251708984375,445.3846435546875,1060.37890625,488.11163330078125,1022.0722045898438,488.200927734375,1070.48974609375,527.794921875,1026.0518798828125,529.3123168945312
1046.10400390625,378.593994140625,1049.1826171875,375.071533203125,1042.5302734375,374.9429626464844,1054.248291015625,376.3162536621094,1035.9393310546875,375.77020263671875,1062.862060546875,397.59881591796875,1024.1961669921875,395.4228515625,1074.545166015625,419.8792419433594,1003.7548828125,412.211181640625,1084.9732666015625,435.24786376953125,988.0274047851562,424.523681640625,1059.499755859375,451.1122741699219,1033.5482177734375,450.69775390625,1070.443603515625,492.0409240722656,1024.151123046875,491.44189453125,1079.3812255859375,529.6226806640625,1021.77587890625,529.703125
1054.4232177734375,386.4894104003906,1057.32080078125,382.8497314453125,1050.50341796875,382.7064514160156,1061.19140625,383.71600341796875,1042.9935302734375,383.13751220703125,1069.0791015625,403.61578369140625,1031.1796875,401.32989501953125,1084.475830078125,422.3514404296875,1007.8831787109375,414.65435791015625,1096.1182861328125,434.6744384765625,986.1025390625,424.5107116699219,1064.409423828125,455.9139404296875,1039.355712890625,455.35626220703125,1075.169677734375,493.3329162597656,1031.456787109375,492.3941650390625,1082.419921875,528.7142333984375,1027.2213134765625,527.670654296875
1063.6287841796875,391.1858825683594,1066.43505859375,387.6971435546875,1060.279296875,387.52825927734375,1069.788330078125,389.3287353515625,1053.1317138671875,388.9122619628906,1076.392333984375,410.5414123535156,1040.29052734375,408.373291015625,1096.37158203125,428.54132080078125,1014.5634765625,419.6309814453125,1107.182861328125,438.3251953125,995.2560424804688,424.3349304199219,1067.170654296875,464.781494140625,1042.854248046875,463.79547119140625,1081.354736328125,501.68963623046875,1035.6318359375,500.81793212890625,1087.1414794921875,534.6849365234375,1025.1593017578125,534.7359008789062
1072.819580078125,396.3225402832031,1075.9609375,392.8870849609375,1068.7977294921875,392.4935302734375,1079.148681640625,393.9507751464844,1060.048095703125,392.6311340332031,1084.2781982421875,415.062744140625,1047.2152099609375,412.16143798828125,1103.0579833984375,434.75146484375,1029.926025390625,427.9589538574219,1115.5126953125,444.49267578125,1030.514404296875,431.86083984375,1073.0177001953125,470.57757568359375,1047.3846435546875,469.24359130859375,1086.5872802734375,508.8813171386719,1037.5567626953125,507.24151611328125,1092.5863037109375,544.4393310546875,1026.526123046875,542.39306640625
1076.8709716796875,401.22015380859375,1080.3983154296875,397.9739685058594,1073.622314453125,397.30389404296875,1085.471435546875,399.42840576171875,1066.4901123046875,397.6259765625,1091.1014404296875,420.320556640625,1054.468017578125,415.36865234375,1104.3759765625,439.34393310546875,1031.35107421875,426.9403381347656,1101.6649169921875,440.776611328125,1019.344482421875,428.39422607421875,1076.821044921875,477.1058349609375,1051.3067626953125,474.1520690917969,1085.96240234375,515.470458984375,1038.6697998046875,511.74664306640625,1094.094482421875,551.80029296875,1028.54443359375,547.5103149414062
1083.818115234375,405.46783447265625,1086.9625244140625,401.46295166015625,1080.444091796875,400.83758544921875,1089.846435546875,403.3524169921875,1072.312255859375,401.28143310546875,1091.1875,423.1949157714844,1059.1055908203125,421.371826171875,1106.513671875,441.1844787597656,1045.43798828125,441.6053466796875,1120.0567626953125,445.27313232421875,1048.4945068359375,446.52215576171875,1078.7470703125,473.15386962890625,1056.7283935546875,472.9937438964844,1091.1063232421875,508.4698791503906,1049.8907470703125,508.9365234375,1094.229736328125,543.6416015625,1039.510498046875,545.27001953125
1085.3251953125,407.80609130859375,1089.2578125,404.55364990234375,1081.652099609375,403.43353271484375,1093.65478515625,405.62017822265625,1073.6368408203125,402.615234375,1098.025146484375,426.7987060546875,1060.2095947265625,419.03997802734375,1115.4552001953125,446.846923828125,1039.256591796875,430.6194763183594,1137.412841796875,457.92315673828125,1018.7530517578125,441.4554443359375,1080.7603759765625,478.138916015625,1054.901611328125,474.0382080078125,1092.91796875,511.71478271484375,1041.5128173828125,505.544921875,1104.279052734375,553.1568603515625,1034.2418212890625,544.5836791992188
1092.133544921875,405.90386962890625,1095.02392578125,402.7718505859375,1088.7462158203125,401.7476806640625,1095.9501953125,405.03204345703125,1080.3685302734375,402.2326354980469,1101.275390625,426.1895751953125,1065.44775390625,417.9188232421875,1117.3369140625,446.70703125,1040.72900390625,427.5621337890625,1136.6158447265625,461.8528747558594,1019.365478515625,445.2279052734375,1087.6524658203125,475.18511962890625,1062.8787841796875,471.0433349609375,1093.245849609375,512.569580078125,1047.910888671875,506.645751953125,1107.94873046875,558.0148315429688,1045.806396484375,550.4166259765625
1093.439697265625,407.19647216796875,1096.5709228515625,404.0657043457031,1090.421875,402.8636169433594,1098.3302001953125,405.8173828125,1083.00146484375,402.59906005859375,1102.44091796875,426.7203369140625,1068.731689453125,417.56097412109375,1116.8369140625,448.1369934082031,1044.112060546875,427.38958740234375,1134.299560546875,465.2919921875,1023.8900756835938,446.9387512207031,1087.8482666015625,474.6927490234375,1064.2041015625,469.9741516113281,1094.793701171875,511.06890869140625,1048.9212646484375,504.5177001953125,1107.01220703125,555.1805419921875,1042.42431640625,546.7333984375
1093.017333984375,407.84320068359375,1096.2489013671875,404.71038818359375,1090.174560546875,403.5604248046875,1099.2791748046875,405.7898254394531,1083.6123046875,402.45574951171875,1103.9871826171875,427.7042541503906,1067.973876953125,417.79913330078125,1116.654296875,453.11859130859375,1044.07080078125,428.7672119140625,1133.3377685546875,474.348388671875,1028.490234375,445.6879577636719,1087.5389404296875,473.9136657714844,1063.4866943359375,469.1194152832031,1095.5611572265625,509.6845703125,1048.4227294921875,502.6809997558594,1100.8372802734375,552.7842407226562,1042.9830322265625,543.739501953125
1092.9716796875,407.9286804199219,1096.31640625,404.5980224609375,1090.483154296875,403.5942077636719,1099.795654296875,405.526611328125,1084.4052734375,402.72821044921875,1104.2889404296875,427.7969055175781,1068.0076904296875,419.16650390625,1115.6689453125,456.1324462890625,1044.291015625,432.66552734375,1130.2178955078125,484.03472900390625,1037.7705078125,449.4158020019531,1087.76904296875,473.8686218261719,1063.606201171875,469.985595703125,1095.541259765625,511.5257263183594,1050.63330078125,506.3941955566406,1099.952392578125,554.277099609375,1046.88916015625,548.4494018554688
1092.107421875,408.62176513671875,1098.11669921875,404.73931884765625,1089.885009765625,402.4866943359375,1105.615234375,406.0593566894531,1084.010009765625,399.3811340332031,1105.923583984375,424.27130126953125,1068.3433837890625,416.2244567871094,1115.83642578125,451.6571044921875,1046.8197021484375,440.4954833984375,1130.15673828125,481.75335693359375,1041.78955078125,474.5988464355469,1081.1522216796875,467.8546142578125,1055.5428466796875,464.21453857421875,1096.247314453125,506.7208251953125,1050.072998046875,504.6583557128906,1104.37841796875,546.9645385742188,1044.893798828125,544.5254516601562
1093.15771484375,407.4260559082031,1098.66015625,403.4248352050781,1090.6864013671875,401.4619140625,1105.287841796875,404.5711669921875,1084.4720458984375,398.7413330078125,1105.444091796875,423.6077880859375,1069.3963623046875,416.42138671875,1113.36279296875,452.21173095703125,1049.5264892578125,442.04388427734375,1124.114990234375,483.1203918457031,1046.1343994140625,476.9403076171875,1083.0887451171875,469.80853271484375,1058.5062255859375,466.62994384765625,1095.22802734375,513.0971069335938,1052.5709228515625,511.2743225097656,1101.174560546875,551.2742309570312,1047.00439453125,549.22265625
1093.91357421875,405.122802734375,1099.3958740234375,401.5527648925781,1091.2777099609375,399.486572265625,1105.5919189453125,403.3941650390625,1084.8438720703125,397.5376281738281,1105.990478515625,422.1361999511719,1069.7161865234375,414.69244384765625,1112.2701416015625,450.10894775390625,1052.3955078125,439.0027770996094,1116.5625,478.2713928222656,1049.4017333984375,471.1057434082031,1084.9111328125,465.5552978515625,1060.0487060546875,462.23553466796875,1093.342041015625,504.59619140625,1051.23876953125,502.4281005859375,1096.20703125,541.2533569335938,1045.31787109375,538.7631225585938
1094.042724609375,405.5159912109375,1097.368408203125,402.28863525390625,1091.3709716796875,400.89849853515625,1099.9427490234375,402.892822265625,1083.1812744140625,399.1978454589844,1101.746826171875,423.00439453125,1066.339111328125,416.6130065917969,1110.2689208984375,453.10992431640625,1049.417236328125,441.440185546875,1108.7198486328125,482.9241027832031,1044.988037109375,473.7133483886719,1084.272705078125,467.601806640625,1060.4979248046875,464.5425109863281,1090.8104248046875,507.6319580078125,1054.01171875,504.0583190917969,1094.137939453125,545.3271484375,1050.8580322265625,542.4510498046875
1093.47265625,403.2655029296875,1096.2193603515625,400.0423583984375,1090.7568359375,399.07366943359375,1098.037109375,401.33026123046875,1082.6883544921875,398.58636474609375,1100.760986328125,421.4495849609375,1066.62939453125,416.5152587890625,1106.10595703125,448.8782043457031,1050.33642578125,439.773681640625,1098.88623046875,472.8479919433594,1047.150634765625,467.89422607421875,1086.215576171875,466.610595703125,1063.2353515625,464.113525390625,1089.8414306640625,504.1475830078125,1054.9854736328125,501.15362548828125,1091.613037109375,539.1543579101562,1052.13525390625,537.1201782226562
1090.706298828125,403.8516845703125,1093.59765625,400.33258056640625,1087.941162109375,399.59686279296875,1095.789306640625,401.05615234375,1080.3330078125,399.05584716796875,1098.567138671875,420.62261962890625,1064.9071044921875,417.31396484375,1104.504150390625,447.7568359375,1048.7335205078125,440.79644775390625,1099.936767578125,475.13873291015625,1043.59716796875,468.92034912109375,1085.0963134765625,465.81353759765625,1062.41064453125,464.2293701171875,1090.692138671875,503.6379089355469,1054.668701171875,502.19482421875,1094.027099609375,536.9336547851562,1052.27880859375,537.5228271484375
1089.4739990234375,398.61566162109375,1092.011962890625,394.90869140625,1086.330810546875,394.5698547363281,1092.9110107421875,395.95562744140625,1078.175537109375,395.11602783203125,1096.0343017578125,415.461669921875,1062.6326904296875,413.803955078125,1100.24169921875,442.21917724609375,1046.875,436.2591247558594,1092.72607421875,469.1783752441406,1041.463134765625,459.3327941894531,1083.887451171875,459.8565673828125,1061.2989501953125,459.1430969238281,1088.17578125,499.5343322753906,1053.47802734375,499.51708984375,1090.5535888671875,533.0758056640625,1052.514404296875,535.5711669921875
1085.7706298828125,400.07464599609375,1089.2552490234375,396.24468994140625,1082.5528564453125,395.462158203125,1092.381103515625,397.5736999511719,1075.5875244140625,395.21661376953125,1096.060302734375,416.1533203125,1061.7735595703125,412.95166015625,1102.6595458984375,439.9052734375,1045.99658203125,434.77191162109375,1101.9156494140625,460.3255920410156,1046.659912109375,458.0203857421875,1084.1510009765625,459.88787841796875,1061.267822265625,458.5932312011719,1088.8497314453125,497.59869384765625,1053.0419921875,496.63641357421875,1088.9552001953125,534.0299072265625,1048.610107421875,533.1931762695312
1084.0528564453125,399.73712158203125,1087.2276611328125,395.81414794921875,1080.89111328125,395.1058349609375,1089.3819580078125,396.84136962890625,1073.6717529296875,394.5054016113281,1092.320556640625,415.0079345703125,1059.1240234375,412.03851318359375,1100.02392578125,438.10272216796875,1041.796875,433.7344970703125,1103.676025390625,458.5500183105469,1041.5042724609375,457.47845458984375,1081.8277587890625,460.57000732421875,1059.7587890625,459.58282470703125,1088.79736328125,498.6451416015625,1053.32421875,497.9859924316406,1091.8111572265625,535.3956298828125,1050.383056640625,535.0592041015625
1082.685546875,397.0397644042969,1085.5880126953125,393.0823059082031,1079.040283203125,392.5970764160156,1087.132080078125,394.647216796875,1071.0140380859375,392.92108154296875,1090.686767578125,414.1585693359375,1056.6378173828125,412.04925537109375,1098.53857421875,437.84173583984375,1039.9561767578125,434.7420654296875,1101.6419677734375,459.4637451171875,1041.6080322265625,459.1170959472656,1082.8125,461.4368591308594,1060.4287109375,460.9587707519531,1088.958740234375,498.66485595703125,1055.708740234375,498.3666687011719,1088.623779296875,534.3311767578125,1051.582275390625,534.4268188476562
1079.0496826171875,397.611572265625,1082.3248291015625,393.7342529296875,1075.796875,393.067626953125,1085.2978515625,395.0041809082031,1068.537353515625,392.8819885253906,1090.59423828125,413.19769287109375,1053.814697265625,410.5586242675781,1098.657470703125,436.3323669433594,1037.5623779296875,432.16802978515625,1097.634765625,453.2635803222656,1041.833251953125,451.66827392578125,1080.9228515625,458.9026794433594,1056.5511474609375,458.0845947265625,1088.3341064453125,496.5506591796875,1052.3809814453125,496.02838134765625,1088.3798828125,533.6400756835938,1049.3421630859375,533.1856689453125
1073.649658203125,395.986328125,1077.226806640625,391.87078857421875,1070.290283203125,391.4555969238281,1082.1385498046875,392.70166015625,1063.7100830078125,391.3894958496094,1089.92529296875,410.5150146484375,1051.163330078125,408.6988220214844,1099.03076171875,432.95947265625,1035.8291015625,429.59735107421875,1094.60595703125,445.94183349609375,1040.18017578125,444.2745361328125,1082.0458984375,456.06707763671875,1056.1265869140625,455.4393310546875,1089.611572265625,496.57470703125,1050.8892822265625,496.0084533691406,1092.4083251953125,536.5234375,1050.1343994140625,535.6209106445312
1071.85546875,394.5887145996094,1075.146728515625,390.3736267089844,1068.2373046875,390.2577209472656,1079.784423828125,391.2760009765625,1061.462646484375,390.76116943359375,1088.0050048828125,409.6833801269531,1048.8807373046875,408.9128723144531,1098.331787109375,432.0069580078125,1033.7513427734375,430.5357971191406,1094.5673828125,445.39495849609375,1038.6676025390625,445.1802062988281,1081.37158203125,455.3769836425781,1055.1669921875,455.30914306640625,1090.48486328125,494.87908935546875,1049.787109375,494.71563720703125,1093.8310546875,534.88720703125,1048.803955078125,534.46826171875
1071.87109375,393.606689453125,1074.951904296875,389.37060546875,1068.16259765625,389.2768249511719,1078.5233154296875,390.2917785644531,1061.187255859375,389.74334716796875,1085.59033203125,408.95513916015625,1048.0924072265625,408.5014343261719,1096.9608154296875,432.32940673828125,1033.30029296875,432.106201171875,1098.7152099609375,451.71136474609375,1037.716796875,452.52496337890625,1079.6495361328125,455.44232177734375,1054.72314453125,455.6983337402344,1090.7744140625,493.8668212890625,1050.1796875,494.0453796386719,1093.547119140625,534.4861450195312,1047.3388671875,534.6874389648438
1071.275146484375,396.08544921875,1074.1337890625,391.6033935546875,1067.15625,391.8606262207031,1077.4678955078125,392.262939453125,1059.75830078125,392.682861328125,1083.26025390625,411.10089111328125,1048.383056640625,411.7879943847656,1094.65185546875,434.6366271972656,1034.1578369140625,436.22100830078125,1099.521240234375,459.0736999511719,1035.408447265625,461.1220703125,1078.1561279296875,457.073974609375,1055.1220703125,457.80828857421875,1089.0086669921875,493.2847595214844,1050.8968505859375,493.78857421875,1090.9439697265625,533.10400390625,1046.5426025390625,533.7484130859375
1066.3515625,399.5784912109375,1069.03466796875,395.30413818359375,1062.321533203125,395.8818054199219,1072.9813232421875,396.246337890625,1055.8245849609375,397.5640869140625,1080.1651611328125,415.1441650390625,1045.9891357421875,417.06170654296875,1093.45361328125,437.627197265625,1032.2967529296875,441.36431884765625,1101.101318359375,462.7381896972656,1031.2662353515625,466.25921630859375,1077.614990234375,459.8755187988281,1055.357421875,461.0723876953125,1086.380615234375,494.75616455078125,1048.14599609375,495.5124206542969,1092.1279296875,533.172607421875,1046.2398681640625,534.08447265625
1062.0213623046875,406.2703857421875,1064.92724609375,401.431640625,1057.15625,402.39007568359375,1069.41845703125,402.49932861328125,1049.645263671875,404.9057922363281,1078.0167236328125,423.17327880859375,1041.05908203125,426.67584228515625,1093.7060546875,446.2784423828125,1030.37890625,452.8145751953125,1100.5361328125,473.11956787109375,1030.449462890625,478.0146484375,1077.0682373046875,468.17889404296875,1052.7867431640625,470.144775390625,1088.3017578125,497.86639404296875,1046.74169921875,499.2197570800781,1094.52294921875,540.1030883789062,1045.93212890625,541.5394287109375
1057.4541015625,409.9195556640625,1060.33349609375,405.11474609375,1052.9832763671875,405.9703369140625,1065.409423828125,405.73175048828125,1046.4791259765625,407.9537658691406,1075.994384765625,425.5802001953125,1038.6915283203125,428.76458740234375,1092.4091796875,449.25213623046875,1027.8140869140625,455.1988220214844,1098.1177978515625,474.1314697265625,1027.42626953125,478.0205078125,1075.157470703125,470.7030029296875,1049.8905029296875,472.31634521484375,1089.056884765625,499.64129638671875,1037.70751953125,500.70672607421875,1095.945556640625,544.1787719726562,1032.8216552734375,545.314697265625
1049.7294921875,413.5708923339844,1052.387451171875,408.4920959472656,1045.064208984375,409.77691650390625,1057.868896484375,408.42681884765625,1039.312744140625,411.8711242675781,1069.81396484375,427.142333984375,1033.373779296875,432.2498779296875,1090.1845703125,447.7218017578125,1024.0482177734375,457.5790100097656,1101.1439208984375,474.922607421875,1023.2561645507812,481.2279968261719,1072.630615234375,470.04669189453125,1047.745361328125,472.447021484375,1087.673828125,499.97296142578125,1032.781005859375,501.590576171875,1097.396728515625,542.576171875,1027.093994140625,544.3961181640625
1042.2913818359375,412.2347717285156,1045.673583984375,407.35888671875,1038.2105712890625,408.2291259765625,1052.2841796875,408.2889404296875,1033.3917236328125,410.6873779296875,1063.67529296875,428.23651123046875,1029.6875,433.00994873046875,1090.197998046875,447.2811584472656,1022.1589965820312,458.07159423828125,1112.092041015625,473.7010803222656,1018.4803466796875,479.8197021484375,1066.5584716796875,475.6758728027344,1044.3114013671875,477.7913818359375,1078.02783203125,502.4876708984375,1033.096923828125,504.16571044921875,1093.1268310546875,544.6024169921875,1034.0863037109375,546.6762084960938
1035.6060791015625,406.7052001953125,1038.7197265625,402.3520202636719,1031.8465576171875,403.2440185546875,1046.2740478515625,403.8504638671875,1027.049560546875,406.6890869140625,1064.08349609375,424.58770751953125,1020.6717529296875,431.6186828613281,1090.25390625,445.1656494140625,1017.9564208984375,460.85595703125,1105.552490234375,468.8978576660156,1016.773193359375,482.569580078125,1068.473876953125,475.6438293457031,1038.03369140625,479.18487548828125,1079.49462890625,503.6261901855469,1019.9720458984375,507.39630126953125,1101.28173828125,545.7866821289062,1028.6497802734375,549.6370849609375
1034.244384765625,403.84124755859375,1036.9798583984375,399.6352844238281,1030.1171875,400.6601257324219,1043.3472900390625,400.09063720703125,1024.6134033203125,402.8321228027344,1057.6707763671875,417.1815490722656,1019.1256713867188,424.8073425292969,1077.495849609375,434.96844482421875,1012.95703125,453.37457275390625,1083.2591552734375,449.230224609375,1013.8658447265625,478.19659423828125,1064.3271484375,468.390869140625,1037.56494140625,472.460205078125,1074.4677734375,498.04119873046875,1023.9434814453125,501.76910400390625,1091.91796875,544.0218505859375,1029.607666015625,547.2906494140625
1024.083984375,394.771484375,1027.137939453125,390.650146484375,1020.7781982421875,391.51068115234375,1036.064697265625,391.7376708984375,1017.6351928710938,394.3135986328125,1054.4532470703125,409.6568298339844,1014.9625244140625,417.45428466796875,1076.8226318359375,424.80841064453125,1011.1990356445312,446.148193359375,1074.4403076171875,438.0156555175781,1011.0755615234375,472.757568359375,1064.9515380859375,457.7708740234375,1037.048095703125,460.88153076171875,1075.025146484375,495.3948669433594,1024.998046875,497.94940185546875,1090.7325439453125,537.244384765625,1029.295654296875,538.6829833984375
1024.3480224609375,387.5379638671875,1026.920166015625,383.306640625,1020.8121337890625,384.65277099609375,1034.3526611328125,383.83026123046875,1017.6102905273438,387.605712890625,1053.09228515625,400.27996826171875,1012.890380859375,410.0582275390625,1073.959228515625,415.85662841796875,1010.3917236328125,438.67572021484375,1080.708984375,431.1761169433594,1007.5863037109375,465.1502380371094,1062.7879638671875,450.32086181640625,1034.7562255859375,454.8896484375,1072.4820556640625,490.102783203125,1026.04736328125,494.373046875,1084.12158203125,533.6021728515625,1029.4471435546875,536.5503540039062
1018.87939453125,379.5479736328125,1021.5882568359375,375.28839111328125,1016.2901000976562,376.35015869140625,1030.94140625,375.50732421875,1014.6989135742188,378.56195068359375,1050.10400390625,391.56585693359375,1010.6007080078125,400.15283203125,1069.015869140625,408.6182861328125,1006.3626708984375,428.54742431640625,1076.39306640625,425.06512451171875,1003.3947143554688,451.79559326171875,1059.1190185546875,444.39263916015625,1032.302734375,448.6123352050781,1066.4656982421875,486.1365051269531,1023.4762573242188,490.4610900878906,1077.525634765625,533.1431884765625,1028.001220703125,537.44873046875
1015.7635498046875,370.44525146484375,1018.1163940429688,364.6883239746094,1011.725830078125,366.4873046875,1026.95849609375,362.58953857421875,1008.4147338867188,367.5909423828125,1046.29052734375,380.6518249511719,1009.4738159179688,387.36773681640625,1069.843017578125,403.734375,1004.353271484375,414.6004638671875,1073.874267578125,429.36553955078125,1001.7603149414062,434.36822509765625,1056.6458740234375,434.55169677734375,1032.4725341796875,437.2757263183594,1060.804931640625,482.135498046875,1027.36474609375,483.82244873046875,1067.7349853515625,528.8404541015625,1027.964111328125,529.7030639648438
1012.820556640625,363.31878662109375,1016.3131103515625,358.9450378417969,1010.9078369140625,359.5608215332031,1027.87646484375,359.31597900390625,1009.9509887695312,361.43804931640625,1045.8232421875,377.1600341796875,1005.4871826171875,384.54046630859375,1064.9019775390625,396.97930908203125,1000.5072021484375,415.7320861816406,1074.226806640625,418.26885986328125,995.8951416015625,443.74493408203125,1047.09423828125,431.98248291015625,1020.6986083984375,435.239990234375,1054.3082275390625,476.2110900878906,1017.5057373046875,479.76220703125,1059.4508056640625,524.0662231445312,1021.1013793945312,528.4856567382812
1015.1014404296875,358.90362548828125,1018.1156005859375,353.1380310058594,1010.7332153320312,354.86737060546875,1026.0223388671875,352.3382568359375,1006.7972412109375,357.2214660644531,1040.86328125,373.0888671875,1006.7979125976562,379.8218994140625,1064.55126953125,396.5008850097656,998.098388671875,407.5320739746094,1077.070556640625,430.4674987792969,990.2706298828125,436.4477233886719,1043.8594970703125,432.1661682128906,1022.203857421875,434.52520751953125,1051.6019287109375,476.35736083984375,1019.706787109375,478.1480712890625,1058.828369140625,517.556884765625,1019.1822509765625,519.001708984375
1014.344970703125,355.0980224609375,1017.3975219726562,349.9183349609375,1010.7453002929688,350.98553466796875,1024.68798828125,350.06829833984375,1006.916748046875,353.20745849609375,1038.228515625,371.1841735839844,1005.4205932617188,375.96893310546875,1062.0340576171875,394.5308532714844,996.140380859375,402.7773742675781,1076.4991455078125,426.95867919921875,987.8845825195312,430.8095703125,1038.6781005859375,429.5526123046875,1017.953369140625,431.1860046386719,1046.27294921875,472.64166259765625,1014.9727783203125,474.1177978515625,1054.5657958984375,512.2581787109375,1014.575439453125,513.478759765625
1016.14013671875,354.47998046875,1019.1881103515625,350.2626953125,1012.912353515625,350.86761474609375,1027.1446533203125,350.99102783203125,1009.6883544921875,352.6075439453125,1040.727294921875,370.6473083496094,1004.6695556640625,375.5362243652344,1062.94873046875,391.972412109375,997.220947265625,403.6793212890625,1078.0361328125,418.40093994140625,992.3697509765625,430.325439453125,1040.7655029296875,425.9112854003906,1018.2589111328125,428.0356750488281,1042.0965576171875,468.97918701171875,1013.4853515625,471.8118896484375,1038.5465087890625,509.7785339355469,1009.552734375,513.2718505859375
1015.0572509765625,355.5588684082031,1018.103515625,351.5281677246094,1011.8702392578125,352.00335693359375,1025.615234375,352.19366455078125,1008.4367065429688,353.5144958496094,1038.209228515625,370.8203430175781,1003.2791748046875,375.3529052734375,1061.721923828125,390.6283264160156,995.0601806640625,401.27288818359375,1075.7039794921875,411.94757080078125,990.9951782226562,421.459716796875,1037.428466796875,425.77410888671875,1016.0520629882812,427.8338928222656,1037.6064453125,468.7240905761719,1014.1598510742188,471.77490234375,1033.1575927734375,508.4618225097656,1010.5794677734375,512.5860595703125
1019.98193359375,350.91595458984375,1022.8150634765625,347.0013427734375,1015.6701049804688,347.4022521972656,1027.80078125,348.8425598144531,1009.19580078125,349.6645202636719,1037.9842529296875,369.33990478515625,1001.9971923828125,372.309326171875,1059.6014404296875,389.76544189453125,992.2329711914062,397.469970703125,1075.6439208984375,409.82562255859375,988.7125244140625,418.02288818359375,1036.34814453125,424.42724609375,1015.065185546875,425.98089599609375,1033.35205078125,468.6885681152344,1015.75341796875,470.8058166503906,1023.0335693359375,508.9044189453125,1012.0010986328125,511.5723876953125
1020.4615478515625,346.56634521484375,1023.5103759765625,342.73602294921875,1016.1337890625,342.7881164550781,1028.680419921875,345.428466796875,1008.6968994140625,345.2312927246094,1039.06689453125,367.5760803222656,999.180908203125,368.1331787109375,1057.79443359375,389.4423828125,988.3206787109375,392.74072265625,1073.825927734375,409.00262451171875,983.033203125,415.7501220703125,1034.501708984375,423.21868896484375,1010.70458984375,423.56829833984375,1030.146728515625,469.3592529296875,1012.02001953125,469.62518310546875,1014.8411865234375,509.36199951171875,1006.7748413085938,509.95343017578125
1017.6948852539062,342.5130920410156,1020.5487670898438,338.6416015625,1014.2056274414062,338.5912780761719,1026.05615234375,341.30157470703125,1008.04541015625,340.8069763183594,1037.4422607421875,363.634033203125,997.8422241210938,362.781005859375,1057.8797607421875,387.1973876953125,984.976806640625,386.51922607421875,1075.96630859375,410.0980224609375,979.1852416992188,411.46807861328125,1032.552978515625,419.78070068359375,1008.935791015625,419.3780517578125,1025.3621826171875,467.74945068359375,1008.3360595703125,467.0248718261719,1011.8560791015625,509.400146484375,1003.9801025390625,508.9970397949219
1015.681640625,337.7016296386719,1019.056396484375,333.8019714355469,1011.74853515625,333.7916259765625,1024.899169921875,336.0885925292969,1005.8231201171875,335.76611328125,1034.9326171875,358.3546142578125,996.7530517578125,358.1369934082031,1053.6708984375,381.1466064453125,985.1229858398438,383.51605224609375,1072.1129150390625,406.0394287109375,981.0396728515625,406.9649963378906,1031.2232666015625,414.2996826171875,1008.0778198242188,413.9230041503906,1026.509033203125,460.29864501953125,1004.8610229492188,459.921875,1017.9845581054688,503.759765625,1004.5142211914062,503.21673583984375
1015.7099609375,337.07037353515625,1018.3031005859375,332.846435546875,1012.3232421875,333.3285827636719,1023.69970703125,334.14569091796875,1006.9053955078125,335.2552490234375,1033.821044921875,355.05279541015625,998.3809204101562,356.39215087890625,1053.80517578125,377.85894775390625,982.437744140625,380.32672119140625,1066.0322265625,399.4748840332031,977.0980224609375,400.80419921875,1026.5576171875,412.9727783203125,1006.126220703125,413.38739013671875,1021.083251953125,456.05145263671875,1008.2495727539062,456.3687744140625,1014.9332275390625,496.692626953125,1005.3096923828125,497.30621337890625
1012.2453002929688,332.97442626953125,1015.2314453125,329.12066650390625,1008.56396484375,329.41864013671875,1021.3159790039062,330.5587158203125,1002.7040405273438,330.95684814453125,1031.5078125,352.981201171875,994.1871337890625,352.3411560058594,1042.5526123046875,376.5010070800781,983.7921142578125,374.63970947265625,1048.7158203125,394.57476806640625,986.0477294921875,394.94183349609375,1026.1666259765625,405.08294677734375,1002.6285400390625,404.67498779296875,1026.256103515625,450.7563171386719,997.838134765625,449.78045654296875,1018.6944580078125,493.6877746582031,993.5693359375,494.0398864746094
1010.9923095703125,325.51214599609375,1013.3394775390625,321.63079833984375,1007.684326171875,321.8813171386719,1017.6566162109375,322.94757080078125,1001.5574340820312,322.9035339355469,1025.349609375,344.06402587890625,991.1771850585938,343.56231689453125,1033.0302734375,370.21502685546875,979.860595703125,368.46771240234375,1034.77734375,393.2078857421875,986.9715576171875,389.74420166015625,1024.354736328125,399.5596618652344,1002.4453125,399.6966552734375,1022.3688354492188,446.07672119140625,1000.3863525390625,446.8563232421875,1012.80810546875,487.94573974609375,993.4296875,491.045654296875
1007.9892578125,317.45074462890625,1010.4885864257812,313.62408447265625,1004.1883544921875,313.92919921875,1014.6838989257812,315.057861328125,997.64208984375,315.17413330078125,1021.4013061523438,335.8287048339844,989.4210205078125,336.3457946777344,1031.4332275390625,357.58587646484375,980.267333984375,360.96551513671875,1035.8734130859375,368.88641357421875,988.049560546875,377.1037902832031,1021.892822265625,394.0401306152344,1001.13330078125,394.556884765625,1021.392578125,441.44659423828125,998.3031005859375,442.09234619140625,1016.9701538085938,484.881591796875,991.4486083984375,487.3848876953125
1006.6712036132812,315.5152587890625,1009.0647583007812,311.0164794921875,1002.4324951171875,311.50946044921875,1010.980712890625,312.02606201171875,995.9698486328125,313.19183349609375,1015.9414672851562,332.6512451171875,988.7646484375,334.9708251953125,1026.15625,358.34539794921875,983.017333984375,363.638916015625,1032.575439453125,378.89727783203125,991.67041015625,383.249755859375,1018.3497314453125,387.6896667480469,1001.3040771484375,389.2037353515625,1020.1629638671875,432.90380859375,999.2905883789062,434.10223388671875,1016.5511474609375,479.3870849609375,994.9876098632812,481.593017578125
1000.0152587890625,310.432373046875,1001.8694458007812,306.68304443359375,996.6719970703125,307.0046081542969,1005.2288818359375,308.266357421875,992.0035400390625,308.5514831542969,1012.8847045898438,328.5341491699219,986.55712890625,329.1122131347656,1021.658447265625,352.5753479003906,982.5294799804688,355.759033203125,1019.0615234375,364.510498046875,984.4390869140625,374.9466247558594,1016.94287109375,384.0500793457031,999.470458984375,384.605224609375,1021.0387573242188,430.20489501953125,998.8679809570312,430.3190002441406,1021.9066772460938,472.84869384765625,994.9522705078125,473.42413330078125
994.1082763671875,311.8240661621094,996.140380859375,307.5816345214844,990.969482421875,308.140869140625,1000.2171630859375,308.267578125,987.8399047851562,309.5337219238281,1010.3219604492188,326.1089172363281,983.4347534179688,328.21044921875,1021.3013916015625,346.138671875,977.7848510742188,350.46026611328125,1020.8930053710938,350.130859375,986.9322509765625,353.10174560546875,1015.687744140625,379.03045654296875,998.5059814453125,380.1841735839844,1021.045654296875,422.829833984375,998.5228271484375,423.8951416015625,1022.4644165039062,465.7098388671875,998.1846923828125,466.7169189453125
995.4043579101562,311.829833984375,997.71337890625,308.3852233886719,991.8765869140625,308.65911865234375,1001.6363525390625,309.6502380371094,986.3350830078125,310.05291748046875,1008.60791015625,326.94970703125,980.9760131835938,328.7113952636719,1016.3531494140625,345.444091796875,979.73974609375,349.5535888671875,1013.8273315429688,342.9097900390625,987.2199096679688,350.5721740722656,1013.484619140625,378.6790466308594,994.7752075195312,380.1651611328125,1021.28271484375,421.3246765136719,995.5328369140625,422.84515380859375,1025.0111083984375,461.3773193359375,994.8157958984375,463.9002685546875
994.1876220703125,315.0633544921875,997.0726318359375,311.7544860839844,990.9413452148438,311.6875915527344,1002.2864990234375,312.9599304199219,985.8023681640625,312.6713562011719,1007.9295043945312,328.006591796875,981.220703125,331.25,1022.2168579101562,335.4682312011719,978.3502197265625,352.98602294921875,1030.872314453125,324.67901611328125,982.3189697265625,361.13616943359375,1011.82373046875,379.3795166015625,994.3936767578125,380.9872741699219,1019.835205078125,420.0888977050781,997.7908935546875,421.05621337890625,1021.4649658203125,457.7185363769531,993.902099609375,458.8197021484375
993.2208251953125,317.7823486328125,996.62646484375,313.84051513671875,989.2789306640625,313.8150939941406,1002.7679443359375,315.18341064453125,983.3955688476562,314.70947265625,1004.5506591796875,333.28924560546875,981.2479248046875,335.56005859375,1010.5724487304688,349.9686584472656,977.658203125,364.78057861328125,1012.1190185546875,356.34417724609375,978.0027465820312,393.56280517578125,1007.955810546875,384.0140075683594,993.6826171875,385.0928649902344,1015.1947631835938,423.35272216796875,1004.4860229492188,423.626708984375,1007.7127075195312,456.9989013671875,997.2447509765625,457.8430480957031
986.3004150390625,317.48443603515625,989.939453125,314.1520690917969,983.1176147460938,313.8476867675781,995.9115600585938,316.85845947265625,979.5830078125,315.96728515625,997.59716796875,333.7122497558594,978.1265258789062,333.02447509765625,993.9564208984375,346.2552795410156,972.611328125,342.602294921875,983.37890625,335.72015380859375,967.3456420898438,330.1840515136719,1002.2166748046875,380.75518798828125,989.9463500976562,381.00250244140625,1005.974853515625,418.3382263183594,997.7854614257812,419.1588134765625,1002.3477172851562,450.9440002441406,995.8562622070312,452.3304748535156
