x0,y0,x1,y1,x2,y2,x3,y3,x4,y4,x5,y5,x6,y6,x7,y7,x8,y8,x9,y9,x10,y10,x11,y11,x12,y12,x13,y13,x14,y14,x15,y15,x16,y16
708.750244140625,395.94146728515625,706.9595336914062,393.14306640625,709.7207641601562,393.46826171875,699.1736450195312,395.21759033203125,715.0840454101562,396.52972412109375,689.1414184570312,411.0745544433594,720.7652587890625,413.62347412109375,673.3031005859375,429.25311279296875,735.40576171875,431.510009765625,670.9263305664062,432.09271240234375,741.3400268554688,430.79449462890625,694.2208862304688,461.1285095214844,714.9110107421875,462.68145751953125,694.2322387695312,499.5916748046875,720.5150756835938,501.8516845703125,695.5149536132812,535.7257690429688,722.60400390625,538.2108154296875
708.1595458984375,396.2071228027344,706.4242553710938,393.427734375,709.25830078125,393.7265319824219,698.9808959960938,395.5857849121094,715.1350708007812,396.8320617675781,689.1038818359375,411.58074951171875,720.93505859375,413.8898620605469,673.2430419921875,429.4786376953125,734.9925537109375,431.2323913574219,670.8301391601562,432.4378662109375,740.2982788085938,430.3991394042969,693.8130493164062,461.61480712890625,714.6785278320312,463.03717041015625,694.1004028320312,499.6343994140625,720.50341796875,501.76318359375,695.6763916015625,535.5567626953125,722.8182373046875,537.8683471679688
707.5460205078125,395.7782897949219,706.0801391601562,393.12530517578125,708.7406616210938,393.4437561035156,699.2203369140625,395.968994140625,714.6295776367188,397.44549560546875,689.1854248046875,412.5162353515625,720.1859130859375,415.55401611328125,672.8399658203125,429.8128967285156,734.5215454101562,432.4946594238281,668.5657958984375,433.82354736328125,740.3681640625,431.3633117675781,693.6393432617188,462.1805419921875,713.7776489257812,463.962890625,694.533447265625,498.75726318359375,720.5029907226562,501.62200927734375,696.2952880859375,534.2080078125,722.7179565429688,537.7308349609375
709.41015625,397.4537353515625,707.5792846679688,394.7083435058594,710.1119995117188,395.1390380859375,699.3049926757812,397.40277099609375,714.29248046875,399.0447998046875,688.7666015625,413.87664794921875,719.6390380859375,417.2229919433594,672.4312744140625,431.14154052734375,733.48193359375,434.97161865234375,668.1901245117188,434.6280517578125,738.8902587890625,434.87139892578125,693.3955078125,463.442138671875,713.5685424804688,465.3873291015625,694.6683959960938,498.9691162109375,720.9857177734375,501.7232666015625,697.0224609375,533.8104248046875,723.7374877929688,536.8177490234375
707.5516357421875,398.612548828125,706.0183715820312,395.8741760253906,708.6421508789062,396.3199157714844,698.7293701171875,398.6669616699219,714.3228149414062,400.5985107421875,688.1658935546875,415.53253173828125,720.2822265625,419.78253173828125,672.3628540039062,435.0531005859375,733.2474975585938,439.55853271484375,667.6432495117188,435.8410339355469,735.4969482421875,433.74078369140625,692.86328125,464.9208984375,713.9363403320312,467.2840576171875,693.4593505859375,498.9736328125,720.7816772460938,502.95489501953125,698.2383422851562,532.3573608398438,724.2926635742188,537.65966796875
706.4650268554688,397.9081726074219,704.969482421875,394.9763488769531,707.1248779296875,395.33538818359375,696.915283203125,398.58782958984375,712.0424194335938,400.09979248046875,686.8427734375,417.10931396484375,718.492919921875,420.26025390625,672.0492553710938,438.64739990234375,730.713134765625,441.5494384765625,667.5089721679688,434.9629821777344,730.1551513671875,429.02801513671875,693.0647583007812,466.056640625,713.640380859375,467.63037109375,695.15771484375,499.6453857421875,720.3464965820312,503.03240966796875,700.7400512695312,532.9024047851562,720.8798217773438,538.5442504882812
705.5541381835938,397.5836181640625,704.1382446289062,394.8507080078125,706.4439086914062,395.2732849121094,696.9198608398438,398.3611145019531,711.9461669921875,400.2046813964844,686.5096435546875,416.51861572265625,718.30615234375,420.4365234375,671.13818359375,438.02435302734375,731.0730590820312,441.2852478027344,666.8789672851562,434.7278137207031,732.5033569335938,430.18963623046875,693.1066284179688,465.7659912109375,713.655517578125,468.0462951660156,694.3309936523438,499.51910400390625,719.3191528320312,503.521728515625,702.2711181640625,533.2127075195312,722.7437744140625,538.6961669921875
701.652587890625,397.1820068359375,700.3580932617188,394.2955627441406,702.6092529296875,394.5372619628906,693.8555297851562,398.0796813964844,709.8704833984375,399.0231018066406,685.3546752929688,416.707763671875,717.305908203125,419.05169677734375,671.6076049804688,437.1608581542969,728.7730712890625,440.6152648925781,667.8455810546875,430.23370361328125,726.2669677734375,429.34417724609375,692.6798706054688,465.8091735839844,713.4383544921875,466.95306396484375,695.4392700195312,500.197998046875,718.8658447265625,502.71856689453125,703.2686157226562,533.6946411132812,720.6375122070312,537.7310791015625
694.8324584960938,393.67730712890625,694.409912109375,391.2431640625,696.7000122070312,391.361572265625,691.3208618164062,395.1635437011719,706.8526000976562,396.199951171875,683.297119140625,413.1036376953125,714.5394897460938,416.044921875,667.0609741210938,429.3623352050781,725.823486328125,433.48236083984375,661.455078125,425.92474365234375,725.4191284179688,426.9636535644531,691.7698364257812,462.8225402832031,712.067626953125,464.45281982421875,692.3483276367188,498.06787109375,716.9035034179688,501.02215576171875,701.8906860351562,532.4224853515625,723.5020141601562,535.9420166015625
693.1455078125,391.1937255859375,693.2742919921875,388.2667541503906,694.54931640625,388.09405517578125,689.4524536132812,391.7421569824219,703.4791870117188,392.0951843261719,679.2050170898438,410.7671813964844,711.9857177734375,413.17767333984375,661.0272216796875,423.27215576171875,723.0823974609375,427.93084716796875,650.99462890625,415.6654052734375,718.4281005859375,419.36676025390625,689.387939453125,461.9997253417969,710.6798095703125,463.3984069824219,692.8535766601562,496.17633056640625,716.5690307617188,498.85650634765625,699.6177368164062,529.12255859375,723.33203125,533.2871704101562
692.7156982421875,385.8880615234375,692.877197265625,383.274658203125,693.9676513671875,383.04473876953125,689.6911010742188,387.7709655761719,701.5343017578125,388.00701904296875,679.78466796875,406.7403259277344,708.424072265625,408.29852294921875,658.8101806640625,413.7380676269531,718.487060546875,418.32159423828125,644.365478515625,408.0995178222656,716.7508544921875,413.3268127441406,687.7964477539062,456.53704833984375,706.0214233398438,457.28125,690.9611206054688,490.62249755859375,714.653564453125,492.1697998046875,700.2796020507812,525.1654663085938,723.5655517578125,526.3734741210938
693.1675415039062,380.4924621582031,692.6181030273438,377.9895935058594,693.4673461914062,378.0201721191406,687.8067016601562,383.4538269042969,699.5568237304688,383.6770935058594,680.1204223632812,403.3081359863281,706.6064453125,403.00604248046875,656.213134765625,409.469482421875,717.4965209960938,410.4737854003906,639.90478515625,401.4320983886719,718.9589233398438,404.1934814453125,687.7114868164062,454.9174499511719,703.828125,454.638916015625,686.9960327148438,490.0130615234375,708.2045288085938,489.2694091796875,701.89697265625,523.418701171875,721.4464111328125,519.9927978515625
694.2982788085938,381.5831298828125,693.3195190429688,378.9888610839844,694.5302734375,379.08172607421875,687.4500732421875,383.9588928222656,700.0225219726562,384.2552490234375,679.689697265625,403.28033447265625,707.0128784179688,402.8642883300781,655.5327758789062,409.2686462402344,718.1837158203125,409.684326171875,639.0001220703125,401.08306884765625,719.496826171875,402.6025085449219,687.3258056640625,454.9648132324219,704.017578125,454.659423828125,686.74072265625,489.7786865234375,708.6019897460938,488.927978515625,701.1709594726562,523.4976806640625,721.645751953125,519.83203125
690.0630493164062,379.5455322265625,688.987548828125,377.29241943359375,691.785888671875,377.56964111328125,684.6712646484375,381.9608154296875,699.8467407226562,383.2675476074219,677.5087890625,399.7541198730469,706.8252563476562,400.1251525878906,649.1635131835938,408.1273193359375,720.181884765625,404.3525085449219,632.7816162109375,398.24090576171875,723.627197265625,389.21337890625,682.5765380859375,452.35101318359375,699.5947265625,452.8851623535156,685.1242065429688,486.7520446777344,703.2349243164062,487.1963806152344,705.3656616210938,519.8487548828125,721.1556396484375,518.6146240234375
689.6498413085938,376.6964416503906,688.789794921875,374.72564697265625,691.3665161132812,374.9835205078125,684.5196533203125,379.35992431640625,699.0694580078125,380.78851318359375,676.7561645507812,396.43878173828125,705.1990966796875,399.645263671875,651.98974609375,408.1031799316406,718.9219970703125,411.4382629394531,631.1031494140625,403.0537109375,717.37353515625,398.1150817871094,680.8373413085938,449.2771301269531,698.0999755859375,450.7868957519531,681.6219482421875,476.583251953125,703.8343505859375,480.2995910644531,693.17041015625,512.2794189453125,712.565673828125,518.5450439453125
687.905029296875,375.0617370605469,687.4799194335938,373.22576904296875,689.6576538085938,373.3482666015625,684.0064697265625,378.0491943359375,697.1673583984375,379.30511474609375,676.173583984375,394.94976806640625,702.7691650390625,397.8916015625,652.80322265625,406.9045715332031,716.01318359375,408.4521484375,631.7313232421875,405.94708251953125,713.1533203125,396.0478515625,678.8429565429688,446.51495361328125,694.128173828125,447.8377685546875,680.283447265625,476.338623046875,695.21142578125,480.424072265625,694.7682495117188,509.7882080078125,701.39501953125,517.4010009765625
685.5609130859375,374.84344482421875,685.6143798828125,373.0949401855469,687.5767822265625,373.0737609863281,683.49072265625,378.2081298828125,695.9345703125,379.2397155761719,675.806640625,395.3409423828125,701.5714721679688,397.8729553222656,652.6676635742188,407.68060302734375,713.99169921875,407.5797119140625,631.1339721679688,407.89208984375,709.2434692382812,394.09454345703125,677.1083984375,447.04864501953125,691.2383422851562,448.0119934082031,678.709228515625,478.554443359375,688.2364501953125,482.708251953125,693.537841796875,512.49169921875,690.2218017578125,520.7998657226562
682.7666625976562,375.3816223144531,683.2288818359375,373.7708435058594,685.2330932617188,373.56475830078125,682.3211669921875,378.926513671875,694.5222778320312,379.70654296875,674.9608764648438,396.1417236328125,699.7164916992188,398.4602355957031,652.7027587890625,408.9918212890625,712.6332397460938,407.25885009765625,629.4371948242188,411.1390075683594,706.0642700195312,391.6089172363281,674.692138671875,448.179931640625,687.44775390625,448.8832702636719,677.5861206054688,479.96240234375,680.8455200195312,484.64813232421875,692.8983154296875,513.4359130859375,678.835205078125,523.5419921875
682.8699951171875,375.43115234375,683.306396484375,373.819091796875,685.3214721679688,373.61737060546875,682.323486328125,378.9441223144531,694.5266723632812,379.7303161621094,674.9641723632812,396.1209716796875,699.6734008789062,398.43096923828125,652.7210693359375,408.99090576171875,712.7081298828125,407.2289123535156,629.4718017578125,411.20379638671875,706.2875366210938,391.6112365722656,674.6670532226562,448.1078186035156,687.3895263671875,448.81121826171875,677.6338500976562,479.8810119628906,680.8716430664062,484.5566711425781,692.8919067382812,513.3642578125,678.8840942382812,523.456787109375
681.1318969726562,378.3251647949219,681.5919799804688,376.4925537109375,683.7891845703125,376.1274719238281,679.4966430664062,381.392578125,692.5947875976562,382.16290283203125,673.0662841796875,398.2605285644531,695.968017578125,400.03607177734375,651.7830810546875,414.4317626953125,704.590576171875,406.47052001953125,626.8295288085938,422.3597412109375,691.672607421875,389.217529296875,671.8944091796875,449.9400634765625,683.187255859375,451.17535400390625,668.3201293945312,485.25811767578125,668.0166625976562,490.68927001953125,706.2662353515625,505.525634765625,688.19921875,515.5608520507812
681.0028076171875,380.60394287109375,681.0880737304688,378.5904235839844,683.140869140625,378.57562255859375,678.0497436523438,383.1148681640625,691.4772338867188,384.5030517578125,672.283203125,399.2733154296875,693.403564453125,402.88531494140625,651.6838989257812,416.5811767578125,689.4244995117188,416.16119384765625,625.3317260742188,425.5291748046875,666.7368774414062,408.6331787109375,670.4957885742188,450.374755859375,681.9231567382812,452.05633544921875,662.5706787109375,484.13531494140625,664.4315185546875,489.57403564453125,701.54296875,502.7611083984375,687.125732421875,511.447509765625
676.4733276367188,381.616455078125,677.3480224609375,379.24981689453125,678.187744140625,378.8268127441406,675.6729125976562,383.7337646484375,687.2933959960938,383.7259521484375,670.4775390625,401.7909851074219,689.7794799804688,404.96453857421875,654.2424926757812,420.5012512207031,683.729736328125,424.3016052246094,626.9029541015625,429.74798583984375,656.2930297851562,425.0977478027344,670.7337036132812,453.82855224609375,682.935546875,454.9051208496094,651.6278076171875,483.4320068359375,663.9260864257812,488.3321533203125,684.7416381835938,499.5992431640625,689.735595703125,507.5181884765625
672.814453125,383.4930725097656,673.650634765625,381.01904296875,674.465087890625,380.5289001464844,672.3386840820312,385.070556640625,683.8081665039062,384.70147705078125,667.2595825195312,402.76751708984375,687.5259399414062,405.00933837890625,652.5640869140625,422.1252136230469,681.7552490234375,424.453857421875,627.9810180664062,433.8992614746094,655.3698120117188,428.1779479980469,669.0167236328125,452.9694519042969,682.3699340820312,453.5625,649.2965087890625,479.69183349609375,664.4781494140625,483.67987060546875,676.6235961914062,499.1751708984375,686.86865234375,505.320556640625
669.1046752929688,384.6998291015625,669.531494140625,382.43548583984375,670.6838989257812,382.0597839355469,667.8135986328125,386.52691650390625,679.48876953125,386.245849609375,662.5535888671875,403.309814453125,683.9761962890625,404.4154357910156,647.2030029296875,424.4157409667969,678.1950073242188,424.2169189453125,626.2015991210938,436.5963134765625,655.4091186523438,429.56634521484375,665.3599243164062,449.71142578125,679.8739013671875,449.7448425292969,648.778564453125,474.62835693359375,666.891357421875,477.0942077636719,669.99560546875,497.0440673828125,685.1617431640625,500.58355712890625
668.8490600585938,384.2221374511719,669.4888916015625,381.9709777832031,670.44384765625,381.55035400390625,668.1952514648438,386.13116455078125,679.3504028320312,385.79705810546875,662.8900146484375,402.96990966796875,683.8721923828125,404.0910339355469,647.5752563476562,424.1683654785156,677.9172973632812,423.74163818359375,626.1008911132812,436.80084228515625,654.4171142578125,428.7421875,665.6471557617188,449.81036376953125,679.91845703125,449.823974609375,648.2787475585938,474.82763671875,666.627197265625,477.4485778808594,669.7014770507812,497.06536865234375,685.4407348632812,501.02410888671875
661.0579223632812,384.523193359375,661.61572265625,382.29937744140625,663.0926513671875,381.63580322265625,662.224609375,386.5055236816406,673.9716186523438,385.1156311035156,659.7286376953125,403.98516845703125,680.606201171875,402.97760009765625,647.0499267578125,426.603271484375,676.676025390625,424.6911315917969,625.1343994140625,439.1570129394531,656.2324829101562,434.83221435546875,663.3228149414062,447.77679443359375,678.7083129882812,446.609375,641.9700927734375,471.8088073730469,669.45849609375,472.3033752441406,656.6751708984375,496.74468994140625,689.2583618164062,497.070068359375
656.044189453125,383.9496765136719,656.8596801757812,381.66644287109375,658.153564453125,380.8970031738281,658.6411743164062,385.9510192871094,670.5308227539062,384.1329040527344,657.2402954101562,403.75982666015625,678.5571899414062,401.597412109375,645.4518432617188,427.7123107910156,672.8068237304688,424.019775390625,624.4436645507812,440.3691101074219,650.1332397460938,434.8429260253906,661.6474609375,448.190673828125,677.93212890625,446.34326171875,636.5199584960938,472.7815246582031,667.417236328125,472.3135681152344,652.3216552734375,500.05767822265625,690.5155029296875,498.86309814453125
652.0267944335938,384.21002197265625,652.77587890625,381.72283935546875,654.07421875,380.97955322265625,655.0567016601562,385.80682373046875,667.0498657226562,383.806884765625,654.028564453125,404.4261474609375,675.6019897460938,401.4261169433594,641.110595703125,429.1431884765625,668.3418579101562,424.4415283203125,618.818359375,440.29071044921875,644.2664184570312,435.3725891113281,658.5115356445312,448.7318420410156,675.9404296875,446.4465026855469,632.924560546875,472.228515625,670.546875,470.98150634765625,642.4238891601562,503.3912353515625,693.287841796875,501.15142822265625
647.92822265625,382.1018981933594,648.0490112304688,379.3067626953125,649.11083984375,378.5760498046875,648.7632446289062,382.71331787109375,661.0914306640625,380.30120849609375,647.085205078125,403.9970703125,673.2667236328125,398.8933410644531,635.7796630859375,427.9991455078125,675.8125610351562,419.3532409667969,616.9337158203125,438.63616943359375,658.9869995117188,431.7305603027344,652.7244262695312,450.4692687988281,672.93798828125,447.5792236328125,629.000732421875,471.43402099609375,668.1947021484375,468.33050537109375,634.1678466796875,505.1260986328125,687.2281494140625,499.5264892578125
641.4810791015625,378.72650146484375,642.2246704101562,376.364013671875,643.884033203125,375.7168884277344,644.7985229492188,381.339599609375,657.6117553710938,379.77642822265625,643.3927612304688,401.23150634765625,667.6746215820312,399.0206604003906,631.8643798828125,426.0036926269531,669.6006469726562,421.4148864746094,613.432373046875,438.646728515625,655.6700439453125,429.5978088378906,648.027587890625,446.178955078125,666.4937133789062,444.5723876953125,626.6924438476562,472.0932922363281,664.4592895507812,471.9101257324219,636.7066650390625,501.07513427734375,685.4990234375,501.27606201171875
641.407470703125,378.70965576171875,642.1617431640625,376.3560791015625,643.8263549804688,375.7000732421875,644.7647705078125,381.35870361328125,657.559814453125,379.77947998046875,643.342041015625,401.27435302734375,667.654541015625,399.0687255859375,631.8624267578125,426.02618408203125,669.7743530273438,421.4593200683594,613.4501342773438,438.6472473144531,656.043212890625,429.63690185546875,648.0751342773438,446.1800537109375,666.5537109375,444.5791931152344,626.6920776367188,472.0409240722656,664.5263671875,471.8703308105469,636.66650390625,501.034423828125,685.555419921875,501.27288818359375
636.3946533203125,376.7981872558594,637.0150146484375,374.3189697265625,638.4297485351562,373.6861877441406,639.203857421875,378.81390380859375,651.5756225585938,377.1915588378906,638.5916137695312,398.08111572265625,661.8594360351562,395.9246520996094,630.4885864257812,422.64837646484375,665.367431640625,417.762939453125,614.3573608398438,436.82794189453125,652.0535278320312,426.03216552734375,645.06298828125,442.7724609375,662.2400512695312,441.38800048828125,626.5780639648438,471.51739501953125,657.3651733398438,471.6557312011719,636.485107421875,501.177734375,674.0552368164062,501.6839599609375
632.947021484375,375.66119384765625,633.395263671875,372.9602355957031,634.5411987304688,372.5140686035156,635.2626953125,376.9532470703125,647.1537475585938,375.6686096191406,634.8857421875,395.8563537597656,657.601318359375,394.106689453125,627.580322265625,419.82061767578125,659.8292846679688,416.1728515625,612.7267456054688,435.7961120605469,645.9126586914062,427.8565673828125,640.8219604492188,441.0637512207031,657.2603759765625,439.9356689453125,626.6226806640625,471.8165283203125,652.6550903320312,471.9169921875,635.7374877929688,504.37908935546875,665.22998046875,504.196044921875
627.4275512695312,374.6907958984375,627.9876708984375,372.1270751953125,629.759765625,371.5631103515625,629.989990234375,376.23638916015625,643.1692504882812,375.0090637207031,629.0234985351562,395.36346435546875,652.9450073242188,394.55535888671875,624.1646118164062,419.0350036621094,655.521728515625,415.368408203125,610.97900390625,436.2649230957031,641.4342651367188,424.5762939453125,636.1434326171875,441.35772705078125,652.8043212890625,440.78936767578125,624.34130859375,472.15142822265625,645.9385375976562,473.8212585449219,634.35205078125,503.42718505859375,654.3115844726562,506.7635498046875
622.7047119140625,374.3194885253906,622.9153442382812,371.4500732421875,624.8964233398438,370.8089599609375,624.7650146484375,374.888916015625,638.9434814453125,373.2166748046875,624.7241821289062,395.3209533691406,649.0498046875,394.03643798828125,622.5653076171875,421.0095520019531,654.0101318359375,419.4833984375,613.0606079101562,442.7020263671875,643.676025390625,436.908935546875,632.945068359375,441.5783996582031,649.9164428710938,440.865478515625,621.11474609375,475.0194091796875,640.6275024414062,475.8981628417969,627.6920166015625,509.60980224609375,646.579345703125,510.22930908203125
618.2271118164062,377.7578430175781,618.184326171875,374.75408935546875,620.3755493164062,374.1357116699219,619.9692993164062,377.87432861328125,635.021240234375,376.0730285644531,620.4161376953125,397.9922790527344,646.761474609375,396.5017395019531,618.8448486328125,424.43310546875,653.1456298828125,421.8260498046875,607.2755126953125,445.79766845703125,640.5360107421875,437.3716735839844,629.6883544921875,444.9665832519531,648.016357421875,444.206298828125,615.4068603515625,478.4724426269531,636.642822265625,479.6529541015625,622.126708984375,515.4122314453125,642.6261596679688,516.9596557617188
618.5535888671875,378.23681640625,618.3248291015625,375.2210693359375,620.5287475585938,374.60723876953125,619.4703369140625,378.218505859375,634.754150390625,376.3300476074219,619.9978637695312,398.09234619140625,646.3161010742188,396.2431640625,618.6216430664062,424.4903259277344,652.7334594726562,421.0691223144531,607.0505981445312,445.5506591796875,639.5818481445312,436.2356262207031,629.7963256835938,444.86358642578125,648.1226806640625,443.9692077636719,615.0977172851562,478.41552734375,636.3038940429688,479.34173583984375,621.9874877929688,515.427490234375,642.5856323242188,516.4556884765625
615.8189697265625,381.3097839355469,615.4415283203125,378.1942138671875,617.383544921875,377.60052490234375,615.4515380859375,381.16900634765625,630.658203125,379.24505615234375,614.7450561523438,401.206298828125,642.3831176757812,398.61102294921875,612.2750854492188,427.83587646484375,648.6052856445312,422.1156005859375,601.6818237304688,449.360595703125,634.8878784179688,437.2584228515625,623.6139526367188,447.4725646972656,643.1494750976562,446.2760314941406,608.2557983398438,481.6229248046875,632.6663818359375,481.8971862792969,613.3186645507812,518.8067626953125,638.8312377929688,518.7349853515625
610.8734741210938,386.09271240234375,610.865966796875,383.01055908203125,612.5327758789062,382.4029235839844,611.8516845703125,385.0478515625,626.0313110351562,383.2839660644531,611.7822265625,404.3117980957031,638.0635986328125,401.8821105957031,608.9185180664062,432.2715148925781,645.1761474609375,427.3010559082031,598.134521484375,453.7412414550781,632.933349609375,443.53533935546875,619.5469970703125,450.56427001953125,638.9871826171875,449.36444091796875,600.1895751953125,485.6142578125,630.2561645507812,485.64556884765625,602.5907592773438,523.1930541992188,639.4450073242188,522.6091918945312
606.5161743164062,389.26739501953125,606.7827758789062,386.1728210449219,607.638916015625,385.4356994628906,608.2965698242188,390.1249694824219,620.576904296875,387.5386962890625,608.0748901367188,411.07891845703125,632.41455078125,407.5111389160156,604.2001953125,438.2074890136719,643.259033203125,432.1263427734375,592.2161865234375,455.6656799316406,633.0072631835938,444.4915771484375,617.0371704101562,456.8392028808594,635.4594116210938,454.76727294921875,595.6717529296875,489.98785400390625,630.7825317382812,489.12750244140625,591.8429565429688,530.3309936523438,641.8023681640625,528.4566040039062
601.8785400390625,393.16522216796875,601.6328125,390.2483215332031,603.4302368164062,389.40155029296875,603.3385009765625,392.9166564941406,618.4968872070312,389.86279296875,604.863525390625,414.03515625,631.831787109375,408.0653076171875,600.9967041015625,441.88201904296875,639.3976440429688,432.24835205078125,587.9509887695312,455.71893310546875,624.4407348632812,448.48101806640625,610.3050537109375,462.25177001953125,631.2802734375,459.3139953613281,589.4324340820312,497.07489013671875,628.18505859375,493.9288330078125,583.8173828125,535.7290649414062,638.5918579101562,530.6033935546875
596.6026611328125,395.89874267578125,596.2687377929688,393.2541809082031,598.3866577148438,392.3356018066406,597.718505859375,396.9984130859375,613.2528076171875,393.7138977050781,599.1719970703125,419.1713562011719,626.3017578125,412.4132385253906,594.060546875,445.3680419921875,635.6864624023438,434.9172668457031,584.382080078125,455.7569580078125,627.828369140625,450.02685546875,606.7898559570312,467.0110168457031,627.8497924804688,463.79290771484375,586.1972045898438,501.5540771484375,626.78857421875,497.3243408203125,579.7885131835938,538.1768798828125,638.5164794921875,530.9324340820312
596.6886596679688,395.8415222167969,596.32666015625,393.1900939941406,598.4564208984375,392.2705078125,597.68310546875,396.93017578125,613.2800903320312,393.6292724609375,599.1295166015625,419.131591796875,626.3142700195312,412.33447265625,594.046142578125,445.41241455078125,635.6861572265625,434.8948059082031,584.36181640625,455.9100341796875,627.7387084960938,450.16796875,606.811767578125,467.0581359863281,627.920654296875,463.8233337402344,586.1181030273438,501.60626220703125,626.7877197265625,497.348388671875,579.6783447265625,538.1453857421875,638.516845703125,530.8568725585938
591.4557495117188,401.2508850097656,591.1481323242188,398.2908630371094,592.9378662109375,397.6912536621094,592.7578125,401.8974609375,607.5397338867188,399.2836608886719,593.60205078125,424.2102966308594,620.9539794921875,418.4372253417969,585.4163818359375,449.8463134765625,629.3324584960938,441.229248046875,573.7193603515625,460.5709533691406,623.5347900390625,454.5923156738281,598.7332763671875,471.3431396484375,620.3314819335938,468.6110534667969,580.4641723632812,503.65350341796875,624.3516235351562,499.9971923828125,573.8858642578125,541.8196411132812,639.36279296875,534.8548583984375
589.2384643554688,403.776611328125,588.1256103515625,400.65185546875,589.598876953125,400.0960998535156,586.1669311523438,404.72418212890625,600.6871948242188,401.7898864746094,584.9722900390625,428.0922546386719,615.1190795898438,421.03741455078125,576.0377197265625,454.6318359375,627.0075073242188,444.0408630371094,564.013671875,462.46942138671875,622.530029296875,457.2447509765625,593.6522216796875,475.025146484375,616.7553100585938,471.78753662109375,573.7037353515625,503.68560791015625,620.3076171875,498.6116943359375,571.298095703125,542.28125,638.5762329101562,532.9576416015625
582.5850830078125,404.51531982421875,581.6738891601562,401.77197265625,583.7222290039062,400.9372253417969,581.177490234375,406.4681396484375,597.0562744140625,402.7274475097656,579.8810424804688,429.8467102050781,611.1729125976562,421.18182373046875,569.35400390625,453.9579772949219,623.2258911132812,441.00787353515625,558.3778076171875,460.2821044921875,621.0007934570312,452.33477783203125,590.6092529296875,474.1603088378906,614.5535888671875,469.76702880859375,571.866455078125,503.11956787109375,619.2557373046875,496.67767333984375,570.9664916992188,540.1240844726562,639.2467651367188,528.996337890625
581.044189453125,403.47479248046875,579.8460693359375,400.7577819824219,582.170166015625,399.97747802734375,578.2437133789062,405.05438232421875,594.1839599609375,401.5800476074219,576.0464477539062,428.08514404296875,608.0810546875,419.64794921875,564.3864135742188,452.0586853027344,621.0150146484375,438.5864562988281,553.83251953125,457.78558349609375,621.894287109375,448.52862548828125,588.6528930664062,472.33367919921875,612.5991821289062,468.1496276855469,571.5650634765625,501.52532958984375,617.6425170898438,495.16943359375,570.160888671875,539.0188598632812,634.4268798828125,527.8378295898438
580.3911743164062,401.76068115234375,578.9212036132812,398.7711486816406,581.2963256835938,398.1035461425781,576.0874633789062,402.5303649902344,592.472900390625,399.2239685058594,574.4606323242188,424.8131408691406,606.2306518554688,416.981201171875,562.085693359375,450.2121276855469,620.2389526367188,439.16412353515625,551.7647094726562,453.27056884765625,621.172119140625,451.26239013671875,586.3128662109375,470.36663818359375,609.915283203125,466.9103088378906,571.393798828125,502.4854736328125,617.9559326171875,496.49609375,568.0924072265625,539.64306640625,634.8309326171875,529.0283813476562
580.5364379882812,401.3993225097656,579.0574340820312,398.39007568359375,581.4331665039062,397.748291015625,576.1995849609375,402.26898193359375,592.72021484375,399.0384216308594,574.4981079101562,424.70599365234375,606.495849609375,417.1218566894531,562.1585693359375,449.893310546875,620.3900756835938,439.4905090332031,551.6377563476562,453.255859375,620.89208984375,451.9642639160156,586.082763671875,470.2712097167969,609.84326171875,466.924560546875,571.5651245117188,502.33343505859375,618.1298217773438,496.54473876953125,568.21875,539.8900146484375,634.9840087890625,529.5913696289062
580.7161254882812,399.571044921875,578.924560546875,396.5005187988281,581.4627075195312,395.8006591796875,574.88330078125,400.05010986328125,591.7401123046875,396.5548095703125,572.406982421875,422.55450439453125,605.5174560546875,413.7528991699219,559.0003051757812,449.0437927246094,620.3999633789062,435.612548828125,548.8058471679688,453.8319396972656,622.4917602539062,449.0229187011719,584.35400390625,468.369384765625,608.5540771484375,464.5302734375,571.9383544921875,501.0213623046875,617.9403686523438,494.2171630859375,569.8851928710938,540.2861328125,634.8236694335938,528.4366455078125
580.3684692382812,397.14337158203125,578.679443359375,394.0080871582031,581.1202392578125,393.43487548828125,575.1279907226562,397.5361633300781,591.6985473632812,394.4490966796875,572.9869384765625,419.9981689453125,604.9617309570312,411.99310302734375,559.7305908203125,446.4745788574219,619.17529296875,434.2478942871094,548.516845703125,453.2524108886719,620.6533203125,448.380126953125,583.1668090820312,465.5229187011719,606.6365356445312,462.0931701660156,572.8388061523438,499.2838134765625,618.359375,493.2723388671875,569.5452270507812,539.3753662109375,634.7291870117188,528.7885131835938
579.2200927734375,396.26849365234375,577.6437377929688,393.142822265625,580.0601806640625,392.5490417480469,574.6571044921875,396.7296447753906,591.2274780273438,393.56134033203125,572.7174682617188,419.26763916015625,604.6703491210938,410.91412353515625,559.9814453125,445.6656494140625,618.5826416015625,432.821533203125,549.6797485351562,453.3119201660156,620.379150390625,448.2183837890625,582.1363525390625,464.39874267578125,605.720703125,460.8058166503906,571.5164184570312,498.74652099609375,618.2191162109375,492.45928955078125,567.43115234375,538.6017456054688,634.7144775390625,527.522705078125
579.835205078125,395.47039794921875,578.1997680664062,392.31268310546875,580.5663452148438,391.8251037597656,574.63720703125,395.7054443359375,590.978759765625,393.00640869140625,572.1439819335938,417.904541015625,604.0875854492188,410.4330749511719,561.0405883789062,444.6860656738281,617.7766723632812,432.15728759765625,552.6559448242188,454.2470703125,619.7858276367188,446.8724060058594,580.7717895507812,462.2237243652344,604.690673828125,459.17071533203125,569.366943359375,497.43731689453125,618.6184692382812,492.06640625,564.069580078125,537.67236328125,635.2244873046875,528.1255493164062
580.2166137695312,396.1341552734375,578.3915405273438,392.95867919921875,581.0661010742188,392.5602722167969,574.2464599609375,396.22918701171875,591.1515502929688,393.8918151855469,571.6947631835938,418.0089111328125,603.8973388671875,411.38238525390625,561.9224243164062,444.34906005859375,618.8160400390625,432.512939453125,555.042236328125,454.564697265625,622.0765991210938,445.82940673828125,579.5267333984375,463.0206298828125,603.9790649414062,460.43292236328125,566.2068481445312,497.6494140625,618.7289428710938,493.127685546875,559.3472290039062,537.4381103515625,636.0989379882812,529.4212036132812
580.6265258789062,396.1654357910156,578.7412719726562,392.98455810546875,581.441162109375,392.6200256347656,574.3737182617188,396.2680358886719,591.2810668945312,394.0445861816406,571.60693359375,418.0387878417969,604.0474243164062,411.60260009765625,561.7531127929688,444.2874450683594,619.4812622070312,432.66314697265625,554.9816284179688,454.34814453125,623.34326171875,445.4302062988281,579.3668823242188,463.113525390625,603.9464721679688,460.62774658203125,566.2596435546875,497.41790771484375,619.06884765625,493.0419921875,559.1420288085938,537.414794921875,636.2344360351562,529.6389770507812
580.563720703125,397.2174072265625,578.498291015625,394.07598876953125,581.398193359375,393.59619140625,573.4725952148438,397.27783203125,591.4503784179688,394.955810546875,569.228759765625,419.5872802734375,604.1177978515625,413.37701416015625,562.2364501953125,447.1763000488281,621.0220336914062,435.5972900390625,556.1769409179688,464.5704650878906,621.9401245117188,450.39794921875,578.9530029296875,465.1087341308594,606.134765625,462.1973876953125,563.3953857421875,500.54180908203125,621.6215209960938,496.500244140625,553.4952392578125,540.93212890625,639.0926513671875,533.5458984375
577.497314453125,400.3551025390625,576.2127685546875,397.217529296875,578.6622314453125,396.6531982421875,573.575439453125,400.6012268066406,591.0662841796875,398.15167236328125,570.2733764648438,423.38250732421875,603.7440795898438,417.8277282714844,564.968017578125,451.26715087890625,618.0349731445312,442.1875,559.4885864257812,471.013671875,615.6279296875,459.6974792480469,578.577880859375,470.0028991699219,605.962890625,467.2186279296875,559.1288452148438,504.02471923828125,622.3492431640625,500.68450927734375,546.3131103515625,542.78662109375,642.2742919921875,536.785888671875
574.7030639648438,404.0141296386719,573.8109130859375,400.80419921875,576.0685424804688,400.1344909667969,572.3994140625,404.42535400390625,589.8687744140625,401.7692565917969,569.97021484375,427.5489807128906,602.7737426757812,422.927490234375,568.5775756835938,455.79736328125,614.210693359375,448.9093017578125,562.1097412109375,478.26763916015625,604.711181640625,467.6547546386719,578.4342651367188,477.534423828125,606.4054565429688,475.1439514160156,555.9729614257812,508.522705078125,623.8289184570312,506.55718994140625,541.449951171875,544.899658203125,644.9183349609375,541.347900390625
571.3201904296875,407.7814636230469,571.1923217773438,404.79266357421875,572.94775390625,404.048095703125,571.7455444335938,408.732177734375,586.240234375,406.3927001953125,569.7459716796875,431.4039306640625,600.1550903320312,427.573486328125,568.9676513671875,457.4954528808594,616.87744140625,449.6371765136719,561.7412109375,479.4925842285156,613.0646362304688,463.26055908203125,578.9472045898438,480.89453125,604.8603515625,478.9189758300781,552.8422241210938,509.35076904296875,622.1907348632812,508.31988525390625,538.5554809570312,546.49609375,643.651611328125,544.523193359375
564.8748779296875,412.61566162109375,564.7194213867188,409.6282958984375,566.3139038085938,408.8009033203125,565.218994140625,413.199951171875,579.7742309570312,410.30780029296875,567.0684814453125,434.0792236328125,589.4603881835938,430.58026123046875,569.1668090820312,459.7512512207031,591.6800537109375,455.807861328125,557.9957885742188,480.5496520996094,571.49755859375,473.7009582519531,579.9342041015625,481.1121520996094,601.9500122070312,479.1214599609375,550.1286010742188,508.27783203125,614.6791381835938,507.2122802734375,539.2640380859375,545.9830932617188,642.8624267578125,543.211181640625
564.6036987304688,412.2996826171875,564.5008544921875,409.3228759765625,566.0198364257812,408.4646911621094,565.1265258789062,412.9864196777344,579.5604858398438,409.9917907714844,567.0618286132812,433.97674560546875,589.3976440429688,430.3128967285156,569.3799438476562,459.7652587890625,591.8324584960938,455.5632019042969,558.2220458984375,480.33221435546875,571.560546875,473.3245544433594,580.25732421875,480.6564636230469,602.2279052734375,478.5922546386719,550.3428955078125,508.22808837890625,614.8370361328125,507.0567626953125,539.6652221679688,546.2525634765625,643.2200927734375,543.343017578125
555.9835205078125,414.8023681640625,556.0948486328125,411.62554931640625,557.9691772460938,410.8871154785156,558.479736328125,414.99822998046875,572.4735717773438,412.31512451171875,564.650390625,435.4648132324219,582.2666015625,431.7914733886719,567.4454956054688,462.4945983886719,581.7002563476562,454.0676574707031,553.6489868164062,477.1610412597656,561.3929443359375,467.4064025878906,579.7383422851562,481.97430419921875,597.5006103515625,481.0037536621094,548.94384765625,507.24420166015625,608.8609619140625,507.40093994140625,542.687744140625,542.4032592773438,639.0274047851562,542.9495239257812
545.18603515625,413.2397766113281,546.185546875,410.55291748046875,546.4605712890625,409.5760498046875,550.1455078125,414.0047912597656,560.2706909179688,410.9114074707031,558.0598754882812,434.5119323730469,570.2306518554688,430.134765625,560.1482543945312,461.609130859375,562.301025390625,451.5508728027344,540.4258422851562,473.28009033203125,529.5882568359375,460.4911193847656,577.6917724609375,482.61163330078125,593.34326171875,480.94488525390625,538.7724609375,506.80780029296875,598.6581420898438,505.97857666015625,536.235595703125,542.853759765625,637.9282836914062,540.7377319335938
534.6109619140625,416.25604248046875,536.6483154296875,413.3100280761719,535.5133056640625,412.592041015625,544.444580078125,415.90118408203125,544.7342529296875,413.90570068359375,554.7185668945312,435.07025146484375,551.5096435546875,429.962158203125,558.6976318359375,461.9539794921875,531.6957397460938,444.85052490234375,536.1492309570312,476.1639404296875,497.60369873046875,445.71807861328125,573.73095703125,479.8818054199219,578.0748291015625,477.01904296875,539.7163696289062,509.97998046875,582.3959350585938,508.85345458984375,544.4142456054688,544.225830078125,617.4385986328125,543.8450927734375
524.16064453125,419.4515380859375,526.7886352539062,417.0620422363281,523.9264526367188,416.35430908203125,534.6820068359375,419.0657653808594,527.9063110351562,417.371337890625,547.3958129882812,436.2286682128906,530.3861083984375,432.0742492675781,553.9082641601562,463.4725341796875,513.680908203125,442.1939392089844,530.8239135742188,476.8871154785156,485.27459716796875,439.60748291015625,569.7732543945312,477.8047790527344,555.3019409179688,477.279296875,577.7302856445312,508.4647216796875,533.7405395507812,509.02105712890625,616.4102783203125,541.5257568359375,544.0888671875,542.430419921875
512.97216796875,420.7258605957031,516.2013549804688,417.94195556640625,512.1690673828125,417.1776123046875,525.169921875,419.828125,515.2553100585938,417.9306945800781,537.3687133789062,438.1202392578125,520.3431396484375,432.0335693359375,548.5233154296875,461.9279479980469,498.9011535644531,439.8988342285156,537.1770629882812,478.0155029296875,470.7685546875,448.349609375,554.4092407226562,477.4011535644531,549.5646362304688,475.1026611328125,526.588623046875,510.3343505859375,558.9281005859375,506.99713134765625,534.8258666992188,541.2819213867188,597.1735229492188,535.1630859375
513.6175537109375,421.26812744140625,516.28466796875,418.31280517578125,512.1346435546875,418.0307922363281,524.140380859375,420.3124694824219,515.7808837890625,419.147705078125,535.4696655273438,439.1246337890625,522.715576171875,432.2132873535156,543.579345703125,462.85284423828125,498.89361572265625,440.0494079589844,531.8033447265625,479.9561462402344,467.10052490234375,448.8080749511719,554.1986694335938,479.14898681640625,551.8486938476562,475.86083984375,527.60888671875,511.07861328125,559.807373046875,505.95416259765625,542.4486083984375,543.7149658203125,601.0326538085938,534.089111328125
502.7181701660156,420.2804870605469,505.409912109375,417.35760498046875,502.2563171386719,416.9759826660156,514.3832397460938,420.37603759765625,505.6658630371094,419.0887451171875,527.7450561523438,439.9966125488281,509.47198486328125,433.8245849609375,539.0170288085938,464.2236633300781,484.0714111328125,441.4788513183594,526.1603393554688,483.41827392578125,455.2245178222656,447.16900634765625,551.8781127929688,477.08514404296875,544.2689819335938,474.01190185546875,529.0413208007812,507.51849365234375,548.0344848632812,503.54248046875,542.4380493164062,544.7413940429688,581.3988037109375,537.4385375976562
493.8099365234375,425.0220031738281,496.541259765625,421.9118347167969,492.91058349609375,421.518798828125,505.8021545410156,423.611572265625,495.437744140625,422.6221008300781,522.2415771484375,439.7678527832031,500.3769226074219,434.9617004394531,539.0953369140625,461.794189453125,471.7315979003906,439.669677734375,527.81787109375,482.163818359375,442.4339294433594,444.91912841796875,553.002685546875,472.10504150390625,541.6864013671875,470.2142333984375,527.4174194335938,504.7392578125,531.9229125976562,502.8515625,540.65087890625,543.4890747070312,554.8350219726562,539.286376953125
486.33740234375,427.5978698730469,489.00238037109375,424.1959228515625,484.99932861328125,424.2671813964844,497.7475280761719,425.2326965332031,486.5255126953125,425.8102111816406,516.6765747070312,439.5487365722656,488.470947265625,437.6252136230469,536.4979858398438,459.4557189941406,463.1990966796875,441.6119079589844,533.0906372070312,483.6471862792969,430.9173583984375,446.45635986328125,542.05712890625,472.9464416503906,525.5467529296875,472.582275390625,519.1508178710938,501.89251708984375,509.92352294921875,502.25018310546875,537.1064453125,541.4437255859375,533.6953125,540.8629150390625
476.7240905761719,425.8528137207031,478.936767578125,423.0478210449219,476.80084228515625,422.8577880859375,488.8544616699219,425.54925537109375,481.8238220214844,424.7711181640625,507.640625,440.93560791015625,482.45306396484375,437.0852966308594,530.4066162109375,453.93017578125,454.61077880859375,442.00982666015625,541.0253295898438,475.25103759765625,426.2222900390625,449.0726318359375,527.83251953125,477.472900390625,511.8203125,475.4671936035156,516.7000122070312,503.07940673828125,494.22650146484375,501.26873779296875,535.8040771484375,541.438720703125,506.1136474609375,538.1150512695312
470.3243408203125,427.0999450683594,472.0220947265625,424.3003845214844,469.9085693359375,424.14715576171875,480.43017578125,426.9342956542969,475.6884765625,425.84210205078125,499.3594970703125,442.3926086425781,478.43560791015625,437.09771728515625,523.1792602539062,455.8157958984375,452.19610595703125,440.8721923828125,540.3152465820312,474.6200866699219,424.260986328125,449.865966796875,522.3390502929688,478.2792053222656,508.2001037597656,475.36712646484375,508.6644287109375,504.06988525390625,478.0076904296875,500.52410888671875,524.5890502929688,540.1026611328125,475.47064208984375,533.310302734375
464.62701416015625,427.9303894042969,466.3094787597656,425.1412658691406,463.7514953613281,425.23602294921875,474.6563720703125,427.822509765625,468.2806396484375,427.3990173339844,494.346923828125,444.0374755859375,469.4116516113281,439.18231201171875,518.54736328125,456.86492919921875,446.9705505371094,445.07098388671875,540.274169921875,471.0176086425781,423.5662536621094,455.72894287109375,509.76104736328125,481.7486877441406,491.7643737792969,478.49053955078125,505.9096374511719,510.9549560546875,460.83599853515625,505.6976318359375,522.32421875,542.888916015625,451.8086242675781,532.5712280273438
459.090576171875,428.18841552734375,460.80743408203125,425.820068359375,459.06268310546875,425.4550476074219,467.6508483886719,428.95697021484375,464.3392639160156,427.5608215332031,483.57568359375,444.05615234375,464.2823791503906,440.60791015625,510.24249267578125,455.0150146484375,446.311279296875,448.3962097167969,533.5894775390625,469.7378234863281,426.66741943359375,462.06036376953125,499.30419921875,481.98150634765625,483.52294921875,479.5111389160156,499.7392272949219,513.3546142578125,446.60748291015625,509.95770263671875,524.0040893554688,542.7235107421875,432.76666259765625,536.2536010742188
456.0928955078125,432.31036376953125,458.1416015625,430.1710510253906,456.6521301269531,429.6880187988281,465.05242919921875,432.894775390625,462.5609130859375,431.4728088378906,478.901123046875,446.7738342285156,461.4887390136719,443.9012756347656,501.1739196777344,459.7249450683594,452.1801452636719,456.0753479003906,527.103759765625,471.5719909667969,439.8103942871094,470.5654602050781,487.725830078125,486.09356689453125,473.372314453125,483.5943298339844,485.3419494628906,517.9656372070312,439.97357177734375,514.3740234375,509.82183837890625,540.7297973632812,432.7172546386719,534.4898071289062
456.1949768066406,432.43011474609375,458.2560119628906,430.26837158203125,456.6903991699219,429.8208312988281,465.2085266113281,432.9190673828125,462.45733642578125,431.5959167480469,479.1698303222656,446.74981689453125,461.3085632324219,443.9701232910156,501.39599609375,459.65130615234375,451.368896484375,455.9690246582031,527.1912841796875,471.5523681640625,438.396240234375,470.2385559082031,487.8979187011719,486.0780334472656,473.2806091308594,483.6222229003906,485.4856262207031,517.9422607421875,439.90045166015625,514.420166015625,509.9651794433594,540.7443237304688,432.6778869628906,534.5905151367188
454.4637145996094,434.021728515625,456.48175048828125,431.9410400390625,455.1134338378906,431.4747314453125,463.0633239746094,434.481201171875,461.2591247558594,433.133544921875,476.0439147949219,448.7636413574219,460.41693115234375,445.14923095703125,496.4570007324219,464.433349609375,455.4272766113281,458.9806823730469,522.1751098632812,477.6372375488281,448.1911926269531,473.2752990722656,479.580810546875,489.77398681640625,466.68328857421875,486.7939453125,475.0523376464844,521.8523559570312,436.89422607421875,517.5872192382812,500.9778137207031,538.4413452148438,435.5126953125,531.2489624023438
452.5805969238281,432.8701477050781,453.28875732421875,430.0639343261719,452.06536865234375,429.94146728515625,457.769775390625,432.80364990234375,459.5544128417969,431.2389831542969,473.4886474609375,451.3114929199219,460.21978759765625,445.5457458496094,492.3704528808594,470.238525390625,454.7386169433594,464.0565490722656,517.3760986328125,482.7962646484375,441.8357849121094,481.2815246582031,474.8160400390625,493.89361572265625,464.69781494140625,489.7998046875,466.79290771484375,524.0551147460938,427.9917907714844,516.7760620117188,490.543701171875,544.218505859375,433.53350830078125,530.7289428710938
452.2773132324219,427.1214904785156,453.1532287597656,424.6455078125,452.8985900878906,423.9311828613281,457.02606201171875,427.7732849121094,462.4449157714844,425.1889953613281,469.5457763671875,444.8917236328125,465.6565856933594,441.0762634277344,488.0928955078125,466.9662780761719,475.60821533203125,465.1325378417969,496.9609375,489.02154541015625,476.3868103027344,487.8103942871094,472.2079772949219,489.666259765625,467.0091857910156,486.702392578125,462.4065246582031,518.03955078125,429.24371337890625,513.8998413085938,490.15972900390625,539.1373291015625,436.78387451171875,531.1864013671875
454.4534606933594,424.31768798828125,455.2331848144531,421.7730712890625,454.9831237792969,420.7014465332031,458.42352294921875,424.8838195800781,465.3714599609375,421.22314453125,470.1832275390625,441.9992980957031,470.2561340332031,437.12469482421875,487.6718444824219,466.821533203125,483.1847229003906,462.3916320800781,486.5491027832031,489.281494140625,478.4071960449219,483.7894592285156,474.9396057128906,486.338134765625,472.3310241699219,482.8536682128906,461.2071228027344,514.5569458007812,431.3246154785156,510.69195556640625,485.27069091796875,541.23828125,436.3593444824219,534.3618774414062
458.55841064453125,421.1723327636719,458.6876525878906,418.58135986328125,460.008544921875,417.08746337890625,460.52301025390625,421.23883056640625,473.2300720214844,416.3811340332031,469.94879150390625,438.5734558105469,481.10272216796875,433.96661376953125,483.45831298828125,466.93499755859375,491.80706787109375,461.16033935546875,470.1025085449219,488.4810791015625,470.9924011230469,477.5342102050781,483.4886779785156,483.56243896484375,490.5715026855469,480.59197998046875,451.3758544921875,510.16937255859375,447.8737487792969,509.321533203125,459.13604736328125,541.1397705078125,450.4864807128906,539.9525146484375
458.5724792480469,421.1552734375,458.7124328613281,418.5682678222656,460.0133056640625,417.0719909667969,460.5479736328125,421.2265930175781,473.1927490234375,416.37017822265625,469.99957275390625,438.5317077636719,481.02294921875,433.9436950683594,483.6564025878906,466.82037353515625,491.8749694824219,461.0477294921875,470.4228210449219,488.25286865234375,471.1560363769531,477.24749755859375,483.4958190917969,483.50921630859375,490.57275390625,480.5619201660156,451.1292419433594,510.12652587890625,448.2657470703125,509.3095703125,458.562744140625,541.0948486328125,451.1537170410156,539.9697875976562
464.06280517578125,419.2878723144531,463.88922119140625,416.3974914550781,465.3923034667969,414.8893737792969,465.07733154296875,419.3577575683594,479.80877685546875,414.083740234375,473.27618408203125,437.3367919921875,488.93804931640625,432.5873718261719,484.3439636230469,465.47412109375,497.1269226074219,461.3981018066406,467.1521911621094,479.7996520996094,470.046630859375,475.0873107910156,488.9830322265625,482.01898193359375,498.2813415527344,478.8172607421875,458.5851745605469,506.8441162109375,450.7469787597656,505.92938232421875,467.2747497558594,539.1760864257812,448.55206298828125,538.0956420898438
469.3916931152344,414.845947265625,468.5681457519531,411.4642333984375,470.31585693359375,410.9345397949219,469.08544921875,413.440673828125,484.3218688964844,410.79840087890625,474.021484375,432.55096435546875,498.84869384765625,428.7010192871094,476.0119323730469,460.36346435546875,507.7589111328125,455.544189453125,462.3606872558594,479.20404052734375,487.93768310546875,473.3349914550781,488.896728515625,480.19427490234375,503.41912841796875,477.5093994140625,464.1336975097656,508.0858154296875,459.7318115234375,506.580322265625,481.60076904296875,539.466796875,459.1689758300781,536.7025146484375
476.42987060546875,411.6300354003906,475.2817077636719,408.2381896972656,477.2271728515625,407.74481201171875,474.25262451171875,410.87811279296875,490.51922607421875,408.43896484375,478.15435791015625,430.9376525878906,504.3996276855469,427.3651123046875,477.7103271484375,458.2426452636719,517.7255859375,453.0162353515625,461.7097473144531,475.76898193359375,501.04205322265625,468.4190368652344,493.7952575683594,479.4915771484375,509.96124267578125,477.2973937988281,467.7975158691406,508.445068359375,474.0338134765625,507.52252197265625,482.3680114746094,542.755859375,480.7951354980469,540.9718017578125
482.0624084472656,408.44866943359375,481.47027587890625,405.7398681640625,483.83087158203125,404.7830810546875,481.8756408691406,409.7172546386719,497.1875,406.46075439453125,482.9061584472656,430.81671142578125,512.1051025390625,425.3774719238281,479.26202392578125,457.5015869140625,527.2883911132812,445.86492919921875,462.657470703125,475.7797546386719,518.1585693359375,454.2298889160156,495.74346923828125,478.0608825683594,513.7816162109375,474.800537109375,471.6127014160156,510.2552490234375,483.9291687011719,508.7037353515625,484.1887512207031,542.3062133789062,486.1496887207031,540.6367797851562
487.6717834472656,408.355224609375,486.8917236328125,405.40283203125,489.01715087890625,404.4112243652344,487.3765563964844,408.28802490234375,502.5099182128906,404.45068359375,489.88104248046875,428.4354553222656,517.6539306640625,421.789306640625,484.3076171875,454.5484619140625,533.5548095703125,440.2716064453125,465.0911865234375,466.59954833984375,522.6853637695312,443.61614990234375,505.36334228515625,475.6715393066406,522.6658325195312,472.1427917480469,478.9055480957031,506.18359375,492.1749267578125,503.85662841796875,482.5703125,545.0816650390625,491.0129699707031,541.4403076171875
487.6831970214844,408.3404541015625,486.9004821777344,405.3919372558594,489.02337646484375,404.3970031738281,487.37103271484375,408.29327392578125,502.5045166015625,404.4422912597656,489.86865234375,428.46490478515625,517.64404296875,421.7763671875,484.3008728027344,454.5962219238281,533.5738525390625,440.2255859375,465.09722900390625,466.5621032714844,522.7496948242188,443.4900207519531,505.35174560546875,475.6723327636719,522.6626586914062,472.1270446777344,478.89080810546875,506.21429443359375,492.2326354980469,503.85528564453125,482.55267333984375,545.113525390625,491.1416320800781,541.4224243164062
492.73956298828125,404.7559509277344,492.1685485839844,401.9009704589844,494.3937072753906,400.8000793457031,494.0086669921875,404.7608642578125,508.9339904785156,400.44256591796875,496.5905456542969,425.02899169921875,523.4020385742188,416.7876281738281,487.484375,450.4754638671875,537.8287963867188,435.24908447265625,469.06304931640625,458.0097961425781,531.1749267578125,440.504150390625,510.98016357421875,471.88409423828125,528.9185791015625,467.7442626953125,488.57354736328125,503.04400634765625,512.5842895507812,498.727294921875,483.8380126953125,541.075439453125,513.52978515625,533.3509521484375
499.8363342285156,400.61566162109375,498.8739318847656,397.5693359375,500.6389465332031,396.87591552734375,499.48388671875,400.5794982910156,513.5223999023438,397.1927795410156,502.1056823730469,421.1063537597656,528.2628784179688,414.0790710449219,493.70794677734375,445.69970703125,544.0426025390625,434.4654235839844,474.291015625,455.4078063964844,538.0162963867188,444.08392333984375,517.106689453125,468.68804931640625,536.0579833984375,465.1261901855469,497.9607238769531,502.454833984375,532.4195556640625,498.2886962890625,489.89862060546875,539.8175048828125,539.9649658203125,531.3984375
506.44134521484375,396.697509765625,505.3934020996094,393.8353576660156,507.3429260253906,393.03802490234375,505.7745666503906,398.35186767578125,520.0360717773438,394.56298828125,508.7523193359375,421.26898193359375,534.345458984375,412.1123046875,499.2676086425781,445.4057922363281,553.130126953125,428.8101806640625,478.82281494140625,454.4010925292969,552.4523315429688,437.3076171875,523.8753051757812,467.8973083496094,542.782470703125,463.3408508300781,504.5616455078125,502.53765869140625,544.7576904296875,496.43133544921875,497.8384094238281,540.5192260742188,560.705078125,529.2398681640625
512.9249267578125,395.779052734375,511.9163818359375,392.8446044921875,513.9283447265625,392.027587890625,511.98736572265625,397.6191711425781,527.11572265625,393.9267578125,513.169189453125,421.48931884765625,542.3485717773438,412.8038024902344,504.0228271484375,446.19708251953125,561.5167846679688,432.7223815917969,487.3833923339844,454.5028991699219,562.1660766601562,444.90777587890625,528.4528198242188,469.02532958984375,549.6251220703125,464.68902587890625,511.6724548339844,502.687744140625,553.3409423828125,496.48687744140625,510.9469909667969,542.4129638671875,572.9082641601562,531.0442504882812
516.1282958984375,396.04248046875,515.7842407226562,393.218994140625,517.569580078125,392.6088562011719,517.9568481445312,397.85845947265625,531.6537475585938,395.0060119628906,519.93505859375,420.70941162109375,546.5902709960938,414.3561706542969,510.6050720214844,444.23541259765625,563.6021118164062,435.2378845214844,494.0841064453125,456.976318359375,566.739501953125,448.73809814453125,534.990234375,468.0658264160156,555.2567138671875,464.9131164550781,519.427734375,503.04022216796875,563.345703125,498.675537109375,522.187744140625,542.2490234375,588.3634033203125,534.2037963867188
516.0809326171875,396.1118469238281,515.7122192382812,393.28863525390625,517.5250244140625,392.6814880371094,517.863525390625,397.88702392578125,531.6240234375,395.03192138671875,519.9041748046875,420.70074462890625,546.57763671875,414.3145446777344,510.56097412109375,444.2427978515625,563.5696411132812,435.2035217285156,494.0445251464844,456.99517822265625,566.7545776367188,448.7587585449219,535.0083618164062,468.06134033203125,555.2960205078125,464.89276123046875,519.4395751953125,503.0230712890625,563.3936157226562,498.61907958984375,522.1211547851562,542.2987060546875,588.383056640625,534.1586303710938
523.1925659179688,400.7933349609375,522.5723876953125,397.77984619140625,523.8832397460938,397.2213134765625,523.697509765625,400.9342041015625,536.009033203125,398.0160217285156,525.9221801757812,422.3833312988281,551.6207275390625,415.44500732421875,517.8424682617188,447.3272705078125,569.8771362304688,438.7411804199219,503.5613098144531,458.0050048828125,575.0686645507812,455.4076843261719,544.7415771484375,470.868896484375,563.4356079101562,467.36810302734375,529.5050659179688,505.88818359375,565.7667846679688,500.19677734375,537.2997436523438,544.612548828125,589.137451171875,533.5236206054688
527.934814453125,402.576171875,527.222412109375,399.7100524902344,528.9111938476562,398.8214111328125,528.2830200195312,403.3858947753906,542.4100341796875,399.21142578125,529.8832397460938,426.1274719238281,559.2684936523438,416.1004943847656,519.8600463867188,450.6689453125,575.9190063476562,436.8294372558594,509.0787048339844,459.1487121582031,582.002197265625,454.243408203125,548.0678100585938,473.40142822265625,568.3772583007812,468.51910400390625,536.1495361328125,509.888427734375,567.6215209960938,501.7479248046875,548.2501220703125,547.8711547851562,587.61572265625,533.6268310546875
536.22265625,405.1814270019531,535.2908325195312,402.629638671875,537.1442260742188,401.87152099609375,534.697509765625,406.6736755371094,547.6355590820312,403.38238525390625,534.8785400390625,427.6985778808594,562.7781982421875,418.58001708984375,525.6420288085938,452.9471435546875,580.2130126953125,436.443603515625,515.8832397460938,464.7651062011719,588.483642578125,447.52203369140625,553.710205078125,472.3089904785156,572.3042602539062,467.979736328125,543.8878784179688,507.6805419921875,572.543701171875,501.07537841796875,560.3443603515625,544.155029296875,592.0956420898438,532.7283935546875
541.9608154296875,411.29510498046875,541.5447387695312,408.67901611328125,543.4625244140625,407.7566223144531,541.5433959960938,413.0830993652344,554.849609375,409.409423828125,540.1266479492188,433.8521728515625,568.9232177734375,425.0782165527344,528.0355834960938,456.5826110839844,586.6248779296875,443.9850158691406,521.3248901367188,467.4795837402344,597.4164428710938,461.9454040527344,558.05615234375,476.502685546875,577.5797729492188,472.2770690917969,549.016845703125,510.86785888671875,582.24951171875,504.14959716796875,559.83203125,546.6682739257812,601.5055541992188,536.0938110351562
546.3695068359375,412.972900390625,545.7464599609375,410.36810302734375,547.5658569335938,409.2088317871094,545.7803344726562,415.0849914550781,560.2845458984375,410.1576232910156,545.59375,438.0731201171875,576.32275390625,426.6078186035156,532.5834350585938,462.0112609863281,592.8356323242188,447.2010498046875,522.4664916992188,468.7873840332031,600.7767333984375,469.4424133300781,562.5620727539062,482.35845947265625,584.4888916015625,476.8744812011719,546.4402465820312,516.6777954101562,588.7674560546875,506.7012939453125,558.98291015625,550.927001953125,616.7915649414062,533.3165893554688
546.40234375,412.9896545410156,545.7706298828125,410.38092041015625,547.5929565429688,409.22479248046875,545.7596435546875,415.08758544921875,560.2821655273438,410.169921875,545.5324096679688,438.0824279785156,576.3155517578125,426.6063232421875,532.50634765625,462.0884704589844,592.81396484375,447.1846923828125,522.4419555664062,468.91363525390625,600.741455078125,469.353271484375,562.5177612304688,482.3629455566406,584.4820556640625,476.87921142578125,546.4729614257812,516.6372680664062,588.8500366210938,506.6572265625,559.117431640625,550.9298095703125,616.9577026367188,533.3165893554688
553.4440307617188,417.201904296875,553.2705078125,414.6698303222656,554.403076171875,413.6148986816406,552.658447265625,418.5078125,564.9276123046875,414.6405334472656,550.2985229492188,440.19207763671875,580.1705932617188,431.0213928222656,536.3421630859375,462.4033508300781,598.3507080078125,449.7614440917969,526.0941162109375,469.8719482421875,606.2637939453125,468.4342956542969,566.4678955078125,487.454833984375,588.290283203125,483.1293640136719,546.6807250976562,517.6848754882812,593.0885009765625,509.87744140625,559.6190795898438,548.7410278320312,624.5901489257812,535.1233520507812
558.4650268554688,421.7340087890625,558.0460815429688,419.20703125,559.43701171875,418.3816833496094,558.0620727539062,422.3434753417969,570.1605224609375,418.93646240234375,557.0516357421875,442.787109375,585.8275756835938,434.4555358886719,540.0603637695312,463.7899475097656,604.2085571289062,454.39251708984375,524.3895263671875,468.5714111328125,613.0223388671875,472.7080993652344,572.1790161132812,489.9296875,593.0827026367188,485.67706298828125,551.018798828125,518.8201293945312,596.3132934570312,511.120849609375,561.9542236328125,548.9911499023438,626.1173095703125,535.2230834960938
566.4544067382812,423.36492919921875,565.778564453125,420.9947814941406,567.3983154296875,420.5528259277344,563.7893676757812,424.1258544921875,575.3582763671875,422.2885437011719,560.14990234375,441.7781677246094,588.3675537109375,436.5163879394531,539.6334838867188,461.7220458984375,605.8754272460938,454.0843811035156,523.375244140625,467.9120788574219,615.750244140625,466.3602600097656,577.8212280273438,486.7845153808594,597.7871704101562,483.7391052246094,555.6470336914062,516.054443359375,601.7528686523438,510.81109619140625,564.646240234375,545.95458984375,628.1121826171875,535.5936279296875
572.03662109375,423.53497314453125,571.4818115234375,420.99200439453125,572.8688354492188,420.79534912109375,569.3675537109375,424.08135986328125,580.6358032226562,422.9443664550781,564.2169189453125,441.27911376953125,594.0313720703125,438.350341796875,536.49560546875,454.2327880859375,610.4343872070312,454.057373046875,515.1220092773438,458.15643310546875,619.1514892578125,467.59942626953125,579.477783203125,486.92498779296875,600.9376220703125,484.87567138671875,555.1011352539062,513.5587158203125,607.7181396484375,509.88446044921875,559.387451171875,542.9559326171875,632.5401000976562,535.7031860351562
577.1859741210938,421.3630065917969,576.832763671875,418.786376953125,578.2905883789062,418.673828125,574.6312255859375,421.076416015625,585.8487548828125,420.6199035644531,569.0039672851562,436.0816955566406,596.9974975585938,435.44036865234375,542.2781372070312,447.8063659667969,612.2112426757812,451.42510986328125,519.3643798828125,449.3171081542969,618.6127319335938,463.1429138183594,582.5077514648438,484.4290771484375,602.5023193359375,483.2536315917969,555.5646362304688,511.4351806640625,605.7101440429688,508.8511962890625,564.5020141601562,543.9229736328125,637.134033203125,536.9439086914062
577.1729736328125,421.3583984375,576.8285522460938,418.7872314453125,578.3007202148438,418.6752014160156,574.6392822265625,421.0803527832031,585.8703002929688,420.6441955566406,568.9610595703125,436.0711975097656,596.9747924804688,435.4756774902344,542.2169799804688,447.78857421875,612.1526489257812,451.4267578125,519.2893676757812,449.4033508300781,618.56494140625,463.0758056640625,582.3331298828125,484.3941650390625,602.3267822265625,483.24261474609375,555.50244140625,511.39923095703125,605.5819091796875,508.8721923828125,564.5621948242188,543.7879638671875,637.0074462890625,536.9259643554688
582.215576171875,417.3822326660156,581.9082641601562,414.70098876953125,583.524658203125,414.7494812011719,580.1160278320312,417.7224426269531,592.5352783203125,417.80792236328125,573.6790771484375,433.27386474609375,603.2196044921875,434.53118896484375,550.4506225585938,445.08935546875,614.7910766601562,452.35589599609375,531.8889770507812,445.2332763671875,615.0243530273438,463.2574768066406,583.3851928710938,483.0608215332031,605.3780517578125,482.8798522949219,560.3721313476562,509.3123779296875,613.6694946289062,508.38726806640625,564.3532104492188,544.0601196289062,641.7051391601562,539.955078125
586.904052734375,415.0212707519531,586.1703491210938,411.94720458984375,587.4302368164062,411.6900939941406,581.7872314453125,416.11480712890625,597.15576171875,414.83685302734375,575.03515625,435.7060546875,607.612548828125,433.72125244140625,561.9320068359375,449.3134460449219,619.17822265625,451.7069091796875,562.599853515625,441.95745849609375,618.2491455078125,457.1263427734375,582.9375,480.6731262207031,608.6774291992188,479.9716796875,567.4251708984375,510.77349853515625,623.722900390625,508.45562744140625,557.5325927734375,545.85302734375,644.0994873046875,541.2517700195312
593.0537719726562,415.15899658203125,591.2093505859375,411.6994323730469,592.8402709960938,412.0470886230469,582.553955078125,415.0713806152344,597.88232421875,415.58477783203125,575.53857421875,432.9739990234375,605.4669799804688,434.5676574707031,563.7579345703125,451.51104736328125,608.7117919921875,455.5638732910156,563.0018920898438,449.0188903808594,599.612548828125,456.68585205078125,586.4323120117188,480.5959167480469,610.502685546875,481.75555419921875,571.4110107421875,512.6473999023438,625.3858032226562,513.7965087890625,564.675048828125,543.3219604492188,641.9732055664062,544.2858276367188
587.77001953125,413.138916015625,586.8968505859375,410.1510925292969,588.3778686523438,409.81817626953125,581.6484375,413.3307800292969,595.8405151367188,412.4498291015625,574.2587890625,432.98114013671875,605.9609375,431.76275634765625,562.5253295898438,448.5464172363281,609.35009765625,444.37811279296875,548.4038696289062,449.4501037597656,590.3732299804688,441.5677185058594,587.8856201171875,483.3060607910156,613.0173950195312,482.9449768066406,571.2228393554688,509.0653076171875,625.8275756835938,509.650634765625,573.4320678710938,539.8480224609375,648.3077392578125,540.7151489257812
582.4920043945312,409.43212890625,581.9910278320312,406.80499267578125,583.380859375,406.1421813964844,578.1783447265625,410.48858642578125,592.2492065429688,408.55401611328125,574.62451171875,429.2940979003906,600.1157836914062,427.9495544433594,568.8606567382812,449.2418518066406,604.27392578125,447.6683349609375,554.0769653320312,448.49176025390625,583.4513549804688,445.2383728027344,589.7315673828125,475.7378845214844,611.0889282226562,475.196533203125,570.674560546875,505.6434326171875,619.3966674804688,506.2559814453125,577.3356323242188,536.4195556640625,648.332275390625,537.699462890625
582.3568115234375,409.4122619628906,581.8941040039062,406.7965393066406,583.2818603515625,406.120361328125,578.1809692382812,410.51422119140625,592.2630004882812,408.55975341796875,574.5792846679688,429.3463439941406,600.15966796875,427.993896484375,568.8546752929688,449.27105712890625,604.3938598632812,447.8144836425781,554.4539184570312,448.2865295410156,583.86279296875,445.43646240234375,589.6986694335938,475.6462097167969,611.1004638671875,475.09576416015625,570.6532592773438,505.641357421875,619.3421020507812,506.220458984375,577.36767578125,536.4217529296875,648.2134399414062,537.65771484375
570.6646728515625,403.7406005859375,571.2766723632812,400.7664489746094,571.8277587890625,400.6313781738281,573.3007202148438,403.9251708984375,582.6568603515625,403.3721923828125,575.7509155273438,422.9443664550781,589.5091552734375,422.746337890625,572.8343505859375,444.73883056640625,586.9224243164062,446.07958984375,561.80859375,443.96209716796875,572.1824340820312,444.4004211425781,590.1651611328125,472.69732666015625,602.1458740234375,472.24200439453125,571.1467895507812,502.9315185546875,601.114501953125,503.19140625,589.739013671875,533.7145385742188,632.6715698242188,533.0643310546875
562.004638671875,402.5138854980469,562.3306274414062,399.25567626953125,563.730224609375,399.0377197265625,565.3603515625,400.5413818359375,577.9745483398438,399.35772705078125,573.8219604492188,417.8416748046875,585.7799682617188,416.8877258300781,573.847412109375,440.9215087890625,581.0702514648438,439.04022216796875,557.7313232421875,444.3788146972656,557.3040771484375,442.47479248046875,592.5855102539062,470.4088134765625,604.5673217773438,470.4635314941406,574.2190551757812,499.72802734375,609.265625,500.66796875,590.4581909179688,528.4615478515625,647.3200073242188,529.3225708007812
556.6138305664062,399.2945251464844,556.648193359375,396.3388671875,556.9097290039062,395.9036560058594,557.8488159179688,398.93701171875,567.6613159179688,396.823486328125,568.1141967773438,415.8677978515625,574.724609375,411.7030029296875,576.488037109375,440.3278503417969,571.7026977539062,433.09039306640625,568.186767578125,450.2227783203125,550.84912109375,441.0338439941406,589.0662231445312,463.78729248046875,597.8414306640625,462.07965087890625,571.4052124023438,498.606201171875,600.3239135742188,496.031494140625,594.971923828125,524.5693359375,644.2383422851562,518.6710205078125
549.1055908203125,400.6396789550781,549.6118774414062,397.5367431640625,549.1929321289062,397.86663818359375,553.6143798828125,398.8520202636719,558.2029418945312,399.2395935058594,566.8638916015625,412.68218994140625,564.3414306640625,412.447021484375,569.4219970703125,438.8638610839844,559.9697265625,435.54241943359375,553.10986328125,450.7567138671875,540.0370483398438,441.1678161621094,589.6231079101562,457.46783447265625,589.058349609375,457.43218994140625,582.7493286132812,494.2430419921875,586.3081665039062,494.6134033203125,611.593017578125,521.3621826171875,619.8657836914062,520.1441040039062
541.642578125,400.3446960449219,541.9825439453125,397.5352783203125,541.5437622070312,397.2489013671875,544.9934692382812,399.74578857421875,550.6792602539062,398.04180908203125,558.46044921875,416.2176513671875,558.9470825195312,412.1182556152344,564.400146484375,441.75152587890625,555.9204711914062,432.4059143066406,551.868896484375,456.7957763671875,540.2464599609375,444.3698425292969,589.8204345703125,458.15447998046875,591.0857543945312,456.92364501953125,578.224609375,494.194580078125,581.6174926757812,491.7550048828125,608.2680053710938,520.4322509765625,615.0333251953125,513.3484497070312
541.6383666992188,400.30645751953125,541.9689331054688,397.50347900390625,541.5580444335938,397.2110595703125,544.9506225585938,399.7396240234375,550.7388305664062,398.0223083496094,558.387451171875,416.23577880859375,558.975830078125,412.1572265625,564.3657836914062,441.7187805175781,555.984130859375,432.4382019042969,551.8077392578125,456.6033020019531,540.1583251953125,444.2550354003906,589.692626953125,458.2154235839844,591.0166015625,456.99639892578125,578.2303466796875,494.245361328125,581.5476684570312,491.84521484375,608.2456665039062,520.4090576171875,614.8522338867188,513.415283203125
536.4028930664062,401.96356201171875,537.1259765625,398.931640625,536.2979125976562,398.63836669921875,541.0687255859375,399.7016296386719,545.4635009765625,398.2378234863281,554.0236206054688,414.28424072265625,553.9085083007812,411.4803161621094,558.4755249023438,439.2506408691406,551.4738159179688,433.0406188964844,539.2763061523438,455.3978271484375,533.0491333007812,446.28021240234375,583.9378051757812,455.83172607421875,583.9695434570312,455.123046875,576.527099609375,492.88323974609375,575.7266235351562,491.6912841796875,605.7232055664062,521.9791259765625,604.2745971679688,517.2684326171875
530.236328125,400.8580322265625,530.4633178710938,398.0330505371094,530.6554565429688,397.7861328125,534.8988037109375,399.10357666015625,541.6119384765625,397.7896423339844,549.1270141601562,412.5350341796875,549.92041015625,409.9787292480469,552.0242919921875,438.3285217285156,549.800048828125,433.0195007324219,527.5264892578125,452.71710205078125,523.9241943359375,445.8770446777344,575.5697021484375,452.6601867675781,575.7543334960938,451.552001953125,573.8690795898438,488.27581787109375,565.1372680664062,487.0887451171875,602.6981811523438,519.943115234375,591.7053833007812,515.8799438476562
522.95751953125,399.14739990234375,522.6311645507812,396.6871032714844,523.4633178710938,395.9933166503906,526.2110595703125,399.10302734375,535.3993530273438,395.8630065917969,540.825439453125,414.30621337890625,543.9735717773438,407.1636962890625,544.0908813476562,439.76983642578125,540.6915893554688,428.940673828125,522.4835205078125,443.3071594238281,516.1602172851562,441.00537109375,569.7957763671875,452.6528625488281,571.8566284179688,449.49566650390625,574.552001953125,490.95404052734375,567.6766967773438,485.6628112792969,600.8621215820312,524.2193603515625,590.82958984375,513.1942138671875
515.662841796875,395.47119140625,515.8521728515625,393.1016845703125,515.9816284179688,392.1724853515625,520.9658813476562,396.5510559082031,526.7057495117188,392.41033935546875,535.2842407226562,414.6258850097656,535.1875,403.28521728515625,536.1800537109375,439.0519714355469,530.0152587890625,419.83648681640625,518.3136596679688,442.77783203125,511.7456359863281,435.1385498046875,560.34130859375,450.1321105957031,558.1490478515625,444.3562927246094,571.4292602539062,483.10205078125,546.0850219726562,473.25653076171875,595.4864501953125,511.7410888671875,554.2958984375,493.38128662109375
507.5378112792969,392.12506103515625,508.733154296875,389.6080627441406,506.993408203125,388.87213134765625,515.528076171875,393.287841796875,513.670166015625,390.17303466796875,530.8847045898438,412.1943664550781,519.62060546875,402.39337158203125,532.959716796875,435.4049987792969,510.8856201171875,413.0058288574219,516.2999267578125,443.375244140625,498.474609375,428.18408203125,555.94580078125,445.87451171875,544.232177734375,442.0060119628906,566.212890625,480.7790222167969,518.3878784179688,472.7610168457031,596.0994873046875,510.29803466796875,522.822021484375,494.09832763671875
507.4962463378906,392.11383056640625,508.6341857910156,389.6131286621094,506.9875793457031,388.88287353515625,515.305419921875,393.34521484375,513.6488647460938,390.2411193847656,530.81005859375,412.2980651855469,519.3449096679688,402.40478515625,533.0928344726562,435.5889587402344,510.3289794921875,412.6612548828125,516.4291381835938,443.75653076171875,498.06756591796875,427.4617004394531,555.9534301757812,445.92706298828125,544.1217651367188,442.042724609375,566.1144409179688,480.81756591796875,518.3359985351562,472.79150390625,596.0138549804688,510.34954833984375,522.954833984375,494.1302490234375
501.501220703125,394.6556091308594,501.7763977050781,391.9192199707031,501.4296875,391.34375,507.0473327636719,395.6009521484375,512.1099853515625,392.0780029296875,521.6021118164062,415.9629211425781,520.5493774414062,404.70343017578125,523.8796997070312,438.7670593261719,507.0454406738281,414.5110168457031,508.99530029296875,448.9214172363281,486.0892028808594,424.3602294921875,546.8362426757812,452.6297302246094,543.9013671875,447.4155578613281,560.2332153320312,485.58587646484375,531.6669921875,477.3551025390625,588.3369140625,511.6728515625,539.3970336914062,496.32586669921875
499.2209777832031,391.6331787109375,498.8810729980469,389.64349365234375,499.11358642578125,389.0730285644531,501.60498046875,395.2327880859375,509.40386962890625,391.80535888671875,512.1854858398438,414.2604675292969,516.2603149414062,405.77642822265625,506.78448486328125,431.14910888671875,512.59912109375,419.4351806640625,490.7151794433594,426.88690185546875,498.1470947265625,429.64227294921875,533.861572265625,449.8768310546875,531.1724243164062,445.93182373046875,555.2666625976562,481.087646484375,506.1465759277344,473.9256591796875,582.6022338867188,504.24420166015625,497.16278076171875,490.35546875
491.57891845703125,395.05242919921875,491.56573486328125,393.2440185546875,492.0658874511719,392.2419738769531,495.48956298828125,397.7842712402344,503.2590637207031,393.2276916503906,507.83587646484375,414.9451904296875,510.3781433105469,403.728759765625,501.975830078125,428.7431335449219,502.52569580078125,411.57391357421875,483.1546325683594,415.2779541015625,482.3733825683594,414.29412841796875,531.3179931640625,450.9430236816406,527.8141479492188,445.21429443359375,546.1429443359375,481.7404479980469,499.2598876953125,472.0828857421875,576.1782836914062,504.11328125,493.0298767089844,486.3250427246094
486.5470275878906,399.1308288574219,487.32293701171875,397.2797546386719,486.7356872558594,396.051025390625,491.44952392578125,401.4701232910156,496.90252685546875,396.3004455566406,500.4394226074219,417.6116027832031,504.2845764160156,404.6621398925781,487.0794677734375,429.3951721191406,493.90679931640625,410.75042724609375,470.1810302734375,410.7209777832031,477.0179748535156,414.13836669921875,527.1131591796875,452.55389404296875,524.683349609375,445.9684143066406,541.2789916992188,485.2232971191406,501.75677490234375,473.3203125,573.7150268554688,505.19873046875,500.76776123046875,483.3713684082031
484.28985595703125,402.92608642578125,485.6343994140625,400.6995849609375,484.0784912109375,399.89642333984375,488.6560363769531,403.1972961425781,489.6290283203125,400.58447265625,496.29052734375,416.09344482421875,493.1044006347656,409.3167724609375,493.5332336425781,433.899169921875,483.507568359375,417.7599182128906,479.67474365234375,440.1208190917969,467.9881896972656,419.5018615722656,524.6171875,449.86920166015625,520.7422485351562,447.6094055175781,536.1205444335938,483.81793212890625,519.7505493164062,480.50982666015625,571.2962036132812,505.09228515625,541.3077392578125,498.6529541015625
484.4148864746094,402.8917236328125,485.74176025390625,400.6515808105469,484.2033996582031,399.8267517089844,488.739501953125,403.1116943359375,489.6832275390625,400.4622497558594,496.431884765625,416.158447265625,493.28216552734375,409.2457275390625,494.89520263671875,434.6412658691406,483.861328125,417.6708984375,481.4154968261719,442.2467346191406,467.8900146484375,419.4273376464844,524.619140625,449.8233947753906,520.7936401367188,447.51556396484375,536.1384887695312,483.4759216308594,519.4472045898438,480.24761962890625,571.6041870117188,504.5697021484375,540.8095092773438,498.38507080078125
480.0965576171875,401.9176940917969,480.67462158203125,399.8679504394531,480.92645263671875,398.8460693359375,482.6806945800781,402.9311828613281,488.6222229003906,399.87481689453125,492.657470703125,416.3502502441406,491.93475341796875,410.954833984375,502.4786682128906,438.0199279785156,492.3042297363281,425.38128662109375,497.8199157714844,456.59765625,480.7296142578125,435.9374084472656,522.6244506835938,449.92205810546875,520.9849853515625,448.52337646484375,533.1025390625,483.0277099609375,519.2562866210938,481.5892028808594,566.7426147460938,502.835693359375,542.376708984375,499.5162353515625
472.0750732421875,401.94940185546875,472.9090270996094,399.6712951660156,473.95361328125,398.6849670410156,477.86004638671875,401.38983154296875,485.49395751953125,398.46063232421875,491.95770263671875,413.44635009765625,490.08349609375,409.95758056640625,506.17279052734375,439.3025207519531,493.44012451171875,432.341796875,500.56365966796875,462.8341064453125,479.4013366699219,451.24200439453125,521.9511108398438,446.9568786621094,520.4136352539062,446.1572265625,526.0907592773438,480.0980529785156,516.4436645507812,479.8810729980469,562.3060302734375,498.01190185546875,547.359375,496.64892578125
471.3563232421875,400.2380676269531,471.9743957519531,397.8789367675781,473.45343017578125,396.7923889160156,476.45477294921875,399.3100891113281,486.25579833984375,396.0141296386719,489.8486633300781,411.0988464355469,492.6758728027344,407.6322021484375,503.6828918457031,437.8735046386719,500.1866455078125,432.8559875488281,497.3240661621094,460.5831298828125,486.0408935546875,453.2519836425781,519.1395874023438,443.27508544921875,520.8683471679688,442.24981689453125,520.5291137695312,475.7705993652344,514.9085693359375,475.3399658203125,556.3255615234375,491.87298583984375,546.4627685546875,490.39703369140625
471.2231140136719,398.7454833984375,471.96630859375,396.473388671875,473.64892578125,395.3682556152344,476.5216369628906,397.4849548339844,487.0593566894531,394.1824951171875,488.8465881347656,408.087646484375,493.6881103515625,404.5475158691406,501.4913635253906,433.1717224121094,503.50579833984375,429.05401611328125,500.33416748046875,455.6080017089844,496.3090515136719,450.3183898925781,515.9862670898438,440.8585510253906,519.2750244140625,439.53656005859375,510.650634765625,472.7671203613281,509.4347839355469,471.73675537109375,545.5359497070312,486.51458740234375,542.50244140625,484.0696105957031
474.8127136230469,391.28509521484375,476.6862487792969,388.81219482421875,475.9178771972656,387.5527038574219,481.46392822265625,390.63433837890625,485.6444091796875,387.3161926269531,490.2788391113281,405.1591491699219,492.8753967285156,402.1020812988281,499.56768798828125,431.4632568359375,500.7847595214844,427.90789794921875,495.0089416503906,459.4925842285156,493.41729736328125,453.12200927734375,514.3958740234375,442.8853454589844,517.03076171875,441.70257568359375,497.688720703125,473.99151611328125,503.6654357910156,472.7610168457031,530.2288208007812,488.20068359375,539.9263305664062,484.53302001953125
474.834716796875,391.274169921875,476.69598388671875,388.8033142089844,475.9653015136719,387.5374450683594,481.44744873046875,390.62176513671875,485.77978515625,387.2806091308594,490.1746520996094,405.1346435546875,493.04571533203125,402.0464782714844,499.41973876953125,431.3436584472656,500.9333801269531,427.7720642089844,494.8824157714844,459.3340148925781,493.5203552246094,453.021728515625,514.2423095703125,442.830810546875,517.1248168945312,441.62298583984375,497.3273010253906,473.8318176269531,503.8961181640625,472.58026123046875,529.4312744140625,488.166748046875,540.0862426757812,484.4967956542969
477.29217529296875,388.12841796875,478.0979309082031,385.6056213378906,479.8154296875,384.6640930175781,483.1656799316406,386.8851623535156,494.53485107421875,383.7950439453125,493.59600830078125,400.4210205078125,502.21051025390625,396.6276550292969,500.2248229980469,424.4486999511719,504.3924255371094,419.45916748046875,495.84283447265625,448.4792175292969,492.4483947753906,443.422119140625,515.1951904296875,435.6513977050781,522.457763671875,433.68194580078125,497.34521484375,460.8343505859375,506.5951232910156,459.340576171875,521.2527465820312,474.0001220703125,535.4972534179688,471.0582275390625
482.3059997558594,385.507568359375,482.5972595214844,382.4334411621094,483.4884948730469,381.8248291015625,487.0214538574219,382.5318603515625,495.55242919921875,380.3425598144531,496.4835205078125,397.55987548828125,504.7060546875,393.32421875,495.9240417480469,425.2614440917969,501.2912902832031,418.5499572753906,485.4923095703125,443.7005615234375,487.7552185058594,438.51116943359375,510.9889831542969,440.2265930175781,516.4946899414062,437.61651611328125,498.364990234375,464.8450012207031,505.1696472167969,463.3375244140625,497.413818359375,484.5411682128906,504.3949279785156,481.3218994140625
487.1708984375,380.8245544433594,487.0096435546875,377.9777526855469,487.94647216796875,377.236572265625,487.8204040527344,380.33990478515625,500.1545104980469,377.2374267578125,495.9781799316406,397.8793640136719,509.8518981933594,392.32110595703125,494.766357421875,423.5332336425781,505.2939147949219,416.2195129394531,479.1053466796875,440.27947998046875,483.37567138671875,435.2859191894531,515.6873168945312,439.8041076660156,525.0333862304688,436.592529296875,496.15423583984375,466.49908447265625,498.1733093261719,462.550537109375,525.5770874023438,488.277099609375,521.9952392578125,480.0425720214844
490.68951416015625,377.7527770996094,490.32769775390625,374.8985290527344,492.4622497558594,374.37139892578125,492.40069580078125,376.71197509765625,506.16021728515625,374.4652099609375,499.2813415527344,392.9332580566406,517.9249267578125,389.5439147949219,494.9825134277344,417.9708251953125,525.5368041992188,413.7913513183594,476.8131408691406,436.21875,509.6990966796875,430.34820556640625,515.8751831054688,434.3500671386719,527.1459350585938,431.92510986328125,502.4218444824219,462.0654296875,503.909423828125,460.27685546875,529.2467651367188,486.44256591796875,521.3698120117188,483.0890197753906
494.80096435546875,373.7279052734375,494.5943603515625,371.072265625,496.98382568359375,370.2943420410156,496.6085205078125,373.32513427734375,510.8516845703125,370.73455810546875,500.6702575683594,390.1654968261719,524.3701782226562,386.6379089355469,495.7485046386719,414.7712097167969,538.0925903320312,410.8407897949219,480.6087951660156,430.8127136230469,530.8464965820312,425.61065673828125,516.30224609375,434.0216064453125,529.8336181640625,431.5462646484375,504.0849304199219,465.8624572753906,504.2681884765625,463.919921875,529.276123046875,493.2994384765625,513.6506958007812,489.841064453125
494.76806640625,373.7662353515625,494.5601501464844,371.1064453125,496.9539794921875,370.3323059082031,496.5818786621094,373.33123779296875,510.8435363769531,370.75286865234375,500.68511962890625,390.12530517578125,524.3181762695312,386.64166259765625,495.7344665527344,414.6678771972656,537.9207153320312,410.8027038574219,480.41180419921875,430.6224365234375,530.4099731445312,425.3955383300781,516.3040161132812,434.0404052734375,529.8131103515625,431.5877685546875,504.11199951171875,465.88616943359375,504.3397521972656,463.9990234375,529.1665649414062,493.29644775390625,513.722900390625,489.94140625
499.2729797363281,370.3963623046875,499.15740966796875,367.9689636230469,501.0309143066406,366.9612121582031,500.5782775878906,370.998291015625,513.1830444335938,367.5701904296875,501.5782470703125,389.47198486328125,525.4345703125,383.5109558105469,494.0025329589844,411.4646301269531,541.3689575195312,401.94854736328125,483.6090393066406,424.3907470703125,546.1804809570312,419.185546875,517.121337890625,433.914306640625,530.3602905273438,431.3529357910156,504.46856689453125,466.9523620605469,507.53741455078125,463.50872802734375,528.8876342773438,494.54339599609375,519.840576171875,487.83477783203125
505.6244812011719,370.07232666015625,505.67242431640625,367.6091613769531,506.9131164550781,366.7091979980469,506.3443298339844,370.585205078125,517.6002807617188,367.5637512207031,504.91680908203125,388.3534240722656,529.7348022460938,383.4924011230469,498.2996826171875,409.2253723144531,545.333984375,402.07037353515625,492.7715148925781,415.30743408203125,550.3551025390625,413.98150634765625,519.7612915039062,433.5567626953125,533.8428955078125,431.52618408203125,507.5957336425781,467.069580078125,513.0348510742188,464.20269775390625,528.0745849609375,496.754638671875,520.5951538085938,490.93780517578125
511.2501220703125,368.8163757324219,510.6134033203125,366.22509765625,513.1103515625,365.4829406738281,509.3608093261719,368.9482421875,525.5550537109375,366.3757629394531,506.6236572265625,387.1661682128906,537.06689453125,382.2714538574219,498.86181640625,409.2945861816406,550.7489013671875,402.636474609375,498.9808349609375,411.6346740722656,553.7440185546875,410.44586181640625,519.0381469726562,433.8470153808594,537.5111694335938,431.2499084472656,510.7989807128906,469.09942626953125,518.296875,465.3748779296875,527.3162841796875,499.07379150390625,521.3955688476562,492.85980224609375
513.7635498046875,366.7615661621094,513.613037109375,363.82977294921875,516.2662963867188,363.27587890625,513.557861328125,365.82177734375,529.5206909179688,364.3909606933594,509.6253662109375,383.636962890625,539.8765258789062,381.7677917480469,501.0357360839844,406.9943542480469,553.5009155273438,403.6312561035156,500.4191589355469,408.3957214355469,555.943115234375,405.1999816894531,520.313232421875,431.1121826171875,539.0277709960938,430.14129638671875,515.5062255859375,466.3765563964844,526.4163208007812,465.8653564453125,525.8065795898438,498.46807861328125,525.6351318359375,498.24786376953125
528.6749267578125,365.3167724609375,526.561767578125,361.9202575683594,529.2696533203125,362.0545349121094,520.236572265625,363.8668212890625,535.9342041015625,363.6131896972656,514.4956665039062,381.9192199707031,544.48193359375,381.26116943359375,504.5989990234375,403.25933837890625,556.1229858398438,403.3011779785156,503.49786376953125,407.08270263671875,559.330810546875,411.3711853027344,523.07666015625,428.4681701660156,542.1508178710938,428.2113952636719,521.5379638671875,463.873291015625,535.4688720703125,462.97637939453125,526.2980346679688,497.780517578125,532.696533203125,495.47967529296875
528.4981079101562,365.332275390625,526.444580078125,361.953125,529.1263427734375,362.06427001953125,520.2459106445312,363.9355163574219,535.9214477539062,363.6330871582031,514.4678344726562,382.0333557128906,544.4343872070312,381.28155517578125,504.2952880859375,403.562255859375,556.0501708984375,403.3382568359375,502.9381408691406,407.6036071777344,559.2045288085938,411.4742431640625,523.08349609375,428.4548645019531,542.1232299804688,428.1569519042969,521.555908203125,463.79864501953125,535.3419189453125,462.8794250488281,526.3296508789062,497.66015625,532.63330078125,495.3544921875
536.079345703125,365.7356262207031,533.3382568359375,362.19146728515625,535.792236328125,362.41021728515625,525.2427978515625,363.77325439453125,541.046142578125,363.1811828613281,518.5070190429688,381.59295654296875,550.29638671875,379.4924011230469,503.9592590332031,401.90374755859375,561.57861328125,400.1595458984375,499.4216003417969,407.505859375,562.3587646484375,411.76177978515625,527.6095581054688,426.26641845703125,548.448486328125,425.4195556640625,529.4635009765625,461.4939880371094,546.8320922851562,459.2643127441406,529.0510864257812,497.91021728515625,545.2100219726562,493.041015625
536.5545043945312,362.896484375,534.6888427734375,359.60589599609375,536.8563232421875,359.6910705566406,528.8834228515625,362.32568359375,543.4602661132812,361.7093200683594,523.4030151367188,381.8367919921875,552.237548828125,379.5096435546875,511.31817626953125,401.8882141113281,562.9066162109375,399.8948059082031,508.93682861328125,410.290283203125,567.8322143554688,413.2686462402344,531.06396484375,427.62762451171875,550.2301025390625,426.5459899902344,534.4549560546875,462.670166015625,555.29541015625,460.2962646484375,534.2340698242188,499.349365234375,555.7741088867188,494.8231201171875
537.1522827148438,364.39898681640625,535.6746215820312,361.3038635253906,538.0337524414062,361.2464294433594,531.5767822265625,364.67474365234375,546.8946533203125,363.80816650390625,526.060791015625,384.940673828125,556.65966796875,382.67230224609375,513.9782104492188,404.99334716796875,567.3511962890625,403.03985595703125,509.7042541503906,415.6033020019531,571.3096923828125,418.0156555175781,534.8187255859375,430.8456726074219,555.4812622070312,429.92193603515625,538.7179565429688,463.45977783203125,563.4486083984375,461.7543029785156,538.587890625,500.00482177734375,565.4386596679688,496.7828369140625
544.0955810546875,365.168212890625,542.2730712890625,362.1732482910156,545.2496948242188,362.3084411621094,536.4617919921875,365.073486328125,551.96533203125,365.4810485839844,527.9183959960938,384.33642578125,559.9441528320312,385.6886291503906,516.9445190429688,405.6878967285156,571.2123413085938,407.9226379394531,510.7705078125,422.0019226074219,574.1726684570312,423.50335693359375,535.9266357421875,432.0396423339844,557.6140747070312,433.1659240722656,543.0184936523438,462.6402587890625,569.5731201171875,464.1943359375,543.5753784179688,499.29559326171875,572.1773681640625,500.9224853515625
550.6636352539062,369.2053527832031,548.3654174804688,366.229248046875,552.10009765625,366.3378601074219,541.2060546875,368.6865234375,557.60791015625,369.24932861328125,531.4722290039062,388.4612731933594,565.4247436523438,389.7325439453125,519.5244750976562,412.53167724609375,577.6072998046875,412.9523010253906,513.7892456054688,430.7027282714844,581.968017578125,428.014892578125,538.39306640625,437.117431640625,561.0509033203125,438.30419921875,550.1459350585938,465.787841796875,575.8988037109375,467.1518859863281,548.5689697265625,502.32952880859375,574.9896240234375,503.6104736328125
550.2453002929688,371.2765197753906,548.384033203125,368.10894775390625,551.1594848632812,368.17279052734375,541.8914184570312,370.9051818847656,556.8156127929688,371.0482177734375,532.6220703125,390.7261047363281,564.8753051757812,390.3418884277344,521.222412109375,413.9870300292969,577.8683471679688,411.8527526855469,514.17041015625,433.3363037109375,584.4991455078125,426.8626708984375,538.1013793945312,437.6411437988281,559.57861328125,437.80755615234375,548.3146362304688,469.0906066894531,575.7767333984375,469.6942138671875,547.0570068359375,505.34515380859375,574.8876342773438,506.4346923828125
555.05029296875,376.6322326660156,553.3316040039062,373.5076599121094,555.9963989257812,373.6636657714844,547.515380859375,376.348388671875,561.7359619140625,376.8308410644531,538.3226318359375,396.3319091796875,569.5202026367188,395.9335021972656,528.4957885742188,421.5155944824219,582.1060791015625,417.1065979003906,524.486572265625,445.649169921875,591.0812377929688,432.69207763671875,543.9760131835938,441.9642639160156,564.3497924804688,442.19195556640625,556.571533203125,474.1387939453125,578.1404418945312,475.10400390625,553.4424438476562,508.078369140625,571.906005859375,509.9581298828125
563.3359375,382.8786926269531,560.497802734375,379.9119567871094,563.6672973632812,380.357177734375,551.1025390625,383.13726806640625,566.3038330078125,384.2777099609375,542.5439453125,402.656982421875,572.0693359375,404.2956848144531,535.2677001953125,427.45245361328125,589.2862548828125,426.15936279296875,532.1461181640625,449.3553466796875,600.3142700195312,438.9971618652344,549.9492797851562,449.1152648925781,568.8154907226562,450.6038513183594,562.218017578125,482.8916320800781,579.3448486328125,485.47540283203125,558.5996704101562,515.599365234375,571.7610473632812,520.2310791015625
571.0093994140625,389.03778076171875,568.0064086914062,386.41717529296875,570.8098754882812,386.86431884765625,557.1447143554688,390.7665710449219,571.5132446289062,391.9799499511719,547.596923828125,410.8350524902344,576.78173828125,411.89801025390625,540.8132934570312,435.6549987792969,592.4063720703125,432.20953369140625,541.2133178710938,455.107177734375,602.5516357421875,441.4233093261719,554.0043334960938,455.9864501953125,572.7303466796875,457.20745849609375,563.8162841796875,490.995361328125,580.0387573242188,492.9820556640625,563.1770629882812,525.2615966796875,574.2990112304688,528.7113037109375
574.081298828125,395.4395751953125,571.5216064453125,392.9369201660156,574.2952880859375,393.29693603515625,561.2611694335938,396.86285400390625,575.3262939453125,398.283203125,549.6348266601562,415.5068359375,579.6156616210938,417.7297668457031,543.098388671875,440.4384765625,593.7564697265625,438.79229736328125,546.2098999023438,458.3796081542969,602.4609375,445.2344665527344,554.0274047851562,460.43634033203125,572.922607421875,462.3687744140625,570.7579345703125,491.59429931640625,584.5122680664062,494.86651611328125,567.6892700195312,523.2262573242188,572.3497314453125,528.7769775390625
574.3974609375,395.88250732421875,572.0502319335938,393.26470947265625,574.6869506835938,393.6197814941406,562.2950439453125,396.6824951171875,576.4845581054688,398.1542663574219,550.2428588867188,414.97589111328125,581.64892578125,417.48126220703125,543.7423706054688,440.5341796875,593.2359008789062,439.3695983886719,548.516845703125,456.97802734375,599.4857177734375,444.5188903808594,556.8494262695312,462.2572021484375,576.4473876953125,464.3985290527344,574.6729736328125,494.77410888671875,586.2133178710938,498.3067626953125,574.5897827148438,527.2296142578125,572.5597534179688,532.7991333007812
574.4420776367188,395.82366943359375,572.0826416015625,393.21136474609375,574.7271118164062,393.57049560546875,562.285888671875,396.6415710449219,576.4732055664062,398.123046875,550.243408203125,414.8715515136719,581.582275390625,417.45928955078125,543.7314453125,440.30108642578125,593.2950439453125,439.3472900390625,548.3900146484375,456.53875732421875,599.6166381835938,444.46783447265625,556.9671020507812,462.1316833496094,576.5072631835938,464.323486328125,574.8079223632812,494.640380859375,586.2889404296875,498.23468017578125,574.716552734375,527.1661987304688,572.6661376953125,532.8369750976562
571.7117919921875,391.6756896972656,569.4161376953125,389.0225524902344,571.8951416015625,389.38360595703125,560.4230346679688,392.8312072753906,574.7836303710938,394.1446228027344,549.3428955078125,412.2516174316406,581.9254150390625,413.8415832519531,542.3583374023438,438.2832336425781,591.408203125,435.08197021484375,546.8248291015625,453.1962585449219,594.5767211914062,438.7183837890625,559.4217529296875,459.47259521484375,579.8641967773438,461.18408203125,575.391845703125,493.7169189453125,587.1951904296875,496.60430908203125,578.5425415039062,527.3477172851562,574.9863891601562,531.47705078125
565.1959838867188,387.32611083984375,563.85400390625,384.1965026855469,566.140869140625,384.19256591796875,557.7788696289062,387.18951416015625,573.5846557617188,387.54638671875,549.0552368164062,407.27947998046875,580.4654541015625,408.0866394042969,542.0439453125,431.1946716308594,587.419189453125,428.35064697265625,543.2484741210938,450.5982971191406,584.5392456054688,439.59844970703125,559.8120727539062,454.29229736328125,580.0255737304688,455.6036376953125,572.5039672851562,487.555419921875,584.6598510742188,490.056640625,577.7876586914062,518.4306640625,578.944091796875,521.5758666992188
559.6432495117188,383.5440673828125,559.1188354492188,380.4540710449219,561.094482421875,380.2239074707031,556.3922119140625,383.56842041015625,571.6693115234375,383.2093811035156,549.2822875976562,403.7284851074219,580.9306640625,403.51611328125,541.1033935546875,426.3177490234375,587.9984130859375,423.8377685546875,539.4061279296875,445.8106994628906,583.2781982421875,438.7685241699219,560.491943359375,449.88409423828125,581.1976318359375,450.431884765625,568.6818237304688,482.1375427246094,584.62109375,483.6082458496094,578.0748291015625,513.78173828125,585.5777587890625,515.4605102539062
551.843017578125,379.5020751953125,551.9159545898438,376.6688232421875,553.6686401367188,376.2737731933594,553.8763427734375,380.331787109375,567.3713989257812,378.9326171875,550.975830078125,400.9231262207031,579.06982421875,397.7701416015625,542.9033203125,424.4723205566406,580.5013427734375,417.3370666503906,536.0455932617188,445.75213623046875,569.3054809570312,435.33709716796875,562.657958984375,443.9098815917969,581.773193359375,442.7292175292969,569.3135986328125,473.9859313964844,585.6215209960938,473.41119384765625,577.7876586914062,503.13897705078125,588.21435546875,502.4029541015625
549.2997436523438,377.25274658203125,549.1903686523438,374.45111083984375,550.881591796875,373.9643249511719,551.8222045898438,378.44061279296875,564.9178466796875,376.30133056640625,552.3283081054688,399.5390930175781,577.3511352539062,394.5064697265625,545.2299194335938,422.93310546875,578.2372436523438,413.9977111816406,534.6593627929688,441.70831298828125,565.781494140625,433.0051574707031,565.7401123046875,441.15582275390625,583.1962890625,438.8956298828125,568.5975952148438,471.8892517089844,586.3199462890625,469.2876892089844,578.7815551757812,501.25567626953125,594.257080078125,496.6248779296875
549.3467407226562,377.2104797363281,549.2290649414062,374.4085998535156,550.911865234375,373.9244689941406,551.8486328125,378.4103088378906,564.9187622070312,376.26904296875,552.384033203125,399.5356140136719,577.340576171875,394.4816589355469,545.279541015625,422.9325256347656,578.2396240234375,413.9735107421875,534.685302734375,441.6336669921875,565.8170166015625,432.9687194824219,565.796875,441.08843994140625,583.2015991210938,438.82159423828125,568.7979736328125,471.79052734375,586.4035034179688,469.1625671386719,578.8950805664062,501.17913818359375,594.2432861328125,496.48626708984375
546.2034301757812,376.915771484375,546.5261840820312,374.01947021484375,548.1658935546875,373.2156066894531,550.7310791015625,376.7868347167969,563.1748657226562,373.7916564941406,552.6737670898438,395.97100830078125,576.6804809570312,389.6151428222656,547.0629272460938,419.9619445800781,579.1395263671875,409.2662048339844,536.7760620117188,437.5260009765625,567.1302490234375,428.4900207519531,568.4169311523438,438.039306640625,585.4295654296875,435.0793151855469,567.9407348632812,469.497314453125,587.80859375,465.6974182128906,581.3726806640625,499.87518310546875,601.0090942382812,493.2637939453125
549.2191772460938,371.94610595703125,549.8975219726562,368.9381103515625,550.3408203125,367.92962646484375,552.1333618164062,371.7663879394531,562.5580444335938,368.2884216308594,554.6306762695312,391.0224914550781,573.2360229492188,384.2071533203125,549.8820190429688,415.92437744140625,572.4044189453125,404.77880859375,537.8702392578125,432.5666198730469,558.080078125,423.1422424316406,572.580322265625,434.8489685058594,585.9656372070312,431.64508056640625,565.661376953125,468.18212890625,583.8143920898438,464.160888671875,580.6098022460938,500.5638427734375,599.5338134765625,493.8271484375
544.7800903320312,373.77374267578125,546.02978515625,370.6434020996094,546.1116943359375,369.5298767089844,550.4649658203125,372.37921142578125,559.12841796875,368.69061279296875,554.5994873046875,389.81341552734375,570.2321166992188,382.627685546875,551.63134765625,415.45098876953125,568.43408203125,403.5712585449219,539.79052734375,432.51416015625,553.8171997070312,422.63763427734375,573.8980102539062,431.0410461425781,585.2318115234375,427.58709716796875,565.5714111328125,465.4136657714844,581.0283813476562,461.0697021484375,581.0540161132812,498.63616943359375,596.8866577148438,491.43701171875
542.9672241210938,372.4215087890625,543.9485473632812,369.1778564453125,544.427001953125,368.117919921875,548.300048828125,370.0457763671875,557.881103515625,366.5149841308594,554.34619140625,386.3431396484375,569.1607666015625,379.7507019042969,554.2573852539062,413.2001953125,569.65283203125,402.43780517578125,542.249267578125,433.4177551269531,555.5441284179688,422.5594787597656,575.4119873046875,428.0956726074219,585.6257934570312,424.877197265625,567.0537719726562,465.57122802734375,576.5505981445312,461.7713317871094,585.7302856445312,499.4761962890625,592.6429443359375,492.96966552734375
539.7587280273438,370.7750244140625,540.6021728515625,367.7243347167969,540.6913452148438,366.76947021484375,545.153076171875,368.6759033203125,554.1651611328125,365.3086242675781,554.6747436523438,385.003662109375,566.5098266601562,379.50396728515625,559.716796875,412.2579650878906,569.754638671875,404.2182922363281,548.8362426757812,432.0279541015625,554.6619873046875,424.93353271484375,578.9555053710938,427.3623046875,587.216552734375,424.9248962402344,567.1878662109375,465.08807373046875,571.7583618164062,461.86700439453125,587.4364013671875,498.129150390625,589.4872436523438,491.0771484375
539.6455078125,370.8936767578125,540.5889892578125,367.84490966796875,540.5167236328125,366.87921142578125,545.3189697265625,368.7515869140625,553.8156127929688,365.3690490722656,554.8220825195312,385.05279541015625,566.1788940429688,379.4617004394531,559.6986083984375,412.3247375488281,569.1768798828125,404.1376953125,549.0013427734375,431.9005126953125,554.3184814453125,424.9263916015625,579.1761474609375,427.3576354980469,587.13818359375,424.8660888671875,567.1356811523438,465.0931701660156,571.6364135742188,461.72674560546875,587.4485473632812,498.13909912109375,589.529052734375,490.81597900390625
542.6214599609375,372.25048828125,543.3291015625,369.1186218261719,543.2921142578125,368.14764404296875,546.0743408203125,369.7713928222656,553.4649047851562,366.51812744140625,554.6143188476562,384.2936706542969,562.421875,379.04541015625,564.2586669921875,411.16412353515625,564.3350830078125,403.56182861328125,559.932373046875,430.40460205078125,553.8016967773438,424.79571533203125,577.5411376953125,424.2037353515625,583.4518432617188,421.7890625,564.2813110351562,462.4569091796875,569.5152587890625,459.0242614746094,587.1130981445312,495.05975341796875,590.405517578125,488.14593505859375
537.8504638671875,373.1394958496094,538.9694213867188,370.2552795410156,538.5773315429688,369.5489501953125,544.1077880859375,371.8473815917969,548.7950439453125,369.3719482421875,556.3820190429688,387.30938720703125,556.8175048828125,382.7034912109375,566.4476318359375,411.4792785644531,557.345458984375,402.96343994140625,561.0689086914062,430.4899597167969,548.7525024414062,419.81646728515625,579.6957397460938,427.4921875,580.9133911132812,425.34063720703125,564.2653198242188,463.507080078125,567.1475830078125,460.62725830078125,587.6638793945312,493.415771484375,592.694580078125,487.3929748535156
537.5172729492188,371.80523681640625,538.89013671875,369.00006103515625,537.9976196289062,368.11285400390625,544.296875,370.0231018066406,548.8482666015625,367.0639343261719,556.939208984375,385.37548828125,559.0792846679688,379.69921875,567.2840576171875,411.5469665527344,561.740234375,400.3935852050781,562.1620483398438,429.2890319824219,551.8882446289062,415.3421325683594,582.3209228515625,427.3349914550781,584.6008911132812,424.90252685546875,562.9190063476562,464.5843505859375,565.8285522460938,460.82159423828125,589.5482788085938,493.2249755859375,594.0228881835938,484.673095703125
537.64990234375,375.5626525878906,539.1353149414062,372.9350280761719,539.0595092773438,371.65924072265625,544.5263671875,374.88873291015625,550.7803955078125,370.90142822265625,552.04296875,389.3316345214844,560.4603271484375,382.9581604003906,558.1365356445312,412.92205810546875,562.343994140625,403.05841064453125,556.7762451171875,429.3393249511719,554.98583984375,420.80535888671875,578.4491577148438,425.2476806640625,584.535888671875,422.3132629394531,561.3316650390625,459.4038391113281,567.3134155273438,455.2265319824219,583.9807739257812,485.22979736328125,589.3240356445312,476.8817138671875
541.1783447265625,377.48760986328125,541.5652465820312,374.63330078125,541.6470336914062,373.8078308105469,544.6530151367188,375.4440612792969,551.9456176757812,372.1456298828125,554.3488159179688,389.00616455078125,560.1062622070312,382.12762451171875,562.07080078125,412.6641845703125,563.2060546875,400.6716613769531,561.5669555664062,425.5341796875,554.8641357421875,412.50390625,577.9989624023438,423.34002685546875,582.0936889648438,420.2235412597656,564.4491577148438,457.19110107421875,563.5344848632812,452.51812744140625,585.474853515625,483.30059814453125,583.3189697265625,474.0625
541.16845703125,377.5639953613281,541.5119018554688,374.74395751953125,541.6809692382812,373.8846130371094,544.5597534179688,375.6155090332031,552.1492919921875,372.19537353515625,554.3303833007812,389.21295166015625,560.2785034179688,382.0549621582031,562.0841064453125,412.7956237792969,563.800537109375,400.3122253417969,561.4487915039062,425.569091796875,555.4989624023438,412.1733093261719,577.7703247070312,423.5289611816406,581.952880859375,420.2904052734375,564.8063354492188,457.4014587402344,563.6080932617188,452.54547119140625,585.7269897460938,483.4478759765625,583.3135375976562,473.991455078125
543.9559326171875,377.13336181640625,543.7171020507812,374.5538330078125,544.9010620117188,373.8369140625,544.9673461914062,376.11688232421875,555.4496459960938,373.2560119628906,551.0198364257812,389.66278076171875,562.94384765625,384.8217468261719,557.2464599609375,410.2899169921875,570.2832641601562,402.2644348144531,559.5570068359375,424.2157897949219,566.4189453125,415.7562255859375,573.92822265625,420.4979248046875,581.39892578125,418.82794189453125,572.8313598632812,449.79693603515625,569.7893676757812,447.319580078125,584.834716796875,473.55230712890625,576.4612426757812,468.5018615722656
546.1641845703125,370.30780029296875,545.8216552734375,367.6038513183594,546.3838500976562,367.0965270996094,545.8433837890625,370.3054504394531,554.8170776367188,367.9112243652344,550.1666870117188,385.8897705078125,561.5103759765625,381.6370544433594,556.5679931640625,405.6400146484375,568.3312377929688,398.97198486328125,560.2980346679688,420.19989013671875,566.3177490234375,414.0960388183594,571.0352783203125,419.6228942871094,578.4287109375,418.2381896972656,571.432373046875,447.50250244140625,570.7359008789062,445.1042785644531,580.8492431640625,470.0931396484375,576.297119140625,465.0078125
547.5613403320312,358.7017517089844,547.7471923828125,355.7885437011719,548.0884399414062,354.9862365722656,548.9647827148438,358.59552001953125,557.085693359375,355.5194091796875,552.02880859375,375.9925537109375,565.6888427734375,369.7301330566406,553.8024291992188,396.43475341796875,576.8660888671875,384.02764892578125,554.0113525390625,408.9427185058594,578.0686645507812,395.56640625,573.2603759765625,412.3038024902344,581.0932006835938,409.9027404785156,571.1978149414062,442.74981689453125,570.1983032226562,439.2157287597656,580.89208984375,466.31878662109375,572.8519287109375,460.21319580078125
544.7075805664062,371.33050537109375,544.90576171875,368.7493896484375,546.059814453125,367.77398681640625,546.5529174804688,370.5074157714844,556.8681640625,367.2703857421875,549.78564453125,385.43670654296875,567.4020385742188,379.77899169921875,554.342529296875,404.2410583496094,582.3024291992188,392.97125244140625,558.6936645507812,421.9615783691406,585.6865844726562,407.363037109375,574.4226684570312,419.9980163574219,584.91357421875,417.8629150390625,567.285888671875,444.6208190917969,568.6550903320312,441.84259033203125,581.8936767578125,466.26617431640625,575.6935424804688,461.4566650390625
545.4868774414062,373.1245422363281,545.449462890625,370.762939453125,547.10107421875,369.644287109375,546.249267578125,372.2770080566406,557.9957885742188,368.7735900878906,548.7918701171875,386.9399108886719,569.3134765625,381.3005065917969,554.6716918945312,407.8700256347656,583.6151123046875,396.7351379394531,560.556396484375,428.69476318359375,587.1639404296875,413.8399353027344,576.7803344726562,421.0742492675781,589.6148071289062,418.9125671386719,564.324951171875,442.4081115722656,570.415283203125,439.6876525878906,578.0889282226562,465.00506591796875,577.7406005859375,459.65875244140625
545.3240966796875,373.2012023925781,545.2720947265625,370.83831787109375,546.96630859375,369.7215576171875,546.1773681640625,372.40252685546875,558.0416870117188,368.87738037109375,548.9268798828125,387.0794372558594,569.2938842773438,381.46356201171875,555.1257934570312,408.0697937011719,583.4180908203125,397.1643981933594,560.9217529296875,429.0439453125,586.6121215820312,414.6495056152344,576.6351318359375,421.0898132324219,589.4033813476562,418.9358825683594,564.64453125,442.2524719238281,570.4982299804688,439.557373046875,577.9002075195312,464.9317626953125,577.4251098632812,459.6447448730469
543.7974243164062,374.3647766113281,544.2141723632812,372.4537353515625,546.14453125,370.7571716308594,546.8226928710938,374.0926208496094,558.211181640625,369.11602783203125,548.5105590820312,388.78900146484375,571.1195068359375,379.2314147949219,551.7147827148438,410.1593933105469,594.4969482421875,388.11328125,556.035400390625,429.89898681640625,605.1741333007812,398.733642578125,575.9463500976562,422.09051513671875,589.2495727539062,418.2534484863281,565.7891845703125,440.93597412109375,573.2952880859375,436.2745361328125,574.7090454101562,460.02093505859375,576.2296142578125,452.94940185546875
545.022216796875,370.87457275390625,545.4785766601562,369.1320495605469,547.4161987304688,367.2205810546875,546.9254150390625,371.80792236328125,559.102783203125,366.4079895019531,548.6070556640625,388.190673828125,571.3229370117188,378.0389404296875,554.8748779296875,412.2955017089844,595.4822387695312,389.64056396484375,559.9414672851562,431.9209289550781,606.6080322265625,400.54571533203125,575.1530151367188,424.9276428222656,588.4465942382812,420.6661376953125,557.799560546875,447.4720764160156,566.3853759765625,442.13262939453125,580.9199829101562,468.4613037109375,581.5711669921875,460.30029296875
545.8458862304688,371.13494873046875,546.3287963867188,369.367919921875,548.3348999023438,367.768310546875,549.08154296875,372.41217041015625,561.2652587890625,367.574951171875,553.0858764648438,389.7836608886719,575.99658203125,379.1602783203125,553.9923095703125,414.3296813964844,601.15673828125,386.17071533203125,554.0125122070312,437.3288879394531,613.6322021484375,395.7387390136719,579.9393310546875,427.35076904296875,592.8243408203125,422.9479064941406,553.2459716796875,454.3500671386719,561.1157836914062,449.0725402832031,579.1781616210938,475.55523681640625,579.0681762695312,467.8021240234375
553.0634155273438,368.19891357421875,552.984130859375,366.10028076171875,554.4720458984375,364.93609619140625,553.0946655273438,369.51300048828125,564.7128295898438,365.6388244628906,555.2932739257812,388.64251708984375,577.4005737304688,378.4957275390625,552.7845458984375,415.1478271484375,603.4541015625,386.403076171875,549.5932006835938,439.0329284667969,616.9290161132812,394.52001953125,576.5166625976562,427.89520263671875,588.7459716796875,423.78497314453125,553.1008911132812,455.6300964355469,559.2909545898438,450.598388671875,578.8943481445312,479.89044189453125,578.8419189453125,472.62139892578125
555.3125,368.91131591796875,555.4249877929688,366.6983947753906,556.6461181640625,365.8221435546875,556.5506591796875,369.40325927734375,566.5475463867188,366.46795654296875,558.7709350585938,387.6691589355469,579.0830078125,379.49945068359375,553.4214477539062,414.0316162109375,604.4140625,388.8878173828125,545.791748046875,436.5939025878906,617.8334350585938,393.6021423339844,576.94287109375,427.677490234375,587.8455200195312,424.36236572265625,555.2242431640625,455.0635986328125,559.677490234375,451.5809631347656,577.6402587890625,480.4848937988281,576.111572265625,475.5677185058594
555.1962890625,369.1598815917969,555.3338012695312,366.96673583984375,556.6145629882812,366.0491943359375,556.557373046875,369.5499267578125,566.6060791015625,366.5272216796875,558.7399291992188,387.6156005859375,579.1328735351562,379.36505126953125,553.36279296875,413.9726257324219,604.4871826171875,388.78973388671875,545.6774291992188,436.4648132324219,617.9439697265625,393.7256774902344,576.9714965820312,427.6262512207031,587.9249267578125,424.2682800292969,555.2548828125,454.9371032714844,559.854248046875,451.40008544921875,577.5228271484375,480.36785888671875,576.0394287109375,475.3922119140625
559.3386840820312,366.07562255859375,558.9866943359375,363.9916076660156,560.4386596679688,363.2397155761719,558.80078125,368.50616455078125,569.3145751953125,365.7516784667969,560.6296997070312,388.3582763671875,580.5762329101562,380.8526611328125,554.2696533203125,411.527587890625,605.08935546875,389.6021728515625,543.6866455078125,429.17425537109375,618.9810180664062,393.0118408203125,578.0272827148438,428.07916259765625,588.3475341796875,425.02545166015625,557.8632202148438,454.6683654785156,560.9121704101562,451.4131774902344,579.241943359375,480.59375,576.2203369140625,475.8396911621094
563.7799682617188,365.2691650390625,562.6878662109375,363.6615295410156,564.599609375,362.89996337890625,561.5659790039062,368.9560241699219,571.3422241210938,366.2655029296875,565.9057006835938,389.2117004394531,581.3382568359375,380.0164489746094,555.1095581054688,411.1832580566406,601.0986938476562,388.4886474609375,545.1226806640625,423.36798095703125,603.91943359375,394.33203125,582.5244140625,426.7550048828125,589.5361328125,422.41986083984375,573.430908203125,454.7823791503906,568.865478515625,448.59649658203125,592.4819946289062,482.8499755859375,578.244873046875,472.44085693359375
561.7517700195312,367.24603271484375,561.9478149414062,365.530517578125,564.048583984375,364.3830871582031,564.3886108398438,369.1593017578125,573.2794189453125,366.1325378417969,566.2700805664062,387.7102966308594,583.16455078125,380.19976806640625,553.999755859375,410.3360290527344,600.457763671875,390.6537170410156,541.0711059570312,424.1475830078125,602.4894409179688,396.7426452636719,582.3800048828125,427.0369873046875,590.5363159179688,423.68365478515625,577.1821899414062,452.7666931152344,575.4978637695312,449.0174865722656,593.498291015625,479.7199401855469,580.515869140625,474.236083984375
565.2573852539062,370.4612121582031,565.2827758789062,368.24322509765625,567.4335327148438,367.20758056640625,566.49853515625,370.4725036621094,576.3411865234375,367.72271728515625,565.1319580078125,387.8081359863281,587.5392456054688,381.8332214355469,554.2352294921875,412.193359375,602.6685791015625,397.39501953125,541.7559814453125,428.3785400390625,604.6768798828125,409.4269104003906,579.9780883789062,430.99169921875,592.59814453125,428.30560302734375,573.8772583007812,450.14422607421875,580.5786743164062,447.0748291015625,590.87841796875,479.33123779296875,586.4989013671875,474.47265625
569.669677734375,370.6625061035156,569.252197265625,368.21270751953125,571.4686889648438,367.3548583984375,568.9313354492188,370.4814147949219,579.7822265625,368.24920654296875,566.7979125976562,389.555908203125,591.1302490234375,383.4009704589844,558.169189453125,417.6717529296875,602.5693359375,399.55755615234375,544.9256591796875,439.83013916015625,597.7595825195312,409.38165283203125,578.28076171875,434.46795654296875,592.6224975585938,431.7062072753906,575.0867919921875,451.5565185546875,583.0125732421875,449.14111328125,594.57470703125,477.38006591796875,589.5774536132812,473.88507080078125
569.6981201171875,370.6722106933594,569.2899780273438,368.214599609375,571.4808349609375,367.3562316894531,568.9795532226562,370.4590148925781,579.745361328125,368.22540283203125,566.8184814453125,389.5113830566406,591.1069946289062,383.34698486328125,558.21728515625,417.6203308105469,602.5271606445312,399.4537048339844,545.0634765625,439.8540344238281,597.7367553710938,409.3111267089844,578.350830078125,434.37237548828125,592.6535034179688,431.611572265625,575.2689208984375,451.4772644042969,583.0556640625,449.0592041015625,594.61376953125,477.3741149902344,589.383544921875,473.86865234375
568.8472290039062,373.1347351074219,568.7026977539062,370.1229553222656,569.8942260742188,369.21014404296875,567.9542236328125,372.30474853515625,583.7655639648438,369.7240295410156,565.7071533203125,389.77587890625,596.6890869140625,385.75482177734375,558.5467529296875,415.1412353515625,609.4158325195312,408.20086669921875,555.2374267578125,432.7332458496094,608.351318359375,428.1650085449219,579.4107055664062,430.83441162109375,598.7606811523438,428.90338134765625,576.7313842773438,455.7988586425781,593.4412841796875,454.335205078125,584.10791015625,482.9542236328125,598.85986328125,480.1160888671875
577.2657470703125,368.3730163574219,575.7738647460938,365.6636962890625,577.9815063476562,365.35931396484375,571.6927490234375,369.491943359375,586.7894287109375,368.1546630859375,568.5965576171875,390.31146240234375,597.8837280273438,386.8392028808594,567.5238037109375,416.5679016113281,610.2818603515625,403.40814208984375,561.5870361328125,436.9979553222656,603.6261596679688,408.90191650390625,578.3687744140625,431.502197265625,598.3819580078125,430.6048889160156,575.1773071289062,458.0796813964844,595.3450317382812,458.2917175292969,581.0606689453125,487.9641418457031,599.9019165039062,488.57275390625
578.04296875,369.1917419433594,577.4600219726562,366.58233642578125,579.4412841796875,366.02581787109375,575.6503295898438,370.19036865234375,590.599853515625,368.6295471191406,572.1849975585938,389.99835205078125,601.076416015625,388.10137939453125,574.23095703125,415.264892578125,613.0884399414062,406.0480041503906,569.2529296875,436.4419860839844,602.5183715820312,412.9046936035156,580.468994140625,431.883544921875,601.0039672851562,431.7179260253906,574.3582153320312,460.3155517578125,597.9143676757812,462.5801086425781,576.8128051757812,489.97760009765625,602.4154663085938,495.188232421875
583.167724609375,369.5921325683594,582.7242431640625,367.042724609375,584.92431640625,366.428466796875,581.29248046875,371.08477783203125,596.488525390625,369.57720947265625,577.7528686523438,390.345703125,605.64892578125,389.3298034667969,579.9629516601562,414.3250427246094,617.6510009765625,408.0928955078125,574.0591430664062,432.94598388671875,606.3489990234375,412.21484375,584.1873779296875,435.08441162109375,603.8778076171875,434.97344970703125,577.7929077148438,464.6183776855469,601.2271118164062,467.6771545410156,580.257568359375,492.3443603515625,604.5830078125,499.47802734375
588.6605834960938,370.1622619628906,587.855712890625,367.4715270996094,589.9577026367188,367.1199035644531,585.0367431640625,371.2262878417969,599.8397827148438,370.3774108886719,581.58349609375,390.7537841796875,607.7474365234375,390.2701110839844,583.0025024414062,415.88641357421875,618.9690551757812,410.5828552246094,578.9429931640625,433.38409423828125,611.0286865234375,414.39971923828125,587.2559814453125,436.45245361328125,605.7261962890625,436.51861572265625,578.922119140625,468.36285400390625,601.5702514648438,471.15252685546875,580.7877807617188,498.00848388671875,604.2863159179688,503.96820068359375
588.61181640625,370.1220703125,587.8302001953125,367.4389953613281,589.9297485351562,367.0739440917969,585.0396728515625,371.2007751464844,599.855224609375,370.3321228027344,581.5648803710938,390.71063232421875,607.7373657226562,390.2694091796875,583.1017456054688,415.823974609375,619.0330200195312,410.6266784667969,579.046142578125,433.2630920410156,610.9827270507812,414.3861999511719,587.2203979492188,436.3968811035156,605.7152709960938,436.4836120605469,578.7764892578125,468.2044677734375,601.5521850585938,471.0550231933594,580.5810546875,497.751953125,604.2890625,503.8446044921875
589.5601196289062,371.7267761230469,588.9988403320312,368.8558349609375,590.890625,368.584716796875,586.7454223632812,371.8178405761719,600.5996704101562,371.285400390625,582.7518920898438,390.9210510253906,608.762939453125,390.73553466796875,582.5451049804688,416.5932922363281,619.3311157226562,412.0589599609375,579.9931030273438,435.1759948730469,613.9825439453125,418.5356750488281,588.383544921875,437.19586181640625,606.7689208984375,437.315673828125,579.2693481445312,469.1995544433594,602.8181762695312,471.6588134765625,581.5586547851562,500.15447998046875,605.89404296875,505.2164306640625
591.5585327148438,372.6107177734375,590.636474609375,369.7182922363281,592.5841064453125,369.4481506347656,587.2122802734375,372.9856262207031,602.1099853515625,372.2911376953125,582.468994140625,392.6292724609375,611.3336181640625,391.7239074707031,581.1185913085938,418.62762451171875,624.3919067382812,412.25042724609375,578.5244140625,436.3875732421875,618.1427612304688,416.3128967285156,588.7883911132812,438.4886169433594,608.7923583984375,438.33587646484375,581.2597045898438,470.8858947753906,604.5367431640625,473.0337829589844,583.6953735351562,502.1639404296875,606.9422607421875,506.7552490234375
595.9290161132812,374.94537353515625,594.3732299804688,371.93756103515625,596.4744873046875,371.8257751464844,589.10693359375,375.09735107421875,604.1014404296875,374.55352783203125,583.577392578125,394.65289306640625,613.3880615234375,393.151611328125,580.1268920898438,420.2723693847656,624.4088745117188,413.5167236328125,578.1563110351562,438.87896728515625,619.9395141601562,421.55877685546875,590.9967651367188,440.2840881347656,611.5232543945312,439.8409423828125,584.861328125,474.806640625,608.7619018554688,475.6597595214844,587.4515380859375,508.03753662109375,610.4656372070312,509.48486328125
599.3746337890625,378.2132873535156,597.3870849609375,374.9530944824219,599.827392578125,374.9791564941406,591.1416015625,377.6007385253906,605.905029296875,377.2552185058594,586.271484375,396.99261474609375,616.0235595703125,395.2954406738281,580.7080688476562,423.6680908203125,624.8862915039062,415.9700927734375,573.7611083984375,436.8099365234375,617.6025390625,417.808837890625,594.0639038085938,442.8119812011719,614.4165649414062,442.0009765625,586.4530639648438,477.24371337890625,612.215087890625,477.72735595703125,588.76025390625,511.2425537109375,612.3349609375,512.9904174804688
601.4801025390625,382.8691101074219,599.0499267578125,379.587890625,601.5152587890625,379.7069091796875,592.3002319335938,382.3076477050781,606.7428588867188,381.895263671875,588.1484985351562,401.38433837890625,617.9271850585938,398.9762268066406,580.1561889648438,427.90301513671875,627.623291015625,420.4311218261719,570.1544189453125,444.1243896484375,622.6337890625,427.82861328125,596.8236083984375,446.4644775390625,617.3363037109375,445.2369079589844,588.2911376953125,482.21923828125,617.3299560546875,481.565185546875,587.0097045898438,519.6563720703125,616.9990844726562,518.6224975585938
601.8781127929688,382.759521484375,599.3825073242188,379.47467041015625,601.8458251953125,379.6007080078125,592.3151245117188,382.243408203125,606.7229614257812,381.856201171875,588.018798828125,401.390625,617.8192138671875,398.9957275390625,580.02294921875,427.988525390625,627.5139770507812,420.3266296386719,569.974365234375,444.0688171386719,622.3749389648438,427.1061096191406,596.7717895507812,446.47796630859375,617.3048706054688,445.26959228515625,588.3140258789062,482.2985534667969,617.4685668945312,481.68768310546875,587.0390014648438,519.687744140625,617.139892578125,518.7576293945312
597.0133666992188,387.74285888671875,596.3609619140625,384.8144836425781,598.2784423828125,384.5020446777344,595.0134887695312,387.64910888671875,608.46484375,386.5411682128906,590.92626953125,406.2188720703125,620.7410278320312,403.4955749511719,581.2506713867188,432.8678283691406,630.0524291992188,425.6881408691406,570.584716796875,449.5157470703125,624.8919067382812,435.630859375,599.5367431640625,451.63665771484375,620.5661010742188,450.24859619140625,588.5819702148438,487.2247619628906,622.6817626953125,486.9027099609375,585.569580078125,526.3419799804688,623.962158203125,526.2655029296875
598.7999877929688,392.12841796875,598.5062866210938,389.2165832519531,600.4310302734375,388.70513916015625,597.062744140625,392.54791259765625,612.2827758789062,391.1294250488281,591.426025390625,414.22381591796875,623.2557373046875,411.586669921875,579.321533203125,439.4480895996094,631.99365234375,434.14349365234375,571.2110595703125,452.93426513671875,627.5810546875,447.7903137207031,600.2239379882812,461.96563720703125,623.1231079101562,461.03302001953125,591.7589111328125,498.26239013671875,628.5223388671875,497.5115966796875,584.222900390625,534.71044921875,631.3880615234375,533.480224609375
603.4413452148438,399.36102294921875,602.2246704101562,396.42486572265625,604.3056640625,396.1831359863281,598.309326171875,399.4942626953125,613.6876220703125,398.5982666015625,592.3553466796875,421.02606201171875,624.4613037109375,418.7117614746094,583.978759765625,447.9017028808594,634.5787963867188,442.8254089355469,578.572509765625,467.13812255859375,630.29345703125,459.6476135253906,602.32177734375,466.9009704589844,626.507568359375,465.9645690917969,591.6517944335938,500.9542236328125,636.3177490234375,500.26708984375,583.0374755859375,537.3124389648438,642.6524658203125,535.73828125
605.4429321289062,406.6103515625,604.3058471679688,403.48931884765625,606.5404663085938,403.0369567871094,600.916748046875,406.7928466796875,617.7972412109375,405.0719909667969,594.993896484375,428.5704650878906,629.0443115234375,425.686767578125,590.6729125976562,456.52655029296875,641.6893310546875,450.13555908203125,585.1533203125,479.6900939941406,634.9171752929688,466.33538818359375,602.875,474.1966857910156,629.318115234375,473.03936767578125,591.4620971679688,506.36883544921875,641.5718994140625,506.36053466796875,581.210693359375,539.824462890625,652.385009765625,540.1721801757812
613.9788818359375,413.1700439453125,612.2699584960938,409.8172302246094,614.6932373046875,409.68023681640625,606.0599975585938,412.37567138671875,623.3628540039062,411.7790222167969,599.1892700195312,432.6333312988281,632.5918579101562,432.7229309082031,598.9688110351562,460.80633544921875,644.5597534179688,459.1672668457031,595.555908203125,484.6400146484375,634.9369506835938,472.18450927734375,605.8013916015625,478.45574951171875,632.7761840820312,478.6786804199219,591.4468383789062,509.01220703125,648.1968994140625,511.3402099609375,579.919921875,541.6862182617188,661.7547607421875,545.9246826171875
613.9291381835938,413.277587890625,612.23193359375,409.9178466796875,614.6363525390625,409.77691650390625,606.0817260742188,412.4400634765625,623.368408203125,411.82025146484375,599.2386474609375,432.647705078125,632.6546020507812,432.6896667480469,599.0549926757812,460.8302917480469,644.5602416992188,459.20782470703125,595.6796264648438,484.69329833984375,634.818115234375,472.43896484375,605.7825317382812,478.22259521484375,632.7706909179688,478.41619873046875,591.4778442382812,508.8841552734375,648.1561889648438,511.15777587890625,579.9965209960938,541.6820068359375,661.719482421875,545.8289794921875
616.0430297851562,416.6852111816406,615.0762329101562,413.4394226074219,618.1237182617188,413.334716796875,612.434326171875,416.18231201171875,630.1998291015625,416.0835876464844,608.3391723632812,434.8685302734375,639.249267578125,438.0347900390625,612.9639282226562,461.6559753417969,649.3031005859375,464.5803527832031,608.4373168945312,483.6136779785156,638.0250244140625,477.88702392578125,612.5811157226562,482.6629333496094,638.0157470703125,484.96429443359375,596.3992919921875,510.081787109375,654.39453125,516.294921875,580.6878662109375,541.2017211914062,664.0712890625,553.775634765625
623.501708984375,421.1751708984375,623.185791015625,418.1152648925781,625.9791259765625,417.76318359375,621.5916137695312,420.34539794921875,637.803955078125,420.13226318359375,616.4346313476562,437.8127746582031,646.1453247070312,442.0412292480469,620.1082763671875,463.16937255859375,657.9947509765625,467.2424011230469,612.3460693359375,483.9776916503906,646.2946166992188,476.7584533691406,619.6762084960938,487.8368835449219,644.234619140625,490.53692626953125,600.1005249023438,515.93408203125,658.5799560546875,523.5726928710938,581.729736328125,544.56201171875,664.960693359375,559.900634765625
628.0957641601562,422.0653381347656,628.5344848632812,419.4161682128906,631.1845703125,418.7446594238281,630.1465454101562,422.24127197265625,644.675537109375,421.4585876464844,625.5380249023438,440.2138366699219,654.0863037109375,443.5381164550781,623.777099609375,466.0986633300781,668.804931640625,467.8769226074219,606.3682250976562,486.4568786621094,655.6343994140625,470.44610595703125,627.328857421875,490.32452392578125,650.9343872070312,491.8902587890625,605.6824340820312,514.7811279296875,664.1325073242188,521.9449462890625,584.5634765625,545.8567504882812,669.8184814453125,560.1551513671875
638.919677734375,421.5284423828125,638.546630859375,418.6214904785156,640.80322265625,418.2821350097656,636.3923950195312,421.4698181152344,650.7565307617188,421.3807678222656,628.6517333984375,439.9859619140625,659.7048950195312,444.0062561035156,623.550537109375,467.1144714355469,675.6817626953125,469.77001953125,604.1539306640625,488.91827392578125,662.3226318359375,473.431884765625,630.10107421875,490.638427734375,654.879638671875,492.62860107421875,612.4581298828125,515.15234375,671.09619140625,522.6246337890625,589.5066528320312,544.511962890625,672.96533203125,558.4359130859375
646.72216796875,421.63763427734375,645.4297485351562,418.5240173339844,647.9798583984375,418.49542236328125,641.007568359375,421.1604919433594,656.2427978515625,421.3502197265625,632.2518310546875,440.2182312011719,665.5220336914062,441.92218017578125,621.7315673828125,466.3187255859375,678.8074340820312,465.64984130859375,606.7400512695312,487.4771728515625,671.298095703125,474.57940673828125,632.7989501953125,492.15087890625,658.50927734375,492.934814453125,618.3826904296875,516.3721313476562,675.3425903320312,520.347900390625,594.9641723632812,547.750732421875,674.7106323242188,554.2930908203125
646.7210083007812,421.5885925292969,645.433349609375,418.4782409667969,647.9780883789062,418.4468688964844,641.0087280273438,421.1321105957031,656.2349243164062,421.3149108886719,632.2532348632812,440.20513916015625,665.5218505859375,441.91644287109375,621.73486328125,466.295654296875,678.8218994140625,465.66717529296875,606.7307739257812,487.4623107910156,671.3472900390625,474.6834716796875,632.8701171875,492.07232666015625,658.5762329101562,492.85772705078125,618.2621459960938,516.344970703125,675.2073364257812,520.3189697265625,594.9725952148438,547.76611328125,674.7137451171875,554.3041381835938
649.6790161132812,421.5870361328125,648.90771484375,418.40008544921875,651.5106811523438,418.4673156738281,645.7835083007812,421.2958984375,661.6885375976562,422.0322570800781,635.8922729492188,439.7964172363281,671.3103637695312,443.617919921875,622.0811767578125,463.5262451171875,682.9110107421875,467.7073059082031,607.72314453125,481.4021911621094,675.8726196289062,475.3763122558594,639.1434936523438,489.80859375,666.0031127929688,491.54425048828125,623.7293701171875,516.174072265625,680.9863891601562,521.5101928710938,600.6775512695312,550.2594604492188,680.4575805664062,558.713623046875
656.7205200195312,422.9868469238281,655.2136840820312,419.37347412109375,657.64794921875,419.6204528808594,650.0399169921875,421.8960266113281,665.5927734375,422.4752197265625,641.64794921875,440.2096862792969,676.4006958007812,443.3080749511719,629.640625,463.5242919921875,688.7191162109375,468.5571594238281,616.2645263671875,476.7406311035156,682.476318359375,478.81878662109375,645.5608520507812,488.5892333984375,671.6160278320312,490.2967529296875,631.36181640625,514.3355102539062,686.115478515625,518.6099243164062,607.9010620117188,550.0982055664062,682.2356567382812,558.0864868164062
661.1619873046875,423.16546630859375,659.630859375,419.8191833496094,662.4789428710938,419.66717529296875,653.5034790039062,422.5509033203125,671.1844482421875,422.3450927734375,642.847412109375,441.77984619140625,680.1141357421875,444.1736755371094,630.791748046875,462.4355773925781,694.0946044921875,470.28851318359375,619.9551391601562,477.9846496582031,689.119384765625,486.22637939453125,646.2392578125,489.588134765625,674.6950073242188,490.49774169921875,633.2467041015625,517.6121215820312,691.8430786132812,520.4003295898438,613.6032104492188,554.3626708984375,698.7109375,558.214599609375
665.98876953125,423.8092041015625,664.766845703125,420.68115234375,666.8001098632812,420.6333923339844,659.5516967773438,423.9822082519531,675.1546630859375,423.85760498046875,649.7991943359375,445.1049499511719,683.8552856445312,445.63311767578125,634.3101196289062,465.993408203125,693.9572143554688,472.32171630859375,622.7222290039062,478.79345703125,691.466796875,491.8306884765625,649.6101684570312,491.54302978515625,677.197021484375,491.37542724609375,634.8670654296875,522.0546264648438,699.1597290039062,522.166748046875,616.6842651367188,559.7760620117188,712.6129760742188,559.277587890625
672.859619140625,428.423095703125,670.264892578125,425.0123596191406,673.2906494140625,425.25250244140625,662.164306640625,428.4508056640625,680.5909423828125,428.3719177246094,654.9354248046875,449.9821472167969,689.0626220703125,450.0097351074219,642.6348876953125,471.38580322265625,698.75927734375,475.301513671875,631.4874267578125,482.94476318359375,693.4840087890625,491.222900390625,654.36669921875,497.29638671875,682.4609985351562,497.26019287109375,640.3939819335938,523.5963745117188,706.3014526367188,523.4625854492188,624.46142578125,562.2759399414062,725.5606689453125,561.4841918945312
672.8507690429688,428.3910827636719,670.2493286132812,424.9815673828125,673.2811889648438,425.2216796875,662.15771484375,428.4330749511719,680.5882568359375,428.34771728515625,654.9701538085938,449.9787902832031,689.0717163085938,449.9952392578125,642.7041625976562,471.3809509277344,698.7868041992188,475.295654296875,631.4998779296875,482.9765319824219,693.5299682617188,491.2725830078125,654.4041748046875,497.29937744140625,682.4779052734375,497.25750732421875,640.4266967773438,523.56982421875,706.3021240234375,523.4281005859375,624.4415893554688,562.2807006835938,725.5037841796875,561.468017578125
673.899658203125,432.7462158203125,672.072021484375,429.363525390625,674.035400390625,429.38525390625,665.4814453125,432.62054443359375,681.9683837890625,432.0662536621094,658.377197265625,455.423583984375,690.71826171875,453.614990234375,646.5908813476562,480.62750244140625,699.0347290039062,481.2646179199219,637.048583984375,493.78564453125,692.6756591796875,497.939453125,659.8517456054688,503.4188232421875,688.3722534179688,502.1407470703125,640.882080078125,534.575439453125,715.6160888671875,532.5606079101562,627.7877197265625,573.1160888671875,745.3900146484375,568.3428955078125
667.3333129882812,441.03741455078125,667.0130615234375,437.88006591796875,669.327880859375,437.546875,666.4803466796875,441.3776550292969,683.068115234375,440.425048828125,661.0716552734375,464.2466125488281,694.8519287109375,462.3734130859375,650.6583862304688,492.05096435546875,702.8980712890625,488.097412109375,639.4290161132812,511.29833984375,693.80712890625,500.905517578125,665.9888916015625,513.76611328125,695.3760375976562,512.5802612304688,643.5986938476562,538.7462158203125,720.707275390625,538.5394287109375,631.72412109375,575.6932373046875,750.2118530273438,574.9284057617188
664.7904052734375,451.52978515625,664.2388305664062,448.0942077636719,665.9778442382812,447.96063232421875,664.3193359375,449.7643737792969,679.3936767578125,448.9390869140625,663.1621704101562,469.9691162109375,693.666259765625,467.88787841796875,660.189453125,496.4320068359375,698.1973266601562,494.26348876953125,652.6437377929688,515.9454956054688,683.188232421875,512.3343505859375,672.5675048828125,518.2622680664062,699.5780639648438,516.7169189453125,645.9171752929688,540.65576171875,717.195556640625,539.2843017578125,637.5703125,579.1524658203125,743.468017578125,575.5780639648438
654.9940795898438,457.0919494628906,655.5628662109375,454.0848388671875,657.4280395507812,453.23345947265625,659.7459716796875,456.3941650390625,673.4468994140625,453.7042236328125,663.3778686523438,474.6722412109375,685.3646240234375,472.03643798828125,664.3353881835938,500.78045654296875,688.7084350585938,498.58251953125,652.9000244140625,524.2125854492188,670.6018676757812,518.658203125,678.2874145507812,518.6678466796875,700.7998657226562,516.9481811523438,645.533203125,541.4276733398438,717.99560546875,540.7875366210938,632.5768432617188,577.6748046875,750.0601196289062,575.614990234375
647.32421875,462.1742858886719,647.7290649414062,458.898681640625,648.9763793945312,458.658935546875,653.3594360351562,459.8483581542969,665.097412109375,458.3495788574219,661.5219116210938,476.4217224121094,679.1326293945312,473.81146240234375,663.6146240234375,502.397705078125,677.2081298828125,499.4443359375,654.8751220703125,525.5547485351562,657.1443481445312,520.0586547851562,681.3834228515625,517.6129150390625,701.0028686523438,515.846435546875,645.6177368164062,543.0269775390625,713.95263671875,541.3385009765625,634.5785522460938,580.6278076171875,746.6820678710938,575.8455200195312
647.299560546875,462.16094970703125,647.7205200195312,458.89239501953125,648.9530029296875,458.6439514160156,653.3767700195312,459.84698486328125,665.057373046875,458.32525634765625,661.5288696289062,476.425537109375,679.0741577148438,473.7586669921875,663.5720825195312,502.45135498046875,677.0806274414062,499.36566162109375,654.830322265625,525.6218872070312,657.02001953125,520.0220947265625,681.3818969726562,517.5579833984375,700.95751953125,515.7646484375,645.5513305664062,542.93408203125,713.8412475585938,541.20458984375,634.59716796875,580.5213623046875,746.6403198242188,575.6951904296875
637.473876953125,466.2535400390625,638.0697021484375,462.9905090332031,638.5084838867188,462.877197265625,644.7180786132812,463.40924072265625,652.9741821289062,462.05450439453125,655.5742797851562,478.519287109375,667.455810546875,475.2646484375,661.3406982421875,502.33587646484375,665.6939697265625,498.206787109375,659.5587158203125,527.6776733398438,651.4829711914062,521.4495239257812,679.3035278320312,515.0054931640625,695.1270141601562,513.1201171875,643.9127807617188,545.2044067382812,708.188232421875,542.3745727539062,634.6030883789062,581.3805541992188,743.14501953125,574.1881103515625
624.57177734375,466.6991271972656,626.258056640625,463.4285583496094,625.6727905273438,463.7998046875,635.9876098632812,464.2767028808594,637.2057495117188,465.1063232421875,653.595947265625,477.285400390625,645.98974609375,480.5857849121094,669.5430297851562,501.12579345703125,636.9448852539062,504.19403076171875,669.8637084960938,523.5280151367188,620.8500366210938,523.40185546875,687.4144287109375,514.9432983398438,687.0940551757812,517.147216796875,661.4494018554688,541.0347290039062,686.965576171875,544.5816650390625,669.3908081054688,570.4694213867188,715.80029296875,573.4988403320312
617.9060668945312,466.79400634765625,620.1963500976562,463.8403015136719,618.8264770507812,463.9043884277344,632.0400390625,463.6041259765625,628.7024536132812,463.796875,650.808837890625,476.0471496582031,636.7346801757812,479.6385803222656,668.9288330078125,497.03546142578125,629.9187622070312,502.950927734375,664.4878540039062,520.0672607421875,612.4375610351562,524.1973266601562,686.068603515625,512.7813110351562,671.1414794921875,515.1763916015625,704.3090209960938,537.9703979492188,638.4171142578125,541.8102416992188,749.7659912109375,567.599853515625,637.15478515625,571.8546752929688
610.7609252929688,468.61370849609375,612.7855834960938,465.40374755859375,610.2752685546875,465.1587219238281,622.057861328125,465.1161193847656,621.956298828125,463.9142150878906,637.0846557617188,478.24078369140625,636.9791259765625,476.0997009277344,653.8997192382812,494.9713134765625,633.8030395507812,496.073486328125,654.533203125,510.84417724609375,614.7269897460938,522.4906616210938,668.8646240234375,511.927978515625,677.6094360351562,511.2977294921875,631.5885620117188,540.5677490234375,696.4154052734375,538.0098266601562,632.2916259765625,572.6329345703125,747.189697265625,565.15576171875
603.2501220703125,466.9256286621094,605.4202270507812,463.80230712890625,602.6357421875,463.423583984375,615.4390258789062,464.16900634765625,614.7063598632812,462.4290771484375,631.3092041015625,478.00726318359375,630.5662841796875,474.1172180175781,648.3522338867188,493.98724365234375,628.6185913085938,493.13037109375,650.2877197265625,505.195556640625,611.6051635742188,519.6574096679688,664.553955078125,511.0966796875,672.0496215820312,509.64044189453125,629.2293701171875,541.1813354492188,689.804931640625,536.84765625,632.6799926757812,572.3298950195312,739.9344482421875,561.8016967773438
603.30322265625,466.8763122558594,605.4594116210938,463.7694091796875,602.6992797851562,463.391845703125,615.4507446289062,464.161376953125,614.732177734375,462.43548583984375,631.3705444335938,477.97894287109375,630.5068359375,474.1378479003906,648.9586181640625,493.7784423828125,628.663818359375,493.0230712890625,651.6565551757812,505.03131103515625,611.8763427734375,519.519287109375,664.5376586914062,510.952392578125,671.971435546875,509.53009033203125,629.2870483398438,541.1776123046875,689.7633666992188,536.8847045898438,632.7864990234375,572.3052978515625,739.8792724609375,561.8558959960938
601.2415161132812,465.721435546875,603.752685546875,462.3641357421875,601.1638793945312,463.0259094238281,615.9443969726562,461.29315185546875,610.347412109375,463.0936584472656,634.320068359375,471.4540710449219,620.2784423828125,478.0594482421875,663.1265869140625,485.1834411621094,614.8225708007812,501.8211669921875,678.9766845703125,499.215087890625,600.9541015625,525.2440795898438,665.2833251953125,505.39788818359375,659.0857543945312,509.24688720703125,657.107177734375,534.2932739257812,664.6801147460938,538.1697387695312,681.3970947265625,563.95751953125,696.2498779296875,566.2115478515625
596.9840698242188,461.4736022949219,599.21875,458.34124755859375,597.2114868164062,458.19952392578125,610.86328125,457.54034423828125,608.3558959960938,456.75823974609375,629.7655639648438,469.52008056640625,620.0143432617188,469.9188537597656,657.1959228515625,484.8031921386719,614.8466796875,492.10040283203125,671.548095703125,496.81640625,600.2940063476562,521.4541015625,660.5571899414062,503.228271484375,661.9097900390625,504.171630859375,630.5153198242188,535.19140625,678.8264770507812,534.2465209960938,636.33154296875,569.5860595703125,723.8683471679688,564.2501220703125
594.57861328125,459.57373046875,597.3095703125,456.404052734375,594.5818481445312,455.7198486328125,608.9815063476562,455.8492431640625,606.37548828125,453.3618469238281,625.478271484375,468.7710876464844,619.819580078125,464.5733642578125,641.3816528320312,487.5948486328125,617.4591064453125,485.3658142089844,640.188720703125,499.8529052734375,605.0088500976562,513.5169067382812,657.1018676757812,503.32696533203125,659.1778564453125,501.9893798828125,628.8255004882812,535.6718139648438,671.6881713867188,531.8624877929688,636.498779296875,570.8624267578125,713.1615600585938,561.6494750976562
593.71533203125,457.0978698730469,595.0162963867188,453.4076843261719,593.4022216796875,453.21942138671875,603.9580078125,451.7264404296875,606.0846557617188,449.9852294921875,621.146728515625,464.43365478515625,620.9698486328125,459.981689453125,630.72412109375,486.1507873535156,623.2188110351562,480.6828918457031,621.8260498046875,502.98248291015625,610.4251098632812,504.98699951171875,654.0863647460938,501.4119873046875,658.8309326171875,500.00408935546875,627.7628173828125,535.1919555664062,667.7935791015625,531.8425903320312,629.8988647460938,572.6500244140625,702.6442260742188,564.0391845703125
593.0132446289062,455.89776611328125,595.0601806640625,452.06817626953125,591.9212646484375,451.70989990234375,605.1244506835938,449.9064636230469,601.8721313476562,447.8369445800781,621.51953125,462.664794921875,617.9630126953125,456.82952880859375,637.4799194335938,487.24322509765625,620.8771362304688,477.8321533203125,636.70263671875,504.74853515625,612.93603515625,501.86212158203125,656.363525390625,496.1187744140625,657.2462768554688,493.82037353515625,632.2935791015625,531.4408569335938,656.1316528320312,526.559326171875,640.3731079101562,573.1480712890625,681.80810546875,562.4445190429688
593.1027221679688,455.99090576171875,595.1619262695312,452.17669677734375,592.017822265625,451.7838134765625,605.1845703125,450.00238037109375,601.9317016601562,447.84088134765625,621.4558715820312,462.7324523925781,617.9805297851562,456.7088623046875,637.2160034179688,487.3064880371094,620.8619384765625,477.62774658203125,636.3843994140625,504.6402587890625,612.9522094726562,501.69659423828125,656.2836303710938,496.04498291015625,657.1715698242188,493.64703369140625,632.3333129882812,531.3712768554688,655.906494140625,526.334716796875,640.380126953125,572.9288940429688,681.2842407226562,561.990234375
591.225830078125,453.34527587890625,592.3677978515625,449.957275390625,590.765869140625,449.67962646484375,600.760009765625,448.46356201171875,598.7666015625,446.5620422363281,619.8763427734375,459.9406433105469,612.4569091796875,454.1401672363281,639.0768432617188,483.32293701171875,615.744384765625,465.5449523925781,643.9140625,509.29962158203125,608.1607666015625,474.64495849609375,657.9237670898438,490.65435791015625,655.5343627929688,488.537109375,635.9304809570312,528.4495849609375,648.1416625976562,525.001708984375,641.7240600585938,571.9727172851562,666.8250732421875,562.9843139648438
590.1270141601562,447.5146179199219,591.7362060546875,444.0576477050781,589.7260131835938,443.8569641113281,601.40576171875,443.5645446777344,596.6580200195312,442.3716735839844,621.7100830078125,456.2593994140625,609.0088500976562,450.9317932128906,640.2879028320312,479.9440612792969,605.7625122070312,459.9258117675781,637.0581665039062,508.3878173828125,594.0198974609375,462.09393310546875,659.172119140625,490.458740234375,652.5210571289062,487.8912048339844,634.740478515625,527.5287475585938,639.3681640625,525.3663330078125,642.7662353515625,570.9784545898438,655.5037231445312,565.8729248046875
589.0001831054688,443.8478698730469,591.51318359375,440.5168151855469,588.6263427734375,439.66412353515625,602.2525024414062,440.5349426269531,596.3384399414062,437.5805969238281,619.9696044921875,454.9399108886719,608.4594116210938,446.929443359375,639.030029296875,482.0002136230469,605.5877075195312,459.20068359375,636.314208984375,505.0513916015625,596.9341430664062,470.5333557128906,652.2376708984375,490.81768798828125,646.9342041015625,487.3576354980469,626.8245239257812,530.330322265625,635.2084350585938,525.8706665039062,634.173828125,574.7072143554688,651.041015625,566.279541015625
589.5538330078125,439.5910949707031,591.1717529296875,436.505615234375,589.5941772460938,436.3507385253906,602.130126953125,436.4159851074219,598.5609130859375,435.24261474609375,621.7806396484375,450.6046142578125,609.6080932617188,442.00494384765625,633.3939819335938,479.6778564453125,596.9002075195312,449.10748291015625,622.9360961914062,507.77203369140625,577.819580078125,447.6429748535156,651.0952758789062,490.609375,644.4549560546875,486.1405944824219,627.3649291992188,531.8228149414062,625.5671997070312,528.0371704101562,634.521240234375,578.8209838867188,636.0264892578125,573.2569580078125
590.7286376953125,435.87322998046875,592.469970703125,432.7574462890625,590.6041259765625,432.44598388671875,603.2308349609375,432.69573974609375,599.284423828125,431.0789794921875,621.5016479492188,447.3954162597656,610.4050903320312,438.4646911621094,631.631103515625,476.7657775878906,599.8707885742188,447.6628112792969,619.8912963867188,501.675048828125,581.64501953125,448.8275451660156,647.5386962890625,488.41082763671875,641.52734375,483.6658630371094,625.8082885742188,530.9801635742188,623.7755126953125,526.355712890625,630.2899169921875,578.9342041015625,631.5660400390625,571.9765014648438
590.7443237304688,435.882080078125,592.491455078125,432.7636413574219,590.6253051757812,432.44677734375,603.24951171875,432.6943054199219,599.33740234375,431.0623779296875,621.448486328125,447.39306640625,610.5247802734375,438.4923095703125,631.5142822265625,476.8250732421875,600.29150390625,447.86773681640625,619.915283203125,501.88116455078125,582.212646484375,449.18023681640625,647.5595703125,488.46124267578125,641.6531372070312,483.7344970703125,625.7879638671875,531.032470703125,623.8572998046875,526.4402465820312,630.3483276367188,578.975341796875,631.7197875976562,572.068115234375
591.692138671875,433.8235778808594,593.3365478515625,430.6815490722656,591.544921875,430.44830322265625,603.7881469726562,430.7535400390625,600.2529907226562,429.4237976074219,621.746826171875,445.8138732910156,610.85986328125,438.00750732421875,632.2246704101562,474.447998046875,603.4187622070312,448.8951110839844,619.7131958007812,498.2548828125,587.0398559570312,451.0640563964844,644.001708984375,488.55047607421875,638.0183715820312,484.30523681640625,626.6358032226562,531.9591064453125,623.6770629882812,527.8130493164062,629.7975463867188,579.28369140625,630.3692016601562,572.8443603515625
592.6356201171875,431.35272216796875,593.8934936523438,428.0681457519531,592.0877075195312,428.1281433105469,603.1802368164062,428.07244873046875,599.864013671875,427.51458740234375,621.163818359375,443.9730529785156,609.7907104492188,437.1331481933594,632.171875,472.761474609375,602.341552734375,448.1173095703125,619.2135009765625,498.6607666015625,586.294921875,449.85430908203125,642.3873901367188,488.0023193359375,636.1619262695312,484.2919921875,627.01611328125,531.072021484375,623.7435913085938,527.6690673828125,629.9420166015625,577.17236328125,630.6278076171875,571.5383911132812
594.2734985351562,428.6224365234375,596.2854614257812,425.0930480957031,593.1317138671875,425.2058410644531,606.1655883789062,425.0288391113281,598.6328735351562,424.99658203125,621.94189453125,441.3599853515625,608.540283203125,435.84246826171875,633.0267333984375,469.7843322753906,599.5467529296875,445.9500427246094,619.3709106445312,497.015625,581.6596069335938,445.52362060546875,641.2267456054688,485.99920654296875,633.671142578125,482.99053955078125,627.0682983398438,528.9737548828125,623.6018676757812,526.958251953125,631.2682495117188,574.5045166015625,630.2809448242188,571.448974609375
594.3914794921875,426.878662109375,596.6470947265625,423.44500732421875,593.4701538085938,423.4289855957031,607.0208740234375,423.8417663574219,598.8003540039062,423.63885498046875,622.5209350585938,440.7077941894531,607.8994750976562,434.835693359375,634.4276733398438,467.9740295410156,595.6033325195312,442.4775085449219,619.5648803710938,494.41973876953125,575.5826416015625,440.2842102050781,640.0385131835938,485.2701416015625,631.9089965820312,482.13189697265625,626.6990356445312,527.9549560546875,623.967041015625,525.9537963867188,631.3426513671875,573.037841796875,631.4168090820312,570.3424072265625
