x0,y0,x1,y1,x2,y2,x3,y3,x4,y4,x5,y5,x6,y6,x7,y7,x8,y8,x9,y9,x10,y10,x11,y11,x12,y12,x13,y13,x14,y14,x15,y15,x16,y16
956.582275390625,377.20306396484375,959.9091796875,372.726318359375,954.2374267578125,373.6035461425781,970.434814453125,373.3118591308594,953.5263061523438,376.0776672363281,985.6754150390625,392.68634033203125,950.776611328125,396.3340759277344,1003.142822265625,415.1089782714844,930.873291015625,415.92974853515625,984.9901123046875,418.8570556640625,925.75146484375,411.9912109375,979.754150390625,457.835205078125,958.8539428710938,459.0702209472656,975.4149169921875,509.8265075683594,964.635009765625,511.83319091796875,979.6071166992188,558.840576171875,975.4334106445312,560.967529296875
957.37841796875,375.9449462890625,960.8435668945312,371.6791076660156,954.9422607421875,372.28778076171875,970.510986328125,373.04779052734375,953.3651123046875,374.9365539550781,982.7286376953125,393.76806640625,949.1326904296875,395.498779296875,1000.6510009765625,417.71038818359375,928.3416137695312,413.24798583984375,992.6336669921875,426.83404541015625,925.605712890625,406.8028564453125,975.3267822265625,457.6734924316406,955.32666015625,458.59130859375,973.6279907226562,508.5163879394531,963.8790893554688,510.8238525390625,979.3687744140625,555.7322387695312,974.0789794921875,559.2283935546875
958.0938720703125,375.29345703125,961.60986328125,371.16302490234375,955.3070068359375,371.3698425292969,970.3570556640625,372.66375732421875,953.154541015625,373.31756591796875,980.6923828125,394.0564270019531,949.8619995117188,393.0870361328125,996.3487548828125,417.8279113769531,931.108642578125,409.58831787109375,990.9593505859375,422.6922912597656,921.873291015625,406.7293701171875,975.6307983398438,457.01531982421875,957.5965576171875,456.63873291015625,974.341064453125,507.44476318359375,966.3985595703125,507.2580871582031,978.2686157226562,555.18017578125,974.4913330078125,555.15771484375
956.6796875,375.06182861328125,960.0228881835938,370.6861267089844,954.0594482421875,371.09710693359375,969.07666015625,371.5028076171875,952.7166137695312,372.6781311035156,979.9842529296875,392.32330322265625,950.6973876953125,391.98779296875,996.1199951171875,418.85675048828125,934.5577392578125,409.83154296875,991.3338623046875,426.7449951171875,927.560791015625,403.25018310546875,975.8113403320312,454.2208557128906,958.762451171875,454.2030029296875,973.765380859375,505.70452880859375,966.9036254882812,506.51708984375,977.9221801757812,554.4013671875,975.286376953125,556.1886596679688
957.4456787109375,372.587890625,961.7279663085938,367.3150634765625,953.7408447265625,367.8299560546875,971.1126708984375,368.236572265625,948.757568359375,369.75,983.5689697265625,391.80126953125,946.663818359375,393.0242614746094,997.6723022460938,418.7457275390625,934.188720703125,418.17291259765625,995.0645141601562,433.17669677734375,927.7310791015625,431.5223693847656,979.7462158203125,455.08880615234375,957.166259765625,455.13580322265625,976.930908203125,506.6241455078125,964.4989013671875,506.4241943359375,981.7531127929688,556.2939453125,974.137939453125,554.817626953125
957.4780883789062,374.5697021484375,961.9222412109375,369.7275695800781,953.9141845703125,369.75677490234375,970.5955810546875,371.7381591796875,948.8845825195312,371.54302978515625,981.2532348632812,394.9067687988281,944.786865234375,394.16796875,994.7117919921875,420.5175476074219,931.7532958984375,417.8702087402344,992.296142578125,430.93377685546875,927.5308837890625,428.5791015625,979.122802734375,455.87408447265625,956.6358642578125,455.41845703125,978.585693359375,505.506591796875,965.8665161132812,504.9745788574219,984.4638061523438,554.1036376953125,976.8216552734375,552.415283203125
956.385498046875,374.34979248046875,960.7423095703125,369.5398864746094,952.920166015625,369.5109558105469,968.8097534179688,371.53448486328125,947.9969482421875,371.22747802734375,978.5341796875,394.7354736328125,944.5918579101562,394.2177734375,991.1376342773438,423.06280517578125,934.3228759765625,421.09320068359375,989.6958618164062,440.8715515136719,931.2550048828125,438.83380126953125,977.578125,455.36541748046875,956.6453247070312,455.08575439453125,979.3216552734375,505.35528564453125,967.254150390625,505.07440185546875,986.5318603515625,554.7650146484375,979.4360961914062,553.2891845703125
953.8984375,376.99200439453125,958.21875,372.1378173828125,950.736083984375,372.0958251953125,966.4244384765625,373.9208984375,946.2657470703125,373.71856689453125,975.6143188476562,397.7152404785156,944.3160400390625,397.41058349609375,987.2993774414062,428.974365234375,935.5865478515625,427.09088134765625,986.5413818359375,456.11822509765625,929.9529418945312,453.81231689453125,974.1728515625,458.4533386230469,954.89697265625,458.132568359375,975.5681762695312,508.3008728027344,964.9136352539062,508.06390380859375,983.9337158203125,556.4774780273438,977.7881469726562,554.9024047851562
953.3388061523438,378.41778564453125,957.5447387695312,373.8802490234375,949.6074829101562,373.82965087890625,965.9766845703125,376.04779052734375,944.7298583984375,376.1417541503906,974.2033081054688,401.5046081542969,942.8966064453125,399.73016357421875,988.0426025390625,435.5523376464844,931.8018798828125,424.18756103515625,985.2691040039062,466.5418701171875,929.3231201171875,440.5503845214844,971.0108642578125,457.81927490234375,952.6864013671875,457.63525390625,967.578369140625,510.34674072265625,962.5340576171875,510.3904724121094,975.6904296875,559.4393310546875,979.3048095703125,559.0989990234375
951.2008056640625,380.94659423828125,955.2445068359375,376.12554931640625,946.425048828125,376.2875061035156,962.4871215820312,378.7733459472656,939.7377319335938,379.3032531738281,971.445556640625,405.5375061035156,938.8895263671875,405.3714599609375,986.6427612304688,439.69158935546875,929.4915161132812,433.91851806640625,982.7216796875,474.36627197265625,924.4271850585938,461.52056884765625,975.025634765625,462.3615417480469,956.5736083984375,462.82257080078125,965.3994140625,512.2184448242188,963.3558349609375,512.56396484375,971.2913818359375,559.504150390625,982.8062744140625,559.1798706054688
947.3860473632812,388.04205322265625,951.25439453125,382.51153564453125,943.1697998046875,383.6769104003906,960.0802001953125,383.2239990234375,939.05322265625,386.46795654296875,971.955322265625,407.8365783691406,940.5521850585938,411.19219970703125,983.6292724609375,439.3243103027344,931.0003662109375,441.807861328125,983.6661376953125,474.6649475097656,921.4658203125,475.41314697265625,974.1992797851562,467.338623046875,955.2896728515625,468.2590026855469,970.68994140625,512.96240234375,961.5594482421875,513.5328369140625,976.33544921875,557.806884765625,971.9379272460938,556.89013671875
943.764892578125,386.9857177734375,948.085693359375,382.68267822265625,940.1742553710938,382.604736328125,956.7784423828125,385.4844970703125,937.2013549804688,385.57574462890625,966.87353515625,409.0245361328125,938.1384887695312,409.4344482421875,985.0687866210938,443.09918212890625,931.495849609375,440.133056640625,986.75244140625,477.4787292480469,924.7091674804688,467.4535217285156,973.5924682617188,463.79815673828125,958.176025390625,464.2257080078125,955.9231567382812,509.26544189453125,957.49072265625,510.28369140625,966.2682495117188,554.4955444335938,983.184326171875,556.1658935546875
941.8426513671875,389.93939208984375,945.7351684570312,386.00537109375,938.337646484375,386.0927734375,953.3897094726562,389.70745849609375,935.5159912109375,390.15972900390625,964.00439453125,412.786376953125,935.4212036132812,414.6036071777344,985.095947265625,442.0662841796875,929.9261474609375,443.0982666015625,996.1943359375,473.25335693359375,924.2532958984375,468.61761474609375,973.22119140625,465.3489990234375,957.8582763671875,466.7340087890625,957.7073364257812,509.1829833984375,957.0799560546875,511.259765625,969.3722534179688,552.3453369140625,982.7496337890625,555.3588256835938
938.2267456054688,397.47723388671875,941.4241333007812,391.99371337890625,934.2584228515625,393.38702392578125,950.23095703125,391.723388671875,931.312744140625,395.74212646484375,964.7283935546875,412.3614807128906,933.9907836914062,417.8468017578125,986.4407958984375,438.3819580078125,929.81298828125,447.01458740234375,994.8096313476562,470.4394226074219,925.197998046875,473.8648681640625,968.9715576171875,468.62957763671875,950.8251953125,470.3326416015625,964.2171630859375,511.83685302734375,955.8763427734375,513.230224609375,968.5764770507812,556.8517456054688,964.7070922851562,557.2801513671875
935.3697509765625,399.01995849609375,938.423583984375,393.655517578125,931.5728759765625,394.98150634765625,947.0450439453125,393.36572265625,928.6536254882812,397.17352294921875,961.8157958984375,413.2497253417969,930.6064453125,418.75311279296875,984.6380615234375,438.096435546875,927.3056030273438,447.37115478515625,994.47216796875,469.5958557128906,924.6480102539062,473.34075927734375,966.6681518554688,466.78851318359375,948.3023681640625,468.6298828125,960.92431640625,509.91412353515625,952.037109375,511.43255615234375,965.2066650390625,555.8980712890625,960.7476196289062,556.6185302734375
932.5347900390625,397.5191650390625,936.3507080078125,393.310302734375,929.362548828125,393.68255615234375,945.4158935546875,395.05731201171875,928.4520263671875,396.32110595703125,958.25732421875,414.5127868652344,931.6427001953125,418.2201232910156,987.1268310546875,440.69183349609375,929.6602783203125,444.2152404785156,1006.85888671875,472.00927734375,922.9376220703125,462.98077392578125,968.9644775390625,465.345458984375,955.0556030273438,467.3770751953125,947.3515625,506.1367492675781,947.0311889648438,509.8034362792969,956.5343017578125,550.8182373046875,968.3355102539062,556.4794921875
930.8021240234375,398.26226806640625,934.1846923828125,393.82257080078125,926.7239990234375,394.755126953125,942.44482421875,395.062744140625,924.34912109375,397.5694885253906,956.1575927734375,413.3147277832031,928.3785400390625,419.1517639160156,987.23095703125,436.93353271484375,927.4169311523438,445.3409729003906,1009.708740234375,465.43170166015625,921.8373413085938,463.92047119140625,968.9708251953125,462.33172607421875,953.7391357421875,465.30230712890625,948.3895263671875,504.71673583984375,942.7884521484375,508.9541015625,958.6683349609375,551.8628540039062,961.5919189453125,557.55615234375
926.7431640625,398.5807800292969,929.4046630859375,393.42352294921875,921.2078247070312,395.103515625,936.67919921875,394.6937255859375,915.99560546875,398.9305419921875,953.54736328125,415.8146667480469,922.2485961914062,423.837890625,987.89794921875,436.7650146484375,922.989990234375,450.1766357421875,1006.4466552734375,462.15887451171875,919.2387084960938,469.1444091796875,970.58544921875,460.6848449707031,952.0764770507812,464.48919677734375,951.6121215820312,503.47650146484375,939.035400390625,507.29931640625,960.554443359375,554.88330078125,953.0452880859375,558.14892578125
925.56005859375,398.27203369140625,927.7008056640625,393.17431640625,920.1910400390625,394.970458984375,933.8994140625,394.203369140625,915.2537841796875,398.66510009765625,950.6527099609375,414.83642578125,920.575927734375,423.1167297363281,985.2775268554688,435.04046630859375,920.2549438476562,449.6656494140625,1006.4842529296875,460.39532470703125,917.3095092773438,469.9928283691406,967.4298095703125,460.1890869140625,949.62841796875,464.2304992675781,952.151611328125,502.9772644042969,938.9329833984375,506.8629455566406,960.9794311523438,555.8450927734375,951.4063110351562,558.8397216796875
927.1575927734375,402.2458190917969,929.205810546875,397.9228820800781,923.3123779296875,399.182861328125,935.3739013671875,398.3506164550781,920.6737060546875,401.3819274902344,950.7947998046875,415.2099609375,921.8867797851562,421.54736328125,981.0421142578125,437.0892333984375,920.2789306640625,448.3482971191406,1003.4547119140625,461.2567138671875,919.5447998046875,469.1912841796875,962.8162841796875,462.8189697265625,945.8282470703125,466.08740234375,954.3429565429688,503.18133544921875,938.50927734375,506.65576171875,960.0797119140625,553.116455078125,948.4015502929688,556.0068969726562
921.7994384765625,407.6697692871094,924.083251953125,401.40362548828125,916.6663818359375,403.7436218261719,931.994140625,399.43853759765625,912.44482421875,405.8085021972656,948.3660278320312,418.2327880859375,916.3522338867188,426.5823974609375,970.4776611328125,440.35467529296875,913.9934692382812,453.95306396484375,977.5614013671875,474.1031494140625,909.1137084960938,481.38714599609375,959.938720703125,468.63592529296875,939.586669921875,471.893798828125,960.0217895507812,511.2085876464844,938.5552978515625,513.3040771484375,964.166259765625,553.5570068359375,940.807861328125,554.9666137695312
921.9122314453125,414.055419921875,923.8634033203125,407.76171875,916.7528686523438,410.0511474609375,931.783447265625,405.043212890625,912.152099609375,411.1783447265625,948.9595947265625,422.426513671875,916.58642578125,429.7880859375,967.5343017578125,444.8487548828125,912.4986572265625,455.6582336425781,969.4344482421875,477.4254455566406,905.4873046875,483.14202880859375,963.7822265625,468.445556640625,942.3411254882812,471.2489318847656,960.0113525390625,509.31805419921875,934.4672241210938,510.8301086425781,965.2740478515625,552.4139404296875,936.2215576171875,552.9591064453125
922.1356201171875,419.18634033203125,924.65185546875,413.2615966796875,917.1926879882812,415.43927001953125,933.2850341796875,411.4027404785156,912.7823486328125,417.18609619140625,950.2935791015625,430.2691955566406,914.355224609375,436.9923095703125,970.7132568359375,452.48455810546875,903.420166015625,461.8352966308594,976.0548706054688,485.36151123046875,891.56591796875,490.6797180175781,959.496826171875,477.7101745605469,936.2613525390625,480.1240234375,958.0380249023438,512.7638549804688,928.8803100585938,514.0844116210938,965.8843994140625,553.5756225585938,932.6098022460938,553.8309326171875
924.370849609375,426.23309326171875,928.1196899414062,422.222900390625,920.4864501953125,422.2620849609375,934.7294921875,424.1116943359375,914.5562744140625,424.33428955078125,944.3525390625,442.84942626953125,907.6598510742188,447.64154052734375,970.7618408203125,457.2045593261719,891.329833984375,472.8445129394531,982.35400390625,477.1646728515625,888.18408203125,496.34625244140625,948.7109375,486.7889404296875,927.0968017578125,489.69049072265625,951.7223510742188,523.0289306640625,932.8128662109375,526.6094360351562,960.4443969726562,563.0362548828125,946.51953125,567.4185791015625
926.914794921875,427.46514892578125,929.4678955078125,423.1143493652344,923.2366943359375,424.2446594238281,936.298828125,422.81915283203125,919.0123291015625,425.6466064453125,951.1734619140625,441.3554992675781,912.878662109375,446.37420654296875,978.59619140625,461.59320068359375,890.53173828125,466.051025390625,994.5279541015625,487.6231689453125,877.6492919921875,483.2608642578125,951.732666015625,486.90338134765625,927.8519287109375,490.04510498046875,958.388427734375,522.731689453125,927.8673095703125,526.8138427734375,964.65576171875,564.4387817382812,932.1849365234375,569.6700439453125
928.8167724609375,423.92578125,931.8333740234375,419.5965270996094,925.408203125,420.28582763671875,940.15869140625,420.02490234375,921.76123046875,421.582763671875,955.4210815429688,439.2419128417969,918.011474609375,442.82159423828125,983.0011596679688,461.4290771484375,906.39990234375,465.85528564453125,997.75048828125,487.72296142578125,914.02880859375,481.5229797363281,958.1092529296875,487.88739013671875,934.6605834960938,490.51904296875,964.93896484375,526.4359130859375,939.2335205078125,529.5091552734375,969.0272827148438,568.9400634765625,945.3238525390625,571.6973266601562
931.3848876953125,418.51983642578125,934.3123168945312,414.4574890136719,928.2357788085938,415.155517578125,943.216552734375,414.80950927734375,925.3313598632812,416.3653564453125,958.934326171875,434.2555847167969,921.9761962890625,434.96484375,983.391845703125,458.2364501953125,897.150634765625,448.05010986328125,995.7815551757812,483.79779052734375,888.0897216796875,452.5631103515625,964.8775634765625,480.26593017578125,942.2679443359375,481.880126953125,971.9653930664062,520.4066162109375,944.904052734375,522.7513427734375,974.3438720703125,562.6031494140625,946.2302856445312,564.921142578125
933.4144287109375,410.45037841796875,936.4564819335938,406.4541320800781,929.8951416015625,406.95501708984375,944.9080810546875,407.6988830566406,926.1068115234375,408.5038146972656,959.9379272460938,429.21728515625,922.12890625,428.31719970703125,982.166748046875,455.13433837890625,898.9124755859375,441.89764404296875,992.5523071289062,479.45068359375,892.603515625,445.748291015625,968.2451171875,477.5772705078125,944.560546875,478.49798583984375,976.19677734375,519.7191162109375,944.9371337890625,521.174072265625,977.1436157226562,562.9715576171875,943.112060546875,564.445068359375
934.7578125,410.91436767578125,938.2962646484375,406.74127197265625,931.32421875,407.0045471191406,947.8597412109375,407.8433532714844,928.07470703125,408.03900146484375,962.66259765625,430.0994567871094,925.948974609375,426.90411376953125,982.9622802734375,459.48187255859375,905.3734130859375,439.02392578125,990.2946166992188,488.0495910644531,899.2692260742188,442.6011962890625,970.2850341796875,479.2200927734375,947.0699462890625,478.864990234375,975.25,520.927734375,943.9688720703125,520.8452758789062,977.9038696289062,562.5567016601562,943.3603515625,562.0277709960938
932.7628173828125,409.2616882324219,936.087158203125,404.68414306640625,930.4527587890625,404.8636779785156,947.2982177734375,405.007080078125,927.8123779296875,405.4676513671875,965.35009765625,425.72967529296875,928.6724853515625,424.9512634277344,979.0904541015625,449.98419189453125,912.0946655273438,444.9789733886719,973.3251342773438,453.81402587890625,903.2025146484375,447.673828125,974.449462890625,482.63336181640625,950.2635498046875,481.98370361328125,972.5125732421875,527.361572265625,948.962646484375,526.208984375,981.3546752929688,569.4857788085938,955.5767822265625,565.869384765625
935.678466796875,411.74664306640625,939.5634765625,407.095458984375,932.1344604492188,407.12298583984375,949.8348999023438,407.1517639160156,929.3021850585938,406.8160400390625,964.4512939453125,430.00067138671875,930.919189453125,425.54278564453125,986.5093994140625,464.718994140625,913.702392578125,442.45355224609375,989.3010864257812,498.6961669921875,904.5526123046875,454.1512756347656,974.605224609375,482.5046081542969,953.1878662109375,480.9498596191406,971.4325561523438,528.3331298828125,942.049072265625,526.4400634765625,979.0552368164062,570.1951904296875,942.400634765625,566.7739868164062
936.204345703125,413.0430908203125,940.1689453125,408.32080078125,932.714111328125,408.4730529785156,950.7386474609375,409.340576171875,930.69189453125,409.3494873046875,964.137451171875,433.2133483886719,935.030029296875,429.591796875,980.589599609375,467.92681884765625,916.5617065429688,446.6880798339844,976.7362060546875,502.8294677734375,901.4356689453125,461.25518798828125,981.1027221679688,485.2751770019531,962.4922485351562,484.11029052734375,973.30419921875,526.8994750976562,947.3182983398438,525.733642578125,987.8338623046875,566.1781005859375,953.910888671875,564.2708129882812
935.59765625,423.4536437988281,939.2100219726562,418.8199462890625,932.611083984375,418.80242919921875,950.104248046875,419.78936767578125,932.2578125,419.14227294921875,965.334716796875,444.1874084472656,935.607421875,439.36517333984375,982.8209228515625,477.34906005859375,910.2354125976562,455.1915283203125,973.7391357421875,509.93218994140625,888.8887939453125,468.6380310058594,989.1802978515625,494.55987548828125,971.1800537109375,493.0857238769531,980.8079833984375,536.2910766601562,960.98779296875,534.6879272460938,997.8466186523438,579.4301147460938,976.97119140625,575.6912841796875
944.4324951171875,436.8095703125,947.4473876953125,432.3137512207031,942.825927734375,433.0954284667969,956.8753662109375,432.25799560546875,943.708740234375,434.6639099121094,970.8470458984375,450.8983154296875,949.259033203125,453.9735107421875,979.6690673828125,482.1579895019531,947.9017333984375,484.6976318359375,971.353271484375,513.640625,941.9196166992188,513.734375,978.33642578125,504.932373046875,963.91015625,505.6773681640625,980.72900390625,544.331787109375,961.614501953125,544.8258666992188,996.527099609375,582.0595092773438,974.0806884765625,581.095458984375
943.9189453125,437.34783935546875,948.2054443359375,432.1798095703125,939.0386962890625,432.65692138671875,958.037109375,433.04010009765625,933.4766235351562,434.1676940917969,967.6805419921875,455.7757568359375,937.2639770507812,453.62933349609375,979.9736328125,487.9827575683594,909.6564331054688,469.11822509765625,975.166259765625,528.6595458984375,877.6181030273438,477.74786376953125,991.8814697265625,498.752197265625,973.70751953125,498.2860107421875,981.7230834960938,541.5283813476562,965.6160888671875,543.248291015625,1000.0764770507812,591.5601806640625,984.46826171875,594.795166015625
944.891845703125,445.2100830078125,947.985595703125,440.03759765625,940.75927734375,441.20294189453125,957.2911376953125,439.55767822265625,937.52587890625,442.51519775390625,970.74560546875,460.6568298339844,941.398193359375,460.39288330078125,988.5778198242188,492.5711669921875,910.75634765625,476.09991455078125,984.843017578125,534.4539184570312,878.258544921875,480.9595642089844,992.1589965820312,510.86126708984375,975.124267578125,510.935302734375,984.7408447265625,555.2122802734375,970.0185546875,557.55224609375,1005.6209106445312,604.6423950195312,990.0701293945312,607.9334106445312
942.4212646484375,449.82635498046875,945.722412109375,444.8872375488281,938.984375,445.7694091796875,956.0648803710938,443.7547302246094,937.4624633789062,446.27880859375,972.930908203125,463.337646484375,941.499755859375,463.518310546875,991.1240844726562,498.05029296875,914.5709228515625,478.9998779296875,983.93798828125,528.8570556640625,881.85009765625,481.3358459472656,991.994140625,517.8753051757812,973.1618041992188,518.6435546875,983.6390380859375,564.3029174804688,965.218505859375,566.0924072265625,996.5555419921875,615.2151489257812,975.1825561523438,616.0888671875
947.2125244140625,469.4794006347656,949.65966796875,465.2579040527344,948.6424560546875,465.7187805175781,962.5413208007812,462.76055908203125,957.581298828125,464.4583740234375,980.3431396484375,476.34429931640625,966.5709228515625,478.0889892578125,992.27490234375,508.1241760253906,965.3092041015625,509.34918212890625,986.88623046875,539.7325439453125,960.317138671875,537.5182495117188,989.7813720703125,533.7040405273438,981.5867919921875,533.5391845703125,986.0169677734375,578.8475341796875,982.091552734375,578.6927490234375,995.553955078125,616.843505859375,992.2036743164062,614.5451049804688
946.6928100585938,463.64837646484375,950.134765625,458.6402893066406,944.7060546875,459.21881103515625,964.44580078125,458.2632751464844,951.6329345703125,458.9658508300781,985.1678466796875,477.0155029296875,954.9208374023438,475.2754211425781,1003.8475341796875,509.7318420410156,933.527587890625,497.52703857421875,994.1259765625,535.0236206054688,914.5029296875,500.92919921875,994.9605712890625,537.5787353515625,975.6626586914062,537.1483764648438,991.5628051757812,598.65478515625,968.5391235351562,599.767333984375,1003.48486328125,657.4217529296875,973.88232421875,657.7051391601562
953.5969848632812,471.8984375,957.0439453125,466.5968017578125,951.6600952148438,467.38787841796875,969.2671508789062,464.1881103515625,952.7039794921875,466.9332275390625,987.5657958984375,479.3852233886719,958.9447631835938,483.25714111328125,1002.8439331054688,506.29925537109375,960.6187133789062,511.0413818359375,1000.4888916015625,539.3723754882812,962.5113525390625,538.4183349609375,997.9366455078125,529.646728515625,979.16650390625,530.76904296875,993.86572265625,577.9183349609375,978.5025634765625,578.5820922851562,995.4791259765625,617.4531860351562,980.793212890625,616.5580444335938
955.8828735351562,473.02069091796875,959.0234375,467.820556640625,953.6943359375,468.9410400390625,971.0037841796875,466.6566162109375,954.67333984375,470.0559997558594,989.4342041015625,485.8154296875,958.1464233398438,489.9556884765625,1006.780029296875,512.1952514648438,955.262939453125,517.435791015625,1004.7848510742188,534.3795166015625,954.6658935546875,534.7252807617188,997.402099609375,538.9683837890625,977.3870849609375,540.2091064453125,992.3230590820312,583.1250610351562,975.843017578125,583.9059448242188,998.8953857421875,626.0458984375,983.8859252929688,624.9241943359375
964.1595458984375,474.0355224609375,966.3310546875,468.9504089355469,960.5869140625,470.1622009277344,975.0179443359375,467.4197998046875,956.260498046875,470.5794982910156,992.5667724609375,485.01165771484375,957.0159912109375,488.1938781738281,1014.1580200195312,506.508056640625,945.8106689453125,510.4688415527344,1013.6486206054688,518.201171875,935.843994140625,518.2135009765625,998.7073974609375,540.4041137695312,975.7296752929688,541.4107666015625,996.84521484375,589.3584594726562,973.8151245117188,589.4773559570312,1001.5588989257812,633.6104125976562,975.9404296875,632.46240234375
962.1796875,472.2664794921875,965.9488525390625,468.0101623535156,959.1494750976562,468.2266845703125,976.3480224609375,469.9988708496094,957.2276611328125,470.411865234375,990.5513305664062,489.4295654296875,956.13818359375,491.41448974609375,1016.335693359375,502.7647705078125,937.7086181640625,506.8609619140625,1017.5526123046875,514.7342529296875,933.7752685546875,516.2955932617188,995.8675537109375,538.747314453125,974.906005859375,539.5011596679688,990.2598266601562,581.9913330078125,968.8240966796875,582.9605102539062,994.22998046875,624.1220092773438,973.2286376953125,624.4620361328125
960.875,468.15966796875,964.9758911132812,464.33184814453125,959.4091186523438,464.0052795410156,977.4508666992188,466.1992492675781,959.9239501953125,465.7149353027344,994.05078125,483.9315185546875,958.1748046875,486.3738098144531,1023.52099609375,494.6490478515625,939.6065673828125,503.61004638671875,1017.3290405273438,497.9207763671875,933.545654296875,511.7469177246094,996.3272705078125,534.3623046875,973.9306640625,534.620361328125,991.85888671875,576.7626342773438,964.248046875,577.4052734375,996.191650390625,618.0738525390625,966.28076171875,618.6426391601562
966.6219482421875,466.2977294921875,969.6238403320312,462.04473876953125,963.2067260742188,462.8317565917969,978.68408203125,461.3946533203125,960.3333740234375,463.4186096191406,994.8850708007812,478.82879638671875,959.2523803710938,481.0142822265625,1022.7442626953125,496.228759765625,939.8538818359375,496.5611572265625,1033.08154296875,505.2668151855469,929.5555419921875,503.627685546875,995.73974609375,528.1958618164062,972.9248046875,529.0275268554688,994.064697265625,569.9609985351562,964.6287841796875,570.1791381835938,1000.5338745117188,616.1083984375,964.4652099609375,613.93310546875
964.7254638671875,458.38958740234375,968.7427978515625,454.0811462402344,962.2044677734375,454.4515686035156,980.4395751953125,455.01104736328125,961.73876953125,456.1798095703125,996.822509765625,475.2558288574219,960.7014770507812,476.8131408691406,1024.8277587890625,494.3221435546875,942.7320556640625,492.40130615234375,1043.575439453125,512.376220703125,930.587890625,501.51019287109375,996.4573974609375,527.1988525390625,973.906005859375,527.975341796875,993.2114868164062,565.6084594726562,966.5355834960938,566.72216796875,999.4393310546875,610.67822265625,969.669189453125,611.012939453125
969.001220703125,446.11761474609375,972.2023315429688,441.5250244140625,965.497314453125,442.41973876953125,980.7525634765625,442.0625,962.6163940429688,444.483642578125,996.680419921875,462.83685302734375,958.784912109375,465.79345703125,1022.531982421875,485.23004150390625,943.4638671875,486.363525390625,1045.251220703125,509.78704833984375,930.4945678710938,504.05499267578125,994.845947265625,511.658447265625,970.8896484375,513.1881103515625,992.9320678710938,556.3018798828125,964.3240966796875,557.6712036132812,999.8758544921875,606.4923706054688,970.5557861328125,606.5
972.0807495117188,437.353759765625,975.6845703125,432.57220458984375,967.7347412109375,433.4202575683594,983.673583984375,433.8928527832031,962.97802734375,436.14398193359375,997.010498046875,458.2379150390625,958.7906494140625,460.8723449707031,1020.8805541992188,484.3233947753906,943.435546875,484.95819091796875,1043.119140625,512.268798828125,931.5615234375,506.15234375,993.8801879882812,511.59881591796875,969.6181640625,512.9925537109375,991.7139892578125,556.738525390625,961.52880859375,558.0279541015625,998.48828125,607.320556640625,967.1781005859375,607.6326904296875
974.369384765625,432.56512451171875,977.9854736328125,428.2763671875,970.1845092773438,428.6578369140625,985.5551147460938,430.2008972167969,965.2047119140625,431.2237243652344,997.24658203125,452.21893310546875,961.247314453125,453.65203857421875,1019.4970092773438,478.8756408691406,949.0347290039062,481.4722900390625,1038.849853515625,509.82366943359375,938.1556396484375,505.2232666015625,997.191162109375,502.5546569824219,975.115966796875,502.7611999511719,991.00537109375,551.9378051757812,964.8619995117188,552.132080078125,997.5477294921875,603.3114013671875,971.7869873046875,602.5636596679688
977.4512329101562,426.20001220703125,981.2301025390625,421.7405090332031,972.8270874023438,421.92462158203125,988.3470458984375,424.4830322265625,966.2161865234375,424.8348388671875,998.4929809570312,450.34332275390625,960.6776733398438,449.9892883300781,1018.27978515625,479.5553283691406,948.13623046875,478.3341979980469,1033.864013671875,511.051025390625,937.996337890625,505.9779968261719,994.751953125,501.81134033203125,970.6002197265625,501.19708251953125,990.8080444335938,552.222412109375,960.1080322265625,550.8853759765625,994.950927734375,605.93505859375,961.08984375,602.998291015625
980.154296875,424.5352478027344,984.3343505859375,420.74273681640625,975.5556640625,420.674560546875,992.043212890625,424.73431396484375,969.3521728515625,424.4005126953125,1000.68212890625,448.39569091796875,964.5247802734375,446.06805419921875,1017.3511962890625,480.1776123046875,951.8023681640625,474.7343444824219,1030.818115234375,513.9464111328125,944.6766357421875,502.69720458984375,996.7276611328125,496.2669982910156,974.7884521484375,494.75189208984375,993.806640625,545.8486328125,967.5533447265625,544.10498046875,992.9586181640625,599.1915283203125,972.015380859375,597.210693359375
981.671630859375,425.15313720703125,985.56298828125,421.1812744140625,977.2694091796875,420.96630859375,991.880859375,424.61712646484375,970.1929321289062,423.9269714355469,999.8568115234375,448.48583984375,963.578125,447.3319091796875,1017.1163330078125,479.12158203125,949.5111083984375,477.79156494140625,1025.8076171875,510.3011169433594,943.186279296875,507.3875732421875,997.6309204101562,493.635498046875,974.7230224609375,492.66668701171875,989.5175170898438,546.0936279296875,961.771240234375,544.822021484375,994.96533203125,597.7368774414062,967.0360107421875,595.675537109375
982.0698852539062,426.9020690917969,984.575439453125,422.59039306640625,977.8797607421875,422.7994384765625,988.7000732421875,425.4062805175781,971.6883544921875,425.3555603027344,995.6226806640625,453.43896484375,966.9918823242188,449.53076171875,1013.08837890625,487.2193908691406,947.7099609375,476.98602294921875,1015.564208984375,518.7540283203125,946.4657592773438,506.25775146484375,993.5003662109375,501.89093017578125,975.395751953125,499.5960388183594,987.5146484375,555.999267578125,964.4141845703125,552.0321044921875,995.4312744140625,606.9937744140625,966.1846923828125,600.7757568359375
981.774169921875,424.376953125,985.707763671875,420.51068115234375,977.7222900390625,420.1745910644531,992.5237426757812,424.2245178222656,971.00927734375,423.25689697265625,1000.6935424804688,449.8120422363281,963.688720703125,447.5531005859375,1018.694091796875,481.07574462890625,947.1365966796875,476.5031433105469,1021.7381591796875,511.8939514160156,940.051025390625,505.48419189453125,995.402587890625,497.93182373046875,972.3056640625,496.1912841796875,986.9000244140625,548.4444580078125,959.6171264648438,546.4551391601562,991.0072021484375,596.802001953125,964.7616577148438,594.685302734375
981.3697509765625,421.4415283203125,985.1129150390625,417.60968017578125,977.580322265625,417.29620361328125,991.741943359375,420.4410095214844,970.8826904296875,419.5029602050781,999.713134765625,444.30426025390625,962.237060546875,442.9808349609375,1016.5657958984375,473.26483154296875,947.1586303710938,470.906494140625,1022.1765747070312,502.533447265625,941.0208740234375,497.08563232421875,993.8712158203125,493.5812072753906,970.2039794921875,492.4976806640625,988.177734375,543.583251953125,957.7647705078125,542.89306640625,989.3448486328125,591.7926635742188,959.1670532226562,592.17578125
977.249267578125,418.00799560546875,981.10302734375,414.13763427734375,974.0155029296875,413.67877197265625,988.6651611328125,416.5278625488281,968.1259765625,415.25604248046875,998.0476684570312,440.43017578125,958.406494140625,439.25103759765625,1014.7069091796875,469.071533203125,945.256103515625,467.38006591796875,1020.9732055664062,499.1934814453125,942.998046875,493.21630859375,993.9688110351562,495.006591796875,968.6621704101562,494.39093017578125,993.2854614257812,545.2969360351562,959.8861083984375,545.3729248046875,995.936279296875,591.9410400390625,963.379638671875,593.7073364257812
978.5587158203125,412.98980712890625,982.4990844726562,409.171142578125,974.4461669921875,408.96514892578125,990.0355224609375,412.08770751953125,967.6998291015625,411.227783203125,1000.2232666015625,435.6341552734375,957.6553955078125,433.0201416015625,1016.92626953125,466.36578369140625,943.2659912109375,460.2089538574219,1024.3974609375,497.4296875,947.613525390625,483.36492919921875,995.2037353515625,487.8233642578125,967.161376953125,486.63116455078125,1003.2554931640625,537.1441040039062,958.2844848632812,536.309814453125,1005.7401123046875,588.627197265625,956.996337890625,589.0531005859375
979.3056640625,411.4256286621094,983.2289428710938,407.32781982421875,975.232666015625,407.0122375488281,990.481201171875,409.69024658203125,967.9730224609375,408.3939514160156,999.2649536132812,432.6212158203125,957.8692016601562,431.56719970703125,1016.2168579101562,460.785400390625,941.7284545898438,458.75115966796875,1019.3516845703125,486.99041748046875,948.3372802734375,478.5125732421875,997.3679809570312,482.99908447265625,970.1824951171875,483.1070556640625,1002.9395751953125,532.7708129882812,962.920654296875,533.895751953125,1007.9811401367188,581.2249755859375,964.4756469726562,584.7733154296875
983.218505859375,408.156005859375,987.0865478515625,404.33416748046875,978.9959716796875,404.1151123046875,993.8323974609375,406.54400634765625,971.3990478515625,405.5838623046875,1002.2271728515625,428.0087890625,960.348876953125,426.54876708984375,1018.6173706054688,455.29052734375,943.12939453125,452.84454345703125,1023.2720947265625,482.63470458984375,950.370849609375,475.37841796875,996.37451171875,476.697021484375,969.2723388671875,476.3165283203125,1003.434814453125,522.0549926757812,962.666259765625,522.3494873046875,1004.3820190429688,569.5460815429688,962.3160400390625,571.68505859375
983.9725341796875,406.6540832519531,988.0859985351562,402.79364013671875,979.8634033203125,402.5512390136719,995.526123046875,404.98291015625,972.8924560546875,404.15093994140625,1003.8759155273438,426.3468933105469,962.931884765625,424.6927490234375,1019.7216796875,453.8680419921875,946.0446166992188,450.3236083984375,1026.25244140625,482.19512939453125,949.32470703125,472.00042724609375,997.5401000976562,474.50408935546875,970.850830078125,473.95855712890625,1006.1439208984375,519.4769897460938,964.403076171875,519.498291015625,1009.9599609375,568.3260498046875,964.9422607421875,569.7493286132812
986.3787231445312,403.0895690917969,990.3809814453125,398.892578125,982.1685791015625,398.63385009765625,997.2183837890625,401.0541687011719,974.6077880859375,400.1285400390625,1005.3228759765625,423.6832580566406,963.620361328125,422.79241943359375,1020.0232543945312,452.2480773925781,947.6025390625,450.30230712890625,1024.826904296875,480.52734375,949.274658203125,473.09722900390625,998.7416381835938,472.35406494140625,971.0725708007812,472.5335693359375,1008.5013427734375,520.2415161132812,965.919189453125,521.0391235351562,1016.4666748046875,571.2874755859375,969.16943359375,573.7703247070312
989.5770263671875,404.40960693359375,993.8091430664062,400.3810729980469,985.0614013671875,400.267822265625,1000.9066162109375,402.575439453125,977.2049560546875,402.15838623046875,1008.743896484375,423.6146240234375,966.410400390625,423.14324951171875,1022.4805908203125,451.28631591796875,949.7151489257812,450.19659423828125,1027.0185546875,481.6802673339844,951.228271484375,474.9266052246094,1000.5399169921875,469.82049560546875,972.721923828125,469.87921142578125,1009.9552001953125,512.3277587890625,965.3699951171875,513.1474609375,1013.5133056640625,562.2225341796875,966.3851318359375,564.844970703125
991.1220703125,404.7548828125,995.4266967773438,400.2875061035156,987.6053466796875,399.8046875,1001.6927490234375,401.8726501464844,980.8438720703125,400.326904296875,1009.0267333984375,423.1513671875,967.8118896484375,421.5795593261719,1022.5751953125,450.4935302734375,950.3263549804688,448.5495300292969,1027.859375,473.0133056640625,951.2796020507812,472.4328918457031,999.65380859375,475.2945556640625,971.6914672851562,474.9781494140625,1014.3407592773438,515.6837768554688,964.6913452148438,515.5009155273438,1024.77685546875,561.2129516601562,964.5897216796875,560.83935546875
993.1981201171875,403.76568603515625,997.095458984375,399.8053894042969,989.22900390625,399.5135192871094,1002.322265625,401.67095947265625,982.0863037109375,400.72430419921875,1009.68359375,424.06182861328125,969.5941162109375,423.90740966796875,1024.936279296875,449.5777587890625,953.2705078125,449.413330078125,1035.279296875,476.49774169921875,950.7755126953125,473.03887939453125,1001.564208984375,475.11627197265625,972.9765625,475.52899169921875,1019.2388916015625,514.8995361328125,962.4769287109375,516.1825561523438,1033.309814453125,558.934814453125,959.454833984375,561.71044921875
994.510009765625,405.1764221191406,998.7794189453125,401.08209228515625,990.487060546875,400.6026611328125,1004.6207275390625,403.07611083984375,983.0799560546875,401.55078125,1011.349365234375,425.2456970214844,969.564697265625,425.4218444824219,1027.087890625,450.61297607421875,953.188232421875,453.595458984375,1038.166015625,478.52069091796875,953.1388549804688,481.70623779296875,1003.3604736328125,475.32623291015625,973.51513671875,476.0926513671875,1023.1060180664062,513.9951171875,963.62451171875,515.7943725585938,1036.2698974609375,557.7015380859375,959.96484375,561.5728759765625
997.809814453125,409.19476318359375,1001.64599609375,405.189453125,993.8759765625,404.8857421875,1007.1510009765625,406.408203125,986.618408203125,405.32244873046875,1014.9212036132812,426.988525390625,974.02294921875,427.58270263671875,1030.0218505859375,452.1977233886719,961.216552734375,455.33587646484375,1039.367919921875,480.2214660644531,963.40966796875,480.882568359375,1007.532958984375,475.3772277832031,978.048828125,476.09954833984375,1026.140380859375,513.9644775390625,965.766845703125,515.798095703125,1037.98193359375,556.218017578125,959.8916015625,560.068603515625
1000.46630859375,414.06878662109375,1005.2294921875,409.74627685546875,997.0537109375,408.94091796875,1012.0374755859375,411.205078125,990.6890258789062,408.88079833984375,1018.091552734375,431.2698974609375,978.6488037109375,429.197265625,1032.3314208984375,459.138916015625,964.7027587890625,457.67083740234375,1040.738037109375,486.6914978027344,965.4534912109375,485.68658447265625,1006.7883911132812,481.40185546875,979.097900390625,480.6549072265625,1025.562744140625,516.9824829101562,966.87841796875,516.5283203125,1035.787841796875,559.5037231445312,960.966552734375,559.2001953125
1001.2081298828125,413.3502502441406,1004.701171875,409.4420471191406,997.1063232421875,409.45697021484375,1010.5218505859375,410.6889953613281,990.1171875,410.43902587890625,1019.7507934570312,430.793212890625,979.9505615234375,431.22674560546875,1035.510009765625,454.93658447265625,968.0787353515625,457.283203125,1045.71630859375,480.6251220703125,964.9630126953125,483.52288818359375,1011.123779296875,474.3070068359375,982.47998046875,474.179443359375,1026.2724609375,509.0538024902344,965.9763793945312,509.028076171875,1034.3822021484375,551.56201171875,955.37890625,552.1932373046875
1001.9429931640625,414.60162353515625,1005.3074951171875,410.6437683105469,997.5364379882812,410.79364013671875,1011.0538330078125,411.9888916015625,990.1708984375,411.95623779296875,1021.0020751953125,432.107421875,980.4966430664062,432.65771484375,1037.72021484375,456.14013671875,968.7877807617188,458.5128173828125,1047.53271484375,482.69256591796875,965.86767578125,485.71490478515625,1013.83154296875,473.25665283203125,984.5660400390625,473.0218505859375,1027.90380859375,505.80780029296875,964.2557373046875,505.568359375,1034.919189453125,548.4420776367188,951.5631103515625,548.85595703125
1003.2841186523438,411.974853515625,1006.662353515625,408.2701721191406,998.898681640625,408.2548828125,1011.8278198242188,410.443603515625,991.369384765625,410.02679443359375,1020.6778564453125,431.4681701660156,981.7369995117188,430.1212158203125,1037.213134765625,456.61962890625,968.184814453125,452.855224609375,1044.300048828125,482.9250183105469,965.005859375,475.34124755859375,1012.3943481445312,470.14031982421875,983.8846435546875,469.0523681640625,1027.898193359375,503.97479248046875,965.0985717773438,502.77984619140625,1038.417724609375,546.7713012695312,952.885986328125,545.88134765625
1003.7882080078125,411.2756652832031,1006.8817749023438,407.56170654296875,999.3458862304688,407.7571105957031,1011.4758911132812,409.31982421875,991.66552734375,409.4695129394531,1019.1468505859375,430.19537353515625,983.1766357421875,429.18408203125,1032.8544921875,454.4678649902344,967.6182861328125,449.05596923828125,1036.3818359375,479.427978515625,959.1476440429688,468.65777587890625,1012.4501953125,471.84832763671875,985.9293212890625,470.9488220214844,1028.56982421875,506.8484802246094,968.3948974609375,506.14349365234375,1039.6055908203125,547.204345703125,954.37646484375,547.480712890625
1001.6162109375,411.38177490234375,1005.0264892578125,406.93133544921875,998.0186767578125,406.8243408203125,1011.051025390625,407.47003173828125,991.5531005859375,407.1005859375,1020.42041015625,425.48284912109375,982.4906616210938,424.59051513671875,1034.8192138671875,443.947265625,964.06201171875,442.26910400390625,1038.2679443359375,453.21173095703125,956.0050048828125,451.8641052246094,1013.5,468.979736328125,986.950927734375,468.3904724121094,1024.8580322265625,504.408203125,967.42529296875,503.5917663574219,1033.298828125,548.4396362304688,957.99658203125,547.5371704101562
1001.709228515625,412.0826416015625,1005.1953125,407.62127685546875,998.114501953125,407.35589599609375,1011.0528564453125,407.85516357421875,991.1483154296875,406.93817138671875,1020.2041015625,425.11334228515625,980.231689453125,423.6517639160156,1036.5037841796875,444.2471923828125,958.6361083984375,441.8397216796875,1044.7738037109375,456.5150146484375,948.4923706054688,454.7595520019531,1011.8802490234375,467.5423278808594,984.3031005859375,466.8679504394531,1024.7398681640625,499.68280029296875,965.4061279296875,498.84075927734375,1032.8291015625,548.6581420898438,955.470947265625,547.84228515625
999.1019287109375,411.8470458984375,1002.4451293945312,408.111328125,995.78173828125,407.66259765625,1008.8757934570312,407.50372314453125,989.1351318359375,405.92230224609375,1017.6589965820312,423.4501647949219,978.1327514648438,419.9149475097656,1035.1505126953125,441.7369079589844,954.632568359375,433.1943359375,1044.237060546875,460.5213623046875,944.962890625,450.36395263671875,1009.9125366210938,461.5845947265625,981.921142578125,460.2937316894531,1022.31298828125,501.071533203125,962.9583740234375,499.6639709472656,1032.3052978515625,548.1861572265625,949.875732421875,548.0663452148438
998.456298828125,411.35577392578125,1001.798828125,407.50799560546875,994.9432983398438,407.11798095703125,1008.4140625,406.42694091796875,988.058837890625,405.0103454589844,1018.4401245117188,421.73919677734375,976.4961547851562,419.00311279296875,1036.605224609375,437.97161865234375,951.9300537109375,433.3824462890625,1045.81591796875,454.5394287109375,940.8092041015625,453.4862365722656,1011.2384033203125,460.30279541015625,981.2569580078125,459.1671142578125,1025.592529296875,497.3330383300781,958.7949829101562,495.86126708984375,1034.563232421875,545.6123046875,942.3885498046875,545.1268310546875
996.9459228515625,410.5419616699219,1000.197265625,406.82537841796875,993.119873046875,406.5425720214844,1006.483154296875,406.503173828125,986.084716796875,405.418212890625,1016.9376220703125,422.6951904296875,975.4755249023438,420.22344970703125,1034.7318115234375,439.43115234375,951.5718383789062,436.65289306640625,1046.97802734375,455.94873046875,936.9730224609375,461.25189208984375,1011.8318481445312,457.73895263671875,981.2422485351562,456.5365905761719,1029.87548828125,494.16998291015625,954.7965087890625,491.7666320800781,1041.949462890625,540.9193725585938,934.934326171875,537.8651123046875
996.6007080078125,408.32476806640625,999.8001708984375,404.708740234375,992.7154541015625,404.37261962890625,1005.5711669921875,405.1046447753906,985.376708984375,403.93902587890625,1015.6228637695312,422.5626525878906,974.71630859375,419.89129638671875,1033.580078125,442.39605712890625,950.121826171875,437.4930725097656,1047.2099609375,462.7768249511719,933.3056640625,463.2559814453125,1012.0394287109375,458.07305908203125,981.3953857421875,456.8297424316406,1032.031982421875,492.180908203125,951.47607421875,489.677734375,1047.18212890625,539.130859375,931.35595703125,535.6364135742188
993.4912719726562,410.6202392578125,996.6063232421875,406.7850036621094,989.3284912109375,406.8783874511719,1002.925537109375,406.5498962402344,982.2806396484375,406.5368957519531,1013.3604125976562,423.63970947265625,974.6180419921875,422.82330322265625,1031.10107421875,442.93011474609375,952.976806640625,440.4793395996094,1046.9859619140625,462.12890625,938.7535400390625,459.83709716796875,1011.3995361328125,460.5706787109375,981.2396240234375,460.1846923828125,1034.975830078125,493.713134765625,947.1333618164062,492.4036865234375,1054.7626953125,539.1334228515625,924.26513671875,536.5194702148438
992.2391357421875,411.5087890625,994.4111938476562,407.5513000488281,986.9840087890625,408.2317199707031,996.8043823242188,408.0465087890625,977.861572265625,409.52911376953125,1005.3231811523438,424.66552734375,970.3489990234375,427.6881103515625,1023.1700439453125,441.124267578125,959.9649658203125,448.79302978515625,1032.2677001953125,442.28466796875,971.8756103515625,458.5773010253906,1008.690185546875,462.03607177734375,977.7296142578125,464.90740966796875,1042.1278076171875,496.50823974609375,945.1436767578125,498.20904541015625,1065.3052978515625,537.3903198242188,916.3509521484375,537.0126342773438
987.188232421875,415.39056396484375,989.8216552734375,411.4583740234375,982.759521484375,412.0684814453125,995.0213012695312,412.0692443847656,976.76025390625,413.396728515625,1004.9016723632812,428.98394775390625,971.9334716796875,430.22991943359375,1023.8197021484375,446.5145263671875,961.4492797851562,447.60540771484375,1036.49169921875,457.2301940917969,968.8709716796875,460.2677001953125,1004.7947387695312,466.24749755859375,975.1832275390625,467.98565673828125,1038.993408203125,500.8211975097656,942.0447998046875,501.3194274902344,1063.2718505859375,538.7723388671875,911.2437744140625,537.2110595703125
992.818603515625,423.5697021484375,995.9862060546875,420.3016357421875,988.471923828125,420.2362976074219,1001.0407104492188,423.2332763671875,981.501220703125,422.6203308105469,1007.086669921875,442.32843017578125,976.74853515625,441.507568359375,1026.955322265625,459.42962646484375,971.649169921875,459.8602294921875,1040.4986572265625,468.37548828125,980.6063232421875,472.23736572265625,1002.77197265625,476.7318420410156,975.4344482421875,476.36297607421875,1037.651123046875,505.951171875,941.994384765625,504.20361328125,1062.566162109375,538.80517578125,908.9930419921875,535.5570678710938
1001.529296875,428.83099365234375,1004.37890625,425.6458740234375,997.45849609375,425.58782958984375,1007.1121215820312,428.4449157714844,989.78857421875,427.84515380859375,1012.924560546875,447.76171875,979.677490234375,447.81329345703125,1032.796875,464.76483154296875,965.664306640625,470.6803894042969,1053.822265625,482.8279724121094,960.175048828125,498.34808349609375,1002.8193969726562,482.3392639160156,974.1038818359375,481.094482421875,1034.896728515625,508.4109191894531,939.151611328125,505.9971923828125,1058.114501953125,542.3906860351562,905.6856689453125,538.51953125
1010.5614013671875,430.8706970214844,1013.113525390625,427.72430419921875,1006.1015625,427.5508117675781,1014.3111572265625,429.4241943359375,996.8702392578125,428.51690673828125,1015.6260986328125,447.1473083496094,987.30517578125,446.24658203125,1033.961669921875,461.782958984375,978.8427734375,463.1428527832031,1053.904052734375,476.0296325683594,988.0587158203125,478.0945129394531,1002.8536376953125,483.7847900390625,977.1787109375,483.553955078125,1037.0028076171875,510.93695068359375,942.4822998046875,510.0456848144531,1062.6212158203125,540.3857421875,911.0643310546875,538.9575805664062
1016.511474609375,432.0540771484375,1019.2371826171875,429.0469665527344,1012.2493286132812,428.5023193359375,1019.9215087890625,431.243408203125,1002.5272216796875,429.4140930175781,1020.11474609375,449.8671875,990.1781005859375,447.45184326171875,1037.35791015625,466.6055603027344,978.6114501953125,464.3370666503906,1057.575927734375,481.3852844238281,984.3872680664062,478.1439208984375,1005.1517333984375,487.6009521484375,978.7686767578125,486.94476318359375,1040.5501708984375,512.3026123046875,947.463623046875,511.2735900878906,1063.662353515625,540.488525390625,915.6646728515625,539.5506591796875
1018.4736328125,432.25360107421875,1021.258544921875,429.3057861328125,1014.063720703125,428.4714660644531,1021.82861328125,431.6478271484375,1003.7550048828125,428.9770202636719,1021.1856079101562,450.7350769042969,991.3414306640625,446.5008544921875,1039.335693359375,467.8303527832031,967.148193359375,461.4789733886719,1063.0164794921875,483.4585876464844,950.689208984375,479.5943603515625,1010.0106811523438,487.0032958984375,985.1131591796875,485.53155517578125,1041.9349365234375,509.6509094238281,954.387939453125,507.5521545410156,1062.833251953125,540.11767578125,920.8756713867188,537.6723022460938
1018.058837890625,429.3646240234375,1020.7073974609375,426.44500732421875,1014.015625,425.6289367675781,1021.094970703125,428.79229736328125,1004.4588623046875,426.27569580078125,1020.54833984375,448.61322021484375,991.511474609375,444.13592529296875,1036.235107421875,466.82452392578125,963.9999389648438,458.311279296875,1060.38037109375,484.23370361328125,939.4510498046875,476.1964111328125,1009.9456787109375,487.42413330078125,985.917236328125,485.65985107421875,1039.3349609375,513.4034423828125,953.2025756835938,511.28570556640625,1058.13916015625,539.294189453125,918.459716796875,537.0206298828125
1015.6796264648438,427.93017578125,1018.8558349609375,424.77734375,1011.2625732421875,423.77069091796875,1018.7958984375,427.5050354003906,1000.3284301757812,424.73553466796875,1014.3199462890625,448.1368103027344,988.3921508789062,443.48577880859375,1034.01953125,466.7934265136719,957.7919921875,457.14306640625,1056.073486328125,484.93438720703125,931.1431274414062,473.8011474609375,1000.2977294921875,486.8343200683594,980.328369140625,485.1986083984375,1026.3931884765625,514.533935546875,960.5145263671875,512.78662109375,1048.2998046875,540.0409545898438,937.2664794921875,538.5927734375
1005.78955078125,425.00244140625,1009.3980102539062,421.63043212890625,1001.1798095703125,420.86590576171875,1011.4627075195312,424.8884582519531,991.5732421875,422.7984619140625,1008.6714477539062,446.9830627441406,983.9345703125,443.2166748046875,1025.18310546875,468.14520263671875,963.3948974609375,457.1763610839844,1040.601806640625,489.2161560058594,941.175537109375,470.0043640136719,999.9981689453125,488.10321044921875,977.6889038085938,486.63916015625,1033.317138671875,515.1419677734375,944.67919921875,514.2464599609375,1059.749267578125,539.120361328125,909.2760009765625,539.3714599609375
999.8990478515625,420.6751708984375,1001.923095703125,416.8001708984375,994.1039428710938,417.09765625,1002.010498046875,419.9195251464844,981.9024658203125,419.93212890625,1004.7353515625,443.38006591796875,973.3382568359375,438.92132568359375,1021.9512939453125,466.10137939453125,946.5126342773438,447.8978271484375,1031.974609375,488.490966796875,928.862548828125,455.9954833984375,997.461181640625,483.5759582519531,971.2708740234375,481.8628234863281,1031.5650634765625,508.9085998535156,941.0679931640625,506.78814697265625,1056.6455078125,539.0286865234375,910.3443603515625,536.8731079101562
989.833251953125,416.8675231933594,991.895751953125,413.30145263671875,985.248046875,413.332763671875,993.7734375,415.6233215332031,976.6627807617188,415.479736328125,1000.6226806640625,437.566650390625,967.762939453125,433.2572937011719,1003.181884765625,459.96270751953125,938.06884765625,446.18817138671875,995.443603515625,468.1403503417969,913.553955078125,458.97283935546875,998.7110595703125,480.05828857421875,970.8262939453125,478.6883239746094,1032.60693359375,503.14398193359375,936.81494140625,500.0248718261719,1055.5108642578125,540.5149536132812,913.009521484375,535.343017578125
972.44140625,413.83355712890625,977.0344848632812,410.34564208984375,969.4830322265625,409.45751953125,987.1195068359375,412.67120361328125,964.8011474609375,410.25726318359375,993.4742431640625,437.4835205078125,960.64208984375,429.31549072265625,1008.85009765625,464.29156494140625,930.3590087890625,438.521484375,1014.0374755859375,492.79327392578125,901.2482299804688,461.03082275390625,987.8922729492188,480.2013244628906,961.0081787109375,476.3295593261719,1020.4490966796875,504.18939208984375,928.282958984375,498.87176513671875,1051.5428466796875,540.6156005859375,903.7952880859375,534.4439697265625
967.230712890625,410.8150634765625,971.2125244140625,407.13580322265625,963.314453125,406.5228271484375,978.526611328125,407.8885498046875,956.5482788085938,406.153564453125,986.429443359375,430.8827819824219,948.7117309570312,423.1253356933594,999.196533203125,460.69549560546875,922.5225830078125,435.4420166015625,1006.572265625,490.4127502441406,898.93798828125,452.67364501953125,981.5628662109375,474.3831481933594,951.269775390625,471.076904296875,1017.4420166015625,501.45782470703125,923.4605712890625,497.2416687011719,1049.7086181640625,540.91943359375,905.6300048828125,536.0830688476562
965.229736328125,410.3216552734375,968.314697265625,406.5019226074219,960.5615844726562,406.25103759765625,972.2022705078125,407.1146240234375,951.5934448242188,406.0397644042969,977.7308349609375,428.029052734375,943.7823486328125,421.76458740234375,991.6048583984375,457.73095703125,915.6824951171875,435.4871826171875,996.96240234375,486.6916809082031,894.6290283203125,453.663330078125,976.7296142578125,469.9450378417969,948.8114013671875,467.757568359375,1011.0855712890625,497.876953125,922.9268188476562,494.94635009765625,1047.369384765625,539.5917358398438,906.0866088867188,536.0460205078125
959.2939453125,408.3500061035156,962.886962890625,404.4969177246094,954.7437744140625,404.07708740234375,968.0209350585938,405.7642822265625,946.4345703125,404.42401123046875,973.750244140625,427.55877685546875,939.3551025390625,422.54364013671875,983.2557373046875,454.7765808105469,912.7618408203125,437.8487548828125,978.024169921875,481.3541259765625,894.1519775390625,458.5325927734375,974.7625732421875,470.9337158203125,946.7722778320312,469.0689697265625,1006.4248046875,497.20751953125,921.9923095703125,494.8146057128906,1035.7012939453125,539.5650024414062,905.006591796875,536.029052734375
954.30078125,408.9608154296875,957.94384765625,405.137451171875,950.2271118164062,404.782958984375,964.1647338867188,406.5030212402344,943.3291625976562,405.31280517578125,972.6356201171875,427.25384521484375,936.130126953125,423.95806884765625,979.7835693359375,455.3317565917969,912.85400390625,443.8682556152344,967.5093994140625,480.045166015625,902.2102661132812,462.64727783203125,976.1464233398438,469.5758972167969,947.055908203125,468.1542663574219,1001.01513671875,494.01702880859375,920.3056640625,492.6387634277344,1023.445068359375,538.2081298828125,903.977783203125,536.1123046875
948.9671630859375,408.032470703125,952.3658447265625,404.4615783691406,945.6407470703125,404.2703857421875,959.6558837890625,405.4877014160156,940.8755493164062,404.8450927734375,970.7147216796875,425.14361572265625,933.80126953125,422.388916015625,977.951904296875,453.12249755859375,916.23095703125,444.640869140625,963.9439697265625,473.65814208984375,910.9215087890625,459.4200439453125,972.809814453125,469.48138427734375,943.3900146484375,467.45587158203125,995.3534545898438,491.25677490234375,914.76025390625,489.3251037597656,1013.00927734375,540.738037109375,897.3388671875,537.987548828125
943.2724609375,407.62921142578125,946.9205322265625,403.80859375,939.9688720703125,403.5843505859375,955.136962890625,405.46868896484375,935.7413330078125,404.6948547363281,966.4993286132812,425.72149658203125,932.4852294921875,423.947021484375,975.738037109375,454.9158935546875,921.4140014648438,450.4168701171875,967.7374877929688,480.8836669921875,918.759765625,474.10076904296875,971.2823486328125,465.8685607910156,943.640869140625,464.2552185058594,991.1654052734375,494.16748046875,915.1641845703125,492.0003662109375,1009.6715087890625,539.2157592773438,897.2330932617188,535.2244873046875
936.85205078125,409.3578186035156,940.5305786132812,405.4200439453125,933.516357421875,405.3214416503906,949.4163818359375,406.7240295410156,929.647705078125,406.12347412109375,962.2625732421875,426.654296875,927.0045166015625,425.40234375,972.1917114257812,455.8592529296875,915.5791625976562,453.48223876953125,965.9089965820312,482.4533386230469,915.6778564453125,480.16729736328125,969.935302734375,466.12213134765625,941.2001953125,464.77825927734375,989.7833251953125,494.0126953125,909.969970703125,491.8311767578125,1011.6304321289062,539.3671264648438,893.7354125976562,535.1827392578125
932.36865234375,406.5762634277344,935.44775390625,402.656982421875,928.469970703125,402.7901611328125,942.434814453125,404.5077209472656,923.7218627929688,404.3471374511719,954.4549560546875,425.3968505859375,922.6834716796875,424.63519287109375,969.7373046875,455.1602783203125,919.302734375,453.7000732421875,970.4921875,484.2574768066406,925.78759765625,479.96453857421875,963.8831787109375,464.7937316894531,936.8944702148438,463.8591613769531,988.511962890625,495.7286376953125,908.9290771484375,493.85284423828125,1011.4817504882812,539.5805053710938,889.490966796875,535.311767578125
925.4000244140625,406.57086181640625,928.115478515625,402.4920654296875,921.605712890625,402.93603515625,934.379150390625,404.2147216796875,918.0756225585938,405.4188537597656,946.875244140625,425.64862060546875,917.0750732421875,426.6580810546875,963.8521728515625,456.05267333984375,918.699951171875,453.7217102050781,968.2157592773438,484.27008056640625,926.2691650390625,479.028564453125,956.5067138671875,465.86712646484375,930.411865234375,467.53912353515625,982.751953125,494.52813720703125,903.104736328125,495.2432861328125,1006.2328491210938,536.6204833984375,888.4686279296875,535.292724609375
916.9058837890625,402.8703918457031,919.4476318359375,398.82855224609375,913.2037353515625,399.27716064453125,925.9378051757812,400.35986328125,910.6427001953125,401.3668212890625,938.9747314453125,420.8374328613281,912.0526123046875,421.728759765625,958.6290283203125,449.55816650390625,914.1265869140625,447.506591796875,967.1969604492188,478.19146728515625,919.93115234375,471.89337158203125,953.3895263671875,458.5886535644531,929.2717895507812,460.28265380859375,976.9210205078125,491.78839111328125,899.2017822265625,492.5438232421875,1007.02099609375,534.5645141601562,888.422119140625,533.1805419921875
910.7030639648438,402.34356689453125,913.5016479492188,397.9818115234375,906.1360473632812,398.88641357421875,921.4853515625,399.32244873046875,901.8944091796875,401.57720947265625,936.343505859375,419.9233703613281,907.60107421875,421.9064025878906,959.5997314453125,445.59979248046875,908.0615844726562,446.31817626953125,958.7103881835938,468.0240478515625,913.2088623046875,469.7875671386719,951.4075927734375,459.3230895996094,926.9261474609375,459.8901672363281,973.1461181640625,494.6239013671875,895.6341552734375,492.9599304199219,1005.0758056640625,536.9812622070312,884.9463500976562,531.94775390625
901.89501953125,400.1882629394531,905.261474609375,395.8292541503906,898.6305541992188,396.42059326171875,915.4996337890625,397.1258239746094,897.4954833984375,399.1213073730469,933.9068603515625,417.4433898925781,901.1358032226562,419.8645935058594,955.7894287109375,444.2194519042969,902.6709594726562,445.24237060546875,952.2178955078125,463.86529541015625,906.401123046875,468.2736511230469,949.44384765625,459.593994140625,922.2291870117188,460.99310302734375,968.3778076171875,491.04034423828125,892.5281982421875,490.504638671875,997.2091064453125,538.5382690429688,888.2503662109375,535.041259765625
900.8280029296875,399.0264587402344,904.0535888671875,394.5574035644531,897.482421875,395.48260498046875,914.1692504882812,395.40576171875,895.239013671875,398.3663635253906,934.0728149414062,415.11676025390625,895.56884765625,419.31793212890625,954.3822021484375,441.82940673828125,894.8237915039062,445.12353515625,949.8592529296875,465.69268798828125,898.7257690429688,467.7463073730469,947.0865478515625,456.5828857421875,917.3375244140625,458.61700439453125,961.2523193359375,488.6192321777344,890.6075439453125,489.63360595703125,980.4376220703125,536.3548583984375,888.0556640625,535.9490966796875
899.240478515625,399.95013427734375,902.8529663085938,395.19415283203125,895.856689453125,395.70428466796875,912.1207275390625,395.9371032714844,893.2708740234375,397.61566162109375,928.6975708007812,415.54736328125,893.69140625,419.2294921875,950.853271484375,439.28338623046875,894.2838134765625,447.4925537109375,957.7835083007812,467.93609619140625,896.3592529296875,470.0869445800781,936.501953125,459.7481689453125,911.801513671875,461.1455383300781,947.8701782226562,492.478271484375,894.0386352539062,493.293701171875,961.7839965820312,533.981689453125,891.8703002929688,534.2611083984375
894.7171630859375,397.52166748046875,898.0899658203125,393.2523193359375,891.9473876953125,393.65185546875,908.5499267578125,393.64312744140625,890.62841796875,395.0144348144531,927.460205078125,411.70159912109375,891.4100341796875,414.7664794921875,952.2610473632812,435.64947509765625,892.5921630859375,441.9665222167969,962.750244140625,461.52178955078125,896.7999267578125,466.93939208984375,937.9241943359375,453.7165832519531,912.121337890625,454.7787780761719,941.2635498046875,489.5546875,891.65869140625,489.4836730957031,949.2471313476562,539.3937377929688,888.143310546875,536.6514892578125
894.4932861328125,394.9926452636719,897.9017944335938,390.5906066894531,890.9952392578125,391.10174560546875,907.377685546875,391.48968505859375,888.3236083984375,393.0634460449219,924.8076782226562,410.7069396972656,888.8441162109375,414.1148986816406,949.3675537109375,434.3665466308594,890.10400390625,441.7964172363281,965.032958984375,461.79058837890625,890.2025756835938,467.3084716796875,934.2010498046875,453.181396484375,908.9654541015625,454.3871154785156,935.6317138671875,490.43829345703125,889.4903564453125,490.59747314453125,943.0504150390625,540.0682983398438,887.0513305664062,537.3529052734375
892.102783203125,394.3780517578125,894.994873046875,388.3365783691406,887.609375,390.41912841796875,904.7181396484375,386.676025390625,885.0062255859375,392.61578369140625,921.7304077148438,405.56591796875,890.418701171875,413.69598388671875,945.8941650390625,428.70416259765625,890.135009765625,443.0023498535156,953.98828125,459.5369873046875,884.9552001953125,466.734375,930.82470703125,456.1467590332031,909.8245239257812,458.71942138671875,928.9302978515625,487.7331848144531,893.7210693359375,489.2915954589844,940.1171264648438,532.592529296875,896.4317626953125,533.8922119140625
890.2000732421875,393.572998046875,893.0904541015625,388.58245849609375,885.78076171875,390.15020751953125,902.8133544921875,388.9703063964844,882.9957275390625,393.0615234375,923.537841796875,407.83636474609375,887.7403564453125,415.06463623046875,951.9644165039062,428.7958984375,887.61181640625,442.2174072265625,963.2678833007812,452.66400146484375,885.3605346679688,465.0390625,941.5390625,452.39923095703125,916.8338012695312,454.6800842285156,929.3145751953125,488.9737243652344,887.9771728515625,490.505615234375,934.4169921875,540.7628173828125,885.347412109375,539.9789428710938
888.514404296875,393.275390625,891.4244384765625,388.38983154296875,884.03515625,389.8343811035156,900.771728515625,388.5919189453125,880.6534423828125,392.3193054199219,920.97216796875,406.5447998046875,884.6398315429688,414.8382568359375,950.21533203125,424.6890563964844,887.9625244140625,442.6492919921875,967.7711181640625,447.37957763671875,887.2041015625,465.32513427734375,941.293212890625,453.1912536621094,916.2288818359375,456.38525390625,930.6110229492188,488.9059753417969,889.0966796875,491.701171875,936.4168701171875,538.521728515625,887.4688110351562,539.267822265625
883.9984130859375,393.5008544921875,887.267333984375,388.85009765625,880.6724853515625,389.96160888671875,898.8458862304688,389.70086669921875,879.69970703125,392.75701904296875,921.5203857421875,408.1746826171875,884.0308227539062,415.5301208496094,950.5208740234375,426.271728515625,886.2913818359375,442.7705078125,966.1890869140625,448.22113037109375,885.4320068359375,465.8326721191406,942.76318359375,454.97540283203125,917.114013671875,457.67474365234375,932.0949096679688,489.6501159667969,890.9708251953125,491.71124267578125,940.3148803710938,539.732421875,894.107666015625,539.6110229492188
882.2049560546875,396.0411071777344,885.1578369140625,391.41461181640625,879.0101318359375,392.57696533203125,896.2241821289062,391.2650146484375,878.44970703125,394.36846923828125,918.5692749023438,408.097900390625,883.4902954101562,415.71875,947.4068603515625,426.68853759765625,887.2613525390625,443.7919921875,963.5372314453125,448.475341796875,888.0789794921875,465.38531494140625,941.13525390625,455.455322265625,917.2699584960938,458.5057373046875,931.1461181640625,491.7752685546875,894.2367553710938,494.29925537109375,941.4176025390625,541.6326904296875,899.3161010742188,541.8974609375
880.2921752929688,401.2790222167969,883.04638671875,395.0761413574219,876.1521606445312,397.31463623046875,894.775634765625,392.1854248046875,875.06005859375,398.5121154785156,916.4005737304688,409.0404052734375,884.6544799804688,417.50299072265625,940.3602905273438,434.00115966796875,886.7854614257812,447.48345947265625,944.2955932617188,469.9225158691406,880.5172119140625,475.6484375,935.4113159179688,459.07989501953125,913.87841796875,461.9901123046875,930.1468505859375,497.2884521484375,901.2266235351562,498.94683837890625,942.571533203125,542.3385009765625,907.274658203125,542.8344116210938
883.32568359375,401.85107421875,885.7947998046875,397.2290954589844,879.5198974609375,398.47332763671875,894.8408203125,397.27911376953125,877.0521240234375,400.33453369140625,916.3773193359375,414.89453125,879.5648803710938,420.33294677734375,944.8097534179688,435.7144775390625,879.875732421875,448.45013427734375,961.5155639648438,455.5033264160156,878.5594482421875,474.44317626953125,933.2949829101562,459.1766052246094,908.4461669921875,461.01739501953125,928.1572265625,496.2294616699219,886.80126953125,496.18939208984375,945.02783203125,545.54541015625,896.150390625,542.6396484375
880.3104858398438,405.19732666015625,883.2324829101562,400.6242370605469,877.2674560546875,401.5675048828125,893.7633056640625,400.5092468261719,877.1826171875,403.0157775878906,916.4930419921875,417.9130554199219,879.577880859375,422.1156921386719,943.4672241210938,439.1031188964844,877.042724609375,450.3327941894531,963.829345703125,459.43109130859375,870.3165283203125,475.57867431640625,930.73388671875,463.291259765625,905.8231201171875,464.38543701171875,923.431884765625,498.0174560546875,880.9488525390625,496.82025146484375,942.6995849609375,546.1236572265625,893.6463623046875,540.33203125
878.5897216796875,406.5921936035156,881.049560546875,401.8669738769531,875.255126953125,403.2234191894531,891.3634033203125,401.54351806640625,874.3822021484375,404.9453125,915.3157958984375,419.22174072265625,876.7362670898438,424.61572265625,943.9930419921875,441.7480773925781,876.6495361328125,451.8685302734375,961.3251342773438,466.9764404296875,875.7189331054688,475.25982666015625,930.24267578125,460.62823486328125,903.3099975585938,462.27947998046875,930.625732421875,495.7763671875,878.890869140625,495.9774169921875,943.8416748046875,545.4774169921875,879.7128295898438,542.5377807617188
879.3719482421875,408.10894775390625,881.7958984375,403.2454833984375,876.0159301757812,404.85345458984375,892.3613891601562,402.59710693359375,874.7877197265625,407.0307312011719,916.381591796875,419.35235595703125,877.40087890625,427.1846923828125,944.9334716796875,443.9583435058594,875.3643798828125,456.2128601074219,950.29833984375,470.85125732421875,877.558837890625,477.95098876953125,933.175048828125,460.965087890625,904.5718994140625,463.95196533203125,936.8043823242188,493.2432861328125,875.447265625,495.7889099121094,943.80859375,544.7034912109375,864.5560913085938,545.1296997070312
887.97216796875,406.06683349609375,889.8515625,401.23553466796875,883.1768188476562,403.0994567871094,896.5960693359375,401.08892822265625,878.0791625976562,405.962890625,917.2421264648438,418.3546142578125,877.126953125,427.30908203125,945.3917236328125,440.32244873046875,876.126708984375,457.05999755859375,954.4030151367188,461.99298095703125,881.1271362304688,479.728515625,932.3629760742188,462.4347839355469,902.3604125976562,466.4820556640625,944.1646728515625,494.33514404296875,876.1776123046875,497.5578918457031,953.130615234375,544.4905395507812,862.990478515625,545.3154296875
893.5541381835938,405.97869873046875,895.346923828125,401.09552001953125,888.6331787109375,403.376708984375,902.5087890625,400.68682861328125,882.99365234375,406.3219299316406,922.0225830078125,418.93426513671875,881.0223999023438,429.22711181640625,947.1435546875,438.6327209472656,877.3701782226562,457.9493408203125,953.6248779296875,459.6111145019531,885.8472900390625,476.3427429199219,932.043701171875,467.18292236328125,901.3046875,471.44012451171875,951.0657348632812,501.1277160644531,878.8698120117188,505.232421875,963.902099609375,543.5963134765625,865.8763427734375,546.7596435546875
892.0860595703125,401.4059143066406,894.6004028320312,396.92657470703125,889.0601806640625,398.5917663574219,904.8070068359375,396.691162109375,886.9835205078125,401.28826904296875,925.1497802734375,412.8009338378906,886.4661254882812,425.02880859375,955.587646484375,426.87371826171875,885.5996704101562,455.8116760253906,970.5296630859375,445.7734375,889.7529296875,478.45013427734375,932.7796630859375,463.0587158203125,903.3909912109375,467.9953308105469,954.1365966796875,498.20751953125,881.415771484375,503.48089599609375,970.690673828125,538.9578247070312,865.6276245117188,543.754638671875
905.1926879882812,393.7918701171875,907.1280517578125,389.93878173828125,901.6561889648438,391.41796875,913.2628784179688,391.9741516113281,897.749267578125,396.0567626953125,930.297119140625,410.31292724609375,892.0944213867188,421.2884216308594,957.182861328125,424.135986328125,896.7478637695312,450.6266784667969,973.488525390625,434.41827392578125,909.8243408203125,465.544677734375,933.9537353515625,464.27252197265625,903.303466796875,469.6747741699219,956.9376220703125,494.89947509765625,877.4478149414062,500.95953369140625,972.0613403320312,534.7601928710938,857.93603515625,541.4367065429688
917.4281005859375,386.1367492675781,919.5390625,382.0677490234375,912.3739013671875,383.561767578125,924.5700073242188,385.066650390625,905.68017578125,388.29742431640625,934.3558349609375,405.7025146484375,904.9129638671875,412.16998291015625,961.492919921875,417.3335266113281,910.6473999023438,433.7427062988281,982.6546630859375,422.4564208984375,935.7177734375,434.09161376953125,932.9451904296875,459.49676513671875,908.6160888671875,461.80126953125,954.1783447265625,493.0548095703125,887.0230712890625,495.1864013671875,965.6954345703125,535.9910278320312,859.7770385742188,537.2122192382812
928.8812255859375,380.1914978027344,931.103759765625,375.748779296875,924.077392578125,377.5269775390625,936.7042236328125,377.65301513671875,918.689208984375,382.212158203125,949.1998901367188,398.6165771484375,912.861572265625,406.9114990234375,965.4746704101562,416.51776123046875,913.44091796875,435.15789794921875,964.655029296875,413.83807373046875,938.9441528320312,434.0505065917969,943.9832153320312,448.8058776855469,915.101318359375,452.8534240722656,964.298095703125,485.75701904296875,895.1993408203125,490.32196044921875,966.9605712890625,526.9971923828125,873.0122680664062,532.7623901367188
938.4318237304688,375.6080017089844,941.6240234375,371.1620178222656,934.9791870117188,372.2835388183594,950.0604858398438,373.23101806640625,935.2864990234375,376.1578369140625,957.1710205078125,396.126220703125,936.366455078125,397.96148681640625,966.2850952148438,413.3216857910156,938.57080078125,415.8729248046875,960.5263671875,415.63128662109375,957.1322021484375,414.50177001953125,936.4242553710938,446.2793884277344,925.1650390625,445.8291015625,923.944091796875,487.7991943359375,929.5929565429688,487.16009521484375,901.1265869140625,529.7731323242188,927.6509399414062,529.4387817382812
955.13916015625,373.1324462890625,957.8076782226562,369.0859375,952.134765625,369.62786865234375,963.0708618164062,371.636474609375,947.93701171875,372.46728515625,965.52001953125,391.50811767578125,942.6754150390625,391.6848449707031,970.3543701171875,411.7916564941406,945.0375366210938,414.7854309082031,971.9053344726562,404.98114013671875,973.46484375,411.8145446777344,949.6810302734375,447.2926025390625,931.1588134765625,446.2259521484375,952.347900390625,488.33221435546875,913.2862548828125,486.6910400390625,944.54248046875,530.7732543945312,886.587158203125,529.440185546875
963.2598876953125,358.63128662109375,967.0515747070312,354.40087890625,961.6033935546875,354.0853271484375,975.5784301757812,357.275634765625,961.140625,356.2349853515625,980.7088623046875,378.556884765625,956.8672485351562,375.471923828125,981.1433715820312,402.8659973144531,953.9884643554688,396.52923583984375,971.1630249023438,400.0124816894531,971.1381225585938,393.5777587890625,966.868408203125,434.6424865722656,947.3533935546875,431.9281005859375,959.5046997070312,481.69189453125,921.294677734375,478.71051025390625,951.2701416015625,529.1089477539062,894.8355102539062,525.244873046875
983.909912109375,346.1651916503906,984.7077026367188,342.09356689453125,979.6417236328125,342.6735534667969,982.4022216796875,347.6548156738281,971.6614379882812,348.27496337890625,985.5673828125,374.39910888671875,961.43017578125,372.69085693359375,991.8238525390625,397.7480163574219,960.7234497070312,394.46649169921875,1002.3585205078125,381.95477294921875,983.9742431640625,379.78460693359375,971.2216796875,435.82745361328125,952.199462890625,434.65838623046875,977.7457275390625,481.901123046875,939.7353515625,479.15899658203125,960.837890625,523.2743530273438,907.4974365234375,518.01904296875
986.3875732421875,347.5596923828125,988.1488037109375,343.5585632324219,980.8853759765625,343.98046875,987.75634765625,348.79931640625,972.7747192382812,349.3083801269531,992.1624755859375,370.2613525390625,970.1597900390625,369.13800048828125,1011.9863891601562,369.47406005859375,989.2001953125,368.67791748046875,1023.1898803710938,348.9604797363281,1012.6624755859375,350.78466796875,980.5775756835938,429.43035888671875,962.9683837890625,428.37506103515625,986.412353515625,476.91046142578125,957.5751342773438,474.14141845703125,968.3908081054688,518.61669921875,931.3280639648438,514.1802978515625
991.9758911132812,352.26092529296875,995.4993896484375,347.8929748535156,986.84423828125,348.5307312011719,1001.1432495117188,350.7842102050781,979.4703369140625,352.0755615234375,1005.04541015625,370.31817626953125,975.859619140625,371.72247314453125,1015.5565795898438,373.2463073730469,983.7877197265625,376.1129150390625,1017.4324951171875,348.95281982421875,1005.26953125,348.78424072265625,994.3720703125,430.92938232421875,974.323974609375,431.5333251953125,1002.7152099609375,476.06097412109375,980.5946044921875,476.66143798828125,979.6444702148438,518.6263427734375,961.6318359375,520.1207275390625
988.6499633789062,336.80322265625,990.8402709960938,332.28546142578125,986.978271484375,332.42938232421875,997.597900390625,334.44940185546875,987.3755493164062,334.34844970703125,1006.9952392578125,351.439697265625,981.8069458007812,352.72833251953125,1014.7606201171875,363.437255859375,968.8468017578125,373.1502685546875,1007.835693359375,362.37109375,966.103515625,386.96527099609375,1002.5133056640625,410.7574768066406,986.64306640625,411.06524658203125,1007.6215209960938,463.9144287109375,997.997314453125,463.93145751953125,990.1546630859375,508.69189453125,982.978271484375,507.827392578125
1018.956787109375,342.478515625,1018.4842529296875,338.5650329589844,1015.388427734375,339.07916259765625,1011.890380859375,343.3748474121094,1007.763427734375,343.7540283203125,1008.1282958984375,363.41912841796875,1000.018798828125,364.330810546875,1008.3737182617188,371.5086669921875,1000.2225341796875,373.1563720703125,1012.5866088867188,352.23358154296875,1006.6858520507812,357.13861083984375,1004.7767333984375,425.007568359375,997.6825561523438,426.1900634765625,1030.4422607421875,469.732421875,1012.9368896484375,471.0308837890625,1013.4563598632812,509.7717590332031,984.72216796875,513.8275146484375
1026.098388671875,339.4990234375,1027.487548828125,335.70050048828125,1021.6126708984375,335.98846435546875,1025.065185546875,339.04949951171875,1012.592041015625,339.043212890625,1021.5419311523438,359.5251159667969,1006.3668823242188,359.90155029296875,1022.583740234375,379.71331787109375,1010.6097412109375,375.8037414550781,1021.8006591796875,369.7493896484375,1021.5916748046875,357.67340087890625,1020.41259765625,419.283447265625,1007.0386962890625,420.3402099609375,1044.209228515625,465.5738525390625,1008.0765380859375,468.0476989746094,1039.175048828125,506.5837097167969,980.3101806640625,513.5784912109375
1023.3067626953125,341.7674560546875,1026.767333984375,338.2001953125,1020.4417724609375,338.29254150390625,1034.4447021484375,342.33807373046875,1017.8245239257812,342.0323181152344,1037.658203125,363.0926513671875,1015.1573486328125,362.75787353515625,1036.525146484375,375.96942138671875,1005.5885009765625,371.498046875,1022.8690795898438,363.931396484375,1007.1884765625,355.8305969238281,1037.094482421875,423.99517822265625,1018.0025024414062,424.0619201660156,1055.739501953125,466.3800048828125,1007.37255859375,468.00225830078125,1059.51904296875,505.24847412109375,979.0120849609375,510.815185546875
1026.6241455078125,348.460693359375,1029.985107421875,344.27252197265625,1023.6641845703125,345.0804443359375,1040.4730224609375,345.3867492675781,1021.028564453125,347.5858154296875,1050.975341796875,361.9335021972656,1020.7242431640625,367.65240478515625,1067.4520263671875,366.57647705078125,1007.6947021484375,376.5491638183594,1056.1619873046875,355.421875,1009.099365234375,362.61322021484375,1048.796875,427.0498352050781,1024.4012451171875,429.50408935546875,1071.1832275390625,468.49066162109375,1010.3973388671875,472.941650390625,1080.2655029296875,503.7477722167969,980.5567016601562,511.0914001464844
1044.08203125,353.52972412109375,1048.452880859375,349.67620849609375,1040.677978515625,349.5004577636719,1056.44189453125,353.04974365234375,1036.71142578125,352.5947570800781,1058.52001953125,369.3366394042969,1036.2293701171875,372.86737060546875,1069.41455078125,369.252685546875,1039.776611328125,381.46832275390625,1063.4986572265625,354.0709228515625,1050.8140869140625,370.22283935546875,1055.3544921875,428.34930419921875,1037.7747802734375,429.8529968261719,1069.971923828125,470.1116638183594,1038.7034912109375,473.45404052734375,1070.1219482421875,502.7017822265625,1021.2335205078125,509.3982238769531
1052.927978515625,359.50048828125,1054.55615234375,355.2886962890625,1049.1190185546875,356.4598388671875,1056.716796875,357.75732421875,1045.2242431640625,360.6416015625,1058.742431640625,373.5315856933594,1049.356689453125,381.149169921875,1080.31884765625,363.709716796875,1066.10595703125,381.024169921875,1095.0625,342.3519592285156,1083.137451171875,353.5462646484375,1064.8829345703125,435.51239013671875,1053.1370849609375,438.79595947265625,1088.137939453125,472.69415283203125,1036.45751953125,477.9229736328125,1095.7098388671875,509.16278076171875,1006.1661987304688,517.9669189453125
1059.867919921875,360.78424072265625,1061.6630859375,357.12152099609375,1055.7265625,358.2507019042969,1064.9281005859375,359.4793701171875,1050.525634765625,362.3392333984375,1070.666748046875,373.1216125488281,1046.5196533203125,383.54327392578125,1096.84033203125,367.4656677246094,1049.0394287109375,398.14471435546875,1114.66455078125,342.99853515625,1065.4827880859375,382.9756164550781,1069.179443359375,430.0189208984375,1049.3172607421875,435.5330810546875,1095.466064453125,469.1715087890625,1046.95263671875,476.344970703125,1094.6787109375,501.49127197265625,1015.7374877929688,510.5107421875
1064.27197265625,365.38787841796875,1067.509521484375,361.31658935546875,1059.5340576171875,362.3349609375,1074.260498046875,363.26141357421875,1053.302001953125,365.6664733886719,1079.82958984375,378.06292724609375,1051.0059814453125,386.9022216796875,1107.822021484375,380.131591796875,1044.17626953125,403.11083984375,1129.916748046875,371.5849914550781,1056.0888671875,391.4974365234375,1078.550537109375,432.05926513671875,1058.3365478515625,436.749755859375,1100.8809814453125,468.84039306640625,1064.628173828125,475.5412902832031,1096.2332763671875,499.5738830566406,1038.494384765625,508.0931396484375
1072.7822265625,364.90655517578125,1075.2257080078125,360.6935119628906,1067.563232421875,361.0877380371094,1076.84423828125,363.7861633300781,1059.32861328125,364.41448974609375,1079.9700927734375,385.4191589355469,1053.1607666015625,387.0696716308594,1088.1829833984375,405.92431640625,1052.554931640625,411.25946044921875,1090.22705078125,397.12591552734375,1069.82763671875,400.73260498046875,1083.1097412109375,442.833984375,1064.633056640625,444.620849609375,1103.620849609375,471.802490234375,1071.625,473.4212646484375,1092.9554443359375,513.1376342773438,1055.6573486328125,515.5320434570312
1075.81396484375,360.541748046875,1078.9222412109375,356.68292236328125,1071.145263671875,357.034423828125,1084.1591796875,360.0431213378906,1064.522705078125,360.457275390625,1090.8380126953125,381.91558837890625,1057.0235595703125,382.84796142578125,1118.129638671875,404.1894836425781,1041.94287109375,405.50958251953125,1142.537841796875,422.74761962890625,1046.5445556640625,410.02850341796875,1085.09521484375,437.6159362792969,1063.2723388671875,438.771728515625,1105.041015625,471.12896728515625,1072.3321533203125,473.96844482421875,1095.17333984375,506.0380859375,1049.392578125,510.6310729980469
1078.4874267578125,358.093505859375,1082.080810546875,354.1141357421875,1074.44921875,354.1040954589844,1087.990966796875,356.3932800292969,1067.58837890625,356.07275390625,1090.4449462890625,377.88824462890625,1058.57666015625,378.00347900390625,1105.9007568359375,403.14404296875,1041.4510498046875,401.8970947265625,1120.5230712890625,424.51568603515625,1042.482666015625,412.9178466796875,1079.846435546875,429.97064208984375,1058.06591796875,430.77044677734375,1103.8031005859375,469.810546875,1064.2698974609375,472.20098876953125,1096.2410888671875,507.0542907714844,1040.01318359375,511.6277160644531
1079.243896484375,355.92071533203125,1082.632080078125,352.46978759765625,1076.057861328125,352.12371826171875,1088.3375244140625,356.09771728515625,1069.573974609375,355.11358642578125,1092.35546875,378.21136474609375,1057.2872314453125,378.42767333984375,1100.2646484375,403.5240783691406,1041.4365234375,406.4880065917969,1099.986328125,419.9957275390625,1044.8388671875,430.18426513671875,1083.02490234375,427.592041015625,1057.4915771484375,428.77520751953125,1107.6170654296875,463.7294921875,1057.43701171875,465.4578552246094,1101.798828125,503.6022033691406,1035.2939453125,507.0860595703125
1082.24951171875,355.6563720703125,1085.718017578125,352.25006103515625,1078.9881591796875,351.5785217285156,1090.178955078125,355.89404296875,1071.18798828125,353.92987060546875,1090.922119140625,378.63543701171875,1056.155517578125,376.3817138671875,1095.078125,406.3658447265625,1037.897705078125,403.9349365234375,1092.7384033203125,425.69677734375,1043.8397216796875,430.67742919921875,1076.83642578125,424.9455871582031,1051.1463623046875,425.1634826660156,1103.7681884765625,462.6361083984375,1050.9664306640625,463.11065673828125,1101.61865234375,503.884521484375,1030.66796875,506.6304016113281
1082.302001953125,354.8647155761719,1086.315185546875,351.5536193847656,1079.5789794921875,350.46697998046875,1091.31689453125,355.50225830078125,1072.5528564453125,352.677490234375,1090.908447265625,379.66436767578125,1056.4442138671875,376.19549560546875,1092.1768798828125,409.42572021484375,1037.3973388671875,403.580078125,1089.144775390625,431.397216796875,1039.1763916015625,429.8826599121094,1074.96044921875,426.2513122558594,1049.3074951171875,425.86297607421875,1099.2664794921875,462.0238952636719,1044.2012939453125,462.36676025390625,1102.02880859375,504.02227783203125,1027.457763671875,507.5657958984375
1083.093505859375,356.8453369140625,1086.998779296875,353.68231201171875,1080.4510498046875,352.4698791503906,1091.49267578125,358.1540222167969,1073.0374755859375,354.9837646484375,1091.0594482421875,383.0197448730469,1055.231201171875,378.4736328125,1091.9044189453125,414.1762390136719,1034.84423828125,405.39703369140625,1087.4454345703125,438.9491271972656,1035.449951171875,432.75439453125,1072.5223388671875,427.15283203125,1045.84228515625,426.1513366699219,1096.806396484375,461.05450439453125,1038.9573974609375,460.87725830078125,1098.51611328125,503.5177001953125,1021.3983764648438,506.9478759765625
1079.572509765625,361.68121337890625,1083.5565185546875,358.23895263671875,1076.539794921875,357.2870178222656,1088.96923828125,361.4548645019531,1068.6905517578125,358.8612060546875,1089.8455810546875,383.791259765625,1051.9542236328125,380.67218017578125,1089.9017333984375,413.3978576660156,1033.308349609375,408.6363525390625,1079.28125,435.390380859375,1036.9632568359375,436.8077087402344,1069.8873291015625,427.3018798828125,1041.948974609375,426.4757995605469,1090.2181396484375,461.74755859375,1032.80712890625,461.76092529296875,1085.114501953125,502.49871826171875,1012.1771240234375,506.0733947753906
1076.8759765625,366.3294677734375,1080.5931396484375,363.0157470703125,1073.4371337890625,362.17333984375,1084.9208984375,367.0306091308594,1065.1395263671875,364.6417236328125,1086.1160888671875,390.71600341796875,1049.376708984375,387.21600341796875,1085.6859130859375,419.9365539550781,1033.2552490234375,414.906494140625,1077.9427490234375,440.93695068359375,1035.79541015625,444.32757568359375,1067.390869140625,431.5809326171875,1040.1259765625,430.2030944824219,1084.43896484375,465.43939208984375,1025.6326904296875,464.0185546875,1080.262451171875,505.6771545410156,1006.1361083984375,506.101318359375
1073.159423828125,372.5349426269531,1076.6591796875,369.60028076171875,1070.2880859375,368.45941162109375,1080.5882568359375,372.7176818847656,1062.369140625,369.66619873046875,1082.91015625,393.95184326171875,1045.858642578125,389.277587890625,1083.9453125,421.2353515625,1029.0865478515625,413.01287841796875,1073.73828125,441.7372741699219,1028.3984375,440.00921630859375,1065.826171875,430.8756408691406,1038.3148193359375,428.81805419921875,1079.768310546875,466.2891540527344,1018.979248046875,464.3236083984375,1080.4154052734375,507.90399169921875,1003.9588623046875,508.2591247558594
1065.86962890625,375.35888671875,1069.6287841796875,372.5059814453125,1062.747802734375,371.41632080078125,1073.53515625,377.375,1055.171142578125,374.7124328613281,1075.9951171875,400.05303955078125,1039.115966796875,396.14215087890625,1074.159423828125,428.69793701171875,1024.23974609375,421.881103515625,1069.22265625,452.5028076171875,1017.1803588867188,450.944580078125,1059.579833984375,430.62786865234375,1030.87744140625,429.23114013671875,1081.80810546875,471.5852966308594,1010.9285888671875,470.07403564453125,1091.5718994140625,512.779296875,996.9232177734375,512.3280029296875
1058.0048828125,378.1711120605469,1063.623291015625,374.2279357910156,1054.7060546875,372.51202392578125,1069.6781005859375,377.50616455078125,1047.369384765625,372.5860595703125,1070.570556640625,400.6375732421875,1031.42724609375,394.1624755859375,1072.362548828125,429.5738525390625,1011.219970703125,419.25103759765625,1072.26806640625,448.8923034667969,1009.818603515625,443.31982421875,1051.588623046875,445.12017822265625,1022.381591796875,442.38568115234375,1074.741943359375,472.52435302734375,1001.5697021484375,470.69940185546875,1083.4110107421875,512.7803344726562,987.8710327148438,510.7597961425781
1047.498291015625,374.4638671875,1050.8280029296875,370.9903564453125,1043.777099609375,370.4599609375,1056.27978515625,372.7061462402344,1036.200439453125,370.88311767578125,1061.5965576171875,394.874755859375,1024.8040771484375,388.54962158203125,1069.6158447265625,423.4648132324219,1002.369140625,405.1729431152344,1071.4609375,451.8135681152344,994.0985107421875,422.4796142578125,1051.412109375,432.90478515625,1023.89697265625,430.25628662109375,1072.5279541015625,467.6190490722656,1002.3681640625,465.11920166015625,1086.6099853515625,508.32904052734375,988.4117431640625,507.6440734863281
1040.6474609375,375.07342529296875,1043.981201171875,372.008056640625,1036.9169921875,371.2735290527344,1048.0244140625,373.6886901855469,1028.930419921875,371.7490234375,1053.50146484375,393.5788879394531,1015.7232666015625,388.02447509765625,1066.6866455078125,417.37255859375,990.2613525390625,401.89215087890625,1070.91943359375,441.61767578125,972.2884521484375,415.9217529296875,1044.1314697265625,434.0948181152344,1015.4957275390625,431.6300354003906,1068.419921875,463.87518310546875,990.3380126953125,462.3437805175781,1088.0675048828125,507.8258972167969,974.5089111328125,508.91851806640625
1034.896484375,377.0272521972656,1038.357177734375,373.928466796875,1031.4732666015625,373.20501708984375,1043.3623046875,375.1982421875,1024.608642578125,373.35076904296875,1050.07373046875,393.6325378417969,1012.3427124023438,388.170166015625,1064.806396484375,414.5248718261719,985.108642578125,399.3084716796875,1070.5262451171875,434.44927978515625,965.9285888671875,409.74835205078125,1042.226318359375,435.31170654296875,1013.8734741210938,432.81011962890625,1064.550048828125,465.2804260253906,989.481689453125,463.4759521484375,1084.66748046875,510.9256896972656,974.5,511.02520751953125
1029.667724609375,376.83599853515625,1033.0831298828125,373.6873779296875,1026.1536865234375,373.0968017578125,1038.6864013671875,375.0790100097656,1019.5632934570312,373.5218505859375,1047.027099609375,394.0770263671875,1007.0278930664062,388.3665771484375,1064.5718994140625,415.36102294921875,976.8226318359375,399.75860595703125,1073.0836181640625,435.99822998046875,956.281982421875,411.8938293457031,1037.6820068359375,435.66192626953125,1008.3836669921875,432.8826599121094,1062.4525146484375,464.977294921875,988.7406005859375,462.3223571777344,1077.291748046875,511.2453918457031,971.0068359375,509.2884521484375
1023.390625,376.017822265625,1027.2750244140625,372.7308654785156,1020.2063598632812,372.2077331542969,1034.95361328125,374.31170654296875,1014.550048828125,373.26788330078125,1045.3070068359375,394.271484375,1005.028564453125,390.6719970703125,1062.1005859375,414.44140625,980.8877563476562,404.2103271484375,1067.55908203125,430.4391174316406,959.753173828125,418.5335693359375,1037.137939453125,435.62921142578125,1007.41162109375,433.3585510253906,1055.666015625,469.3645935058594,982.4398193359375,466.29937744140625,1074.82080078125,514.5108642578125,970.801513671875,510.70147705078125
1020.2562255859375,378.75885009765625,1024.1031494140625,375.7313232421875,1016.5508422851562,375.03985595703125,1030.5888671875,377.9186096191406,1010.1754760742188,376.09112548828125,1039.4248046875,398.47113037109375,998.8811645507812,391.78826904296875,1057.68701171875,420.0315856933594,971.8990478515625,403.6300964355469,1069.7607421875,442.0998229980469,953.8431396484375,418.2781982421875,1029.4576416015625,440.3140869140625,998.8448486328125,436.6021728515625,1055.926513671875,472.1885986328125,974.685791015625,467.82293701171875,1073.60302734375,519.66552734375,954.294921875,514.3873901367188
1015.646484375,382.4696044921875,1019.3182983398438,379.2375183105469,1011.564453125,378.6845703125,1024.8775634765625,380.75439453125,1003.7032470703125,379.12115478515625,1034.5047607421875,400.4598388671875,990.2565307617188,395.8121337890625,1054.77001953125,423.5137023925781,966.0932006835938,414.23663330078125,1070.289794921875,446.28082275390625,955.0933837890625,433.52532958984375,1023.6937255859375,444.5064697265625,990.3643798828125,441.73297119140625,1052.5264892578125,476.5518798828125,965.3984985351562,473.10797119140625,1066.1011962890625,521.0216674804688,941.462646484375,516.41455078125
1012.8414916992188,380.78192138671875,1016.0015869140625,377.3852233886719,1009.5616455078125,376.7185363769531,1021.3304443359375,378.87713623046875,1002.444580078125,377.010009765625,1028.4593505859375,400.28778076171875,991.4448852539062,397.3323669433594,1046.65771484375,423.6322021484375,971.1627197265625,417.72930908203125,1057.2947998046875,445.523193359375,959.8529663085938,440.4078369140625,1021.648193359375,448.3248596191406,991.7900390625,447.43243408203125,1050.715576171875,485.11724853515625,961.2708740234375,483.8233337402344,1069.9296875,529.0747680664062,932.6669311523438,527.4501342773438
1010.7279052734375,388.2947998046875,1013.538330078125,384.882568359375,1007.4464721679688,384.39971923828125,1018.4481201171875,386.032470703125,1000.3060302734375,384.54815673828125,1026.525390625,407.18756103515625,989.6490478515625,404.08233642578125,1045.1741943359375,432.41729736328125,969.357177734375,424.4510192871094,1050.129638671875,458.0257568359375,963.1104125976562,448.6754150390625,1020.684326171875,453.11932373046875,990.60205078125,451.9043884277344,1048.99072265625,487.422119140625,955.9281005859375,485.814697265625,1067.987060546875,527.547119140625,926.043701171875,525.78466796875
1008.44384765625,392.212646484375,1011.1488647460938,388.51806640625,1004.4810791015625,388.20123291015625,1014.2471923828125,389.9013977050781,996.2561645507812,389.0160827636719,1024.2188720703125,412.25360107421875,982.889892578125,410.15509033203125,1039.8487548828125,440.146240234375,967.43212890625,434.68896484375,1045.312255859375,460.301513671875,966.9395141601562,456.66253662109375,1021.8279418945312,461.91290283203125,988.2266235351562,462.0892639160156,1045.4327392578125,493.44696044921875,957.19677734375,493.05938720703125,1057.34423828125,530.7847290039062,929.2322998046875,529.55224609375
1013.1346435546875,395.2493591308594,1016.1123046875,391.6375732421875,1009.20751953125,391.1971435546875,1019.2972412109375,393.6763000488281,1000.7495727539062,392.6042175292969,1028.1015625,417.1124267578125,986.65380859375,413.9978942871094,1042.318359375,444.77227783203125,969.6365966796875,437.17169189453125,1046.0682373046875,461.3952941894531,970.4732666015625,456.521728515625,1020.548828125,465.8513488769531,986.8172607421875,465.3338623046875,1045.0958251953125,494.84161376953125,956.6258544921875,493.274658203125,1056.90576171875,531.7589111328125,928.77490234375,528.91748046875
1020.6407470703125,393.33441162109375,1024.6199951171875,390.836669921875,1017.9285278320312,389.11572265625,1029.9830322265625,395.34625244140625,1010.5645751953125,390.2793273925781,1030.906982421875,419.1354675292969,995.2386474609375,410.2130126953125,1044.39501953125,440.6763610839844,971.65576171875,426.08831787109375,1049.96337890625,441.82763671875,982.9112548828125,434.4218444824219,1012.6024169921875,465.1527099609375,982.9074096679688,461.6831359863281,1048.7528076171875,493.51092529296875,960.2217407226562,488.12451171875,1063.5252685546875,532.5133056640625,925.0618286132812,525.1331176757812
1034.6719970703125,396.0538330078125,1037.30615234375,392.98272705078125,1030.5579833984375,391.726318359375,1036.2833251953125,395.336181640625,1018.1485595703125,391.16815185546875,1033.246826171875,416.0926513671875,997.51611328125,409.2864990234375,1047.364990234375,436.9100341796875,976.5478515625,427.57183837890625,1061.599609375,438.5931396484375,997.94091796875,433.1227111816406,1011.5316162109375,460.219970703125,981.6314697265625,458.6295166015625,1052.14208984375,489.95458984375,961.474853515625,487.1254577636719,1069.12109375,530.424560546875,930.2958984375,527.079345703125
1037.4444580078125,398.03717041015625,1040.740966796875,395.0820007324219,1034.2698974609375,393.8945617675781,1042.26904296875,396.6979064941406,1025.334228515625,393.22161865234375,1038.0491943359375,416.08172607421875,1011.114013671875,409.53424072265625,1050.6787109375,436.31524658203125,985.690185546875,425.4471435546875,1063.6689453125,446.0662841796875,982.6651611328125,436.643798828125,1016.2069091796875,460.13006591796875,993.0609741210938,456.3106384277344,1044.7579345703125,488.7124328613281,966.3475341796875,483.873291015625,1060.851806640625,529.1874389648438,930.53759765625,522.7266235351562
1045.4720458984375,396.7298583984375,1047.382568359375,393.77850341796875,1043.1636962890625,392.78271484375,1044.7559814453125,395.2233581542969,1035.771484375,392.67388916015625,1038.37451171875,414.772216796875,1021.527099609375,408.8284606933594,1051.380126953125,436.54071044921875,995.0992431640625,419.1314392089844,1068.568359375,450.994140625,975.8480224609375,429.6089172363281,1007.4794921875,460.96697998046875,1007.9613037109375,458.7010498046875,974.050537109375,490.60064697265625,1038.9097900390625,488.5970764160156,931.615478515625,525.2042236328125,1053.52197265625,525.5262451171875
1049.668701171875,398.1470031738281,1052.9052734375,395.4806213378906,1046.9725341796875,394.0731201171875,1053.6708984375,397.89666748046875,1039.5501708984375,394.2724914550781,1048.1954345703125,417.0268249511719,1024.8670654296875,408.2249755859375,1063.578857421875,436.62652587890625,988.3939819335938,414.94219970703125,1079.305908203125,447.3487548828125,965.6475830078125,418.90234375,1021.61083984375,457.8587646484375,1010.4375,453.7244873046875,1017.157470703125,492.3807373046875,1017.8328857421875,488.55267333984375,1004.565185546875,530.749755859375,1009.70263671875,528.8325805664062
1056.70703125,396.7012939453125,1060.3294677734375,394.57623291015625,1055.057373046875,391.60980224609375,1061.857421875,397.927978515625,1047.3367919921875,389.85552978515625,1058.816162109375,419.331787109375,1027.9649658203125,403.58123779296875,1071.3690185546875,441.00738525390625,997.0103759765625,410.4551696777344,1088.4130859375,450.708984375,971.685546875,425.31591796875,1035.162841796875,456.7158508300781,1009.3824462890625,449.30810546875,1053.18505859375,490.68182373046875,973.9609375,480.81695556640625,1060.39990234375,534.5831298828125,932.5882568359375,522.05029296875
1061.4830322265625,401.4466552734375,1065.2275390625,399.3957824707031,1059.5272216796875,396.44573974609375,1067.0264892578125,403.02142333984375,1051.5496826171875,395.0796203613281,1063.9775390625,424.47735595703125,1034.3619384765625,408.1297302246094,1079.171142578125,447.375244140625,1002.4434814453125,411.9207458496094,1094.503173828125,460.4111328125,971.9734497070312,422.17584228515625,1041.1422119140625,457.6375732421875,1015.80712890625,449.93890380859375,1058.22216796875,490.150146484375,976.311279296875,480.52130126953125,1067.161865234375,534.5462646484375,933.272705078125,522.7001953125
1060.00390625,396.68353271484375,1062.162353515625,393.6005859375,1060.0150146484375,392.78558349609375,1063.093994140625,395.17913818359375,1058.454345703125,394.0458068847656,1058.606201171875,414.5767822265625,1047.99609375,410.7140808105469,1060.6201171875,439.33837890625,1043.473876953125,427.9053955078125,1066.952392578125,456.46710205078125,1056.5498046875,436.0939636230469,1030.79443359375,450.04638671875,1018.3328247070312,447.53265380859375,1040.5933837890625,491.7521667480469,988.2864990234375,489.1241455078125,1041.1258544921875,533.6336059570312,958.4080810546875,531.68017578125
1064.1982421875,395.2412109375,1065.9686279296875,391.9296875,1064.426025390625,391.40179443359375,1066.64501953125,393.56817626953125,1063.57568359375,393.1432800292969,1062.4039306640625,412.17620849609375,1053.4302978515625,409.83123779296875,1062.1170654296875,436.9638671875,1048.397216796875,430.1331481933594,1066.4239501953125,453.9810791015625,1063.7689208984375,442.22381591796875,1033.57373046875,446.50262451171875,1020.9415283203125,444.5528869628906,1045.7186279296875,488.531005859375,987.55029296875,486.54888916015625,1046.8343505859375,531.5555419921875,951.3397216796875,530.7321166992188
1063.4267578125,405.34661865234375,1066.826904296875,402.3796691894531,1062.161376953125,401.20220947265625,1069.8199462890625,404.61083984375,1057.8868408203125,401.99761962890625,1066.4307861328125,423.812255859375,1043.806884765625,415.9047546386719,1068.40576171875,450.8255615234375,1027.0172119140625,426.48291015625,1074.00927734375,469.7258605957031,1031.5,429.6394958496094,1037.305419921875,449.4622802734375,1016.22998046875,445.84539794921875,1053.8798828125,488.40972900390625,986.1600341796875,484.8005676269531,1054.668701171875,530.7117919921875,949.3094482421875,527.9473876953125
1062.72265625,409.57080078125,1066.872314453125,406.7750244140625,1061.030517578125,405.14813232421875,1071.37158203125,409.6705627441406,1055.902099609375,405.51666259765625,1070.06591796875,429.239501953125,1039.6827392578125,418.22100830078125,1072.4842529296875,456.4706726074219,1015.83740234375,424.62225341796875,1075.87451171875,475.58148193359375,1013.0377197265625,427.3306884765625,1042.682861328125,451.49078369140625,1016.8463134765625,446.61102294921875,1057.18701171875,488.00836181640625,984.6846923828125,482.8440856933594,1056.302978515625,529.4794311523438,948.0048828125,524.680419921875
1064.64111328125,414.11175537109375,1069.359130859375,411.76220703125,1063.126953125,409.2693786621094,1074.227294921875,414.68939208984375,1057.083984375,408.13336181640625,1070.5360107421875,434.56329345703125,1039.21728515625,418.754150390625,1074.579833984375,461.28631591796875,1006.7374877929688,419.7120666503906,1080.4615478515625,480.6644287109375,988.878662109375,425.8662414550781,1039.2899169921875,455.798095703125,1013.6072998046875,448.79254150390625,1058.417724609375,489.83660888671875,985.4511108398438,481.5010070800781,1059.728271484375,527.6495361328125,948.426513671875,518.6256713867188
1066.890625,413.5161437988281,1071.7137451171875,411.07708740234375,1065.2900390625,408.555419921875,1076.60986328125,413.8094787597656,1058.5185546875,407.06707763671875,1071.9971923828125,434.0131530761719,1039.848876953125,417.72674560546875,1075.3057861328125,463.1387939453125,1003.9580078125,420.08123779296875,1081.395751953125,485.31854248046875,989.3154296875,427.33245849609375,1040.043701171875,454.0316162109375,1014.0404052734375,446.99468994140625,1058.33984375,488.1695251464844,986.8558349609375,479.92279052734375,1059.0301513671875,527.185546875,949.7633056640625,518.682861328125
1067.03857421875,414.78497314453125,1071.22900390625,412.0146789550781,1065.5400390625,409.978271484375,1074.650146484375,413.4352111816406,1058.78271484375,408.1893310546875,1069.798583984375,430.9656982421875,1038.8697509765625,418.38177490234375,1074.47998046875,461.659423828125,1011.99560546875,428.385009765625,1080.49462890625,484.3981018066406,1013.5208129882812,436.8161315917969,1032.940185546875,448.87200927734375,1007.1480712890625,443.712890625,1057.8658447265625,484.34246826171875,987.0283813476562,478.47149658203125,1057.419677734375,525.0191650390625,950.1249389648438,519.814453125
1066.3916015625,413.4217529296875,1070.1826171875,410.49407958984375,1063.46728515625,408.781494140625,1073.500244140625,411.9525146484375,1054.9376220703125,407.0023193359375,1070.5179443359375,428.4599304199219,1038.21435546875,414.9078369140625,1073.125732421875,453.03253173828125,1005.365234375,423.27069091796875,1073.0111083984375,472.7200012207031,1002.48681640625,431.84844970703125,1040.2298583984375,447.7499084472656,1013.863037109375,440.3375244140625,1059.9949951171875,483.1004333496094,985.555419921875,474.81268310546875,1063.16796875,527.8541259765625,949.1513671875,518.6759033203125
1062.2230224609375,412.1170654296875,1066.47119140625,409.2713928222656,1059.04345703125,407.56439208984375,1071.3350830078125,411.4908142089844,1051.16650390625,406.7474365234375,1071.164306640625,429.7705993652344,1037.1873779296875,416.7669677734375,1074.083251953125,454.7355651855469,1011.6297607421875,426.3529357910156,1072.05419921875,474.86004638671875,1006.943115234375,437.6794738769531,1045.7257080078125,451.275634765625,1018.7371215820312,443.8642578125,1059.5328369140625,483.8302001953125,987.8776245117188,475.1379089355469,1062.759521484375,526.686767578125,958.45263671875,516.4860229492188
1057.2314453125,411.5518798828125,1061.171875,408.517333984375,1054.5447998046875,407.0056457519531,1065.8271484375,410.30767822265625,1047.1134033203125,406.0196228027344,1066.46240234375,427.36212158203125,1031.7406005859375,417.989013671875,1071.8153076171875,452.83599853515625,1008.6668701171875,433.79833984375,1071.346923828125,474.6383972167969,1005.8814697265625,454.1580505371094,1042.6046142578125,450.07354736328125,1014.5751342773438,444.7945556640625,1058.508056640625,480.26507568359375,983.398193359375,473.8795166015625,1066.671875,525.6668090820312,955.617919921875,518.6683349609375
1045.434814453125,409.388427734375,1049.470458984375,406.3158874511719,1042.8834228515625,404.83209228515625,1054.8590087890625,408.7277526855469,1036.072509765625,404.7106018066406,1058.6904296875,426.6390380859375,1019.9163208007812,418.8094482421875,1068.453857421875,453.72821044921875,997.922607421875,438.80462646484375,1070.0987548828125,478.2701110839844,993.8289184570312,462.09063720703125,1038.1473388671875,448.61468505859375,1007.7486572265625,444.2824401855469,1056.526123046875,478.9823913574219,980.5496826171875,473.79730224609375,1066.15625,525.4495849609375,957.0291748046875,519.67626953125
1039.5826416015625,404.81622314453125,1043.420654296875,401.29345703125,1035.9140625,400.4705810546875,1049.2666015625,402.988525390625,1028.041748046875,400.161865234375,1054.8443603515625,422.048828125,1013.47802734375,414.11614990234375,1065.4439697265625,449.60736083984375,983.6788330078125,428.45361328125,1067.880615234375,472.717041015625,983.374267578125,437.199462890625,1038.9749755859375,449.4797058105469,1007.697998046875,445.689208984375,1056.63232421875,475.0062561035156,979.5673828125,470.95001220703125,1066.3162841796875,522.38916015625,958.630126953125,517.8187866210938
1032.9111328125,403.34967041015625,1037.076904296875,399.99755859375,1029.24853515625,398.7379150390625,1043.201904296875,401.96270751953125,1021.0556030273438,397.7917785644531,1048.282958984375,421.2541809082031,1005.4326782226562,411.912841796875,1063.138671875,446.8893127441406,975.026123046875,424.02508544921875,1066.376708984375,467.57501220703125,980.443359375,430.40838623046875,1033.28515625,451.91241455078125,1001.3572998046875,447.9298095703125,1053.841064453125,480.6691589355469,978.238525390625,476.48187255859375,1063.2037353515625,526.0610961914062,958.5743408203125,521.5493774414062
1026.326416015625,396.9597473144531,1030.123046875,393.8315734863281,1023.7274780273438,392.272216796875,1035.507080078125,394.2230224609375,1016.3461303710938,389.90234375,1041.93994140625,412.5618896484375,1000.1395263671875,404.301513671875,1055.177001953125,440.1285095214844,976.9638061523438,420.20849609375,1061.524169921875,463.5563049316406,972.4821166992188,435.2414245605469,1031.58642578125,449.6012878417969,1000.4996337890625,446.7737731933594,1049.501708984375,480.853759765625,976.3200073242188,477.78057861328125,1061.2130126953125,524.7767944335938,961.5460205078125,522.29931640625
1020.3497314453125,394.474609375,1023.7200927734375,391.25006103515625,1017.701904296875,390.01849365234375,1028.2137451171875,391.62689208984375,1010.2657470703125,388.3374938964844,1035.259765625,408.8608703613281,994.6444702148438,403.5528259277344,1053.954345703125,431.396484375,972.2437744140625,420.441650390625,1063.2615966796875,452.66192626953125,966.959716796875,438.2489013671875,1025.099609375,448.4090881347656,995.152587890625,446.74005126953125,1042.4229736328125,482.8243103027344,973.0859375,480.88861083984375,1058.1673583984375,527.0037231445312,961.5496826171875,525.3253173828125
1014.8778076171875,389.62677001953125,1017.5894165039062,386.3068542480469,1011.5159912109375,385.6881408691406,1020.5007934570312,386.94781494140625,1003.2164306640625,385.2198486328125,1028.1485595703125,404.23956298828125,989.1802368164062,401.474365234375,1047.3853759765625,423.71978759765625,969.6919555664062,417.87841796875,1056.75,440.062744140625,967.0665893554688,431.68304443359375,1021.4520263671875,446.780517578125,992.552978515625,446.33331298828125,1039.0216064453125,482.7091064453125,971.3834838867188,481.88848876953125,1057.3115234375,527.0787353515625,962.040283203125,525.8707275390625
1010.69140625,385.02337646484375,1013.3546142578125,381.74102783203125,1007.4312744140625,381.3417663574219,1016.794921875,383.227294921875,999.811767578125,382.033447265625,1024.862548828125,401.877197265625,986.634765625,400.078857421875,1044.0135498046875,420.75689697265625,967.3533935546875,417.15362548828125,1054.045166015625,435.2021484375,966.6985473632812,428.8062744140625,1018.200439453125,447.45941162109375,990.2127685546875,447.2888488769531,1033.15625,484.01934814453125,970.11865234375,483.64080810546875,1050.11474609375,527.9774780273438,961.5928955078125,527.353515625
1006.032958984375,385.5189208984375,1008.7369384765625,381.9407043457031,1002.4000244140625,381.8765869140625,1013.154541015625,382.79901123046875,994.9017333984375,382.4705810546875,1023.447021484375,401.3804626464844,983.4600830078125,400.259521484375,1042.8797607421875,420.445068359375,963.4385986328125,417.6091003417969,1048.28271484375,432.8189392089844,964.4086303710938,428.5509338378906,1018.64697265625,448.4854736328125,990.146484375,448.24456787109375,1030.80419921875,485.011474609375,970.9495849609375,484.1358642578125,1043.212158203125,530.0255737304688,963.1305541992188,528.1143188476562
1002.5260620117188,387.7772216796875,1005.595947265625,383.9715576171875,998.5065307617188,383.87359619140625,1010.8861083984375,384.3705139160156,990.8688354492188,384.0943908691406,1022.6248168945312,402.83343505859375,980.5515747070312,402.30218505859375,1042.0302734375,420.1857604980469,962.3511962890625,422.49609375,1047.850341796875,431.1287841796875,957.9305419921875,443.51275634765625,1019.7371826171875,450.1290283203125,990.4168701171875,449.552001953125,1028.1561279296875,488.442138671875,970.3602294921875,486.1976623535156,1036.716064453125,534.80322265625,963.7904663085938,530.3002319335938
998.4697265625,388.86212158203125,1001.3394775390625,385.0869140625,994.482421875,384.9342041015625,1006.3156127929688,385.6319580078125,987.0664672851562,384.99090576171875,1018.0968017578125,404.303955078125,977.8866577148438,403.11383056640625,1037.55126953125,423.7530517578125,961.9447021484375,423.77423095703125,1046.1905517578125,440.62225341796875,958.3606567382812,447.00927734375,1019.86083984375,450.887939453125,992.036865234375,450.2720031738281,1024.3349609375,489.49554443359375,971.8276977539062,487.45062255859375,1033.5941162109375,536.5655517578125,967.3544921875,532.3338623046875
994.9605102539062,394.44921875,998.0042724609375,390.66265869140625,990.9444580078125,390.51123046875,1003.4441528320312,392.2634582519531,983.7889404296875,391.6489562988281,1015.4141845703125,411.40008544921875,975.9537353515625,411.1701965332031,1035.8914794921875,429.97076416015625,960.9835205078125,433.0238342285156,1039.6966552734375,445.5648193359375,959.76708984375,458.3199462890625,1020.6500244140625,456.31884765625,993.8583984375,456.005859375,1020.2847290039062,488.6907958984375,973.9730224609375,487.0245361328125,1027.3787841796875,536.53759765625,972.5875854492188,532.8765869140625
992.7978515625,401.6959228515625,995.5758056640625,396.79119873046875,988.442138671875,397.6112365722656,1001.8223876953125,396.9006042480469,981.9274291992188,399.0018310546875,1013.701904296875,416.21490478515625,975.67333984375,418.23858642578125,1028.4952392578125,440.771728515625,960.434814453125,442.9314880371094,1030.168701171875,465.55621337890625,952.8057861328125,466.628662109375,1012.7199096679688,462.3394775390625,987.2407836914062,463.0967102050781,1018.449951171875,492.8885498046875,974.2305908203125,493.0060729980469,1022.8203125,538.05908203125,969.662841796875,537.817626953125
988.677734375,407.04217529296875,991.2103271484375,401.8773193359375,984.2625732421875,403.03076171875,997.866455078125,401.05645751953125,978.2451782226562,404.06866455078125,1010.3355102539062,419.24102783203125,975.07568359375,422.16009521484375,1024.1937255859375,442.63555908203125,960.593994140625,445.62957763671875,1025.2701416015625,469.25518798828125,949.796142578125,470.841064453125,1012.9820556640625,463.929931640625,989.1060791015625,464.93194580078125,1017.750244140625,498.4246826171875,976.0335693359375,498.62481689453125,1024.6917724609375,541.0269775390625,972.7380981445312,540.5546875
988.9373779296875,409.38677978515625,992.2822265625,405.7779541015625,984.9906005859375,405.5109558105469,998.6134643554688,407.47509765625,979.3084716796875,406.5035705566406,1008.6583251953125,426.4776306152344,975.35986328125,423.86456298828125,1029.46875,448.9853515625,960.9661865234375,445.58349609375,1037.98095703125,471.3424987792969,956.597412109375,470.12347412109375,1012.2647705078125,465.6864013671875,990.94580078125,463.97845458984375,1008.0394287109375,495.93896484375,973.289794921875,492.829833984375,1017.9523315429688,541.044921875,979.4959716796875,535.6405029296875
984.9354248046875,411.68634033203125,987.61181640625,406.52777099609375,980.245361328125,407.7923583984375,993.9915161132812,406.01336669921875,974.1094970703125,409.2989501953125,1006.2628784179688,424.15985107421875,969.8926391601562,428.08612060546875,1025.2333984375,445.8100891113281,955.5791015625,451.65472412109375,1033.980712890625,474.0550537109375,947.5927734375,477.38525390625,1007.908447265625,469.7877502441406,984.365478515625,471.2802734375,1014.009765625,501.90728759765625,977.43505859375,502.634033203125,1020.1986083984375,543.4324951171875,976.7030639648438,543.722900390625
974.7286376953125,411.1304931640625,977.7372436523438,406.22314453125,971.0921630859375,407.2856140136719,986.0015869140625,405.87396240234375,967.4154052734375,408.8348388671875,1002.072265625,423.8262634277344,964.6845703125,427.9002685546875,1024.69091796875,445.40863037109375,953.16015625,452.0499267578125,1032.6697998046875,472.24029541015625,946.904541015625,475.1545715332031,1004.76904296875,469.09307861328125,980.2644653320312,470.40338134765625,1008.8211669921875,499.14501953125,968.1557006835938,499.77685546875,1019.3804931640625,542.4990234375,970.7063598632812,542.67822265625
969.7059326171875,406.66876220703125,973.09814453125,401.156982421875,965.3109741210938,402.51702880859375,981.50244140625,400.92816162109375,961.001708984375,404.7036437988281,997.1907348632812,419.9678955078125,958.6693115234375,425.6864013671875,1021.4835205078125,442.46405029296875,951.0810546875,452.7724609375,1032.174560546875,473.70587158203125,949.0687255859375,479.42913818359375,1001.851318359375,465.51507568359375,976.5662841796875,467.6578674316406,1006.2903442382812,493.75543212890625,964.43212890625,495.0295715332031,1020.1383056640625,542.879638671875,971.5973510742188,543.9878540039062
963.2825317382812,395.99407958984375,966.5755004882812,391.287841796875,959.7354125976562,392.3784484863281,976.2857666015625,392.66156005859375,956.1275024414062,395.94293212890625,995.0350341796875,410.3500671386719,954.8845825195312,418.541015625,1021.5294799804688,426.72705078125,948.310546875,448.586181640625,1021.0533447265625,439.0480041503906,953.8504028320312,476.9617919921875,1005.6454467773438,455.60028076171875,978.017333984375,458.7876892089844,1007.5746459960938,495.4483642578125,963.2261352539062,497.04180908203125,1027.0423583984375,542.1480712890625,974.57568359375,541.58056640625
957.7706909179688,388.17315673828125,960.5908813476562,383.1878662109375,953.1216430664062,384.9721984863281,969.2115478515625,383.88458251953125,948.6260375976562,388.66815185546875,988.2240600585938,402.0775451660156,950.4332885742188,410.2357177734375,1012.005859375,421.4678649902344,950.1282958984375,438.15240478515625,1022.4820556640625,439.2691955566406,957.1585693359375,456.8280029296875,1001.47216796875,450.030029296875,975.527587890625,453.553955078125,1001.6220703125,494.756103515625,962.6202392578125,496.7989196777344,1026.4638671875,539.61962890625,979.7587280273438,538.689697265625
971.873779296875,351.6786804199219,973.8338012695312,346.67926025390625,968.6259155273438,347.23895263671875,975.130615234375,350.25634765625,961.7609252929688,351.5081787109375,981.72021484375,373.59771728515625,954.01318359375,375.1222229003906,999.0818481445312,404.09051513671875,947.7822265625,401.4474792480469,1006.870361328125,422.9180908203125,963.4942016601562,407.43792724609375,989.903564453125,432.7080078125,970.5860595703125,434.990234375,996.8919677734375,485.9101867675781,972.8058471679688,488.47100830078125,1020.5477294921875,533.841552734375,985.4527587890625,537.291015625
942.2122192382812,376.953369140625,945.05322265625,372.15545654296875,939.0621337890625,373.211181640625,954.0245361328125,372.5849304199219,937.6510620117188,375.20013427734375,968.0328369140625,389.31756591796875,942.0287475585938,394.1595153808594,997.861328125,412.3045654296875,946.1522216796875,418.51544189453125,1012.2214965820312,421.8282165527344,962.29931640625,415.39434814453125,984.7691650390625,435.63104248046875,968.0185546875,439.1558837890625,993.6488037109375,484.25408935546875,979.4053344726562,487.862548828125,1015.5309448242188,530.9072265625,996.1192626953125,534.7288818359375
961.4459838867188,319.6162109375,964.8400268554688,315.10992431640625,958.3870849609375,314.7426452636719,968.7890625,320.0832824707031,950.9957885742188,319.3349304199219,974.864990234375,345.72344970703125,939.317138671875,347.70733642578125,988.6228637695312,371.406982421875,931.5657958984375,378.4728698730469,973.89892578125,378.34857177734375,940.8660278320312,391.478759765625,976.885986328125,413.546142578125,952.7208251953125,415.8873291015625,990.30712890625,474.32220458984375,969.94189453125,477.7642822265625,1008.0236206054688,527.3765258789062,984.0221557617188,534.061279296875
952.5550537109375,368.8023376464844,954.45654296875,363.81964111328125,948.7868041992188,365.07861328125,958.0263061523438,363.8757019042969,941.2025756835938,366.9370422363281,968.5076904296875,380.41070556640625,933.693115234375,385.61419677734375,987.2322998046875,403.12677001953125,924.8546142578125,406.35723876953125,979.21044921875,397.41796875,935.4464721679688,387.1373291015625,971.3201293945312,437.20184326171875,949.472412109375,441.09539794921875,976.6407470703125,484.469482421875,965.7533569335938,489.85308837890625,989.8665161132812,526.4154052734375,985.5390014648438,534.640625
938.7636108398438,349.585693359375,940.3900146484375,344.840576171875,935.9580078125,345.83544921875,944.2056884765625,346.09619140625,932.1976318359375,348.18927001953125,955.3446044921875,365.5220031738281,925.1368408203125,369.6754150390625,968.3421020507812,390.34490966796875,915.00732421875,394.1406555175781,960.0206298828125,393.2718200683594,917.8690185546875,392.512939453125,961.2464599609375,424.6573791503906,942.8914794921875,427.886962890625,963.736572265625,474.655517578125,958.0325927734375,479.33331298828125,971.22509765625,518.94921875,975.76025390625,527.1209716796875
925.8677978515625,369.533447265625,928.6292724609375,365.3773498535156,922.0193481445312,366.54180908203125,935.9990844726562,366.071533203125,917.30322265625,369.2749328613281,948.158935546875,383.400390625,915.8450317382812,389.4872131347656,972.06982421875,395.7693786621094,902.8446044921875,402.4045715332031,963.641357421875,394.6663513183594,901.7388916015625,389.93988037109375,955.87841796875,440.3178405761719,937.294677734375,443.56854248046875,958.9414672851562,482.8316650390625,951.9205322265625,487.54852294921875,967.1463623046875,520.3927001953125,967.734619140625,527.1431884765625
924.595947265625,371.4024353027344,926.6260986328125,366.77728271484375,920.29296875,368.5347900390625,932.0640869140625,367.94073486328125,914.408203125,372.3958740234375,944.4193725585938,383.9921875,911.81982421875,390.8980712890625,971.735107421875,383.29779052734375,897.7708740234375,390.6036376953125,973.238037109375,380.02056884765625,904.490966796875,370.1583251953125,948.5755004882812,436.50372314453125,929.6790771484375,440.5849914550781,948.9791259765625,478.9904479980469,942.93115234375,484.4446105957031,955.0364990234375,517.0759887695312,959.3322143554688,523.8175048828125
919.2860107421875,365.1548767089844,923.4190063476562,360.91162109375,918.879638671875,361.558837890625,937.4556884765625,364.77154541015625,922.0001220703125,366.88287353515625,948.9459228515625,382.1769104003906,921.0140991210938,384.00433349609375,943.701904296875,383.4029541015625,896.11376953125,377.928466796875,913.702392578125,368.277587890625,882.6564331054688,352.97515869140625,944.2640991210938,437.9334716796875,926.1602783203125,438.5523681640625,942.735595703125,482.1033935546875,932.2824096679688,484.18902587890625,946.6858520507812,517.885009765625,941.78857421875,521.9627685546875
905.6829833984375,364.71429443359375,910.1790771484375,361.22418212890625,904.574951171875,361.10284423828125,921.9541625976562,366.2743835449219,906.0887451171875,366.0167236328125,930.3546752929688,383.80718994140625,902.1419677734375,383.77947998046875,922.2727661132812,382.0858154296875,881.9193115234375,378.7270202636719,898.80224609375,362.6099853515625,871.30859375,359.7330322265625,934.7823486328125,435.1986083984375,915.8307495117188,435.83319091796875,939.9354248046875,474.1462097167969,925.2432861328125,475.98162841796875,947.607421875,509.0521545410156,935.589599609375,513.9326171875
892.90283203125,361.8668212890625,896.947021484375,358.4909362792969,891.56396484375,358.40716552734375,908.9693603515625,361.49456787109375,893.0941772460938,361.3891296386719,921.4762573242188,378.4250793457031,892.0014038085938,378.4497985839844,924.3180541992188,381.71246337890625,870.6234741210938,377.389404296875,910.8187255859375,371.97418212890625,855.221435546875,366.64910888671875,930.866455078125,430.5310363769531,911.253662109375,431.10540771484375,938.0697021484375,467.2685546875,913.943359375,468.5968322753906,946.0213623046875,506.2420349121094,916.72509765625,509.18243408203125
880.6437377929688,355.4045104980469,883.123291015625,350.8280029296875,878.1558837890625,352.37884521484375,893.5367431640625,349.932373046875,878.747802734375,354.10107421875,908.05615234375,364.5445861816406,881.067626953125,374.02398681640625,917.3681030273438,374.73101806640625,862.8194580078125,389.073486328125,896.0008544921875,372.0650939941406,844.0595703125,385.23541259765625,924.6542358398438,424.3697204589844,906.3901977539062,429.18902587890625,930.670654296875,459.2558898925781,904.568115234375,466.65753173828125,935.3118896484375,492.31231689453125,898.1837768554688,502.39324951171875
867.3861083984375,353.7467041015625,870.1075439453125,348.99627685546875,866.0172729492188,349.1846008300781,879.563720703125,350.05316162109375,877.7119140625,349.3228759765625,882.4642333984375,369.566162109375,894.843505859375,367.3709716796875,863.4124755859375,391.976806640625,891.1873779296875,387.57421875,848.64990234375,389.0675048828125,872.46240234375,384.5393371582031,907.8687744140625,425.4991455078125,915.8765258789062,424.3795166015625,907.3698120117188,466.7983703613281,910.6763305664062,465.37969970703125,903.3722534179688,503.2471618652344,901.319091796875,498.4921875
852.004150390625,357.01397705078125,853.8821411132812,352.514404296875,851.162109375,352.9853210449219,863.5267333984375,353.3095703125,861.7115478515625,353.56414794921875,875.31884765625,369.1278991699219,874.0631103515625,370.815185546875,873.9412841796875,387.70257568359375,870.44189453125,394.39788818359375,859.3404541015625,390.567626953125,855.4886474609375,404.84710693359375,899.3814697265625,420.8033447265625,901.4910888671875,421.53070068359375,887.8650512695312,464.72576904296875,907.9619140625,465.45343017578125,877.3562622070312,502.8145751953125,911.335693359375,500.7992248535156
844.029296875,358.7090148925781,846.8702392578125,354.77923583984375,842.3634033203125,356.892333984375,859.251220703125,356.054443359375,849.6796875,361.3232421875,876.2517700195312,365.37396240234375,854.7542724609375,381.987060546875,885.2755126953125,355.2486572265625,851.4400634765625,402.264404296875,881.9808349609375,329.61248779296875,841.7023315429688,405.58935546875,901.1288452148438,417.8284606933594,878.8350219726562,423.7723388671875,924.6901245117188,459.9312744140625,846.284423828125,466.98699951171875,950.3508911132812,496.1584167480469,818.9749145507812,501.5567626953125
838.63232421875,364.2689208984375,841.2463989257812,360.1878662109375,836.4896240234375,361.3331298828125,852.027099609375,361.38323974609375,840.4814453125,363.97845458984375,867.40673828125,376.62060546875,848.322509765625,383.81292724609375,864.0195922851562,388.5596923828125,843.6553344726562,404.4819030761719,841.2208251953125,389.47442626953125,832.936279296875,413.3309326171875,897.2466430664062,427.2279968261719,875.556396484375,430.13916015625,921.6128540039062,466.4422302246094,834.2379150390625,470.1318054199219,949.4258422851562,503.7767028808594,800.2604370117188,506.385498046875
832.7276611328125,371.32891845703125,836.1986083984375,366.9703674316406,830.16650390625,368.3006591796875,848.7841186523438,366.7095947265625,832.745361328125,370.20904541015625,865.795166015625,380.9622802734375,839.335693359375,389.1470031738281,863.76611328125,399.1264343261719,834.5956420898438,410.33648681640625,836.2467041015625,409.93597412109375,825.797607421875,409.57379150390625,895.1141357421875,428.974853515625,868.4408569335938,432.4089660644531,919.2496948242188,465.6973571777344,826.3302001953125,472.14569091796875,947.1212768554688,499.75701904296875,794.3133544921875,508.4541320800781
829.5091552734375,375.02862548828125,832.609619140625,370.382080078125,824.9429931640625,373.01336669921875,842.5643920898438,371.4178466796875,822.3896484375,378.5061950683594,859.3778686523438,382.83782958984375,825.17529296875,403.6650390625,879.5028076171875,379.96282958984375,824.406982421875,426.2535400390625,867.3656005859375,373.0472412109375,824.992431640625,433.695068359375,880.387939453125,428.25689697265625,848.9664306640625,437.9673156738281,911.7664794921875,462.6622314453125,815.3311157226562,474.85711669921875,944.9137573242188,496.002685546875,788.3603515625,510.0360107421875
820.6840209960938,381.17791748046875,824.0225830078125,376.8908386230469,817.392333984375,378.83294677734375,835.4012451171875,377.7063903808594,818.8935546875,383.0845947265625,852.3350830078125,393.93994140625,823.8056030273438,404.64215087890625,871.0888671875,410.628662109375,820.291015625,426.27264404296875,865.5885009765625,430.4534912109375,819.1741333007812,430.81219482421875,870.1514892578125,436.1180419921875,844.1610107421875,440.68145751953125,896.6959228515625,464.72381591796875,812.8172607421875,471.85125732421875,931.3675537109375,499.18865966796875,794.8599243164062,507.58001708984375
818.7991333007812,388.3288879394531,821.89404296875,384.11602783203125,816.3636474609375,384.749267578125,832.4395751953125,384.6515808105469,814.94287109375,386.73577880859375,847.6458740234375,399.8487854003906,819.5154418945312,408.6986083984375,867.728271484375,421.7022705078125,822.3798828125,437.40423583984375,858.1795654296875,448.7809753417969,824.9940185546875,460.3175354003906,870.0408325195312,436.3489990234375,844.4464111328125,441.3672180175781,896.485107421875,470.47412109375,811.7935180664062,477.51708984375,926.4061889648438,504.8614501953125,792.4774169921875,514.3623046875
822.3680419921875,389.39190673828125,824.4632568359375,384.8921813964844,818.41650390625,386.4293518066406,831.6758422851562,385.8110046386719,815.5142822265625,390.12591552734375,848.993896484375,405.1273498535156,814.549072265625,412.8022155761719,868.4906616210938,429.2203674316406,816.728515625,439.1311340332031,862.1546630859375,454.1524658203125,828.2684326171875,459.69744873046875,861.9290771484375,449.56036376953125,832.2119140625,454.580322265625,894.7454223632812,477.98345947265625,808.5645751953125,483.39874267578125,915.886474609375,517.7456665039062,792.0694580078125,522.4542846679688
821.826416015625,392.50213623046875,824.4342041015625,388.1386413574219,817.9546508789062,389.054443359375,832.8894653320312,389.0710144042969,814.8245849609375,391.1488952636719,850.4826049804688,408.22412109375,816.5430908203125,411.1824645996094,869.3443603515625,433.90704345703125,818.36328125,440.1603698730469,866.0404052734375,462.61474609375,826.128662109375,467.238037109375,863.8035278320312,448.314697265625,835.0009765625,448.77239990234375,889.01953125,486.34234619140625,809.9307861328125,485.50592041015625,908.5339965820312,529.815185546875,791.0802612304688,525.325439453125
833.5079345703125,392.78668212890625,836.331298828125,388.55853271484375,829.3623046875,389.27569580078125,843.6650390625,389.7994079589844,824.53515625,391.25146484375,858.0416259765625,410.1966247558594,823.71435546875,411.88726806640625,870.5762329101562,438.5540771484375,822.8258056640625,441.4245300292969,864.3111572265625,467.196533203125,828.65380859375,467.40350341796875,867.367431640625,451.46734619140625,838.25927734375,451.2536315917969,890.2033081054688,487.542236328125,808.8232421875,486.4552917480469,910.3024291992188,529.2139892578125,789.8126220703125,525.9757690429688
840.373291015625,389.21356201171875,843.806396484375,385.1434326171875,836.71923828125,385.4164123535156,852.1829833984375,386.65386962890625,832.4727172851562,387.11187744140625,864.9266357421875,406.94439697265625,830.9720458984375,406.96368408203125,878.0546264648438,432.86444091796875,827.4102172851562,432.4490966796875,874.52490234375,459.8896179199219,834.263671875,455.348876953125,868.544189453125,450.85986328125,840.1510620117188,449.84271240234375,890.705322265625,487.1754455566406,812.8060913085938,485.3075866699219,909.114013671875,528.799072265625,792.5509033203125,524.60986328125
850.8909301757812,380.8492126464844,854.0238647460938,376.5075988769531,846.3692626953125,377.31658935546875,861.669677734375,378.0274658203125,840.5340576171875,379.89874267578125,874.9502563476562,400.12127685546875,838.9334716796875,401.70672607421875,889.489013671875,426.028076171875,832.417724609375,427.1423034667969,882.5880126953125,450.5821533203125,837.249267578125,447.61480712890625,876.0535888671875,449.28936767578125,846.888427734375,448.6159973144531,895.4208984375,486.1242370605469,817.02685546875,484.59088134765625,909.8050537109375,528.6356201171875,794.66796875,524.8173217773438
857.9097900390625,375.01434326171875,861.8289794921875,371.4482421875,853.6219482421875,371.93621826171875,871.083251953125,374.3968505859375,848.771240234375,375.68719482421875,885.3988037109375,396.73590087890625,843.8741455078125,396.4020080566406,896.831298828125,424.9649963378906,833.8668823242188,421.4700622558594,890.0357666015625,450.7532043457031,836.4052734375,442.05487060546875,882.6806640625,442.1864013671875,850.0863037109375,440.6955871582031,900.7239990234375,477.9495849609375,820.4197998046875,476.01654052734375,912.2540283203125,521.8309936523438,797.394775390625,518.0908813476562
865.9249267578125,374.6867980957031,869.662109375,371.2705993652344,861.70166015625,371.4959716796875,878.0115966796875,374.39471435546875,856.3193359375,374.8378601074219,891.7889404296875,398.7933654785156,848.3681640625,393.626708984375,902.1427001953125,428.493896484375,833.5530395507812,409.4726257324219,897.1869506835938,455.4709167480469,839.4874267578125,412.3433532714844,884.3435668945312,444.6363830566406,850.7486572265625,441.25115966796875,905.1395263671875,479.64166259765625,824.774658203125,476.64251708984375,917.783447265625,521.6112670898438,804.45068359375,517.9869384765625
871.693603515625,374.3338623046875,875.66015625,370.6077575683594,867.3894653320312,370.95355224609375,884.3096923828125,373.21929931640625,861.5458374023438,374.0631408691406,898.21826171875,396.15924072265625,852.3243408203125,395.1662292480469,911.076416015625,421.41162109375,834.6414184570312,417.58758544921875,908.3719482421875,441.56005859375,835.114013671875,437.08258056640625,891.4888916015625,443.47454833984375,857.067138671875,442.29046630859375,913.2552490234375,477.06927490234375,833.4183349609375,474.9747314453125,927.5593872070312,522.0927124023438,818.1844482421875,518.4739990234375
877.5485229492188,375.099609375,881.7493286132812,371.19036865234375,873.0573120117188,371.73272705078125,890.24951171875,374.533935546875,866.7991333007812,376.0770263671875,903.641845703125,398.11578369140625,856.866943359375,400.1019287109375,916.2869873046875,424.9263610839844,838.504150390625,427.94024658203125,911.662841796875,448.1192321777344,835.680419921875,454.9991455078125,897.3905029296875,444.42535400390625,861.9730224609375,444.892822265625,920.0718383789062,475.76702880859375,834.2268676757812,475.77545166015625,942.1832885742188,520.123291015625,824.365478515625,519.8112182617188
881.7764282226562,377.4489440917969,886.2139892578125,373.71832275390625,877.6173706054688,374.0888671875,895.5499267578125,377.52899169921875,872.3582153320312,378.73480224609375,908.4973754882812,401.43292236328125,863.59619140625,403.4823303222656,921.5445556640625,427.863525390625,848.5446166992188,432.5880432128906,921.9088134765625,449.74346923828125,844.5247802734375,461.34320068359375,902.226318359375,448.556396484375,867.34228515625,449.2181396484375,929.8204345703125,482.1318359375,838.43896484375,482.0419921875,956.4407958984375,526.7761840820312,827.517578125,525.9559936523438
889.3704833984375,384.1456604003906,893.71484375,380.21209716796875,884.6097412109375,380.46295166015625,901.586181640625,383.0867614746094,877.4112548828125,383.748779296875,913.2420043945312,406.33453369140625,866.7636108398438,407.5560302734375,926.1041259765625,433.0082702636719,853.063232421875,436.42095947265625,934.90087890625,456.9248046875,850.8017578125,464.9110107421875,909.20849609375,453.0711669921875,873.4392700195312,453.9992980957031,939.1257934570312,487.470703125,846.2823486328125,487.7688903808594,964.3765869140625,530.0887451171875,835.9405517578125,530.197509765625
889.6199951171875,389.89031982421875,893.3823852539062,385.76934814453125,885.834716796875,385.9764404296875,901.69921875,388.38189697265625,879.9395141601562,388.94287109375,912.2220458984375,410.85748291015625,872.3145751953125,414.14947509765625,926.7047119140625,434.9737548828125,862.21240234375,444.5631408691406,930.6490478515625,455.0341796875,865.1300048828125,472.4625244140625,909.3579711914062,455.7567443847656,877.6783447265625,457.76995849609375,940.66943359375,495.0041198730469,853.631591796875,496.76519775390625,962.986083984375,539.0865478515625,837.2366943359375,541.5916748046875
900.0737915039062,391.7252197265625,902.6998901367188,387.626953125,895.1940307617188,388.30462646484375,907.052001953125,390.432861328125,886.632568359375,391.80853271484375,915.2435302734375,413.2562255859375,877.8204345703125,418.1280212402344,934.099365234375,436.63189697265625,870.945068359375,448.99713134765625,946.3287963867188,459.2443542480469,875.3499755859375,476.186767578125,913.76513671875,460.48736572265625,883.68115234375,463.7134094238281,947.5784912109375,495.30657958984375,860.8441772460938,498.99713134765625,966.337890625,535.2792358398438,837.595703125,540.7952880859375
906.7874755859375,391.4541320800781,909.21533203125,387.72857666015625,902.9661254882812,388.19439697265625,914.2355346679688,390.29547119140625,895.919189453125,391.2250671386719,923.036865234375,411.4979553222656,886.0988159179688,416.12652587890625,942.515380859375,431.0334777832031,876.2638549804688,445.16925048828125,952.947998046875,445.20098876953125,883.173828125,469.19696044921875,920.2427978515625,460.06011962890625,889.8858032226562,463.1502685546875,956.8969116210938,496.03643798828125,866.22021484375,499.38006591796875,976.4749145507812,537.6334228515625,839.709228515625,542.73046875
917.4200439453125,389.1243896484375,920.11279296875,385.4652099609375,913.2409057617188,385.99652099609375,924.23876953125,388.89300537109375,906.0048828125,390.0281066894531,929.2371826171875,411.9315185546875,897.206787109375,415.7793273925781,952.839599609375,431.5328063964844,898.477783203125,440.119384765625,971.326171875,437.29083251953125,927.3341674804688,439.82000732421875,918.7977905273438,465.34857177734375,890.3695678710938,468.62689208984375,961.7996826171875,497.4824523925781,871.015625,501.8056640625,983.0366821289062,537.68603515625,839.7763671875,544.5910034179688
930.837158203125,383.99359130859375,932.6735229492188,380.0217590332031,926.3720703125,381.2720031738281,935.8402099609375,382.7196350097656,919.115234375,385.46441650390625,940.5690307617188,405.8502502441406,910.8475341796875,410.6208801269531,959.7286376953125,423.5228271484375,909.2755126953125,436.2862243652344,979.759521484375,415.0373840332031,942.6981811523438,430.25372314453125,927.214599609375,463.3915100097656,900.3638916015625,466.4334716796875,965.3248291015625,498.31207275390625,879.7640991210938,501.27374267578125,978.251708984375,541.003662109375,841.679931640625,544.9873046875
946.91552734375,380.15380859375,948.4454345703125,376.2091064453125,942.9041748046875,376.63262939453125,948.00634765625,379.3148193359375,936.4439697265625,379.76068115234375,947.85986328125,398.8797912597656,932.50634765625,400.5592346191406,969.9632568359375,412.6297302246094,947.5519409179688,415.4805908203125,990.4757080078125,399.2772216796875,972.1160888671875,394.569091796875,933.0086059570312,457.0791015625,922.8128662109375,458.4638671875,946.6719360351562,493.8291320800781,938.7313232421875,496.24627685546875,927.772216796875,530.2998657226562,918.5538940429688,535.9195556640625
958.6943359375,375.35968017578125,959.975830078125,370.8743896484375,954.4835205078125,371.60955810546875,957.9853515625,374.26611328125,950.181884765625,375.4769287109375,952.5089111328125,393.330322265625,951.7694091796875,394.40625,961.110595703125,398.7496032714844,957.1353149414062,398.5184326171875,980.4277954101562,379.8783874511719,969.5231323242188,378.93499755859375,935.2322387695312,453.8411865234375,943.8165283203125,455.51959228515625,907.5844116210938,496.31640625,982.58056640625,497.8905029296875,858.649658203125,536.5925903320312,990.0655517578125,539.8360595703125
970.0506591796875,368.81463623046875,972.3392333984375,364.6915283203125,966.5678100585938,365.0421142578125,974.24267578125,367.232177734375,961.7576293945312,367.82318115234375,973.703125,386.0160827636719,958.001953125,386.8658752441406,976.9692993164062,400.09161376953125,947.47509765625,398.9000244140625,974.921142578125,379.4885559082031,950.3748779296875,377.2052307128906,956.206787109375,449.65771484375,954.7589721679688,450.73779296875,922.491943359375,495.13128662109375,984.890625,496.9229736328125,875.8502197265625,536.7239379882812,991.7479248046875,539.5731201171875
976.541259765625,367.1605224609375,980.200439453125,363.13226318359375,973.0521240234375,363.2943115234375,987.4700927734375,364.7841796875,966.554931640625,365.07891845703125,993.2550659179688,384.30755615234375,958.963623046875,384.31585693359375,999.667724609375,401.6903076171875,940.0651245117188,403.34423828125,981.6531982421875,385.97198486328125,947.7684326171875,390.8922119140625,977.941162109375,447.2799072265625,951.2451171875,445.77545166015625,991.8283081054688,491.70880126953125,932.0048217773438,489.98614501953125,994.9960327148438,536.7596435546875,904.088134765625,533.590576171875
990.44140625,364.9369812011719,994.409423828125,361.2994384765625,986.173095703125,360.95245361328125,1000.3076171875,364.4439697265625,977.740478515625,363.4908142089844,1002.6605224609375,385.6158142089844,971.455810546875,384.78765869140625,1025.6656494140625,395.5633544921875,947.4056396484375,394.5223388671875,1023.392822265625,383.7133483886719,938.90576171875,382.9302062988281,989.0484619140625,448.64215087890625,965.625244140625,447.26959228515625,1002.216064453125,491.76593017578125,946.2364501953125,490.96258544921875,1009.049072265625,536.9577026367188,914.4600219726562,536.2567749023438
1002.5533447265625,366.571044921875,1004.880859375,362.9703369140625,998.01171875,362.8251953125,1005.5162353515625,364.6356201171875,988.5230712890625,363.7281494140625,1007.6574096679688,387.22467041015625,976.35498046875,383.61309814453125,1016.4010620117188,405.5010681152344,952.29443359375,398.39190673828125,1016.676025390625,393.7506103515625,947.8748779296875,389.62384033203125,991.4562377929688,456.5489501953125,970.2001953125,454.66357421875,1005.299072265625,498.4537353515625,966.8995361328125,495.9657897949219,1004.9398193359375,537.4381103515625,948.360107421875,535.064453125
1010.9368896484375,367.903564453125,1016.0054931640625,364.4147644042969,1007.436767578125,363.4395446777344,1021.910888671875,367.799560546875,1000.208740234375,365.75811767578125,1018.707275390625,387.8978271484375,992.7418212890625,387.47625732421875,1039.26220703125,393.9870300292969,966.00634765625,399.7801513671875,1048.0242919921875,378.6033935546875,944.65576171875,399.1300964355469,1002.4847412109375,450.6341857910156,981.768310546875,449.37030029296875,1018.5371704101562,493.288818359375,963.86962890625,492.441650390625,1042.71240234375,537.0689697265625,942.763427734375,537.4755859375
1022.1951904296875,374.45306396484375,1027.01513671875,371.16326904296875,1018.6036376953125,370.3575439453125,1030.54443359375,374.911376953125,1011.287353515625,373.5942077636719,1032.80419921875,395.091796875,997.0823364257812,396.7579345703125,1059.354736328125,398.9295959472656,972.307861328125,409.27496337890625,1081.813232421875,386.05499267578125,946.3621215820312,412.8162841796875,1015.5763549804688,454.681640625,987.1470336914062,454.64910888671875,1038.035888671875,494.5914001464844,966.4806518554688,494.8775634765625,1070.271728515625,537.7425537109375,953.2508544921875,539.2793579101562
1028.478759765625,381.39276123046875,1031.793701171875,378.20416259765625,1024.2752685546875,377.90863037109375,1035.7861328125,381.1932678222656,1015.635986328125,380.35357666015625,1037.09033203125,401.6767272949219,1006.558837890625,402.4924621582031,1063.324951171875,406.6756896972656,978.1433715820312,412.78167724609375,1084.3011474609375,396.41900634765625,957.2111206054688,409.54669189453125,1024.391845703125,458.6005859375,998.5541381835938,459.2835388183594,1055.410888671875,498.90380859375,966.4456787109375,500.1111145019531,1083.7227783203125,540.7058715820312,930.68603515625,543.199462890625
1041.288818359375,387.511962890625,1043.72607421875,384.47845458984375,1037.7352294921875,383.810302734375,1044.256591796875,387.3431396484375,1027.5159912109375,385.2140808105469,1045.1571044921875,408.75732421875,1013.9517822265625,404.6551513671875,1075.1519775390625,421.020263671875,978.244384765625,413.3963623046875,1087.942138671875,422.0845642089844,952.671875,410.76788330078125,1025.567626953125,466.1280212402344,1015.81689453125,462.93487548828125,993.1309204101562,506.73443603515625,1043.946044921875,503.8624267578125,953.1893310546875,547.692138671875,1050.5421142578125,545.2935791015625
1044.57763671875,392.0792541503906,1047.326416015625,389.26177978515625,1041.04150390625,388.07928466796875,1049.141357421875,392.4306335449219,1031.8511962890625,389.146728515625,1051.124755859375,415.1881103515625,1017.3510131835938,407.8787841796875,1069.725830078125,439.2014465332031,986.57763671875,416.7084045410156,1074.0205078125,451.3394775390625,959.353271484375,418.5407409667969,1040.289794921875,464.5183410644531,1013.6207275390625,462.681884765625,1072.04248046875,504.948974609375,997.6364135742188,503.82855224609375,1084.5635986328125,546.1690673828125,964.7005004882812,546.3576049804688
1043.724365234375,401.12042236328125,1047.349853515625,397.770263671875,1039.982421875,396.7986145019531,1052.1025390625,400.4658508300781,1031.7972412109375,397.8919677734375,1056.875,425.25830078125,1018.0965576171875,416.9601745605469,1061.9869384765625,457.61572265625,991.561279296875,429.302734375,1065.7393798828125,486.61614990234375,967.173583984375,437.0159912109375,1046.9114990234375,468.8290100097656,1016.04248046875,466.48193359375,1077.6873779296875,505.880615234375,992.8082885742188,504.482666015625,1090.2652587890625,548.550537109375,965.214111328125,548.3587646484375
1042.8624267578125,402.5072937011719,1046.8724365234375,399.6590576171875,1039.896728515625,397.8486328125,1052.250244140625,402.3416748046875,1032.424072265625,397.57196044921875,1056.7041015625,427.9876708984375,1018.259765625,414.6753845214844,1059.9295654296875,462.58978271484375,993.1755981445312,421.83349609375,1060.232421875,492.2408752441406,966.9344482421875,428.19683837890625,1047.939453125,473.2718811035156,1017.0740966796875,468.6098327636719,1077.359130859375,507.25653076171875,991.3111572265625,502.7403259277344,1092.7745361328125,549.388427734375,966.9801025390625,545.2841796875
1040.580078125,401.4553527832031,1044.341796875,398.5406799316406,1037.25244140625,396.86029052734375,1048.8717041015625,401.0380859375,1029.1990966796875,396.63555908203125,1053.0372314453125,426.5362548828125,1015.5516357421875,413.6316833496094,1052.19970703125,463.60089111328125,992.1085205078125,421.8388366699219,1044.116943359375,493.0701904296875,964.3328247070312,427.99127197265625,1046.94873046875,470.5353698730469,1015.8343505859375,466.2481384277344,1078.63134765625,504.0890808105469,987.5081176757812,500.22283935546875,1096.14599609375,545.8380126953125,961.4888305664062,542.5694580078125
1036.0438232421875,401.389892578125,1039.76708984375,398.37957763671875,1032.32275390625,396.9580078125,1044.220947265625,401.14056396484375,1023.8289184570312,397.1807556152344,1047.7801513671875,426.39581298828125,1011.0587768554688,413.9707946777344,1049.9791259765625,459.78546142578125,985.0318603515625,419.03399658203125,1046.9703369140625,485.8168029785156,958.6118774414062,422.6069641113281,1041.8018798828125,469.97076416015625,1011.7239990234375,466.0282287597656,1074.021728515625,500.7288818359375,985.2901611328125,496.8302307128906,1095.1331787109375,543.37255859375,962.2355346679688,539.97265625
1030.9744873046875,398.97021484375,1034.6192626953125,395.967041015625,1027.09033203125,394.3857421875,1038.068359375,398.01861572265625,1017.78857421875,393.6016845703125,1042.7537841796875,422.28277587890625,1003.4500732421875,410.0722961425781,1046.61181640625,456.578369140625,979.3951416015625,418.2875061035156,1046.29345703125,481.84234619140625,954.9862060546875,424.0928649902344,1040.1651611328125,466.3115234375,1008.34130859375,462.60687255859375,1069.664306640625,498.7868957519531,977.7777099609375,494.85791015625,1096.2586669921875,543.1380004882812,960.9039916992188,539.2708129882812
1023.333984375,394.99310302734375,1027.4730224609375,391.89764404296875,1019.9368896484375,390.4840393066406,1033.3311767578125,395.00592041015625,1012.5634765625,391.08636474609375,1039.3331298828125,420.3306884765625,1000.1107177734375,409.51373291015625,1046.316162109375,453.58648681640625,974.21728515625,418.3184509277344,1047.0711669921875,478.9281921386719,955.1343994140625,421.11773681640625,1035.7406005859375,463.4248352050781,1004.3172607421875,460.04193115234375,1060.666748046875,497.9232177734375,972.3898315429688,494.790771484375,1087.93115234375,541.4961547851562,956.6785888671875,538.87841796875
1019.8185424804688,392.71087646484375,1023.3967895507812,389.60443115234375,1016.5445556640625,388.41748046875,1028.0928955078125,392.8277587890625,1008.9981079101562,389.4086608886719,1035.6209716796875,418.34381103515625,994.4326171875,408.40228271484375,1044.6495361328125,452.0758056640625,968.370849609375,419.9858093261719,1045.330322265625,479.0721130371094,957.3653564453125,424.694580078125,1030.3876953125,463.31646728515625,998.327880859375,460.07415771484375,1050.9622802734375,499.2738037109375,967.2969360351562,496.23211669921875,1075.78662109375,543.8721923828125,955.0098876953125,541.2069702148438
1012.8649291992188,394.8614501953125,1016.4715576171875,391.1635437011719,1009.6015625,390.7587890625,1023.1932373046875,393.557861328125,1003.59765625,392.6613464355469,1034.3602294921875,417.16943359375,992.0842895507812,412.0243835449219,1046.98828125,448.1106262207031,970.4208984375,428.88232421875,1044.178466796875,473.77105712890625,962.0001220703125,440.3516845703125,1024.833251953125,458.27587890625,992.9888916015625,456.0758056640625,1042.8580322265625,496.0950622558594,965.7467651367188,493.61199951171875,1059.3123779296875,542.7646484375,953.8702392578125,540.1895751953125
1007.4805297851562,395.3472900390625,1011.291259765625,392.1234130859375,1003.677490234375,391.42755126953125,1016.9811401367188,395.58782958984375,996.6514892578125,393.54510498046875,1026.5286865234375,417.9508056640625,984.1400146484375,412.28936767578125,1040.647705078125,444.16729736328125,963.7789306640625,430.1527404785156,1044.1048583984375,469.6846923828125,958.7202758789062,445.8079833984375,1016.6976318359375,459.27520751953125,984.6214599609375,455.7333984375,1032.33056640625,497.79052734375,955.927001953125,494.3258056640625,1041.9815673828125,545.3846435546875,934.3455810546875,541.4111328125
1003.5097045898438,399.55035400390625,1007.17138671875,396.1489562988281,999.4993286132812,395.78759765625,1012.3456420898438,398.4163818359375,992.3924560546875,397.3448181152344,1021.0127563476562,418.9756164550781,981.4417724609375,415.4249267578125,1037.11865234375,442.3397216796875,963.8818359375,435.39605712890625,1046.208740234375,466.5306396484375,958.6351318359375,456.8863525390625,1007.9862670898438,461.8160705566406,976.9942626953125,458.750732421875,1026.213134765625,498.7239074707031,945.4575805664062,494.9513854980469,1039.6715087890625,546.0440063476562,920.71240234375,540.4342041015625
992.2080078125,397.4747314453125,996.2455444335938,394.3918762207031,989.0968017578125,393.74468994140625,1003.0836181640625,398.4313659667969,984.8622436523438,396.7337951660156,1013.103271484375,422.35919189453125,975.9376831054688,418.09979248046875,1027.6077880859375,447.89508056640625,963.3358154296875,440.0948181152344,1037.1669921875,472.9705810546875,957.1470947265625,464.49261474609375,1004.3660888671875,469.9714050292969,974.332763671875,466.4193115234375,1023.1331176757812,504.264404296875,939.7161254882812,499.7325439453125,1039.568359375,548.4366455078125,914.6990966796875,541.5806884765625
985.0801391601562,397.799560546875,989.2911376953125,394.25091552734375,981.651123046875,393.9215087890625,996.97216796875,398.0242919921875,977.4461669921875,397.1121826171875,1009.056640625,424.09967041015625,968.0662841796875,420.539306640625,1016.2600708007812,456.7413330078125,957.2423095703125,449.5552978515625,1018.3712158203125,486.4403076171875,951.069091796875,477.0493469238281,1000.847412109375,476.2835998535156,967.27734375,472.740966796875,1020.7007446289062,507.87261962890625,927.8878173828125,503.5341796875,1038.3975830078125,551.10791015625,904.1793212890625,544.3539428710938
972.916015625,397.6513671875,977.5643920898438,394.08392333984375,970.041015625,393.3865966796875,986.0523681640625,397.9721374511719,967.5543212890625,396.305908203125,999.4744262695312,424.4847412109375,958.665771484375,419.77142333984375,1009.9495849609375,460.3433532714844,951.5960083007812,450.44012451171875,1008.5496826171875,492.25347900390625,945.1865234375,476.686767578125,991.584716796875,479.2466125488281,957.5180053710938,475.0659484863281,1011.5738525390625,510.2604675292969,917.7008056640625,505.62298583984375,1039.388916015625,550.8314208984375,902.4879150390625,543.8833618164062
957.8349609375,393.51409912109375,962.3662109375,389.7298583984375,955.83837890625,389.11456298828125,971.0103759765625,394.158203125,956.5540771484375,392.7375183105469,984.82861328125,421.3966064453125,948.64697265625,417.71142578125,993.3778076171875,460.02923583984375,943.2315673828125,451.6577453613281,987.588623046875,492.9507751464844,932.6548461914062,476.013916015625,980.827880859375,477.86566162109375,949.455078125,474.3509216308594,1002.7479248046875,510.0416564941406,914.0062255859375,507.0231628417969,1039.7734375,548.5985717773438,907.76513671875,544.73388671875
951.4301147460938,393.43634033203125,955.5254516601562,390.258056640625,949.1041259765625,389.20849609375,962.893310546875,394.17681884765625,946.5498046875,391.6548156738281,973.496826171875,419.84222412109375,940.3150634765625,413.723876953125,980.3717041015625,457.52508544921875,938.3754272460938,443.28875732421875,977.18310546875,491.272705078125,934.2431640625,467.98431396484375,973.6788330078125,472.58221435546875,944.7218017578125,468.60015869140625,992.56982421875,505.7483825683594,902.93408203125,501.2384948730469,1031.720703125,545.9862670898438,895.7916870117188,539.646728515625
938.0411376953125,393.4730224609375,942.607666015625,390.1484069824219,936.7528076171875,389.2118225097656,952.879150390625,393.1763916015625,937.93212890625,391.2283935546875,965.4561767578125,417.11334228515625,934.29345703125,412.97637939453125,968.135986328125,452.83160400390625,927.3305053710938,442.23583984375,956.0020751953125,486.3670654296875,913.927734375,467.48333740234375,968.619140625,471.34246826171875,942.535400390625,467.916259765625,979.6484985351562,505.370849609375,904.6094970703125,502.2995910644531,1013.7584838867188,545.0191650390625,902.78564453125,540.8875122070312
934.3304443359375,398.0887451171875,938.341064453125,394.33062744140625,932.108154296875,393.8518981933594,947.3878173828125,395.7557373046875,931.823486328125,394.810302734375,960.96630859375,417.75469970703125,929.228271484375,415.12481689453125,963.35400390625,453.20379638671875,920.2431640625,445.27447509765625,943.7393188476562,486.2665100097656,902.68603515625,471.2619323730469,966.9200439453125,470.64593505859375,941.388427734375,467.712646484375,972.7442626953125,505.02398681640625,904.9200439453125,502.56793212890625,998.77294921875,550.4236450195312,901.8193359375,546.7402954101562
924.2583618164062,396.659423828125,928.3690185546875,392.55780029296875,921.3832397460938,392.13330078125,937.612548828125,394.6180419921875,919.922119140625,393.6960754394531,951.72607421875,418.76318359375,921.9892578125,416.76861572265625,960.6964111328125,454.5552978515625,911.06494140625,445.55645751953125,939.03759765625,487.50604248046875,894.7744140625,466.86041259765625,966.4906005859375,469.7011413574219,942.3935546875,467.5097351074219,966.8523559570312,509.4722900390625,904.5389404296875,507.94573974609375,997.7382202148438,557.1128540039062,901.8092041015625,554.0732421875
922.68017578125,401.78839111328125,926.6307373046875,397.0928649902344,918.7320556640625,397.1136474609375,935.7324829101562,397.55755615234375,915.161865234375,397.6512451171875,947.15625,420.5484924316406,918.846923828125,418.1607666015625,951.960693359375,457.20947265625,906.001708984375,440.822509765625,929.875732421875,485.01885986328125,884.0656127929688,455.212158203125,962.5391235351562,466.91912841796875,940.2279052734375,465.519287109375,958.6300048828125,507.2569580078125,901.6484375,506.0717468261719,980.801025390625,558.5703125,895.7431640625,555.7276611328125
916.9118041992188,406.75653076171875,920.79833984375,402.46136474609375,913.5916748046875,402.306640625,930.70458984375,402.6513671875,910.259521484375,402.57110595703125,943.909912109375,423.8719482421875,913.2994995117188,420.12750244140625,952.2870483398438,459.2203369140625,895.2735595703125,440.10125732421875,929.3486328125,484.4039306640625,874.914306640625,453.3500061035156,958.562255859375,469.1538391113281,936.1033935546875,466.5028076171875,951.0595092773438,511.20489501953125,902.66552734375,508.295166015625,968.15283203125,560.8637084960938,899.196044921875,556.087890625
911.1939697265625,408.19757080078125,914.800048828125,403.8525390625,907.9244384765625,403.701416015625,924.0752563476562,403.93560791015625,904.7067260742188,403.8684997558594,937.741943359375,424.31451416015625,907.639892578125,421.69073486328125,951.1851806640625,458.4516906738281,889.927978515625,443.37982177734375,928.21630859375,483.30743408203125,867.7234497070312,459.72503662109375,953.5953369140625,470.8268737792969,932.2450561523438,468.6131591796875,943.7239379882812,511.6009521484375,901.7407836914062,509.39361572265625,956.482666015625,561.328125,897.536865234375,557.653076171875
910.4007568359375,412.25634765625,914.1802368164062,407.7975769042969,906.6824951171875,407.68865966796875,923.4580078125,407.16802978515625,902.487548828125,407.1623840332031,936.50439453125,426.73175048828125,906.0413818359375,423.65191650390625,951.7241821289062,460.6412658691406,887.4838256835938,443.52264404296875,929.36669921875,483.28375244140625,864.9534912109375,456.62469482421875,951.7520141601562,473.1031494140625,931.2330322265625,470.6322326660156,936.5545654296875,511.67340087890625,902.638427734375,509.2077941894531,947.060546875,560.12548828125,901.762939453125,556.6831665039062
906.3773803710938,416.9162292480469,910.2555541992188,412.22314453125,902.70849609375,412.3817138671875,920.97216796875,411.2738037109375,899.51171875,411.9154357910156,934.9124755859375,430.67974853515625,905.1007690429688,427.66607666015625,950.5361938476562,463.57373046875,886.0091552734375,445.1014709472656,931.6576538085938,489.138916015625,863.5184326171875,457.49481201171875,949.1343383789062,475.7035217285156,929.3735961914062,473.2283020019531,935.060791015625,514.0302734375,903.264892578125,511.5238952636719,945.0653686523438,560.4937133789062,902.95361328125,557.0886840820312
906.259033203125,418.98114013671875,909.9127807617188,414.2287902832031,902.5446166992188,414.41253662109375,920.250244140625,412.954345703125,899.4190063476562,413.5873718261719,934.2906494140625,432.32757568359375,905.7158203125,428.4689025878906,950.5784912109375,466.0013122558594,886.6087646484375,444.2115783691406,930.509521484375,494.4095458984375,864.1470947265625,455.8277893066406,949.221435546875,476.8926086425781,930.459716796875,474.0085144042969,933.5535278320312,516.5029296875,904.1390380859375,513.7037963867188,942.37841796875,562.50634765625,903.6209106445312,558.8043823242188
903.0228271484375,422.68115234375,906.6990966796875,417.87933349609375,899.84228515625,418.0855712890625,918.2244873046875,416.40777587890625,898.57958984375,416.8961181640625,933.5888671875,436.2767028808594,904.804443359375,432.4325866699219,951.6582641601562,468.640380859375,887.0912475585938,446.36572265625,938.3029174804688,497.77294921875,864.093505859375,456.9710998535156,945.844970703125,481.5563049316406,927.2559814453125,479.1484375,934.85205078125,519.9066162109375,905.086669921875,517.3068237304688,943.315673828125,562.8890380859375,905.7274169921875,559.0586547851562
900.9882202148438,424.14715576171875,904.8038330078125,419.4826354980469,898.174560546875,419.56573486328125,916.5970458984375,419.28094482421875,897.2521362304688,419.5523986816406,931.6360473632812,439.8957824707031,902.5345458984375,436.09539794921875,950.4813232421875,470.68634033203125,884.420166015625,447.7158203125,935.3707275390625,500.647705078125,862.9066162109375,457.1282043457031,943.0928955078125,483.7411193847656,924.5133056640625,481.6446533203125,933.2210693359375,521.5662231445312,907.3727416992188,519.718017578125,941.4305419921875,562.4578247070312,910.553466796875,560.273193359375
902.1781005859375,426.37347412109375,906.1544189453125,421.902099609375,898.880615234375,421.8726806640625,916.7113037109375,422.5716552734375,896.687255859375,422.23516845703125,927.9347534179688,443.2066955566406,901.7213745117188,438.8832092285156,941.7662353515625,472.4776611328125,880.089111328125,449.04412841796875,928.885986328125,499.1029357910156,859.064208984375,456.235107421875,943.129638671875,481.74139404296875,926.6041259765625,479.8199157714844,929.0750732421875,517.454833984375,907.3123168945312,516.0861206054688,939.1734619140625,557.0101318359375,911.1868286132812,556.23486328125
901.8902587890625,428.5525817871094,906.09521484375,424.3714599609375,899.0777587890625,424.04901123046875,917.5936889648438,425.96649169921875,897.6451416015625,424.82720947265625,929.348388671875,448.06732177734375,901.94873046875,441.099365234375,944.7255859375,478.6544494628906,879.98095703125,448.45355224609375,936.5050048828125,505.1600341796875,861.415283203125,452.4630432128906,941.2893676757812,486.09283447265625,923.852783203125,482.9273986816406,929.6737060546875,520.8624267578125,905.0626831054688,517.689208984375,940.510498046875,560.2978515625,908.5408935546875,557.1343994140625
901.2548828125,428.0638427734375,905.3818359375,424.06256103515625,898.656982421875,423.4624328613281,916.1162109375,426.2969970703125,898.0999755859375,424.36376953125,926.5015869140625,449.1900329589844,903.0005493164062,440.53009033203125,938.3267822265625,480.0887145996094,881.6215209960938,446.6573486328125,926.5413208007812,504.9989318847656,861.1635131835938,449.61956787109375,938.46044921875,487.9794616699219,922.8983154296875,483.8819580078125,927.7620849609375,523.0006713867188,901.1279296875,518.5558471679688,939.8443603515625,562.5538940429688,901.5767211914062,556.9627685546875
901.710693359375,432.43597412109375,905.2677612304688,428.525390625,898.1010131835938,428.6252746582031,914.5465087890625,429.70794677734375,894.744873046875,429.98681640625,928.527099609375,450.5082092285156,896.05126953125,444.57659912109375,944.146240234375,478.57391357421875,876.4315795898438,452.2610778808594,935.21826171875,500.6726989746094,861.6566162109375,452.1456298828125,934.6909790039062,489.4771728515625,913.417724609375,486.12945556640625,927.405517578125,523.980712890625,895.411865234375,520.3458251953125,938.3408203125,564.0925903320312,899.3102416992188,559.2671508789062
900.096923828125,432.1028137207031,903.1339111328125,428.40936279296875,896.7916259765625,428.688232421875,911.4988403320312,429.5255126953125,893.85595703125,430.172119140625,925.847900390625,449.37188720703125,894.1195068359375,445.25689697265625,942.850341796875,474.903076171875,880.728515625,454.99267578125,939.5504150390625,496.3534240722656,878.0905151367188,453.15838623046875,929.5323486328125,491.0287170410156,908.037109375,488.6536865234375,927.963623046875,522.6961059570312,891.5487060546875,520.1771240234375,940.0875244140625,563.2339477539062,893.4380493164062,559.0763549804688
898.57421875,433.34967041015625,902.3816528320312,428.98846435546875,895.4608154296875,428.9844970703125,910.9034423828125,429.53265380859375,891.4762573242188,429.4884033203125,922.5906372070312,447.16595458984375,890.1242065429688,447.0094299316406,938.6124267578125,469.6950988769531,877.3134155273438,468.86669921875,944.2234497070312,489.1622314453125,866.2179565429688,486.92529296875,923.945068359375,492.6656799316406,902.0073852539062,492.060302734375,927.7483520507812,521.7157592773438,889.31591796875,520.877197265625,941.0238647460938,562.7445068359375,892.2982177734375,561.0678100585938
894.2073974609375,430.5924072265625,897.5615234375,427.0258483886719,891.46435546875,426.98846435546875,906.298583984375,429.3704833984375,889.0018310546875,429.36968994140625,919.9147338867188,449.37347412109375,887.0234985351562,447.5973815917969,938.6435546875,472.5451354980469,875.3172607421875,464.591796875,941.1234741210938,496.15411376953125,875.4666137695312,474.54180908203125,923.6214599609375,488.69586181640625,900.927978515625,487.5806579589844,924.0389404296875,518.5947875976562,883.3406982421875,517.3294677734375,935.697509765625,562.3629150390625,884.6199951171875,559.4982299804688
892.1749877929688,429.2862854003906,895.512451171875,425.50994873046875,889.1651611328125,425.6944580078125,904.0779418945312,428.03118896484375,886.2240600585938,428.67779541015625,917.4041748046875,449.0043640136719,883.616455078125,449.4598388671875,932.704833984375,475.25506591796875,878.2843017578125,474.92578125,932.1787109375,498.58544921875,884.3865966796875,495.5279541015625,919.3111572265625,488.8575439453125,894.8961181640625,488.81622314453125,926.9913330078125,518.08251953125,877.4583740234375,517.106201171875,939.180419921875,563.4662475585938,876.83740234375,560.2987060546875
889.0521240234375,428.4072265625,892.414306640625,424.66851806640625,885.7296142578125,424.64044189453125,900.4283447265625,427.4791259765625,882.532470703125,427.42681884765625,913.2185668945312,449.087646484375,882.1298828125,448.66058349609375,929.316650390625,476.81640625,879.7728881835938,475.83953857421875,927.5187377929688,501.795654296875,884.3577880859375,502.3713684082031,920.0994873046875,489.1306457519531,896.3741455078125,488.3973083496094,924.4334716796875,523.0950927734375,868.9205322265625,520.990966796875,939.4097900390625,566.5110473632812,863.0247802734375,561.3140869140625
885.3817138671875,428.2654724121094,888.83984375,424.3272705078125,881.0340576171875,424.6295166015625,897.0439453125,427.22247314453125,877.0350341796875,427.7443542480469,912.48876953125,449.79632568359375,877.761962890625,449.7970275878906,925.4298095703125,478.17108154296875,877.667236328125,479.2488098144531,926.81787109375,504.8868408203125,871.8305053710938,511.23046875,923.3271484375,491.35858154296875,896.4922485351562,490.008056640625,928.720703125,532.0848999023438,864.12890625,529.0003662109375,941.9334716796875,574.3811645507812,852.6363525390625,567.6707763671875
881.164306640625,425.67303466796875,884.5928955078125,421.5137939453125,876.6271362304688,421.99554443359375,893.169677734375,425.2825012207031,872.60400390625,426.22857666015625,907.1771850585938,449.15594482421875,877.1325073242188,448.922607421875,927.230224609375,478.2997741699219,877.5618896484375,473.232666015625,929.0780639648438,506.4300842285156,885.865478515625,488.35821533203125,921.75439453125,490.29473876953125,897.3197021484375,489.39874267578125,921.0743408203125,530.5701293945312,858.1353759765625,529.20166015625,936.7175903320312,574.3037109375,842.315673828125,570.0291137695312
879.0613403320312,424.418701171875,881.3975830078125,420.0110778808594,873.6478271484375,421.5260009765625,888.017333984375,422.6995849609375,867.6531372070312,426.07293701171875,902.67822265625,443.7928466796875,870.4952392578125,446.27545166015625,915.906982421875,473.40240478515625,861.262451171875,468.330322265625,907.341796875,497.96832275390625,864.5403442382812,475.51507568359375,922.1947021484375,477.3571472167969,896.860595703125,478.3316345214844,921.2017822265625,516.3634033203125,861.89892578125,517.7401123046875,936.1728515625,563.3097534179688,849.7567138671875,563.6552734375
876.4041137695312,424.823974609375,879.380126953125,420.44989013671875,871.7139892578125,421.1736145019531,887.069091796875,422.07171630859375,866.2205810546875,423.8150634765625,903.9852294921875,442.7335205078125,864.4639892578125,444.2579345703125,926.6808471679688,462.15936279296875,847.6594848632812,464.6104431152344,927.1364135742188,475.4769287109375,834.7554931640625,485.6962890625,915.707275390625,483.6123046875,886.646240234375,483.41363525390625,920.4156494140625,516.0411987304688,851.917724609375,513.9842529296875,936.4140625,569.8328857421875,842.091552734375,564.972412109375
872.376220703125,421.85821533203125,875.3482666015625,417.3070068359375,867.9768676757812,418.49884033203125,884.3782958984375,418.1849670410156,864.0438232421875,421.3143310546875,902.5958862304688,438.1710205078125,862.2432861328125,442.51116943359375,927.734375,455.159423828125,840.6882934570312,463.60150146484375,934.8858032226562,471.0484619140625,818.2435913085938,486.65972900390625,908.2747192382812,482.7626953125,879.2341918945312,483.5748596191406,917.868408203125,512.7064208984375,847.2628784179688,512.18115234375,932.9075317382812,563.2919311523438,834.2520751953125,560.7435913085938
872.2449951171875,419.9576416015625,875.0572509765625,415.44854736328125,867.575439453125,417.09869384765625,883.8924560546875,415.7872009277344,862.460693359375,420.1407165527344,902.8824462890625,434.829833984375,859.03271484375,441.16009521484375,927.5775146484375,450.5126953125,836.753173828125,459.35888671875,940.363525390625,466.36151123046875,816.921875,472.34417724609375,908.58740234375,480.152099609375,876.84423828125,482.414794921875,921.7490234375,509.2301025390625,844.5020751953125,511.1298522949219,938.778564453125,559.2542724609375,830.9620971679688,560.44775390625
870.953125,420.36785888671875,874.135009765625,415.9306640625,867.1166381835938,417.08404541015625,884.6981201171875,416.04437255859375,863.5189819335938,419.1823425292969,905.53857421875,435.15447998046875,859.6112060546875,438.68841552734375,931.2691040039062,451.5502624511719,837.9287109375,455.5125732421875,951.4593505859375,469.83245849609375,815.865966796875,472.0233154296875,908.9853515625,482.78997802734375,875.835205078125,483.66656494140625,924.8018188476562,505.50982666015625,843.208984375,505.16131591796875,941.4306640625,557.9962158203125,829.6444091796875,555.7369384765625
871.6752319335938,420.31597900390625,874.9573974609375,415.99285888671875,867.703125,417.01617431640625,885.1422119140625,416.639404296875,864.074462890625,419.48968505859375,905.8782348632812,434.8601989746094,860.9241943359375,438.89703369140625,936.0635986328125,450.5625915527344,841.9033813476562,457.62933349609375,958.5897216796875,466.773681640625,823.36474609375,473.58270263671875,910.447021484375,478.7000427246094,877.8037719726562,479.921630859375,926.4149169921875,499.43414306640625,845.7225341796875,499.255615234375,946.5775146484375,552.664794921875,834.205078125,549.9200439453125
873.171875,421.66290283203125,876.2249755859375,417.5028991699219,869.13525390625,418.48138427734375,885.819091796875,418.20538330078125,865.221923828125,420.78619384765625,906.59326171875,435.79742431640625,862.1058349609375,439.39306640625,936.833740234375,452.0367431640625,842.6735229492188,457.759033203125,959.4783935546875,467.08270263671875,825.559814453125,472.1634521484375,914.8035278320312,475.2838134765625,881.3271484375,476.6025390625,935.2318725585938,495.4110107421875,845.0679931640625,495.320556640625,958.7398681640625,547.2228393554688,828.8109130859375,544.5568237304688
874.0479125976562,421.9439697265625,876.887451171875,417.77252197265625,870.3682861328125,418.9455871582031,886.70458984375,418.60260009765625,867.2099609375,421.6701965332031,906.178466796875,436.21087646484375,865.5318603515625,441.63427734375,937.8646240234375,452.78692626953125,847.3106689453125,462.0361328125,958.6668701171875,471.12994384765625,834.1353149414062,476.8927001953125,913.754150390625,475.281005859375,882.0269775390625,477.5071105957031,938.887451171875,495.78948974609375,844.9334716796875,497.5095520019531,964.0698852539062,539.7247924804688,822.845703125,540.1134033203125
876.6705322265625,424.606689453125,879.005859375,420.4110107421875,871.8854370117188,422.2359924316406,887.36865234375,421.6322937011719,868.4576416015625,426.09686279296875,907.685791015625,438.89190673828125,864.9109497070312,445.50579833984375,938.4169921875,451.3271484375,844.806396484375,462.5127868652344,960.5480346679688,470.8238525390625,832.729736328125,479.07171630859375,915.1766357421875,479.2911376953125,882.0082397460938,483.2664794921875,944.0938720703125,495.9351806640625,853.215087890625,499.650390625,967.9769287109375,538.0769653320312,834.99658203125,540.059814453125
878.2144775390625,427.103271484375,880.77880859375,422.9300537109375,873.8344116210938,424.0135498046875,888.3451538085938,423.4386291503906,868.4161376953125,426.4823913574219,904.778076171875,440.9949951171875,868.0640258789062,446.98828125,934.5910034179688,454.42779541015625,851.134765625,468.4168395996094,936.8348388671875,461.4496765136719,844.901611328125,488.10284423828125,916.7660522460938,481.84033203125,886.5267333984375,484.25042724609375,948.9417724609375,506.13458251953125,849.4736938476562,506.8824462890625,979.7496337890625,546.3588256835938,827.0590209960938,544.5662231445312
876.989013671875,427.3849182128906,878.6785888671875,423.1762390136719,872.1978149414062,425.1226501464844,884.3682861328125,425.3062744140625,868.131103515625,430.4896545410156,902.2373657226562,441.85333251953125,867.001708984375,453.9525146484375,918.8743286132812,454.80889892578125,859.011962890625,483.10101318359375,907.770751953125,455.08538818359375,855.7695922851562,512.5841064453125,919.4057006835938,481.580078125,888.9391479492188,488.0256042480469,948.9468994140625,505.16619873046875,857.2176513671875,510.01605224609375,969.6160888671875,541.5885009765625,835.483642578125,542.9470825195312
870.21923828125,427.10687255859375,872.322265625,423.1425476074219,866.68115234375,424.02069091796875,880.1356201171875,424.0218200683594,864.109130859375,426.10040283203125,897.04150390625,442.5596923828125,866.733642578125,445.48211669921875,921.6419677734375,465.37469482421875,859.7493896484375,469.81402587890625,926.33056640625,489.4671936035156,857.23828125,497.4421691894531,912.7613525390625,475.07464599609375,886.6785278320312,476.46771240234375,940.9237060546875,506.5749206542969,850.16845703125,506.3145751953125,973.5439453125,543.9371948242188,833.2684936523438,541.3701171875
858.9854736328125,425.24322509765625,860.96533203125,421.2637939453125,855.572021484375,422.03759765625,869.1258544921875,421.81585693359375,854.589599609375,423.4168395996094,885.8245239257812,439.39776611328125,861.9091796875,442.8364562988281,903.2938842773438,460.955810546875,858.31787109375,468.87249755859375,897.8892822265625,478.3399658203125,852.1950073242188,496.3700866699219,912.8089599609375,472.55462646484375,890.2205810546875,474.24853515625,937.394287109375,504.3013916015625,848.1348876953125,504.35430908203125,974.9427490234375,542.3896484375,833.3670043945312,539.75341796875
844.84375,420.495361328125,846.9406127929688,416.6468811035156,843.1348876953125,417.52276611328125,857.2403564453125,416.8893127441406,845.0164794921875,419.3284606933594,879.5997314453125,431.8525085449219,848.9697875976562,438.902587890625,902.531005859375,447.075927734375,846.582763671875,463.9063720703125,896.66162109375,455.81683349609375,848.37060546875,486.8953857421875,902.9609985351562,473.9188232421875,875.6513671875,477.438232421875,934.331787109375,499.817626953125,841.2371826171875,501.81109619140625,977.389892578125,538.55419921875,831.907958984375,537.802978515625
834.7282104492188,407.37066650390625,836.6661987304688,403.41143798828125,832.0933837890625,404.3046569824219,844.7063598632812,404.457275390625,830.9822998046875,406.8492736816406,865.939208984375,421.9158935546875,832.291748046875,429.95849609375,895.287841796875,439.10650634765625,832.478759765625,459.10205078125,896.59326171875,447.51287841796875,837.7603759765625,480.69488525390625,891.911865234375,469.768310546875,862.94287109375,474.337890625,925.7964477539062,494.6683349609375,833.9280395507812,498.08038330078125,972.1990356445312,537.113037109375,829.8935546875,538.1668701171875
821.5174560546875,407.714599609375,822.5733642578125,403.57171630859375,819.5641479492188,404.9554443359375,829.9835205078125,403.6471252441406,821.7740478515625,406.9959716796875,852.067138671875,417.58416748046875,825.53271484375,428.015869140625,883.7552490234375,429.3002014160156,834.1650390625,454.37005615234375,901.2825927734375,440.6020202636719,843.3568725585938,471.3115539550781,883.5985107421875,463.69189453125,859.4033203125,469.8644714355469,918.5147094726562,493.73828125,834.6236572265625,499.6575622558594,966.2708740234375,532.7239990234375,832.1260986328125,537.1981811523438
820.7567138671875,398.5775146484375,821.783935546875,394.1999816894531,817.0872802734375,396.566162109375,828.10986328125,395.108642578125,815.61572265625,401.20672607421875,848.6497192382812,410.1202697753906,818.13916015625,424.02508544921875,884.7452392578125,418.6932373046875,811.6611328125,445.48870849609375,909.706298828125,427.18121337890625,805.1640014648438,451.767578125,879.364501953125,453.8702087402344,854.0166015625,461.7427978515625,910.3071899414062,487.8957824707031,832.079833984375,496.45318603515625,955.4962158203125,529.5903930664062,829.353759765625,537.647705078125
811.7537841796875,390.3392333984375,813.0990600585938,385.7694091796875,807.3729248046875,388.3486633300781,819.285888671875,386.68377685546875,804.3235473632812,393.2124938964844,838.2581176757812,402.3287658691406,805.7564697265625,417.8742370605469,860.1412353515625,413.30255126953125,800.387451171875,440.74151611328125,855.1309814453125,413.44268798828125,797.7405395507812,433.61297607421875,872.5439453125,447.76177978515625,845.240478515625,456.6697998046875,904.3628540039062,485.911376953125,830.4844970703125,497.3791809082031,944.6082763671875,526.0568237304688,830.2762451171875,540.462646484375
808.8429565429688,377.25140380859375,808.82080078125,372.8456726074219,802.605712890625,376.0002136230469,810.2946166992188,374.8942565917969,795.1239624023438,382.5140075683594,828.4942016601562,389.22772216796875,792.45947265625,408.11981201171875,858.6041259765625,398.7786865234375,791.8875732421875,435.5067443847656,869.8896484375,384.5755615234375,795.5186767578125,417.6484375,864.2752075195312,437.597900390625,835.58251953125,449.7421875,898.11767578125,477.55224609375,831.4029541015625,492.8246154785156,931.29931640625,518.5042724609375,828.5882568359375,537.36669921875
807.5652465820312,374.509033203125,808.7726440429688,370.712158203125,803.0480346679688,373.3551025390625,812.986083984375,375.521728515625,799.220947265625,382.83380126953125,830.4658203125,388.5658264160156,796.7359619140625,407.24578857421875,857.281494140625,380.9391174316406,789.3638305664062,409.55450439453125,853.0936889648438,363.4582214355469,782.9263916015625,374.0826416015625,862.73779296875,439.5010070800781,835.8026733398438,451.737060546875,895.7946166992188,476.50567626953125,835.8997192382812,494.3451232910156,933.4320068359375,511.8853454589844,837.7425537109375,536.5859375
789.7152099609375,355.7720031738281,791.9381103515625,349.90081787109375,786.3182373046875,352.6158447265625,800.1796875,346.53765869140625,786.29931640625,354.2826232910156,819.959228515625,356.1383972167969,784.16796875,376.28271484375,847.656005859375,370.8208923339844,775.4181518554688,407.55169677734375,835.9802856445312,364.42578125,772.6261596679688,389.4648742675781,852.3909912109375,417.5108642578125,824.8878173828125,428.70367431640625,884.7529296875,466.46356201171875,836.0684814453125,482.7554626464844,908.24169921875,511.9380798339844,834.869873046875,532.4880981445312
799.436767578125,361.229248046875,801.4423828125,356.17095947265625,794.95263671875,359.01690673828125,807.5601196289062,356.9768371582031,791.3871459960938,364.73590087890625,826.6881103515625,367.67034912109375,785.5941162109375,387.0457763671875,845.2113037109375,367.3955383300781,776.164306640625,401.41925048828125,822.6930541992188,354.3597106933594,775.4581298828125,374.1356201171875,852.986328125,421.79095458984375,821.66455078125,432.60919189453125,881.716552734375,467.6593017578125,833.1766357421875,483.81884765625,899.9073486328125,514.4149169921875,835.65185546875,535.81884765625
783.6091918945312,348.31689453125,786.525390625,343.3346252441406,780.23486328125,344.89501953125,795.9871215820312,343.20928955078125,777.2858276367188,347.8343505859375,812.7167358398438,352.9959411621094,776.3221435546875,369.7388916015625,842.9241943359375,343.90838623046875,761.5321655273438,373.83697509765625,830.4889526367188,341.656982421875,750.3817749023438,357.86614990234375,843.7840576171875,410.7120361328125,818.4080810546875,421.0286865234375,860.477294921875,456.9559326171875,825.2411499023438,473.52740478515625,881.4139404296875,499.548583984375,829.6276245117188,523.65087890625
779.1292724609375,344.1803894042969,782.4559936523438,339.44195556640625,776.050537109375,340.52142333984375,791.3067626953125,341.98663330078125,774.609130859375,345.0981750488281,804.5454711914062,354.4105224609375,775.0703125,367.04132080078125,819.8721313476562,341.0703430175781,761.3717651367188,365.6477966308594,804.9248046875,323.069580078125,748.407958984375,347.119873046875,839.582763671875,409.3926086425781,817.909912109375,417.3919677734375,855.66796875,456.5959167480469,822.0580444335938,468.97625732421875,875.617919921875,503.1015930175781,826.1588134765625,522.526123046875
776.6650390625,343.33050537109375,779.6819458007812,338.1788330078125,772.406494140625,339.50933837890625,787.905517578125,339.8612365722656,768.640869140625,343.2826843261719,802.5743408203125,351.0360107421875,770.5303955078125,361.62225341796875,814.4576416015625,329.2037353515625,755.9830322265625,350.882080078125,792.0620727539062,306.2740173339844,741.0824584960938,330.1994934082031,836.4299926757812,402.60498046875,812.06005859375,408.9853820800781,850.9580078125,453.7949523925781,812.4178466796875,463.14202880859375,869.4197387695312,501.8221435546875,813.8933715820312,515.0836181640625
776.8109130859375,343.774169921875,779.49267578125,338.5386657714844,772.5895385742188,340.0596923828125,787.148193359375,339.702880859375,769.4835205078125,343.315673828125,800.5234375,349.9898681640625,771.4766235351562,359.8447265625,804.0283203125,325.8836669921875,753.7394409179688,348.67657470703125,782.9796142578125,299.8742980957031,740.3187255859375,330.0267028808594,833.5537719726562,400.5268249511719,810.3319702148438,406.03729248046875,847.2802734375,452.44061279296875,805.7496337890625,459.9124755859375,862.1691284179688,501.3450622558594,800.142333984375,510.5528869628906
775.1383666992188,346.1200256347656,777.3485107421875,340.528076171875,769.40478515625,342.3235168457031,782.0830078125,339.91748046875,762.0225219726562,344.021484375,794.994384765625,348.3703308105469,763.02978515625,357.41046142578125,802.211669921875,324.15191650390625,747.841796875,341.0512390136719,786.367919921875,301.40081787109375,741.6119384765625,315.2952880859375,828.6539306640625,398.13134765625,802.7974853515625,403.58966064453125,844.2802734375,449.71929931640625,794.703369140625,456.9364013671875,858.9611206054688,497.6951904296875,785.3988037109375,505.9852294921875
772.2938232421875,342.8764343261719,773.72314453125,337.82366943359375,766.6240234375,339.9603271484375,777.4557495117188,337.8943176269531,759.13525390625,343.0696105957031,791.3546142578125,348.014404296875,757.279296875,358.7128601074219,803.4094848632812,323.9310302734375,740.7174072265625,341.0450134277344,798.8377075195312,300.1403503417969,730.9107666015625,316.1544189453125,820.37255859375,403.1441650390625,793.7113037109375,410.54364013671875,843.5912475585938,449.21533203125,790.1728515625,458.4004211425781,863.67578125,492.762451171875,781.157958984375,503.29486083984375
760.4983520507812,341.59912109375,762.6727294921875,337.1507873535156,755.977783203125,338.5749816894531,768.858642578125,341.51708984375,751.4017333984375,345.340576171875,782.951904296875,354.6201171875,751.262939453125,365.3268127441406,807.38671875,330.2525939941406,733.1729125976562,349.56573486328125,802.1764526367188,310.56866455078125,715.2373046875,330.37176513671875,809.7421875,404.906494140625,784.7567138671875,411.8233642578125,833.0304565429688,449.0623779296875,780.5687255859375,459.0639953613281,852.0736083984375,492.669921875,765.600341796875,505.91583251953125
750.948974609375,343.5274658203125,753.9564819335938,339.22357177734375,747.3990478515625,340.6387634277344,763.3536376953125,341.45648193359375,746.894287109375,345.4249267578125,782.5537719726562,355.87744140625,746.9725952148438,366.468994140625,815.3782958984375,349.2389831542969,733.7724609375,367.22589111328125,819.258056640625,337.0935974121094,719.1177978515625,347.98583984375,804.7619018554688,408.6737060546875,777.3206176757812,414.441650390625,831.3532104492188,448.14007568359375,773.9921875,456.564453125,852.3431396484375,498.01300048828125,762.4283447265625,507.1989440917969
749.7274169921875,349.17425537109375,751.8386840820312,345.5419616699219,745.6078491210938,347.1253662109375,759.8712768554688,350.401611328125,743.825927734375,354.79888916015625,779.4786987304688,367.1637268066406,745.1991577148438,377.9888916015625,815.584228515625,367.05157470703125,736.9650268554688,385.4169616699219,812.2351684570312,355.6583251953125,727.6044921875,368.8558044433594,800.2747802734375,419.89874267578125,772.6620483398438,426.61419677734375,831.4405517578125,456.9678955078125,762.0532836914062,466.10882568359375,858.8306884765625,499.259765625,748.3388061523438,510.0775146484375
748.0623168945312,358.14508056640625,750.458984375,354.51171875,744.9254150390625,355.3909606933594,758.4437866210938,356.60784912109375,743.47705078125,359.1329040527344,777.56298828125,372.66778564453125,741.2613525390625,380.45989990234375,810.6446533203125,380.0289306640625,731.7794189453125,392.4346923828125,811.0079956054688,378.66546630859375,726.8599243164062,382.613525390625,795.953125,429.19775390625,767.4730834960938,434.57769775390625,822.853271484375,462.4423828125,751.9254760742188,470.4070129394531,851.5389404296875,499.013427734375,741.418701171875,509.4200134277344
747.3805541992188,362.1946105957031,749.904052734375,358.2118835449219,743.5362548828125,359.35528564453125,757.9486083984375,358.9742431640625,740.15869140625,362.081787109375,777.3013916015625,376.73980712890625,736.3203125,384.13201904296875,804.529541015625,395.923828125,726.3839721679688,405.2566223144531,800.4805297851562,396.7682189941406,729.8720703125,394.125244140625,794.8707275390625,435.9716491699219,763.1720581054688,441.33685302734375,824.1890258789062,473.0332946777344,748.6265258789062,480.86993408203125,853.5159301757812,507.9049987792969,740.5567626953125,518.3297729492188
747.1947021484375,366.1510009765625,750.2672729492188,361.5069580078125,743.6683959960938,362.89385986328125,760.1656494140625,362.33782958984375,740.2515869140625,365.97723388671875,776.5885009765625,384.69158935546875,740.906494140625,390.94036865234375,800.0436401367188,417.0731201171875,728.1414794921875,410.9338073730469,794.7301025390625,444.35791015625,727.3779907226562,397.83843994140625,793.9747924804688,438.1244201660156,766.7442016601562,442.57666015625,812.2293701171875,471.9664306640625,742.7636108398438,480.45953369140625,842.7991943359375,509.89569091796875,739.330078125,523.2277221679688
748.0451049804688,368.2217102050781,751.0803833007812,363.7764892578125,744.4093627929688,364.7317199707031,760.0979614257812,364.64959716796875,740.812255859375,367.2005310058594,775.5029296875,386.20208740234375,742.0323486328125,390.0389404296875,797.1798706054688,414.4635009765625,730.8841552734375,411.96795654296875,797.6131591796875,442.4356689453125,727.57177734375,418.52618408203125,790.0325927734375,436.000732421875,764.598388671875,438.4250793457031,806.05419921875,475.49249267578125,742.580322265625,479.22021484375,833.635009765625,519.638916015625,738.76806640625,523.827880859375
751.0947265625,369.3734436035156,754.26904296875,364.99517822265625,747.5802001953125,365.625244140625,763.356201171875,366.21142578125,743.901123046875,368.034423828125,779.578125,388.28326416015625,744.2044677734375,390.56292724609375,799.745849609375,417.0592346191406,734.245361328125,414.36431884765625,791.9921875,445.35888671875,730.3238525390625,430.5076904296875,791.8179931640625,436.7185363769531,765.4337158203125,437.6700439453125,802.4251098632812,476.54669189453125,742.181640625,477.8773193359375,825.0364990234375,523.513427734375,740.0913696289062,524.5734252929688
755.4956665039062,374.27813720703125,759.2120361328125,369.23602294921875,752.690185546875,370.0045166015625,769.6851806640625,368.36199951171875,750.7288818359375,370.93505859375,786.2506713867188,386.9207763671875,752.1266479492188,390.10345458984375,800.643310546875,415.4287109375,744.636474609375,419.0426025390625,796.2076416015625,440.4786376953125,737.32421875,440.731201171875,789.3680419921875,440.33843994140625,764.4803466796875,441.041748046875,802.363037109375,478.4614562988281,744.7979125976562,478.6191101074219,817.7074584960938,525.170166015625,741.1670532226562,524.452392578125
764.533203125,367.803955078125,767.67724609375,363.46685791015625,760.8076782226562,363.7583312988281,775.12890625,364.62872314453125,756.080322265625,365.59796142578125,788.6782836914062,385.84344482421875,755.3800048828125,386.7725830078125,805.2214965820312,414.1295166015625,749.455322265625,413.1580810546875,792.661376953125,441.44097900390625,748.880615234375,438.38653564453125,795.7479858398438,430.39813232421875,770.5343627929688,430.04412841796875,801.657470703125,474.7861328125,745.39208984375,473.85333251953125,819.917724609375,524.6732177734375,740.8983154296875,522.18212890625
772.3804321289062,369.362548828125,775.4086303710938,364.40008544921875,767.3834228515625,365.28118896484375,781.47900390625,364.53497314453125,760.6179809570312,367.298583984375,795.933349609375,384.39813232421875,759.8409423828125,388.4603271484375,813.479736328125,412.7303466796875,758.38134765625,417.92626953125,795.6311645507812,440.557861328125,758.6658935546875,446.4496765136719,802.273681640625,431.09234619140625,775.0155029296875,431.6827392578125,807.5308227539062,472.89703369140625,747.7673950195312,472.48883056640625,821.246826171875,524.8123779296875,742.46875,521.364501953125
773.7123413085938,360.6282958984375,777.2379150390625,356.04132080078125,770.1444091796875,356.535888671875,786.4365234375,357.42364501953125,766.3609619140625,359.32684326171875,802.0039672851562,378.8201904296875,766.517578125,382.5940246582031,821.970703125,406.7327880859375,763.8670654296875,412.9140625,806.325927734375,432.1580810546875,767.115478515625,440.577880859375,806.8341064453125,428.3015441894531,780.1722412109375,428.6818542480469,813.7315673828125,470.39208984375,754.8760986328125,469.93798828125,822.5050048828125,522.9702758789062,743.431396484375,519.9888916015625
781.8724365234375,359.21234130859375,785.2216796875,354.4236145019531,777.4339599609375,355.1029052734375,793.2409057617188,355.4922180175781,772.491455078125,357.54974365234375,806.9246826171875,377.39520263671875,773.1505737304688,381.13323974609375,826.6605224609375,405.64501953125,774.5701904296875,411.37835693359375,821.5301513671875,433.9222412109375,776.3937377929688,436.91900634765625,811.38330078125,430.36236572265625,786.4099731445312,431.1867370605469,818.5244140625,473.3094482421875,766.0034790039062,473.7241516113281,823.8056640625,522.1051025390625,752.8873901367188,520.4232177734375
788.5880126953125,357.2213134765625,792.0507202148438,352.66827392578125,784.447265625,353.05517578125,799.9376220703125,353.81256103515625,779.174560546875,355.13189697265625,812.922119140625,374.64990234375,778.0771484375,377.8482971191406,831.9219970703125,402.1828308105469,777.6585693359375,408.26861572265625,825.97314453125,427.2948303222656,779.895751953125,435.3541259765625,817.6446533203125,424.524169921875,792.572998046875,425.29583740234375,821.6912841796875,468.18768310546875,774.0053100585938,468.42864990234375,825.1580200195312,520.4013671875,764.400146484375,519.0379638671875
796.2119750976562,359.09478759765625,799.46142578125,354.6201171875,791.8831787109375,355.09466552734375,806.1362915039062,355.4145812988281,786.0450439453125,356.90008544921875,819.631591796875,375.2113952636719,782.680908203125,378.326171875,834.9130859375,401.5066223144531,782.5543212890625,407.4415283203125,831.6311645507812,426.13348388671875,785.9078369140625,433.8278503417969,824.8106689453125,423.01959228515625,799.1063232421875,424.112060546875,825.067626953125,468.1972961425781,783.44775390625,468.5365905761719,829.6571044921875,520.4493408203125,783.5618896484375,518.8379516601562
801.4771728515625,357.04876708984375,804.8995971679688,352.8607177734375,796.9730224609375,353.4485778808594,811.9026489257812,355.231201171875,791.3204956054688,356.82421875,825.5542602539062,376.88226318359375,787.4474487304688,379.2812805175781,839.433837890625,403.88330078125,786.3902587890625,406.91845703125,840.1158447265625,432.03033447265625,791.3798217773438,430.3077392578125,829.88037109375,424.7069091796875,803.7230224609375,425.7418212890625,832.30615234375,467.31854248046875,793.3492431640625,468.3262939453125,839.403076171875,517.240966796875,796.96484375,517.3848876953125
806.5640258789062,361.66937255859375,810.1102294921875,356.93170166015625,802.7393188476562,357.30072021484375,817.504150390625,357.871826171875,796.9279174804688,358.92535400390625,830.0020751953125,378.6142578125,790.2232666015625,380.925048828125,847.9414672851562,407.9101867675781,785.4415283203125,412.9124450683594,847.7660522460938,436.79913330078125,790.15380859375,438.85760498046875,830.0836181640625,430.8690490722656,803.118896484375,432.1994934082031,843.9764404296875,469.47576904296875,799.45654296875,470.37811279296875,854.5283203125,516.6818237304688,803.427490234375,517.0740966796875
815.7073974609375,361.7689208984375,818.6715087890625,357.7755126953125,811.11572265625,358.45086669921875,823.8333740234375,359.5743408203125,803.8248291015625,361.4116516113281,836.2354736328125,381.2231140136719,794.7108764648438,382.07183837890625,852.108154296875,408.6260986328125,787.8795776367188,402.82733154296875,850.13232421875,437.919189453125,801.3193359375,409.19549560546875,834.7364501953125,431.4549560546875,806.106201171875,432.6735534667969,847.4493408203125,471.64910888671875,800.7273559570312,474.4009094238281,858.4769287109375,516.684814453125,807.3034057617188,521.564697265625
820.0172119140625,367.61309814453125,823.6220703125,362.62335205078125,815.481689453125,363.2947082519531,829.5572509765625,363.29656982421875,808.83349609375,364.9847412109375,839.5028076171875,383.462890625,800.3338623046875,386.4451904296875,855.6893920898438,407.61785888671875,790.88232421875,413.7391357421875,860.45751953125,429.70849609375,795.7899169921875,434.257568359375,839.8665771484375,434.29534912109375,813.1561889648438,436.0522155761719,856.107177734375,474.31182861328125,806.9542236328125,475.4693298339844,867.4847412109375,519.8893432617188,807.9783935546875,521.0059814453125
827.3780517578125,367.9449462890625,830.9241943359375,363.8938293457031,823.35498046875,364.0751953125,837.8325805664062,366.31903076171875,817.1390380859375,366.7342529296875,849.4818115234375,388.78521728515625,808.1806640625,389.04193115234375,863.4955444335938,416.73504638671875,795.8534545898438,416.5315246582031,865.270263671875,444.36346435546875,799.594970703125,442.67462158203125,846.135986328125,436.8944091796875,817.155029296875,437.4063720703125,861.6116943359375,477.5386047363281,808.9862060546875,477.610595703125,879.78955078125,523.5659790039062,814.67626953125,523.3759765625
834.53662109375,370.8159484863281,838.1640625,366.927001953125,830.406982421875,367.3023376464844,845.41552734375,369.258056640625,824.5169677734375,370.24951171875,857.115966796875,390.41851806640625,815.8038330078125,391.4736328125,869.4680786132812,417.0972900390625,804.1781616210938,419.72723388671875,874.8030395507812,442.8326110839844,803.7229614257812,449.06842041015625,853.028076171875,436.10870361328125,824.0072021484375,436.7414245605469,869.224609375,475.907470703125,813.3753662109375,475.7220153808594,884.00244140625,524.7236938476562,814.9308471679688,523.8848876953125
843.296630859375,372.3201904296875,846.536376953125,368.39581298828125,839.483154296875,368.4771423339844,852.3369140625,370.10443115234375,833.4234008789062,370.08685302734375,863.5755615234375,392.74481201171875,824.26025390625,392.0144348144531,875.2622680664062,420.67462158203125,812.4647827148438,419.1155090332031,878.238525390625,446.92059326171875,810.1956787109375,446.25628662109375,859.2507934570312,439.00750732421875,830.8199462890625,438.44586181640625,872.423095703125,480.451904296875,817.5775146484375,479.24212646484375,883.631103515625,527.8026733398438,813.152587890625,525.942626953125
850.0504150390625,372.99072265625,853.3452758789062,368.9722900390625,845.8541259765625,369.1080322265625,859.4124755859375,371.0267333984375,839.0802612304688,370.9774475097656,870.076416015625,394.0509033203125,829.7711791992188,393.9725646972656,882.1082153320312,420.2838134765625,817.948486328125,422.73284912109375,887.69482421875,444.18255615234375,816.954833984375,452.50225830078125,866.0711059570312,443.067626953125,837.0706787109375,442.7461853027344,880.9541015625,483.4451904296875,824.1838989257812,482.3424072265625,886.8993530273438,530.4344482421875,814.0918579101562,528.7508544921875
856.7532348632812,373.31005859375,860.42578125,369.58172607421875,852.0501708984375,370.04364013671875,867.1318359375,371.3472900390625,845.1304321289062,372.5376892089844,878.9493408203125,392.4061279296875,836.1666259765625,394.2994079589844,892.2039794921875,418.4130859375,825.432373046875,423.0612487792969,898.7421875,443.68511962890625,823.3759765625,452.73358154296875,874.6751708984375,443.88336181640625,844.4269409179688,444.3423156738281,886.63916015625,483.22735595703125,829.79443359375,483.27490234375,887.6424560546875,526.6917114257812,815.51611328125,525.7850341796875
860.340087890625,370.7070007324219,864.3055419921875,366.9260559082031,855.8294677734375,367.26873779296875,871.8282470703125,369.1148681640625,849.5947265625,370.05914306640625,884.2662353515625,391.1692199707031,840.659423828125,393.2582702636719,899.6325073242188,416.41986083984375,832.1259155273438,422.48443603515625,909.9029541015625,442.564697265625,830.7802734375,453.2742004394531,878.1139526367188,443.9476318359375,847.8388671875,444.4820251464844,888.2059326171875,483.24627685546875,834.1966552734375,483.3856201171875,888.3623657226562,526.9397583007812,822.20654296875,526.03955078125
866.1260986328125,369.703857421875,869.919189453125,365.803955078125,861.408935546875,366.19879150390625,876.8057861328125,367.48968505859375,854.3618774414062,368.53106689453125,889.3412475585938,388.63018798828125,844.51611328125,390.42913818359375,905.666015625,413.8078308105469,836.5150146484375,418.6524658203125,916.2474365234375,440.55059814453125,836.5225830078125,447.3503723144531,881.3223876953125,439.94378662109375,850.7828369140625,440.423095703125,889.8758544921875,480.8251647949219,839.57958984375,480.9931640625,890.3609619140625,526.6549072265625,832.623779296875,526.2106323242188
867.8985595703125,366.4389953613281,871.807373046875,362.50775146484375,863.1937866210938,363.0762939453125,879.27978515625,365.1590576171875,856.8291015625,366.7518310546875,892.796875,387.76519775390625,847.766845703125,390.671630859375,909.401611328125,413.0272216796875,841.189208984375,419.56024169921875,919.8858642578125,438.81134033203125,842.1168823242188,445.195556640625,885.245361328125,441.35498046875,854.9877319335938,442.3603515625,891.4202270507812,481.7161865234375,845.165283203125,482.64056396484375,892.4851684570312,527.1140747070312,841.95166015625,527.4815673828125
870.182373046875,361.204345703125,874.4174194335938,357.302490234375,865.8536376953125,357.5100402832031,882.23193359375,360.66619873046875,859.8179931640625,361.3840026855469,894.08837890625,383.85546875,850.5423583984375,386.197021484375,910.9365234375,410.5068359375,843.3717041015625,416.72930908203125,919.704833984375,436.67584228515625,844.808349609375,444.2141418457031,886.8012084960938,436.8915710449219,858.1993408203125,437.97320556640625,892.3753051757812,480.2414245605469,853.846435546875,481.48016357421875,894.91796875,528.9896240234375,856.182373046875,530.4494018554688
875.1176147460938,362.8988342285156,879.3905029296875,357.83538818359375,870.544921875,357.95733642578125,886.246826171875,359.3030090332031,862.986572265625,359.51904296875,894.8966674804688,382.14825439453125,852.0316772460938,382.9615173339844,910.0052490234375,412.2003173828125,841.9384765625,414.7174072265625,911.4314575195312,440.5777587890625,848.64697265625,442.20361328125,886.6840209960938,438.4000244140625,858.9468383789062,438.9179992675781,891.4063720703125,478.63482666015625,858.3629150390625,479.0626220703125,892.1832275390625,527.4337768554688,860.382080078125,527.8441162109375
