x0,y0,x1,y1,x2,y2,x3,y3,x4,y4,x5,y5,x6,y6,x7,y7,x8,y8,x9,y9,x10,y10,x11,y11,x12,y12,x13,y13,x14,y14,x15,y15,x16,y16
1076.1470947265625,562.5205078125,1075.3319091796875,556.1770629882812,1077.739501953125,556.2930297851562,1066.607666015625,556.7919921875,1095.9202880859375,558.2487182617188,1046.09423828125,586.143310546875,1115.22119140625,587.595458984375,1027.9385986328125,626.5970458984375,1133.544921875,620.34521484375,1050.3980712890625,644.9620361328125,1122.4049072265625,623.19189453125,1062.999267578125,669.1665649414062,1108.199951171875,670.4881591796875,1073.0867919921875,735.68310546875,1101.89892578125,738.7245483398438,1075.241943359375,800.5675048828125,1086.333740234375,805.0152587890625
1074.5792236328125,561.6649169921875,1073.68896484375,555.5029296875,1076.279541015625,555.5359497070312,1065.6759033203125,557.5888671875,1095.361572265625,558.505615234375,1046.4190673828125,588.618896484375,1114.69677734375,589.222900390625,1029.3197021484375,627.9172973632812,1132.03466796875,622.0635986328125,1050.6041259765625,643.7092895507812,1120.4227294921875,626.0440063476562,1061.92041015625,671.7940673828125,1106.47216796875,672.6319580078125,1072.3857421875,736.631103515625,1099.6712646484375,738.904541015625,1075.7392578125,801.0986938476562,1084.2725830078125,804.4940185546875
1072.4178466796875,562.0994873046875,1071.5977783203125,555.8005981445312,1073.758544921875,555.7417602539062,1064.124267578125,558.2200927734375,1093.8060302734375,558.5143432617188,1045.115234375,589.8854370117188,1115.4730224609375,590.0208740234375,1029.4705810546875,629.3954467773438,1132.033203125,625.0894775390625,1050.679443359375,647.2680053710938,1114.93896484375,635.1123046875,1062.98193359375,672.6744384765625,1109.3382568359375,673.223388671875,1071.758544921875,736.9013671875,1100.3203125,738.73828125,1076.060791015625,801.0587158203125,1086.216552734375,803.6878051757812
1072.680908203125,560.64013671875,1071.123046875,554.3751220703125,1073.5540771484375,554.2667846679688,1061.857421875,557.2279052734375,1091.7764892578125,557.0631103515625,1043.30224609375,589.5853881835938,1113.89794921875,589.2975463867188,1031.0721435546875,630.49609375,1132.84130859375,626.0185546875,1049.1329345703125,650.8099975585938,1115.16552734375,638.45849609375,1061.71923828125,671.5886840820312,1108.6583251953125,672.0852661132812,1069.8485107421875,735.07666015625,1102.49951171875,736.9502563476562,1074.920654296875,799.294921875,1091.3441162109375,802.1715087890625
1072.369873046875,560.1636352539062,1070.206298828125,553.8475341796875,1072.9483642578125,553.6780395507812,1059.7152099609375,556.3779907226562,1090.0245361328125,555.6763916015625,1041.7344970703125,588.7137451171875,1112.414306640625,587.566162109375,1031.5780029296875,631.3046264648438,1131.9998779296875,626.73291015625,1049.1982421875,653.47998046875,1115.150390625,644.0135498046875,1061.5185546875,670.8012084960938,1108.91455078125,670.9769897460938,1070.023193359375,734.4556274414062,1105.0706787109375,735.5050048828125,1074.1962890625,798.055419921875,1094.51123046875,799.3826293945312
1069.8505859375,557.0491943359375,1067.726806640625,550.9671630859375,1071.020263671875,550.7286376953125,1058.034423828125,554.2485961914062,1089.49462890625,553.420166015625,1040.927734375,587.5746459960938,1111.32373046875,586.2078857421875,1031.5635986328125,630.54150390625,1130.9718017578125,625.3611450195312,1048.0245361328125,655.7147216796875,1116.5712890625,645.0908813476562,1060.330078125,669.2037353515625,1107.5869140625,669.348876953125,1069.5333251953125,733.826416015625,1105.511474609375,735.0128173828125,1074.665771484375,795.7461547851562,1097.18310546875,797.6493530273438
1064.314208984375,555.708984375,1062.89404296875,549.8985595703125,1066.191650390625,549.3561401367188,1056.4168701171875,553.3768310546875,1087.5345458984375,551.644287109375,1041.27294921875,586.7835693359375,1109.835693359375,583.4837646484375,1031.12060546875,628.2813110351562,1129.42236328125,619.926025390625,1045.1285400390625,656.8931884765625,1116.8760986328125,643.4472045898438,1061.23193359375,668.4296875,1107.4093017578125,667.6573486328125,1069.8607177734375,733.1427001953125,1106.6002197265625,733.1222534179688,1074.1820068359375,794.5491943359375,1101.0758056640625,794.6577758789062
1066.9659423828125,554.2579345703125,1064.194091796875,548.2091064453125,1067.663330078125,547.8028564453125,1054.4091796875,551.6775512695312,1086.285400390625,549.376953125,1040.4866943359375,585.8817138671875,1109.4677734375,580.0703735351562,1030.29541015625,626.63525390625,1129.321044921875,614.9315185546875,1044.74462890625,655.5537109375,1116.79931640625,641.8877563476562,1063.0389404296875,667.749267578125,1109.641845703125,665.819091796875,1070.3271484375,732.6696166992188,1107.176025390625,729.908203125,1076.931640625,794.99462890625,1105.178955078125,789.7659912109375
1060.15087890625,554.0254516601562,1058.547607421875,548.2743530273438,1061.9927978515625,547.3365478515625,1053.37841796875,551.0982666015625,1084.885498046875,547.3805541992188,1041.44873046875,584.2245483398438,1109.4495849609375,575.5206298828125,1029.60302734375,625.77197265625,1128.59423828125,609.065185546875,1042.07373046875,654.9765625,1117.1854248046875,637.3109741210938,1065.174560546875,663.8472900390625,1111.11279296875,660.43701171875,1069.077880859375,728.8734741210938,1107.0531005859375,724.1007690429688,1077.0986328125,792.1083984375,1107.94140625,783.6795654296875
1062.5341796875,549.859619140625,1060.050048828125,544.3162841796875,1063.699462890625,543.3217163085938,1053.033935546875,548.3157958984375,1084.3056640625,543.7633666992188,1043.4068603515625,582.605224609375,1108.11669921875,571.3743286132812,1031.09619140625,625.0340576171875,1128.3717041015625,602.3475341796875,1035.86474609375,651.004150390625,1115.5377197265625,624.058837890625,1066.5535888671875,660.5435791015625,1110.2598876953125,656.0084838867188,1067.92626953125,725.7173461914062,1106.477783203125,719.3797607421875,1076.2689208984375,790.5595092773438,1110.0595703125,779.610595703125
1056.83984375,546.145263671875,1056.1134033203125,541.0870361328125,1059.5650634765625,539.9635620117188,1055.6531982421875,545.5106201171875,1083.343017578125,541.5407104492188,1048.8397216796875,577.482177734375,1107.50732421875,568.6062622070312,1037.1954345703125,618.0482788085938,1127.603759765625,597.01904296875,1033.0828857421875,646.0428466796875,1112.9991455078125,609.1489868164062,1070.6343994140625,656.2037353515625,1109.700439453125,652.3756713867188,1068.5330810546875,720.935791015625,1104.891845703125,718.3568115234375,1080.8997802734375,784.1087036132812,1110.005615234375,781.336669921875
1057.4405517578125,544.3958129882812,1056.5250244140625,539.4497680664062,1059.86669921875,538.25048828125,1055.42724609375,544.1137084960938,1082.505615234375,539.7922973632812,1049.5625,576.5286865234375,1106.335205078125,566.0491943359375,1037.73974609375,617.8226318359375,1126.7421875,591.83203125,1030.9727783203125,645.8482055664062,1112.052978515625,599.16162109375,1071.7686767578125,654.4280395507812,1109.5380859375,649.818603515625,1066.4613037109375,718.0960693359375,1102.911376953125,714.6359252929688,1079.1298828125,781.52099609375,1109.5928955078125,777.320068359375
1057.3572998046875,543.6974487304688,1056.1807861328125,538.7285766601562,1059.395263671875,537.4444580078125,1055.4951171875,542.8843994140625,1081.7763671875,537.777587890625,1052.3438720703125,574.781494140625,1105.979736328125,562.3785400390625,1041.3131103515625,616.1893310546875,1125.972412109375,587.6000366210938,1030.4510498046875,642.1405029296875,1109.62939453125,594.5538330078125,1074.174072265625,653.8037719726562,1109.990966796875,648.2261962890625,1065.6630859375,717.6698608398438,1101.433837890625,712.6522216796875,1079.469970703125,781.9674682617188,1110.619140625,774.9761352539062
1057.6893310546875,545.5040893554688,1056.64892578125,541.0588989257812,1060.10009765625,539.4034423828125,1056.80029296875,545.999755859375,1082.957763671875,539.7506713867188,1055.808349609375,578.2769775390625,1105.50732421875,563.4810791015625,1042.961669921875,620.4595947265625,1129.20068359375,587.4993896484375,1030.0576171875,636.7545166015625,1116.73828125,591.9999389648438,1078.040283203125,658.9862060546875,1110.449462890625,652.4832763671875,1063.4698486328125,724.0052490234375,1096.741455078125,716.7774658203125,1078.088134765625,789.76171875,1111.76953125,778.232666015625
1057.3310546875,545.2784423828125,1056.442626953125,540.909423828125,1059.93408203125,539.1692504882812,1057.820068359375,545.772705078125,1083.114501953125,539.1802978515625,1058.5821533203125,578.6946411132812,1105.732666015625,562.1619873046875,1044.3428955078125,620.5342407226562,1127.0137939453125,583.4775390625,1031.1683349609375,636.8909912109375,1115.2398681640625,587.8179931640625,1081.808349609375,660.4302978515625,1112.40087890625,653.0263671875,1065.2530517578125,723.9493408203125,1097.0679931640625,715.1351318359375,1080.2822265625,789.6678466796875,1112.1251220703125,775.1138305664062
1056.083984375,544.6851196289062,1055.34912109375,540.1342163085938,1058.5966796875,538.5365600585938,1057.7667236328125,544.4896240234375,1082.4573974609375,538.2664794921875,1059.8048095703125,576.9053955078125,1105.535400390625,560.956298828125,1044.9866943359375,619.658447265625,1124.467041015625,583.427734375,1029.3857421875,636.8153076171875,1109.046630859375,587.0030517578125,1082.591796875,657.8919677734375,1112.5301513671875,650.7182006835938,1066.4561767578125,723.234375,1098.0947265625,714.9940185546875,1081.259765625,790.1019287109375,1113.820068359375,776.1652221679688
1055.4249267578125,544.0523681640625,1054.4898681640625,539.36865234375,1057.803466796875,537.751220703125,1057.014892578125,543.42822265625,1082.12109375,536.8857421875,1060.0740966796875,575.8607788085938,1105.655517578125,559.5816040039062,1045.2205810546875,619.7495727539062,1117.9803466796875,585.1792602539062,1026.735107421875,637.5496826171875,1095.339111328125,594.5916748046875,1084.067626953125,656.318115234375,1114.148681640625,648.876708984375,1068.232421875,722.0360717773438,1097.6033935546875,713.1246337890625,1085.787353515625,790.3544921875,1113.749267578125,774.5089111328125
1055.2366943359375,542.8427124023438,1053.884521484375,538.003662109375,1057.4779052734375,536.4127197265625,1055.3482666015625,541.5741577148438,1081.510498046875,534.943115234375,1059.515380859375,573.1747436523438,1104.51904296875,557.7159423828125,1045.436767578125,618.5254516601562,1111.279541015625,587.0814208984375,1022.726806640625,638.4856567382812,1080.667236328125,601.8458251953125,1087.150146484375,654.0177612304688,1116.9107666015625,646.9146118164062,1068.401123046875,720.471435546875,1094.8720703125,712.181640625,1089.109619140625,788.5067138671875,1111.70458984375,773.1531372070312
1054.68310546875,539.31884765625,1053.495849609375,534.82373046875,1056.980712890625,533.1434326171875,1055.8397216796875,539.8160400390625,1081.0009765625,532.8228759765625,1061.5631103515625,573.168212890625,1103.4775390625,555.1648559570312,1044.945068359375,613.3917236328125,1113.760498046875,572.79248046875,1022.5411376953125,631.892333984375,1087.54443359375,579.175048828125,1090.44580078125,653.6975708007812,1117.337158203125,645.68896484375,1072.376220703125,720.8091430664062,1094.732177734375,711.3397216796875,1091.6890869140625,788.5179443359375,1111.259033203125,771.8624267578125
1052.825927734375,533.820068359375,1052.32958984375,529.2389526367188,1055.5205078125,527.61181640625,1056.4696044921875,534.1797485351562,1080.3392333984375,527.76953125,1061.8414306640625,567.7169189453125,1102.85205078125,552.4930419921875,1044.554931640625,612.7119750976562,1106.5450439453125,579.3870849609375,1018.8172607421875,633.0515747070312,1075.2540283203125,591.8129272460938,1091.15869140625,648.9354248046875,1117.920654296875,641.9321899414062,1070.166015625,717.4595947265625,1094.1190185546875,709.7095336914062,1090.93359375,787.353515625,1110.6591796875,773.1428833007812
1052.44140625,529.7236328125,1052.639404296875,525.4014892578125,1055.3447265625,524.4039916992188,1057.8668212890625,530.2340087890625,1078.7501220703125,526.70166015625,1061.727783203125,560.2529907226562,1100.4334716796875,551.301513671875,1044.14892578125,607.0535278320312,1096.632080078125,585.526123046875,1011.075927734375,638.2116088867188,1062.7647705078125,601.150146484375,1087.6475830078125,640.7072143554688,1113.0654296875,635.725830078125,1071.107421875,709.167724609375,1094.6212158203125,706.157470703125,1090.6080322265625,780.63134765625,1101.794921875,776.119140625
1052.0870361328125,529.4705200195312,1051.9873046875,524.9586791992188,1054.813232421875,524.2084350585938,1056.0849609375,529.300537109375,1077.033203125,526.5181274414062,1059.5050048828125,558.34814453125,1097.8170166015625,552.8464965820312,1043.674560546875,605.793701171875,1094.14697265625,593.4981689453125,1009.5020751953125,637.9810180664062,1060.998291015625,616.2014770507812,1087.0155029296875,638.0693359375,1112.237060546875,634.796875,1071.26025390625,707.0589599609375,1094.385986328125,706.0809936523438,1090.1357421875,778.8378295898438,1100.674560546875,776.7513427734375
1050.9620361328125,529.0303955078125,1050.56591796875,524.3004150390625,1053.546142578125,523.7171630859375,1053.9617919921875,528.188720703125,1075.9498291015625,525.69921875,1057.564697265625,557.0902099609375,1096.31640625,552.1998901367188,1041.009521484375,604.0977783203125,1090.83349609375,593.8991088867188,1006.6393432617188,636.81396484375,1055.884033203125,619.1365966796875,1084.862548828125,637.2042846679688,1110.8045654296875,634.1763916015625,1069.4207763671875,706.2468872070312,1093.9202880859375,705.3464965820312,1085.689208984375,778.8198852539062,1100.1514892578125,776.4873046875
1049.164794921875,526.6808471679688,1048.826904296875,521.9957275390625,1051.628662109375,521.3265380859375,1052.4810791015625,526.6444091796875,1073.7449951171875,523.8326416015625,1056.669189453125,556.5852661132812,1094.2275390625,550.5552978515625,1040.9970703125,604.0853271484375,1087.80859375,591.0715942382812,1005.6163330078125,637.8143310546875,1052.5003662109375,616.39404296875,1084.20361328125,635.8662109375,1109.544921875,632.3060913085938,1067.5135498046875,705.148681640625,1093.5216064453125,703.52978515625,1082.9996337890625,778.506103515625,1100.5357666015625,775.0982666015625
1046.9310302734375,527.7584228515625,1047.3941650390625,522.9755859375,1049.70361328125,522.18603515625,1052.077880859375,526.201904296875,1071.501708984375,523.588134765625,1054.8818359375,553.4318237304688,1090.37158203125,548.9131469726562,1040.2998046875,600.8929443359375,1085.7705078125,590.7520141601562,1008.9212036132812,635.597412109375,1053.9520263671875,615.317626953125,1080.1416015625,633.3377685546875,1104.7000732421875,630.6019287109375,1064.006591796875,704.172607421875,1093.25146484375,703.9078369140625,1077.3265380859375,778.3531494140625,1101.8656005859375,777.5751953125
1045.567138671875,529.3230590820312,1045.3341064453125,524.2552490234375,1048.0369873046875,523.6002197265625,1047.8341064453125,526.7634887695312,1068.54541015625,524.3829345703125,1049.339111328125,553.9267578125,1088.2138671875,549.3232421875,1037.116943359375,602.7299194335938,1084.7486572265625,591.3406982421875,1009.441162109375,639.1484375,1053.970703125,617.0084228515625,1076.0389404296875,633.411865234375,1103.236328125,630.8639526367188,1060.457275390625,703.8881225585938,1094.305419921875,703.6317749023438,1073.46728515625,777.7183227539062,1102.7237548828125,777.0296630859375
1038.62890625,529.5054931640625,1038.2470703125,524.2110595703125,1040.3824462890625,522.8873901367188,1042.54345703125,524.1796875,1064.477294921875,518.681640625,1049.72509765625,554.845703125,1086.9544677734375,542.2080078125,1036.0975341796875,604.8843994140625,1090.9287109375,586.5557250976562,1007.33642578125,632.9470825195312,1063.748291015625,624.352294921875,1072.26708984375,634.452880859375,1099.151123046875,628.3734130859375,1057.598388671875,705.7545166015625,1093.276123046875,697.0841064453125,1064.5196533203125,779.88232421875,1106.293701171875,762.63916015625
1030.978759765625,529.96533203125,1030.646240234375,524.7744140625,1033.236572265625,523.3782958984375,1035.9893798828125,526.2608642578125,1059.7406005859375,520.5055541992188,1043.880126953125,558.7684326171875,1084.0614013671875,546.0459594726562,1032.921630859375,608.2374267578125,1090.9168701171875,589.4374389648438,1006.8217163085938,636.653076171875,1064.904541015625,625.825927734375,1066.6591796875,637.9566650390625,1095.8287353515625,631.93408203125,1051.998046875,707.902587890625,1091.4833984375,699.5706787109375,1056.464599609375,781.5997924804688,1104.425537109375,765.096923828125
1025.4862060546875,531.7555541992188,1025.5208740234375,526.6588745117188,1028.058349609375,525.0753173828125,1031.691162109375,528.5252685546875,1055.284423828125,522.3539428710938,1039.646240234375,561.3729248046875,1079.4169921875,547.947265625,1029.7158203125,611.5660400390625,1083.773681640625,590.4852294921875,1004.8392333984375,640.71044921875,1055.8402099609375,627.229248046875,1063.34326171875,639.6648559570312,1092.8802490234375,633.423095703125,1047.0865478515625,708.9285888671875,1090.48291015625,700.300537109375,1050.627197265625,781.6253662109375,1105.402099609375,764.8472900390625
1019.1649169921875,532.2688598632812,1021.6439208984375,527.4754638671875,1022.0347900390625,525.068603515625,1032.2430419921875,531.27001953125,1049.20849609375,523.478759765625,1037.324462890625,567.1055908203125,1073.895751953125,551.5598754882812,1025.21484375,616.838623046875,1075.7578125,592.5558471679688,1002.4722290039062,643.2760009765625,1050.329833984375,631.9185180664062,1061.489990234375,644.926025390625,1089.197509765625,637.5670166015625,1040.8646240234375,712.449951171875,1087.9091796875,701.8775024414062,1044.924560546875,785.0355834960938,1105.126220703125,765.974365234375
1014.7989501953125,537.107421875,1017.0167236328125,532.294189453125,1017.1888427734375,529.82470703125,1026.7279052734375,535.6895141601562,1043.094482421875,527.3766479492188,1033.2314453125,571.316650390625,1067.0008544921875,554.0557861328125,1022.0511474609375,621.4725341796875,1068.16162109375,594.5062255859375,998.2933959960938,646.9017944335938,1042.4613037109375,635.3973388671875,1059.189697265625,651.1575927734375,1085.0953369140625,643.0087890625,1036.855224609375,717.4429321289062,1082.3331298828125,705.1879272460938,1046.0616455078125,787.8422241210938,1105.3763427734375,765.6724853515625
1011.652587890625,539.7969970703125,1012.256103515625,534.8350830078125,1014.42822265625,533.3240356445312,1018.18359375,538.90185546875,1039.0084228515625,533.2138671875,1028.710205078125,569.9979858398438,1055.9801025390625,559.3468017578125,1023.124755859375,614.983154296875,1050.3072509765625,597.45654296875,997.5357666015625,648.7660522460938,1021.1077880859375,630.7559814453125,1057.1693115234375,648.654296875,1078.559814453125,643.43994140625,1034.6783447265625,715.2848510742188,1070.1298828125,709.89404296875,1046.9656982421875,784.287841796875,1095.285400390625,774.9695434570312
1001.38134765625,540.551025390625,1004.1838989257812,535.772216796875,1002.5220336914062,533.1994018554688,1015.4884643554688,540.781494140625,1026.12353515625,531.71826171875,1025.32958984375,578.323974609375,1052.32421875,557.9407348632812,1019.3856201171875,628.45654296875,1058.496337890625,592.6571044921875,995.8963623046875,650.7861938476562,1035.059814453125,628.2816772460938,1055.4520263671875,654.9437866210938,1076.040283203125,645.3955078125,1028.0325927734375,717.5916748046875,1066.8916015625,702.8848876953125,1045.618408203125,785.9505615234375,1096.6273193359375,759.9593505859375
1006.1654052734375,544.3082275390625,1007.8055419921875,539.68701171875,1008.88623046875,537.890869140625,1016.3870849609375,543.9049682617188,1031.2469482421875,538.01953125,1024.641845703125,575.0301513671875,1050.48193359375,563.8356323242188,1018.1512451171875,620.5484008789062,1052.3157958984375,601.2245483398438,994.983642578125,658.060546875,1033.05419921875,635.0693359375,1050.107666015625,652.9724731445312,1068.753173828125,647.0210571289062,1026.279296875,716.3483276367188,1052.821044921875,709.6143188476562,1047.145263671875,778.3566284179688,1076.857666015625,765.560546875
1006.045654296875,547.4500122070312,1006.5245361328125,542.4778442382812,1008.8856811523438,540.6876831054688,1013.7010498046875,545.5496215820312,1032.614990234375,538.859375,1023.190673828125,577.2119750976562,1051.1697998046875,560.6412963867188,1013.6533813476562,622.384765625,1052.6591796875,587.0703125,988.3921508789062,660.6259155273438,1030.0540771484375,610.5103759765625,1048.1212158203125,654.7158203125,1066.61181640625,646.4547729492188,1029.3876953125,719.5977172851562,1043.146484375,710.3267822265625,1047.24609375,783.89404296875,1058.1173095703125,768.5361328125
1004.4028930664062,543.723388671875,1004.7423095703125,539.0330810546875,1006.54541015625,537.1304931640625,1011.0844116210938,544.71923828125,1029.0914306640625,537.2890625,1021.1248779296875,580.301025390625,1047.0126953125,560.5091552734375,1011.2801513671875,627.5995483398438,1049.336669921875,584.1461181640625,985.9337158203125,660.1209106445312,1026.890869140625,599.9176635742188,1046.6842041015625,658.6580200195312,1063.0595703125,648.794677734375,1027.0870361328125,725.3026123046875,1034.448974609375,713.5869750976562,1045.62939453125,792.2664794921875,1048.14892578125,773.4142456054688
1030.8944091796875,542.2318725585938,1029.392333984375,536.8851928710938,1029.9930419921875,536.0892333984375,1021.69189453125,542.4935913085938,1038.57666015625,538.9854736328125,1019.62841796875,579.119384765625,1048.759521484375,570.2279663085938,1005.9273681640625,626.062744140625,1046.86572265625,608.61474609375,983.824462890625,662.8160400390625,1026.8192138671875,646.4222412109375,1040.8170166015625,657.99365234375,1060.0955810546875,653.8848876953125,1020.293701171875,721.4727783203125,1037.1339111328125,715.4995727539062,1042.048095703125,785.7928466796875,1052.428466796875,773.113037109375
1001.4197387695312,544.5623168945312,1001.5335693359375,539.31787109375,1003.1687622070312,537.773681640625,1006.7162475585938,543.0953979492188,1025.588134765625,536.6884765625,1016.3902587890625,575.863525390625,1044.4354248046875,561.1419067382812,1007.74658203125,626.2509765625,1046.97265625,602.0283203125,982.0936279296875,662.6896362304688,1025.607177734375,638.997314453125,1038.45068359375,655.8245849609375,1057.648193359375,647.9285278320312,1013.9324951171875,719.7630615234375,1031.67822265625,709.6295166015625,1035.38134765625,784.6254272460938,1052.3076171875,766.2742919921875
1001.888916015625,543.5787353515625,1001.154541015625,538.7696533203125,1003.6763916015625,536.9966430664062,1003.49267578125,543.0706787109375,1025.568359375,535.895263671875,1013.3735961914062,575.7952880859375,1043.3138427734375,558.12255859375,1004.5517578125,623.781982421875,1047.8709716796875,590.2068481445312,979.241943359375,658.7869873046875,1025.6015625,617.0753173828125,1037.503173828125,655.7095947265625,1057.933349609375,646.6210327148438,1008.5225830078125,718.2224731445312,1029.5753173828125,707.0040893554688,1029.6324462890625,783.3151245117188,1052.3154296875,763.8861083984375
1003.971435546875,544.6119384765625,1003.2247314453125,540.7575073242188,1006.642333984375,539.0223999023438,1002.8477783203125,547.3362426757812,1026.9366455078125,541.4314575195312,1006.5570068359375,581.1544799804688,1043.7255859375,564.2255249023438,997.214111328125,623.6889038085938,1056.3009033203125,579.5118408203125,981.950439453125,656.028076171875,1044.7589111328125,580.68310546875,1029.4796142578125,658.663818359375,1053.5604248046875,650.6171875,1002.5169067382812,716.1926879882812,1026.9193115234375,707.847900390625,1027.239501953125,775.253662109375,1048.158935546875,762.2491455078125
998.4728393554688,551.7860717773438,997.70751953125,546.950927734375,1000.3038330078125,545.8270263671875,998.8641357421875,551.6331176757812,1022.1915283203125,546.612060546875,1002.6728515625,582.6561279296875,1041.126220703125,573.5932006835938,994.2405395507812,626.1339721679688,1051.23095703125,614.177978515625,979.3509521484375,659.8806762695312,1038.0863037109375,654.2553100585938,1026.279296875,657.078857421875,1052.473876953125,652.5339965820312,997.3851928710938,714.1184692382812,1024.618408203125,708.4473876953125,1016.7230224609375,773.7694091796875,1047.429443359375,761.4132080078125
995.9716186523438,556.6231689453125,995.137939453125,551.6278686523438,997.295166015625,550.5671997070312,995.399169921875,555.8153686523438,1017.1480712890625,551.0435791015625,997.4152221679688,587.0551147460938,1037.7037353515625,578.3643798828125,989.1737060546875,631.3765258789062,1047.7122802734375,619.1104736328125,974.8906860351562,666.0897216796875,1033.023193359375,658.2337646484375,1024.4500732421875,660.832275390625,1052.4769287109375,656.34326171875,991.8792724609375,715.4825439453125,1026.428955078125,710.0608520507812,1006.6495971679688,776.4010620117188,1045.74951171875,764.4080200195312
987.9428100585938,560.3531494140625,988.4170532226562,555.6376953125,990.1241455078125,554.5365600585938,993.2684326171875,560.5266723632812,1009.6337890625,556.4141845703125,995.071044921875,592.9187622070312,1032.0445556640625,585.6527709960938,987.334716796875,638.4365844726562,1044.1434326171875,627.6861572265625,972.0718994140625,677.213134765625,1040.759521484375,669.2132568359375,1019.6676635742188,664.6829833984375,1045.9857177734375,660.6162109375,984.0895385742188,715.1285400390625,1027.7530517578125,710.376220703125,994.6466674804688,776.8861083984375,1046.638427734375,766.2183837890625
980.8175048828125,572.1377563476562,980.9788818359375,567.2181396484375,982.8887939453125,565.8363037109375,985.8220825195312,568.7772827148438,1005.0360107421875,563.35693359375,992.4039306640625,599.134765625,1027.18603515625,587.2343139648438,981.8616943359375,648.427734375,1043.2989501953125,631.8009033203125,962.0333251953125,683.2823486328125,1036.386474609375,675.9337158203125,1016.3277587890625,671.425537109375,1042.86376953125,664.90673828125,972.9915161132812,722.5673217773438,1026.7811279296875,713.5003662109375,976.8333740234375,785.2274780273438,1052.8297119140625,768.0752563476562
974.465087890625,577.91796875,974.1787719726562,572.7592163085938,977.0473022460938,571.103271484375,978.3444213867188,575.2935791015625,1001.2291259765625,568.7588500976562,985.6937255859375,605.7329711914062,1024.8447265625,593.5179443359375,975.1367797851562,652.7379150390625,1041.1536865234375,637.0112915039062,954.4405517578125,685.2785034179688,1032.2841796875,678.6202392578125,1011.0279541015625,675.7457885742188,1041.3934326171875,669.6007690429688,966.95166015625,729.722412109375,1027.513427734375,721.1366577148438,960.7222900390625,794.1976318359375,1049.9432373046875,777.9644165039062
969.3279418945312,582.2738037109375,969.105712890625,577.1859130859375,972.2562255859375,575.60498046875,973.796142578125,578.449462890625,993.7974853515625,572.6268920898438,977.2718505859375,607.4085083007812,1017.9122314453125,596.334228515625,967.6158447265625,653.2263793945312,1038.4888916015625,636.1455688476562,950.288330078125,686.4307250976562,1039.0872802734375,672.2564697265625,1005.5132446289062,677.275390625,1036.182373046875,671.5463256835938,966.635986328125,725.7299194335938,1030.8446044921875,718.3330078125,959.144287109375,788.31494140625,1048.4013671875,773.857421875
962.792236328125,586.5234375,962.3790893554688,582.065673828125,966.2316284179688,580.048095703125,965.5816040039062,585.2940673828125,988.6109619140625,578.2757568359375,964.6920166015625,616.006591796875,1013.9207153320312,601.694091796875,955.0145874023438,661.5067749023438,1038.913818359375,637.730224609375,945.2703857421875,694.0455322265625,1045.93017578125,674.0546264648438,992.3284912109375,679.9478759765625,1028.7718505859375,672.9866943359375,959.4860229492188,726.1904296875,1030.5228271484375,716.4899291992188,956.194091796875,786.379638671875,1052.066650390625,769.689453125
959.9243774414062,590.6546020507812,958.72021484375,586.1742553710938,963.6688232421875,584.2808227539062,960.1964111328125,589.4457397460938,987.0525512695312,582.7371826171875,958.0266723632812,620.5611572265625,1013.0936279296875,606.5789794921875,950.8573608398438,666.9564208984375,1036.511962890625,643.0111083984375,944.8057250976562,701.186767578125,1039.343017578125,678.6246337890625,983.90625,689.0661010742188,1024.8759765625,682.43212890625,955.01904296875,727.5308227539062,1029.96875,718.666748046875,953.9410400390625,788.2164916992188,1052.357666015625,773.4336547851562
964.471923828125,591.9671020507812,962.3681030273438,587.2059326171875,967.057373046875,585.7858276367188,960.248779296875,590.0352783203125,987.4296875,584.4242553710938,957.3682861328125,621.6033935546875,1013.1795654296875,608.4392700195312,948.5538940429688,668.1041870117188,1037.490478515625,644.6237182617188,943.3260498046875,703.8063354492188,1039.565185546875,678.821044921875,983.0326538085938,697.7647705078125,1024.768798828125,691.4869384765625,952.2039794921875,726.4656372070312,1028.8167724609375,717.7859497070312,955.199462890625,789.0406494140625,1056.644775390625,773.729248046875
970.4027099609375,592.6233520507812,966.3287353515625,587.9221801757812,971.9742431640625,587.7353515625,960.076171875,590.891845703125,986.3073120117188,588.3525390625,959.8364868164062,621.3674926757812,1011.8560791015625,612.256591796875,955.8494873046875,664.5405883789062,1033.633056640625,646.144287109375,956.5548706054688,696.096923828125,1039.6097412109375,674.7002563476562,987.4227294921875,701.1602172851562,1026.9027099609375,696.5581665039062,949.6015625,734.2122802734375,1028.8492431640625,727.0632934570312,954.8004150390625,790.018310546875,1056.259765625,775.8902587890625
977.1693115234375,589.4341430664062,973.7523193359375,584.6187133789062,978.3563232421875,584.3453369140625,964.9383544921875,587.0520629882812,992.6134033203125,585.10693359375,956.73779296875,620.417236328125,1014.5748291015625,611.7802734375,947.9364624023438,667.260986328125,1047.594482421875,644.9871826171875,954.1005249023438,702.34228515625,1064.4146728515625,668.8298950195312,975.4742431640625,694.9887084960938,1018.2166748046875,691.7235107421875,956.535400390625,736.300048828125,1030.8876953125,730.971923828125,953.295166015625,797.185546875,1052.7376708984375,787.6473999023438
989.2239990234375,578.9957885742188,984.927490234375,574.0845336914062,989.210693359375,574.2757568359375,971.143310546875,578.9309692382812,998.559326171875,578.3477172851562,960.0478515625,616.4183959960938,1016.8731689453125,610.2119140625,952.5693969726562,663.1494750976562,1050.02734375,642.6510009765625,966.5352172851562,691.6495361328125,1069.441162109375,656.3801879882812,977.2413330078125,692.937255859375,1018.64501953125,691.0234375,962.220947265625,737.8013305664062,1026.82958984375,734.3710327148438,952.7503662109375,797.5716552734375,1037.9915771484375,791.8394165039062
996.6805419921875,573.436279296875,991.8440551757812,568.1038818359375,996.07470703125,568.7308959960938,976.8118896484375,571.4503173828125,1003.5452270507812,571.964599609375,965.5526733398438,608.260986328125,1021.4976196289062,604.9154663085938,954.826416015625,653.2642211914062,1053.972412109375,641.2625732421875,966.9993896484375,665.81298828125,1073.1285400390625,645.050537109375,983.246826171875,689.83544921875,1023.369873046875,688.9703369140625,967.611328125,744.166015625,1026.52685546875,742.357177734375,952.4921264648438,805.8922119140625,1026.96923828125,803.005859375
1002.915283203125,573.1199340820312,997.54833984375,567.43408203125,1002.277099609375,568.2349853515625,981.595947265625,568.87744140625,1010.222900390625,569.7570190429688,971.2391357421875,602.6561889648438,1028.435302734375,600.8038940429688,962.8250732421875,646.3350830078125,1061.999755859375,640.3533935546875,978.6611938476562,652.8980102539062,1081.0177001953125,641.9584350585938,989.3523559570312,687.3056640625,1030.18798828125,686.9332275390625,974.242919921875,749.2593994140625,1032.2808837890625,748.0548095703125,954.1075439453125,811.1515502929688,1025.786865234375,808.6906127929688
1012.7568359375,567.489013671875,1007.4278564453125,561.4678955078125,1011.926025390625,562.7205810546875,992.099609375,563.3756713867188,1017.5770263671875,565.3907470703125,983.0501708984375,598.25,1034.2880859375,598.0001220703125,973.7939453125,641.0245361328125,1062.7861328125,639.2640380859375,989.6453857421875,641.1510620117188,1086.9395751953125,641.3648681640625,996.804443359375,683.6005859375,1033.7117919921875,684.0077514648438,983.6300048828125,746.7706298828125,1036.842529296875,745.33251953125,965.957275390625,810.8148193359375,1032.89697265625,808.2467041015625
1016.2747802734375,562.3468627929688,1011.6856689453125,556.5557250976562,1016.4813232421875,557.4718017578125,997.19677734375,559.8524780273438,1024.4234619140625,561.7626342773438,986.4080810546875,597.1760864257812,1039.094482421875,597.3671875,978.85498046875,641.724853515625,1066.5523681640625,639.9539184570312,994.6144409179688,649.689453125,1091.3787841796875,646.7713623046875,998.7716674804688,684.9072265625,1035.72900390625,685.6107177734375,992.6240234375,748.8063354492188,1040.122314453125,748.28173828125,983.2318115234375,815.9584350585938,1038.612060546875,814.594482421875
1026.68798828125,565.0892944335938,1020.31103515625,558.8698120117188,1025.611572265625,560.170654296875,1000.986572265625,562.4453125,1028.4915771484375,564.5548095703125,990.6422119140625,600.4365844726562,1040.587890625,600.34765625,985.464599609375,644.3970947265625,1064.632568359375,645.1519775390625,1004.6845092773438,648.1116333007812,1089.777099609375,654.0224609375,1000.9700317382812,688.579833984375,1036.265625,689.0989990234375,1001.1121826171875,753.3942260742188,1044.7803955078125,751.36376953125,991.8403930664062,820.7769775390625,1041.6136474609375,816.896484375
1040.239501953125,567.6019287109375,1032.4840087890625,560.957763671875,1037.884765625,562.7693481445312,1006.947509765625,565.60107421875,1032.0555419921875,569.1884765625,993.63818359375,605.3333740234375,1039.2198486328125,608.136474609375,993.06298828125,652.215087890625,1063.3614501953125,654.5203857421875,1017.6040649414062,662.6837158203125,1095.0150146484375,663.5436401367188,1002.4442138671875,694.7033081054688,1034.36962890625,697.0186767578125,1014.674560546875,756.3129272460938,1052.1983642578125,756.4733276367188,1002.34423828125,822.6517333984375,1041.5126953125,823.3764038085938
1048.8553466796875,571.970947265625,1042.4908447265625,564.5377197265625,1045.408935546875,567.8998413085938,1020.8016357421875,569.1104125976562,1039.9017333984375,577.067138671875,1006.3837890625,605.413818359375,1043.341552734375,617.3134155273438,1013.68017578125,646.5341796875,1059.724609375,668.322265625,1056.80029296875,639.4088134765625,1098.002197265625,662.982666015625,1005.070556640625,700.3172607421875,1031.28662109375,706.8469848632812,1031.677490234375,763.3943481445312,1067.77197265625,768.18310546875,1007.9736328125,827.2955932617188,1041.1270751953125,831.6710815429688
1051.236328125,586.2664794921875,1049.390869140625,578.831787109375,1045.4384765625,581.9267578125,1035.8505859375,582.7102661132812,1036.5889892578125,590.504638671875,1018.365234375,616.18359375,1038.4144287109375,629.2339477539062,1030.1597900390625,659.671630859375,1054.57080078125,682.6586303710938,1079.219482421875,655.97998046875,1096.6619873046875,674.426025390625,1011.3878173828125,712.0296630859375,1027.399658203125,719.3817749023438,1037.7724609375,774.17431640625,1071.79052734375,781.038330078125,1006.8350830078125,838.5428466796875,1045.50439453125,846.67138671875
1056.51318359375,595.4814453125,1051.8299560546875,588.4921875,1051.4285888671875,591.89599609375,1034.27490234375,594.633056640625,1044.069580078125,602.2247924804688,1024.111572265625,630.193115234375,1042.9615478515625,641.4617919921875,1036.35205078125,673.0015869140625,1054.891845703125,692.8917846679688,1080.6212158203125,666.67041015625,1092.2921142578125,681.8421630859375,1018.1123046875,723.2552490234375,1033.981689453125,729.7044677734375,1041.34912109375,782.562255859375,1075.404541015625,787.842041015625,1007.5999755859375,845.4385986328125,1052.493408203125,850.3853759765625
1063.022216796875,602.8538818359375,1056.254150390625,595.8857421875,1057.574462890625,599.6138305664062,1034.105224609375,600.9963989257812,1048.1676025390625,608.9112548828125,1028.365478515625,631.5994873046875,1046.128173828125,646.6071166992188,1043.046630859375,667.3057861328125,1061.3260498046875,699.5955200195312,1080.48193359375,651.5531005859375,1094.6807861328125,687.257080078125,1028.541015625,726.6942138671875,1044.559814453125,734.7889404296875,1041.6348876953125,791.4988403320312,1080.022216796875,798.2703857421875,1007.2117919921875,857.957763671875,1065.74365234375,863.3508911132812
1074.406005859375,613.3818969726562,1070.0052490234375,605.7271118164062,1067.997314453125,609.8599243164062,1051.188232421875,608.2435302734375,1054.444091796875,618.4666748046875,1041.1087646484375,638.69482421875,1052.3333740234375,656.76513671875,1058.059326171875,673.0816650390625,1066.3582763671875,704.462890625,1102.67626953125,672.319091796875,1106.6573486328125,695.65380859375,1038.83642578125,732.6458740234375,1050.44384765625,742.4068603515625,1048.6346435546875,796.39013671875,1083.284423828125,806.7657470703125,1011.456298828125,860.114013671875,1064.749755859375,875.188232421875
1079.329833984375,613.5599975585938,1076.645751953125,606.4781494140625,1073.167236328125,610.5418701171875,1062.975341796875,612.09375,1062.561279296875,622.4489135742188,1055.301513671875,646.5027465820312,1059.433837890625,665.073974609375,1072.97412109375,683.3436889648438,1073.4110107421875,713.1494140625,1112.498779296875,683.6988525390625,1114.4581298828125,698.1722412109375,1051.149658203125,740.8359375,1057.71484375,750.7490234375,1052.1988525390625,802.8905029296875,1084.759521484375,815.046875,1013.0330810546875,866.312255859375,1064.5537109375,884.4671630859375
1085.487060546875,619.27197265625,1081.5126953125,611.92578125,1079.072265625,616.2562866210938,1063.0770263671875,616.5932006835938,1066.2012939453125,628.00048828125,1051.5166015625,650.9021606445312,1066.552490234375,671.785888671875,1068.487060546875,687.77783203125,1082.9610595703125,719.5427856445312,1112.097412109375,686.2615966796875,1121.0203857421875,698.1190795898438,1054.3326416015625,745.6473388671875,1068.0787353515625,756.7201538085938,1056.8333740234375,811.0560302734375,1092.4962158203125,824.8948974609375,1013.751220703125,869.677978515625,1063.043701171875,890.4746704101562
1088.787353515625,621.4086303710938,1085.7991943359375,614.294677734375,1081.265625,618.4512939453125,1070.406982421875,620.345703125,1067.77392578125,631.0714721679688,1059.36669921875,655.8619995117188,1070.566162109375,676.5272827148438,1079.8687744140625,690.5716552734375,1091.8717041015625,723.7830810546875,1119.0714111328125,684.794189453125,1125.798583984375,698.61572265625,1059.96728515625,757.147216796875,1070.901123046875,768.123291015625,1068.068603515625,820.6256103515625,1103.77685546875,835.1273193359375,1015.4002075195312,871.9891357421875,1062.52734375,893.5328979492188
1094.5286865234375,621.1532592773438,1090.2835693359375,614.91455078125,1087.923583984375,618.344970703125,1074.177001953125,622.9757690429688,1077.180419921875,630.438232421875,1067.456298828125,657.8193359375,1076.491943359375,669.036865234375,1081.960693359375,701.4417724609375,1089.810302734375,718.3626098632812,1122.625732421875,687.27490234375,1127.3536376953125,695.05322265625,1063.2257080078125,757.0543212890625,1073.5220947265625,763.5833740234375,1072.3267822265625,826.659423828125,1115.11279296875,833.5565185546875,1010.0189208984375,883.1976928710938,1070.196533203125,891.6175537109375
1098.5147705078125,617.1261596679688,1094.7335205078125,611.5494384765625,1092.452880859375,614.45166015625,1079.5838623046875,620.5267333984375,1082.7322998046875,626.7861328125,1074.842041015625,655.2001342773438,1080.5433349609375,666.1422119140625,1091.24951171875,691.8800659179688,1095.15234375,710.397705078125,1124.835205078125,677.17236328125,1127.2548828125,688.947021484375,1072.2855224609375,753.194580078125,1080.013671875,759.3176879882812,1074.0482177734375,824.9302368164062,1111.2105712890625,832.218994140625,1017.9404296875,882.298583984375,1071.9556884765625,892.6065673828125
1102.966064453125,612.7072143554688,1097.352783203125,606.7169189453125,1097.5081787109375,609.7574462890625,1077.2354736328125,614.7783203125,1086.6103515625,621.83349609375,1073.1495361328125,650.5919189453125,1084.6781005859375,664.1974487304688,1094.439453125,683.7288818359375,1101.3349609375,708.0372314453125,1122.533935546875,674.4408569335938,1126.8212890625,682.0791015625,1077.302978515625,751.8204345703125,1087.698974609375,758.6864013671875,1079.4952392578125,825.938720703125,1118.254638671875,835.7250366210938,1023.8189697265625,883.875244140625,1073.736083984375,897.1741943359375
1103.713623046875,615.5191040039062,1097.6767578125,609.5892333984375,1099.098388671875,611.9464111328125,1075.8477783203125,616.2765502929688,1089.2481689453125,621.5291137695312,1071.2652587890625,649.3438110351562,1087.77685546875,661.066162109375,1093.328857421875,681.0097045898438,1105.504150390625,702.043701171875,1119.4918212890625,669.6806030273438,1123.995849609375,674.24853515625,1081.678955078125,750.2474365234375,1095.2802734375,756.370849609375,1080.228759765625,824.5442504882812,1119.4053955078125,833.939208984375,1027.479736328125,883.2844848632812,1076.5966796875,896.7240600585938
1104.057373046875,612.1337890625,1098.696044921875,606.8197631835938,1096.753173828125,609.7389526367188,1081.7181396484375,617.017822265625,1084.5771484375,622.2885131835938,1081.0078125,648.447021484375,1088.0635986328125,657.946533203125,1099.5,683.2507934570312,1104.84912109375,699.436767578125,1119.775146484375,659.8023681640625,1122.3402099609375,668.9356079101562,1087.4378662109375,748.0498046875,1095.008544921875,753.3203125,1089.2069091796875,826.4368286132812,1124.2510986328125,833.206787109375,1028.9395751953125,883.990478515625,1072.73486328125,893.099365234375
1106.2373046875,614.0432739257812,1097.2694091796875,608.4613037109375,1100.40625,612.4445190429688,1075.67822265625,617.717529296875,1095.575439453125,624.9998779296875,1080.2996826171875,648.6187133789062,1100.8795166015625,660.9178466796875,1099.083740234375,677.6007080078125,1117.3765869140625,701.7057495117188,1118.4268798828125,652.901611328125,1126.121826171875,670.720947265625,1087.34228515625,749.6046142578125,1104.426513671875,755.85791015625,1089.39892578125,826.6188354492188,1129.6094970703125,834.10986328125,1032.877197265625,887.6259765625,1085.540283203125,895.7369384765625
1105.914794921875,618.9759521484375,1099.4996337890625,613.5625,1098.9151611328125,615.888671875,1085.899169921875,621.9943237304688,1092.484619140625,624.3048095703125,1103.6507568359375,653.501220703125,1094.256103515625,652.7506713867188,1132.2677001953125,688.21435546875,1100.58544921875,685.3544921875,1123.793212890625,659.27685546875,1096.705322265625,654.0353393554688,1106.6502685546875,751.0462646484375,1100.8663330078125,750.5570068359375,1118.152099609375,832.1219482421875,1113.227294921875,830.1068115234375,1079.7620849609375,898.9235229492188,1071.2083740234375,892.3201904296875
1106.585205078125,627.9274291992188,1098.4600830078125,621.7362670898438,1101.074951171875,622.3441162109375,1074.495361328125,636.2694091796875,1098.0274658203125,633.89599609375,1069.283447265625,670.8861694335938,1120.46875,669.7793579101562,1095.234619140625,677.4442749023438,1162.495849609375,676.2235107421875,1113.197998046875,661.3251342773438,1142.818603515625,656.5911865234375,1086.383056640625,758.832763671875,1123.845458984375,760.1010131835938,1082.9923095703125,834.97705078125,1139.968017578125,837.5564575195312,1050.49267578125,903.35693359375,1119.4007568359375,911.091064453125
1109.880859375,635.9741821289062,1101.5325927734375,629.8287353515625,1105.766357421875,630.98828125,1075.876220703125,641.55908203125,1099.58984375,642.085693359375,1071.3355712890625,677.4998779296875,1114.543701171875,679.5291137695312,1089.99072265625,685.7415771484375,1155.8797607421875,682.2760620117188,1109.0758056640625,667.67333984375,1160.330078125,648.8753662109375,1093.87353515625,771.8955078125,1125.556396484375,775.1531982421875,1093.890869140625,846.9651489257812,1146.294677734375,851.685546875,1056.872314453125,910.6495971679688,1127.292236328125,921.2096557617188
1114.2457275390625,647.09130859375,1108.20166015625,640.9208984375,1108.403564453125,642.0982666015625,1085.24951171875,655.1929931640625,1099.6361083984375,655.7777099609375,1076.5404052734375,693.5741577148438,1119.024169921875,687.4827270507812,1075.916015625,695.1111450195312,1163.7540283203125,665.555908203125,1100.5,675.8004760742188,1185.460205078125,619.4061279296875,1103.16162109375,784.54541015625,1132.32470703125,784.2205810546875,1098.550537109375,862.6676025390625,1156.55908203125,859.9490966796875,1054.431884765625,929.4144287109375,1135.360107421875,925.8964233398438
1118.005859375,661.246337890625,1113.1507568359375,654.9803466796875,1114.36572265625,655.599365234375,1091.96875,667.3822631835938,1108.7398681640625,667.6763916015625,1079.72900390625,709.3858642578125,1126.0943603515625,701.4163818359375,1076.0753173828125,728.2858276367188,1181.38525390625,674.3652954101562,1085.5379638671875,733.0860595703125,1204.620361328125,613.256591796875,1102.9619140625,805.5601806640625,1133.596923828125,805.773193359375,1106.7578125,877.765625,1168.64990234375,879.5771484375,1062.556396484375,935.8770751953125,1148.1658935546875,942.344970703125
1119.04296875,674.7276611328125,1116.2198486328125,668.97900390625,1113.9364013671875,669.8759765625,1101.0535888671875,682.853515625,1109.4776611328125,683.6875,1087.5936279296875,729.96337890625,1130.836181640625,720.196533203125,1077.111083984375,767.1952514648438,1180.7476806640625,710.877197265625,1083.807373046875,787.6869506835938,1207.1707763671875,664.6450805664062,1108.328125,821.1527099609375,1137.64208984375,819.96826171875,1114.635498046875,886.245849609375,1177.9141845703125,885.932861328125,1065.0537109375,940.0164184570312,1152.5289306640625,942.0665283203125
1127.078369140625,689.6246948242188,1118.9996337890625,684.2307739257812,1122.869384765625,684.8278198242188,1095.3974609375,696.309814453125,1118.8043212890625,694.389404296875,1084.8369140625,739.896728515625,1139.613037109375,725.966552734375,1079.192138671875,783.5875244140625,1189.5450439453125,741.1353759765625,1091.76806640625,794.99365234375,1216.850341796875,720.6165161132812,1096.658203125,832.6547241210938,1133.379150390625,827.70654296875,1114.469482421875,894.8047485351562,1172.4384765625,886.0750122070312,1078.219482421875,952.2698974609375,1145.8443603515625,938.064697265625
1115.191162109375,701.3748779296875,1109.469482421875,695.3731689453125,1114.668212890625,696.1685180664062,1095.602294921875,700.6842041015625,1125.088623046875,700.697998046875,1083.55078125,738.7979736328125,1143.9583740234375,733.2529907226562,1070.48388671875,784.0783081054688,1178.558837890625,772.5152587890625,1082.843505859375,776.215576171875,1203.8526611328125,764.2395629882812,1093.2200927734375,836.9221801757812,1134.774169921875,835.3936157226562,1117.512939453125,893.6058349609375,1181.1845703125,889.390869140625,1076.218994140625,951.742919921875,1149.567138671875,941.6489868164062
1105.747802734375,703.1067504882812,1102.6973876953125,697.5661010742188,1108.3116455078125,698.014404296875,1095.18896484375,702.4358520507812,1124.0367431640625,703.3043212890625,1082.0572509765625,739.0518798828125,1140.242431640625,741.04345703125,1061.398193359375,778.88916015625,1171.31494140625,785.0618896484375,1053.392333984375,792.3929443359375,1192.9918212890625,802.5631713867188,1095.6885986328125,836.6603393554688,1136.678955078125,838.3651123046875,1105.6519775390625,889.160888671875,1178.447265625,892.0162353515625,1067.7791748046875,944.7882080078125,1160.4232177734375,949.9154663085938
1098.9541015625,696.781005859375,1097.974853515625,691.2093505859375,1102.438720703125,691.8685302734375,1092.93994140625,694.6398315429688,1118.8729248046875,698.19482421875,1074.0244140625,729.6077880859375,1131.584228515625,740.08447265625,1050.551513671875,771.53173828125,1152.481201171875,796.6221923828125,1042.078125,788.2937622070312,1165.9644775390625,817.9007568359375,1086.1412353515625,830.5211181640625,1127.2432861328125,835.5072021484375,1093.7965087890625,886.811279296875,1166.53271484375,895.61669921875,1064.6724853515625,940.81689453125,1153.3798828125,954.761474609375
1083.958984375,685.2882080078125,1084.967529296875,679.7931518554688,1089.29931640625,679.9453125,1085.120849609375,683.8583984375,1113.3135986328125,686.6072998046875,1067.93994140625,718.3775024414062,1128.183349609375,732.3960571289062,1042.9791259765625,759.494384765625,1146.38037109375,792.9866943359375,1018.0980834960938,785.0167236328125,1139.27001953125,824.7723388671875,1080.1236572265625,817.2753295898438,1123.6806640625,823.8492431640625,1077.81396484375,873.2794189453125,1152.6531982421875,886.44873046875,1059.510009765625,932.4124145507812,1155.5966796875,956.7756958007812
1074.669677734375,677.3076782226562,1074.147216796875,671.3389892578125,1078.2760009765625,671.5355224609375,1069.628662109375,674.9603271484375,1101.227783203125,676.5543823242188,1055.4891357421875,711.3668823242188,1119.814697265625,719.5587158203125,1033.075927734375,754.0341796875,1134.86572265625,772.1224365234375,1018.132080078125,772.1790771484375,1116.2275390625,792.7606201171875,1073.7734375,808.0555419921875,1121.45556640625,812.2413330078125,1059.9736328125,869.7757568359375,1138.6806640625,878.169921875,1051.2598876953125,938.1060791015625,1155.556396484375,953.383056640625
1067.74365234375,670.5977172851562,1065.980712890625,664.5350952148438,1069.4478759765625,664.0306396484375,1055.8497314453125,668.4903564453125,1090.3480224609375,667.2899780273438,1041.246826171875,706.2296142578125,1108.3603515625,707.5043334960938,1023.6824340820312,750.5582275390625,1118.744384765625,754.7042236328125,1015.6137084960938,755.5914916992188,1078.3572998046875,756.7139282226562,1064.07275390625,797.8654174804688,1114.4747314453125,798.7659301757812,1054.9425048828125,861.7882080078125,1126.566650390625,865.6312255859375,1048.8197021484375,933.7412109375,1141.1043701171875,940.52392578125
1057.75146484375,665.5789794921875,1055.935302734375,659.036376953125,1059.0068359375,658.71337890625,1049.345458984375,662.2637939453125,1081.3619384765625,660.070556640625,1037.7667236328125,699.8253784179688,1103.4302978515625,696.4521484375,1012.7418212890625,741.0181274414062,1116.5887451171875,749.8985595703125,1014.35595703125,745.0413818359375,1103.45458984375,782.7557373046875,1057.118408203125,790.692626953125,1105.005859375,788.5720825195312,1047.647705078125,858.4903564453125,1114.283935546875,853.4957275390625,1046.462646484375,931.9996948242188,1129.3218994140625,921.46435546875
1056.4058837890625,655.6534423828125,1053.133056640625,648.90234375,1056.564697265625,648.7769775390625,1043.5902099609375,653.40185546875,1075.1234130859375,650.6500244140625,1031.339599609375,693.5354614257812,1096.4901123046875,687.3177490234375,1009.50927734375,736.6014404296875,1108.81103515625,743.847412109375,1015.0467529296875,741.4118041992188,1106.73876953125,788.5098266601562,1044.899169921875,779.8745727539062,1091.323486328125,776.5687866210938,1046.2802734375,851.9827880859375,1105.65185546875,843.37841796875,1043.3232421875,921.817138671875,1112.3387451171875,904.7547607421875
1052.0760498046875,647.2276611328125,1048.574951171875,640.5984497070312,1052.5009765625,640.8970947265625,1038.224609375,645.12353515625,1069.6397705078125,644.0545654296875,1023.8684692382812,682.9620361328125,1088.84521484375,680.6935424804688,1004.7822265625,727.6834106445312,1102.429931640625,736.67724609375,1011.351318359375,740.3824462890625,1105.4456787109375,780.9923095703125,1035.740478515625,771.8421630859375,1081.012451171875,770.92041015625,1041.40380859375,841.6001586914062,1093.8935546875,836.8844604492188,1040.544921875,915.7556762695312,1097.17626953125,903.7138671875
1046.898681640625,640.181640625,1043.6409912109375,634.297119140625,1048.0816650390625,634.1170654296875,1033.087158203125,639.0662231445312,1066.802001953125,637.3560791015625,1017.9781494140625,679.3020629882812,1085.2021484375,674.7846069335938,1000.576904296875,723.5157470703125,1100.288818359375,731.9156494140625,1012.6666259765625,736.5646362304688,1106.627197265625,776.598876953125,1029.2281494140625,764.8657836914062,1076.42626953125,762.198486328125,1029.3238525390625,833.1348266601562,1083.890625,826.6142578125,1028.880859375,905.9712524414062,1088.839599609375,893.3409423828125
1048.0390625,638.1721801757812,1043.880859375,632.384765625,1048.955078125,632.4058837890625,1028.4442138671875,636.3382568359375,1061.87890625,635.8873901367188,1010.1204833984375,675.0410766601562,1078.350341796875,672.5439453125,993.453369140625,723.3330078125,1095.6923828125,726.6314697265625,1003.1868896484375,753.2883911132812,1103.414306640625,772.4534912109375,1021.4130859375,760.6529541015625,1069.298828125,759.428466796875,1019.1805419921875,825.8997802734375,1078.51611328125,822.37060546875,1019.8101196289062,895.1361083984375,1084.088623046875,887.9747314453125
1034.14501953125,637.7550659179688,1031.5994873046875,631.8164672851562,1036.112548828125,631.5228271484375,1021.4959716796875,636.4807739257812,1053.457275390625,635.1202392578125,1004.1487426757812,673.7161865234375,1070.863525390625,671.3248901367188,989.3997802734375,720.9124145507812,1090.364990234375,720.5201416015625,999.6728515625,755.8404541015625,1098.400390625,761.73095703125,1015.72216796875,759.1195678710938,1063.399169921875,758.1903076171875,1005.0615234375,820.6678466796875,1073.98291015625,818.7900390625,995.9653930664062,890.14794921875,1083.6998291015625,885.2586669921875
1033.985595703125,639.956787109375,1029.78662109375,633.9696655273438,1034.795166015625,633.8067016601562,1014.595703125,638.3269653320312,1047.09033203125,636.8834838867188,998.3297119140625,677.3810424804688,1063.00048828125,673.0731811523438,983.1217041015625,725.06103515625,1082.654296875,723.254638671875,991.54931640625,760.0709838867188,1092.42822265625,768.2685546875,1009.6329345703125,761.3426513671875,1057.9481201171875,759.052978515625,990.4476928710938,821.0044555664062,1073.701171875,816.16259765625,975.5115966796875,888.2960205078125,1089.295166015625,877.9956665039062
1024.41748046875,643.681884765625,1020.661376953125,638.0264892578125,1025.3602294921875,637.5648193359375,1008.4984130859375,643.1773681640625,1039.150146484375,640.4013671875,995.683837890625,682.793701171875,1056.5467529296875,674.8350830078125,979.508056640625,729.7470092773438,1075.3475341796875,722.997314453125,984.662109375,759.3063354492188,1087.80224609375,768.929931640625,1005.7959594726562,765.6552734375,1052.1368408203125,761.2529296875,977.2886962890625,822.2042236328125,1066.789306640625,813.7197875976562,958.8760986328125,884.9722900390625,1083.7564697265625,868.0523071289062
1025.751708984375,645.9908447265625,1021.365478515625,640.0545654296875,1025.787109375,639.883056640625,1006.8043212890625,644.8785400390625,1035.832763671875,642.7786254882812,993.9296264648438,684.1629638671875,1053.4114990234375,676.6749877929688,974.1329345703125,731.2181396484375,1072.405517578125,723.4032592773438,972.1932373046875,762.82470703125,1082.3201904296875,768.2264404296875,1003.3607177734375,768.318115234375,1048.94140625,764.057373046875,969.725341796875,824.7015380859375,1062.947998046875,816.4263916015625,955.68798828125,885.4300537109375,1086.40966796875,868.4921875
1023.8314819335938,645.7393798828125,1019.80712890625,639.720703125,1024.0771484375,639.7582397460938,1007.437255859375,643.788330078125,1035.958740234375,642.2656860351562,996.3665771484375,682.0098876953125,1053.81396484375,675.8611450195312,975.8736572265625,728.5468139648438,1071.0283203125,724.7978515625,972.7757568359375,756.7084350585938,1080.6968994140625,768.5555419921875,1003.8138427734375,764.7821044921875,1047.261962890625,760.9501953125,969.9530639648438,824.3047485351562,1055.1217041015625,816.812744140625,957.115478515625,882.262939453125,1074.6923828125,866.2553100585938
1023.847412109375,639.4681396484375,1020.3753662109375,633.7628784179688,1025.00537109375,633.6007080078125,1011.1978759765625,638.2255859375,1039.99462890625,636.2316284179688,1002.265625,676.1998291015625,1057.111328125,670.1577758789062,978.4740600585938,719.889404296875,1073.747802734375,718.94775390625,968.6145629882812,743.892333984375,1083.3243408203125,762.20947265625,1008.5498657226562,762.0946044921875,1048.9697265625,758.0919189453125,975.5604248046875,820.7659912109375,1050.7291259765625,813.599853515625,958.303466796875,881.8587646484375,1062.105712890625,866.2805786132812
1031.4039306640625,628.6970825195312,1027.6346435546875,623.0060424804688,1032.9393310546875,622.8734130859375,1018.5775146484375,628.4983520507812,1049.1689453125,626.669189453125,1009.3489990234375,667.1488647460938,1066.148681640625,662.7283325195312,983.315673828125,709.0527954101562,1084.267822265625,712.63818359375,965.8743896484375,731.96826171875,1090.776123046875,755.0473022460938,1010.7680053710938,753.2362060546875,1050.6383056640625,749.876220703125,983.298828125,813.2484130859375,1046.3956298828125,808.0621337890625,960.2427978515625,873.974609375,1043.9356689453125,862.0402221679688
1036.0206298828125,619.6854248046875,1032.6019287109375,613.839111328125,1038.045166015625,614.282470703125,1026.9686279296875,618.5889892578125,1055.445068359375,617.9664916992188,1021.604736328125,655.7440795898438,1074.5531005859375,653.4814453125,995.0960693359375,699.1029052734375,1090.80419921875,704.7200927734375,973.199951171875,721.971923828125,1097.360107421875,745.02392578125,1023.7476196289062,745.4923095703125,1060.012451171875,742.75732421875,994.3987426757812,804.0224609375,1048.245849609375,800.33837890625,966.73583984375,864.2711791992188,1030.7943115234375,856.9165649414062
1046.607666015625,614.70703125,1042.9473876953125,609.1752319335938,1048.1826171875,609.3446655273438,1033.465087890625,613.210693359375,1061.8984375,612.8410034179688,1023.411865234375,648.5283203125,1078.928955078125,647.6119995117188,996.4295654296875,690.5811767578125,1097.2861328125,695.88916015625,969.3599853515625,719.6971435546875,1102.1077880859375,734.8778686523438,1027.278564453125,734.4561767578125,1064.3966064453125,732.8990478515625,993.2993774414062,790.50244140625,1044.065673828125,789.5467529296875,981.2269287109375,850.192626953125,1037.521240234375,846.7108154296875
1041.33251953125,608.23046875,1040.5155029296875,603.3531494140625,1045.5576171875,603.417724609375,1039.212890625,608.1455688476562,1064.8399658203125,608.8967895507812,1029.03857421875,638.9425048828125,1083.5001220703125,643.9678344726562,1003.5884399414062,684.314208984375,1102.02392578125,693.6846923828125,977.0328369140625,718.54296875,1105.4503173828125,728.3857421875,1036.2451171875,727.0032348632812,1071.23193359375,728.365966796875,997.9921875,777.451904296875,1041.91943359375,782.10302734375,1005.5299072265625,835.724365234375,1045.229736328125,842.27490234375
1051.128662109375,602.8206787109375,1049.47802734375,598.0528564453125,1054.321044921875,598.2428588867188,1043.931396484375,603.4981689453125,1069.3402099609375,604.4855346679688,1033.0511474609375,634.6798095703125,1085.193115234375,639.920166015625,1007.09716796875,678.9073486328125,1104.4490966796875,688.5538330078125,978.7512817382812,712.63037109375,1109.097900390625,721.5972900390625,1042.89599609375,720.3750610351562,1075.2037353515625,722.0086669921875,1007.3226318359375,772.0079956054688,1041.9481201171875,776.5946044921875,1023.9007568359375,827.553955078125,1050.0726318359375,833.21630859375
1055.124755859375,600.0643310546875,1053.5029296875,595.37890625,1058.3546142578125,595.494873046875,1047.151123046875,600.2866821289062,1072.53857421875,601.2064208984375,1035.760009765625,629.9635620117188,1088.091552734375,635.8075561523438,1008.754638671875,671.284423828125,1108.9609375,682.9059448242188,981.9622802734375,702.0621337890625,1115.3812255859375,715.5260009765625,1050.0048828125,714.60107421875,1082.92822265625,716.6619262695312,1010.1820678710938,757.8773193359375,1050.200439453125,762.614501953125,1029.2557373046875,812.5215454101562,1065.6046142578125,818.0079345703125
1055.785400390625,599.1054077148438,1054.384765625,594.3408203125,1059.2801513671875,594.424560546875,1049.869140625,599.4515380859375,1075.3489990234375,600.206787109375,1038.970458984375,629.6474609375,1093.0377197265625,635.2222900390625,1012.6181030273438,671.5595703125,1115.185302734375,682.846435546875,985.785400390625,700.600341796875,1119.9813232421875,713.2155151367188,1053.6614990234375,714.4664916992188,1089.197998046875,716.3833618164062,1012.8854370117188,750.5809326171875,1065.381103515625,755.2772827148438,1023.3224487304688,812.5468139648438,1081.236572265625,817.9881591796875
1062.8814697265625,600.119384765625,1060.9639892578125,595.30859375,1066.0775146484375,595.459228515625,1054.9796142578125,600.401123046875,1080.333251953125,601.1559448242188,1043.150634765625,631.3351440429688,1098.474365234375,635.0343627929688,1013.2996215820312,674.6878051757812,1121.396240234375,681.7552490234375,987.5476684570312,703.7802734375,1131.09716796875,711.9678955078125,1059.7689208984375,716.0654907226562,1097.11181640625,717.0337524414062,1018.8734130859375,752.4671630859375,1083.278076171875,754.922607421875,1023.799560546875,816.1910400390625,1102.547607421875,817.3089599609375
1078.483154296875,600.7181396484375,1074.9410400390625,595.9371948242188,1081.1181640625,596.302001953125,1063.3671875,600.6129760742188,1091.28125,601.6873168945312,1049.5213623046875,631.1351318359375,1106.608642578125,633.972900390625,1015.7498779296875,671.7645874023438,1128.870361328125,678.6259155273438,992.5103759765625,696.9817504882812,1142.720458984375,709.7467651367188,1062.64404296875,716.7369384765625,1102.144287109375,717.1912841796875,1022.8470458984375,751.958984375,1096.893310546875,752.0595703125,1024.463623046875,812.9879150390625,1121.2802734375,809.1588134765625
1094.194580078125,599.255859375,1089.43603515625,593.837646484375,1094.7177734375,594.1864013671875,1075.285888671875,599.9049072265625,1103.08740234375,599.19482421875,1063.160400390625,635.8587646484375,1120.76220703125,632.4915771484375,1026.198974609375,669.9324951171875,1141.24853515625,673.739990234375,999.20703125,687.87939453125,1154.2421875,713.0222778320312,1068.384033203125,715.1787719726562,1110.1431884765625,712.9342041015625,1032.27099609375,752.70263671875,1119.799560546875,747.3792114257812,1019.785888671875,809.2879638671875,1142.8338623046875,798.1832275390625
1109.2901611328125,598.441162109375,1105.3345947265625,593.29931640625,1109.916748046875,593.68896484375,1092.098388671875,598.3018188476562,1115.335205078125,598.3653564453125,1077.2667236328125,631.3124389648438,1132.075439453125,628.8759765625,1037.2318115234375,669.3668823242188,1150.25341796875,668.6336669921875,1007.4449462890625,694.1641235351562,1166.3077392578125,703.0711059570312,1083.686767578125,703.92529296875,1124.185302734375,701.907470703125,1044.0081787109375,745.93798828125,1138.1881103515625,742.1693115234375,1033.2313232421875,792.3191528320312,1163.8382568359375,784.8737182617188
1122.225341796875,597.7506103515625,1117.97509765625,592.6383056640625,1123.1871337890625,593.2925415039062,1103.7886962890625,597.088134765625,1128.550048828125,598.2470703125,1087.2113037109375,629.0556640625,1143.9100341796875,630.0086059570312,1048.258544921875,664.5350952148438,1164.185791015625,670.7498779296875,1016.9996337890625,690.734619140625,1181.6695556640625,707.179443359375,1089.490966796875,705.50830078125,1131.8375244140625,705.1246337890625,1052.283447265625,751.3881225585938,1154.907958984375,749.8855590820312,1035.7376708984375,793.6524658203125,1179.35888671875,788.7645263671875
1134.71728515625,600.7581176757812,1131.176025390625,595.8948974609375,1136.1622314453125,596.6974487304688,1116.691162109375,599.5038452148438,1140.1199951171875,602.2469482421875,1097.873291015625,627.395751953125,1149.898681640625,632.9483642578125,1062.2734375,662.4507446289062,1173.425048828125,674.4735107421875,1036.1434326171875,691.0097045898438,1194.1597900390625,708.0682373046875,1094.8214111328125,706.9068603515625,1135.02587890625,708.6767578125,1058.1514892578125,755.6288452148438,1165.419677734375,757.0556030273438,1042.5299072265625,802.002197265625,1201.4102783203125,800.1497802734375
1139.3974609375,606.4732666015625,1136.3857421875,601.3797607421875,1141.55224609375,601.5487670898438,1127.2259521484375,606.285400390625,1152.537841796875,606.5601806640625,1112.48095703125,638.3812255859375,1165.878173828125,638.0763549804688,1070.993896484375,667.5384521484375,1188.98779296875,676.4351806640625,1035.4571533203125,691.424072265625,1205.2750244140625,715.19873046875,1107.7156982421875,713.9583129882812,1147.9384765625,712.3043212890625,1077.6810302734375,757.5902709960938,1178.64794921875,754.5946655273438,1046.2503662109375,805.2235107421875,1199.751953125,796.264404296875
1168.2530517578125,613.5234985351562,1162.570556640625,608.5780029296875,1167.30078125,609.331298828125,1142.473388671875,613.3251953125,1162.276611328125,614.265625,1125.3260498046875,642.05322265625,1172.5087890625,642.5391845703125,1082.74951171875,668.5038452148438,1193.451904296875,675.1414794921875,1045.772216796875,682.45068359375,1212.9847412109375,702.5382080078125,1122.71435546875,710.6376342773438,1157.6392822265625,710.0910034179688,1087.6580810546875,745.7268676757812,1178.59716796875,743.3248291015625,1066.720947265625,795.3953247070312,1199.3731689453125,790.5005493164062
1172.694091796875,621.4461669921875,1168.810546875,616.9576416015625,1173.212646484375,617.7333984375,1152.9515380859375,620.5985107421875,1173.259521484375,622.88720703125,1134.497802734375,645.2701416015625,1181.0382080078125,650.3984375,1091.586669921875,665.7904052734375,1199.6727294921875,678.91845703125,1054.3037109375,676.90234375,1212.8134765625,697.1376342773438,1129.1973876953125,710.9609375,1163.17578125,712.6807250976562,1096.14453125,745.4910278320312,1182.86669921875,747.99609375,1075.118896484375,786.4180297851562,1199.2017822265625,789.3203125
1177.4609375,631.7396240234375,1173.171142578125,626.6407470703125,1178.161865234375,627.4482421875,1157.82958984375,627.4732666015625,1182.044921875,629.72705078125,1139.0145263671875,650.1295166015625,1190.878662109375,655.8131713867188,1095.95654296875,671.02490234375,1205.9119873046875,691.9263916015625,1057.3271484375,679.137939453125,1204.3526611328125,713.5859985351562,1128.863525390625,714.19677734375,1167.026123046875,715.2216796875,1102.115966796875,748.5928955078125,1184.9053955078125,750.1492919921875,1076.2802734375,788.5762939453125,1196.217041015625,787.3331298828125
1181.88916015625,635.2958374023438,1177.0294189453125,629.8126831054688,1182.054443359375,630.9138793945312,1160.295654296875,628.8603515625,1184.2564697265625,631.6048583984375,1141.75732421875,647.5607299804688,1190.9039306640625,654.957275390625,1099.837890625,666.5003662109375,1198.759521484375,695.2198486328125,1061.5604248046875,680.791015625,1193.2711181640625,733.0182495117188,1130.5767822265625,708.4296875,1167.2889404296875,710.1615600585938,1107.94677734375,743.59423828125,1187.1883544921875,745.1580810546875,1082.228271484375,784.0457763671875,1198.1654052734375,781.8118896484375
1186.02880859375,632.6680908203125,1179.87841796875,626.80517578125,1185.5595703125,628.293212890625,1157.834716796875,625.8360595703125,1184.142822265625,629.4720458984375,1137.7838134765625,643.517333984375,1189.8614501953125,652.7932739257812,1097.794921875,664.474853515625,1197.61572265625,693.8464965820312,1066.929931640625,681.4085693359375,1194.511474609375,731.4711303710938,1128.12890625,702.0259399414062,1166.0460205078125,705.5399780273438,1110.6458740234375,739.9139404296875,1186.9696044921875,743.4200439453125,1086.504638671875,780.07421875,1192.9288330078125,782.4312744140625
1178.948486328125,623.0245361328125,1173.406982421875,617.235595703125,1178.4981689453125,618.9199829101562,1153.2015380859375,618.492431640625,1178.9156494140625,622.8260498046875,1134.138671875,639.5718994140625,1184.9417724609375,650.2938842773438,1097.921875,661.6064453125,1194.763427734375,693.836669921875,1069.928466796875,682.8165283203125,1196.439453125,734.554931640625,1124.848876953125,698.6856079101562,1161.5517578125,703.0531005859375,1110.3575439453125,737.4189453125,1185.2471923828125,741.990966796875,1089.370361328125,778.1771850585938,1193.929443359375,781.5089721679688
1171.3348388671875,617.0382080078125,1165.53955078125,611.15380859375,1170.6474609375,612.86669921875,1145.91845703125,611.8161010742188,1169.832763671875,615.7976684570312,1127.3638916015625,633.14013671875,1177.6995849609375,643.189697265625,1093.612548828125,657.7412109375,1187.895751953125,687.5067138671875,1066.5665283203125,682.0712890625,1191.52685546875,734.5182495117188,1124.07373046875,692.1671142578125,1161.0482177734375,696.047607421875,1108.2998046875,737.3668212890625,1182.5517578125,740.2474365234375,1089.338623046875,776.108642578125,1193.430419921875,774.861083984375
1157.2626953125,604.65380859375,1153.003173828125,599.9078369140625,1158.20751953125,601.1459350585938,1136.473388671875,601.18359375,1160.30517578125,604.9451293945312,1117.075927734375,621.0689697265625,1168.483642578125,632.888916015625,1091.886474609375,650.5867309570312,1185.399169921875,676.7884521484375,1074.85986328125,680.5708618164062,1193.1976318359375,719.14794921875,1119.402099609375,687.7625732421875,1156.719970703125,693.268310546875,1099.581787109375,726.98876953125,1170.7470703125,733.8092651367188,1090.0830078125,765.976806640625,1184.11181640625,773.7584838867188
1138.865966796875,595.2408447265625,1136.2156982421875,590.7965087890625,1141.1180419921875,591.2222290039062,1123.7252197265625,593.650146484375,1148.5911865234375,595.6439819335938,1104.2733154296875,617.7064819335938,1159.5128173828125,626.6651611328125,1079.990478515625,648.7115478515625,1177.2701416015625,669.05859375,1064.756591796875,682.307861328125,1183.946533203125,713.0653076171875,1115.2154541015625,686.472412109375,1156.3216552734375,690.7037353515625,1089.1466064453125,726.6171264648438,1171.849853515625,732.6809692382812,1079.857421875,763.8784790039062,1191.291015625,772.0650634765625
1126.844970703125,590.008056640625,1122.6602783203125,584.5781860351562,1127.1390380859375,585.1016235351562,1107.595703125,587.37646484375,1131.7923583984375,588.215576171875,1092.0107421875,616.052001953125,1145.81298828125,618.717529296875,1067.376220703125,649.24169921875,1167.922607421875,662.93994140625,1052.409912109375,675.2388305664062,1181.169189453125,705.5577392578125,1106.2489013671875,686.7876586914062,1146.5308837890625,687.4273071289062,1079.695068359375,729.3167724609375,1165.8253173828125,728.2578735351562,1076.6085205078125,772.264892578125,1198.076416015625,766.4451904296875
1107.0955810546875,579.926513671875,1105.127197265625,575.044189453125,1109.052001953125,575.0118408203125,1096.4095458984375,577.5767822265625,1120.0965576171875,577.6239624023438,1081.2364501953125,607.5388793945312,1133.8199462890625,606.9923095703125,1056.17822265625,642.7479248046875,1153.9566650390625,648.8914794921875,1046.895751953125,666.9921264648438,1171.4654541015625,686.230712890625,1090.20068359375,684.345947265625,1130.68310546875,683.3517456054688,1062.5748291015625,727.252685546875,1153.6221923828125,724.313720703125,1068.945068359375,776.1636962890625,1199.0299072265625,768.9891357421875
1094.951416015625,569.3587646484375,1091.74462890625,564.6151733398438,1096.4681396484375,564.7872924804688,1079.2901611328125,569.1741943359375,1104.472900390625,569.537841796875,1065.1700439453125,600.8529052734375,1118.94775390625,599.9837646484375,1045.176513671875,642.78271484375,1144.6708984375,641.5298461914062,1039.001953125,673.867431640625,1167.2279052734375,674.9447631835938,1079.3006591796875,677.3385009765625,1119.327880859375,676.810302734375,1054.6524658203125,724.7155151367188,1139.6031494140625,722.3724365234375,1069.445068359375,773.9425048828125,1184.6512451171875,767.6779174804688
1079.412353515625,564.3683471679688,1076.0802001953125,559.6260986328125,1080.7061767578125,559.6451416015625,1063.7630615234375,564.3309936523438,1088.5791015625,563.93701171875,1050.433837890625,596.21630859375,1105.1754150390625,592.9866943359375,1033.57421875,638.7040405273438,1133.097900390625,632.45556640625,1031.2950439453125,674.3929443359375,1159.504150390625,668.1943359375,1069.29736328125,674.0186767578125,1109.42431640625,672.53564453125,1046.751220703125,725.673828125,1127.89453125,721.8619384765625,1065.3314208984375,778.6572875976562,1172.818115234375,770.7027587890625
1053.7960205078125,559.1941528320312,1053.78857421875,554.7708129882812,1057.9111328125,554.164794921875,1053.079345703125,560.216552734375,1077.0069580078125,559.0848388671875,1041.29443359375,593.8109741210938,1096.91943359375,590.62255859375,1021.9359130859375,635.8013305664062,1120.849609375,629.8837890625,1018.12548828125,672.0172729492188,1145.348388671875,665.7489624023438,1061.3858642578125,671.8910522460938,1100.1236572265625,670.35009765625,1049.04736328125,725.0931396484375,1114.864990234375,722.643310546875,1069.9244384765625,779.388916015625,1148.584228515625,774.6663208007812
1048.3909912109375,557.6605224609375,1046.2822265625,552.78857421875,1051.04052734375,552.5074462890625,1040.754150390625,557.5548095703125,1065.67578125,556.2181396484375,1031.86572265625,591.4248046875,1085.105712890625,586.4327392578125,1014.5645141601562,633.1927490234375,1111.0162353515625,624.3901977539062,1007.10595703125,668.4639892578125,1135.43603515625,659.863525390625,1052.1285400390625,669.2105712890625,1087.277587890625,666.8849487304688,1042.896484375,723.1484985351562,1092.380615234375,719.2044677734375,1067.1590576171875,774.0501708984375,1117.9412841796875,766.6307373046875
1033.4468994140625,556.2493896484375,1031.558837890625,551.0138549804688,1036.2806396484375,550.7237548828125,1027.84423828125,554.8917846679688,1053.66943359375,553.4110107421875,1019.9815063476562,589.0932006835938,1076.06201171875,583.298828125,1004.3128051757812,632.1265869140625,1103.1949462890625,621.7952270507812,999.071044921875,669.6220092773438,1126.8701171875,658.563232421875,1039.006103515625,667.6341552734375,1075.22119140625,664.9052734375,1032.0849609375,720.7977294921875,1075.51220703125,716.4176025390625,1054.3782958984375,777.6478271484375,1093.848388671875,769.6575927734375
1022.3782958984375,556.4737548828125,1021.1781005859375,551.6876220703125,1026.0638427734375,551.41845703125,1018.6876831054688,556.2421264648438,1043.165283203125,555.5914916992188,1010.0150146484375,587.9999389648438,1062.23095703125,586.9718017578125,996.7303466796875,633.23583984375,1090.4443359375,629.9357299804688,989.6070556640625,672.1687622070312,1116.0615234375,668.532958984375,1027.0968017578125,666.3547973632812,1060.052001953125,666.0250244140625,1009.716796875,719.183349609375,1046.8543701171875,719.0543212890625,1037.01318359375,771.888916015625,1065.93798828125,770.998779296875
1009.3568115234375,556.9210815429688,1009.1943359375,552.3673095703125,1013.418701171875,551.8463745117188,1009.1947021484375,557.149169921875,1032.329345703125,556.1865234375,1000.1830444335938,588.5849609375,1052.5919189453125,587.6033325195312,986.4234008789062,634.092529296875,1078.94140625,630.5777587890625,978.5343017578125,677.34716796875,1100.593017578125,670.6236572265625,1016.811767578125,666.6058349609375,1049.8082275390625,666.0113525390625,998.182861328125,720.9915771484375,1032.9700927734375,721.45947265625,1024.2474365234375,772.7100830078125,1048.4327392578125,773.795654296875
1003.5613403320312,564.2968139648438,1001.2088623046875,558.9000244140625,1005.8284912109375,558.6923828125,996.63720703125,562.2493286132812,1021.8680419921875,560.7913818359375,988.918701171875,596.36767578125,1044.9083251953125,590.751953125,973.6326904296875,643.56591796875,1069.564208984375,631.0999145507812,963.3358154296875,683.919921875,1087.0760498046875,668.5018920898438,1006.3148803710938,673.9153442382812,1043.78271484375,671.2103881835938,977.6004638671875,726.113037109375,1029.8389892578125,722.7588500976562,985.1746826171875,786.6380615234375,1039.6005859375,780.9287109375
991.1801147460938,569.5682373046875,989.4031982421875,564.28173828125,994.295654296875,564.1378173828125,986.6134643554688,567.9476318359375,1011.6114501953125,567.2308349609375,979.0125732421875,601.71875,1033.28125,599.0640869140625,963.3306884765625,647.7420654296875,1057.355712890625,639.6732788085938,950.3577880859375,688.4603881835938,1073.773681640625,674.179443359375,992.27783203125,681.9306640625,1030.322265625,680.654052734375,960.6280517578125,731.5960083007812,1026.361572265625,731.4020385742188,952.1754150390625,790.7653198242188,1031.837158203125,790.816650390625
971.65625,578.8915405273438,971.2135009765625,573.5216674804688,975.4985961914062,573.0311279296875,973.962158203125,576.9683227539062,997.4012451171875,575.0169677734375,970.328125,609.4078979492188,1021.0153198242188,605.4534301757812,952.8675537109375,656.6522827148438,1043.474365234375,649.0599975585938,936.9937133789062,698.3274536132812,1055.233642578125,687.7171630859375,983.46630859375,689.8619995117188,1021.3699951171875,687.5524291992188,941.861572265625,742.1317749023438,1023.5608520507812,741.2363891601562,921.5436401367188,794.396484375,1033.226318359375,793.697021484375
961.9011840820312,581.8734130859375,960.4077758789062,576.900146484375,965.279541015625,576.2705078125,960.5606689453125,581.8009033203125,985.5684814453125,578.9978637695312,955.7704467773438,616.6837158203125,1007.765869140625,611.0206298828125,938.7598876953125,661.3519287109375,1028.1435546875,651.6340942382812,919.7847900390625,702.4501953125,1038.0224609375,693.5933837890625,967.9440307617188,695.0660400390625,1009.248291015625,691.9664306640625,919.358642578125,746.853271484375,1018.3660888671875,744.3114624023438,886.421630859375,801.62890625,1031.143310546875,797.6561279296875
947.4054565429688,587.7342529296875,946.159912109375,582.2791748046875,950.8906860351562,581.6990966796875,946.3853759765625,585.5219116210938,971.848388671875,583.0216064453125,940.4932250976562,619.6043701171875,995.0733032226562,614.5882568359375,922.9505615234375,666.6456298828125,1015.7529296875,659.10546875,904.980712890625,709.28857421875,1022.683837890625,703.076171875,950.0877685546875,700.1489868164062,993.9305419921875,697.3118896484375,904.326416015625,750.723876953125,1009.7909545898438,748.512451171875,878.908203125,804.3289794921875,1032.002685546875,801.4434814453125
934.9588623046875,590.0009155273438,932.7686767578125,584.6544189453125,937.322509765625,584.0404663085938,927.49853515625,587.8265380859375,955.9114990234375,584.9537353515625,920.4407958984375,622.4375,978.26904296875,615.21142578125,900.4297485351562,668.5706176757812,1000.9363403320312,659.3641357421875,889.7964477539062,705.3619384765625,1009.3883056640625,704.8024291992188,934.5047607421875,701.2423706054688,980.27880859375,697.8251953125,892.9681396484375,755.5155029296875,996.9768676757812,749.86279296875,877.2384033203125,812.0980224609375,1030.3375244140625,801.6802368164062
919.3695068359375,593.77587890625,918.173828125,588.3994140625,922.6181030273438,587.6373291015625,915.803955078125,592.8851318359375,942.31005859375,589.9326782226562,908.454345703125,626.7445068359375,964.0969848632812,621.354248046875,893.084228515625,671.7757568359375,987.1207275390625,664.873291015625,882.1422729492188,709.8572387695312,993.8248291015625,707.5479736328125,923.79150390625,705.1693115234375,967.184326171875,702.5867919921875,885.8534545898438,751.197021484375,983.5134887695312,748.6137084960938,879.3619995117188,806.2847900390625,1019.835205078125,803.6174926757812
908.001220703125,596.2865600585938,907.2570190429688,590.8136596679688,911.5255737304688,589.91748046875,905.6273803710938,593.637939453125,931.27490234375,590.5794677734375,898.154052734375,625.6064453125,952.4097900390625,619.8470458984375,883.2203979492188,673.9381713867188,975.81494140625,664.7168579101562,873.6838989257812,714.568115234375,982.6920166015625,706.2863159179688,916.0823364257812,704.8631591796875,957.6692504882812,702.2544555664062,884.3924560546875,753.0459594726562,975.0316162109375,750.8470458984375,883.0513916015625,806.8690185546875,1011.37255859375,805.8985595703125
895.69580078125,596.4118041992188,894.9600830078125,590.5982666015625,899.6748046875,589.8056640625,893.9288330078125,593.2661743164062,921.1488647460938,590.4894409179688,887.794189453125,625.0252685546875,943.06396484375,620.3526611328125,872.7132568359375,674.083740234375,964.834228515625,666.9244384765625,862.2405395507812,716.0318603515625,967.194580078125,709.4979248046875,910.06103515625,703.1615600585938,951.9805908203125,701.1270141601562,881.216064453125,749.119873046875,969.7354736328125,747.8680419921875,884.641845703125,805.9708251953125,1008.7880859375,806.55419921875
892.1839599609375,597.6434326171875,889.8291015625,592.0732421875,894.677490234375,591.7157592773438,885.5638427734375,594.9452514648438,914.4747314453125,592.703125,879.0488891601562,628.5732421875,938.8338623046875,623.3663330078125,865.3980712890625,675.2059326171875,961.4735107421875,670.6429443359375,855.5685424804688,712.778564453125,965.832275390625,714.188720703125,895.8894653320312,702.357666015625,943.609130859375,699.6694946289062,858.54736328125,750.1361083984375,965.6800537109375,746.1951904296875,854.2689208984375,814.0651245117188,1009.3575439453125,807.1484985351562
883.010498046875,603.2125854492188,880.808349609375,597.3448486328125,885.7677001953125,596.797119140625,877.2711181640625,598.9767456054688,904.118896484375,596.203369140625,872.1011352539062,629.753662109375,928.7232055664062,624.9171142578125,858.4854125976562,679.038818359375,955.1387939453125,674.3372802734375,845.78076171875,715.6043701171875,961.7078247070312,715.7030029296875,894.6622314453125,705.0152587890625,940.6876831054688,702.5128173828125,849.6033935546875,752.3864135742188,961.4694213867188,749.4912109375,837.18603515625,816.8505249023438,1001.1893310546875,812.612060546875
871.1753540039062,604.9553833007812,869.8165283203125,599.2874755859375,874.0169677734375,598.786376953125,868.4013061523438,602.3662109375,894.905029296875,600.3211669921875,863.8851928710938,636.308349609375,918.805908203125,632.4014892578125,850.0811767578125,686.3663330078125,943.203857421875,679.8045654296875,835.06494140625,727.3062744140625,941.8472900390625,714.8111572265625,887.50634765625,714.26171875,932.527099609375,711.8180541992188,836.3382568359375,758.923095703125,953.7610473632812,757.2277221679688,813.29150390625,824.88916015625,988.6148681640625,820.0145874023438
863.6146240234375,612.6192626953125,862.4745483398438,607.631591796875,867.408935546875,606.699951171875,861.1651611328125,610.1783447265625,890.7244262695312,607.1787719726562,857.418212890625,642.67236328125,913.9710693359375,637.8948974609375,844.7691650390625,695.111083984375,939.92822265625,683.3729248046875,829.2376098632812,727.797607421875,932.947509765625,708.2498779296875,874.43701171875,721.3610229492188,922.435302734375,719.9208984375,829.660888671875,772.156005859375,957.1129150390625,772.0087890625,801.4780883789062,831.9647216796875,996.8783569335938,832.395263671875
849.8409423828125,620.0142822265625,848.3489990234375,614.7658081054688,852.2806396484375,613.65625,849.302490234375,618.083251953125,874.44482421875,613.2515869140625,847.843505859375,650.5255126953125,900.8933715820312,640.6351928710938,837.35107421875,703.2035522460938,926.4761352539062,683.5997314453125,816.44970703125,743.0670166015625,919.8843994140625,712.74658203125,875.6905517578125,730.8847045898438,922.1396484375,726.131591796875,830.758056640625,788.072509765625,965.8819580078125,784.1136474609375,784.7962646484375,842.3882446289062,994.2921752929688,835.42041015625
838.259765625,625.1661376953125,836.474609375,619.7164306640625,840.2867431640625,619.0755615234375,835.9398193359375,624.0321044921875,861.8501586914062,620.5628662109375,837.633544921875,658.4583740234375,885.5384521484375,651.9031982421875,831.0155639648438,707.8416748046875,900.7439575195312,698.4166259765625,813.0155029296875,752.294189453125,887.2574462890625,738.93212890625,868.8275756835938,736.46337890625,914.4488525390625,733.0607299804688,817.45751953125,792.7644653320312,960.7344360351562,789.1986694335938,778.2906494140625,849.951416015625,1006.7294921875,840.86865234375
822.6964111328125,627.9408569335938,822.3819580078125,622.7592163085938,825.4871826171875,621.4122314453125,824.1637573242188,627.031005859375,849.80078125,622.095703125,826.9266357421875,661.781494140625,868.8568725585938,653.2747802734375,823.37451171875,713.421142578125,870.251953125,702.4710693359375,808.3965454101562,760.9703979492188,843.6318359375,749.217529296875,852.9412841796875,743.40576171875,896.5746459960938,738.8614501953125,800.977783203125,795.3341064453125,941.910888671875,790.3798828125,771.26220703125,852.180908203125,1000.907470703125,841.9268188476562
813.0367431640625,627.611083984375,812.6260986328125,622.6657104492188,815.6976318359375,621.106689453125,813.6292724609375,627.6349487304688,841.1947021484375,621.7545166015625,820.2489013671875,662.5906982421875,855.5255126953125,651.593505859375,821.773681640625,713.3255004882812,845.5426025390625,695.475341796875,808.0599365234375,745.9901123046875,802.53662109375,722.7520751953125,847.1599731445312,744.624755859375,887.426513671875,739.0123291015625,791.2505493164062,796.914306640625,924.1012573242188,791.312255859375,770.0687255859375,855.4775390625,993.701416015625,845.9511108398438
800.5222778320312,626.632568359375,801.5927124023438,621.7567749023438,803.7198486328125,620.4552612304688,807.59521484375,626.3939208984375,830.316162109375,621.899169921875,816.8706665039062,661.804931640625,844.37255859375,650.9105224609375,817.8336181640625,712.2643432617188,823.42236328125,683.9757080078125,800.7728271484375,748.025390625,773.2484130859375,693.371337890625,840.5885009765625,743.3424072265625,876.3375244140625,737.9232177734375,783.3319702148438,795.52197265625,913.3046875,791.9891967773438,765.5781860351562,852.543212890625,987.837158203125,848.075927734375
790.725341796875,626.3663330078125,791.9170532226562,621.2887573242188,793.7113037109375,620.5565185546875,801.0847778320312,625.6068725585938,819.1133422851562,622.218505859375,814.494384765625,661.5486450195312,834.3248291015625,647.92138671875,814.2655029296875,710.787109375,798.7554931640625,667.6302490234375,794.364013671875,747.3553466796875,746.046875,667.2076416015625,840.9358520507812,743.2525634765625,871.285400390625,736.788818359375,779.0447998046875,792.1688232421875,903.081298828125,787.068603515625,766.3564453125,853.172607421875,978.8873291015625,846.536376953125
784.3349609375,622.56787109375,786.2305908203125,617.9200439453125,786.9248657226562,616.81884765625,795.7432861328125,623.6717529296875,809.714111328125,619.4065551757812,808.28564453125,660.4805297851562,823.5889892578125,645.3463134765625,808.5201416015625,705.66162109375,781.39013671875,657.182861328125,788.857421875,735.170654296875,727.4122314453125,652.8704833984375,840.8414306640625,740.137451171875,867.6102294921875,733.516845703125,779.2106323242188,790.762451171875,899.0150146484375,784.9482421875,763.835693359375,853.2584228515625,967.0390625,845.313232421875
777.0499267578125,616.717041015625,778.595703125,612.363037109375,779.0443725585938,611.3741455078125,788.2252197265625,619.05712890625,800.876953125,613.9476318359375,802.1024780273438,657.2089233398438,815.058837890625,637.406982421875,796.9285888671875,702.11572265625,776.6768798828125,642.652099609375,781.2284545898438,728.1014404296875,729.620361328125,637.6758422851562,837.2784423828125,733.2760009765625,860.1583251953125,724.633544921875,775.2122802734375,792.4215087890625,881.4544677734375,781.2907104492188,767.7515869140625,857.1710205078125,949.910888671875,837.5594482421875
776.2874755859375,619.5743408203125,777.431640625,615.1153564453125,778.846923828125,613.9276123046875,784.8257446289062,620.1551513671875,797.973876953125,615.298583984375,796.8228759765625,651.9595336914062,808.54248046875,638.0340576171875,798.1434326171875,689.34765625,776.3741455078125,650.2560424804688,783.3564453125,718.2841796875,734.732421875,654.4109497070312,839.252685546875,727.99853515625,861.630859375,721.5701904296875,778.3660888671875,788.648681640625,890.600341796875,782.1557006835938,766.52099609375,853.74755859375,957.4916381835938,842.96923828125
769.3734741210938,615.1074829101562,770.876953125,610.4644775390625,771.66748046875,609.1207275390625,779.911865234375,615.8467407226562,792.0100708007812,610.3495483398438,793.1685791015625,647.2135009765625,805.6697387695312,633.8078002929688,797.2840576171875,680.4573364257812,777.5502319335938,649.9204711914062,783.462646484375,705.76806640625,739.3973999023438,664.59765625,837.0518798828125,722.2369995117188,859.5693359375,715.8323364257812,779.052978515625,785.4239501953125,889.98974609375,777.6549072265625,768.6963500976562,852.7239990234375,956.2835693359375,838.5697631835938
768.5722045898438,614.4822387695312,769.6396484375,609.6585083007812,770.1849975585938,608.7359619140625,777.9283447265625,614.03662109375,789.8809204101562,609.414794921875,793.0074462890625,644.7657470703125,804.438232421875,633.0933227539062,794.5311279296875,684.2276611328125,779.800537109375,659.849853515625,779.7840576171875,701.635498046875,744.387451171875,672.1844482421875,838.8689575195312,719.5821533203125,860.2783813476562,713.7232666015625,778.5807495117188,783.376953125,886.3055419921875,775.6063842773438,768.225830078125,850.3721923828125,951.2308349609375,834.9744873046875
769.0458984375,614.6995849609375,769.4452514648438,609.401123046875,769.412353515625,608.308349609375,774.8410034179688,611.5357666015625,789.505126953125,606.2735595703125,789.3397216796875,640.960205078125,808.1233520507812,629.2129516601562,794.3937377929688,677.091796875,799.9384765625,661.0182495117188,779.5358276367188,698.34716796875,764.088623046875,691.0552978515625,828.704345703125,716.3353271484375,853.1109619140625,710.4339599609375,778.934326171875,783.3037719726562,876.3416748046875,774.1669921875,770.309326171875,852.2330322265625,932.4708251953125,833.3607788085938
771.1783447265625,612.7080688476562,770.80810546875,607.1892700195312,771.8109741210938,605.9434814453125,773.9152221679688,609.05078125,792.6986083984375,603.3644409179688,788.0770263671875,638.504150390625,811.6312866210938,626.9519653320312,797.56640625,676.5653076171875,813.949951171875,663.953857421875,786.88916015625,704.7977294921875,786.1971435546875,702.9268188476562,825.4396362304688,715.950927734375,852.3629150390625,710.1102294921875,780.2435302734375,783.8179321289062,875.9408569335938,774.5408935546875,770.3743286132812,852.87548828125,928.1300048828125,833.2764892578125
770.3280029296875,611.080322265625,769.7913818359375,605.6107788085938,771.1598510742188,604.3240966796875,772.7045288085938,608.1278686523438,792.493896484375,602.3141479492188,787.1555786132812,638.9803466796875,811.1998901367188,627.4511108398438,797.326904296875,681.977294921875,813.7487182617188,669.0716552734375,787.349609375,716.4768676757812,786.6434326171875,713.27978515625,826.3948974609375,715.5946044921875,853.42529296875,709.887451171875,782.5310668945312,784.646484375,876.5052490234375,775.65966796875,770.3670043945312,854.0540771484375,925.1483154296875,834.8131103515625
770.0308837890625,611.8411254882812,769.668212890625,606.6339721679688,771.6688842773438,605.1820678710938,773.5810546875,609.7333984375,795.0269165039062,603.5313720703125,787.662841796875,641.7800903320312,813.8656005859375,629.518310546875,795.677734375,689.8023681640625,814.1778564453125,674.97314453125,786.6498413085938,728.0835571289062,788.076416015625,722.8563232421875,827.249755859375,716.8040771484375,855.1988525390625,710.722900390625,782.701904296875,785.0009765625,873.5068359375,775.6635131835938,771.1051025390625,854.1290283203125,918.4835815429688,834.5819091796875
769.7845458984375,613.2941284179688,769.3775024414062,607.843505859375,771.8126220703125,606.4072265625,773.8112182617188,610.4718627929688,796.9058837890625,604.296875,787.5393676757812,643.0789794921875,817.804443359375,630.6608276367188,795.6199951171875,692.5047607421875,820.257568359375,676.9901123046875,788.8636474609375,741.6029052734375,797.65869140625,733.56103515625,827.0227661132812,720.0853881835938,857.4261474609375,713.9382934570312,781.60302734375,786.9223022460938,873.8394775390625,777.7106323242188,770.2820434570312,854.3033447265625,917.1259765625,834.8036499023438
774.151123046875,613.6229858398438,773.2282104492188,608.193603515625,775.9561157226562,606.94970703125,775.6077880859375,611.6995239257812,800.3426513671875,606.0089111328125,787.967041015625,645.5975341796875,820.7701416015625,634.0526733398438,794.8497314453125,696.3600463867188,822.1746826171875,682.065185546875,787.8671875,745.5274658203125,798.8494262695312,737.6200561523438,827.7493286132812,721.8741455078125,859.7166137695312,716.123779296875,780.334228515625,787.6407470703125,872.7094116210938,779.06640625,770.6148681640625,855.670654296875,916.645263671875,836.9537353515625
780.9287109375,616.3570556640625,779.944580078125,610.9389038085938,782.5260009765625,609.6069946289062,781.72802734375,614.081787109375,806.6053466796875,608.2139282226562,792.0081787109375,648.2509155273438,828.08154296875,636.1937255859375,798.6409912109375,700.868896484375,832.7222900390625,685.3861694335938,789.5382080078125,750.068115234375,808.36865234375,739.6547241210938,825.12646484375,725.5091552734375,859.278076171875,719.365234375,779.6202392578125,787.820068359375,874.1748046875,778.992431640625,770.73974609375,855.796875,917.8712158203125,837.0071411132812
786.45263671875,615.3159790039062,785.0960693359375,609.9086303710938,788.5178833007812,608.4447631835938,787.1253662109375,614.0316162109375,814.8084716796875,607.4223022460938,797.071044921875,650.683837890625,837.0537109375,636.7127685546875,802.3137817382812,704.4156494140625,840.73779296875,685.1586303710938,789.925048828125,753.65380859375,813.2208251953125,739.0572509765625,825.6721801757812,730.5278930664062,862.3172607421875,723.3883666992188,782.5726318359375,789.9585571289062,876.8541259765625,780.1826171875,771.7542724609375,856.237548828125,917.4307861328125,836.5938720703125
795.572509765625,617.4270629882812,794.4299926757812,612.38037109375,797.7806396484375,610.7952270507812,796.1024169921875,616.2300415039062,822.1866455078125,609.8084106445312,801.7686767578125,652.0330810546875,846.8194580078125,638.4707641601562,804.8626708984375,703.7725830078125,868.3118896484375,683.550537109375,794.093017578125,748.2945556640625,858.9109497070312,729.5389404296875,826.095947265625,730.864501953125,864.3272094726562,723.991943359375,783.9801025390625,789.992431640625,879.399169921875,780.8521728515625,773.6314086914062,855.0333251953125,916.8629150390625,837.9112548828125
804.8032836914062,616.8272705078125,802.4031372070312,611.3642578125,806.99755859375,610.24169921875,801.5784301757812,615.039794921875,830.0338134765625,609.4293823242188,808.3118896484375,651.0044555664062,855.7142333984375,639.3316040039062,806.2223510742188,702.1367797851562,879.0309448242188,685.7236938476562,794.776123046875,736.1361083984375,873.8139038085938,730.6157836914062,834.7498168945312,734.0284423828125,873.9595947265625,729.011474609375,789.4293212890625,792.033935546875,882.69189453125,784.5075073242188,775.270751953125,854.8333740234375,916.7745361328125,841.3114013671875
812.6801147460938,613.8302001953125,810.2275390625,608.2926025390625,813.6978149414062,607.2794189453125,807.8768920898438,611.5574951171875,833.7354736328125,606.2337646484375,813.36669921875,646.45654296875,860.0906982421875,635.597900390625,808.280517578125,694.859375,885.5911865234375,681.8827514648438,796.14208984375,725.4810180664062,882.7794189453125,726.5325927734375,843.90283203125,727.6846923828125,882.2291259765625,722.96630859375,796.2800903320312,790.1160278320312,886.768798828125,782.453857421875,777.4241943359375,856.3375854492188,914.9071044921875,841.9901123046875
816.7245483398438,606.4893188476562,814.1484375,601.01953125,818.058349609375,599.9242553710938,811.290283203125,605.2232666015625,838.9993286132812,599.6160888671875,815.9650268554688,641.80322265625,865.21728515625,629.93212890625,808.0316162109375,689.6602783203125,889.4886474609375,673.88427734375,797.5431518554688,721.5390625,888.6839599609375,719.1796264648438,848.93017578125,723.8472290039062,888.5792236328125,718.6907348632812,801.7100830078125,788.7762451171875,890.4945068359375,780.3484497070312,780.5947265625,856.7964477539062,914.5740966796875,841.02587890625
818.2611694335938,603.5068359375,816.2210693359375,598.1641235351562,819.9112548828125,597.201171875,815.3757934570312,602.1900634765625,842.0652465820312,597.13330078125,819.60693359375,637.6776733398438,868.9384765625,626.1465454101562,809.34228515625,682.9188842773438,894.190673828125,668.2897338867188,802.023681640625,713.63525390625,900.7798461914062,713.5972290039062,852.88037109375,716.73681640625,891.4237060546875,711.6693725585938,809.923828125,785.5313720703125,892.336181640625,776.8345947265625,790.7828979492188,854.263671875,913.012451171875,837.7838134765625
818.6148681640625,603.5370483398438,816.667236328125,598.1749877929688,820.6653442382812,596.7855224609375,816.5205078125,601.0652465820312,843.9466552734375,594.5487060546875,820.6015625,634.9807739257812,872.2252197265625,620.6299438476562,812.3931884765625,683.9778442382812,897.8197021484375,661.0874633789062,807.6703491210938,718.2321166992188,903.730712890625,704.4915771484375,859.991943359375,709.730224609375,899.384765625,703.5309448242188,821.1040649414062,779.1978149414062,897.4066162109375,769.2786254882812,804.4081420898438,852.429443359375,913.06884765625,834.6282958984375
818.440673828125,601.9507446289062,816.7901611328125,596.4529418945312,820.6320190429688,595.1924438476562,817.1127319335938,599.060791015625,844.4901123046875,593.1404418945312,820.4268798828125,632.3995971679688,873.72265625,619.5701904296875,812.988037109375,680.40185546875,901.08544921875,660.4248046875,811.8451538085938,714.89404296875,908.5421142578125,703.55322265625,862.3634033203125,707.09228515625,902.081298828125,701.621826171875,826.5880737304688,776.4342041015625,897.4194946289062,767.56103515625,817.5865478515625,850.2822875976562,914.91943359375,834.3795776367188
821.10546875,602.6002807617188,819.0164794921875,597.2044677734375,822.8367919921875,595.663818359375,818.13330078125,599.4984130859375,845.597412109375,592.3218994140625,821.70751953125,633.0177001953125,875.1267700195312,617.6134033203125,814.8485107421875,682.6832275390625,902.55224609375,661.1875,813.1544189453125,713.5084228515625,910.00341796875,707.9573364257812,866.2736206054688,708.0924682617188,905.6424560546875,701.3125,832.0128173828125,776.24267578125,899.1861572265625,764.5098876953125,829.2947387695312,852.2347412109375,919.1625366210938,831.14794921875
823.4281005859375,603.320556640625,822.9029541015625,598.2296752929688,826.3518676757812,596.8121337890625,825.029052734375,601.1322021484375,848.8057250976562,595.57568359375,823.5775146484375,632.0640869140625,876.7666625976562,621.0607299804688,816.050048828125,682.1325073242188,906.1492309570312,664.1385498046875,815.7841186523438,717.5191040039062,919.7005004882812,706.4390258789062,869.0577392578125,710.273681640625,907.3157958984375,705.2130737304688,835.197265625,776.6839599609375,903.2817993164062,768.9510498046875,841.5460205078125,851.063720703125,929.7633056640625,837.281494140625
830.40234375,604.925537109375,828.0306396484375,600.11962890625,831.5848388671875,598.1414794921875,824.9920654296875,604.6107788085938,851.3751220703125,595.90771484375,824.8094482421875,641.6056518554688,877.3687133789062,621.5177001953125,818.187255859375,692.312744140625,906.3411865234375,662.6905517578125,812.1835327148438,722.864013671875,917.78662109375,711.9793701171875,865.7181396484375,715.8118896484375,904.0302734375,706.6235961914062,844.4708862304688,781.7879638671875,913.3797607421875,765.5360107421875,853.6995849609375,852.0672607421875,945.0990600585938,822.7587890625
831.6476440429688,611.0421142578125,830.4576416015625,606.01611328125,834.04345703125,604.624755859375,829.6905517578125,610.0255126953125,853.57958984375,604.4321899414062,828.0933837890625,642.63916015625,881.1669921875,629.7904052734375,815.8408203125,692.2727661132812,907.8945922851562,672.4075317382812,810.57275390625,727.1227416992188,921.42919921875,712.2607421875,872.52294921875,717.0043334960938,910.7239990234375,710.8734741210938,844.5615234375,782.729736328125,912.5890502929688,773.12744140625,864.84423828125,851.1831665039062,950.901123046875,834.8908081054688
840.7175903320312,617.816650390625,838.09912109375,613.3031005859375,841.7488403320312,611.3060302734375,833.4906005859375,619.02783203125,859.1561279296875,610.2289428710938,835.1522216796875,656.6676635742188,883.9967041015625,635.5478515625,814.5867919921875,703.5679931640625,909.8621826171875,674.1427612304688,793.2109375,726.8851318359375,922.0980224609375,718.734619140625,873.949462890625,728.681640625,910.1848754882812,718.3378295898438,840.729736328125,793.2960205078125,916.96484375,774.6007690429688,850.129638671875,861.1232299804688,959.5010375976562,826.9414672851562
852.5946044921875,622.6372680664062,848.6171875,617.6728515625,852.9230346679688,616.654052734375,838.7578125,623.7654418945312,864.6922607421875,618.024658203125,836.1362915039062,660.203857421875,889.186279296875,645.5286865234375,809.729248046875,703.7896728515625,915.2872314453125,685.4824829101562,786.7706298828125,727.8892211914062,928.228271484375,724.7930297851562,875.7171020507812,733.6563720703125,915.3671875,725.929443359375,838.89501953125,795.0543823242188,925.8836059570312,781.194580078125,849.2708740234375,858.711669921875,973.2215576171875,833.748046875
852.4515380859375,624.13818359375,849.8544921875,619.0143432617188,853.7642211914062,617.886474609375,845.76318359375,622.9332275390625,871.0845947265625,617.2711181640625,842.5816040039062,658.5901489257812,897.5271606445312,644.6405029296875,813.95654296875,702.6893310546875,923.7279052734375,687.1663818359375,781.654541015625,726.876220703125,931.9586181640625,732.0642700195312,879.9622802734375,736.6912841796875,919.9122314453125,729.3367919921875,845.2550048828125,794.3981323242188,930.6275634765625,781.6697998046875,852.1111450195312,861.8274536132812,971.1802368164062,837.1129150390625
857.9814453125,620.2313842773438,856.4379272460938,615.1444091796875,859.6906127929688,613.849365234375,856.0885009765625,618.578125,879.2896728515625,612.915771484375,852.1016845703125,653.5026245117188,908.3369750976562,639.8977661132812,821.7379760742188,698.5842895507812,933.32666015625,680.2022094726562,784.2784423828125,719.3541259765625,931.94580078125,715.6727905273438,887.6385498046875,734.2760009765625,927.8805541992188,727.3470458984375,861.277587890625,790.24365234375,944.4160766601562,779.456787109375,861.3909912109375,856.9312133789062,972.7559814453125,835.874267578125
865.968505859375,611.542724609375,864.104736328125,606.7349243164062,867.1893310546875,605.98876953125,862.8570556640625,611.0120849609375,885.7052001953125,606.7828979492188,860.83203125,646.7393798828125,912.4779052734375,635.8391723632812,827.5186157226562,689.5640258789062,936.212646484375,676.5708618164062,784.669921875,703.8250122070312,935.6107177734375,701.3831787109375,892.4485473632812,724.6507568359375,931.0316162109375,719.0195922851562,871.7178955078125,784.3405151367188,958.32958984375,775.1551513671875,863.1839599609375,851.646728515625,986.9871826171875,832.9894409179688
865.0286865234375,600.7007446289062,864.6351318359375,595.846923828125,868.9363403320312,594.8306884765625,868.02490234375,600.0625,892.2091064453125,596.483154296875,866.999755859375,631.6316528320312,918.5533447265625,627.5146484375,840.7476806640625,675.680908203125,941.91455078125,673.174072265625,799.3379516601562,697.1337890625,935.0839233398438,693.6588745117188,905.5138549804688,715.7340087890625,943.100830078125,712.962890625,875.21728515625,776.7890625,957.1796875,775.5390014648438,876.52490234375,845.085205078125,985.9066162109375,841.9541015625
865.6915283203125,594.9991455078125,865.6534423828125,589.9525146484375,869.2149658203125,588.435546875,869.9605712890625,593.3720092773438,895.4638671875,587.8575439453125,871.6141357421875,624.7534790039062,923.8361206054688,616.2353515625,847.894775390625,670.22265625,939.1466064453125,660.4803466796875,808.19775390625,687.7758178710938,915.0770263671875,679.6301879882812,911.7547607421875,711.908447265625,949.4928588867188,706.8383178710938,876.7242431640625,774.5326538085938,947.28076171875,770.0476684570312,894.5643310546875,841.9705810546875,983.6392822265625,833.6099853515625
866.579345703125,590.371337890625,866.9595336914062,585.0096435546875,870.013671875,583.4630126953125,871.96337890625,588.1097412109375,898.1965942382812,582.27734375,877.50390625,618.7645874023438,926.3578491210938,609.210205078125,851.7379150390625,664.2162475585938,939.8281860351562,652.6536254882812,809.115234375,685.4790649414062,909.9595947265625,675.1729736328125,916.4681396484375,704.7754516601562,950.5592041015625,699.2874145507812,884.6910400390625,769.4432373046875,938.7041015625,764.6116943359375,917.2601318359375,828.1849365234375,980.4384765625,820.2203369140625
870.86279296875,583.2152099609375,870.197265625,577.5738525390625,872.5534057617188,576.0377807617188,870.9559936523438,580.102294921875,898.0992431640625,573.68359375,877.22216796875,612.55615234375,926.10302734375,599.92724609375,855.3214111328125,659.169677734375,936.2044677734375,640.48046875,815.5783081054688,681.0581665039062,901.3858642578125,665.576416015625,917.9267578125,697.7272338867188,951.7476806640625,691.4595947265625,892.57763671875,763.565185546875,938.51611328125,755.5506591796875,926.9969482421875,824.3148193359375,977.9013061523438,808.2453002929688
873.0719604492188,580.083740234375,872.9057006835938,574.6087036132812,875.1358642578125,572.984375,873.00634765625,576.76513671875,900.3553466796875,570.8589477539062,880.5458984375,606.79736328125,922.6690063476562,596.7589111328125,865.5179443359375,655.6409912109375,919.7618408203125,639.7120361328125,823.6851196289062,682.4268798828125,869.739990234375,665.956298828125,920.0289916992188,694.0230102539062,949.5052490234375,689.2395629882812,894.9140625,759.7672119140625,931.7054443359375,754.94970703125,947.1842651367188,809.15380859375,982.7047119140625,798.915283203125
874.193603515625,583.064208984375,873.5601196289062,577.2759399414062,875.8597412109375,575.8419799804688,874.8658447265625,577.695068359375,899.7864990234375,571.4631958007812,885.9768676757812,606.9612426757812,922.2562866210938,592.7197875976562,868.03564453125,656.8558959960938,915.2217407226562,634.4323120117188,827.189208984375,685.197998046875,873.1134033203125,666.7949829101562,929.113525390625,693.3179321289062,954.536376953125,685.893310546875,899.7284545898438,757.4489135742188,931.40625,747.7952880859375,951.288818359375,807.3583984375,983.0672607421875,789.3898315429688
875.0208740234375,582.8916015625,873.7366333007812,577.1389770507812,876.5433349609375,575.5733642578125,873.3290405273438,577.6778564453125,898.932861328125,570.9349365234375,885.107177734375,607.4913330078125,920.676025390625,591.9292602539062,871.3533935546875,658.987548828125,914.65966796875,632.8834228515625,832.6304931640625,690.4588623046875,874.4697265625,666.3125,932.57666015625,691.1011352539062,957.0177001953125,683.2687377929688,904.59521484375,756.028076171875,931.2093505859375,745.7061767578125,955.424560546875,806.3790283203125,978.8125,787.3294677734375
873.9636840820312,580.9830932617188,873.0221557617188,575.462158203125,875.4154052734375,573.9873046875,874.01220703125,577.25,895.87744140625,571.0028686523438,885.165283203125,607.2310180664062,914.8321533203125,593.850341796875,875.5270385742188,659.5781860351562,906.9949951171875,637.4151611328125,840.4872436523438,692.0650024414062,867.708740234375,675.074462890625,932.7967529296875,684.3060302734375,953.6116333007812,677.8555908203125,904.315673828125,746.678955078125,928.496826171875,737.7979736328125,950.65869140625,798.8856811523438,974.1494750976562,780.164306640625
873.59814453125,579.4229736328125,872.7116088867188,574.0330200195312,875.079833984375,572.3843383789062,874.2208251953125,576.3162231445312,895.7770385742188,569.5003051757812,885.641357421875,607.032958984375,913.782958984375,592.937744140625,878.9013061523438,659.2471923828125,905.0732421875,636.5236206054688,846.1298828125,691.43359375,865.96435546875,676.2994995117188,932.1751098632812,682.3405151367188,952.0834350585938,675.7010498046875,907.543701171875,743.01611328125,928.3814697265625,733.6666259765625,947.390869140625,798.923583984375,967.8109130859375,779.4285278320312
873.877197265625,579.677001953125,872.8868408203125,573.775146484375,875.308349609375,572.67626953125,874.8829345703125,574.4378051757812,895.9125366210938,569.4768676757812,886.0413208007812,602.958251953125,915.3868408203125,593.6558227539062,882.8948974609375,654.92236328125,913.0235595703125,639.822265625,850.5531005859375,688.7374267578125,875.6146240234375,676.37060546875,929.6263427734375,681.3557739257812,949.5811157226562,677.2129516601562,910.1329345703125,745.4451904296875,926.3988037109375,740.4201049804688,948.667724609375,802.11572265625,959.4244384765625,790.114501953125
873.8798828125,574.4874267578125,874.1211547851562,569.4519653320312,876.5206298828125,568.1788330078125,877.7828369140625,571.67626953125,900.434326171875,567.307861328125,887.0242309570312,603.775146484375,920.5299682617188,595.5317993164062,881.24365234375,657.5612182617188,918.15380859375,641.298828125,856.01318359375,700.7157592773438,884.3487548828125,682.9410400390625,931.7070922851562,683.4408569335938,953.97412109375,679.9161987304688,909.4356689453125,746.4986572265625,924.2059326171875,742.8743896484375,949.7886962890625,802.3745727539062,954.2252197265625,794.4366455078125
871.9110717773438,572.092041015625,873.19775390625,567.1321411132812,874.318359375,565.84716796875,878.9174194335938,569.6669921875,897.3422241210938,565.614501953125,889.5349731445312,601.5338745117188,915.1484985351562,593.5772094726562,884.589599609375,656.3091430664062,909.402587890625,641.3995361328125,863.9822387695312,702.6448974609375,880.2888793945312,688.2509155273438,932.8590087890625,677.6702880859375,950.036376953125,674.134521484375,906.88671875,745.2799072265625,918.685546875,740.9923095703125,948.46142578125,801.1961059570312,952.5521850585938,791.6260986328125
871.7738037109375,574.92724609375,874.0318603515625,569.9711303710938,874.0889282226562,568.5767822265625,882.052490234375,572.1527709960938,896.4449462890625,568.1078491210938,892.0607299804688,603.644775390625,914.1270751953125,596.106689453125,888.8785400390625,656.0076293945312,909.96337890625,642.4659423828125,871.3934326171875,701.337158203125,884.506591796875,688.747314453125,931.16064453125,680.9725341796875,946.1621704101562,677.6248779296875,908.656494140625,746.8705444335938,919.3841552734375,742.8184814453125,948.9296875,801.1488647460938,952.2885131835938,792.2454833984375
872.1414184570312,576.5262451171875,873.1635131835938,571.589599609375,874.416015625,570.4085693359375,879.2081298828125,573.749755859375,896.9276733398438,569.9022827148438,891.7655639648438,604.4827880859375,913.9429321289062,597.441162109375,893.460205078125,656.3916625976562,913.1592407226562,644.7871704101562,875.2234497070312,700.6065063476562,886.5536499023438,689.8460083007812,930.0719604492188,681.2968139648438,945.2666015625,678.2386474609375,910.0086669921875,746.9652099609375,920.118408203125,743.3441162109375,949.0076293945312,800.7958374023438,953.378662109375,792.337890625
874.7769775390625,576.596923828125,874.8555908203125,571.6660766601562,876.8770751953125,570.5465698242188,878.223388671875,574.0296020507812,898.5352783203125,570.1145629882812,891.0664672851562,604.5054321289062,914.951904296875,597.2015380859375,894.7869873046875,656.3417358398438,915.9786987304688,644.4803466796875,878.1468505859375,699.792236328125,889.960693359375,688.9126586914062,931.0650634765625,680.632080078125,947.4139404296875,677.5658569335938,910.0255737304688,745.17138671875,920.922607421875,741.3165893554688,949.7215576171875,800.1758422851562,955.26318359375,791.1388549804688
873.9132080078125,577.6842041015625,874.16162109375,572.821533203125,875.9248046875,571.7097778320312,877.7872924804688,575.556640625,897.2030639648438,571.6881103515625,889.622314453125,606.7266235351562,913.7999267578125,599.3478393554688,893.6482543945312,657.5435180664062,915.334228515625,645.3965454101562,880.114990234375,699.8773193359375,892.04736328125,689.031982421875,929.6401977539062,683.37353515625,946.1978759765625,680.3904418945312,912.40576171875,745.679931640625,923.0733032226562,741.6807861328125,950.7489624023438,798.4869384765625,955.6893310546875,789.2568969726562
873.5635986328125,580.5458984375,874.3668212890625,575.7259521484375,875.5960693359375,574.6298217773438,878.4559936523438,577.290771484375,896.1047973632812,573.9161376953125,888.33056640625,605.9804077148438,912.5451049804688,599.8453369140625,890.7393798828125,655.2801513671875,914.6343994140625,645.2958374023438,879.8838500976562,696.8634643554688,894.6680908203125,687.47119140625,928.425048828125,679.723876953125,944.8248291015625,677.4264526367188,912.3652954101562,744.0126953125,923.9534912109375,740.8833618164062,952.0377197265625,796.57470703125,956.9935302734375,788.7196655273438
873.9028930664062,583.4683837890625,874.2478637695312,578.8749389648438,876.206787109375,577.48291015625,875.5153198242188,579.1948852539062,896.852783203125,574.9419555664062,884.317138671875,602.8438720703125,912.7318725585938,597.0660400390625,888.353759765625,647.5230712890625,916.7149658203125,638.9764404296875,881.6861572265625,682.4075927734375,897.1385498046875,673.5761108398438,930.2384033203125,672.89404296875,949.3856201171875,671.0394287109375,912.2290649414062,738.868408203125,922.948974609375,736.5001831054688,952.7440185546875,792.1507568359375,954.2451171875,785.180908203125
873.3890991210938,582.908935546875,873.8387451171875,578.4445190429688,875.5791015625,576.9310913085938,875.1487426757812,578.6740112304688,896.0114135742188,573.9874877929688,883.4075927734375,602.1082763671875,912.5989379882812,595.2530517578125,884.4874877929688,646.655029296875,915.7333374023438,636.231201171875,875.8873901367188,678.3685302734375,895.0614013671875,669.2928466796875,931.0648193359375,671.2445678710938,950.7012939453125,668.8505859375,911.4659423828125,737.06787109375,923.4525146484375,733.766357421875,952.203857421875,790.2178955078125,955.125732421875,781.773681640625
871.2562866210938,583.5100708007812,872.2011108398438,579.14013671875,873.6844482421875,577.6669311523438,875.314453125,578.5424194335938,895.330322265625,573.995361328125,883.48388671875,600.1024169921875,912.8565673828125,593.7984008789062,879.5081176757812,642.189208984375,912.163818359375,634.0106201171875,866.587646484375,658.4053955078125,885.7947998046875,655.012451171875,931.1414794921875,669.79248046875,950.9857177734375,667.349365234375,908.3577880859375,735.2876586914062,921.43505859375,732.0931396484375,949.6751708984375,787.92041015625,953.68896484375,780.018798828125
870.5093994140625,581.6505737304688,871.1280517578125,577.5302734375,873.3148193359375,575.72998046875,873.6419677734375,577.71142578125,896.1204833984375,571.9982299804688,881.3743286132812,600.1119384765625,914.03271484375,591.259521484375,877.5057373046875,640.4913940429688,914.2054443359375,628.2882080078125,867.2422485351562,646.8897705078125,887.5576171875,643.0897216796875,929.532470703125,669.2669677734375,951.4132080078125,665.6251220703125,907.9683837890625,734.26416015625,920.9794921875,729.0284423828125,948.4407958984375,788.0804443359375,951.1917114257812,777.2432861328125
871.1741943359375,580.1071166992188,871.4993896484375,575.9136962890625,873.7847900390625,574.1209106445312,872.4449462890625,576.2039794921875,895.8614501953125,570.3458862304688,879.224609375,598.6553344726562,913.3221435546875,588.395751953125,872.4473876953125,636.745849609375,911.8709106445312,622.4449462890625,866.6856079101562,638.130615234375,888.0367431640625,635.71337890625,929.122314453125,668.2952270507812,951.912841796875,663.9008178710938,904.5470581054688,733.9707641601562,918.6383056640625,726.7785034179688,945.1396484375,787.6002197265625,949.6907958984375,773.0841064453125
872.3655395507812,576.1073608398438,872.5880126953125,571.8330078125,874.7413330078125,569.9246826171875,872.9210815429688,573.0469360351562,896.3234252929688,566.8309326171875,878.2738037109375,596.6633911132812,915.409423828125,586.1174926757812,872.5848388671875,634.4072265625,920.470703125,620.248779296875,865.75341796875,636.9384155273438,898.22216796875,634.7064208984375,925.0084228515625,665.622802734375,949.67626953125,660.9971923828125,899.901123046875,733.3883056640625,918.236083984375,726.0758056640625,938.6309814453125,786.2140502929688,948.140869140625,771.943603515625
874.1771240234375,568.5617065429688,873.8490600585938,564.0606689453125,876.189697265625,562.56201171875,873.065673828125,566.852294921875,897.0782470703125,561.6193237304688,878.0614013671875,593.7496337890625,916.387939453125,584.8438110351562,873.677978515625,632.3209228515625,923.6976928710938,619.673095703125,866.0416259765625,639.5887451171875,902.3135375976562,634.0732421875,920.322265625,663.4798583984375,945.476806640625,659.5306396484375,897.6527099609375,730.3073120117188,913.8986206054688,724.5006103515625,933.5813598632812,784.6898193359375,939.619873046875,773.0648803710938
870.5678100585938,565.57373046875,869.2439575195312,560.8651123046875,872.70068359375,560.332275390625,871.1859130859375,564.1889038085938,893.5186767578125,560.976806640625,881.5816040039062,588.7640380859375,915.1572875976562,581.8585815429688,880.6412353515625,630.526123046875,921.6053466796875,618.2573852539062,863.6656494140625,655.359130859375,899.609130859375,641.5574951171875,916.592041015625,654.52099609375,937.130615234375,650.603515625,901.1244506835938,718.3663330078125,908.0429077148438,713.9010009765625,938.15087890625,778.9594116210938,923.5999145507812,770.0242309570312
870.503173828125,563.282958984375,869.27392578125,558.4384155273438,872.4926147460938,558.0665283203125,872.37060546875,561.9476928710938,893.3450317382812,559.1837158203125,883.2529296875,588.741455078125,917.22802734375,582.809814453125,883.834716796875,631.99169921875,933.81103515625,621.9765014648438,866.5260009765625,659.59228515625,920.6171264648438,645.9310913085938,915.1554565429688,659.494140625,935.669189453125,655.8548583984375,899.0028076171875,720.8812255859375,906.6689453125,716.9725952148438,932.506103515625,780.8944091796875,919.7620849609375,772.9586791992188
873.7979736328125,563.6558227539062,872.8277587890625,558.8258056640625,876.1654052734375,558.4630126953125,875.9560546875,562.2218017578125,896.9650268554688,559.9707641601562,883.4141845703125,590.9010009765625,918.8804931640625,587.8426513671875,881.8575439453125,635.8172607421875,942.7355346679688,631.4749145507812,869.2512817382812,668.8284912109375,944.1619873046875,664.0774536132812,914.7210693359375,666.2468872070312,935.88671875,664.9913330078125,897.090576171875,727.2782592773438,907.468994140625,726.2069702148438,922.6763305664062,782.56396484375,918.033447265625,777.9329223632812
875.7907104492188,562.4838256835938,874.4241943359375,557.774169921875,878.998046875,556.765869140625,875.7108764648438,561.9852905273438,903.3194580078125,557.9124755859375,880.806396484375,594.0753173828125,925.1244506835938,587.7763671875,880.57666015625,637.881591796875,949.502197265625,631.6009521484375,871.4232177734375,673.1304931640625,949.578857421875,669.59375,910.7452392578125,671.3533935546875,938.8338623046875,668.4059448242188,887.5811767578125,732.8663330078125,906.860595703125,730.152587890625,905.3084106445312,786.5491943359375,915.438232421875,780.770751953125
874.7860107421875,563.51171875,873.464111328125,558.8497314453125,877.952880859375,557.7115478515625,875.553955078125,562.9532470703125,902.7999267578125,558.19677734375,881.24609375,595.871826171875,924.3740844726562,587.208251953125,880.436767578125,641.5311279296875,950.229248046875,631.4490356445312,869.711669921875,676.4385375976562,953.4786376953125,670.9505004882812,904.406982421875,675.28369140625,931.5990600585938,671.0736083984375,883.014404296875,736.2196044921875,899.6490478515625,731.4100341796875,903.3709716796875,788.5328979492188,911.3751220703125,779.91650390625
873.85205078125,562.561279296875,872.667724609375,557.8961791992188,877.04833984375,556.7409057617188,875.2164306640625,562.4249877929688,902.540771484375,557.5516967773438,880.2522583007812,596.3292846679688,924.7825927734375,587.1742553710938,878.6553955078125,642.0020751953125,950.4263916015625,630.5712890625,868.666748046875,677.1173095703125,954.214599609375,669.8403930664062,903.2356567382812,675.4578857421875,931.4764404296875,671.1055297851562,882.8551025390625,738.0369873046875,900.9039916992188,733.03759765625,903.4129638671875,792.0847778320312,913.4877319335938,783.528076171875
872.0707397460938,559.53515625,870.8871459960938,555.095458984375,875.286865234375,553.7308349609375,874.095947265625,560.3132934570312,901.39404296875,554.5687866210938,877.7548828125,596.499267578125,925.3244018554688,584.46923828125,874.1044921875,643.5278930664062,949.5833129882812,628.3651123046875,865.8722534179688,675.658447265625,956.3612060546875,670.8137817382812,899.2030029296875,675.8831787109375,929.9038696289062,670.1650390625,884.149169921875,738.1664428710938,907.4871826171875,730.1136474609375,902.2177734375,793.5005493164062,918.4200439453125,779.5478515625
872.30859375,558.1195068359375,871.080810546875,553.642333984375,875.2117919921875,552.2752075195312,873.4777221679688,558.2784423828125,900.0928344726562,552.4993286132812,876.4967041015625,594.0892333984375,924.147216796875,581.8425903320312,870.6143798828125,641.6038818359375,950.036376953125,626.398681640625,862.2689208984375,670.7379150390625,958.8209838867188,667.8746948242188,900.93896484375,674.4710083007812,931.4539794921875,668.623779296875,883.4801025390625,736.8480834960938,906.8941040039062,728.22705078125,902.534912109375,794.5184326171875,918.3782958984375,779.3724365234375
874.7589111328125,555.697021484375,872.9679565429688,551.1426391601562,876.7633056640625,550.0250244140625,872.9088134765625,556.4662475585938,898.8343505859375,551.198974609375,873.4600830078125,594.001708984375,922.3707275390625,581.4236450195312,864.510986328125,640.9830932617188,948.7487182617188,625.4046630859375,855.93994140625,668.574951171875,961.0137939453125,667.3179931640625,896.25927734375,674.2522583007812,927.947998046875,668.3963623046875,885.3389892578125,736.48193359375,914.01513671875,726.8358154296875,902.257568359375,795.8527221679688,926.4270629882812,778.14208984375
877.7735595703125,554.9794921875,875.328125,550.341064453125,879.2391357421875,549.2967529296875,872.0927124023438,556.150146484375,898.181884765625,551.0283203125,870.4486083984375,594.5603637695312,920.9390869140625,581.54638671875,859.3580322265625,643.01171875,948.04931640625,624.890869140625,849.6788330078125,672.984130859375,962.0557861328125,667.815185546875,895.75732421875,673.51171875,928.5391845703125,667.6493530273438,885.54248046875,734.8182373046875,918.822509765625,724.6885375976562,902.7478637695312,794.6778564453125,932.9284057617188,775.808837890625
879.242919921875,553.957275390625,876.0960693359375,549.26611328125,880.3277587890625,548.38818359375,870.866455078125,555.3560791015625,897.9080810546875,550.5216064453125,867.997314453125,594.59326171875,920.23779296875,581.409912109375,855.614013671875,642.9431762695312,947.5423583984375,623.2703857421875,844.4764404296875,675.1658935546875,961.9764404296875,665.7591552734375,891.451904296875,673.041748046875,925.441650390625,667.36083984375,888.6114501953125,734.6337890625,922.9688720703125,724.6295776367188,902.81689453125,796.1024169921875,934.7237548828125,777.16162109375
882.9678955078125,552.2857666015625,879.1337890625,547.31103515625,883.4063720703125,546.8612060546875,871.3809814453125,553.1712646484375,898.61572265625,549.5269165039062,867.4256591796875,592.8831787109375,920.6004638671875,581.294677734375,852.9925537109375,641.7808227539062,946.75927734375,622.5147705078125,840.322265625,676.7447509765625,959.9804077148438,661.9296875,891.2705078125,672.7736206054688,925.8853759765625,668.00048828125,890.76025390625,735.2379150390625,925.5743408203125,726.6678466796875,903.4893798828125,799.2762451171875,935.5391235351562,782.068359375
883.6116943359375,550.89794921875,879.5791625976562,545.7798461914062,883.8023071289062,545.516357421875,870.9318237304688,551.5370483398438,897.5938720703125,548.5271606445312,866.5219116210938,591.4407958984375,919.1683959960938,581.0913696289062,852.3253784179688,641.6683349609375,944.842041015625,623.4764404296875,838.8726196289062,678.138427734375,957.5810546875,661.81591796875,891.3920288085938,671.9771728515625,925.6961059570312,667.9143676757812,892.8499145507812,735.982421875,928.1353759765625,728.5585327148438,904.7994384765625,801.7650146484375,936.8046875,786.4002685546875
880.9534912109375,551.1386108398438,877.2361450195312,545.9981079101562,881.2459716796875,545.751220703125,869.6219482421875,551.469970703125,895.894287109375,548.5843505859375,865.1163330078125,591.0667724609375,918.189697265625,581.2018432617188,851.8621215820312,641.146484375,943.5038452148438,623.50146484375,840.2025146484375,677.48046875,954.9913330078125,661.0655517578125,890.6231689453125,671.8111572265625,925.326904296875,668.0402221679688,892.83251953125,736.390869140625,927.7000122070312,729.6427001953125,904.4735107421875,802.09521484375,934.955810546875,788.26123046875
878.9326171875,551.8026123046875,875.8721923828125,546.6137084960938,879.7977294921875,546.3334350585938,870.0482177734375,551.5444946289062,896.3946533203125,548.967041015625,865.4730224609375,590.5021362304688,918.6571044921875,581.8222045898438,853.2080078125,640.7832641601562,943.810546875,623.8519287109375,842.9478149414062,678.75244140625,953.8793334960938,659.1708984375,890.8856201171875,672.9617309570312,925.7490234375,669.8492431640625,893.615478515625,738.4249877929688,927.8045654296875,733.3372192382812,904.3423461914062,804.3858642578125,933.75927734375,793.76220703125
875.2791137695312,551.068359375,873.0484619140625,545.8831787109375,877.1224365234375,545.5071411132812,870.042236328125,551.0671997070312,896.8665161132812,548.7025146484375,865.53515625,590.6725463867188,919.6336669921875,583.2384643554688,853.9158325195312,641.5794677734375,944.4998779296875,626.2088623046875,842.5640869140625,682.1580200195312,953.2940673828125,660.7787475585938,888.91650390625,675.4459228515625,924.5894165039062,672.9029541015625,892.8665771484375,740.768798828125,928.5989990234375,737.3935546875,903.6439208984375,806.2435302734375,935.29931640625,799.04736328125
881.059326171875,552.7269287109375,878.9520263671875,547.4737548828125,882.7928466796875,547.206787109375,873.8221435546875,552.1888427734375,900.3103637695312,550.890625,865.9290161132812,590.793701171875,920.828857421875,586.7052001953125,855.8719482421875,640.6865234375,945.5006103515625,631.0067138671875,847.49560546875,682.5486450195312,952.90771484375,665.0062255859375,887.731689453125,676.5966796875,924.403564453125,675.6162109375,891.1539306640625,741.6434326171875,929.932861328125,740.967041015625,901.8997192382812,806.1849975585938,937.2490234375,803.7960205078125
880.15576171875,555.382080078125,878.634521484375,550.0826416015625,882.587158203125,549.6630859375,874.7047119140625,554.5415649414062,902.1427001953125,553.3215942382812,865.906494140625,592.4859619140625,922.7921142578125,589.938720703125,857.7566528320312,642.1004638671875,948.2708129882812,634.435791015625,849.5407104492188,685.93017578125,951.3107299804688,667.1634521484375,886.080078125,679.0262451171875,924.284912109375,678.7659912109375,888.6070556640625,743.288818359375,928.5941162109375,744.6985473632812,899.9796752929688,807.4722900390625,936.5069580078125,809.5501708984375
879.7437744140625,565.6180419921875,878.9072265625,560.0148315429688,883.2376098632812,559.3026733398438,876.9691162109375,561.7376708984375,904.0958862304688,560.3214721679688,867.934326171875,594.2149047851562,924.666259765625,593.7343139648438,861.88671875,643.6063842773438,951.36767578125,637.340576171875,848.974365234375,692.2813720703125,949.0036010742188,668.5413208007812,888.7447509765625,681.1121826171875,927.044677734375,681.767333984375,885.6676025390625,744.43212890625,930.1688232421875,749.1036376953125,893.8760375976562,807.9713134765625,935.6522216796875,817.013916015625
879.9385986328125,569.0682373046875,879.3897705078125,563.5244750976562,883.889404296875,562.7460327148438,877.3734130859375,565.101806640625,905.1058959960938,564.0162353515625,866.869873046875,596.8782348632812,925.4613647460938,598.1539916992188,861.390380859375,646.007568359375,952.2302856445312,642.353515625,847.7589111328125,694.7371826171875,947.1793212890625,671.8448486328125,886.1951904296875,684.6905517578125,925.6946411132812,686.0620727539062,879.0140380859375,746.732666015625,925.236083984375,753.1435546875,890.695068359375,808.5939331054688,932.7052001953125,821.1279296875
880.7283325195312,569.316162109375,879.8846435546875,563.7321166992188,884.4724731445312,563.1043701171875,876.2562255859375,565.0116577148438,904.221435546875,564.5159912109375,864.487060546875,595.9043579101562,924.03369140625,598.6873168945312,860.05322265625,645.4007568359375,950.9993896484375,644.5269165039062,846.9176025390625,694.0303955078125,945.826904296875,674.0030517578125,883.6246337890625,682.1613159179688,924.2081909179688,684.18505859375,872.6064453125,744.984130859375,924.3945922851562,752.3541259765625,883.671142578125,807.7619018554688,933.4058837890625,821.8870239257812
878.14697265625,567.2657470703125,877.092529296875,561.6536865234375,881.5389404296875,561.095703125,873.5194702148438,563.4523315429688,900.774658203125,562.7598266601562,862.5675659179688,595.2930908203125,921.130859375,597.01513671875,857.9588012695312,643.5891723632812,947.217041015625,642.367919921875,846.0763549804688,691.003173828125,944.8739013671875,674.5996704101562,882.3803100585938,680.579833984375,922.8660888671875,682.0123291015625,869.4530029296875,742.0794677734375,924.9351196289062,747.8988647460938,877.040283203125,807.3795776367188,934.61279296875,818.477783203125
874.609130859375,566.3946533203125,872.953125,560.8555908203125,877.8289794921875,560.3765258789062,869.575439453125,563.5515747070312,897.3944091796875,562.1854248046875,859.6251220703125,595.7779541015625,918.66064453125,594.5007934570312,852.77490234375,644.2687377929688,941.868408203125,639.6765747070312,844.6534423828125,688.40380859375,943.767333984375,676.067626953125,876.475341796875,679.82568359375,918.43701171875,679.616943359375,861.92626953125,739.4522094726562,925.7010498046875,741.5489501953125,862.3724365234375,809.353515625,936.101806640625,813.716064453125
873.814453125,568.0303955078125,872.0242919921875,562.4434204101562,876.484130859375,562.0257568359375,867.6431884765625,565.6400146484375,895.5426025390625,564.3095092773438,857.534912109375,599.8988037109375,916.1693115234375,597.5800170898438,849.47021484375,646.855712890625,939.3033447265625,641.6761474609375,842.9722900390625,689.1143798828125,942.989501953125,677.7496337890625,872.6217041015625,681.46826171875,915.5904541015625,680.7562255859375,857.6958618164062,740.403076171875,929.842041015625,741.0565795898438,851.531982421875,811.10986328125,943.4295654296875,812.4398803710938
872.600830078125,570.4622802734375,870.4393310546875,564.9879150390625,874.87841796875,564.5594482421875,865.4739990234375,569.457763671875,893.8133544921875,567.514892578125,855.7677612304688,605.5472412109375,914.2232666015625,600.9744873046875,845.0139770507812,651.303466796875,936.3883666992188,643.591796875,839.218994140625,690.6519775390625,941.9566040039062,681.2879638671875,868.9425659179688,685.7000122070312,913.3599853515625,683.841552734375,851.470947265625,744.91650390625,935.396728515625,743.11669921875,834.2183837890625,815.8719482421875,950.0081787109375,812.8657836914062
871.1998901367188,577.5863037109375,868.47998046875,571.9168701171875,873.3993530273438,571.4506225585938,861.747802734375,575.0538940429688,892.6635131835938,572.7744750976562,852.494140625,610.209228515625,912.068115234375,605.18896484375,839.782958984375,657.7713623046875,935.455078125,653.615966796875,832.4851684570312,699.6594848632812,937.4452514648438,698.1290283203125,864.1715698242188,691.7376098632812,910.7042236328125,689.0938110351562,840.5120849609375,752.2557373046875,936.5694580078125,749.072509765625,822.7193603515625,820.1709594726562,962.5159912109375,814.103759765625
862.4219970703125,586.2645263671875,860.6134643554688,580.5394897460938,865.0416259765625,580.0439453125,857.7145385742188,583.5513305664062,887.034423828125,581.1193237304688,850.3358154296875,619.3406372070312,908.5145263671875,614.1524047851562,835.3287963867188,666.8359985351562,931.877685546875,663.4109497070312,824.4765014648438,708.2833251953125,935.1243896484375,709.4518432617188,864.030029296875,703.2703247070312,911.4088134765625,700.352294921875,832.1710205078125,762.43359375,942.5421752929688,758.9127197265625,810.0791015625,829.2103271484375,976.8887329101562,822.2803955078125
860.6947021484375,596.83447265625,858.8703002929688,591.0555419921875,863.3759765625,590.7320556640625,855.6549682617188,594.5113525390625,884.3653564453125,592.8097534179688,846.5531005859375,630.2483520507812,906.2177734375,626.6875,830.900634765625,677.7027587890625,928.6270751953125,675.4613037109375,819.5728759765625,717.2112426757812,931.732666015625,716.7669067382812,861.27783203125,713.175048828125,910.6370849609375,711.1670532226562,828.6066284179688,773.3074951171875,951.0509033203125,771.2825317382812,799.1947021484375,835.19970703125,983.4078369140625,830.3863525390625
848.9801025390625,607.6260986328125,848.6766357421875,602.1178588867188,852.4635009765625,601.41943359375,851.1077270507812,605.69921875,876.07763671875,603.1797485351562,845.167236328125,641.2012329101562,898.033203125,635.8297729492188,830.8721923828125,689.54443359375,918.3995361328125,681.9346313476562,814.6539306640625,727.72900390625,918.282958984375,717.2192993164062,856.124755859375,723.5415649414062,901.7132568359375,720.6149291992188,824.8172607421875,776.2223510742188,948.148193359375,773.5409545898438,798.5652465820312,837.6285400390625,987.3579711914062,832.7243041992188
839.3153686523438,615.1556396484375,837.8519897460938,609.9140014648438,842.5670166015625,609.2576904296875,837.40478515625,612.9593505859375,866.197265625,610.3779296875,834.6124877929688,647.0090942382812,890.0275268554688,640.8685302734375,822.986572265625,695.7186279296875,905.9210815429688,687.51806640625,806.1513061523438,735.6915283203125,895.4326171875,727.2303466796875,853.0240478515625,728.6065063476562,899.7713012695312,725.1956787109375,813.671142578125,774.9768676757812,931.8707275390625,771.020263671875,801.2019653320312,837.977783203125,976.2280883789062,829.5517578125
823.744873046875,615.3651123046875,822.95068359375,610.4375610351562,826.617919921875,609.16748046875,820.7252197265625,613.6162109375,848.8134155273438,609.582763671875,819.303955078125,648.091552734375,871.7586669921875,639.737060546875,811.6458740234375,698.049560546875,881.857666015625,681.0415649414062,801.2301025390625,739.595703125,865.853515625,718.344970703125,848.716064453125,729.858642578125,894.1521606445312,726.5659790039062,801.5029296875,779.1363525390625,916.4946899414062,774.760498046875,799.9169311523438,838.0145874023438,973.6708984375,828.7708740234375
811.1043701171875,615.6602783203125,809.4013671875,609.9615478515625,813.6717529296875,608.6759033203125,805.7926025390625,613.1984252929688,836.3802490234375,607.8678588867188,811.9434814453125,646.8673706054688,854.1047973632812,637.294189453125,809.020751953125,696.9581298828125,849.16259765625,683.2882690429688,794.8404541015625,738.7327880859375,817.02001953125,728.576416015625,846.5474853515625,727.5991821289062,886.7374267578125,723.1183471679688,793.1171875,781.2962646484375,902.989501953125,775.7891235351562,795.4302978515625,836.7705688476562,970.075927734375,827.0604858398438
790.6484375,614.7713623046875,790.494140625,609.7285766601562,793.8033447265625,608.3126831054688,793.5081787109375,613.5068969726562,819.6073608398438,608.2989501953125,803.8736572265625,644.5072021484375,837.7186889648438,637.3290405273438,809.2708740234375,694.3240966796875,834.689697265625,686.723388671875,792.423828125,734.70068359375,799.3658447265625,727.3146362304688,841.232421875,722.81640625,875.0439453125,718.9423217773438,791.4833984375,778.8658447265625,885.401123046875,775.5347900390625,797.674072265625,834.298095703125,948.5107421875,827.368408203125
779.2059326171875,616.0560302734375,779.7183837890625,610.913330078125,781.655517578125,609.4222412109375,783.3165893554688,613.5048217773438,804.1756591796875,608.3885498046875,795.1551513671875,640.8392944335938,822.0252685546875,634.8360595703125,803.5164184570312,691.6778564453125,817.5866088867188,684.048095703125,784.6679077148438,725.4481201171875,779.769775390625,715.4837646484375,838.1558837890625,714.3102416992188,865.5335693359375,711.18017578125,781.245361328125,771.0195922851562,860.213623046875,769.340576171875,796.26220703125,829.689453125,920.5098266601562,825.8505249023438
766.357421875,615.2061157226562,766.9674682617188,610.2826538085938,768.4705810546875,609.358642578125,773.3856811523438,613.5098876953125,788.7235107421875,610.0230712890625,790.7454833984375,641.72998046875,802.4826049804688,636.4052124023438,800.3457641601562,693.16162109375,787.0870971679688,678.4857177734375,772.0015869140625,733.7486572265625,739.0078125,696.1187744140625,835.916015625,714.3594360351562,851.9261474609375,711.1688232421875,783.62890625,771.12109375,843.0635375976562,771.51904296875,795.9014892578125,830.9141235351562,894.0386962890625,830.5819091796875
754.7242431640625,618.885498046875,755.8616943359375,613.7689208984375,756.69287109375,612.1895751953125,765.34619140625,616.97021484375,779.20703125,610.8077392578125,783.6241455078125,648.1339111328125,795.940185546875,635.1569213867188,792.407470703125,698.3519287109375,768.7413940429688,667.2064208984375,766.651123046875,733.7481079101562,714.7044677734375,687.2451782226562,828.416015625,716.1219482421875,843.1726684570312,709.7474365234375,780.6435546875,769.4137573242188,820.7052612304688,763.875,787.5157470703125,837.5722045898438,852.668212890625,827.5200805664062
745.1248779296875,620.3138427734375,746.636962890625,614.9127807617188,747.05810546875,614.1799926757812,758.0453491210938,618.646484375,767.46875,614.9993896484375,779.13330078125,649.8253173828125,780.739501953125,639.0252685546875,784.3086547851562,697.6162719726562,741.8899536132812,663.46142578125,766.8571166992188,737.1177978515625,691.9609985351562,682.0018310546875,827.1575927734375,714.8638916015625,831.019287109375,709.97265625,780.2542724609375,768.7348022460938,786.9595947265625,765.1981201171875,797.0956420898438,840.9541625976562,806.711181640625,834.8505249023438
736.47314453125,621.0619506835938,738.8275146484375,616.1301879882812,737.8307495117188,615.03271484375,750.128662109375,620.5678100585938,751.643310546875,616.6376342773438,772.1500244140625,651.64697265625,761.0443115234375,641.802490234375,788.5596313476562,700.2561645507812,728.8678588867188,662.7354736328125,769.9361572265625,739.2171020507812,683.9728393554688,675.17919921875,821.2977905273438,717.06494140625,815.553466796875,713.5099487304688,775.3758544921875,771.074462890625,771.4984130859375,769.31494140625,800.150390625,837.58544921875,793.024658203125,834.6629638671875
725.2565307617188,623.38720703125,729.1290283203125,618.7752075195312,726.9214477539062,616.7625122070312,742.7335815429688,623.5755615234375,742.2568359375,617.4849853515625,762.350341796875,653.622314453125,753.7219848632812,640.505859375,778.134521484375,696.236328125,719.3524169921875,656.9451904296875,767.8784790039062,732.118408203125,672.0313110351562,675.6043701171875,809.7337646484375,715.9544067382812,803.6713256835938,710.1578369140625,771.0975952148438,772.69677734375,749.8751831054688,766.8583374023438,799.9713134765625,833.4769287109375,758.241455078125,823.076904296875
717.708740234375,624.931396484375,722.3828125,620.417236328125,718.891845703125,618.3790893554688,735.5501708984375,625.1285400390625,732.247802734375,619.5206909179688,753.1480102539062,653.1072998046875,743.3787231445312,641.923095703125,770.3533935546875,695.365478515625,718.0003662109375,661.0695190429688,765.5686645507812,732.1397094726562,681.943603515625,676.6261596679688,801.432861328125,716.4065551757812,793.0131225585938,710.81591796875,762.8004150390625,774.245849609375,731.0899047851562,769.7047119140625,799.445556640625,833.9447021484375,737.2908935546875,827.5420532226562
714.4744873046875,624.791259765625,719.238037109375,620.3033447265625,715.0332641601562,618.8092651367188,732.4952392578125,624.929931640625,726.644775390625,621.0294189453125,751.228759765625,653.4231567382812,736.7508544921875,646.7606811523438,769.8513793945312,696.8817749023438,716.38525390625,670.739501953125,758.3159790039062,728.7106323242188,679.71240234375,677.7029418945312,792.2363891601562,720.903564453125,780.1356201171875,716.8408813476562,753.8212890625,771.74951171875,712.5233154296875,770.5699462890625,790.643798828125,829.228515625,714.6989135742188,829.4725341796875
710.3855590820312,624.394775390625,713.921142578125,620.2789916992188,711.2904663085938,619.2763061523438,726.49853515625,624.96875,724.120849609375,621.760009765625,749.7793579101562,654.8702392578125,730.6729736328125,646.820068359375,765.35595703125,699.6054077148438,717.2972412109375,672.8170776367188,757.620361328125,722.1063232421875,689.7838134765625,674.9444580078125,777.3511962890625,724.5119018554688,761.9334716796875,719.2310791015625,747.2802734375,770.9606323242188,698.9005737304688,766.741943359375,785.1824340820312,827.4639892578125,706.175048828125,822.4571533203125
707.5422973632812,623.7198486328125,709.884765625,619.650634765625,709.1119384765625,618.20166015625,719.841064453125,623.7532958984375,726.4623413085938,618.5634765625,743.718994140625,653.81591796875,734.30322265625,642.9320068359375,756.1944580078125,700.738037109375,726.1217041015625,676.884765625,744.3148193359375,716.646728515625,693.561279296875,687.8737182617188,769.564453125,728.40625,760.6226806640625,721.2255859375,737.423583984375,773.5185546875,693.0565185546875,765.7821044921875,782.617919921875,827.89453125,709.00341796875,816.6866455078125
709.6528930664062,621.9854736328125,710.8777465820312,617.3316040039062,709.9944458007812,616.2426147460938,717.6752319335938,619.8515625,725.8262939453125,615.625,740.6900634765625,647.0498657226562,737.1978149414062,640.1064453125,756.0802612304688,694.3682250976562,751.4010620117188,685.3763427734375,747.191650390625,723.225830078125,737.1651000976562,711.57568359375,765.2554931640625,724.8267822265625,759.3404541015625,720.0426025390625,733.4572143554688,773.7655029296875,692.1649169921875,767.88916015625,774.677490234375,827.9190673828125,707.9031982421875,815.2960205078125
712.75146484375,617.158447265625,713.7551879882812,612.4993896484375,713.4700927734375,611.2847900390625,718.4722900390625,613.725341796875,729.274169921875,609.435546875,738.187744140625,638.27685546875,740.2112426757812,632.5556030273438,753.5633544921875,684.3703002929688,756.8541870117188,678.299072265625,748.9927368164062,718.8880004882812,746.853759765625,708.8209228515625,765.7109375,716.6094970703125,763.203369140625,712.5847778320312,731.17333984375,770.7476806640625,693.8757934570312,766.32421875,770.4837646484375,827.076904296875,705.397216796875,816.5740966796875
712.6357421875,605.8585815429688,713.2874755859375,601.1033325195312,715.1659545898438,599.4010009765625,717.6795654296875,603.8538818359375,736.8290405273438,598.2640991210938,734.1517944335938,632.16455078125,750.1215209960938,626.269287109375,751.4498901367188,680.9217529296875,763.6828002929688,673.8258056640625,743.579833984375,720.5525512695312,744.3933715820312,706.705322265625,765.7900390625,713.2864990234375,773.601806640625,709.4216918945312,727.9435424804688,768.9647216796875,704.1079711914062,766.6318359375,758.5704345703125,826.5667724609375,708.9057006835938,821.127685546875
715.4412231445312,600.3945922851562,715.2591552734375,595.3252563476562,717.7299194335938,593.8134765625,717.9141845703125,596.564453125,739.7875366210938,590.9508056640625,731.999755859375,625.044677734375,754.6385498046875,616.757568359375,741.9445190429688,675.5609130859375,762.3818969726562,664.0423583984375,737.0355834960938,718.3533935546875,744.6695556640625,705.1460571289062,767.4178466796875,706.3187866210938,779.263671875,701.5596923828125,736.25048828125,767.00634765625,711.635498046875,762.123291015625,763.2508544921875,830.8668823242188,707.33154296875,820.029541015625
719.51611328125,594.0155029296875,718.1796875,588.5048828125,721.183349609375,587.552734375,719.4729614257812,590.908203125,743.5634155273438,585.931396484375,735.81298828125,622.8084716796875,758.3632202148438,613.3091430664062,740.919677734375,676.156005859375,759.451904296875,663.1012573242188,733.6807861328125,721.8367309570312,740.0881958007812,710.7672119140625,771.5787353515625,703.8603515625,784.2877197265625,698.4757690429688,736.766845703125,767.0809326171875,717.8993530273438,760.373291015625,758.66015625,835.3880615234375,716.31689453125,820.2088623046875
723.4818115234375,596.0918579101562,722.7478637695312,590.3880004882812,725.6378784179688,589.6022338867188,725.6082153320312,591.0652465820312,749.2166137695312,587.1665649414062,739.2940063476562,621.2836303710938,767.9525146484375,613.5665283203125,740.4475708007812,673.69189453125,766.34375,663.2733154296875,731.2689819335938,719.1832275390625,743.3292846679688,711.74853515625,779.4444580078125,703.3095703125,797.791259765625,698.810791015625,732.7408447265625,762.3116455078125,735.257568359375,757.1036376953125,758.3516235351562,831.6622924804688,745.624267578125,819.3997192382812
732.41357421875,597.24560546875,730.749267578125,591.5036010742188,734.273193359375,589.8880615234375,730.0453491210938,593.5413818359375,758.927734375,586.8958740234375,739.129638671875,624.58935546875,780.07861328125,615.3250732421875,743.6200561523438,675.7745971679688,786.4367065429688,664.7710571289062,727.974365234375,715.1080322265625,753.2908325195312,708.036865234375,779.727783203125,706.0492553710938,806.995361328125,701.5415649414062,742.0278930664062,767.854736328125,758.2510986328125,763.6514282226562,758.771240234375,840.4942016601562,765.1721801757812,829.8466186523438
737.0872802734375,596.274658203125,735.8197631835938,591.0308837890625,739.59619140625,589.5794067382812,736.6146240234375,593.4598388671875,764.7755737304688,587.8973388671875,743.0706787109375,626.034423828125,789.21337890625,617.3026123046875,743.3829956054688,678.3175048828125,811.5291748046875,666.9508056640625,726.58984375,717.6643676757812,794.6326904296875,707.8246459960938,778.0321044921875,707.309814453125,808.087646484375,703.072265625,744.0240478515625,768.6608276367188,767.8013305664062,764.8057250976562,763.3660888671875,835.6256103515625,779.11767578125,827.35498046875
746.837158203125,593.4818725585938,744.73095703125,588.8970336914062,748.8806762695312,587.26953125,743.8590087890625,594.9608154296875,770.55615234375,588.0526123046875,748.7604370117188,633.7796630859375,795.4818115234375,618.45361328125,744.5345458984375,687.2904052734375,819.6780395507812,663.741455078125,726.4702758789062,719.0181884765625,820.070068359375,705.6272583007812,776.148193359375,713.5797729492188,808.4346313476562,706.3858642578125,746.00341796875,770.3992309570312,789.77783203125,759.5072021484375,762.3810424804688,836.43701171875,812.7800903320312,817.1126708984375
751.588134765625,596.41259765625,750.346923828125,591.1679077148438,754.4275512695312,590.1292114257812,751.6829833984375,594.6990356445312,777.4974975585938,590.0595092773438,753.4540405273438,629.6841430664062,801.21630859375,619.529541015625,744.7478637695312,680.0067138671875,824.0020751953125,664.6018676757812,733.148193359375,713.5255126953125,829.4937744140625,704.1912231445312,776.7716674804688,714.0081787109375,810.39404296875,708.7864990234375,742.926513671875,766.252197265625,794.4080200195312,758.9752197265625,764.2964477539062,828.5382080078125,829.1306762695312,814.9129638671875
763.3601684570312,594.4730224609375,761.0565795898438,589.1748657226562,765.6211547851562,588.1104125976562,760.1421508789062,593.685302734375,787.489013671875,587.8984375,763.603271484375,629.5118408203125,813.1490478515625,616.1707763671875,752.9917602539062,679.3496704101562,836.7650756835938,663.1568603515625,739.8473510742188,710.915283203125,844.5679931640625,711.4265747070312,786.9393310546875,714.3719482421875,823.203369140625,707.7103881835938,748.8165283203125,772.9132080078125,816.9268798828125,762.535888671875,762.2591552734375,836.6356201171875,853.4100341796875,819.477294921875
771.469482421875,592.015625,768.1856689453125,586.3255004882812,773.0096435546875,585.603271484375,764.5386962890625,589.33935546875,793.2189331054688,584.318359375,768.676025390625,624.4578857421875,819.4476318359375,612.0431518554688,758.786376953125,674.1171264648438,844.3311767578125,658.0516357421875,745.48193359375,706.1746215820312,850.5155029296875,703.62548828125,795.4696044921875,707.89892578125,833.609619140625,702.1149291992188,757.06005859375,771.8995361328125,830.9053344726562,762.1956787109375,765.6019287109375,839.458251953125,868.261962890625,822.0618896484375
773.2059326171875,585.7302856445312,771.0621337890625,580.1761474609375,775.35009765625,579.2736206054688,771.5121459960938,583.741455078125,799.2306518554688,578.4310302734375,776.2587890625,620.4431762695312,826.56640625,607.7994384765625,765.7906494140625,670.3187866210938,850.179931640625,653.1651611328125,752.3051147460938,702.398193359375,855.1947021484375,696.7966918945312,802.794189453125,703.575439453125,840.6458740234375,697.69189453125,767.9959106445312,768.836181640625,839.039306640625,759.4872436523438,768.751953125,839.5922241210938,868.0081787109375,822.6102905273438
782.92333984375,581.5376586914062,780.629150390625,575.9222412109375,784.7637939453125,575.1538696289062,779.5648193359375,578.8831787109375,806.8361206054688,574.2754516601562,783.122802734375,614.5350341796875,832.92919921875,603.6612548828125,773.473388671875,664.738037109375,855.750732421875,649.4617309570312,762.3245849609375,699.9486694335938,860.9593505859375,693.17822265625,813.0236206054688,697.7288818359375,850.2493286132812,692.8313598632812,779.2557373046875,764.1583251953125,845.9183349609375,756.3766479492188,774.9453735351562,834.4593505859375,866.5999145507812,819.841064453125
788.3968505859375,579.7075805664062,786.2027587890625,573.9290771484375,791.0223388671875,573.0719604492188,786.1817626953125,576.803955078125,813.4920043945312,572.396484375,789.1583251953125,610.5551147460938,839.0772705078125,601.4707641601562,786.5172119140625,659.9105834960938,863.1472778320312,646.0551147460938,778.6390380859375,701.1483154296875,866.0435791015625,687.8169555664062,816.857666015625,694.134033203125,854.3265380859375,689.9573974609375,789.1240234375,756.6441650390625,856.0497436523438,751.4873046875,783.7032470703125,828.2554931640625,873.7344360351562,819.2371215820312
801.1385498046875,577.4591064453125,797.7908935546875,571.67431640625,802.0372924804688,571.3316040039062,792.3653564453125,574.9890747070312,819.0675659179688,571.7550048828125,790.7708740234375,609.3471069335938,843.08447265625,601.1004638671875,786.0181274414062,659.9072875976562,869.75048828125,646.0224609375,782.2520751953125,700.8076171875,879.4454956054688,688.12744140625,822.8365478515625,690.8052368164062,860.5838623046875,687.3341064453125,803.7416381835938,756.95068359375,867.2125854492188,751.4188232421875,800.6253662109375,828.791748046875,882.5362548828125,816.7650146484375
803.48681640625,579.2628784179688,801.6763916015625,572.743408203125,805.8277587890625,571.7444458007812,801.2001953125,575.2933349609375,827.5025634765625,570.269775390625,800.5072021484375,609.8375244140625,856.0552978515625,598.0661010742188,791.851318359375,660.3544921875,879.1162719726562,642.573974609375,787.886474609375,697.3801879882812,880.0902099609375,685.8629150390625,828.976806640625,692.6783447265625,868.8715209960938,687.054443359375,810.508544921875,754.8662109375,873.321533203125,746.7215576171875,812.5947265625,826.2548217773438,890.9086303710938,812.9807739257812
814.1368408203125,583.093017578125,811.426025390625,576.9093017578125,815.62841796875,575.9730224609375,807.276123046875,580.9713134765625,834.59130859375,575.9354248046875,804.4552001953125,616.8574829101562,864.0335083007812,604.7229614257812,794.689453125,668.111083984375,889.2943725585938,650.4658203125,789.6058959960938,705.6887817382812,892.0328369140625,695.0805053710938,834.4619140625,697.2079467773438,876.4996948242188,691.4617309570312,816.8858642578125,759.1114501953125,878.71826171875,750.190673828125,827.8690795898438,829.8836059570312,901.6397094726562,814.8693237304688
815.8478393554688,588.3001098632812,813.2510375976562,583.3320922851562,818.0054931640625,581.5765380859375,809.5794677734375,588.54443359375,839.812744140625,580.9852905273438,808.4243774414062,625.862060546875,863.6771850585938,608.2450561523438,798.870849609375,676.32373046875,884.3642578125,650.683837890625,792.114013671875,711.5416870117188,890.6738891601562,699.7728271484375,840.2410888671875,700.0316772460938,880.330078125,691.7402954101562,818.3841552734375,765.151611328125,884.0491943359375,751.2442626953125,830.0059204101562,835.5239868164062,915.62109375,810.4378051757812
828.208251953125,596.7200317382812,824.5460205078125,591.6241455078125,829.0155029296875,590.3251953125,816.4918212890625,596.9757690429688,845.0114135742188,590.5265502929688,814.03125,634.283447265625,868.1029052734375,617.998291015625,803.6650390625,684.66552734375,892.2907104492188,660.391357421875,796.5726928710938,719.9732055664062,903.1185302734375,707.7285766601562,847.5921020507812,706.2188720703125,887.6646728515625,698.5029296875,822.595458984375,768.663818359375,897.1858520507812,754.911376953125,832.4969482421875,836.8505859375,934.0794067382812,811.3668823242188
830.3974609375,606.67578125,827.76171875,601.64306640625,832.00244140625,600.4261474609375,822.62158203125,606.2415771484375,849.5172119140625,600.537353515625,820.1973266601562,642.865478515625,873.2147216796875,628.1467895507812,806.8042602539062,693.0978393554688,898.90478515625,670.4295654296875,799.3112182617188,730.3108520507812,914.56640625,716.5090942382812,857.3759765625,715.9088134765625,897.779052734375,708.7249755859375,824.7857666015625,772.4972534179688,910.9927978515625,759.996337890625,833.086181640625,833.737060546875,955.5009765625,810.457763671875
835.459228515625,618.7831420898438,832.3035888671875,614.1988525390625,836.745849609375,612.7824096679688,824.539794921875,617.2531127929688,850.3551025390625,611.3466796875,820.3773193359375,650.324462890625,873.7520141601562,635.519775390625,807.5330200195312,700.0828857421875,904.3745727539062,675.2926025390625,795.9598388671875,738.3748168945312,918.394775390625,722.8893432617188,858.396240234375,721.1282958984375,898.3331298828125,714.440673828125,827.837158203125,773.28369140625,912.5675048828125,761.4303588867188,835.232421875,832.5130004882812,951.4405517578125,811.1129150390625
835.5765380859375,625.2687377929688,833.109375,620.6802978515625,837.1136474609375,619.4288330078125,828.9578857421875,624.9207763671875,852.8363037109375,619.04443359375,827.2510986328125,658.8408203125,876.08203125,643.04736328125,814.1759033203125,707.6788940429688,904.5639038085938,679.4161376953125,803.2086181640625,744.9229736328125,922.1209716796875,721.6995239257812,863.7837524414062,725.348388671875,901.21142578125,717.8419799804688,826.1722412109375,776.1121215820312,913.2507934570312,763.557373046875,830.5599365234375,829.7989501953125,955.7603759765625,807.724609375
839.422607421875,626.44384765625,835.32666015625,621.77392578125,839.8514404296875,620.5157470703125,826.0206298828125,626.7169799804688,852.6311645507812,620.0826416015625,822.2659912109375,661.2053833007812,876.5634765625,643.4343872070312,813.5087890625,709.4857788085938,906.5665283203125,678.7960205078125,812.6006469726562,741.8118896484375,923.4490356445312,720.1157836914062,858.412353515625,728.7799072265625,899.9075317382812,720.4478759765625,825.5340576171875,773.7413330078125,913.3289794921875,759.1497802734375,828.2801513671875,826.7952880859375,952.919677734375,801.87060546875
829.562744140625,623.7470703125,826.6492309570312,619.1295166015625,831.19482421875,617.6657104492188,821.7258911132812,624.0455322265625,850.5885009765625,617.1726684570312,816.7503662109375,659.3885498046875,876.1203002929688,642.2243041992188,811.466552734375,707.5405883789062,906.6117553710938,680.6964111328125,818.4814453125,732.7667236328125,922.9363403320312,719.717041015625,847.564453125,729.28955078125,892.4090576171875,721.5257568359375,828.2547607421875,773.7872314453125,913.40576171875,759.9519653320312,832.9952392578125,829.513671875,949.9573974609375,806.07763671875
827.5753173828125,620.7196044921875,824.18505859375,616.0453491210938,828.466796875,614.3783569335938,817.1610717773438,621.0404052734375,844.214599609375,613.19287109375,812.99267578125,659.425537109375,868.264892578125,639.0557250976562,808.7041625976562,707.8115234375,899.6002807617188,677.9781494140625,815.9035034179688,710.509033203125,919.583740234375,705.3345947265625,846.2967529296875,730.6068725585938,888.2576904296875,721.249755859375,831.6307373046875,778.3511352539062,915.018310546875,760.0550537109375,846.386962890625,832.724609375,958.6826171875,801.6370849609375
828.4172973632812,616.6005249023438,824.0681762695312,611.72265625,828.4828491210938,610.6503295898438,813.9913330078125,618.0771484375,839.1580810546875,611.9757080078125,809.407470703125,658.1671142578125,861.7838745117188,640.2288818359375,799.2294921875,703.001220703125,895.368896484375,677.0403442382812,798.35888671875,691.1210327148438,920.6182250976562,689.0053100585938,842.0810546875,730.507080078125,881.0404052734375,722.281982421875,835.7411499023438,775.4921875,915.977294921875,758.0628662109375,849.4169311523438,835.0398559570312,957.225830078125,804.301025390625
828.64990234375,610.5035400390625,823.572021484375,605.7416381835938,828.5267944335938,605.0753784179688,808.1456909179688,611.7730712890625,834.561767578125,607.9964599609375,799.076904296875,648.6087646484375,855.0772705078125,636.5980224609375,793.5463256835938,690.130126953125,892.956787109375,668.6292114257812,806.367919921875,677.1580810546875,918.1924438476562,662.921142578125,825.9095458984375,724.2325439453125,865.94384765625,720.3428344726562,836.9810791015625,767.4112548828125,906.783447265625,757.0908203125,844.48828125,834.9384765625,935.1292724609375,816.61572265625
831.8772583007812,604.7634887695312,823.3419189453125,599.6448974609375,829.748291015625,600.248779296875,801.3305053710938,607.80517578125,829.0676879882812,605.873779296875,794.5377197265625,646.7518920898438,850.13134765625,635.8236694335938,784.7542724609375,681.7877807617188,884.9730834960938,655.38623046875,789.8300170898438,658.824951171875,903.716552734375,627.4544677734375,827.3948974609375,720.780029296875,866.2216796875,717.2833251953125,845.24658203125,770.9203491210938,901.1830444335938,761.1036987304688,846.20458984375,836.2168579101562,914.1783447265625,818.0326538085938
814.6452026367188,599.4797973632812,808.610595703125,595.04443359375,813.6708984375,595.5048828125,794.8338623046875,605.41943359375,822.0772705078125,603.7897338867188,788.83251953125,643.34912109375,847.50732421875,637.2843017578125,778.3877563476562,665.7221069335938,889.01611328125,646.2418212890625,767.6776123046875,634.2347412109375,892.201171875,598.378173828125,826.4827880859375,723.05078125,865.250244140625,722.3978271484375,849.2208251953125,774.684326171875,894.7081298828125,773.3560180664062,845.7595825195312,837.9337158203125,894.8851318359375,835.6217651367188
801.9358520507812,598.882080078125,797.3109741210938,594.354248046875,801.7531127929688,594.2127685546875,787.0579833984375,603.556640625,813.3803100585938,600.9371948242188,783.2455444335938,640.6636962890625,840.3350830078125,632.8896484375,777.6069946289062,664.3291625976562,874.319091796875,634.9517822265625,762.6725463867188,645.6065063476562,862.2171630859375,589.0078735351562,827.0120849609375,723.1173706054688,864.263427734375,722.1796264648438,844.9293823242188,780.6454467773438,884.51171875,780.7825927734375,850.5247192382812,845.672607421875,884.7626953125,846.3045043945312
787.3090209960938,602.7416381835938,784.1048583984375,597.916259765625,787.2366943359375,597.2122802734375,779.7724609375,605.762939453125,803.8045654296875,600.9439086914062,782.0958251953125,640.63330078125,834.0089721679688,626.784912109375,779.4791259765625,659.78271484375,859.9132690429688,612.4805908203125,756.8065185546875,644.6116943359375,829.883056640625,561.551513671875,830.11279296875,720.9598388671875,863.7932739257812,717.3128662109375,835.4686889648438,777.404541015625,868.6118774414062,775.0720825195312,843.0350341796875,844.6144409179688,869.5233154296875,841.8250732421875
770.6467895507812,600.9864501953125,767.151611328125,594.660400390625,769.956298828125,594.90283203125,767.6621704101562,598.97705078125,790.292236328125,595.9767456054688,781.4851684570312,629.818115234375,826.0735473632812,620.7093505859375,791.9835205078125,648.233642578125,851.171142578125,615.699951171875,760.8054809570312,637.58203125,809.021484375,575.4072265625,836.9775390625,714.3584594726562,866.515869140625,712.1494140625,830.9935913085938,773.3829345703125,861.513427734375,773.6080322265625,840.8204956054688,845.439697265625,867.0737915039062,845.569580078125
760.6333618164062,605.6741943359375,756.6278686523438,600.5545654296875,760.010986328125,600.179931640625,756.5197143554688,604.6819458007812,781.075439453125,598.311279296875,775.8408203125,628.7584228515625,808.55810546875,608.1068725585938,775.5782470703125,642.9141845703125,835.4097900390625,589.5052490234375,760.42626953125,641.410888671875,818.28271484375,562.4505615234375,832.981689453125,697.2984619140625,855.651123046875,689.4384155273438,818.6790161132812,770.1529541015625,851.08349609375,759.5882568359375,820.8353271484375,849.4981689453125,873.1664428710938,831.9171142578125
774.020263671875,596.7337646484375,765.3545532226562,588.90869140625,768.4080810546875,590.2535400390625,746.4298706054688,600.921142578125,767.7158203125,598.4482421875,754.351318359375,632.7914428710938,796.9644775390625,620.0323486328125,763.9882202148438,609.7156372070312,828.8359375,566.8189086914062,766.8233032226562,589.3892211914062,808.3424072265625,517.3935546875,814.156982421875,695.3110961914062,843.357177734375,692.4498901367188,815.3424072265625,768.7974243164062,858.8973999023438,763.7808837890625,804.58203125,837.7181396484375,865.39892578125,831.337646484375
767.7969360351562,606.8736572265625,761.401123046875,598.4339599609375,761.8583984375,600.9638671875,749.3095092773438,606.7813110351562,763.386962890625,608.4984130859375,761.193115234375,628.8294067382812,787.7764892578125,626.412353515625,778.931884765625,581.1781005859375,808.0322265625,570.67626953125,787.9482421875,551.0386962890625,789.1842041015625,529.0509643554688,814.85498046875,691.0794067382812,836.5933227539062,691.8200073242188,807.52392578125,761.18603515625,867.2091064453125,760.6840209960938,781.4964599609375,826.46240234375,877.4950561523438,824.7139892578125
754.5233154296875,597.87646484375,748.762451171875,590.8138427734375,750.269775390625,591.794921875,737.7633056640625,602.7305908203125,752.3123779296875,600.554931640625,750.4864501953125,630.902587890625,773.6307373046875,622.9405517578125,779.7613525390625,595.31884765625,798.0862426757812,577.6726684570312,794.28173828125,566.1962890625,793.100830078125,545.876220703125,808.0662841796875,696.9635620117188,829.9638671875,695.3688354492188,800.60498046875,765.853759765625,877.0975341796875,761.206787109375,764.9027099609375,826.01806640625,891.1364135742188,818.638427734375
747.0953369140625,602.9922485351562,740.8451538085938,598.2861938476562,742.2940673828125,599.1856689453125,730.9077758789062,611.6458129882812,744.3294677734375,608.4450073242188,747.964111328125,642.90283203125,768.76953125,624.6449584960938,767.322509765625,637.7982177734375,811.8663330078125,588.7730102539062,786.3546142578125,620.7230224609375,836.459716796875,555.2122802734375,801.2554321289062,707.015380859375,822.4532470703125,700.7259521484375,788.436279296875,766.7360229492188,876.348876953125,753.251708984375,745.4780883789062,825.84814453125,897.3890991210938,803.4406127929688
743.3446044921875,605.3878784179688,737.74560546875,601.7313232421875,740.818115234375,600.4034423828125,725.996337890625,615.4437866210938,743.1116943359375,606.5545043945312,731.929931640625,657.6831665039062,767.7432250976562,627.370361328125,741.4579467773438,686.9815063476562,818.467529296875,602.831787109375,753.431640625,680.8665771484375,851.2840576171875,564.874755859375,783.5289916992188,718.216064453125,816.5407104492188,707.6207275390625,773.5402221679688,784.65087890625,888.4609375,764.5347290039062,723.2756958007812,836.983154296875,914.2106323242188,804.6630859375
732.2191162109375,621.7440185546875,727.1439208984375,618.653076171875,732.2576293945312,616.087890625,721.05810546875,628.6813354492188,746.1595458984375,615.6563720703125,728.1878662109375,669.4891357421875,776.4157104492188,630.1152954101562,721.3753662109375,711.0606689453125,828.749267578125,615.8863525390625,711.3380126953125,698.498046875,855.9028930664062,583.445556640625,774.6084594726562,731.987060546875,816.099609375,716.2386474609375,760.14501953125,797.4431762695312,890.3684692382812,769.9550170898438,707.2940673828125,852.5950927734375,919.57373046875,807.3922119140625
727.1618041992188,629.5958251953125,723.5125122070312,627.306396484375,728.6288452148438,623.4014892578125,719.01611328125,639.705322265625,743.8564453125,623.861572265625,723.4176635742188,684.8555908203125,773.82568359375,641.946044921875,708.51318359375,728.14794921875,835.222900390625,635.4952392578125,684.35302734375,709.3255615234375,874.9375,614.995849609375,770.5382080078125,746.7049560546875,811.9901733398438,728.330322265625,742.6547241210938,804.9031982421875,879.6087646484375,772.5437622070312,704.633056640625,868.33984375,925.6748657226562,815.1485595703125
722.562744140625,643.2945556640625,724.0047607421875,640.11279296875,722.072265625,639.16552734375,722.0812377929688,650.8624267578125,735.0205078125,644.4766235351562,724.1834106445312,692.6194458007812,759.461181640625,662.0831909179688,699.7059326171875,732.393798828125,828.8477783203125,653.0557250976562,668.93701171875,727.05078125,871.3804321289062,627.2118530273438,767.0813598632812,754.8839721679688,801.6033935546875,735.955078125,740.367919921875,824.8875732421875,868.3331909179688,772.56884765625,707.2508544921875,888.6762084960938,936.5399780273438,800.3080444335938
731.06494140625,657.2749633789062,732.4927978515625,654.088623046875,729.5256958007812,653.6234130859375,725.9736328125,665.9782104492188,738.0057373046875,661.5035400390625,720.3900146484375,705.7457275390625,758.2335205078125,682.6268920898438,688.9616088867188,741.8541870117188,823.6114501953125,680.2838134765625,657.55419921875,744.8173828125,864.6981811523438,668.2315063476562,758.2052001953125,760.3445434570312,794.8194580078125,745.2127075195312,733.5889892578125,828.9495849609375,863.5247802734375,785.3109130859375,705.2803955078125,894.43310546875,937.9766235351562,812.892822265625
728.328125,674.7980346679688,725.49658203125,671.4903564453125,729.6111450195312,668.8443603515625,721.0369262695312,678.189697265625,746.060302734375,667.2072143554688,719.901611328125,716.0048217773438,778.3584594726562,684.6405639648438,686.3043212890625,761.3113403320312,825.6817626953125,702.651611328125,656.9265747070312,766.8433837890625,853.2698974609375,721.7178955078125,761.3063354492188,777.8663330078125,809.021484375,763.5950317382812,721.6124267578125,830.15869140625,866.5594482421875,803.96337890625,702.8486328125,888.5458374023438,931.5133056640625,843.78271484375
733.2882080078125,678.9095458984375,730.4898071289062,675.1343383789062,734.1832885742188,672.96728515625,725.6497802734375,681.7034912109375,749.7291870117188,672.1834106445312,722.9868774414062,720.0186157226562,778.9947509765625,693.5446166992188,694.4842529296875,768.860107421875,818.1941528320312,717.3551025390625,666.90771484375,797.2470703125,837.9453125,750.1240234375,764.1329956054688,778.223876953125,811.0831298828125,766.5994873046875,729.11962890625,838.518798828125,869.0406494140625,818.0180053710938,698.8591918945312,901.711181640625,921.2310791015625,867.2930908203125
759.2179565429688,679.8986206054688,754.09765625,674.6332397460938,758.3563232421875,673.3690185546875,741.0731201171875,679.6008911132812,766.3968505859375,672.3338623046875,733.33203125,716.108154296875,789.6611938476562,694.6817016601562,720.0827026367188,767.7781982421875,824.8544311523438,726.024658203125,713.59033203125,806.9298706054688,844.546875,765.6926879882812,764.794677734375,778.8494873046875,812.5186767578125,769.3343505859375,735.4617919921875,842.150390625,870.0372314453125,825.372802734375,698.8766479492188,903.6161499023438,908.2542114257812,875.3360595703125
778.1363525390625,673.66259765625,771.9681396484375,668.2472534179688,776.73095703125,666.6989135742188,755.1493530273438,674.69091796875,783.01953125,666.1873779296875,745.8992919921875,714.7720947265625,804.597900390625,692.3516845703125,739.5179443359375,767.1425170898438,838.196044921875,728.9866943359375,739.1538696289062,799.285400390625,853.11865234375,775.5628051757812,768.1871337890625,783.3265380859375,818.2138671875,773.0263671875,737.2275390625,841.4715576171875,871.6737670898438,822.89794921875,696.51806640625,903.349365234375,904.558837890625,873.0064697265625
799.7855224609375,666.7802124023438,792.9921875,661.3348999023438,798.466064453125,660.07568359375,772.0321044921875,667.7784423828125,802.0211791992188,660.849853515625,761.73681640625,706.9099731445312,818.5272216796875,689.8255615234375,770.0524291992188,751.02880859375,845.3592529296875,728.3342895507812,791.926025390625,774.836669921875,862.842529296875,770.7006225585938,774.72412109375,778.866455078125,823.9964599609375,770.5386962890625,740.09716796875,836.8126831054688,871.5899047851562,820.5909423828125,696.9423828125,900.986328125,895.875244140625,873.245361328125
820.4288330078125,657.45703125,814.4453125,651.6326904296875,819.9373168945312,650.7373657226562,794.5855712890625,655.6720581054688,824.17724609375,650.8680419921875,781.8261108398438,693.1983642578125,837.193603515625,681.136474609375,786.3275756835938,738.0859375,856.2767944335938,725.0027465820312,808.6883544921875,767.3223876953125,871.5924682617188,770.5191650390625,785.20654296875,771.2889404296875,832.8358154296875,764.8345947265625,748.16943359375,828.78515625,873.7060546875,816.3299560546875,700.433837890625,895.0709838867188,887.3214111328125,873.4156494140625
849.6468505859375,650.2740478515625,841.919189453125,644.4521484375,848.4754028320312,644.156982421875,817.1526489257812,649.8931884765625,847.98681640625,646.3761596679688,803.8427124023438,688.378173828125,854.1644897460938,678.8243408203125,809.2966918945312,737.40087890625,871.6680908203125,723.9139404296875,832.09765625,765.3638916015625,887.3057861328125,769.1180419921875,794.7513427734375,767.0244140625,840.4824829101562,763.1939697265625,766.60009765625,827.9478759765625,887.39453125,819.0596923828125,708.4175415039062,894.9532470703125,895.506591796875,882.5347900390625
870.5543212890625,645.9818115234375,863.2677001953125,639.5814208984375,869.162353515625,640.2740478515625,839.371826171875,644.5842895507812,869.2987060546875,644.3145751953125,824.4237670898438,682.5115966796875,875.3624267578125,679.1309814453125,824.9221801757812,731.7974243164062,889.595458984375,726.8916015625,847.3193359375,764.4835205078125,905.3868408203125,769.2548828125,808.3837890625,764.615966796875,854.7734985351562,763.261962890625,772.3590087890625,824.6618041992188,895.9048461914062,820.5843505859375,706.9957885742188,888.773193359375,898.52294921875,883.2606201171875
896.406494140625,647.6228637695312,889.074462890625,640.823974609375,895.1513671875,642.38671875,864.6629638671875,643.0745849609375,893.3853149414062,645.7994384765625,846.7454833984375,674.5000610351562,895.8521728515625,677.824951171875,845.4592895507812,719.8167724609375,909.2061767578125,727.6318359375,866.7815551757812,751.025634765625,928.9326171875,771.8419189453125,818.9083251953125,753.6400146484375,860.7716674804688,755.9097900390625,796.86767578125,817.2080078125,902.3212890625,818.2783203125,737.2490234375,877.06787109375,895.3310546875,880.220458984375
915.890869140625,645.6835327148438,910.6206665039062,638.5723876953125,914.365234375,641.9859619140625,888.6652221679688,640.6072998046875,916.1325073242188,649.770751953125,861.1815185546875,665.7496337890625,918.3092041015625,685.443359375,834.8937377929688,691.573974609375,932.865966796875,738.0195922851562,852.2498779296875,705.4740600585938,953.7310791015625,785.3935546875,822.871826171875,741.5142822265625,866.045654296875,750.8665771484375,816.8662719726562,809.25341796875,904.487060546875,817.732421875,762.2061767578125,863.3603515625,890.2630615234375,871.388671875
930.7911376953125,648.9527587890625,926.2174072265625,641.9188232421875,930.6549682617188,645.5502319335938,906.7926025390625,642.4157104492188,932.8093872070312,653.0693969726562,877.5914306640625,664.7354736328125,930.8681030273438,685.7974853515625,838.1572265625,693.3457641601562,941.1033325195312,736.395263671875,842.2568359375,715.6090698242188,970.481689453125,779.5018310546875,837.0921020507812,742.5587158203125,874.6631469726562,752.5538330078125,845.2538452148438,809.3353271484375,916.1720581054688,819.8578491210938,785.7481689453125,857.606689453125,886.009033203125,868.0281372070312
942.6110229492188,650.3037109375,939.940673828125,643.9730224609375,944.4842529296875,645.8931884765625,920.57958984375,644.6434326171875,942.6209716796875,653.5350952148438,885.762939453125,666.8101196289062,935.7098388671875,687.1865234375,846.456298828125,696.917236328125,958.9337768554688,731.3977661132812,824.4351196289062,737.219970703125,989.4454345703125,758.68310546875,848.2847900390625,742.5025634765625,879.678955078125,752.0797119140625,867.3788452148438,803.9281005859375,925.0548706054688,819.7271118164062,820.3558349609375,846.01708984375,891.3978271484375,870.1678466796875
955.3311767578125,638.7464599609375,949.9376220703125,632.0640869140625,954.6148681640625,636.1968994140625,928.1599731445312,633.8297729492188,951.138671875,646.30712890625,899.7237548828125,658.3255615234375,949.43017578125,683.9163208007812,852.3224487304688,683.1030883789062,968.1688842773438,729.17041015625,819.72802734375,710.352783203125,994.553955078125,750.5087890625,868.4180908203125,739.7330322265625,898.070556640625,751.1326904296875,887.169921875,799.996826171875,934.073486328125,816.1756591796875,838.4227294921875,842.9334716796875,891.034423828125,863.926025390625
953.5250244140625,627.2339477539062,948.9368896484375,621.1778564453125,954.4136352539062,624.4154052734375,930.78076171875,621.6682739257812,955.499755859375,632.4696044921875,904.7656860351562,645.309814453125,958.16015625,669.5689697265625,867.2719116210938,672.9312744140625,986.6607666015625,713.7862548828125,831.3182373046875,692.5640258789062,1003.5689697265625,719.4140625,882.5374755859375,733.7048950195312,913.271728515625,744.521484375,900.7037353515625,789.7100830078125,938.177490234375,807.44580078125,870.7880859375,834.9373779296875,897.38134765625,861.4163818359375
957.041015625,616.5609130859375,952.5621337890625,610.1632080078125,957.5509643554688,612.3787841796875,932.2032470703125,611.2214965820312,956.8387451171875,618.6288452148438,908.812255859375,640.508544921875,964.6666259765625,655.991943359375,875.39501953125,678.1536865234375,996.9879150390625,701.572998046875,859.50048828125,689.8449096679688,1019.5634765625,698.14990234375,906.8245849609375,730.6945190429688,940.1971435546875,736.645751953125,906.9779052734375,792.9230346679688,939.91455078125,803.0621337890625,894.1396484375,846.3433227539062,916.14501953125,864.5018920898438
960.8098754882812,605.038818359375,956.8663330078125,599.7015991210938,962.0729370117188,601.080810546875,938.0787353515625,601.95849609375,963.8021850585938,608.0431518554688,914.77001953125,633.4360961914062,972.9860229492188,645.5684204101562,893.2313232421875,674.6647338867188,1007.50048828125,682.6939086914062,883.3829956054688,700.0123901367188,1027.126220703125,677.39306640625,918.6007080078125,721.8967895507812,954.54443359375,727.7857666015625,909.392578125,777.3151245117188,944.7951049804688,788.9525756835938,899.1029052734375,830.1227416992188,922.0889282226562,850.2421875
965.007080078125,597.5223999023438,960.2342529296875,592.593994140625,965.6842041015625,593.770751953125,943.390380859375,598.0716552734375,969.7388305664062,601.5072021484375,927.2049560546875,634.598388671875,984.3341064453125,638.92138671875,906.66796875,674.6651611328125,1019.5770263671875,673.3493041992188,902.485595703125,676.5789184570312,1043.3211669921875,657.399169921875,931.1904296875,720.5791625976562,967.9195556640625,722.4763793945312,918.52392578125,773.4633178710938,961.4364013671875,777.2426147460938,901.04345703125,824.1747436523438,941.5416259765625,830.9429931640625
981.3446044921875,592.333740234375,976.37158203125,586.4689331054688,981.3865966796875,587.8906860351562,957.0550537109375,590.5390625,983.4715576171875,594.3179321289062,937.8414306640625,625.4557495117188,997.95263671875,629.752197265625,925.0409545898438,664.599853515625,1031.121337890625,660.1513671875,939.8350830078125,657.1292724609375,1050.3426513671875,631.4413452148438,935.8985595703125,714.1253662109375,975.6468505859375,716.0990600585938,933.3129272460938,767.8900146484375,981.6044921875,771.31640625,907.32177734375,817.9893798828125,955.1347045898438,825.5927734375
997.3753051757812,588.6583862304688,991.4669189453125,583.0592651367188,996.637939453125,583.2723388671875,968.2515869140625,589.0671997070312,994.5928955078125,589.4143676757812,948.93408203125,623.6324462890625,1010.6707763671875,620.6322631835938,939.0784912109375,670.805419921875,1057.5863037109375,646.7554931640625,945.7377319335938,682.5396118164062,1074.816650390625,619.146728515625,950.4512329101562,711.7791748046875,992.3289794921875,711.1015625,946.557373046875,763.0164184570312,1012.95166015625,764.6064453125,910.7924194335938,812.9732666015625,988.1925048828125,819.541748046875
1012.596923828125,575.838623046875,1006.345458984375,570.3280029296875,1010.085205078125,571.2022705078125,984.595947265625,578.403564453125,1007.5159912109375,579.1943359375,967.5946044921875,615.4273681640625,1026.700927734375,609.9214477539062,953.46142578125,658.303466796875,1068.35107421875,629.5682373046875,962.9305419921875,659.52734375,1087.6766357421875,599.5758056640625,967.2481689453125,700.9840087890625,1010.2058715820312,699.6668090820312,952.4514770507812,750.0174560546875,1038.804931640625,748.4470825195312,910.8719482421875,809.74609375,1026.078857421875,809.2245483398438
1033.525390625,566.3603515625,1026.79931640625,561.1697998046875,1030.668701171875,562.06884765625,1003.0695190429688,569.6741943359375,1026.8900146484375,570.4095458984375,987.0230712890625,607.1719360351562,1042.3194580078125,600.9524536132812,973.2115478515625,644.2587280273438,1083.64892578125,614.681640625,988.4112548828125,640.4828491210938,1106.869384765625,584.334228515625,980.4046630859375,690.0349731445312,1023.6920166015625,688.443359375,952.3939819335938,744.8450317382812,1054.70703125,741.7849731445312,903.6669921875,809.8214721679688,1055.321533203125,806.3543701171875
1049.372802734375,557.9414672851562,1043.110595703125,552.2425537109375,1047.5826416015625,552.5023193359375,1018.0738525390625,559.181640625,1044.047119140625,558.799560546875,996.4539794921875,597.2200317382812,1060.9261474609375,590.4287719726562,979.2562866210938,631.6663818359375,1101.6146240234375,601.615966796875,988.1980590820312,625.2954711914062,1122.081298828125,573.7919921875,992.8236694335938,685.641845703125,1041.4326171875,684.5684814453125,970.09619140625,740.2626342773438,1080.533203125,737.4815673828125,931.13427734375,806.0293579101562,1089.17138671875,803.30517578125
1059.412109375,555.1321411132812,1053.871826171875,549.5238647460938,1057.913330078125,549.9094848632812,1034.4698486328125,555.0155029296875,1059.8792724609375,554.8983764648438,1017.2188720703125,591.8759155273438,1077.722412109375,586.2991333007812,988.5589599609375,622.0419921875,1113.39697265625,603.7381591796875,979.2967529296875,618.508544921875,1126.7657470703125,584.3218994140625,1022.0758056640625,677.770751953125,1067.207275390625,675.1190185546875,988.693359375,735.75,1091.4755859375,732.3323974609375,942.6531372070312,800.879150390625,1091.77099609375,793.2401733398438
1065.8914794921875,554.466552734375,1060.9444580078125,549.8643798828125,1066.639404296875,550.5164184570312,1046.2115478515625,554.368408203125,1071.31103515625,555.39892578125,1035.685302734375,584.7972412109375,1087.68505859375,579.7019653320312,1003.314453125,618.8187866210938,1132.17138671875,591.156982421875,991.1314086914062,614.7948608398438,1162.2412109375,554.2167358398438,1043.841552734375,673.4802856445312,1081.109375,671.7142944335938,1010.1448974609375,726.2415771484375,1101.1650390625,724.6699829101562,972.3715209960938,791.71875,1102.348388671875,789.7186889648438
1074.403564453125,555.9431762695312,1071.8603515625,551.8353881835938,1076.366943359375,551.711181640625,1065.4466552734375,555.2369995117188,1087.4971923828125,554.1809692382812,1057.1427001953125,584.134521484375,1106.6361083984375,575.651123046875,1020.1798095703125,617.1959228515625,1150.2745361328125,586.5346069335938,1000.341552734375,611.393310546875,1178.447509765625,555.4671630859375,1067.7203369140625,668.74658203125,1103.5888671875,664.7337646484375,1019.5833740234375,719.474609375,1113.41357421875,715.333984375,985.621826171875,782.1469116210938,1122.448486328125,776.8218994140625
1098.968994140625,553.4170532226562,1094.451904296875,549.3612670898438,1099.4755859375,549.2794799804688,1082.251708984375,555.1583862304688,1105.443603515625,553.10302734375,1072.971923828125,588.7953491210938,1124.73291015625,574.9935302734375,1034.648681640625,618.425537109375,1161.8165283203125,575.6267700195312,1010.7783203125,619.0816040039062,1185.919189453125,548.0917358398438,1083.062744140625,665.7632446289062,1119.9859619140625,659.6570434570312,1047.044921875,713.0740966796875,1135.6783447265625,704.91357421875,1022.9423217773438,777.6243896484375,1150.841796875,766.2362060546875
1101.5550537109375,551.1962890625,1101.42431640625,547.8070068359375,1105.1016845703125,546.5787963867188,1099.8653564453125,555.119384765625,1122.7705078125,551.9716186523438,1087.901123046875,586.8875732421875,1139.02099609375,577.2020263671875,1052.746826171875,618.5657958984375,1159.5682373046875,590.5357666015625,1023.3733520507812,615.7244262695312,1155.2529296875,566.8206787109375,1090.267822265625,668.9006958007812,1130.01171875,663.690185546875,1053.7904052734375,719.1312255859375,1157.0745849609375,714.7423095703125,1033.466552734375,778.1820068359375,1186.64404296875,772.6480712890625
1121.9676513671875,555.98046875,1121.1671142578125,551.271728515625,1123.715087890625,550.553955078125,1118.9461669921875,557.4950561523438,1144.344482421875,554.131103515625,1112.7283935546875,593.92578125,1158.8258056640625,584.6434936523438,1070.365234375,626.4036254882812,1139.5450439453125,615.489501953125,1024.2896728515625,622.5547485351562,1095.009765625,630.1187133789062,1111.8717041015625,674.6834716796875,1152.274658203125,668.8604736328125,1066.817138671875,723.3078002929688,1172.9473876953125,715.454833984375,1041.0146484375,776.2512817382812,1205.7044677734375,761.3278198242188
1136.4542236328125,561.6056518554688,1135.4163818359375,557.1528930664062,1138.087890625,556.3565673828125,1131.185791015625,563.9055786132812,1157.0487060546875,560.2964477539062,1127.205078125,597.3257446289062,1166.112548828125,589.7705078125,1092.1854248046875,631.4459228515625,1138.3702392578125,618.4030151367188,1043.4591064453125,636.2490844726562,1083.022216796875,631.739501953125,1127.34521484375,674.32958984375,1163.16259765625,670.4306640625,1081.533203125,725.0116577148438,1185.32470703125,721.8770141601562,1053.8603515625,774.5438232421875,1216.32861328125,769.73681640625
1152.6708984375,567.7527465820312,1151.6544189453125,563.1553955078125,1154.263427734375,562.5558471679688,1148.06982421875,568.5875244140625,1170.7569580078125,565.9481811523438,1141.3236083984375,603.040771484375,1183.4664306640625,597.97509765625,1107.78466796875,637.7005615234375,1176.6297607421875,635.4844970703125,1070.665771484375,646.4485473632812,1149.68896484375,661.3848876953125,1144.3460693359375,682.1693725585938,1181.2802734375,679.0260009765625,1102.2783203125,729.177001953125,1201.2469482421875,725.2078857421875,1070.529052734375,776.9735107421875,1225.3009033203125,769.3745727539062
1161.657470703125,578.0685424804688,1160.2664794921875,573.264892578125,1162.7940673828125,573.005615234375,1157.54150390625,577.29833984375,1179.12890625,575.381103515625,1155.3160400390625,607.4944458007812,1192.8524169921875,603.628173828125,1130.908203125,643.0543212890625,1184.93310546875,640.5333251953125,1099.503662109375,660.3709106445312,1156.2493896484375,666.3823852539062,1162.6236572265625,679.7884521484375,1195.473388671875,677.2178955078125,1124.064208984375,728.5794067382812,1208.71044921875,725.8207397460938,1095.64794921875,773.15673828125,1224.44775390625,765.7750244140625
1168.18896484375,581.0625610351562,1167.423828125,576.163818359375,1169.428466796875,576.1305541992188,1165.19580078125,581.0916137695312,1184.6307373046875,580.2113647460938,1162.672607421875,611.3900146484375,1196.99951171875,610.3635864257812,1149.9921875,646.667724609375,1195.203125,647.1148071289062,1135.225830078125,668.2002563476562,1180.7919921875,675.146728515625,1170.0452880859375,680.599609375,1198.5299072265625,680.4132080078125,1142.6123046875,727.7237548828125,1211.603515625,727.89013671875,1122.96142578125,767.0037841796875,1224.7144775390625,765.4390869140625
1170.173828125,580.84375,1170.3060302734375,576.408203125,1172.25927734375,575.9757080078125,1169.942626953125,580.9983520507812,1189.10986328125,579.9296264648438,1163.78076171875,610.9742431640625,1202.361572265625,609.0772705078125,1153.87744140625,647.6368408203125,1205.6053466796875,646.3709716796875,1152.389404296875,677.2049560546875,1200.940673828125,677.6888427734375,1167.4886474609375,677.6990356445312,1198.9554443359375,676.4199829101562,1142.49658203125,726.304443359375,1209.92919921875,724.94580078125,1127.580078125,766.2210693359375,1222.56494140625,761.4979248046875
1172.749267578125,577.2349853515625,1171.8037109375,572.6341552734375,1174.6778564453125,572.3867797851562,1170.0191650390625,577.3079223632812,1191.779052734375,576.2732543945312,1166.2933349609375,608.32763671875,1207.03857421875,606.360107421875,1161.43701171875,646.4437866210938,1214.58984375,645.769775390625,1159.826171875,675.7210693359375,1210.6121826171875,676.3267211914062,1172.5372314453125,678.6763916015625,1205.1087646484375,677.3052368164062,1144.1280517578125,726.0712890625,1211.21240234375,724.69140625,1133.379638671875,766.8378295898438,1225.083984375,761.9171142578125
1169.54736328125,571.8336181640625,1168.34814453125,566.8991088867188,1171.968994140625,566.6695556640625,1166.19677734375,571.3413696289062,1189.8609619140625,570.2027587890625,1161.745849609375,602.1260375976562,1207.8846435546875,601.03466796875,1157.69580078125,641.3831176757812,1219.355224609375,642.700439453125,1156.6314697265625,673.879638671875,1219.682861328125,681.261962890625,1173.21728515625,674.2252807617188,1208.270751953125,673.8493041992188,1144.3345947265625,720.1998901367188,1210.5755615234375,720.0614013671875,1136.48193359375,764.7200317382812,1223.807861328125,763.07470703125
1167.1175537109375,566.2865600585938,1165.917724609375,561.2674560546875,1169.5877685546875,560.9661865234375,1164.276611328125,565.0322875976562,1187.5350341796875,563.5496826171875,1159.8731689453125,595.8473510742188,1207.790283203125,592.9927978515625,1150.2935791015625,636.2411499023438,1224.1920166015625,634.16796875,1145.083984375,670.6090087890625,1230.96728515625,675.0036010742188,1172.73779296875,666.7645263671875,1208.8045654296875,665.416015625,1137.17431640625,714.7880859375,1209.5029296875,713.0023193359375,1130.940185546875,766.8378295898438,1228.142333984375,762.6441650390625
1166.4378662109375,557.4517822265625,1164.9263916015625,552.3062133789062,1168.7811279296875,551.6832885742188,1161.2314453125,555.8870849609375,1185.55908203125,553.5813598632812,1155.87646484375,588.3756713867188,1202.600830078125,584.05615234375,1145.1202392578125,632.0316162109375,1223.79443359375,631.8189697265625,1136.1207275390625,662.0372314453125,1231.6409912109375,672.3194580078125,1165.86962890625,663.3294677734375,1200.71142578125,660.2003173828125,1129.39111328125,710.5595092773438,1199.84228515625,706.0196533203125,1131.910888671875,771.2589111328125,1229.7896728515625,762.1337890625
1161.7139892578125,551.4651489257812,1160.4593505859375,546.656494140625,1164.7127685546875,546.25341796875,1156.677490234375,550.9177856445312,1180.4234619140625,549.728515625,1148.187744140625,579.5543212890625,1196.418701171875,580.08056640625,1133.728271484375,623.3933715820312,1223.0498046875,628.6663818359375,1122.2176513671875,656.4727172851562,1236.2720947265625,670.9435424804688,1160.0552978515625,655.4151611328125,1195.451416015625,655.1793212890625,1128.688720703125,707.3499145507812,1199.722412109375,706.8983154296875,1127.939453125,769.418212890625,1228.972412109375,766.5045776367188
1161.16455078125,550.334228515625,1159.2916259765625,545.335205078125,1163.8013916015625,545.0150146484375,1153.09716796875,548.7406616210938,1176.7169189453125,547.6738891601562,1141.946533203125,576.669677734375,1193.458251953125,577.2225952148438,1123.25732421875,621.1705932617188,1219.6748046875,625.8219604492188,1110.5263671875,655.7861328125,1235.4796142578125,670.9844360351562,1160.06005859375,652.4612426757812,1197.51904296875,652.4107666015625,1128.35791015625,705.9833984375,1204.160400390625,705.4013671875,1124.239990234375,767.2232666015625,1229.21484375,763.685791015625
1161.0780029296875,549.6234130859375,1159.0028076171875,544.4777221679688,1163.54052734375,544.4747924804688,1152.095703125,547.6209106445312,1175.2242431640625,547.5118408203125,1140.29150390625,575.2220458984375,1191.7379150390625,578.29296875,1118.5933837890625,618.337646484375,1217.959228515625,628.0722045898438,1101.055908203125,650.8578491210938,1234.0870361328125,671.719970703125,1160.4361572265625,652.8262939453125,1197.91259765625,653.917724609375,1127.83740234375,706.2031860351562,1206.978271484375,707.25537109375,1121.635009765625,768.10205078125,1231.727294921875,766.7239379882812
1163.998779296875,550.7904052734375,1160.87353515625,545.52734375,1165.2894287109375,545.83544921875,1150.4803466796875,548.8273315429688,1172.85302734375,549.1593017578125,1138.922607421875,577.0855712890625,1188.487548828125,579.9381103515625,1115.95947265625,621.006591796875,1213.7242431640625,628.7620239257812,1096.0992431640625,655.1357421875,1228.588134765625,670.866455078125,1162.100830078125,656.3857421875,1198.6812744140625,657.3760375976562,1125.9205322265625,710.5541381835938,1207.6661376953125,711.319091796875,1116.028076171875,770.3849487304688,1231.93994140625,768.2565307617188
1155.706787109375,556.250244140625,1153.4129638671875,550.9140625,1157.526123046875,551.13134765625,1146.7530517578125,553.904296875,1168.7386474609375,553.9453735351562,1137.153564453125,581.7353515625,1186.6685791015625,584.48193359375,1114.320068359375,625.30712890625,1212.91650390625,634.6531372070312,1093.466552734375,655.4514770507812,1226.8126220703125,676.4661865234375,1161.2010498046875,660.5489501953125,1198.197509765625,661.3367309570312,1123.2862548828125,714.7081298828125,1208.877685546875,715.16162109375,1111.0657958984375,773.8482666015625,1233.7763671875,771.0299072265625
1151.40087890625,560.4685668945312,1149.2774658203125,555.14599609375,1152.365234375,555.0087890625,1143.3890380859375,559.0391845703125,1165.2823486328125,557.5885620117188,1137.449951171875,591.421630859375,1182.81494140625,589.8128662109375,1116.033203125,630.1370849609375,1207.605712890625,639.624755859375,1096.6123046875,647.6683349609375,1220.3367919921875,678.6312255859375,1159.010986328125,665.8864135742188,1195.1229248046875,664.056640625,1117.174560546875,723.3457641601562,1211.0260009765625,719.428955078125,1099.220458984375,783.0640869140625,1241.2261962890625,772.9508056640625
1146.0419921875,572.3026123046875,1143.594482421875,566.9220581054688,1146.996337890625,566.6383056640625,1136.866943359375,568.487548828125,1160.3828125,566.4692993164062,1131.193603515625,598.1707153320312,1178.205810546875,595.0703735351562,1116.0855712890625,637.67919921875,1202.55908203125,642.4959106445312,1105.3314208984375,652.7935180664062,1211.316650390625,675.0267944335938,1153.4150390625,672.2063598632812,1191.7132568359375,669.9459838867188,1111.80908203125,729.150634765625,1207.743408203125,724.93701171875,1096.8466796875,789.6535034179688,1240.8974609375,780.312255859375
1132.664794921875,573.7224731445312,1131.2515869140625,568.6373901367188,1134.523193359375,567.763916015625,1129.04931640625,572.036376953125,1154.498046875,568.06982421875,1127.81689453125,603.5911865234375,1175.3978271484375,597.9744873046875,1120.358154296875,641.7557983398438,1194.525146484375,645.499267578125,1118.1441650390625,649.7393798828125,1194.3994140625,679.7144165039062,1150.09765625,676.3848876953125,1190.022705078125,673.3226318359375,1107.6591796875,734.697998046875,1201.035888671875,728.8310546875,1098.7509765625,793.7742919921875,1239.15966796875,783.2032470703125
1119.2581787109375,574.818115234375,1118.6259765625,569.79638671875,1122.131591796875,568.758056640625,1119.036865234375,573.580322265625,1143.658935546875,569.5574951171875,1118.6751708984375,603.567626953125,1164.96630859375,598.1051025390625,1113.492919921875,646.9440307617188,1177.0537109375,641.9002075195312,1105.801025390625,655.1466064453125,1161.86962890625,659.7554931640625,1145.507568359375,681.0465087890625,1184.8427734375,678.529052734375,1106.087890625,734.3673095703125,1202.8079833984375,731.7440185546875,1101.8470458984375,790.107421875,1240.104736328125,786.4297485351562
1107.9283447265625,572.6784057617188,1107.0196533203125,567.7623291015625,1109.7066650390625,566.4581298828125,1105.5472412109375,574.2954711914062,1132.494384765625,568.4901123046875,1111.037109375,609.5433349609375,1149.90625,598.764892578125,1098.938720703125,653.431640625,1146.0145263671875,641.4632568359375,1077.202392578125,655.4798583984375,1113.30419921875,661.1846923828125,1138.7855224609375,687.6795043945312,1172.7652587890625,682.2771606445312,1095.0670166015625,741.522216796875,1177.947509765625,733.7420654296875,1108.065673828125,798.644775390625,1234.337646484375,785.42236328125
1090.8172607421875,577.501953125,1092.5804443359375,573.0081787109375,1093.66796875,570.9644775390625,1097.9827880859375,575.7882080078125,1117.62060546875,568.7507934570312,1103.730712890625,609.1885375976562,1133.45361328125,594.5092163085938,1084.9276123046875,656.1798095703125,1115.550048828125,631.8436279296875,1053.7677001953125,653.2396240234375,1075.775146484375,645.8065185546875,1127.0625,695.4385986328125,1154.446044921875,688.5503540039062,1084.3729248046875,748.6885986328125,1159.06591796875,738.578369140625,1110.51953125,802.2633056640625,1223.64111328125,784.5052490234375
1075.4351806640625,578.046142578125,1078.146240234375,573.7274780273438,1077.028076171875,571.9924926757812,1085.12890625,580.6373291015625,1100.91259765625,573.953857421875,1093.80908203125,617.0133056640625,1113.558349609375,598.9884033203125,1061.34228515625,660.9962768554688,1083.677001953125,632.7909545898438,1027.2294921875,649.0493774414062,1042.893798828125,639.1188354492188,1115.3505859375,700.156494140625,1134.25927734375,690.1302490234375,1074.586181640625,758.5953369140625,1129.3858642578125,742.9078369140625,1117.348388671875,803.9419555664062,1201.000732421875,776.3394775390625
1063.015380859375,585.6788330078125,1065.32177734375,581.1771240234375,1063.58203125,580.262939453125,1071.6031494140625,587.1956787109375,1082.9542236328125,582.2872314453125,1084.2098388671875,622.0699462890625,1091.3321533203125,604.287841796875,1044.63037109375,665.5565795898438,1049.4390869140625,634.6553955078125,1006.3577880859375,647.2575073242188,1013.2879638671875,637.0834350585938,1109.880615234375,699.2523193359375,1117.439208984375,689.4570922851562,1068.2667236328125,759.0673828125,1097.575439453125,742.742431640625,1121.4620361328125,797.6277465820312,1165.574951171875,768.1455688476562
1047.6170654296875,587.0944213867188,1051.732421875,583.0518188476562,1048.474609375,581.85595703125,1060.6842041015625,590.646484375,1066.7493896484375,585.6921997070312,1068.388427734375,624.2396240234375,1074.5604248046875,608.1907958984375,1029.434814453125,658.719482421875,1034.465576171875,629.6741943359375,999.96630859375,633.7791748046875,1006.5531005859375,625.531005859375,1096.2261962890625,700.7786254882812,1100.84765625,692.2017822265625,1063.4222412109375,762.244873046875,1079.904541015625,747.967529296875,1113.638916015625,804.15576171875,1131.50927734375,778.9649658203125
1028.73095703125,585.372314453125,1032.4925537109375,581.6153564453125,1032.24951171875,580.6217041015625,1043.2381591796875,588.077880859375,1052.5804443359375,584.544921875,1049.92333984375,619.50390625,1057.533935546875,605.8494873046875,1000.6856689453125,646.84375,1011.27001953125,617.868408203125,979.2806396484375,610.853759765625,988.91845703125,595.8020629882812,1085.366455078125,700.9561157226562,1089.4447021484375,694.5562133789062,1051.731689453125,766.48681640625,1054.84814453125,754.70654296875,1112.493408203125,814.6001586914062,1109.7340087890625,791.407470703125
1010.670166015625,585.8073120117188,1014.060546875,581.1304931640625,1012.79833984375,580.8468627929688,1021.1650390625,588.5051879882812,1036.31591796875,586.4254760742188,1028.01513671875,621.7380981445312,1043.72119140625,610.8887329101562,982.7429809570312,640.5020751953125,995.7009887695312,624.015869140625,969.4011840820312,600.3436889648438,970.93701171875,611.1161499023438,1065.2398681640625,704.2408447265625,1073.28857421875,698.31689453125,1045.464599609375,764.811279296875,1034.5025634765625,752.1475830078125,1120.2303466796875,804.62158203125,1090.61328125,779.2333374023438
1000.0595703125,576.585693359375,1004.2962646484375,571.817138671875,998.9298095703125,571.704345703125,1014.097412109375,576.779052734375,1006.46484375,575.3436279296875,1022.3377075195312,606.9220581054688,1008.798583984375,596.6951293945312,970.9788208007812,629.88916015625,965.753173828125,609.0305786132812,943.5980224609375,591.4053344726562,947.817626953125,591.6663208007812,1054.4541015625,692.8408813476562,1039.00830078125,688.72705078125,1038.759765625,744.5389404296875,987.694091796875,734.744140625,1111.415283203125,794.62109375,1024.8887939453125,772.4656982421875
978.510009765625,567.8721923828125,983.656494140625,564.471435546875,980.2289428710938,563.2257690429688,997.687744140625,571.3958740234375,998.1633911132812,567.7142944335938,1008.509765625,596.0614624023438,1005.6912841796875,587.607666015625,972.0234375,613.1255493164062,984.002197265625,601.02392578125,940.2666015625,577.856201171875,953.394287109375,584.3169555664062,1033.080810546875,679.525390625,1021.7685546875,674.298583984375,1039.1494140625,729.1364135742188,969.3779296875,720.7904052734375,1107.826904296875,787.355224609375,980.3671875,771.6461181640625
959.8211059570312,560.6461181640625,965.4024658203125,557.0285034179688,960.018798828125,555.3697509765625,978.8477783203125,563.521240234375,972.9464111328125,558.026611328125,989.546875,593.8662109375,978.043701171875,580.3485717773438,953.10986328125,618.21728515625,951.2476806640625,597.732666015625,915.2955322265625,595.6177978515625,926.214111328125,597.611083984375,1012.8213500976562,675.3756713867188,995.4190673828125,667.297607421875,1024.8966064453125,731.3040771484375,946.6631469726562,717.9581298828125,1088.62158203125,789.8544921875,951.4713134765625,765.7401123046875
935.3719482421875,562.0360107421875,941.8555297851562,557.862060546875,936.75341796875,556.0347900390625,958.981201171875,563.1329345703125,953.9346313476562,557.0578002929688,970.2850341796875,594.6015625,960.0069580078125,581.0858764648438,936.327392578125,619.57080078125,942.13671875,599.5125122070312,905.0418701171875,599.0382080078125,919.58056640625,596.3612060546875,988.5953979492188,673.5493774414062,970.6624145507812,664.4075927734375,1005.659912109375,727.212646484375,918.4645385742188,714.6900634765625,1062.094970703125,784.1439208984375,908.271484375,764.048095703125
920.2763671875,556.8218994140625,926.0527954101562,553.010986328125,918.6544189453125,551.1810913085938,940.6689453125,561.447509765625,928.407958984375,554.7972412109375,949.2647705078125,597.5316772460938,938.8543701171875,579.3101806640625,918.80419921875,630.1800537109375,912.7300415039062,592.486328125,880.98974609375,611.69091796875,878.9708862304688,584.6145629882812,971.4696044921875,675.6812133789062,952.8990478515625,665.62939453125,997.732666015625,731.3036499023438,899.45556640625,715.81298828125,1048.608154296875,787.3390502929688,871.9242553710938,760.3963623046875
897.3359375,557.788818359375,902.9310302734375,553.345458984375,897.6116943359375,551.7628173828125,919.527099609375,559.022705078125,911.0498046875,553.5963745117188,935.797119140625,592.4737548828125,916.36181640625,580.2408447265625,918.6202392578125,629.6778564453125,898.705810546875,603.5963134765625,876.8092041015625,624.4271850585938,865.4197998046875,598.8281860351562,953.768310546875,674.2511596679688,929.51171875,666.5924072265625,981.0472412109375,731.9490966796875,881.1967163085938,723.30322265625,1029.1689453125,784.801025390625,856.4130859375,771.4839477539062
878.0494384765625,561.205078125,883.1471557617188,557.086669921875,877.15283203125,555.2723388671875,897.9815673828125,560.9832763671875,880.7945556640625,556.0559692382812,909.8240966796875,591.9000244140625,885.859130859375,578.19384765625,911.1429443359375,631.3583984375,851.2395629882812,579.6151123046875,878.0081176757812,640.86376953125,806.8902587890625,566.32421875,935.0797119140625,671.6797485351562,909.3944091796875,667.6318969726562,968.6502685546875,729.6351928710938,863.8207397460938,725.4542846679688,1021.9996948242188,789.9483032226562,835.87841796875,782.8870849609375
851.2835083007812,564.6766357421875,856.2188720703125,559.682861328125,852.0122680664062,558.56787109375,872.0994873046875,561.5112915039062,863.847900390625,557.9019165039062,890.5880126953125,592.3515625,867.5044555664062,581.1798706054688,894.0150146484375,633.4850463867188,831.5726318359375,593.7420654296875,865.13818359375,658.839599609375,790.226318359375,597.2008056640625,910.91552734375,676.7117919921875,885.7554931640625,671.3631591796875,941.5789794921875,734.6883544921875,833.8271484375,729.9443969726562,1002.9169921875,790.81640625,814.0228271484375,784.225830078125
833.0185546875,574.1072998046875,837.9728393554688,569.7023315429688,833.4794311523438,568.2496948242188,854.6317749023438,573.15185546875,840.00732421875,569.4616088867188,873.4462890625,599.9815673828125,842.1264038085938,591.241943359375,890.7117919921875,627.4901123046875,807.56787109375,586.7410888671875,882.1199340820312,658.129150390625,763.78369140625,582.535888671875,902.0013427734375,672.3741455078125,871.0537109375,671.5408325195312,939.69189453125,724.1456298828125,823.223388671875,725.92041015625,1006.6363525390625,780.7322387695312,803.5149536132812,784.8143310546875
813.9454345703125,574.916015625,819.7642822265625,570.5828857421875,813.7574462890625,568.95947265625,834.7679443359375,574.7501220703125,819.8280029296875,570.4979248046875,846.4080810546875,604.476318359375,829.345947265625,592.8207397460938,865.058837890625,637.8690795898438,790.5875244140625,591.3644409179688,860.4589233398438,673.001220703125,741.4923095703125,582.1697998046875,875.31591796875,676.4505615234375,879.259521484375,671.5114135742188,809.1783447265625,728.4706420898438,910.9398193359375,725.7998046875,799.2280883789062,785.8992919921875,971.004150390625,784.2926025390625
791.277587890625,572.7339477539062,796.4151611328125,568.4820556640625,793.0980224609375,567.0902709960938,811.3031005859375,572.9727172851562,808.3093872070312,569.10986328125,820.1932373046875,598.1298828125,816.0913696289062,595.8666381835938,779.5405883789062,611.7012939453125,800.59375,615.3478393554688,730.497314453125,599.4876708984375,771.72509765625,626.989013671875,859.172607421875,675.1104736328125,843.529541015625,675.4490966796875,905.8112182617188,727.4869995117188,800.6277465820312,727.3837890625,978.95654296875,783.2735595703125,796.6217041015625,782.6322021484375
776.4398193359375,570.8705444335938,781.675048828125,568.384765625,777.300537109375,566.5050048828125,794.2952880859375,578.0404052734375,785.7476806640625,573.6092529296875,802.1380615234375,598.4818115234375,794.69677734375,598.193115234375,766.5411376953125,598.56201171875,770.650390625,600.0952758789062,723.04443359375,588.56201171875,725.0779418945312,585.06640625,857.5157470703125,665.1724853515625,838.3529052734375,666.6668701171875,882.9881591796875,722.0245361328125,788.852783203125,719.2559814453125,959.62646484375,773.80419921875,809.152099609375,782.5107421875
762.2900390625,567.4666748046875,766.0576171875,564.187255859375,764.3049926757812,562.7752075195312,779.9430541992188,570.2098999023438,773.98046875,567.0054321289062,804.0020141601562,594.0491943359375,771.8670654296875,591.998046875,837.20654296875,612.1044921875,740.81005859375,592.800048828125,844.9473266601562,622.8901977539062,704.1159057617188,580.0693359375,848.9644775390625,664.4828491210938,821.3582153320312,668.3817138671875,885.3804931640625,715.7198486328125,797.2855224609375,722.9044189453125,956.0066528320312,771.7183227539062,805.7430419921875,783.0760498046875
753.3118896484375,554.250244140625,756.6682739257812,550.6366577148438,754.5409545898438,550.2762451171875,769.1060791015625,556.3985595703125,763.5556030273438,556.3504028320312,793.12548828125,579.9165649414062,761.3944702148438,585.1734008789062,830.5274047851562,590.5869750976562,729.0700073242188,590.0179443359375,845.1876220703125,600.85302734375,694.9232788085938,579.3587646484375,837.8519287109375,657.3453979492188,812.38720703125,664.0513916015625,867.8638916015625,711.1129760742188,794.33056640625,722.3980712890625,935.3834228515625,764.736572265625,807.4352416992188,781.4163208007812
743.6581420898438,542.636962890625,747.823486328125,538.1889038085938,744.13525390625,538.4715576171875,762.783935546875,542.2672729492188,751.7837524414062,544.1881103515625,787.3841552734375,564.8919677734375,751.9808959960938,575.866455078125,825.4051513671875,574.3892211914062,726.047119140625,587.31201171875,840.5333862304688,583.2940673828125,698.46142578125,576.0054321289062,829.5673828125,647.8645629882812,802.6074829101562,656.7882080078125,854.652099609375,703.5782470703125,787.8775634765625,718.03759765625,915.8067626953125,757.1984252929688,802.5223388671875,778.9352416992188
738.1542358398438,529.8865356445312,743.2427368164062,525.627685546875,740.9178466796875,524.965087890625,758.5744018554688,529.6624755859375,754.0621948242188,530.17138671875,776.14453125,550.6478271484375,755.2171630859375,563.26611328125,802.4880981445312,561.6364135742188,744.2181396484375,580.6317138671875,804.3228149414062,565.6471557617188,715.865966796875,568.5484008789062,812.6420288085938,635.74755859375,794.6361083984375,645.2775268554688,844.7325439453125,694.3238525390625,785.9705810546875,711.2827758789062,904.9488525390625,746.314697265625,802.2353515625,774.783935546875
735.556884765625,515.6693115234375,740.972900390625,510.59979248046875,739.5426635742188,509.9676818847656,752.8546752929688,512.9920043945312,757.7191162109375,514.0411987304688,764.2315063476562,533.0470581054688,754.8558349609375,549.9555053710938,795.19873046875,541.7208862304688,755.6022338867188,570.3218383789062,796.03955078125,548.006591796875,731.2593383789062,554.8677978515625,798.4579467773438,623.637451171875,787.4644775390625,634.0438232421875,831.85107421875,684.4638061523438,785.71728515625,705.4205322265625,889.6168212890625,733.2471923828125,803.2003173828125,768.6611328125
734.88037109375,506.13543701171875,737.9122314453125,500.7781677246094,740.2783203125,501.239990234375,744.337890625,501.2068176269531,763.9168701171875,505.39569091796875,750.9324340820312,521.2186279296875,767.0861206054688,541.4514770507812,761.6434326171875,538.0921630859375,785.509033203125,570.2808227539062,753.8817138671875,550.1646728515625,770.6669921875,547.789794921875,784.6055908203125,612.0634765625,788.5001220703125,622.96630859375,816.5703125,675.6969604492188,774.6063232421875,697.8023681640625,875.0098876953125,721.7606811523438,792.4853515625,758.76025390625
732.2019653320312,491.40447998046875,736.7734375,487.42578125,734.7315673828125,485.0650634765625,743.4508666992188,493.6490478515625,747.7651977539062,489.2432861328125,751.1005859375,516.4107055664062,749.5271606445312,520.6112060546875,784.41943359375,524.3875732421875,789.999755859375,533.1722412109375,797.5109252929688,529.0442504882812,804.11962890625,523.228759765625,784.7666015625,606.020751953125,776.0758056640625,611.0751953125,814.883056640625,672.923095703125,761.3886108398438,683.5233764648438,877.618408203125,724.9186401367188,779.35302734375,744.9871826171875
722.4205322265625,490.11895751953125,726.13720703125,486.24188232421875,726.05810546875,484.16583251953125,733.7000122070312,490.8338928222656,743.189697265625,487.42706298828125,744.8153076171875,513.36767578125,744.558837890625,518.1932983398438,777.495361328125,521.856689453125,785.1474609375,530.0343627929688,788.2923583984375,533.2723388671875,798.5912475585938,522.8585205078125,769.24365234375,602.25439453125,761.9395751953125,608.1788330078125,807.3521118164062,663.9923706054688,754.407958984375,675.2069091796875,864.756591796875,715.3391723632812,772.0623779296875,735.0686645507812
718.4486083984375,481.7806396484375,723.0859985351562,477.5942687988281,722.1656494140625,475.439208984375,729.543701171875,484.50286865234375,739.1412353515625,480.7136535644531,736.46435546875,509.9462890625,739.0096435546875,515.1118774414062,765.66455078125,525.920654296875,781.4366455078125,538.5377197265625,783.4111328125,539.4746704101562,801.8743896484375,536.5595092773438,759.5916748046875,598.4075927734375,753.9630126953125,602.8008422851562,789.577392578125,663.27294921875,739.81591796875,673.1783447265625,850.394775390625,710.0089111328125,760.995361328125,728.31298828125
710.1131591796875,484.15386962890625,713.816162109375,479.693359375,713.114990234375,478.171142578125,722.308349609375,484.0090026855469,731.70263671875,480.7867126464844,734.9200439453125,510.2591552734375,736.0192260742188,513.441650390625,762.5889892578125,538.8990478515625,775.778564453125,550.4671020507812,775.05908203125,548.960205078125,789.8458251953125,550.61669921875,753.240234375,601.3192138671875,747.0502319335938,603.5152587890625,781.8092041015625,666.071044921875,728.7117919921875,671.9005737304688,841.572021484375,717.7139892578125,747.4034423828125,727.5242309570312
705.931884765625,490.2481689453125,709.870361328125,485.3279113769531,708.3381958007812,484.08331298828125,719.8650512695312,487.46856689453125,726.4928588867188,484.43109130859375,731.38818359375,514.0345458984375,732.020263671875,514.818359375,748.5130004882812,548.1083984375,760.8882446289062,556.7112426757812,754.6405639648438,562.6060180664062,770.9610595703125,567.1298828125,745.0081787109375,605.3994140625,738.5922241210938,605.223388671875,771.033935546875,671.208740234375,716.0681762695312,673.0891723632812,823.5423583984375,725.9615478515625,726.9164428710938,728.6753540039062
697.3577880859375,494.64141845703125,701.8856201171875,489.592041015625,700.7223510742188,488.0512390136719,712.6539306640625,493.0284118652344,721.3184814453125,489.57733154296875,722.3072509765625,522.1591796875,726.4468994140625,522.8944702148438,740.1334228515625,556.285888671875,750.5926513671875,562.842529296875,745.719970703125,581.4598388671875,757.23388671875,580.7727661132812,737.9263916015625,607.6158447265625,733.669189453125,607.3468627929688,762.7100219726562,669.4210205078125,707.2612915039062,672.3929443359375,814.3486328125,726.356689453125,713.7578125,732.2671508789062
690.5202026367188,499.26458740234375,694.096435546875,494.53607177734375,695.2666015625,492.0177001953125,702.036376953125,500.7543640136719,719.8184814453125,494.256103515625,707.1329345703125,536.059814453125,727.1223754882812,529.1318969726562,722.37646484375,575.5897216796875,748.2863159179688,568.958984375,733.9317016601562,606.1195068359375,752.8873901367188,597.1993408203125,726.3510131835938,617.4927368164062,731.1571044921875,613.1326293945312,759.120849609375,677.4570922851562,699.2626953125,674.2144775390625,805.4782104492188,730.775634765625,688.4584350585938,727.120849609375
688.009765625,510.6646728515625,689.9855346679688,505.90521240234375,690.8031616210938,504.69635009765625,697.1549072265625,509.00689697265625,710.97705078125,505.64556884765625,710.649169921875,540.0791015625,716.6986083984375,536.823974609375,722.2572021484375,583.5218505859375,730.5238647460938,582.4820556640625,727.7031860351562,622.1610107421875,732.8616943359375,619.6814575195312,725.5803833007812,627.6470947265625,723.1544799804688,626.0215454101562,750.648681640625,692.1393432617188,687.7945556640625,690.2952880859375,797.899658203125,751.80126953125,687.9765014648438,746.370849609375
684.1790771484375,522.3329467773438,686.1983642578125,517.4774169921875,686.1903076171875,516.4026489257812,694.1708374023438,520.5128173828125,705.6022338867188,516.9750366210938,708.9310302734375,550.948974609375,713.7413940429688,546.2476196289062,717.85009765625,596.4401245117188,722.4749755859375,592.38427734375,711.6905517578125,633.46533203125,715.498046875,627.6061401367188,722.0189208984375,636.940673828125,722.514892578125,633.9215087890625,723.6902465820312,702.0225830078125,693.4150390625,698.841796875,762.2392578125,759.7413940429688,709.2039794921875,752.457275390625
681.9967041015625,525.5244140625,682.3027954101562,520.4172973632812,685.0595092773438,519.305419921875,687.924072265625,522.3484497070312,708.8990478515625,518.6258544921875,700.9783935546875,553.8275146484375,721.634521484375,546.6043701171875,708.2400512695312,601.5374755859375,730.9093627929688,592.5809326171875,700.0538940429688,644.9772338867188,715.7839965820312,638.3788452148438,713.926025390625,641.253662109375,724.0385131835938,637.6785278320312,710.5918579101562,707.0315551757812,683.3743286132812,702.9927978515625,755.786865234375,766.0694580078125,696.515380859375,758.30810546875
679.7849731445312,528.8587036132812,680.1585693359375,523.9295654296875,682.9120483398438,522.90380859375,684.3516845703125,526.6380615234375,707.2693481445312,522.7802734375,696.3905029296875,555.121337890625,722.3833618164062,551.49365234375,705.2805786132812,602.505615234375,734.0009155273438,601.27978515625,697.7008666992188,644.2493896484375,718.3723754882812,641.4868774414062,715.8660278320312,641.5738525390625,731.4952392578125,638.4383544921875,692.2802734375,707.6151123046875,682.8246459960938,705.996337890625,732.8974609375,762.9662475585938,702.3182373046875,759.5264282226562
680.4671020507812,523.364990234375,680.2512817382812,518.1294555664062,683.5009155273438,517.1802368164062,683.7443237304688,521.2762451171875,708.31005859375,517.4700927734375,695.404052734375,550.7823486328125,726.260498046875,548.0709838867188,705.5484619140625,600.0006103515625,740.1376342773438,600.0205078125,691.6652221679688,644.0238647460938,719.0560302734375,640.8919067382812,717.0604858398438,636.8416748046875,738.1748046875,634.517578125,685.3693237304688,701.3930053710938,698.67822265625,701.6032104492188,715.8543701171875,759.2288818359375,722.51611328125,758.9027099609375
675.848388671875,518.096923828125,676.19482421875,513.1546630859375,679.8790283203125,511.52899169921875,682.044921875,515.6829833984375,707.5012817382812,510.6061706542969,692.2642822265625,546.8896484375,724.7694091796875,539.0711669921875,698.8197021484375,595.6832275390625,738.81982421875,585.6688232421875,684.8497924804688,638.2750244140625,718.3291625976562,629.3016357421875,710.6181030273438,628.54833984375,729.1243286132812,624.6888427734375,702.142578125,700.5330810546875,688.8557739257812,697.4326782226562,743.2259521484375,760.853515625,700.6014404296875,756.118408203125
676.4614868164062,516.3950805664062,676.501220703125,511.3319091796875,679.6610107421875,509.77099609375,681.3390502929688,512.8911743164062,705.0132446289062,507.8629150390625,691.8658447265625,542.6947021484375,722.518310546875,535.271484375,697.7659301757812,591.002197265625,740.5540161132812,580.8973999023438,676.0779418945312,631.6942138671875,716.201416015625,621.0516357421875,710.858154296875,624.1729736328125,727.6751708984375,620.6868286132812,706.9013061523438,695.9680786132812,689.427490234375,693.703125,745.908447265625,755.9525756835938,697.964111328125,752.5670166015625
675.37158203125,514.0202026367188,675.86962890625,509.0010681152344,678.4151000976562,507.4188537597656,681.5784912109375,511.1983337402344,703.8504028320312,506.0811767578125,690.278076171875,542.0606079101562,723.313720703125,534.2366943359375,691.6348876953125,590.0792236328125,742.6246948242188,578.1240844726562,667.8043212890625,630.5714111328125,719.923828125,617.1460571289062,710.636962890625,621.951171875,728.82666015625,618.2625732421875,703.757080078125,692.9629516601562,688.7299194335938,690.6912841796875,742.58984375,752.7987670898438,697.1456298828125,750.0201416015625
680.0249633789062,515.7522583007812,680.715087890625,510.65948486328125,682.4469604492188,509.41583251953125,684.9049682617188,513.8992919921875,704.1055297851562,509.8882141113281,690.178955078125,542.71337890625,722.4073486328125,538.09716796875,687.191650390625,591.9270629882812,731.4971313476562,584.6842651367188,666.798095703125,626.7578735351562,711.531494140625,614.4226684570312,714.8106689453125,622.5521240234375,733.059814453125,620.3867797851562,696.927001953125,691.15625,692.2084350585938,690.8547973632812,738.5702514648438,750.0737915039062,705.424560546875,747.889892578125
679.6800537109375,516.565673828125,680.254150390625,511.65130615234375,682.951904296875,510.14910888671875,683.9552001953125,515.1920166015625,705.9154052734375,510.7605285644531,689.0986328125,544.85693359375,723.1138916015625,540.4290771484375,684.4061279296875,594.833984375,732.0792236328125,588.3102416992188,660.562744140625,629.178466796875,710.4293823242188,617.702880859375,715.9721069335938,626.766845703125,735.8321533203125,624.6921997070312,695.457763671875,695.7464599609375,696.9224243164062,695.9498291015625,734.71630859375,756.0596923828125,711.924560546875,754.9004516601562
680.7117919921875,526.9739990234375,681.3250732421875,521.686279296875,682.6774291992188,520.4356689453125,686.3944702148438,524.2835693359375,704.4815673828125,519.6572265625,694.7254028320312,552.7134399414062,722.7191162109375,546.1234130859375,688.100830078125,601.4888916015625,723.5648193359375,593.0227661132812,659.728759765625,632.816162109375,694.5059204101562,623.533203125,722.2225952148438,631.3291625976562,740.5191040039062,627.7655029296875,694.4896240234375,700.7464599609375,708.09521484375,698.0490112304688,726.7665405273438,764.1031494140625,731.1727294921875,756.8915405273438
679.4452514648438,534.1250610351562,680.5870361328125,529.2516479492188,681.790771484375,527.5324096679688,686.691162109375,534.0587768554688,704.515869140625,528.1915283203125,697.160888671875,564.2708740234375,722.0193481445312,556.6586303710938,693.760986328125,613.650390625,717.9525146484375,605.6151733398438,663.3906860351562,637.69287109375,682.9481201171875,633.3519287109375,728.6871337890625,639.6021728515625,746.357421875,635.1504516601562,688.1801147460938,703.79638671875,710.5662841796875,699.99267578125,721.5130615234375,763.3726806640625,742.6384887695312,753.9332275390625
681.94384765625,544.3355712890625,681.9846801757812,539.0026245117188,683.1038818359375,537.9701538085938,685.9697265625,543.075439453125,704.46923828125,538.473388671875,697.7677001953125,573.4846801757812,723.1492919921875,566.3320922851562,694.2955322265625,620.83447265625,717.25048828125,612.6036376953125,664.918701171875,643.7930297851562,678.7068481445312,637.4979248046875,730.4495849609375,646.8097534179688,749.3773803710938,642.4588623046875,688.1868286132812,705.6995239257812,713.5088500976562,701.6837158203125,714.8443603515625,766.0501708984375,744.0960083007812,755.404541015625
683.977783203125,556.5169677734375,684.2965087890625,551.7305908203125,685.4144287109375,550.1393432617188,687.8964233398438,556.1900024414062,706.7271728515625,550.4039306640625,697.0784912109375,585.455078125,726.409912109375,577.8638916015625,696.1104736328125,629.9801025390625,727.0367431640625,621.3330688476562,667.796875,649.92919921875,687.6624755859375,642.426513671875,729.4445190429688,654.7521362304688,750.8863525390625,650.3553466796875,688.0205688476562,706.6371459960938,715.2197265625,703.1475830078125,713.0322875976562,763.8246459960938,743.5137939453125,754.5906982421875
680.5621337890625,562.246337890625,680.52294921875,558.4307861328125,682.66650390625,555.7725219726562,683.1517333984375,563.7218017578125,705.2449340820312,554.4214477539062,690.9656372070312,595.123291015625,728.263916015625,577.9345703125,689.8828735351562,640.5166015625,752.169189453125,609.5494384765625,671.6453857421875,654.2499389648438,738.6663818359375,622.0001220703125,725.8256225585938,667.90771484375,750.8983154296875,659.63623046875,681.4183349609375,715.6065063476562,713.64208984375,705.2138061523438,706.5222778320312,773.5233154296875,742.7733154296875,754.752197265625
679.6953735351562,567.7332763671875,680.3443603515625,563.7510986328125,682.1629028320312,561.2567138671875,684.7774658203125,566.6845092773438,703.39404296875,558.3365478515625,689.6524047851562,596.9119873046875,730.50634765625,581.1126708984375,686.8983764648438,644.711669921875,755.361572265625,619.25,671.416259765625,646.800537109375,747.461181640625,632.749755859375,723.5101318359375,670.7139892578125,751.1475219726562,662.8287353515625,679.9285888671875,719.183837890625,715.9786987304688,708.032470703125,711.7724609375,776.560546875,745.1576538085938,758.32421875
679.0691528320312,566.816650390625,678.001953125,562.4887084960938,682.0552368164062,560.165771484375,680.0477905273438,565.528076171875,706.814208984375,556.6829833984375,684.2313842773438,596.1420288085938,735.497802734375,580.2929077148438,684.3787841796875,640.27490234375,760.3848876953125,624.4635009765625,681.818359375,642.5883178710938,756.6307373046875,656.7034301757812,720.209228515625,669.8178100585938,755.2966918945312,661.7747802734375,685.06884765625,721.5247802734375,723.86767578125,708.6664428710938,709.695068359375,780.4876098632812,744.8704223632812,759.3495483398438
684.0269775390625,567.4771728515625,681.8671264648438,562.9637451171875,686.4859619140625,560.7711791992188,679.7261352539062,565.1583251953125,710.453857421875,556.4346923828125,681.088134765625,596.2066040039062,736.853515625,579.943115234375,685.96923828125,639.7289428710938,762.0489501953125,626.1036987304688,693.7044677734375,642.6365966796875,760.8690185546875,663.0599365234375,716.315673828125,671.6431274414062,754.945068359375,663.3980712890625,683.331787109375,721.82470703125,727.2972412109375,707.9168701171875,706.6394653320312,778.4111328125,749.2457275390625,755.1485595703125
686.1828002929688,563.9059448242188,683.7545166015625,558.99853515625,688.1456298828125,557.2289428710938,680.8422241210938,560.5435791015625,710.3989868164062,553.0119018554688,680.5018310546875,593.07373046875,736.6118774414062,577.6074829101562,683.51171875,638.6827392578125,764.875732421875,624.5986328125,693.3064575195312,644.2557373046875,770.7013549804688,661.0948486328125,712.8053588867188,671.021484375,751.9940795898438,663.4169311523438,690.4826049804688,723.2122192382812,737.7186889648438,709.6672973632812,707.4945068359375,781.146728515625,756.3512573242188,758.2745361328125
692.6290283203125,558.0819091796875,689.5467529296875,553.0391235351562,693.861572265625,552.0360107421875,685.0408935546875,555.9933471679688,714.9409790039062,550.543701171875,683.4082641601562,590.55126953125,739.9261474609375,578.2674560546875,682.4960327148438,632.659912109375,768.0576171875,623.2657470703125,690.4988403320312,635.877197265625,773.9221801757812,652.2633666992188,710.1240844726562,669.032958984375,749.4736328125,663.16015625,699.2968139648438,725.6458740234375,743.787353515625,714.8202514648438,710.8236083984375,786.0822143554688,758.5567626953125,767.29931640625
699.1707763671875,554.9727783203125,695.5296020507812,549.733642578125,700.271484375,549.2832641601562,688.9166259765625,551.3665161132812,719.5084228515625,547.8810424804688,686.1725463867188,584.3011474609375,742.4158935546875,575.494873046875,683.7061157226562,628.7035522460938,771.2923583984375,621.3798217773438,691.4933471679688,642.3173828125,778.7265014648438,649.5846557617188,711.3370971679688,664.4339599609375,750.7286376953125,660.5708618164062,704.2162475585938,725.3423461914062,750.1109008789062,718.15673828125,711.3338012695312,789.9024658203125,762.7626953125,776.9302978515625
709.1405029296875,550.9773559570312,705.248046875,545.663330078125,710.0018920898438,545.5948486328125,695.9207153320312,547.3687744140625,726.3846435546875,545.5596923828125,689.5317993164062,580.8162231445312,746.8528442382812,574.7308349609375,683.1054077148438,625.2152099609375,774.97021484375,618.9365844726562,691.9739990234375,648.7657470703125,785.595947265625,649.21337890625,712.1747436523438,662.60888671875,752.1426391601562,660.199951171875,706.0941162109375,725.4783935546875,753.255615234375,720.7991943359375,710.2655639648438,790.8678588867188,763.6018676757812,781.9017333984375
715.208251953125,550.6126708984375,711.939453125,544.7833251953125,715.8155517578125,544.904541015625,704.52001953125,547.0568237304688,730.1998291015625,545.6801147460938,697.5517578125,578.6976928710938,750.2392578125,575.5046997070312,692.5833740234375,620.8108520507812,774.7959594726562,618.067138671875,697.1364135742188,652.6660766601562,786.2593994140625,655.7348022460938,717.4305419921875,662.6387329101562,754.45703125,661.721435546875,708.5379028320312,728.2164916992188,761.11181640625,725.8071899414062,705.4263916015625,793.156494140625,767.0255126953125,785.9864501953125
722.5267333984375,551.3017578125,718.3958129882812,545.2230834960938,721.428466796875,545.603271484375,707.4661865234375,549.6483154296875,733.8466186523438,548.4188842773438,699.0097045898438,587.7174072265625,754.3333740234375,581.8062744140625,692.338134765625,631.2623291015625,784.5753173828125,621.2490234375,697.36279296875,665.2315673828125,795.7781982421875,652.217041015625,715.9476318359375,670.8675537109375,755.5238647460938,668.78759765625,713.2857666015625,736.1318359375,769.234375,732.59521484375,705.1109619140625,802.565185546875,778.2332763671875,795.63623046875
723.6653442382812,557.49365234375,719.5633544921875,551.6736450195312,725.6310424804688,551.9544677734375,712.599853515625,555.6707763671875,743.519775390625,554.680419921875,706.15380859375,592.69970703125,766.8452758789062,587.5650024414062,695.7105712890625,639.0792846679688,788.080810546875,627.4533081054688,692.2484130859375,677.2330932617188,792.350830078125,660.0963745117188,721.8840942382812,678.4282836914062,765.5543823242188,676.2393188476562,710.208740234375,739.2015380859375,775.6085815429688,736.5841064453125,703.5733642578125,804.81298828125,783.015625,799.9688720703125
735.115478515625,564.395751953125,729.24658203125,558.5828857421875,735.3801879882812,559.265380859375,715.9571533203125,563.6541748046875,745.961669921875,563.3784790039062,708.2305908203125,601.8197021484375,767.3362426757812,596.3115844726562,695.415771484375,649.6090087890625,791.0721435546875,635.771240234375,689.5439453125,690.0789184570312,800.0362548828125,667.174560546875,722.6032104492188,688.1112060546875,765.693603515625,685.8106689453125,711.7457275390625,749.142822265625,784.648681640625,745.54296875,698.35595703125,813.29443359375,791.7767333984375,805.72509765625
751.021240234375,576.34375,745.3367919921875,570.0809936523438,749.7637939453125,571.1430053710938,727.72021484375,573.8997192382812,750.760498046875,575.754150390625,716.298583984375,610.8748168945312,766.366943359375,609.924072265625,703.99462890625,659.447265625,795.0730590820312,650.4694213867188,698.26171875,700.23681640625,816.0712280273438,674.098388671875,726.5213012695312,698.578369140625,763.7666015625,698.447509765625,711.8128662109375,756.7554931640625,788.501708984375,756.0411987304688,696.447509765625,821.381591796875,799.590576171875,818.123046875
764.1775512695312,580.8758544921875,757.8883666992188,574.4593505859375,761.549072265625,576.4241943359375,737.9521484375,579.257568359375,756.430419921875,583.6661376953125,724.3250732421875,616.5573120117188,770.9931640625,620.951171875,711.736572265625,666.535400390625,802.48828125,665.188232421875,703.8177490234375,709.7822875976562,829.9278564453125,688.0999145507812,731.7478637695312,706.2804565429688,767.0874633789062,708.8240966796875,717.697021484375,764.0403442382812,802.1396484375,766.870849609375,689.1502075195312,825.0233154296875,804.37060546875,826.54736328125
778.2530517578125,588.728515625,772.049560546875,582.0966796875,775.6060791015625,584.109130859375,750.2904052734375,585.96240234375,769.3319091796875,590.9009399414062,734.271484375,622.7489013671875,781.6912841796875,628.9077758789062,718.992431640625,670.1112060546875,812.1395874023438,671.0552368164062,710.491455078125,709.3547973632812,837.332275390625,688.088623046875,737.9703979492188,712.2327880859375,772.9923706054688,715.9973754882812,729.8565063476562,768.2429809570312,807.0767822265625,773.5849609375,695.0711669921875,827.821533203125,800.8563232421875,836.3458251953125
793.6298217773438,591.0963745117188,785.4706420898438,584.5914306640625,791.7214965820312,587.137939453125,762.3193969726562,588.29541015625,787.378662109375,593.9567260742188,748.9658203125,621.6092529296875,799.0341796875,627.0257568359375,733.0392456054688,672.8443603515625,823.7254028320312,670.9193115234375,729.9020385742188,708.7305908203125,847.9883422851562,683.5298461914062,746.1241455078125,715.884033203125,783.0274658203125,719.0671997070312,736.1696166992188,773.7718505859375,816.1166381835938,778.14404296875,686.2232055664062,830.5552368164062,791.2930908203125,835.7415161132812
803.7784423828125,593.7945556640625,798.0565185546875,587.7835693359375,802.1665649414062,589.2745971679688,775.4514770507812,592.0125732421875,797.658203125,596.5406494140625,755.063232421875,629.058837890625,806.2813720703125,635.1114501953125,737.8041381835938,677.1622314453125,838.34912109375,675.3323974609375,736.9578857421875,715.208740234375,863.8998413085938,687.07275390625,754.530517578125,721.0107421875,791.5472412109375,724.56884765625,744.1234130859375,778.9129638671875,817.46044921875,785.157958984375,699.042236328125,833.1546020507812,795.4297485351562,842.1871948242188
818.4659423828125,598.0337524414062,811.624755859375,591.4094848632812,816.6531982421875,593.9581909179688,787.626220703125,595.385498046875,811.4254150390625,601.8261108398438,767.635498046875,633.1934814453125,822.1734008789062,642.12841796875,755.8449096679688,680.8118286132812,848.23876953125,688.485107421875,774.8703002929688,686.4949951171875,879.4012451171875,681.996826171875,764.697265625,727.4736328125,803.5145874023438,732.151611328125,760.6221313476562,782.2620849609375,824.049560546875,787.7360229492188,717.1366577148438,837.98828125,792.59814453125,847.815673828125
830.984619140625,596.4299926757812,824.3025512695312,590.1681518554688,828.9326171875,592.5982666015625,800.5518798828125,593.938720703125,822.1094970703125,600.1688842773438,783.122802734375,630.4480590820312,828.2796020507812,639.173095703125,782.9066162109375,675.512451171875,850.5961303710938,684.8790283203125,811.3773193359375,687.0465698242188,885.8922119140625,686.29638671875,775.625732421875,725.3201904296875,808.20947265625,729.73876953125,771.2048950195312,785.04296875,822.8684692382812,789.9677734375,730.3280639648438,841.9388427734375,789.1959228515625,850.8458862304688
838.7254028320312,590.0923461914062,833.7301025390625,582.9237060546875,833.3319091796875,585.8768310546875,814.2803955078125,588.8934326171875,823.990234375,595.1065673828125,799.2025146484375,625.2487182617188,831.947265625,633.1552124023438,814.90478515625,670.8047485351562,850.9476318359375,682.8719482421875,868.6226806640625,669.203857421875,890.6028442382812,677.2080688476562,788.048095703125,724.712158203125,812.349609375,728.5061645507812,786.6160888671875,788.83837890625,827.3959350585938,790.9297485351562,743.268798828125,849.5914306640625,782.2412109375,851.2593383789062
847.0189208984375,582.8306274414062,842.7947387695312,575.5091552734375,841.3487548828125,578.3167724609375,824.718505859375,580.8148803710938,831.9432373046875,586.8378295898438,813.1634521484375,620.585205078125,832.77734375,628.1527709960938,828.798583984375,661.2493896484375,844.2838134765625,678.160888671875,877.1544799804688,659.9974975585938,883.3477783203125,681.78759765625,802.5882568359375,716.4454345703125,818.1567993164062,720.0717163085938,811.0775146484375,785.0985717773438,832.874267578125,786.5593872070312,775.8561401367188,852.2506713867188,799.6480712890625,853.812255859375
858.58837890625,583.3881225585938,854.641845703125,576.8231811523438,853.71728515625,579.193603515625,837.823486328125,581.783935546875,844.7200927734375,586.8670043945312,831.2477416992188,617.245361328125,837.791748046875,625.269287109375,850.3717041015625,650.9429931640625,845.2080078125,674.6646728515625,893.3036499023438,646.7598876953125,886.407958984375,682.1738891601562,820.1420288085938,715.962646484375,826.3785400390625,719.6385498046875,830.3056640625,790.9324951171875,839.77001953125,792.7311401367188,795.147705078125,859.2196044921875,806.9432373046875,860.6712646484375
867.1212158203125,590.4270629882812,862.6209716796875,583.5198974609375,862.886962890625,585.8513793945312,843.5345458984375,587.2340698242188,855.8580322265625,592.5330200195312,834.6083984375,620.004150390625,848.8521728515625,630.7944946289062,851.7064819335938,646.572265625,858.2633056640625,683.151611328125,898.7967529296875,625.609130859375,897.9402465820312,685.8505249023438,826.627197265625,720.9953002929688,837.46435546875,725.7233276367188,843.9791259765625,797.391357421875,852.6092529296875,799.9774169921875,811.0657958984375,865.2932739257812,818.4337158203125,867.0357666015625
878.7734985351562,594.6959228515625,876.1827392578125,587.4345092773438,870.480224609375,590.6365966796875,863.0978393554688,593.7294311523438,857.2695922851562,600.4146728515625,855.13330078125,627.1671752929688,857.2886352539062,638.8433227539062,869.8009033203125,651.5535888671875,869.4878540039062,688.9990234375,904.0404052734375,627.0363159179688,909.756591796875,687.8240356445312,839.8753051757812,723.5933227539062,842.486572265625,728.6272583007812,855.0730590820312,805.1002197265625,870.466064453125,807.1800537109375,822.2135009765625,875.3931884765625,839.1798095703125,873.2181396484375
888.82275390625,601.8627319335938,883.8321533203125,594.868896484375,883.3563232421875,598.2567138671875,867.5879516601562,599.6905517578125,877.13037109375,606.9315185546875,862.3515625,632.01416015625,873.196533203125,645.4268188476562,882.127685546875,654.7229614257812,875.548583984375,701.4449462890625,922.5303955078125,629.2474975585938,908.435791015625,709.6867065429688,848.730712890625,730.1197509765625,858.2664794921875,735.9823608398438,873.9651489257812,809.972900390625,889.62744140625,812.6925659179688,841.134521484375,886.0625,861.873046875,885.09716796875
897.8074951171875,616.039794921875,893.0660400390625,608.9766845703125,891.344970703125,611.884033203125,874.7476806640625,614.810546875,881.1974487304688,620.7169189453125,866.071533203125,647.5924682617188,880.0943603515625,659.0425415039062,885.3421630859375,672.6538696289062,886.3974609375,711.200927734375,931.541748046875,647.9837646484375,919.1378173828125,713.806396484375,861.717529296875,747.3011474609375,874.6417236328125,752.870849609375,882.8461303710938,822.8848876953125,910.096435546875,825.4002685546875,842.7647705078125,895.7719116210938,879.5579833984375,895.5528564453125
907.91943359375,622.7312622070312,904.275146484375,616.2431640625,901.2032470703125,619.26904296875,890.25634765625,623.830078125,889.66796875,630.2344970703125,884.6314697265625,656.2216796875,886.072509765625,669.8160400390625,899.0933837890625,677.5643920898438,894.5436401367188,723.3626708984375,930.4469604492188,651.830078125,937.9539184570312,728.06884765625,876.7510986328125,754.52197265625,882.051025390625,760.9725341796875,891.131591796875,831.69189453125,930.8226318359375,835.5441284179688,838.0911254882812,902.2055053710938,902.561767578125,901.5569458007812
922.31982421875,635.90966796875,915.1748046875,629.8470458984375,918.7314453125,632.2853393554688,893.1649169921875,636.91064453125,912.775390625,641.50390625,891.2078857421875,666.56640625,903.56787109375,677.380615234375,908.0099487304688,682.463134765625,910.8116455078125,726.25439453125,940.157470703125,655.9812622070312,944.9371948242188,734.262451171875,881.7489624023438,762.6597290039062,896.72119140625,767.41357421875,890.252685546875,840.8457641601562,944.8450927734375,841.966796875,835.9910888671875,911.6390991210938,932.4021606445312,906.6304321289062
934.1029052734375,640.3818359375,930.85498046875,633.7725219726562,928.5133666992188,636.6377563476562,918.358154296875,638.3800048828125,919.368896484375,644.7023315429688,913.0548095703125,666.78759765625,913.9769287109375,680.7288208007812,923.857177734375,678.4329223632812,920.1060791015625,731.153564453125,947.7584838867188,643.2367553710938,960.638671875,736.02783203125,895.80517578125,766.7274169921875,903.995361328125,772.1885986328125,894.775390625,845.8075561523438,962.226806640625,847.9267578125,839.9500732421875,918.9559936523438,954.61474609375,914.6361694335938
954.699462890625,644.570068359375,949.2806396484375,638.3749389648438,948.8893432617188,641.8695068359375,933.6630859375,645.9991455078125,938.913330078125,653.0365600585938,931.419189453125,676.18115234375,933.4502563476562,692.3280029296875,946.3154296875,688.388916015625,932.635986328125,744.9589233398438,965.9632568359375,659.6681518554688,964.0986328125,763.1766357421875,915.3270263671875,773.162109375,924.822998046875,780.266357421875,910.3851318359375,851.92333984375,978.0556640625,855.9109497070312,855.7353515625,923.4542236328125,969.8395385742188,922.5916748046875
968.0439453125,658.2047119140625,963.8457641601562,651.1806640625,963.647216796875,655.0243530273438,948.7655029296875,656.3844604492188,955.4033203125,665.7975463867188,945.9688110351562,689.2949829101562,943.638427734375,706.2648315429688,959.958251953125,715.6239624023438,943.772216796875,756.3614501953125,986.8001708984375,721.6068115234375,981.005615234375,769.1046142578125,932.8082275390625,782.74462890625,939.1505126953125,790.6270751953125,931.33642578125,858.244384765625,990.6226806640625,865.905517578125,888.5513916015625,926.2977905273438,995.5504150390625,934.50048828125
987.3199462890625,670.408935546875,982.45947265625,663.6318359375,981.7227783203125,668.1630249023438,969.2305908203125,669.8067016601562,970.2723388671875,680.2965087890625,968.869873046875,701.5067749023438,959.2443237304688,723.1205444335938,986.839111328125,714.1793823242188,953.9412231445312,776.0751953125,1003.515380859375,695.1070556640625,993.291015625,789.3693237304688,946.844482421875,797.494384765625,945.9337158203125,807.4957275390625,950.0772705078125,864.6912841796875,993.880615234375,873.7701416015625,912.9527587890625,931.1486206054688,991.3271484375,938.9463500976562
1005.08984375,694.0758056640625,1001.524658203125,686.9483032226562,1002.9541625976562,690.578125,985.3114013671875,687.1214599609375,996.3775634765625,697.9606323242188,975.7646484375,712.6715087890625,975.6060791015625,736.1336059570312,986.465087890625,729.7373046875,971.666015625,786.4967041015625,1014.0888671875,727.7919311523438,1009.14013671875,789.6341552734375,952.590576171875,810.6915283203125,956.5105590820312,821.712158203125,976.0311279296875,876.1524658203125,1003.7239990234375,889.57861328125,942.4586791992188,945.816162109375,995.8917846679688,963.654052734375
1012.029296875,692.3475952148438,1006.6712036132812,686.1885986328125,1007.6873779296875,689.31591796875,990.830322265625,692.3309326171875,999.1495361328125,698.95556640625,988.86376953125,723.2667236328125,985.684326171875,736.70068359375,1002.5125122070312,739.900146484375,985.131103515625,786.15380859375,1021.9351806640625,719.8565063476562,1022.51416015625,801.3671875,971.9334716796875,819.1305541992188,970.4534912109375,825.8331298828125,1012.001708984375,888.5528564453125,1014.0201416015625,892.238037109375,990.592529296875,964.3426513671875,997.0779418945312,963.7862548828125
1025.41552734375,693.4334106445312,1019.247802734375,686.3764038085938,1022.30126953125,689.5128173828125,997.8927001953125,689.134033203125,1016.4893188476562,696.59033203125,990.1353759765625,723.1444091796875,1000.1065063476562,732.8175048828125,996.6421508789062,759.49755859375,1001.071044921875,783.7794189453125,1036.7606201171875,747.0499267578125,1041.5826416015625,779.39208984375,972.4678344726562,822.976318359375,979.5977783203125,828.778076171875,1028.30712890625,888.7369995117188,1026.2557373046875,892.1064453125,999.6925048828125,961.5155639648438,998.619384765625,963.0884399414062
1029.2718505859375,671.2554931640625,1023.762939453125,665.052490234375,1024.68408203125,668.1234130859375,1005.4308471679688,672.7076416015625,1016.9390869140625,679.2999267578125,1002.779052734375,710.1973876953125,1002.7991943359375,717.5104370117188,1016.4049072265625,747.13134765625,1006.585205078125,763.8643798828125,1052.6724853515625,736.9575805664062,1046.4544677734375,754.5755615234375,986.0037231445312,809.8771362304688,986.236328125,814.5579833984375,1033.0791015625,883.44287109375,1029.6636962890625,886.072509765625,1001.187744140625,958.6182861328125,997.7015991210938,959.4721069335938
1024.6455078125,642.404296875,1019.6361083984375,635.998779296875,1020.50390625,639.6322021484375,1005.3446044921875,645.3668212890625,1017.3460693359375,653.208251953125,1007.199951171875,684.88623046875,1009.0709228515625,695.8801879882812,1024.6929931640625,714.0234985351562,1012.654541015625,741.0465087890625,1058.8345947265625,698.0238647460938,1048.474609375,733.2384033203125,999.3074340820312,787.9842529296875,1000.824951171875,793.475830078125,1026.2830810546875,870.1533203125,1024.5997314453125,874.115478515625,1001.0176391601562,950.4182739257812,999.21337890625,954.0413818359375
1027.1185302734375,620.4020385742188,1021.2254638671875,614.3184814453125,1024.0655517578125,617.6028442382812,1002.353759765625,622.8516235351562,1024.255859375,630.430908203125,1001.482177734375,655.5526123046875,1016.99365234375,671.8115844726562,1013.301513671875,672.6610717773438,1022.5650634765625,718.8103637695312,1044.7625732421875,635.6947631835938,1042.6124267578125,704.7515258789062,1006.2889404296875,760.4403076171875,1016.8834228515625,767.7613525390625,1023.3896484375,852.193603515625,1022.5582275390625,858.9808959960938,1004.7357788085938,935.5563354492188,1003.3540649414062,943.2855224609375
1029.59130859375,601.3272094726562,1023.0548095703125,595.3697509765625,1026.466552734375,598.665771484375,1002.160400390625,604.8104858398438,1027.78369140625,612.385009765625,1001.856689453125,633.9061889648438,1022.12060546875,652.8197631835938,1000.7129516601562,629.666015625,1033.7091064453125,685.9382934570312,1018.7521362304688,585.4879150390625,1045.4189453125,671.1542358398438,1015.1116333007812,741.1360473632812,1027.26806640625,749.4915161132812,1031.506591796875,831.4716796875,1028.701416015625,839.8291625976562,1008.902099609375,908.7236938476562,1005.5523681640625,917.1627197265625
1040.1998291015625,588.1649780273438,1030.200927734375,581.88623046875,1034.45263671875,586.1864013671875,1003.529296875,592.8587646484375,1029.0093994140625,601.08935546875,1003.4686889648438,622.3699951171875,1030.7974853515625,637.0805053710938,1002.358642578125,622.664306640625,1034.845458984375,665.632080078125,1023.583251953125,576.8214721679688,1042.033203125,644.4534301757812,1015.864501953125,721.7391357421875,1034.3985595703125,728.5076904296875,1037.334716796875,814.8865356445312,1052.6358642578125,819.6600341796875,998.4794311523438,888.0906372070312,1014.7322387695312,890.3032836914062
1041.3037109375,579.0932006835938,1036.2611083984375,571.732177734375,1033.23681640625,576.09619140625,1023.4616088867188,584.3721313476562,1025.7044677734375,592.12548828125,1027.3104248046875,613.67529296875,1026.998779296875,622.4463500976562,996.2679443359375,573.8489379882812,1019.1756591796875,595.275390625,989.1926879882812,514.9747924804688,1017.43212890625,552.6032104492188,1044.961181640625,717.7562866210938,1041.1669921875,722.3504028320312,1069.263427734375,805.9168701171875,1068.1041259765625,809.428955078125,1004.4503173828125,850.9971923828125,1001.189208984375,851.023193359375
1017.997802734375,577.282470703125,1016.49853515625,571.6895751953125,1014.8597412109375,573.941162109375,1019.8650512695312,584.326171875,1026.682861328125,586.9114990234375,1035.772216796875,615.5015869140625,1034.9208984375,613.4093017578125,1020.3572387695312,597.3736572265625,1024.0673828125,590.7460327148438,1010.357421875,553.7864990234375,1010.5753173828125,548.9310302734375,1055.713134765625,711.826416015625,1053.2601318359375,711.2469482421875,1062.4412841796875,791.70703125,1065.2462158203125,790.4628295898438,1005.0152587890625,840.4010009765625,1009.4356689453125,833.27685546875
1034.3792724609375,569.8500366210938,1029.365966796875,563.4175415039062,1025.93896484375,567.36572265625,1020.7919921875,574.2535400390625,1020.8373413085938,580.3880615234375,1036.1102294921875,603.4027709960938,1031.77734375,608.3670654296875,1036.3812255859375,601.5851440429688,1037.499755859375,604.9041748046875,1019.95654296875,573.5507202148438,1026.67919921875,572.4991455078125,1059.5782470703125,691.358154296875,1054.5875244140625,693.8600463867188,1057.747314453125,772.32958984375,1053.113037109375,774.8309326171875,1018.830322265625,830.0198364257812,1010.3033447265625,830.802734375
1039.2108154296875,550.9494018554688,1029.949462890625,544.83935546875,1031.163818359375,546.205810546875,1007.982666015625,564.0493774414062,1027.264404296875,561.0803833007812,1011.0301513671875,603.6033325195312,1058.8912353515625,594.281494140625,1026.900390625,607.7205810546875,1087.18017578125,594.8656005859375,1043.305419921875,581.4528198242188,1069.3739013671875,579.9248657226562,1043.462646484375,680.3270874023438,1076.774658203125,676.9105834960938,1043.1712646484375,760.1197509765625,1078.9197998046875,751.7535400390625,1019.4149780273438,834.1001586914062,1054.7919921875,819.9859619140625
1039.293212890625,549.5806274414062,1029.072021484375,542.0299682617188,1031.453369140625,543.588134765625,1005.7437744140625,558.572265625,1025.1417236328125,555.5872802734375,1009.93115234375,605.21484375,1058.244384765625,588.2503662109375,1017.643310546875,624.123291015625,1091.0799560546875,572.3394165039062,1030.2178955078125,622.4107055664062,1088.2025146484375,544.4545288085938,1048.9139404296875,681.1881103515625,1080.6754150390625,675.879638671875,1057.80712890625,763.50927734375,1088.095703125,752.6804809570312,1025.9073486328125,832.5926513671875,1054.50830078125,815.31298828125
1036.44140625,540.2257080078125,1033.3818359375,537.26611328125,1030.29345703125,539.3192138671875,1022.2650146484375,554.4730224609375,1031.02490234375,557.3941650390625,1017.560791015625,608.743408203125,1068.559814453125,575.664306640625,1020.6707153320312,645.9549560546875,1115.59521484375,534.1945190429688,1033.0467529296875,626.8914794921875,1140.222900390625,488.32672119140625,1047.6875,682.2041015625,1078.84814453125,669.602294921875,1049.6597900390625,752.258056640625,1107.423095703125,749.6046752929688,1035.4031982421875,821.777587890625,1072.6893310546875,818.2254638671875
1038.132080078125,544.789794921875,1034.975341796875,541.61083984375,1030.41552734375,542.4841918945312,1021.8129272460938,558.6799926757812,1029.26025390625,561.0873413085938,1021.7493896484375,601.6798706054688,1061.8558349609375,583.6802978515625,1050.0670166015625,588.7392578125,1108.982177734375,540.4658813476562,1085.401123046875,536.6476440429688,1132.89013671875,506.2843322753906,1054.5238037109375,690.4616088867188,1080.1019287109375,683.74951171875,1057.1619873046875,762.0624389648438,1110.818603515625,753.3236083984375,1039.7222900390625,820.42724609375,1074.9979248046875,824.9498291015625
1049.5755615234375,551.1026000976562,1039.35302734375,544.3390502929688,1040.8765869140625,544.9918823242188,1017.8212890625,566.7302856445312,1036.55810546875,559.9403076171875,1029.1817626953125,613.8451538085938,1067.90576171875,592.0179443359375,1054.791748046875,605.4112548828125,1108.8372802734375,561.6930541992188,1070.8665771484375,580.5352172851562,1110.5838623046875,544.8721923828125,1065.985107421875,695.8126220703125,1091.4310302734375,687.6050415039062,1083.3397216796875,773.066162109375,1111.450439453125,755.832275390625,1044.1221923828125,839.7896118164062,1075.84326171875,811.7763061523438
1050.468505859375,567.9765625,1042.488037109375,561.25048828125,1045.9500732421875,559.431396484375,1024.0113525390625,574.3857421875,1048.89990234375,563.1212158203125,1027.6968994140625,616.0111694335938,1082.340576171875,590.9118041992188,1057.06103515625,630.7859497070312,1125.82666015625,583.9429931640625,1080.619873046875,619.5386962890625,1117.9410400390625,581.4033813476562,1070.398193359375,700.440673828125,1107.6832275390625,691.1725463867188,1081.0985107421875,772.6314697265625,1123.0390625,755.2794799804688,1055.6201171875,851.5618896484375,1097.4287109375,823.6935424804688
1050.9222412109375,581.9813842773438,1042.551513671875,575.4326171875,1048.320068359375,573.253173828125,1026.498779296875,585.0317993164062,1058.43310546875,572.30908203125,1033.089111328125,624.897705078125,1093.1827392578125,599.1974487304688,1061.35302734375,654.4430541992188,1130.10107421875,615.1646118164062,1079.93896484375,649.3763427734375,1114.5740966796875,634.400390625,1077.552490234375,709.3325805664062,1119.63916015625,699.2081298828125,1088.526611328125,784.6265258789062,1131.270751953125,765.96044921875,1069.5439453125,862.9301147460938,1109.94482421875,832.6370849609375
1041.0037841796875,593.12939453125,1036.419921875,588.7109375,1042.1578369140625,583.9732666015625,1030.10693359375,597.1796264648438,1070.0509033203125,577.567138671875,1033.0194091796875,639.5062255859375,1100.226806640625,603.685791015625,1059.5687255859375,689.3177490234375,1131.4342041015625,642.3131103515625,1078.137451171875,692.092529296875,1111.94775390625,690.6131591796875,1079.14697265625,719.555419921875,1126.958251953125,704.3356323242188,1089.36376953125,802.7286376953125,1137.40673828125,777.239013671875,1081.511962890625,881.1966552734375,1128.010498046875,841.2236938476562
1054.876953125,610.656494140625,1049.8009033203125,605.6134643554688,1055.677978515625,602.2757568359375,1041.5078125,613.3136596679688,1078.6162109375,598.61767578125,1045.1097412109375,656.4705810546875,1107.7220458984375,625.6773681640625,1058.1356201171875,714.1862182617188,1133.7550048828125,666.9339599609375,1070.3585205078125,717.85498046875,1120.80126953125,701.850341796875,1086.0543212890625,731.0176391601562,1130.451904296875,718.3042602539062,1098.937255859375,818.8452758789062,1147.13671875,795.8839111328125,1099.1026611328125,900.7840576171875,1149.2110595703125,862.3697509765625
1063.427001953125,626.0247192382812,1057.9298095703125,620.7499389648438,1063.8963623046875,617.7880859375,1048.67822265625,627.688720703125,1086.3062744140625,614.0747680664062,1053.59912109375,671.6885986328125,1116.4315185546875,642.11083984375,1065.20849609375,730.9366455078125,1142.007568359375,691.1204833984375,1075.902099609375,723.396240234375,1132.325439453125,724.6862182617188,1096.5738525390625,749.6904296875,1140.64697265625,736.7275390625,1100.838623046875,839.8848266601562,1146.1776123046875,815.39111328125,1114.5045166015625,924.3709716796875,1158.5570068359375,882.4213256835938
1074.511962890625,652.0135498046875,1069.50927734375,646.24365234375,1074.9703369140625,642.6161499023438,1058.5379638671875,652.4910888671875,1095.7896728515625,637.306884765625,1058.56494140625,697.2911376953125,1124.106201171875,666.6483154296875,1067.364501953125,755.02197265625,1151.82080078125,718.2567138671875,1080.0374755859375,741.2293701171875,1142.436279296875,755.78173828125,1097.565185546875,776.0949096679688,1143.4215087890625,762.32421875,1105.6221923828125,861.1071166992188,1154.416259765625,834.68017578125,1128.950927734375,937.902099609375,1173.7884521484375,892.9595947265625
1086.0731201171875,669.987548828125,1080.8619384765625,665.06689453125,1086.281494140625,662.2219848632812,1068.828369140625,671.765869140625,1102.805419921875,659.286865234375,1066.4339599609375,713.7467651367188,1127.402099609375,688.3800659179688,1064.7286376953125,761.9249267578125,1157.134765625,737.9306030273438,1067.1121826171875,754.4855346679688,1162.047607421875,784.2485961914062,1101.0830078125,795.0891723632812,1142.846435546875,783.5616455078125,1112.314697265625,872.0381469726562,1157.3621826171875,848.549560546875,1135.086669921875,944.548828125,1179.3531494140625,903.6934204101562
1085.9140625,678.2129516601562,1082.7633056640625,672.929443359375,1087.7757568359375,671.5457763671875,1077.134521484375,680.2568359375,1109.0137939453125,673.3474731445312,1073.5037841796875,720.7910766601562,1132.3780517578125,706.553955078125,1066.219970703125,767.5552368164062,1157.9754638671875,755.53466796875,1070.980712890625,770.5718994140625,1169.978515625,794.4093017578125,1103.33154296875,800.810302734375,1143.410400390625,794.606201171875,1108.972900390625,873.4521484375,1156.280517578125,860.0963745117188,1133.545654296875,942.9234008789062,1181.2432861328125,918.6509399414062
1098.139892578125,677.5114135742188,1094.3245849609375,671.8939819335938,1099.321533203125,670.7616577148438,1085.712646484375,678.7178955078125,1117.3363037109375,672.4371337890625,1079.102294921875,721.0056762695312,1138.914306640625,707.7652587890625,1067.1728515625,768.1278076171875,1163.3043212890625,759.4403076171875,1069.8646240234375,765.734375,1176.7525634765625,798.1431884765625,1104.0711669921875,807.9447021484375,1144.67919921875,802.137451171875,1111.89013671875,874.925537109375,1160.462158203125,861.4546508789062,1134.9736328125,943.4317016601562,1182.939208984375,918.4348754882812
1110.46875,669.7550048828125,1105.622802734375,664.3353271484375,1111.2618408203125,662.6752319335938,1093.8126220703125,670.672119140625,1127.169189453125,662.6043701171875,1086.4622802734375,715.3053588867188,1146.162109375,697.7649536132812,1072.2113037109375,759.42529296875,1167.115966796875,752.9540405273438,1071.78759765625,743.36474609375,1180.3482666015625,794.953857421875,1108.17529296875,804.233154296875,1149.7965087890625,795.4198608398438,1113.1806640625,869.0723876953125,1167.0401611328125,849.8388061523438,1126.896728515625,939.4462280273438,1186.9617919921875,904.89306640625
1126.802734375,661.8582763671875,1121.234375,655.4246826171875,1126.545654296875,655.401611328125,1102.4373779296875,661.2750854492188,1133.255615234375,658.8828125,1089.5576171875,701.3392944335938,1148.602783203125,694.43115234375,1074.207763671875,746.8731079101562,1172.00390625,745.28662109375,1085.77099609375,764.7283935546875,1193.6734619140625,790.500732421875,1106.31689453125,792.23876953125,1146.60107421875,789.2836303710938,1114.3914794921875,856.9229736328125,1164.534423828125,847.6273193359375,1126.995361328125,925.3150634765625,1184.879638671875,908.4244384765625
1129.421875,651.6804809570312,1125.832275390625,645.7639770507812,1131.08349609375,646.2547607421875,1109.910888671875,649.6986694335938,1140.6181640625,651.2110595703125,1087.8336181640625,685.953125,1153.165771484375,688.5291748046875,1062.9736328125,730.3499755859375,1174.9393310546875,739.067138671875,1067.9171142578125,766.984619140625,1199.3443603515625,790.4205322265625,1100.291259765625,777.4715576171875,1144.95361328125,779.2069702148438,1110.1016845703125,841.0946044921875,1169.54296875,840.22802734375,1120.072021484375,905.05322265625,1187.768310546875,900.002197265625
1136.6829833984375,650.2792358398438,1132.85400390625,644.2662353515625,1138.2099609375,644.958740234375,1115.026611328125,646.9876098632812,1144.857666015625,649.6560668945312,1090.69970703125,680.9944458007812,1155.152587890625,686.59375,1064.54833984375,722.5354614257812,1176.117431640625,734.1611328125,1061.8267822265625,764.05029296875,1195.41064453125,781.6851196289062,1099.8472900390625,771.3279418945312,1143.5166015625,774.4758911132812,1112.167236328125,831.353271484375,1170.18505859375,833.7896728515625,1120.1766357421875,890.2395629882812,1185.072021484375,891.113037109375
1134.38916015625,648.4688110351562,1131.193115234375,642.5565185546875,1136.61865234375,642.9954223632812,1115.688232421875,645.1129150390625,1146.577392578125,647.2158203125,1092.6009521484375,678.8928833007812,1157.849365234375,684.1480712890625,1065.562744140625,718.5587158203125,1177.159912109375,730.4755859375,1058.0269775390625,759.3897705078125,1189.771240234375,777.87451171875,1101.075927734375,769.4793090820312,1145.318603515625,772.187744140625,1106.1851806640625,829.6817626953125,1164.5177001953125,832.2533569335938,1119.867919921875,887.3441162109375,1184.8955078125,888.7845458984375
1128.460205078125,643.1876220703125,1126.32763671875,637.6627197265625,1130.744384765625,637.9033203125,1113.31298828125,640.3694458007812,1142.47509765625,642.7391357421875,1090.69384765625,674.359619140625,1154.394775390625,681.5753784179688,1067.109130859375,711.7186279296875,1175.20751953125,730.4659423828125,1056.0235595703125,746.3351440429688,1179.2091064453125,770.221435546875,1098.9617919921875,764.7205810546875,1143.406982421875,768.0909423828125,1102.5594482421875,824.7421875,1166.4071044921875,830.3215942382812,1108.2972412109375,882.1165771484375,1182.116943359375,891.3989868164062
1119.958740234375,637.7213134765625,1117.6630859375,631.7403564453125,1121.75927734375,631.5859375,1103.887939453125,633.6875610351562,1134.4202880859375,634.5189208984375,1082.646728515625,666.0610961914062,1146.832275390625,672.5333862304688,1066.677490234375,704.5801391601562,1170.1153564453125,720.8439331054688,1060.6024169921875,740.74365234375,1160.48681640625,756.3890380859375,1098.2762451171875,754.276123046875,1144.923583984375,757.6820068359375,1094.9788818359375,814.510009765625,1165.2630615234375,821.1802368164062,1097.461181640625,874.1741943359375,1188.53662109375,885.0430908203125
1103.1817626953125,627.202880859375,1102.1729736328125,621.2523193359375,1105.6895751953125,621.0589599609375,1092.921630859375,623.6798095703125,1123.03515625,624.4795532226562,1075.72216796875,657.1987915039062,1138.485107421875,663.4869384765625,1061.8372802734375,698.4187622070312,1156.07666015625,711.9405517578125,1058.42236328125,730.902587890625,1140.843505859375,742.64794921875,1094.1915283203125,749.893310546875,1140.8399658203125,753.212890625,1084.894775390625,807.6749267578125,1159.4742431640625,814.130615234375,1089.177978515625,867.6629638671875,1184.3907470703125,878.672119140625
1090.7958984375,620.3052978515625,1088.641357421875,613.1923828125,1092.7978515625,613.0333251953125,1078.1129150390625,614.2088012695312,1107.8408203125,613.9696044921875,1068.27734375,647.449462890625,1124.25830078125,649.549072265625,1060.0177001953125,692.3057861328125,1131.207763671875,690.4122314453125,1051.2581787109375,733.7244873046875,1105.30859375,721.22216796875,1093.60498046875,740.9757080078125,1136.1580810546875,743.3740234375,1077.9669189453125,794.7533569335938,1156.529296875,800.383056640625,1078.04638671875,856.8046875,1182.5264892578125,867.4984130859375
1071.931396484375,614.0949096679688,1070.8863525390625,608.1546630859375,1074.8017578125,607.36474609375,1063.95166015625,609.4603271484375,1093.27197265625,608.230224609375,1056.010009765625,639.9508666992188,1111.9766845703125,643.1380004882812,1055.9493408203125,685.3779296875,1125.3359375,684.16650390625,1045.1005859375,734.9620971679688,1095.4034423828125,712.84326171875,1091.1529541015625,726.5142211914062,1135.2581787109375,729.3739013671875,1066.4478759765625,784.485595703125,1150.3690185546875,792.609375,1064.8883056640625,838.37158203125,1177.68603515625,852.7128295898438
1060.369384765625,607.5367431640625,1059.4273681640625,601.864501953125,1063.5211181640625,600.77880859375,1054.6455078125,605.385498046875,1084.4580078125,602.630615234375,1050.186767578125,639.21337890625,1104.5869140625,637.4280395507812,1049.6962890625,688.0401000976562,1110.11328125,677.261474609375,1037.91845703125,740.575439453125,1079.19140625,711.8573608398438,1086.701416015625,720.7772216796875,1128.890380859375,721.2670288085938,1059.5164794921875,780.169921875,1135.1854248046875,784.46728515625,1064.406982421875,830.9130249023438,1162.8428955078125,838.5078125
1048.673095703125,605.1717529296875,1048.130859375,599.3546142578125,1051.943115234375,598.158203125,1047.4716796875,602.278076171875,1077.04736328125,598.2493286132812,1047.940185546875,635.7951049804688,1099.196533203125,629.75,1041.6094970703125,688.0654296875,1101.0960693359375,675.81689453125,1027.0550537109375,740.071533203125,1072.3336181640625,721.5287475585938,1082.818359375,717.6290283203125,1122.010498046875,715.307861328125,1055.46728515625,776.6163940429688,1122.4912109375,775.9762573242188,1063.8328857421875,829.177001953125,1150.8853759765625,827.9715576171875
1048.2574462890625,600.8365478515625,1047.015380859375,595.7355346679688,1049.836181640625,594.6121826171875,1043.63623046875,600.07177734375,1068.9246826171875,595.6812744140625,1039.723388671875,633.3584594726562,1091.0538330078125,624.5184326171875,1027.0579833984375,685.848876953125,1097.9110107421875,667.968994140625,1014.2955322265625,726.99609375,1075.202880859375,703.3953247070312,1075.99609375,711.374755859375,1112.2208251953125,707.2199096679688,1048.3778076171875,768.103271484375,1096.412109375,763.929931640625,1071.8515625,824.549072265625,1124.36083984375,815.6531982421875
1038.6341552734375,593.7333984375,1038.5313720703125,589.2691650390625,1040.7265625,587.6250610351562,1039.0931396484375,594.46484375,1062.055419921875,588.64501953125,1037.5325927734375,628.9525146484375,1083.5234375,615.8960571289062,1019.6640625,675.6154174804688,1088.601806640625,647.15576171875,1002.4449462890625,705.993896484375,1064.2152099609375,666.8433227539062,1073.1187744140625,706.8369750976562,1104.8985595703125,700.5885009765625,1046.1455078125,761.840087890625,1086.3812255859375,755.2783203125,1066.32373046875,818.7779541015625,1108.496337890625,806.9159545898438
1036.18408203125,586.1278686523438,1035.414306640625,582.017333984375,1038.66552734375,581.0537719726562,1035.376953125,587.761962890625,1058.5194091796875,584.1516723632812,1035.0478515625,619.992431640625,1077.774658203125,610.9879760742188,1014.7930908203125,663.6929931640625,1076.8818359375,642.3477783203125,992.1689453125,684.886474609375,1049.7005615234375,657.7569580078125,1072.086181640625,702.1026000976562,1100.6617431640625,697.6459350585938,1049.742431640625,756.657470703125,1080.601806640625,752.1619262695312,1070.25390625,826.9385375976562,1096.272216796875,818.639404296875
1032.6455078125,578.0402221679688,1032.2108154296875,573.8936767578125,1035.5059814453125,572.57275390625,1033.1531982421875,579.9458618164062,1057.6549072265625,575.1238403320312,1032.853515625,611.5050048828125,1075.716796875,600.679443359375,1008.830322265625,654.9818115234375,1069.8336181640625,634.7393188476562,983.4715576171875,675.2415771484375,1040.2271728515625,658.3765869140625,1065.417724609375,689.0401000976562,1093.50146484375,683.4710083007812,1045.59033203125,749.1923217773438,1069.75732421875,742.5325927734375,1067.1787109375,819.76904296875,1083.517333984375,807.035400390625
1027.438232421875,565.948486328125,1028.5701904296875,561.8280639648438,1030.9151611328125,560.4534301757812,1033.60888671875,569.4907836914062,1055.978515625,565.0728759765625,1032.7628173828125,603.2572631835938,1073.2288818359375,594.4139404296875,1006.7242431640625,647.37353515625,1057.2408447265625,631.58251953125,978.6688842773438,659.714599609375,1019.8932495117188,648.7650756835938,1058.30322265625,685.445556640625,1084.637939453125,680.5142822265625,1039.6553955078125,752.4942626953125,1059.1661376953125,747.537353515625,1062.52587890625,822.8450317382812,1068.200439453125,813.087890625
1024.099853515625,557.864013671875,1025.034423828125,554.0100708007812,1027.526123046875,552.5870971679688,1028.924072265625,562.15283203125,1051.69384765625,557.7279052734375,1029.176025390625,596.3451538085938,1065.335205078125,587.5009155273438,1003.526123046875,639.0001220703125,1049.1815185546875,622.1371459960938,970.5836791992188,640.3345947265625,1009.4468994140625,624.7770385742188,1050.8961181640625,681.4813842773438,1073.7822265625,676.66796875,1036.25341796875,751.2432861328125,1049.994873046875,746.9906616210938,1063.7584228515625,819.07470703125,1060.771484375,811.2220458984375
1023.7721557617188,550.2496337890625,1025.064453125,546.6776123046875,1026.9544677734375,545.0233154296875,1028.08642578125,555.1492919921875,1048.656005859375,550.3901977539062,1028.2911376953125,589.3624877929688,1057.47412109375,580.4530029296875,1002.4610595703125,630.9281005859375,1036.6444091796875,613.4918212890625,966.0386352539062,635.5424194335938,994.9154663085938,618.2897338867188,1048.465087890625,674.2159423828125,1066.515869140625,669.3728637695312,1033.589111328125,743.3282470703125,1040.513916015625,739.3123779296875,1061.053466796875,811.3342895507812,1051.16064453125,804.1492309570312
1021.0310668945312,546.3741455078125,1021.1654052734375,542.5791625976562,1024.4903564453125,540.9306640625,1021.8121337890625,550.8505859375,1042.66943359375,546.5433349609375,1019.5057373046875,585.919921875,1054.3095703125,579.524658203125,998.71337890625,628.5277099609375,1044.9156494140625,613.4273681640625,961.9329833984375,630.1281127929688,1004.2412109375,616.70849609375,1038.2537841796875,671.1970825195312,1058.57763671875,668.3408203125,1032.53955078125,738.00341796875,1035.18603515625,736.2041015625,1062.7412109375,805.911376953125,1042.30029296875,802.4038696289062
1016.308837890625,544.6192626953125,1016.683349609375,541.0548095703125,1020.20947265625,539.0322265625,1018.1890869140625,550.5953369140625,1041.0548095703125,545.0687255859375,1017.72265625,586.3871459960938,1050.08935546875,577.922607421875,996.0833129882812,628.7747192382812,1037.205810546875,611.0457763671875,954.516845703125,628.1412353515625,988.899169921875,612.2552490234375,1033.5028076171875,669.506103515625,1052.7098388671875,665.5925903320312,1029.8602294921875,733.67138671875,1030.443359375,730.9412841796875,1058.706787109375,800.1641235351562,1040.823974609375,795.5901489257812
1010.982177734375,547.0287475585938,1012.920166015625,543.3756103515625,1014.5916748046875,541.281494140625,1018.153564453125,552.43701171875,1035.464599609375,547.0701904296875,1018.33154296875,586.7252807617188,1044.8671875,579.4683227539062,998.04736328125,628.7885131835938,1030.724853515625,614.8215942382812,955.1417236328125,627.7220458984375,981.7349853515625,616.9915771484375,1030.556640625,668.7003173828125,1046.393310546875,665.0673828125,1024.9583740234375,733.0614624023438,1025.7259521484375,730.802734375,1056.7713623046875,796.9783935546875,1041.1976318359375,792.8285522460938
1008.6351318359375,545.7265625,1010.5634765625,542.8329467773438,1011.9666748046875,540.6466064453125,1014.9931640625,554.3724365234375,1032.0860595703125,548.63427734375,1017.8157348632812,590.0205078125,1038.0155029296875,581.5076904296875,996.2896728515625,630.546630859375,1026.734375,614.486083984375,951.3719482421875,628.7120971679688,981.1353759765625,616.836181640625,1028.604248046875,668.9202880859375,1039.7952880859375,664.6337890625,1020.5408935546875,729.6859130859375,1015.3035278320312,726.1956787109375,1057.709228515625,787.142578125,1039.50537109375,781.33056640625
1004.152099609375,545.95654296875,1006.7858276367188,543.2872314453125,1006.6737670898438,540.9619140625,1012.7933349609375,554.656005859375,1025.053955078125,548.2548828125,1018.9443359375,590.9439086914062,1027.7572021484375,577.8659057617188,997.9872436523438,633.3529663085938,1013.5521240234375,604.9214477539062,954.5491943359375,634.3902587890625,969.4872436523438,603.2753295898438,1026.0626220703125,670.096435546875,1030.44677734375,663.518798828125,1015.8248291015625,731.9395751953125,1007.0571899414062,725.0462036132812,1055.7060546875,785.5610961914062,1040.87451171875,775.092041015625
1001.1553955078125,545.2523803710938,1003.0504760742188,542.1243896484375,1003.5489501953125,540.2839965820312,1007.57177734375,552.0458374023438,1024.43798828125,546.3900756835938,1014.989501953125,587.6837158203125,1029.87890625,575.7157592773438,997.0955810546875,631.77685546875,1012.320068359375,607.8394165039062,954.78125,640.6583862304688,969.3702392578125,611.9158935546875,1025.8656005859375,670.6116943359375,1034.64306640625,663.8870239257812,1008.205078125,734.7462158203125,1004.9998779296875,728.397705078125,1051.168212890625,784.226806640625,1036.6478271484375,774.8623046875
998.0596923828125,541.49072265625,999.8880615234375,537.8184204101562,1000.8656616210938,536.1766357421875,1004.507080078125,546.0514526367188,1022.40869140625,541.2203369140625,1010.7533569335938,579.5307006835938,1031.513427734375,571.07373046875,994.5076904296875,624.0498046875,1015.8557739257812,610.953125,955.5009765625,635.9749755859375,976.8922119140625,626.4635620117188,1023.6088256835938,662.269287109375,1036.0296630859375,656.8851928710938,999.1499633789062,724.940673828125,1000.059326171875,719.8079833984375,1047.29248046875,771.1598510742188,1031.7496337890625,762.2247314453125
991.6639404296875,522.9420166015625,994.8885498046875,519.820556640625,993.3389892578125,517.4281005859375,1002.811767578125,530.92529296875,1012.3809814453125,523.4049072265625,1010.5220947265625,571.4725341796875,1021.550537109375,552.224365234375,994.133056640625,616.0421142578125,1017.9840087890625,570.24169921875,955.6392822265625,638.1170043945312,992.638427734375,568.4871215820312,1019.95166015625,654.4561767578125,1025.0791015625,644.4511108398438,1001.6806640625,718.814453125,995.250732421875,708.021728515625,1043.8614501953125,768.09326171875,1027.8507080078125,752.97607421875
984.8681640625,514.6490478515625,987.376953125,510.0180358886719,986.3128662109375,508.57098388671875,994.5609130859375,519.314453125,1006.7669677734375,514.4451904296875,1003.3383178710938,557.63916015625,1021.3082885742188,546.0277709960938,993.8816528320312,605.1513671875,1019.3140869140625,579.8829956054688,961.323974609375,631.033203125,991.083984375,592.8485717773438,1019.0436401367188,643.1544189453125,1029.81494140625,636.6019897460938,992.4322509765625,706.7670288085938,997.536376953125,700.343017578125,1037.3299560546875,756.7198486328125,1032.2083740234375,746.7052001953125
988.85009765625,521.2762451171875,991.1797485351562,517.3663330078125,990.635498046875,515.8468017578125,998.996826171875,522.2841186523438,1005.5411376953125,518.0176391601562,1002.1583862304688,552.37841796875,1021.2350463867188,543.9642333984375,996.636474609375,597.68310546875,1017.6226806640625,577.018798828125,975.74658203125,624.064697265625,993.4308471679688,596.5328369140625,1022.5757446289062,631.663818359375,1034.3441162109375,627.4766845703125,1005.8406372070312,693.8001708984375,1010.1967163085938,689.7844848632812,1040.940185546875,752.766357421875,1029.302001953125,745.9376220703125
984.87158203125,507.69183349609375,987.0052490234375,503.18206787109375,986.8697509765625,501.7907409667969,995.6407470703125,507.8792724609375,1005.0909423828125,503.666259765625,1001.8184814453125,538.9492797851562,1019.3369750976562,531.6987915039062,998.2564086914062,581.6643676757812,1018.154052734375,565.260009765625,973.832275390625,610.503662109375,992.4366455078125,586.622802734375,1017.162353515625,619.5665283203125,1027.946533203125,616.0410766601562,1006.105712890625,682.9833374023438,1006.117919921875,680.4208984375,1033.9935302734375,742.3487548828125,1021.2454833984375,737.7577514648438
983.899169921875,488.58544921875,986.118408203125,484.4504699707031,986.7567138671875,482.39190673828125,992.3648681640625,492.9637756347656,1009.781005859375,486.703125,998.4715576171875,529.4342041015625,1023.4931640625,517.4906005859375,990.4095458984375,572.4967041015625,1032.3170166015625,541.0330810546875,958.2372436523438,598.8113403320312,1006.6243896484375,540.886474609375,1013.852783203125,613.2847900390625,1028.546875,607.5595092773438,999.0089111328125,678.651123046875,1001.0864868164062,674.990966796875,1031.061279296875,739.923095703125,1022.6458740234375,736.365234375
984.1474609375,488.6897277832031,985.03125,483.7434997558594,985.499267578125,482.69842529296875,988.375,489.65289306640625,1004.3853759765625,485.70538330078125,995.233154296875,522.9505004882812,1017.5146484375,514.7711181640625,985.3141479492188,566.9567260742188,1018.6142578125,552.2153930664062,957.00146484375,597.719482421875,994.01904296875,576.5650024414062,1013.051513671875,606.50537109375,1026.699951171875,601.7474975585938,999.0572509765625,673.6320190429688,1002.9131469726562,669.2951049804688,1028.1123046875,735.3989868164062,1020.826904296875,728.3387451171875
984.1869506835938,481.38250732421875,984.84521484375,476.7320251464844,986.2245483398438,475.68914794921875,990.755126953125,485.4685363769531,1007.8635864257812,481.2889709472656,999.486572265625,523.5477294921875,1019.6402587890625,514.4182739257812,986.326904296875,565.367919921875,1020.8713989257812,546.441162109375,952.46337890625,592.4970092773438,995.2840576171875,565.9005737304688,1013.9862670898438,605.1033325195312,1025.8385009765625,600.60498046875,1005.4605712890625,669.7421875,1003.3438720703125,666.0156860351562,1025.5682373046875,734.2373657226562,1017.3564453125,727.8203125
980.1216430664062,486.56036376953125,981.2548828125,481.1356201171875,981.7552490234375,479.7757568359375,987.9710083007812,488.1288757324219,1004.034423828125,482.8367614746094,995.2384643554688,525.4318237304688,1019.87451171875,516.653076171875,985.87890625,569.3941040039062,1029.4127197265625,558.9205932617188,951.1878662109375,592.9718017578125,1010.044677734375,588.710693359375,1008.9113159179688,609.4580078125,1024.015380859375,605.0105590820312,998.2764892578125,672.1464233398438,1004.3668212890625,667.34619140625,1019.6817626953125,737.57275390625,1020.453369140625,728.1258544921875
979.521484375,491.5868225097656,980.1650390625,486.1658020019531,980.8126831054688,484.94500732421875,985.972412109375,492.67236328125,1003.366455078125,487.4871826171875,993.1569213867188,529.2423095703125,1020.3685913085938,520.5372314453125,982.4324340820312,572.2777099609375,1030.937255859375,563.3297119140625,948.1937255859375,596.1953125,1012.324951171875,594.0074462890625,1006.71875,610.2757568359375,1023.8721923828125,605.8046264648438,996.41015625,673.7522583007812,1005.59130859375,668.655517578125,1013.2076416015625,741.5048217773438,1020.3261108398438,730.6505737304688
978.9150390625,469.63330078125,981.7333984375,463.68072509765625,979.105224609375,462.4073181152344,991.2708740234375,474.98712158203125,999.53271484375,469.88873291015625,996.0997314453125,522.2262573242188,1018.9476928710938,511.80242919921875,981.9742431640625,570.6549072265625,1025.48828125,557.38427734375,945.7811279296875,596.7976684570312,1008.9342041015625,592.6896362304688,1008.26513671875,610.7576904296875,1022.779052734375,604.84619140625,991.282958984375,675.1119384765625,1006.610595703125,667.3756103515625,1010.373046875,746.0678100585938,1023.536865234375,730.6880493164062
976.2346801757812,501.65185546875,977.345458984375,496.10577392578125,978.7044677734375,494.7298583984375,985.0048828125,501.49755859375,1002.6945190429688,496.2003479003906,991.5734252929688,537.19580078125,1019.1885986328125,528.2655029296875,976.9923706054688,581.2288818359375,1020.67041015625,571.877197265625,943.5413818359375,603.71826171875,998.2666625976562,603.1800537109375,1007.0051879882812,619.195556640625,1024.9852294921875,614.2969970703125,992.9908447265625,679.9234619140625,1005.87109375,674.2943725585938,1008.3201904296875,748.91943359375,1018.2557373046875,737.3219604492188
973.8334350585938,508.838623046875,974.5361938476562,503.6143798828125,975.8128662109375,502.2144775390625,980.9561767578125,507.8290100097656,997.4899291992188,502.57391357421875,987.7664794921875,541.5442504882812,1014.9146118164062,532.332763671875,974.4700927734375,585.8506469726562,1019.14892578125,573.855224609375,938.8895263671875,610.670166015625,997.8426513671875,600.7640380859375,1005.35693359375,621.8427734375,1023.3704833984375,616.9296875,991.0045166015625,684.9485473632812,1008.4107055664062,679.5958251953125,1004.6209716796875,754.0450439453125,1021.4192504882812,742.2999267578125
977.2172241210938,495.8572082519531,979.540771484375,490.7353515625,977.597900390625,489.7303161621094,987.0064086914062,500.64642333984375,994.9501953125,496.7174377441406,991.1776123046875,541.2243041992188,1010.0026245117188,532.2301025390625,973.5455932617188,583.397216796875,1011.5278930664062,566.2559814453125,938.5471801757812,609.7749633789062,994.047607421875,586.118408203125,1006.8712158203125,622.0491333007812,1018.7396240234375,617.2145385742188,990.088623046875,686.7352294921875,1004.3106079101562,681.7020263671875,1006.9298095703125,756.37060546875,1021.0680541992188,746.122314453125
977.984619140625,495.0392761230469,980.018798828125,489.1235046386719,976.9114379882812,488.230224609375,986.0284423828125,497.2151184082031,991.3536987304688,492.7068786621094,990.4788208007812,537.5692138671875,1006.3900146484375,524.4153442382812,971.3265380859375,580.7301635742188,1006.6338500976562,556.5249633789062,939.5883178710938,595.7313232421875,989.37353515625,573.82373046875,1006.240234375,621.83056640625,1016.3719482421875,614.8419189453125,986.9521484375,688.15771484375,999.9906005859375,678.0224609375,1008.71630859375,757.4474487304688,1023.0979614257812,738.57763671875
975.261962890625,502.9875183105469,975.1971435546875,498.199462890625,976.59130859375,496.9367980957031,976.0947265625,504.2743835449219,996.6278076171875,499.3092956542969,975.8675537109375,539.3223266601562,1014.9007568359375,527.5272827148438,960.45166015625,581.151123046875,1030.2537841796875,558.78369140625,943.8408203125,604.330078125,1024.25244140625,577.6198120117188,994.9078369140625,616.8475952148438,1019.7327880859375,611.4183349609375,982.8739013671875,683.4880981445312,1004.294677734375,676.3002319335938,1003.7459106445312,748.5892333984375,1020.8128051757812,734.817138671875
969.2462158203125,511.43597412109375,969.1803588867188,506.667236328125,970.76806640625,505.084716796875,970.85302734375,510.3608093261719,992.3267822265625,504.3721923828125,972.4227905273438,540.1595458984375,1011.9837646484375,527.77197265625,961.9103393554688,581.1179809570312,1029.04443359375,559.9293212890625,947.1375732421875,603.1516723632812,1017.293701171875,579.91357421875,991.6693115234375,614.6784057617188,1017.5606689453125,608.974609375,978.6383056640625,679.9708251953125,1001.3388671875,672.481689453125,999.207275390625,744.4282836914062,1019.7383422851562,730.021484375
963.4561157226562,516.4026489257812,963.7379150390625,511.3865661621094,964.9509887695312,510.19970703125,966.485595703125,515.0528564453125,985.4541015625,510.2667236328125,968.4617919921875,543.5391235351562,1005.036865234375,533.580810546875,956.5472412109375,582.5628662109375,1013.9515380859375,569.0579833984375,944.5299682617188,601.6014404296875,1003.322021484375,595.7901611328125,990.7259521484375,615.6121215820312,1014.9451904296875,610.5573120117188,970.0482177734375,678.6318359375,994.46728515625,671.1001586914062,993.3704223632812,742.9661865234375,1014.1007080078125,727.7078247070312
955.1270141601562,514.2144775390625,955.43896484375,509.3431091308594,956.647705078125,508.126708984375,958.869873046875,514.3316040039062,978.5595703125,509.452880859375,961.7774047851562,545.6453247070312,1000.6326904296875,536.4476318359375,952.8409423828125,586.458251953125,1011.60986328125,575.6084594726562,941.452880859375,607.64501953125,1000.4996337890625,604.6974487304688,984.7940673828125,617.5823364257812,1011.2565307617188,612.8582763671875,962.2388305664062,678.8944091796875,991.389404296875,672.1237182617188,984.2774047851562,742.6519775390625,1012.3648681640625,728.6619873046875
953.8833618164062,521.4408569335938,953.59814453125,516.2899169921875,955.3687133789062,515.0208740234375,955.8394775390625,520.89208984375,974.9755859375,515.6343994140625,959.834716796875,553.5032348632812,996.8571166992188,542.7962036132812,952.1556396484375,599.786865234375,1004.8594970703125,582.760009765625,934.724609375,624.54443359375,989.8862915039062,610.2422485351562,988.970947265625,624.41064453125,1015.0065307617188,618.8412475585938,955.5423583984375,681.5344848632812,991.6221313476562,674.4985961914062,974.2657470703125,743.2454223632812,1012.801025390625,730.0645141601562
951.88916015625,529.0200805664062,951.9061279296875,524.5625,953.7797241210938,522.3302001953125,953.6314086914062,528.227783203125,974.0372314453125,520.827880859375,957.8131103515625,560.8988647460938,994.6431884765625,545.8888549804688,953.4246826171875,612.5523681640625,1008.3753662109375,588.959716796875,934.5525512695312,635.4263916015625,989.9192504882812,624.504638671875,982.5882568359375,631.4856567382812,1008.7901000976562,624.0477294921875,949.1700439453125,687.9718017578125,987.3453369140625,677.0897216796875,964.5145263671875,754.9796142578125,1009.00341796875,735.85302734375
942.4923706054688,541.0582275390625,942.8014526367188,536.1280517578125,943.8653564453125,534.4835815429688,947.047119140625,537.9601440429688,965.1009521484375,531.9073486328125,955.1065063476562,569.1416015625,987.27099609375,556.010498046875,949.9381713867188,619.8070068359375,993.6505737304688,597.4956665039062,926.533447265625,647.3187866210938,966.4501953125,633.1984252929688,981.52783203125,641.2708740234375,1006.584228515625,634.759765625,941.786865234375,693.922607421875,987.3858032226562,684.8392333984375,949.530517578125,757.14404296875,1012.00732421875,740.609130859375
935.935546875,553.9150390625,935.6575927734375,549.037841796875,937.3892211914062,547.2265625,939.0142822265625,550.3963012695312,958.5408935546875,543.5806884765625,946.173828125,580.4763793945312,984.4052734375,566.066650390625,942.4242553710938,627.183349609375,999.4806518554688,602.7666015625,919.5068359375,653.3604736328125,977.8445434570312,637.5739135742188,975.644287109375,653.5943603515625,1004.873291015625,646.647705078125,934.4312744140625,698.2593994140625,988.2412719726562,688.5338134765625,940.2772216796875,758.5234375,1013.2988891601562,741.2777709960938
926.38916015625,559.4708251953125,926.517578125,554.924072265625,927.968017578125,552.801025390625,929.9642944335938,557.5999145507812,949.0882568359375,549.93994140625,936.3619995117188,589.336181640625,974.2606201171875,573.8029174804688,930.3692626953125,638.5181884765625,983.5894775390625,612.5450439453125,910.2506103515625,660.8595581054688,961.2819213867188,646.869873046875,974.6658325195312,658.3859252929688,1004.2003784179688,651.21923828125,932.0953369140625,700.0528564453125,989.0007934570312,689.391845703125,936.75,762.3590087890625,1015.0634765625,743.1168823242188
921.2448120117188,561.2916870117188,920.464111328125,556.802734375,923.0623168945312,554.3536987304688,922.3170776367188,559.8272094726562,943.8140258789062,550.88427734375,926.93798828125,592.0999145507812,973.5390625,572.6221923828125,924.394287109375,640.0406494140625,1000.633544921875,604.6654052734375,911.7178955078125,666.7661743164062,994.0506591796875,640.5302734375,966.3795776367188,662.7494506835938,1000.64111328125,654.0972900390625,929.4105224609375,705.8941040039062,992.344482421875,692.5381469726562,934.3699951171875,766.3218383789062,1016.4317626953125,743.42822265625
918.4810180664062,566.5068359375,917.278564453125,561.8089599609375,920.6329345703125,559.5647583007812,918.029296875,563.4860229492188,942.4273681640625,555.1148071289062,919.5697021484375,594.57275390625,973.37939453125,576.3609619140625,917.3102416992188,644.3935546875,1000.6114501953125,611.3742065429688,911.521728515625,666.3812866210938,994.1708984375,642.4044189453125,957.8768310546875,665.71435546875,997.187744140625,657.8331298828125,927.1251220703125,711.2353515625,993.53076171875,699.03369140625,931.9647216796875,770.5903930664062,1014.265380859375,750.2469482421875
919.6453857421875,564.73291015625,916.314453125,559.751220703125,920.25244140625,557.9411010742188,911.19189453125,564.2496948242188,940.7836303710938,555.74951171875,909.3192138671875,600.714599609375,971.3958740234375,579.69287109375,905.9664916992188,651.13427734375,999.272216796875,613.96484375,906.2677001953125,682.3101806640625,995.1070556640625,648.6920166015625,943.504638671875,665.4542846679688,988.18408203125,655.7816772460938,920.658203125,709.1290893554688,985.738037109375,694.2215576171875,929.9686889648438,771.03662109375,1009.9033813476562,746.052734375
929.301025390625,557.847900390625,924.0107421875,552.852783203125,928.304443359375,551.97705078125,912.113525390625,559.2596435546875,940.7249755859375,553.0615234375,908.2021484375,597.3546142578125,967.7108154296875,579.8840942382812,906.328857421875,646.49169921875,996.296630859375,612.8482055664062,907.5499267578125,681.02880859375,998.5797119140625,647.8566284179688,939.5364990234375,661.6635131835938,982.3717041015625,654.3463134765625,927.5059814453125,714.0296630859375,990.326171875,701.3935546875,934.935791015625,770.6702270507812,1011.791748046875,748.887451171875
933.338134765625,554.3614501953125,928.1025390625,549.1826171875,932.495849609375,548.77490234375,915.3722534179688,555.1390380859375,944.266845703125,550.9873046875,908.202392578125,593.3152465820312,969.59619140625,580.2742919921875,905.5625610351562,640.5994873046875,999.135986328125,613.9488525390625,910.59521484375,675.4271240234375,1004.241943359375,644.885986328125,934.2342529296875,662.8173217773438,977.9364013671875,657.7953491210938,931.4404907226562,713.259765625,991.096435546875,704.4266357421875,936.0604248046875,771.7764892578125,1005.983154296875,756.2942504882812
935.364501953125,549.8885498046875,931.2781982421875,545.0681762695312,935.6658935546875,544.5650634765625,919.7877197265625,549.768798828125,948.1221923828125,546.8896484375,910.7543334960938,586.529296875,970.8967895507812,577.2933959960938,905.99365234375,634.1913452148438,1000.7432861328125,611.951904296875,909.8680419921875,672.1287841796875,1007.427001953125,641.2335205078125,937.068359375,660.1807861328125,979.2460327148438,657.1130981445312,933.3006591796875,713.8314208984375,989.4369506835938,708.8424072265625,936.2520751953125,774.1922607421875,998.8936767578125,764.9771728515625
942.7161254882812,543.793701171875,937.4697265625,538.6334228515625,942.270263671875,538.8590087890625,922.2994384765625,543.5271606445312,950.9481811523438,542.71826171875,912.4158935546875,580.5909423828125,971.7421875,574.9525146484375,905.7503662109375,627.483154296875,1001.0297241210938,611.7867431640625,910.630126953125,665.0589599609375,1011.8369750976562,639.6593627929688,937.126220703125,655.32373046875,978.22119140625,653.8792724609375,936.0003662109375,714.7991943359375,988.01416015625,711.7651977539062,934.55615234375,777.9501342773438,991.0973510742188,771.2318115234375
947.8743896484375,541.4569091796875,942.716796875,535.9859619140625,947.0325927734375,536.5660400390625,926.222412109375,540.2144165039062,953.65625,540.8446044921875,914.3353271484375,576.9393920898438,973.2257080078125,574.5082397460938,906.421630859375,623.18505859375,1001.728759765625,612.574462890625,913.939697265625,661.1588134765625,1013.2578735351562,638.72216796875,939.0797119140625,655.554931640625,979.564208984375,655.5565185546875,937.5587768554688,717.74462890625,986.1311645507812,716.9691162109375,935.031005859375,781.5162353515625,985.4423217773438,778.4071044921875
956.60888671875,541.3922119140625,950.5509033203125,535.2051391601562,953.5714111328125,536.4249267578125,931.3060913085938,541.314453125,951.748291015625,542.6744995117188,919.5975952148438,578.3524169921875,968.4266967773438,576.7478637695312,910.6814575195312,622.5418090820312,988.7110595703125,615.7191162109375,919.7222900390625,652.048095703125,1005.2272338867188,641.4437866210938,938.6412963867188,659.8759765625,971.8665771484375,659.913330078125,941.9432373046875,727.0025634765625,984.1935424804688,724.4495849609375,935.5904541015625,789.08837890625,975.3114624023438,781.09521484375
960.9212646484375,546.2513427734375,954.3760986328125,540.3428344726562,958.11328125,541.8099975585938,932.3858642578125,545.1343994140625,957.4755249023438,547.8553466796875,917.1572265625,583.3443603515625,973.8165893554688,583.6229858398438,909.2520751953125,627.651123046875,997.7144775390625,623.2653198242188,927.4894409179688,650.0468139648438,1014.0558471679688,638.0534057617188,934.4500122070312,666.4334106445312,973.612060546875,667.5572509765625,942.5652465820312,730.91552734375,985.7099609375,730.3368530273438,932.537109375,798.0331420898438,974.518310546875,795.233154296875
966.202880859375,549.326171875,959.0394287109375,543.1975708007812,962.8624267578125,545.107666015625,935.228759765625,548.3232421875,957.9794311523438,552.2098999023438,919.2635498046875,587.08642578125,970.2735595703125,589.6866455078125,910.34716796875,630.8505859375,991.796630859375,633.0128173828125,927.3291015625,649.9766235351562,1015.2852783203125,649.415283203125,931.7838134765625,674.29638671875,967.21240234375,676.434814453125,946.56201171875,738.1100463867188,988.9560546875,738.322998046875,929.525146484375,803.8076171875,972.2413330078125,802.1951293945312
969.7239990234375,561.0641479492188,962.049072265625,554.478271484375,965.7540893554688,556.5692749023438,938.6270751953125,559.458984375,959.745849609375,562.9591674804688,924.963134765625,598.256103515625,970.7369384765625,600.6380615234375,914.4478759765625,638.333984375,990.0037841796875,650.41748046875,929.8844604492188,636.516845703125,1017.5198364257812,665.5943603515625,933.75390625,688.0423583984375,965.7601318359375,689.3963623046875,949.342041015625,753.26171875,991.0902099609375,751.001220703125,924.341796875,817.9039306640625,968.2978515625,811.75634765625
973.6726684570312,572.4735717773438,967.3255615234375,566.0150146484375,969.879638671875,568.241455078125,945.431640625,569.9505615234375,961.6751708984375,574.7906494140625,929.5084228515625,605.1536865234375,967.8936767578125,611.6356201171875,918.1972045898438,641.3994140625,984.4348754882812,661.457275390625,935.9584350585938,640.9800415039062,1018.281982421875,678.2704467773438,936.2796020507812,694.380126953125,962.9287719726562,697.6854248046875,953.944091796875,759.2318115234375,991.3961791992188,759.8363037109375,926.658935546875,820.572265625,965.3599853515625,818.7823486328125
979.4221801757812,578.6902465820312,974.1066284179688,572.109130859375,975.3557739257812,574.630859375,952.422119140625,576.0244140625,964.950439453125,582.4586181640625,933.6787719726562,609.8779907226562,966.5657958984375,621.9786376953125,921.5264892578125,641.016845703125,980.3139038085938,673.7350463867188,941.1192626953125,636.2740478515625,1016.1429443359375,688.2332763671875,939.0639038085938,700.9305419921875,962.222900390625,706.8280029296875,957.0146484375,763.33740234375,992.5111083984375,767.90380859375,926.3583984375,822.953369140625,965.6337890625,827.5402221679688
983.613525390625,583.1492919921875,980.7123413085938,576.0426025390625,978.522705078125,578.9817504882812,962.64794921875,578.1463623046875,967.34375,586.1912231445312,941.8518676757812,610.4525146484375,968.3302001953125,624.9713134765625,933.6135864257812,647.847900390625,980.008544921875,676.9594116210938,962.193359375,656.9102172851562,1015.49560546875,692.8449096679688,942.62255859375,702.863525390625,962.053955078125,710.4153442382812,962.6361694335938,764.716552734375,993.4920654296875,772.0830078125,930.5337524414062,824.0625,966.476318359375,835.06298828125
988.1954345703125,582.8908081054688,984.46923828125,575.5252075195312,983.0256958007812,578.87451171875,964.54931640625,579.23828125,970.966796875,588.331787109375,946.230224609375,614.218505859375,970.1004638671875,630.4052734375,948.9305419921875,654.3029174804688,981.5289916992188,682.457275390625,985.373291015625,669.1126098632812,1018.364501953125,694.613525390625,945.7992553710938,704.5610961914062,964.001708984375,713.09423828125,960.7139282226562,766.545166015625,990.592529296875,775.618896484375,931.5170288085938,830.373046875,966.9970092773438,844.5137329101562
994.7261352539062,589.9253540039062,991.354736328125,582.190673828125,990.0958251953125,585.8026123046875,971.9281005859375,584.136474609375,980.84619140625,594.1136474609375,953.9913330078125,617.3296508789062,976.8176879882812,635.21337890625,957.9888916015625,660.8870849609375,983.7896118164062,689.6921997070312,1001.2992553710938,675.4715576171875,1019.921630859375,697.7319946289062,950.5193481445312,709.3975219726562,968.5384521484375,718.6770629882812,959.3973388671875,772.927734375,987.163330078125,783.144775390625,935.20166015625,841.1451416015625,970.5411376953125,856.690673828125
997.1009521484375,601.9963989257812,996.4749755859375,594.4253540039062,990.2440795898438,597.2407836914062,984.2971801757812,597.725830078125,978.475830078125,604.7437744140625,968.876708984375,630.4908447265625,977.787353515625,642.65625,975.9757690429688,676.0446166992188,986.8658447265625,695.5784912109375,1015.7158203125,685.8826904296875,1021.97802734375,699.8194580078125,964.542236328125,720.1387939453125,972.6693115234375,726.6912841796875,971.0549926757812,791.0469970703125,991.004638671875,798.148193359375,940.5324096679688,855.3081665039062,963.28125,866.3690185546875
1004.049072265625,606.3104858398438,1002.3028564453125,599.8651123046875,998.7303466796875,602.653564453125,989.6483154296875,605.0791015625,989.6716918945312,611.8405151367188,979.6422119140625,637.3756103515625,981.93505859375,650.7540893554688,985.2410888671875,674.6160278320312,984.8736572265625,702.9706420898438,1020.9136962890625,668.6809692382812,1025.1326904296875,703.0311279296875,972.8236083984375,730.6404418945312,976.941650390625,737.4882202148438,974.270751953125,799.1676025390625,991.92333984375,806.5899658203125,930.6749267578125,857.455078125,958.6077880859375,867.847900390625
1006.18212890625,606.5963134765625,1005.868408203125,599.8060913085938,999.9732666015625,602.86181640625,995.5343627929688,605.3336181640625,988.8675537109375,613.41259765625,982.8564453125,638.40087890625,982.345947265625,655.5418701171875,992.8507690429688,671.9451904296875,986.80908203125,705.1474609375,1029.18701171875,671.465576171875,1029.127685546875,698.8189086914062,976.7528686523438,731.7919311523438,978.8907470703125,740.6815185546875,979.4298706054688,799.857421875,998.837890625,811.8685913085938,931.157958984375,854.6981201171875,958.9476318359375,873.343017578125
1008.9031982421875,607.5670166015625,1009.6807250976562,600.5372314453125,1001.93408203125,603.2459716796875,1000.56005859375,603.806640625,987.8834838867188,611.419677734375,987.0523681640625,639.7864379882812,983.1443481445312,654.21044921875,994.6558227539062,676.54443359375,992.2740478515625,700.8457641601562,1032.3603515625,683.1845703125,1026.1212158203125,691.0047607421875,980.140625,737.817138671875,980.1828002929688,744.9970703125,974.95166015625,804.8765869140625,998.59228515625,815.5521240234375,925.358154296875,857.6397705078125,959.801025390625,875.1134033203125
1011.5633544921875,598.2210693359375,1009.9443969726562,591.4310913085938,1004.872314453125,594.0496826171875,997.7738037109375,597.5850219726562,990.7395629882812,603.76611328125,991.862548828125,638.5122680664062,984.0679321289062,648.032470703125,997.99560546875,677.6278076171875,991.0112915039062,694.825927734375,1028.38720703125,676.800048828125,1025.391845703125,686.1239624023438,988.388427734375,738.6454467773438,985.35205078125,743.272705078125,981.3920288085938,808.1006469726562,999.6156005859375,813.94580078125,927.2020263671875,863.896484375,958.1533813476562,872.7252197265625
1014.8021850585938,596.5853271484375,1012.625,590.1092529296875,1006.4986572265625,592.955810546875,1001.92578125,598.4725341796875,991.1409301757812,603.7947998046875,999.41552734375,634.0050048828125,988.1534423828125,641.884521484375,1007.3980712890625,676.3975830078125,994.6528930664062,690.775390625,1029.0023193359375,668.5930786132812,1031.043212890625,680.540283203125,995.7242431640625,733.9820556640625,989.8802490234375,738.3760986328125,999.2525634765625,810.3418579101562,1014.80322265625,815.093994140625,936.653564453125,864.44677734375,958.2845458984375,869.7702026367188
1017.1503295898438,597.4959716796875,1013.2996215820312,590.944091796875,1009.2969360351562,594.2830200195312,1000.4307861328125,597.45361328125,994.3958740234375,603.689453125,1000.455078125,629.6529541015625,990.8336181640625,639.1533203125,1008.5794677734375,671.2191162109375,991.4295654296875,690.6017456054688,1030.147705078125,658.14697265625,1027.56494140625,678.2374267578125,1001.9130249023438,726.5172729492188,997.3800659179688,731.5928344726562,1005.188720703125,805.14599609375,1021.2386474609375,810.2938232421875,942.689453125,861.6082763671875,964.3236694335938,866.4993896484375
1014.9658203125,591.6182861328125,1010.288818359375,585.1251220703125,1007.0277099609375,590.6972045898438,999.537841796875,592.8125,996.1441650390625,605.1737060546875,1004.2374267578125,621.9427490234375,997.000244140625,643.5108032226562,1012.4877319335938,646.3814086914062,996.6454467773438,690.3126220703125,1031.407958984375,624.6375732421875,1027.6771240234375,671.090087890625,1008.7099609375,717.087890625,1006.209716796875,727.4024047851562,1006.0162353515625,799.1376953125,1027.5621337890625,810.4771728515625,949.1215209960938,864.8834838867188,981.2503051757812,876.9944458007812
1016.152587890625,596.9642944335938,1012.2664794921875,590.6470947265625,1006.9742431640625,595.508544921875,1003.8050537109375,598.1192626953125,992.99365234375,608.2227172851562,1014.6614990234375,628.4732055664062,993.25439453125,644.1986083984375,1026.1204833984375,659.2886962890625,999.493408203125,690.29541015625,1029.0821533203125,636.3309326171875,1026.8306884765625,666.8181762695312,1021.6034545898438,725.4129638671875,1008.7780151367188,732.5147705078125,1014.5425415039062,807.0228271484375,1028.7689208984375,814.8614501953125,961.0863647460938,873.8168334960938,986.7907104492188,881.114990234375
1015.7484130859375,596.0047607421875,1008.7647705078125,589.9974975585938,1008.7581787109375,595.18310546875,993.913818359375,601.0789794921875,1005.35009765625,611.7720336914062,1002.650634765625,630.808349609375,1009.9349365234375,651.75390625,1011.83740234375,635.432861328125,1015.2808837890625,691.5394287109375,1018.8682250976562,600.8942260742188,1023.4850463867188,676.0577392578125,1016.2928466796875,727.5966186523438,1024.1065673828125,736.6070556640625,1011.9825439453125,805.843994140625,1047.918701171875,815.0388793945312,962.8294677734375,876.8115234375,1018.8372802734375,881.86572265625
1021.5709228515625,612.9912109375,1018.4305419921875,606.2936401367188,1013.320556640625,608.626953125,1007.0300903320312,613.5269775390625,1002.8955078125,617.322509765625,1006.786865234375,647.6266479492188,1017.6353759765625,656.1459350585938,1039.540771484375,678.517822265625,1044.896240234375,690.8110961914062,1054.04833984375,654.6119384765625,1045.100830078125,652.9480590820312,1022.6876220703125,743.140869140625,1034.156494140625,748.4688720703125,1016.09619140625,816.190673828125,1055.090576171875,824.2391357421875,974.4947509765625,876.2127685546875,1024.693603515625,889.9622802734375
1021.7459106445312,620.9410400390625,1017.1348876953125,613.812255859375,1014.404541015625,615.3441772460938,1002.43115234375,623.1444091796875,1004.055419921875,624.7146606445312,1008.1658935546875,653.7548217773438,1017.3070678710938,663.4332275390625,1058.0211181640625,658.63427734375,1063.1729736328125,677.1925048828125,1060.10107421875,650.3607788085938,1058.362548828125,654.278076171875,1027.148681640625,748.552001953125,1036.7813720703125,754.6005859375,1016.988037109375,821.9403076171875,1058.836181640625,833.3697509765625,975.3458862304688,879.786376953125,1036.0281982421875,901.878662109375
1022.3309326171875,630.5711669921875,1016.8017578125,624.361328125,1014.598388671875,626.19873046875,1000.4368896484375,639.7900390625,1008.282470703125,640.5735473632812,1002.8961181640625,675.6676025390625,1027.030029296875,675.7161865234375,1034.5343017578125,667.192138671875,1068.0810546875,668.0719604492188,1066.1126708984375,652.5797119140625,1080.269287109375,651.2274780273438,1021.488525390625,765.0375366210938,1041.60400390625,766.2852172851562,1006.98193359375,839.4171752929688,1063.1185302734375,839.4083862304688,967.097412109375,906.1866455078125,1048.1536865234375,907.0537719726562
1028.0009765625,638.7685546875,1022.5413818359375,633.1494140625,1022.0093994140625,634.7598266601562,1005.7108154296875,648.56005859375,1014.5986328125,650.1234130859375,1009.10302734375,683.1390380859375,1030.173828125,684.18798828125,1045.64990234375,669.292724609375,1081.35009765625,664.75,1087.9263916015625,634.64453125,1117.354248046875,617.1139526367188,1033.0726318359375,775.095458984375,1050.6529541015625,778.28076171875,1019.8756713867188,851.474853515625,1080.7435302734375,853.948974609375,969.8692626953125,915.951416015625,1064.3800048828125,920.84716796875
1035.552734375,658.6302490234375,1027.6435546875,652.975341796875,1029.432373046875,654.5257568359375,1005.5630493164062,667.8934936523438,1019.6517333984375,668.2864379882812,1011.221435546875,699.75927734375,1031.9716796875,698.3350830078125,1053.67578125,678.1849975585938,1091.447998046875,670.8899536132812,1097.2314453125,652.5304565429688,1132.1199951171875,629.4060668945312,1031.22265625,792.6185302734375,1047.688232421875,794.055419921875,1033.8697509765625,870.2437133789062,1092.2518310546875,870.2791748046875,972.5572509765625,925.9481201171875,1060.465087890625,926.9935913085938
1037.9986572265625,665.697998046875,1033.994873046875,659.318115234375,1029.698974609375,662.131103515625,1021.968505859375,671.6146240234375,1016.1937255859375,676.5997314453125,1031.50830078125,703.8102416992188,1025.863525390625,714.1762084960938,1085.2591552734375,691.832275390625,1078.034423828125,712.7392578125,1124.747802734375,676.0869750976562,1121.70751953125,683.01611328125,1049.9881591796875,803.9427490234375,1051.422119140625,810.021240234375,1044.634033203125,874.0855712890625,1107.6636962890625,881.4873046875,974.09375,922.45751953125,1077.076171875,933.305419921875
1040.744140625,668.3050537109375,1033.5283203125,660.9716796875,1032.4202880859375,662.7064208984375,1013.20166015625,676.1985473632812,1023.7236328125,676.2924194335938,1017.98388671875,715.89794921875,1040.932861328125,717.6429443359375,1074.6524658203125,714.7805786132812,1093.29736328125,723.1153564453125,1109.9759521484375,720.7164916992188,1112.0479736328125,721.1419677734375,1035.053955078125,813.0137939453125,1055.0277099609375,815.393798828125,1044.508544921875,879.8145751953125,1103.434814453125,882.4056396484375,983.5576171875,928.5587768554688,1068.761474609375,933.7608032226562
1044.9224853515625,665.2069091796875,1035.925537109375,658.88623046875,1041.03662109375,660.7439575195312,1010.3360595703125,670.67529296875,1036.847412109375,672.638427734375,1001.5896606445312,714.552734375,1051.9859619140625,713.2738037109375,1005.2206420898438,754.453857421875,1090.403076171875,743.859619140625,1027.138427734375,772.1804809570312,1121.022705078125,748.044921875,1021.1651611328125,810.3978271484375,1057.2957763671875,811.6453857421875,1034.640380859375,876.30810546875,1095.53955078125,876.0719604492188,985.7618408203125,932.6607666015625,1062.726318359375,932.1129150390625
1030.907958984375,662.5825805664062,1026.713623046875,656.6156005859375,1031.19189453125,657.6607666015625,1013.45654296875,661.85498046875,1039.9822998046875,664.2122192382812,1000.6793212890625,698.36181640625,1051.89453125,703.2800903320312,993.19775390625,739.2606811523438,1080.439208984375,753.7102661132812,1006.28271484375,753.710693359375,1109.169189453125,774.2900390625,1013.490234375,797.934814453125,1049.979248046875,800.8363037109375,1021.3692626953125,867.0560302734375,1086.63427734375,869.838134765625,983.1756591796875,928.30810546875,1065.6484375,929.3782958984375
1035.90478515625,651.6215209960938,1033.4847412109375,644.9866943359375,1037.2353515625,646.3274536132812,1017.925537109375,646.9065551757812,1044.567138671875,652.4619140625,997.1643676757812,682.3125,1044.0557861328125,696.7608642578125,984.4442138671875,724.1602172851562,1055.6846923828125,758.417236328125,1009.7215576171875,730.6834106445312,1079.396240234375,771.1935424804688,1009.2327880859375,789.8331298828125,1044.4437255859375,796.72412109375,1010.892822265625,859.2877807617188,1070.1212158203125,868.857177734375,975.6242065429688,921.0106201171875,1055.772705078125,935.0555419921875
1034.7041015625,644.721435546875,1032.7552490234375,638.193603515625,1036.484619140625,639.6669311523438,1018.003662109375,640.79248046875,1045.578125,647.2242431640625,994.3065185546875,675.5869140625,1043.4422607421875,692.637451171875,975.4730224609375,713.8709106445312,1048.919677734375,755.4578857421875,989.798583984375,726.851806640625,1061.301513671875,779.209716796875,996.1407470703125,779.83447265625,1033.192138671875,787.530029296875,1001.679931640625,847.870361328125,1062.221923828125,859.118896484375,970.2229614257812,913.9061279296875,1053.1778564453125,931.219482421875
1034.560791015625,642.9739379882812,1032.72509765625,635.7250366210938,1035.417236328125,638.1248779296875,1017.2208251953125,637.652099609375,1044.78564453125,646.6328735351562,990.1915283203125,670.8190307617188,1045.0009765625,690.52783203125,972.4905395507812,711.5501098632812,1046.781982421875,748.3397216796875,992.5577392578125,747.459716796875,1053.411376953125,785.8453369140625,983.2979736328125,768.6544189453125,1023.8936767578125,778.49853515625,998.48388671875,837.2003173828125,1060.007568359375,850.7623901367188,965.1165161132812,900.6410522460938,1045.4210205078125,920.802490234375
1035.844970703125,641.8267211914062,1033.3001708984375,634.7462158203125,1036.77880859375,636.9191284179688,1015.825927734375,637.2167358398438,1044.072021484375,645.5498046875,987.3758544921875,670.2978515625,1044.150146484375,688.9425659179688,969.847412109375,714.4441528320312,1044.7462158203125,745.6695556640625,981.4088134765625,758.8505859375,1045.8623046875,785.3895263671875,976.2996826171875,767.5775146484375,1017.46630859375,777.1309814453125,993.4332275390625,832.7872924804688,1054.797607421875,847.285400390625,955.4249267578125,889.8751831054688,1029.452880859375,912.4909057617188
1035.70654296875,644.8729858398438,1031.089111328125,637.55126953125,1035.843017578125,640.6700439453125,1012.1395263671875,640.152099609375,1042.8232421875,649.574951171875,986.4160766601562,673.0515747070312,1046.700927734375,690.654541015625,962.033447265625,720.2877807617188,1043.373291015625,747.3448486328125,965.93310546875,765.6696166992188,1042.9964599609375,786.84521484375,969.2858276367188,768.4993896484375,1012.756103515625,777.292236328125,981.346435546875,832.248291015625,1050.26806640625,844.8180541992188,933.1649169921875,888.5689697265625,1015.92822265625,905.5506591796875
1030.73388671875,652.0720825195312,1025.77490234375,644.6837158203125,1030.849609375,647.615234375,1006.4807739257812,646.5540161132812,1038.1123046875,655.0521240234375,982.6126098632812,678.0396728515625,1041.7919921875,694.0484008789062,959.982421875,726.885009765625,1038.270751953125,751.9791870117188,962.2340087890625,771.3938598632812,1033.6533203125,792.0064086914062,963.334228515625,770.7120361328125,1006.3472900390625,778.5439453125,971.026611328125,838.6448364257812,1039.5843505859375,850.2042846679688,920.9322509765625,894.5650634765625,1005.0079345703125,910.7843627929688
1020.7208862304688,655.6409912109375,1016.7200317382812,648.246826171875,1022.0355834960938,650.5931396484375,999.6900634765625,650.2842407226562,1030.91552734375,657.9444580078125,976.6883544921875,683.0910034179688,1034.3822021484375,701.1243896484375,957.319091796875,729.5953979492188,1034.83203125,758.00830078125,944.063720703125,777.49365234375,1021.0380249023438,795.1068115234375,960.3682861328125,783.6055908203125,1002.7596435546875,792.3447875976562,957.4339599609375,840.9410400390625,1031.4559326171875,856.6041870117188,908.0484619140625,893.9176025390625,1001.4585571289062,919.5970458984375
1006.6048583984375,656.160400390625,1003.1932373046875,649.057861328125,1008.8994140625,650.7650146484375,988.715087890625,651.06396484375,1020.56640625,657.107666015625,967.367919921875,683.4813232421875,1027.391845703125,699.43359375,951.3209228515625,729.1121826171875,1033.4100341796875,753.3963623046875,935.7500610351562,775.9827880859375,1018.632568359375,787.8875732421875,956.1036987304688,783.0413818359375,999.8929443359375,790.8623657226562,950.2827758789062,839.0167236328125,1026.5970458984375,854.2056884765625,906.288818359375,892.71630859375,1001.32666015625,918.8142700195312
990.1585693359375,653.165771484375,987.444091796875,646.6397705078125,992.55908203125,647.674560546875,975.1236572265625,649.5980224609375,1007.0553588867188,653.802978515625,952.1458740234375,681.8645629882812,1017.0269165039062,696.5482788085938,936.090087890625,727.7767333984375,1026.892333984375,754.1102294921875,921.622314453125,773.5506591796875,1007.928955078125,793.369873046875,945.0444946289062,776.5592651367188,993.1114501953125,783.5714721679688,936.0177612304688,832.038330078125,1014.9425048828125,845.679443359375,902.3568115234375,893.9675903320312,1003.9677734375,915.0709228515625
977.199462890625,646.896728515625,976.4822998046875,640.9058837890625,981.05419921875,641.469970703125,965.885986328125,643.0157470703125,996.72900390625,648.08056640625,941.3431396484375,675.959228515625,1003.7769775390625,693.1942138671875,923.673583984375,722.0339965820312,1018.3929443359375,749.7954711914062,908.51513671875,774.7919311523438,1001.4771728515625,783.1868896484375,941.624755859375,771.3421630859375,988.0068969726562,779.241943359375,923.20361328125,829.9762573242188,1002.3920288085938,847.158203125,899.6976928710938,888.5198364257812,1002.5352783203125,918.78271484375
965.6927490234375,640.6354370117188,964.1878662109375,634.43359375,968.7288208007812,635.3869018554688,953.23876953125,637.8221435546875,984.3857421875,642.813232421875,931.3519287109375,674.0595703125,997.0032958984375,687.8681030273438,911.0447998046875,721.2798461914062,1011.5537109375,743.8778686523438,897.048095703125,772.0911254882812,1004.1615600585938,783.992919921875,933.3997802734375,765.6185302734375,981.4464111328125,772.212646484375,910.9216918945312,824.5453491210938,993.018798828125,837.2978515625,897.5091552734375,882.2642822265625,1002.582763671875,904.1292114257812
954.2593994140625,637.6194458007812,952.200439453125,631.276123046875,957.2547607421875,632.2007446289062,941.5513916015625,633.8380737304688,973.0626220703125,638.0697631835938,922.9323120117188,669.8682861328125,985.6616821289062,680.6085205078125,903.1829833984375,719.8201293945312,999.8311157226562,738.2129516601562,891.0325927734375,772.9143676757812,998.8541259765625,784.8460693359375,926.4581298828125,761.6867065429688,972.2364501953125,767.0181884765625,911.0960083007812,821.709228515625,989.2841796875,831.4373779296875,898.4326171875,882.667724609375,999.2532348632812,898.7757568359375
944.8902587890625,631.1138916015625,943.07177734375,625.2584838867188,947.6561279296875,625.3851318359375,933.1078491210938,629.1624755859375,963.333984375,631.0383911132812,915.39404296875,665.8709106445312,976.672607421875,673.30517578125,899.3638916015625,713.1673583984375,996.1373291015625,727.2341918945312,883.9132690429688,761.9998168945312,993.0009155273438,769.9267578125,924.992431640625,756.5704345703125,969.243408203125,760.04443359375,911.7526245117188,819.7337646484375,982.3995361328125,827.3344116210938,901.31787109375,883.2996826171875,990.033203125,895.091064453125
936.4703369140625,624.8883056640625,934.1170654296875,618.9859619140625,939.4449462890625,618.756591796875,924.9473876953125,623.6031494140625,956.69091796875,623.3941040039062,908.5552368164062,660.787109375,970.7347412109375,664.2138671875,892.9791870117188,709.7271728515625,991.9876098632812,717.4290771484375,882.8946533203125,754.4269409179688,993.3078002929688,759.57763671875,919.33740234375,753.6219482421875,963.0208740234375,755.7861328125,913.3613891601562,817.4895629882812,975.7864379882812,822.6419677734375,900.6725463867188,883.8367309570312,978.9959106445312,891.0631713867188
936.7352294921875,619.5732421875,933.4857788085938,613.472412109375,938.8053588867188,613.3194580078125,921.6298828125,617.9544677734375,953.5343627929688,617.466796875,904.998046875,655.476318359375,968.3483276367188,657.3289794921875,888.8250732421875,703.0816040039062,991.031494140625,708.5125122070312,879.4876098632812,745.3814697265625,993.642822265625,750.218017578125,918.4842529296875,747.9144287109375,962.783447265625,749.3568115234375,912.0093994140625,813.4110717773438,974.3168334960938,816.8748779296875,899.5096435546875,882.6416015625,977.3250732421875,886.6339111328125
933.0615234375,613.1766357421875,929.85205078125,607.2183227539062,935.4718017578125,607.0108032226562,919.8177490234375,612.0363159179688,952.64013671875,610.8875732421875,904.2421875,647.9984130859375,969.9412841796875,648.4392700195312,886.4310302734375,698.3380126953125,991.909423828125,702.0289306640625,876.7307739257812,740.4757080078125,994.574951171875,749.1517333984375,916.48681640625,739.7926025390625,962.1494750976562,740.4766845703125,909.0195922851562,807.747314453125,971.968994140625,809.50341796875,895.256591796875,879.5965576171875,972.6072998046875,880.1672973632812
926.4830932617188,609.0829467773438,924.4553833007812,603.3319702148438,929.7904052734375,602.9837036132812,917.9793090820312,608.4425048828125,949.718994140625,607.3976440429688,902.9002685546875,644.52685546875,967.6600341796875,645.7765502929688,884.7189331054688,693.3567504882812,990.657470703125,698.0648193359375,874.3862915039062,736.4534912109375,994.9625244140625,744.4026489257812,915.6944580078125,734.086669921875,961.0233154296875,735.069580078125,906.2315673828125,798.9501342773438,972.3687744140625,801.6677856445312,894.9696044921875,867.8748779296875,978.19775390625,870.6934814453125
925.7587890625,608.36669921875,923.9471435546875,602.5505981445312,928.8951416015625,602.2041015625,917.4984741210938,606.9098510742188,947.6298828125,606.0139770507812,901.6951904296875,642.1734619140625,965.345458984375,643.3652954101562,884.3171997070312,691.6002197265625,988.8465576171875,695.6445922851562,873.9904174804688,735.9205322265625,993.3367309570312,741.1705322265625,912.6942138671875,731.0890502929688,958.6588134765625,731.8885498046875,899.925048828125,792.7736206054688,976.7315673828125,795.34033203125,888.3851318359375,861.427734375,989.9752197265625,864.6275024414062
928.5806884765625,611.2592163085938,925.6927490234375,604.98681640625,930.51611328125,605.1365356445312,916.319580078125,609.476318359375,945.2191772460938,609.1484375,904.3905029296875,646.2715454101562,963.316650390625,646.2473754882812,887.5562744140625,693.1972045898438,986.116943359375,695.506103515625,876.1554565429688,735.6326293945312,993.3609619140625,741.105712890625,915.358154296875,735.0272827148438,959.8355712890625,735.299560546875,893.5050659179688,792.4815673828125,983.634033203125,793.6661376953125,880.2394409179688,855.5626831054688,1007.4873046875,858.8004150390625
925.2430419921875,615.7635498046875,922.45947265625,609.9775390625,927.6204833984375,609.8997802734375,913.6165771484375,612.621337890625,944.5565185546875,612.1741943359375,900.3733520507812,648.635986328125,961.6656494140625,646.9116821289062,880.2327880859375,697.5296020507812,985.620849609375,695.6961669921875,868.7969970703125,744.02685546875,990.24755859375,738.4178466796875,908.417236328125,735.935302734375,957.43603515625,734.7926025390625,876.979248046875,793.676025390625,988.6234130859375,793.3335571289062,852.575927734375,857.6786499023438,1019.2113647460938,856.8609008789062
928.264892578125,619.85693359375,924.1092529296875,613.9063110351562,929.4439086914062,614.1777954101562,911.183837890625,616.966552734375,942.1649780273438,616.8433837890625,897.8433837890625,654.6712646484375,959.111572265625,652.730224609375,876.5484619140625,705.2689819335938,983.9723510742188,702.9061889648438,864.45068359375,753.633544921875,991.0322265625,748.663330078125,908.1136474609375,742.34130859375,959.0842895507812,741.1214599609375,868.79345703125,796.8074951171875,996.0803833007812,795.59521484375,833.22412109375,856.1107177734375,1029.10205078125,853.0603637695312
921.97216796875,629.9625244140625,918.487060546875,624.2271728515625,923.1223754882812,624.3536376953125,908.2205200195312,628.3331909179688,935.538330078125,627.77978515625,895.8832397460938,663.1558837890625,954.6996459960938,662.91650390625,880.5892333984375,714.1848754882812,982.8671875,714.0188598632812,865.9771728515625,757.9649658203125,990.35546875,754.2178955078125,908.9664916992188,751.7371826171875,958.5050048828125,751.7100830078125,869.572509765625,799.8387451171875,1003.736083984375,800.7381591796875,828.3355712890625,848.2963256835938,1032.5396728515625,847.109619140625
910.914306640625,642.0460205078125,908.96875,636.752685546875,914.01220703125,636.5872802734375,905.5460815429688,641.2804565429688,932.5352783203125,640.3056640625,896.856201171875,677.7593994140625,953.4166259765625,675.1273193359375,880.3143310546875,726.2498779296875,974.8687133789062,720.2474975585938,865.7645263671875,767.5761108398438,980.9093627929688,754.5264892578125,907.35595703125,760.7510986328125,957.471435546875,759.21533203125,857.1568603515625,800.4986572265625,1002.1907958984375,800.389404296875,815.3487548828125,850.3954467773438,1037.9017333984375,850.9293823242188
912.3671875,651.23046875,909.7996215820312,646.0128173828125,914.2664794921875,645.7832641601562,903.0194091796875,651.05419921875,928.5926513671875,649.6632690429688,892.4785766601562,687.18212890625,948.7098388671875,683.587646484375,875.2918701171875,738.566650390625,976.196044921875,728.8442993164062,860.5582275390625,779.2708740234375,985.100341796875,760.085693359375,908.9196166992188,770.0377807617188,957.6685180664062,768.2899169921875,861.5181884765625,803.8929443359375,1003.893310546875,803.1199951171875,816.6163330078125,850.3485107421875,1035.84228515625,847.9423828125
920.7498779296875,661.4717407226562,917.48876953125,656.048095703125,922.724365234375,655.84716796875,907.2734985351562,659.7802124023438,935.801513671875,658.7364501953125,892.8753662109375,693.8907470703125,955.3651123046875,691.0484008789062,873.9263916015625,746.6060791015625,984.6989135742188,736.700439453125,861.2969970703125,789.1510009765625,990.7890625,765.9409790039062,904.8375244140625,777.1104736328125,957.549560546875,775.7276000976562,857.2245483398438,801.3488159179688,1000.1196899414062,801.5370483398438,814.376220703125,847.1978759765625,1032.177001953125,847.0944213867188
935.8206787109375,666.7308349609375,931.8733520507812,661.3673095703125,937.3408203125,661.2800903320312,917.9144287109375,665.0595092773438,946.9454956054688,664.571533203125,900.5814208984375,697.7844848632812,964.2093505859375,697.1176147460938,880.95263671875,749.0804443359375,994.645263671875,743.18212890625,869.0839233398438,790.0695190429688,999.5849609375,771.2725830078125,908.7379150390625,781.156005859375,961.5894775390625,780.8380126953125,862.0087280273438,795.7868041992188,1000.8887329101562,797.4149169921875,815.7786865234375,844.8955078125,1026.4197998046875,846.791015625
959.1048583984375,667.875732421875,953.5245361328125,662.2589721679688,960.1096801757812,662.6057739257812,934.814208984375,665.7881469726562,964.1612548828125,666.420166015625,914.787353515625,700.3275146484375,979.9989013671875,700.1226196289062,892.1771850585938,749.9943237304688,1007.6958618164062,744.76318359375,882.13720703125,786.82958984375,1020.9730224609375,773.906982421875,913.7616577148438,781.6426391601562,968.2230224609375,781.5439453125,863.6817626953125,792.1669921875,1008.2191162109375,792.90673828125,812.748779296875,846.7564086914062,1027.7613525390625,847.7125854492188
985.9066772460938,665.438720703125,980.4911499023438,659.721435546875,986.236328125,660.5519409179688,960.2308959960938,662.6275634765625,985.6697387695312,665.105712890625,937.2843017578125,695.009033203125,996.7298583984375,698.80810546875,908.8460083007812,743.456298828125,1023.6740112304688,744.1251220703125,896.7504272460938,780.6015014648438,1044.724609375,772.7301635742188,928.2914428710938,774.1005249023438,978.3045654296875,775.8790283203125,879.2221069335938,797.4051513671875,1021.412353515625,800.5266723632812,813.9881591796875,842.1939697265625,1029.76953125,845.4010009765625
1007.367919921875,667.7327270507812,1002.2946166992188,662.2073974609375,1008.4052734375,663.722412109375,985.1767578125,665.5630493164062,1011.9522705078125,669.8961791992188,964.2972412109375,696.4049072265625,1021.1310424804688,704.0396118164062,926.955810546875,736.1867065429688,1046.1788330078125,750.2598876953125,908.040771484375,764.515380859375,1072.7835693359375,781.5826416015625,943.4771728515625,773.974609375,990.309814453125,777.1300048828125,890.2831420898438,790.000732421875,1024.424072265625,794.6171875,814.31103515625,839.6363525390625,1021.578857421875,845.0839233398438
1034.5057373046875,672.8497924804688,1028.569091796875,667.1507568359375,1035.278564453125,668.85302734375,1008.67919921875,668.5308837890625,1035.748291015625,673.5825805664062,985.7620849609375,695.5789184570312,1043.8980712890625,705.8554077148438,945.7608642578125,734.0643310546875,1073.4764404296875,753.7501831054688,921.2213134765625,762.4239501953125,1099.3671875,785.906005859375,960.0668334960938,768.3531494140625,1007.4450073242188,772.4884033203125,907.57763671875,789.3414916992188,1042.927978515625,795.7291259765625,823.3304443359375,834.0064697265625,1032.4425048828125,842.1403198242188
1064.2685546875,681.7207641601562,1057.3323974609375,675.3226928710938,1063.37548828125,677.684326171875,1034.1868896484375,674.5087280273438,1058.644775390625,680.8529663085938,1008.0994262695312,698.7666015625,1064.14111328125,709.6341552734375,962.3770751953125,733.7008056640625,1097.6885986328125,757.2888793945312,938.6738891601562,758.5667724609375,1128.908203125,792.5872192382812,966.098876953125,768.913330078125,1011.3919677734375,773.0379638671875,932.035400390625,788.31494140625,1059.616943359375,793.084228515625,840.29345703125,834.1644287109375,1043.154296875,839.437255859375
1088.5244140625,689.3936157226562,1079.9075927734375,683.5692138671875,1087.383056640625,685.9100341796875,1053.0411376953125,684.0889282226562,1079.018310546875,689.7090454101562,1027.50439453125,706.677490234375,1084.8499755859375,716.4425048828125,980.5406494140625,739.0062255859375,1116.5386962890625,759.3832397460938,948.767578125,760.1599731445312,1148.59423828125,792.083251953125,985.9873046875,771.0220947265625,1029.966796875,774.8489990234375,941.7174682617188,798.9771728515625,1062.1241455078125,803.9558715820312,846.0582275390625,833.5848388671875,1030.362548828125,840.2176513671875
1108.390869140625,694.5263671875,1099.65576171875,688.1320190429688,1106.669677734375,691.31005859375,1073.03515625,687.6000366210938,1098.640869140625,695.4845581054688,1048.05419921875,710.1408081054688,1104.307373046875,723.0890502929688,1003.3555297851562,740.845458984375,1138.0472412109375,766.00439453125,984.3517456054688,755.3234252929688,1173.810791015625,792.064697265625,1002.5088500976562,771.73876953125,1046.097900390625,776.9225463867188,958.4097290039062,804.0784912109375,1073.0528564453125,810.2590942382812,860.6392822265625,831.3876342773438,1039.8160400390625,839.6640625
1128.017822265625,698.9927978515625,1119.7861328125,692.8457641601562,1127.7021484375,696.234619140625,1095.439208984375,691.8585205078125,1122.3194580078125,700.8373413085938,1070.470947265625,714.1975708007812,1126.0709228515625,728.0667724609375,1033.964111328125,750.0537109375,1156.3018798828125,768.4736938476562,1021.302978515625,774.4169311523438,1191.658203125,789.010009765625,1016.7723388671875,773.4639892578125,1060.4183349609375,779.6490478515625,973.2731323242188,806.83837890625,1096.5186767578125,816.234130859375,876.5164794921875,825.1878662109375,1061.673828125,841.2425537109375
1147.215576171875,704.7782592773438,1138.958984375,698.6178588867188,1145.915771484375,701.9920043945312,1114.57958984375,697.791259765625,1138.1107177734375,706.50634765625,1090.7127685546875,717.214599609375,1139.429931640625,729.8804931640625,1056.868896484375,751.872802734375,1175.2928466796875,768.000732421875,1050.9744873046875,766.645751953125,1218.4647216796875,779.2824096679688,1031.824951171875,775.1731567382812,1069.77587890625,781.2060546875,1004.6321411132812,817.071044921875,1117.0224609375,825.9545288085938,889.334228515625,824.8773193359375,1060.5328369140625,839.919921875
1165.75634765625,714.5023193359375,1158.7510986328125,707.7903442382812,1164.6881103515625,711.898681640625,1134.6165771484375,703.4617309570312,1157.7071533203125,715.1398315429688,1103.304931640625,719.6201171875,1160.437255859375,738.9266357421875,1062.017822265625,755.80810546875,1193.951171875,780.65283203125,1055.7911376953125,773.76953125,1229.60693359375,783.9425048828125,1045.4661865234375,779.6984252929688,1088.255615234375,788.4783935546875,1020.243896484375,823.3200073242188,1138.2904052734375,837.305419921875,915.9318237304688,817.5091552734375,1085.5303955078125,841.6207275390625
1185.8070068359375,723.9591674804688,1177.69921875,717.9632568359375,1185.461181640625,720.9629516601562,1150.0875244140625,714.89208984375,1175.5223388671875,723.6582641601562,1118.734130859375,730.099853515625,1177.942138671875,744.2026977539062,1074.4547119140625,768.5831298828125,1212.50927734375,778.926025390625,1054.955322265625,798.95947265625,1243.676025390625,787.0343017578125,1066.9498291015625,782.6478881835938,1111.70947265625,789.4703979492188,1030.16552734375,825.3836059570312,1156.099853515625,837.9453125,922.77587890625,820.3251953125,1106.62548828125,843.7626342773438
1205.21435546875,732.134033203125,1197.993896484375,724.073486328125,1200.9560546875,727.4371337890625,1170.473388671875,719.2227172851562,1188.5130615234375,728.0179443359375,1145.146484375,734.7431640625,1191.837890625,751.0559692382812,1119.3203125,765.0899658203125,1230.94384765625,790.5267333984375,1116.689697265625,791.4677734375,1253.9505615234375,808.694580078125,1090.4012451171875,781.8988037109375,1130.01904296875,789.005859375,1054.5274658203125,824.356689453125,1171.2320556640625,835.0079956054688,957.8841552734375,831.2118530273438,1145.162353515625,849.5106811523438
1219.9171142578125,736.16259765625,1213.3873291015625,727.6478271484375,1215.0810546875,731.3623657226562,1186.89013671875,721.3671264648438,1204.4091796875,731.0458374023438,1164.490478515625,736.103515625,1206.1839599609375,753.994140625,1150.00537109375,765.7808837890625,1232.999267578125,796.3641357421875,1163.146728515625,794.4168090820312,1251.0245361328125,817.1375732421875,1107.940185546875,785.1361083984375,1145.9102783203125,792.571533203125,1062.57666015625,828.5926513671875,1178.80712890625,839.3475341796875,973.4313354492188,830.5638427734375,1160.760986328125,848.1290283203125
1231.60205078125,736.088623046875,1224.9654541015625,727.8406982421875,1227.743896484375,732.081787109375,1200.3746337890625,722.5075073242188,1217.8837890625,733.5828857421875,1176.7972412109375,738.050048828125,1215.8074951171875,757.5906982421875,1155.499755859375,774.5826416015625,1235.867431640625,805.3727416992188,1162.9251708984375,799.2614135742188,1254.748779296875,825.697265625,1118.4058837890625,781.6971435546875,1152.972900390625,790.3671875,1083.7034912109375,824.52734375,1184.3148193359375,836.576171875,994.813232421875,828.0247192382812,1157.764404296875,847.6160888671875
1241.828369140625,733.1493530273438,1235.031494140625,725.352783203125,1238.2275390625,728.4974365234375,1210.5595703125,720.7783203125,1228.366455078125,728.303955078125,1190.15673828125,733.5391845703125,1225.427978515625,748.311767578125,1169.8802490234375,767.93310546875,1245.19921875,795.0384521484375,1170.49072265625,793.6907958984375,1260.86767578125,826.97119140625,1136.730224609375,780.5286865234375,1168.0792236328125,786.9886474609375,1107.4390869140625,824.2802124023438,1201.1669921875,833.3032836914062,1006.0059814453125,825.7467041015625,1159.228759765625,840.5560302734375
1250.03955078125,725.753662109375,1243.2474365234375,717.5302124023438,1246.355224609375,721.4403076171875,1218.3543701171875,712.5286865234375,1236.487548828125,722.7672729492188,1196.437255859375,725.385498046875,1233.9822998046875,744.809326171875,1172.785888671875,759.0,1247.4910888671875,792.1029052734375,1171.8775634765625,788.9630126953125,1257.8978271484375,820.067626953125,1141.9100341796875,776.8009033203125,1173.7645263671875,785.2523803710938,1118.439208984375,820.8787841796875,1207.15234375,833.1747436523438,1025.144775390625,820.915771484375,1162.9434814453125,839.7804565429688
1254.9541015625,720.5946044921875,1247.516845703125,712.8903198242188,1252.4290771484375,717.0504150390625,1224.40283203125,709.745849609375,1244.973388671875,720.0347900390625,1204.0213623046875,726.2020263671875,1241.918212890625,742.7904052734375,1178.9580078125,767.8165283203125,1243.8238525390625,792.5555419921875,1181.204345703125,795.2275390625,1255.8165283203125,819.2303466796875,1149.845703125,776.1769409179688,1181.23046875,783.6337280273438,1124.375244140625,818.5306396484375,1206.4249267578125,828.8688354492188,1036.597900390625,822.5374755859375,1157.8447265625,838.22705078125
1256.2037353515625,712.176025390625,1250.650634765625,705.5945434570312,1255.734619140625,709.1359252929688,1230.9903564453125,702.4273071289062,1252.2008056640625,712.559814453125,1207.475830078125,716.4474487304688,1248.583251953125,737.1551513671875,1175.060546875,754.1533203125,1252.548828125,786.9483642578125,1163.6942138671875,790.358642578125,1263.8017578125,821.0462036132812,1155.2374267578125,767.914306640625,1187.186767578125,777.282470703125,1128.5548095703125,812.5559692382812,1208.5926513671875,826.8419189453125,1048.6270751953125,819.448486328125,1163.802734375,840.5673828125
1260.251220703125,708.3215942382812,1252.2918701171875,701.6220092773438,1260.0753173828125,706.256103515625,1230.94482421875,698.6321411132812,1258.14892578125,710.6051635742188,1210.64404296875,713.1982421875,1258.7955322265625,734.10302734375,1172.8992919921875,753.2919921875,1255.6614990234375,784.51123046875,1156.131591796875,786.177001953125,1261.0618896484375,812.795654296875,1167.475830078125,768.0924682617188,1203.8388671875,776.9658203125,1140.7052001953125,814.918212890625,1226.9052734375,828.309814453125,1056.53466796875,815.684814453125,1171.64013671875,835.0494384765625
1262.54931640625,706.4923095703125,1254.9482421875,699.72607421875,1262.23681640625,703.7561645507812,1233.7213134765625,696.608642578125,1260.1693115234375,706.867919921875,1213.0167236328125,711.4373168945312,1261.294677734375,729.7884521484375,1180.909423828125,752.7601318359375,1258.8411865234375,781.15185546875,1171.31494140625,783.1514892578125,1265.0465087890625,813.1834716796875,1173.9608154296875,765.2918701171875,1210.908935546875,773.4867553710938,1151.3621826171875,812.3050537109375,1236.322021484375,823.98681640625,1072.877197265625,819.2316284179688,1186.2373046875,835.9154663085938
1261.8052978515625,703.7474975585938,1255.3431396484375,697.119140625,1262.225341796875,700.4448852539062,1235.7576904296875,694.2830810546875,1262.4677734375,703.1338500976562,1214.861328125,711.4036254882812,1263.666259765625,727.35693359375,1184.392578125,754.03955078125,1261.8465576171875,777.7644653320312,1174.5718994140625,788.6713256835938,1266.31982421875,812.635009765625,1178.13134765625,763.5723876953125,1215.9765625,770.6734619140625,1147.595458984375,809.517822265625,1233.94287109375,819.986328125,1087.9847412109375,820.8177490234375,1206.458984375,836.4292602539062
1260.6475830078125,702.6011352539062,1256.047607421875,696.6868896484375,1261.8223876953125,698.7261352539062,1238.25146484375,694.144287109375,1262.400634765625,700.3656616210938,1214.9697265625,711.0895385742188,1260.192626953125,724.0855102539062,1187.923828125,751.0537719726562,1260.53564453125,771.5032958984375,1179.2264404296875,789.100341796875,1265.58056640625,811.42529296875,1177.506103515625,762.2354736328125,1212.607421875,768.1231689453125,1153.32373046875,806.2830810546875,1231.097412109375,815.7962036132812,1104.935546875,822.2217407226562,1213.891357421875,837.9940795898438
1260.2174072265625,703.6737060546875,1255.53173828125,697.6028442382812,1261.1163330078125,699.7459106445312,1237.801025390625,694.622802734375,1261.6956787109375,700.9234619140625,1214.275146484375,710.7685546875,1259.492919921875,724.2180786132812,1188.000732421875,749.072998046875,1260.5594482421875,772.5098876953125,1182.02978515625,782.841064453125,1267.01904296875,813.4091796875,1177.24462890625,760.5205078125,1212.0078125,766.8367919921875,1162.7232666015625,803.7718505859375,1236.185302734375,813.0106201171875,1112.6104736328125,823.51171875,1215.388427734375,838.049560546875
1257.46630859375,702.7901611328125,1253.1510009765625,696.8775634765625,1258.597900390625,698.99072265625,1236.14794921875,694.37646484375,1260.2332763671875,700.9031982421875,1212.7423095703125,709.516357421875,1259.3968505859375,724.273681640625,1187.13232421875,746.3900756835938,1261.9654541015625,771.7568359375,1178.62255859375,781.9676513671875,1265.234130859375,812.24365234375,1180.6224365234375,753.1246337890625,1215.6614990234375,760.0455322265625,1165.260009765625,798.0208740234375,1234.5263671875,808.44580078125,1125.06103515625,824.0711059570312,1219.4237060546875,840.7647705078125
1254.5322265625,703.8485107421875,1250.280029296875,698.0042724609375,1255.6396484375,700.1058349609375,1233.11083984375,695.4810180664062,1256.9053955078125,702.1500854492188,1208.9793701171875,709.9122314453125,1257.436279296875,725.7012939453125,1184.49609375,745.700927734375,1262.73828125,772.7561645507812,1175.9552001953125,783.3134765625,1266.3603515625,814.4124755859375,1181.0596923828125,751.0855712890625,1217.1309814453125,758.6290283203125,1166.2987060546875,794.1784057617188,1236.156494140625,805.5126953125,1128.585693359375,821.358154296875,1222.385009765625,839.58251953125
1252.0853271484375,704.0225830078125,1247.922607421875,698.1483764648438,1253.130126953125,700.473876953125,1230.4669189453125,695.305908203125,1253.923095703125,702.9185791015625,1205.75048828125,708.1260986328125,1255.129150390625,726.5997314453125,1182.000732421875,742.2431640625,1262.1070556640625,773.52392578125,1171.28857421875,781.6796264648438,1263.70361328125,813.42236328125,1182.3533935546875,745.3775634765625,1217.6513671875,754.2003173828125,1171.819091796875,786.8735961914062,1232.92578125,800.24658203125,1145.302978515625,816.213134765625,1221.6416015625,837.5643310546875
1249.8255615234375,701.99658203125,1245.4891357421875,696.1729736328125,1250.8326416015625,698.3863525390625,1226.4080810546875,693.4951782226562,1250.531494140625,701.0183715820312,1199.8004150390625,706.995361328125,1251.9002685546875,724.5530395507812,1175.89599609375,743.1519775390625,1260.10986328125,772.6126098632812,1167.9964599609375,784.6089477539062,1266.3951416015625,813.1572875976562,1181.4241943359375,743.48779296875,1215.48974609375,751.9561767578125,1188.7706298828125,788.85791015625,1229.173828125,801.09912109375,1180.556640625,819.113525390625,1216.825439453125,838.0083618164062
1247.47265625,697.6609497070312,1242.96435546875,692.0181884765625,1248.351318359375,694.019775390625,1223.206298828125,690.7600708007812,1247.445068359375,697.607177734375,1196.610595703125,707.2442016601562,1249.6092529296875,722.4265747070312,1174.8216552734375,744.2261962890625,1258.1380615234375,768.4136962890625,1170.3677978515625,788.31591796875,1266.63720703125,809.7870483398438,1181.430908203125,746.88671875,1215.0689697265625,754.2708740234375,1195.620849609375,792.6220092773438,1227.3577880859375,803.1048583984375,1193.74658203125,821.986083984375,1212.7742919921875,838.035400390625
1245.7078857421875,695.8988647460938,1240.8353271484375,689.9014282226562,1246.284423828125,692.1776123046875,1220.34716796875,688.183837890625,1244.2767333984375,695.6431274414062,1193.8997802734375,704.7800903320312,1246.5391845703125,720.0035400390625,1175.387451171875,746.8087158203125,1255.9034423828125,768.4070434570312,1174.9791259765625,793.3074951171875,1266.728515625,807.2021484375,1176.51220703125,741.9537963867188,1210.3603515625,749.482177734375,1189.2373046875,788.9244384765625,1225.8016357421875,799.7514038085938,1186.302978515625,817.9498291015625,1211.60205078125,835.3657836914062
1242.2779541015625,688.2470703125,1237.560302734375,682.154541015625,1242.28564453125,684.44189453125,1217.5472412109375,680.7758178710938,1239.4949951171875,687.9431762695312,1192.1510009765625,699.3038940429688,1242.7119140625,714.3157348632812,1174.7637939453125,741.8600463867188,1252.791259765625,764.983642578125,1174.56640625,785.4190673828125,1264.358154296875,806.451416015625,1176.026611328125,741.9613037109375,1208.61376953125,749.2784423828125,1185.9229736328125,790.2562255859375,1221.6170654296875,800.246337890625,1185.80859375,820.7777709960938,1209.1322021484375,836.7554931640625
1237.753173828125,684.636474609375,1233.19287109375,678.3408813476562,1237.8792724609375,680.7239990234375,1213.439453125,676.2819213867188,1235.985595703125,683.846435546875,1187.73681640625,694.2637329101562,1240.079345703125,709.3241577148438,1171.024169921875,739.4471435546875,1251.17822265625,762.1005859375,1173.80810546875,785.747314453125,1264.8157958984375,805.165771484375,1170.389404296875,734.558349609375,1203.72998046875,741.8409423828125,1181.1029052734375,788.16943359375,1216.9344482421875,797.8323974609375,1187.92724609375,823.160888671875,1208.555908203125,838.4134521484375
1228.330322265625,672.4638061523438,1224.853759765625,666.7733764648438,1228.92919921875,668.2637939453125,1207.407470703125,666.46435546875,1229.386474609375,671.7173461914062,1182.9947509765625,685.8744506835938,1235.505615234375,698.1450805664062,1168.379150390625,726.7918701171875,1250.8486328125,747.646240234375,1171.88427734375,769.3764038085938,1264.586181640625,794.1978759765625,1170.8428955078125,730.4694213867188,1204.971435546875,736.3765869140625,1171.10546875,781.3954467773438,1211.405029296875,788.8954467773438,1182.08935546875,827.32568359375,1212.4610595703125,839.3541259765625
1226.2308349609375,661.2750854492188,1221.8577880859375,655.024658203125,1225.99560546875,657.0088500976562,1201.85302734375,654.4558715820312,1224.646728515625,660.86474609375,1176.90869140625,675.009033203125,1232.4647216796875,689.0033569335938,1165.183837890625,714.4037475585938,1250.8763427734375,737.1024169921875,1170.40771484375,756.5689086914062,1261.8291015625,778.4474487304688,1167.530029296875,720.981201171875,1204.11865234375,727.710693359375,1162.7147216796875,776.3366088867188,1209.1282958984375,785.330078125,1173.209716796875,824.5138549804688,1211.6763916015625,840.4868774414062
1214.533935546875,650.2433471679688,1211.505859375,645.36279296875,1216.052001953125,646.5018310546875,1196.8955078125,646.3326416015625,1222.62255859375,650.4505615234375,1175.466796875,661.925048828125,1230.935791015625,674.924072265625,1165.6668701171875,698.06884765625,1248.596435546875,725.015869140625,1177.367919921875,729.5379638671875,1259.365966796875,767.3893432617188,1173.578857421875,715.8646240234375,1210.7718505859375,722.307373046875,1164.833251953125,771.4055786132812,1204.4813232421875,779.2786865234375,1175.147216796875,829.4356689453125,1212.2606201171875,840.39990234375
1211.8265380859375,641.1015014648438,1208.06103515625,636.2694091796875,1212.166259765625,636.9837646484375,1192.1663818359375,638.0984497070312,1215.87890625,640.055908203125,1172.432373046875,658.00732421875,1226.0421142578125,665.5534057617188,1165.17138671875,696.599853515625,1243.2139892578125,714.8744506835938,1176.78271484375,729.3010864257812,1254.8348388671875,763.4357299804688,1178.0770263671875,716.5841674804688,1214.1339111328125,720.5361938476562,1169.993896484375,772.4287109375,1205.14599609375,776.0337524414062,1178.7384033203125,828.064453125,1209.879638671875,832.0396728515625
1199.8052978515625,623.5174560546875,1197.14306640625,618.7928466796875,1201.5302734375,619.232177734375,1187.4171142578125,622.90185546875,1212.61181640625,623.9559326171875,1172.392578125,648.8374633789062,1224.48681640625,654.0349731445312,1163.9713134765625,687.3486938476562,1238.587158203125,701.9254150390625,1170.8115234375,724.3970336914062,1250.6845703125,756.3462524414062,1179.03369140625,710.8495483398438,1213.5986328125,713.6423950195312,1173.015380859375,762.6925048828125,1202.234130859375,765.113525390625,1181.019775390625,813.0662841796875,1204.137451171875,814.37255859375
1203.06005859375,619.1614990234375,1199.171875,613.7598876953125,1203.3218994140625,614.5531616210938,1185.701904296875,616.281982421875,1208.7364501953125,618.0789794921875,1170.5172119140625,643.2481689453125,1222.1309814453125,648.02734375,1159.737548828125,687.5950317382812,1239.89990234375,695.5885009765625,1158.841796875,735.507568359375,1251.273681640625,746.7086791992188,1181.729248046875,708.3926391601562,1215.5421142578125,711.1083374023438,1174.9837646484375,760.6904296875,1204.772216796875,763.837646484375,1180.5582275390625,811.5159301757812,1203.2081298828125,813.9798583984375
1201.6580810546875,610.9534912109375,1197.3592529296875,605.9173583984375,1202.019775390625,606.222900390625,1183.365234375,610.9774169921875,1206.6312255859375,610.96435546875,1169.4764404296875,640.735595703125,1220.5396728515625,641.2647705078125,1157.009521484375,685.3563232421875,1239.162353515625,685.2879638671875,1151.7813720703125,731.3159790039062,1252.5987548828125,735.291259765625,1186.4927978515625,700.6577758789062,1219.1893310546875,701.5740356445312,1182.91259765625,752.6011962890625,1210.0406494140625,753.038818359375,1190.3917236328125,807.0264892578125,1208.283203125,805.8909912109375
1205.5604248046875,609.1800537109375,1200.9715576171875,604.1600952148438,1205.642333984375,604.1448974609375,1184.7987060546875,609.35302734375,1207.303466796875,608.2659912109375,1169.568115234375,639.6297607421875,1219.9083251953125,637.4719848632812,1152.16748046875,682.85302734375,1238.890869140625,679.4969482421875,1144.92333984375,721.6840209960938,1255.95947265625,728.804931640625,1185.779052734375,700.1246948242188,1217.904541015625,699.625732421875,1181.09912109375,750.7880859375,1210.898193359375,747.93896484375,1194.0758056640625,804.2572631835938,1216.7142333984375,797.4622802734375
1207.87255859375,611.21826171875,1203.480712890625,606.1676025390625,1207.9591064453125,606.0363159179688,1187.53369140625,610.3011474609375,1211.0087890625,608.8748168945312,1171.6597900390625,640.0068359375,1226.231201171875,635.41015625,1147.417724609375,681.3009033203125,1244.2027587890625,678.0935668945312,1137.419677734375,715.2343139648438,1262.082763671875,726.2052001953125,1184.510009765625,700.93359375,1219.766357421875,698.4539794921875,1181.4068603515625,750.6627197265625,1221.300048828125,744.53076171875,1196.8865966796875,806.5721435546875,1231.7691650390625,794.771240234375
1204.046630859375,612.7827758789062,1200.72265625,607.7356567382812,1204.693115234375,607.4097900390625,1188.0306396484375,610.3693237304688,1210.46875,608.5023193359375,1173.5477294921875,638.2974243164062,1226.163818359375,632.3282470703125,1146.2900390625,680.50341796875,1244.217529296875,674.0663452148438,1135.88916015625,713.8671875,1262.86083984375,720.412109375,1187.8056640625,701.2468872070312,1221.0831298828125,697.7872924804688,1177.875732421875,756.2900390625,1212.38427734375,749.1727294921875,1197.7578125,808.3222045898438,1224.9063720703125,795.5684814453125
1195.9752197265625,607.2706909179688,1193.84423828125,602.7575073242188,1197.5238037109375,601.7994995117188,1185.2056884765625,606.2584838867188,1206.3212890625,602.6123657226562,1172.78125,636.5183715820312,1219.7352294921875,627.8983764648438,1145.8115234375,681.2017211914062,1238.5478515625,669.752685546875,1135.2877197265625,713.5694580078125,1260.6805419921875,722.3811645507812,1188.103271484375,705.876220703125,1218.1790771484375,701.671630859375,1172.116943359375,757.6334228515625,1207.7406005859375,748.7685546875,1196.879638671875,805.82177734375,1231.777587890625,789.1781005859375
1195.510498046875,608.222412109375,1192.6102294921875,603.7240600585938,1196.892822265625,603.2357788085938,1183.469482421875,608.2244262695312,1205.6585693359375,605.6907348632812,1173.608642578125,639.8853759765625,1218.814697265625,632.8765869140625,1149.208740234375,684.2518310546875,1238.3890380859375,673.3190307617188,1137.6466064453125,717.7188720703125,1259.6949462890625,719.466064453125,1188.337646484375,708.675537109375,1217.384033203125,705.3309936523438,1173.6427001953125,760.41357421875,1208.34423828125,753.5330200195312,1189.754638671875,806.177490234375,1225.3074951171875,792.68994140625
1186.40869140625,611.1959838867188,1182.9903564453125,606.4678955078125,1187.897216796875,606.2304077148438,1172.7725830078125,609.3739624023438,1198.486328125,608.076904296875,1163.011474609375,640.9452514648438,1215.690185546875,635.8223876953125,1142.4267578125,683.333251953125,1239.7900390625,675.05029296875,1129.265625,723.2682495117188,1256.2886962890625,717.9251708984375,1182.9259033203125,714.571533203125,1218.47900390625,712.2039794921875,1163.971923828125,762.8717651367188,1217.6220703125,758.7301025390625,1173.552001953125,806.27197265625,1234.6553955078125,797.2681274414062
1180.73486328125,613.8157958984375,1176.421630859375,608.7828369140625,1181.0078125,609.2670288085938,1165.517333984375,612.50634765625,1190.223876953125,612.216552734375,1158.53515625,644.462158203125,1209.7490234375,639.21923828125,1139.865966796875,686.2369995117188,1235.2701416015625,676.2122192382812,1129.0460205078125,726.6184692382812,1256.6871337890625,714.8082275390625,1178.245849609375,712.4298095703125,1213.4105224609375,709.9063720703125,1156.249267578125,758.6482543945312,1212.1190185546875,753.6392211914062,1166.758544921875,799.2371826171875,1235.69677734375,787.8246459960938
1168.9619140625,609.0052490234375,1165.7432861328125,604.74853515625,1170.6824951171875,603.9889526367188,1159.1248779296875,610.4710693359375,1184.477783203125,606.2733154296875,1154.37353515625,645.2471923828125,1203.9888916015625,632.808837890625,1134.26318359375,689.1697998046875,1227.8587646484375,668.3474731445312,1121.3465576171875,728.7398681640625,1248.5697021484375,713.6421508789062,1175.8885498046875,710.0047607421875,1211.1807861328125,703.743896484375,1145.3712158203125,748.2041015625,1207.8387451171875,738.005859375,1155.4765625,793.03955078125,1240.196044921875,775.2728271484375
1160.1160888671875,612.2868041992188,1157.490478515625,608.15185546875,1163.333984375,606.4265747070312,1154.2227783203125,612.600341796875,1178.9747314453125,605.6216430664062,1150.2191162109375,644.1890869140625,1199.1956787109375,627.468505859375,1135.755859375,690.657958984375,1222.7655029296875,662.7001953125,1127.830078125,725.516845703125,1239.39453125,708.3623046875,1168.287353515625,707.2250366210938,1204.027099609375,699.1378784179688,1142.772705078125,740.7639770507812,1211.327880859375,728.793212890625,1139.2933349609375,793.7984619140625,1231.30126953125,776.8965454101562
1157.3319091796875,607.05419921875,1153.0858154296875,602.79443359375,1159.7574462890625,601.3860473632812,1145.320556640625,608.160888671875,1172.274658203125,601.6963500976562,1140.7288818359375,640.30517578125,1192.475341796875,624.0606079101562,1131.29052734375,688.06494140625,1216.6346435546875,660.6661376953125,1128.174072265625,722.1427001953125,1233.4505615234375,704.3290405273438,1157.0582275390625,703.3651123046875,1194.93994140625,695.8402099609375,1139.444580078125,741.167724609375,1210.8505859375,729.3983154296875,1131.757080078125,795.6044311523438,1227.02001953125,778.555419921875
1149.884521484375,596.1524047851562,1143.731689453125,590.9166259765625,1149.379638671875,591.2257080078125,1129.860595703125,596.531494140625,1159.43505859375,594.3184204101562,1124.9327392578125,634.2772216796875,1181.4091796875,624.1609497070312,1119.1353759765625,679.37451171875,1208.76708984375,659.4278564453125,1122.013427734375,720.2861328125,1224.2802734375,698.5149536132812,1144.421875,699.8948364257812,1187.75048828125,696.0517578125,1134.2154541015625,750.9896240234375,1214.0692138671875,743.1546020507812,1121.1038818359375,805.0240478515625,1236.2877197265625,791.0897827148438
1154.1920166015625,594.90234375,1145.4281005859375,589.0421142578125,1151.6837158203125,589.9244384765625,1122.9017333984375,593.7222900390625,1151.2054443359375,592.5491943359375,1117.1575927734375,629.941650390625,1171.3623046875,621.8604736328125,1113.3538818359375,674.2462158203125,1199.0098876953125,658.7733154296875,1117.3101806640625,714.1927490234375,1214.70947265625,698.4149169921875,1135.357421875,695.9450073242188,1177.1424560546875,693.18115234375,1132.1845703125,748.701171875,1208.23681640625,741.159912109375,1122.3380126953125,803.1678466796875,1231.073486328125,790.19384765625
1152.7462158203125,584.2012939453125,1143.899169921875,577.999755859375,1149.5443115234375,579.10302734375,1119.5352783203125,584.1041259765625,1146.6514892578125,583.6812744140625,1111.9569091796875,621.7888793945312,1164.5262451171875,616.0267333984375,1105.0789794921875,664.6980590820312,1193.486083984375,655.6573486328125,1109.857421875,703.0892333984375,1213.2119140625,696.0816650390625,1133.565185546875,696.1969604492188,1173.8843994140625,694.0712890625,1130.81396484375,748.2166748046875,1204.4580078125,741.203857421875,1119.39306640625,803.2728271484375,1226.0899658203125,788.8826293945312
1153.98095703125,579.6561279296875,1145.33544921875,573.2919311523438,1150.623779296875,574.53173828125,1120.47314453125,578.96923828125,1146.2542724609375,579.2318115234375,1110.4140625,617.2113647460938,1161.851318359375,612.572265625,1101.124755859375,660.3890991210938,1189.083251953125,652.7650756835938,1106.487060546875,696.8736572265625,1209.9273681640625,691.1434326171875,1126.70263671875,694.7792358398438,1165.455322265625,693.2288208007812,1130.886962890625,746.1513671875,1196.48388671875,740.0018920898438,1119.2298583984375,805.2032470703125,1211.936279296875,792.8442993164062
1151.5399169921875,574.1785278320312,1144.91845703125,568.7894897460938,1149.380615234375,569.676513671875,1122.4156494140625,573.781982421875,1145.0107421875,575.0736694335938,1107.235107421875,611.0535278320312,1157.704345703125,610.0228271484375,1095.7344970703125,654.142822265625,1182.7254638671875,649.9119873046875,1097.64892578125,690.964111328125,1202.192138671875,685.1497802734375,1124.23095703125,690.0906372070312,1160.2470703125,690.5447998046875,1126.0040283203125,742.6064453125,1182.934814453125,741.032470703125,1122.3226318359375,798.4865112304688,1190.83935546875,795.286376953125
1152.792236328125,575.50146484375,1144.7412109375,569.6264038085938,1151.1358642578125,570.6998291015625,1120.2030029296875,573.4835205078125,1146.62353515625,574.5252075195312,1105.3634033203125,606.8117065429688,1157.9921875,604.73583984375,1090.503173828125,650.37548828125,1177.7861328125,644.335693359375,1094.4078369140625,685.12158203125,1197.7930908203125,679.5799560546875,1115.0440673828125,687.8758544921875,1151.803466796875,687.6000366210938,1124.7099609375,746.4183349609375,1175.71630859375,742.7611083984375,1112.68994140625,805.5238037109375,1170.591552734375,796.6900634765625
1154.966064453125,569.6717529296875,1146.8232421875,563.9092407226562,1153.735107421875,564.9910888671875,1120.774169921875,568.9486083984375,1148.4593505859375,570.4549560546875,1103.7767333984375,603.1425170898438,1157.387939453125,602.8732299804688,1088.56005859375,647.4486083984375,1173.179931640625,644.1563720703125,1093.53564453125,680.4754028320312,1192.600341796875,678.1528930664062,1111.0845947265625,685.2174072265625,1147.39990234375,685.77490234375,1121.27978515625,745.39599609375,1164.0955810546875,743.2216186523438,1112.0091552734375,807.6952514648438,1152.84619140625,801.5692749023438
1154.7734375,569.1864013671875,1146.741455078125,563.3184204101562,1153.191650390625,564.5843505859375,1120.7843017578125,567.5648193359375,1147.279296875,569.5885009765625,1103.278564453125,600.3502807617188,1155.1671142578125,601.4932250976562,1086.5582275390625,643.620849609375,1170.6427001953125,643.6280517578125,1090.81005859375,673.97998046875,1189.8792724609375,676.7653198242188,1107.461181640625,683.842529296875,1141.5693359375,685.0517578125,1122.081787109375,746.555419921875,1156.1239013671875,745.3196411132812,1109.5028076171875,808.8381958007812,1135.8621826171875,804.0130004882812
1150.4862060546875,568.452880859375,1143.8822021484375,561.636962890625,1148.54638671875,563.3526611328125,1119.634521484375,565.2589721679688,1142.3668212890625,569.319580078125,1101.5003662109375,598.319580078125,1148.5667724609375,604.6622314453125,1086.438720703125,641.578125,1165.965087890625,649.714599609375,1093.014404296875,673.8238525390625,1190.2606201171875,681.9248657226562,1106.248291015625,687.313232421875,1136.376220703125,690.848876953125,1115.602783203125,750.3951416015625,1143.476806640625,753.05419921875,1099.81689453125,812.211181640625,1117.8404541015625,813.8772583007812
1143.333740234375,573.689697265625,1138.046630859375,567.25732421875,1142.936279296875,568.632080078125,1118.2081298828125,570.0545654296875,1143.88720703125,573.6239013671875,1100.5244140625,601.2608032226562,1151.24462890625,607.5364990234375,1086.7607421875,643.0963134765625,1165.394287109375,653.227294921875,1097.6873779296875,669.927978515625,1183.7542724609375,684.7952880859375,1102.5687255859375,689.2894287109375,1135.906982421875,692.4537353515625,1104.74365234375,754.1475830078125,1136.335205078125,756.7432250976562,1089.9600830078125,817.6041259765625,1112.681396484375,819.1854858398438
1149.6544189453125,573.6942138671875,1143.218994140625,567.1045532226562,1146.72119140625,569.056396484375,1119.044921875,572.1983032226562,1138.91552734375,576.7015380859375,1100.294189453125,606.2789916992188,1145.83447265625,613.4860229492188,1088.304443359375,649.891357421875,1158.127197265625,660.5355224609375,1100.268310546875,677.86181640625,1178.12939453125,691.3507080078125,1099.154052734375,693.2078247070312,1129.7545166015625,696.83935546875,1103.1302490234375,758.4283447265625,1137.5760498046875,761.045166015625,1079.3001708984375,820.0859985351562,1106.837646484375,821.39013671875
1147.125,576.4275512695312,1140.3836669921875,569.4274291992188,1143.9141845703125,571.402587890625,1115.4708251953125,574.71240234375,1135.7412109375,578.76123046875,1097.154296875,610.0203857421875,1142.02197265625,617.69970703125,1090.80224609375,653.2916870117188,1150.476318359375,669.077880859375,1108.9110107421875,675.2073974609375,1167.3681640625,702.2770385742188,1096.5625,698.25048828125,1128.1751708984375,702.1358642578125,1099.69677734375,761.8238525390625,1138.7593994140625,764.1388549804688,1073.4088134765625,822.2019653320312,1108.85498046875,823.389892578125
1143.5472412109375,578.1337890625,1137.0657958984375,570.7802734375,1140.529296875,572.7134399414062,1112.072021484375,574.2283935546875,1132.5780029296875,578.2481689453125,1092.8416748046875,608.7562255859375,1135.956787109375,615.7543334960938,1089.939697265625,655.6373291015625,1140.4703369140625,668.5057373046875,1115.3853759765625,685.4334716796875,1156.375244140625,706.5128784179688,1089.5234375,699.8699340820312,1121.2203369140625,703.55810546875,1093.762451171875,763.9610595703125,1134.6239013671875,766.27197265625,1063.764892578125,824.1553344726562,1106.3524169921875,826.9216918945312
1140.225830078125,576.2224731445312,1135.4466552734375,568.3359375,1135.869384765625,570.415771484375,1112.78564453125,571.491943359375,1126.1512451171875,575.953369140625,1091.568115234375,606.2192993164062,1126.5146484375,613.4802856445312,1092.54638671875,656.0421752929688,1126.434326171875,669.172607421875,1127.38134765625,690.7864379882812,1144.5408935546875,710.9237060546875,1083.30859375,699.15234375,1110.934326171875,703.3179321289062,1093.193359375,766.32470703125,1135.2886962890625,768.922119140625,1058.279052734375,829.1812744140625,1110.3353271484375,832.5891723632812
1134.1495361328125,575.74072265625,1129.409423828125,567.8385620117188,1128.664794921875,570.2632446289062,1108.439208984375,571.858154296875,1117.01513671875,576.5927734375,1092.839599609375,606.865478515625,1116.92041015625,614.0104370117188,1095.657958984375,654.8829345703125,1112.8157958984375,668.3396606445312,1125.182861328125,691.8063354492188,1128.3917236328125,712.93896484375,1086.268310546875,701.2063598632812,1107.8397216796875,705.306640625,1087.9873046875,769.1083374023438,1132.5341796875,771.37646484375,1052.1279296875,832.8565063476562,1114.947509765625,835.1826171875
1133.28125,580.5103759765625,1129.4696044921875,573.3616943359375,1127.4674072265625,575.7864990234375,1113.611328125,577.9553833007812,1115.9931640625,582.260498046875,1105.7664794921875,614.8313598632812,1108.2476806640625,618.9131469726562,1107.091796875,659.6914672851562,1095.5849609375,672.9721069335938,1129.16357421875,689.0414428710938,1115.998046875,717.5646362304688,1091.8486328125,706.1094360351562,1099.240234375,707.8280029296875,1093.39599609375,776.1659545898438,1129.5709228515625,774.8428344726562,1050.3876953125,843.5604858398438,1110.422119140625,839.05029296875
1127.181640625,587.9764404296875,1124.554931640625,581.393310546875,1120.9495849609375,583.405029296875,1112.796630859375,586.7271118164062,1107.3753662109375,589.873291015625,1106.979736328125,621.1387939453125,1100.00341796875,624.4853515625,1114.4754638671875,660.1612548828125,1087.8101806640625,675.3836669921875,1131.788330078125,678.6798095703125,1110.0802001953125,715.8707275390625,1091.79833984375,710.8880615234375,1092.8814697265625,712.1836547851562,1090.2176513671875,781.8907470703125,1127.981689453125,780.0661010742188,1044.557373046875,850.5452880859375,1105.59765625,845.3291015625
1127.1458740234375,599.0823974609375,1125.504150390625,592.515869140625,1120.188232421875,594.2186889648438,1114.396240234375,598.6934814453125,1104.11181640625,601.0704345703125,1105.452880859375,634.1190185546875,1095.952880859375,635.7392578125,1111.5028076171875,676.5284423828125,1081.0447998046875,684.8618774414062,1131.7940673828125,698.503662109375,1100.82373046875,724.033935546875,1088.725830078125,723.4979248046875,1087.9815673828125,724.3406372070312,1091.360107421875,793.7047119140625,1125.9539794921875,791.8507690429688,1040.2186279296875,855.917236328125,1094.815673828125,852.043701171875
1125.997314453125,604.0210571289062,1121.9744873046875,597.804931640625,1120.4305419921875,599.74462890625,1105.287353515625,605.2379150390625,1106.101806640625,608.1973266601562,1096.815673828125,641.2123413085938,1093.7508544921875,644.4326171875,1104.180419921875,683.4619140625,1076.956298828125,695.0794677734375,1129.72265625,705.409912109375,1099.1761474609375,735.3226318359375,1079.944091796875,731.8815307617188,1083.43408203125,733.885498046875,1092.51171875,802.7817993164062,1125.857421875,801.9920654296875,1036.0201416015625,860.0721435546875,1089.4202880859375,857.1278076171875
1122.92919921875,617.0755615234375,1119.9932861328125,610.7276000976562,1116.41650390625,612.7476806640625,1106.3502197265625,616.070068359375,1100.663330078125,619.2247314453125,1097.02685546875,647.8546752929688,1090.7119140625,651.8058471679688,1104.705322265625,688.890380859375,1075.4888916015625,701.5292358398438,1128.46484375,711.5743408203125,1098.341796875,741.4208984375,1078.879638671875,740.7991333007812,1079.826904296875,743.2899169921875,1094.6549072265625,809.2008056640625,1126.7716064453125,809.4398193359375,1032.7283935546875,863.3529052734375,1081.5189208984375,861.9124145507812
1123.8604736328125,617.013916015625,1121.8017578125,610.5557861328125,1116.757568359375,612.86962890625,1110.1243896484375,617.3992919921875,1100.751708984375,621.5847778320312,1100.3902587890625,651.6263427734375,1091.154296875,658.2501831054688,1107.37548828125,692.8207397460938,1078.557861328125,710.4488525390625,1127.0572509765625,714.7145385742188,1103.603515625,747.40380859375,1078.89599609375,745.9304809570312,1077.522216796875,749.7471313476562,1095.373046875,814.4459228515625,1127.054443359375,816.8607788085938,1031.85400390625,866.97802734375,1081.407958984375,867.94775390625
1122.6405029296875,620.80029296875,1122.3978271484375,614.375732421875,1114.8505859375,616.242919921875,1113.231689453125,621.865234375,1097.887939453125,625.082763671875,1099.808837890625,657.4990234375,1090.97265625,662.6423950195312,1104.0247802734375,700.1357421875,1080.0084228515625,714.1654052734375,1124.509765625,722.081298828125,1107.74267578125,750.676025390625,1080.3939208984375,751.0123901367188,1078.869873046875,754.1590576171875,1091.562255859375,819.99267578125,1122.239013671875,821.7711181640625,1033.729736328125,874.8209838867188,1078.8597412109375,875.5812377929688
1124.862060546875,621.3233642578125,1124.8797607421875,614.1376953125,1116.61474609375,616.6215209960938,1115.8524169921875,621.1780395507812,1099.4268798828125,626.34375,1102.8995361328125,659.43603515625,1092.646240234375,666.64111328125,1103.6971435546875,701.5681762695312,1082.276123046875,717.1102294921875,1125.8857421875,725.3220825195312,1111.345947265625,747.5421142578125,1085.611083984375,751.8920288085938,1082.6937255859375,755.6874389648438,1089.67626953125,821.398681640625,1115.516845703125,824.7342529296875,1039.938232421875,883.845703125,1079.7703857421875,888.4000244140625
1125.44482421875,624.6091918945312,1126.195556640625,617.649169921875,1117.8828125,619.8663940429688,1119.177490234375,624.3360595703125,1102.3787841796875,629.0943603515625,1106.5909423828125,661.935546875,1094.6234130859375,669.8349609375,1108.6011962890625,700.55224609375,1083.899169921875,720.7445678710938,1128.0865478515625,716.6683959960938,1114.237060546875,748.9938354492188,1087.27587890625,754.1326904296875,1083.2467041015625,757.959228515625,1084.020751953125,823.5023803710938,1109.3974609375,827.0641479492188,1040.094482421875,889.527587890625,1080.6319580078125,894.5589599609375
1128.802734375,629.2355346679688,1127.90625,622.8240966796875,1122.7841796875,624.9197387695312,1117.8482666015625,630.14208984375,1108.737060546875,634.474853515625,1109.8487548828125,666.6826171875,1096.826904296875,674.8348388671875,1115.187255859375,702.0318603515625,1084.93701171875,724.5045166015625,1133.76611328125,714.5404052734375,1117.6358642578125,751.1087036132812,1094.4617919921875,758.5973510742188,1089.6212158203125,762.4066772460938,1084.1446533203125,828.0858764648438,1106.271484375,831.650390625,1044.4906005859375,895.9095458984375,1083.597412109375,901.009033203125
1131.578857421875,641.2694091796875,1131.9169921875,634.3306884765625,1123.886962890625,636.7843017578125,1124.1441650390625,641.1288452148438,1108.218505859375,646.40625,1113.785400390625,676.837158203125,1101.8714599609375,687.2880249023438,1117.957275390625,705.9898071289062,1092.4739990234375,735.7227783203125,1138.5211181640625,710.7852783203125,1121.62255859375,759.8663330078125,1099.038818359375,769.509033203125,1094.569091796875,774.0185546875,1085.4267578125,837.806640625,1107.5906982421875,841.6376953125,1051.33837890625,905.7012939453125,1086.7579345703125,909.6758422851562
1135.33203125,649.2156982421875,1134.349365234375,642.7364501953125,1128.58349609375,644.9722900390625,1124.062744140625,649.524169921875,1112.8892822265625,654.014404296875,1116.8646240234375,684.146240234375,1102.0487060546875,694.1051025390625,1123.58251953125,713.6358642578125,1093.93359375,746.1238403320312,1147.7677001953125,708.6585693359375,1130.993408203125,767.5296630859375,1100.29638671875,778.9757080078125,1093.6494140625,783.2547607421875,1086.881591796875,848.4488525390625,1105.2607421875,851.2742919921875,1045.9346923828125,911.3351440429688,1079.23779296875,912.8659057617188
1140.547119140625,656.42041015625,1139.5068359375,649.9552612304688,1134.9210205078125,652.1577758789062,1128.7840576171875,657.7244873046875,1120.35595703125,662.786865234375,1119.578125,692.5880126953125,1106.802734375,706.6945190429688,1130.6011962890625,714.56298828125,1094.6656494140625,759.9183349609375,1159.182373046875,704.7548217773438,1133.943115234375,780.3847045898438,1102.35595703125,791.1114501953125,1097.6212158203125,797.4501953125,1091.593994140625,857.1705322265625,1112.3006591796875,863.6716918945312,1042.75537109375,915.4224853515625,1079.680908203125,923.7566528320312
1145.2476806640625,662.74560546875,1145.9832763671875,656.176025390625,1138.41015625,657.898193359375,1138.71435546875,662.5347900390625,1121.8717041015625,666.254638671875,1126.568603515625,694.89599609375,1110.91650390625,707.9388427734375,1137.173095703125,713.943359375,1099.816162109375,759.8981323242188,1162.8043212890625,699.5419921875,1138.197021484375,778.2725830078125,1106.613037109375,790.07666015625,1100.082275390625,795.8905029296875,1094.7510986328125,856.22900390625,1115.603271484375,862.6203002929688,1043.976318359375,915.9625854492188,1080.109375,924.729248046875
1149.377197265625,662.2384033203125,1147.7484130859375,655.7932739257812,1143.4317626953125,658.3677978515625,1137.0670166015625,661.5313720703125,1127.97314453125,667.3422241210938,1129.83056640625,692.6677856445312,1113.35546875,707.7877197265625,1143.455810546875,712.5830078125,1098.2095947265625,759.8325805664062,1169.1480712890625,694.86669921875,1135.781494140625,769.562255859375,1107.550537109375,791.0885009765625,1100.684814453125,797.7410888671875,1098.138916015625,858.5330200195312,1118.30810546875,865.9147338867188,1044.9505615234375,919.7926025390625,1081.2938232421875,929.3464965820312
1151.1048583984375,652.418212890625,1149.451904296875,646.859130859375,1144.2230224609375,650.4039306640625,1142.556640625,656.80419921875,1130.57666015625,664.6290283203125,1143.0333251953125,685.911865234375,1118.33740234375,706.5751953125,1163.4556884765625,691.931884765625,1104.086181640625,753.4711303710938,1180.120361328125,666.4381103515625,1142.4273681640625,761.085205078125,1119.0361328125,782.8837280273438,1106.9539794921875,791.93896484375,1099.3956298828125,855.5269775390625,1126.5289306640625,865.9705810546875,1037.690185546875,916.59033203125,1086.0445556640625,927.5838623046875
1154.608154296875,651.36865234375,1152.053466796875,644.990234375,1147.7608642578125,649.6129760742188,1143.751953125,651.6513671875,1134.4189453125,662.5910034179688,1143.42822265625,674.97265625,1123.2213134765625,703.2879638671875,1156.75341796875,669.6306762695312,1109.2672119140625,748.83349609375,1170.21142578125,634.903076171875,1145.3016357421875,750.702880859375,1126.3653564453125,775.73974609375,1117.205322265625,788.1712646484375,1102.692138671875,849.3997802734375,1134.1138916015625,864.3958740234375,1039.8004150390625,909.5831909179688,1094.774169921875,926.7094116210938
1155.247802734375,648.406005859375,1153.474609375,641.6477661132812,1148.469970703125,645.8820190429688,1146.9031982421875,646.8998413085938,1134.8201904296875,657.0589599609375,1146.81298828125,667.26318359375,1123.32470703125,696.0975952148438,1158.9278564453125,659.5247192382812,1111.8621826171875,741.234619140625,1164.905517578125,626.5477294921875,1149.336669921875,742.695556640625,1136.25390625,768.3670654296875,1124.34326171875,781.4789428710938,1118.5146484375,844.844970703125,1148.6412353515625,861.530029296875,1056.0064697265625,905.0469360351562,1110.7684326171875,924.4510498046875
1161.5467529296875,646.629638671875,1159.8902587890625,640.3694458007812,1154.123046875,643.1471557617188,1150.3017578125,647.7158203125,1136.9739990234375,653.0757446289062,1149.15771484375,677.5260009765625,1123.6036376953125,690.1455078125,1154.32470703125,711.1508178710938,1114.6119384765625,740.254638671875,1163.99658203125,699.85595703125,1157.9923095703125,730.4410400390625,1141.1744384765625,772.5521240234375,1128.598876953125,779.6640014648438,1130.97900390625,848.432861328125,1159.85693359375,858.0899047851562,1063.603271484375,904.6995849609375,1120.230712890625,918.0514526367188
1168.5250244140625,656.2831420898438,1165.6959228515625,649.25390625,1161.327392578125,652.2569580078125,1151.047607421875,653.1157836914062,1143.0723876953125,659.5031127929688,1144.6485595703125,680.6396484375,1132.342041015625,693.682861328125,1148.6727294921875,720.502685546875,1123.82666015625,742.3558959960938,1168.7938232421875,709.348876953125,1158.8427734375,723.6077880859375,1137.9476318359375,772.0521240234375,1135.83740234375,780.2916259765625,1131.58056640625,846.6974487304688,1175.6937255859375,857.2644653320312,1065.0517578125,903.0584106445312,1143.2984619140625,918.8726806640625
1169.0526123046875,652.31640625,1165.958984375,646.4038696289062,1161.844970703125,649.2544555664062,1155.0625,652.9844360351562,1145.3907470703125,658.1561279296875,1161.100830078125,684.8674926757812,1133.1334228515625,693.2821044921875,1162.52978515625,727.608154296875,1137.7989501953125,744.3074340820312,1166.7308349609375,706.9420166015625,1167.4471435546875,718.2023315429688,1157.317626953125,778.1920166015625,1132.293212890625,781.9727783203125,1194.185546875,850.309814453125,1129.5655517578125,854.930908203125,1168.0323486328125,911.3232421875,1064.781982421875,917.8112182617188
1168.8857421875,659.6473999023438,1167.556396484375,654.1156005859375,1161.1907958984375,655.1529541015625,1158.88720703125,661.3230590820312,1144.7347412109375,662.3826293945312,1167.0018310546875,695.0428466796875,1138.186767578125,693.6823120117188,1183.34130859375,738.032958984375,1145.5068359375,728.4146728515625,1171.6748046875,719.260498046875,1159.504150390625,701.0816040039062,1164.5283203125,787.4444580078125,1141.2545166015625,787.29541015625,1179.037353515625,859.5489501953125,1134.0926513671875,858.5879516601562,1168.7901611328125,931.205078125,1098.5421142578125,928.1162109375
1171.2723388671875,661.4080810546875,1166.6741943359375,653.5677490234375,1164.4329833984375,655.12646484375,1141.83642578125,659.9032592773438,1154.4312744140625,663.20751953125,1121.0989990234375,688.9795532226562,1169.96728515625,701.861328125,1126.258544921875,701.2066650390625,1211.0435791015625,730.0628051757812,1143.4879150390625,696.7789916992188,1197.2958984375,724.2237548828125,1134.030029296875,785.8077392578125,1173.0013427734375,792.1552734375,1114.22705078125,861.0201416015625,1198.96044921875,870.2734375,1075.538330078125,931.6053466796875,1198.87353515625,946.5732421875
1171.47119140625,661.2792358398438,1164.925537109375,654.5452880859375,1165.983154296875,656.3114013671875,1138.6573486328125,665.2457275390625,1155.998779296875,668.2855224609375,1126.565673828125,699.6129150390625,1167.608154296875,705.1553344726562,1146.097900390625,709.1578369140625,1208.8228759765625,715.697509765625,1195.6015625,706.4368896484375,1236.2177734375,705.8216552734375,1138.0191650390625,795.9954833984375,1172.197265625,800.1822509765625,1119.319091796875,868.795654296875,1202.156494140625,872.01513671875,1071.215087890625,941.31591796875,1196.6702880859375,947.420166015625
1173.19775390625,659.7111206054688,1168.47900390625,653.3468627929688,1169.217529296875,654.376953125,1143.8814697265625,666.869140625,1160.4029541015625,669.6567993164062,1126.7730712890625,707.5262451171875,1175.9732666015625,712.2701416015625,1141.834228515625,715.53759765625,1246.6983642578125,708.5237426757812,1185.50341796875,704.551513671875,1295.141845703125,669.5667724609375,1139.898681640625,806.428955078125,1175.4915771484375,811.5279541015625,1130.439208984375,870.916015625,1211.530029296875,877.1378173828125,1084.862060546875,939.2982177734375,1206.064453125,952.4617309570312
1175.568115234375,662.615966796875,1170.0567626953125,656.224853515625,1171.61474609375,657.225341796875,1146.4691162109375,669.7725830078125,1163.8165283203125,671.6756591796875,1133.744140625,709.2683715820312,1179.1920166015625,713.4276733398438,1159.64892578125,712.3907470703125,1246.2008056640625,708.6082153320312,1200.6829833984375,698.045166015625,1285.94287109375,671.3046875,1142.1220703125,809.34130859375,1175.654541015625,814.0098876953125,1132.724609375,870.6468505859375,1211.9019775390625,876.8970336914062,1088.426025390625,938.9566040039062,1204.17724609375,952.7003173828125
1176.564453125,660.8897705078125,1166.672119140625,654.402587890625,1172.23388671875,655.9208374023438,1138.0135498046875,666.8006591796875,1170.4111328125,667.4446411132812,1132.0465087890625,704.4121704101562,1188.326416015625,705.15185546875,1156.5509033203125,709.722900390625,1237.386962890625,711.1631469726562,1193.42236328125,699.8502197265625,1247.6552734375,695.3887939453125,1139.447998046875,806.3643798828125,1182.32275390625,808.233154296875,1129.5799560546875,875.895751953125,1210.4288330078125,877.2296142578125,1084.547607421875,948.5906982421875,1196.7110595703125,952.0922241210938
1168.7203369140625,655.9945678710938,1160.3741455078125,649.30322265625,1166.244873046875,649.9700317382812,1134.38623046875,657.6824951171875,1170.4842529296875,657.0235595703125,1124.4503173828125,694.464599609375,1191.12109375,695.45458984375,1143.177734375,716.5284423828125,1231.213134765625,717.9563598632812,1174.511474609375,711.7335815429688,1219.392822265625,707.5511474609375,1138.5865478515625,798.018310546875,1189.59326171875,799.7918701171875,1119.9296875,869.42041015625,1205.11474609375,872.1736450195312,1087.581298828125,943.826171875,1199.3297119140625,950.450439453125
1157.2685546875,650.6959228515625,1153.7957763671875,644.4846801757812,1157.813720703125,644.7860107421875,1138.4298095703125,648.462890625,1173.229248046875,649.43994140625,1123.8448486328125,685.9342041015625,1188.926025390625,692.1202392578125,1122.902587890625,727.1116333007812,1216.98193359375,740.4722900390625,1138.021728515625,723.60302734375,1198.1849365234375,735.5712890625,1135.8477783203125,789.3689575195312,1186.1171875,793.0162353515625,1119.0675048828125,861.0877075195312,1195.439697265625,868.3470458984375,1093.735595703125,934.50537109375,1200.6044921875,949.3726806640625
1150.2373046875,646.6436157226562,1148.207275390625,640.2369384765625,1152.0662841796875,640.872314453125,1138.764892578125,642.935791015625,1170.4547119140625,645.3574829101562,1123.8197021484375,680.4716796875,1186.892333984375,689.1987915039062,1114.6142578125,727.2404174804688,1203.97802734375,746.761474609375,1120.671630859375,732.5634155273438,1187.1964111328125,754.9449462890625,1133.69970703125,785.1915893554688,1182.600830078125,789.50830078125,1112.733154296875,858.7889404296875,1194.2249755859375,867.0367431640625,1089.037353515625,932.4415283203125,1198.8480224609375,948.2025146484375
1151.2967529296875,649.0286254882812,1148.7506103515625,642.0144653320312,1152.540771484375,642.7506713867188,1136.33544921875,644.5760498046875,1171.525146484375,647.0070190429688,1119.4283447265625,683.0443725585938,1187.465087890625,691.45556640625,1106.341064453125,728.2666015625,1201.02490234375,750.0814819335938,1117.802978515625,726.170166015625,1178.552001953125,757.578857421875,1127.874267578125,784.8272094726562,1180.7138671875,788.8707275390625,1107.5341796875,857.7720947265625,1191.662353515625,864.7550048828125,1080.509765625,931.9945068359375,1196.55078125,944.8203125
1146.55419921875,650.729248046875,1144.8994140625,643.7208862304688,1148.619384765625,644.4761962890625,1134.402587890625,646.050048828125,1170.32861328125,649.190673828125,1116.186279296875,685.2113037109375,1187.1876220703125,694.2457885742188,1100.4356689453125,732.706298828125,1196.582763671875,750.3740844726562,1112.962158203125,738.3447265625,1171.574951171875,757.3258056640625,1124.24267578125,787.6907958984375,1179.3897705078125,792.18310546875,1100.5760498046875,859.052978515625,1189.3046875,867.2911376953125,1074.246337890625,932.564208984375,1195.46240234375,947.2012939453125
1136.8458251953125,655.0036010742188,1136.119140625,648.253173828125,1141.1845703125,648.193603515625,1129.3106689453125,650.10546875,1166.0491943359375,651.5316162109375,1112.1934814453125,689.341796875,1179.77880859375,697.0465698242188,1101.5628662109375,738.6148681640625,1186.2310791015625,757.200439453125,1117.4569091796875,742.8121337890625,1167.57666015625,755.9426879882812,1127.13037109375,792.7900390625,1178.8173828125,795.6124267578125,1098.89208984375,863.80810546875,1186.4852294921875,871.4280395507812,1073.90869140625,934.9502563476562,1189.4310302734375,948.03173828125
1132.16357421875,664.2221069335938,1129.95263671875,657.813232421875,1133.46923828125,657.7562866210938,1121.966552734375,661.91064453125,1155.9034423828125,660.9549560546875,1109.32275390625,698.3721313476562,1177.4442138671875,697.4818115234375,1095.6025390625,749.66357421875,1185.347412109375,749.8460083007812,1102.1041259765625,760.542724609375,1155.0794677734375,761.9661865234375,1122.18896484375,796.4932250976562,1175.4306640625,795.8289184570312,1090.4134521484375,867.60888671875,1183.756103515625,868.6033935546875,1069.1734619140625,949.4210205078125,1193.300537109375,950.323974609375
1122.702392578125,665.8541259765625,1120.8389892578125,658.9708862304688,1124.718994140625,659.2152099609375,1113.8182373046875,661.5401611328125,1147.3472900390625,662.1654663085938,1104.685546875,700.7503051757812,1168.642333984375,705.5581665039062,1093.7930908203125,751.2891845703125,1178.1435546875,756.3341674804688,1081.9478759765625,766.8934326171875,1139.913330078125,763.00439453125,1119.926513671875,805.8308715820312,1170.55712890625,808.8843994140625,1086.947021484375,870.7994384765625,1180.722900390625,878.7821044921875,1064.953369140625,944.82080078125,1193.849365234375,959.1458129882812
1110.364990234375,665.6107177734375,1109.5780029296875,659.1987915039062,1113.9132080078125,658.6610107421875,1104.696533203125,661.3018188476562,1140.1044921875,660.734130859375,1092.671142578125,697.765625,1158.857421875,702.0111083984375,1084.990966796875,748.7200927734375,1174.14697265625,756.0071411132812,1075.68798828125,781.4456787109375,1138.366455078125,770.9722900390625,1109.193603515625,798.8011474609375,1161.341796875,800.6795654296875,1081.26025390625,866.3408203125,1177.79931640625,874.4976806640625,1063.37646484375,942.20654296875,1198.49365234375,956.4512329101562
1100.37255859375,660.5667114257812,1099.55224609375,653.6116943359375,1103.723388671875,653.7137451171875,1097.662841796875,656.138427734375,1130.1912841796875,656.2720947265625,1092.342041015625,695.1549072265625,1151.22021484375,697.772216796875,1083.163818359375,746.573486328125,1157.6937255859375,745.2286376953125,1066.8038330078125,786.74853515625,1124.25634765625,772.8038330078125,1103.254638671875,797.0987548828125,1150.4013671875,799.227294921875,1071.6220703125,865.2327880859375,1167.955078125,872.1919555664062,1057.841064453125,938.81494140625,1193.731689453125,951.638427734375
1093.2476806640625,656.7159423828125,1091.22265625,649.424560546875,1095.8599853515625,649.3671875,1085.4368896484375,652.77490234375,1119.53662109375,651.597900390625,1079.9171142578125,692.1923828125,1139.248046875,692.6234130859375,1072.4732666015625,744.4317626953125,1150.7540283203125,746.2164916992188,1061.437255859375,775.650390625,1123.774658203125,778.1400146484375,1091.988037109375,794.5838012695312,1138.1904296875,795.4171142578125,1068.5421142578125,861.1492309570312,1157.390380859375,864.7113647460938,1061.6043701171875,936.6106567382812,1185.837890625,943.9037475585938
1089.61083984375,648.6268920898438,1086.97509765625,641.9815673828125,1090.87890625,641.8666381835938,1078.274658203125,646.9028930664062,1111.404296875,645.4454345703125,1069.4119873046875,688.5330200195312,1131.6689453125,686.272216796875,1061.160400390625,739.4654541015625,1150.535888671875,738.4421997070312,1060.4200439453125,775.1650390625,1138.2392578125,775.6650390625,1081.438720703125,786.1415405273438,1129.649658203125,785.4559326171875,1061.3897705078125,858.0985107421875,1145.5645751953125,857.970947265625,1053.341064453125,933.6791381835938,1171.80859375,933.5516967773438
1079.905029296875,642.26318359375,1078.09375,636.27978515625,1081.6585693359375,635.9542236328125,1072.8583984375,641.6129760742188,1106.671630859375,639.6067504882812,1063.5810546875,684.4259643554688,1126.8359375,679.023193359375,1050.6146240234375,732.8931884765625,1141.20654296875,730.348388671875,1054.2623291015625,768.1975708007812,1133.2161865234375,774.1973876953125,1073.8792724609375,779.427490234375,1121.673828125,776.685546875,1062.3524169921875,854.258056640625,1132.771484375,850.3704833984375,1056.9630126953125,930.55029296875,1153.6175537109375,923.1368408203125
1078.4266357421875,635.47607421875,1075.35107421875,629.0645751953125,1079.639404296875,629.04541015625,1066.8857421875,634.881103515625,1100.552001953125,633.2607421875,1055.6341552734375,677.034423828125,1120.503662109375,672.21044921875,1044.487548828125,727.2501220703125,1132.099609375,722.8094482421875,1051.4578857421875,766.5419921875,1128.2208251953125,772.200439453125,1067.68212890625,771.2650146484375,1114.4736328125,769.2409057617188,1061.5140380859375,847.86962890625,1120.2412109375,844.1651611328125,1056.91357421875,923.9844970703125,1127.078369140625,915.6685791015625
1072.3857421875,629.9229125976562,1069.79296875,623.2955932617188,1073.706787109375,623.4505615234375,1063.0701904296875,628.990478515625,1096.92529296875,627.8143310546875,1052.201171875,671.588134765625,1117.681884765625,667.74609375,1037.65087890625,718.8192749023438,1127.980224609375,719.1217041015625,1047.9742431640625,751.3313598632812,1124.99951171875,769.0504150390625,1064.5802001953125,766.9825439453125,1110.8536376953125,765.28564453125,1061.5196533203125,844.0684204101562,1111.10546875,840.052001953125,1057.5394287109375,923.8179931640625,1113.760498046875,914.2545776367188
1072.79345703125,627.2886352539062,1068.17822265625,620.3588256835938,1072.718017578125,620.7857055664062,1054.743896484375,626.9442749023438,1091.9674072265625,625.725341796875,1042.2781982421875,671.172607421875,1112.9921875,666.681396484375,1031.4666748046875,717.8253784179688,1128.8544921875,716.8123168945312,1053.3997802734375,746.2081298828125,1131.2574462890625,758.578857421875,1060.462890625,766.9368896484375,1108.8411865234375,765.3843994140625,1061.57177734375,845.0909423828125,1104.0054931640625,840.542724609375,1055.263671875,923.97314453125,1099.377197265625,912.0367431640625
1070.3804931640625,628.503662109375,1066.1796875,621.37841796875,1070.302490234375,621.961181640625,1052.6455078125,626.23095703125,1088.3544921875,626.0093994140625,1038.27734375,668.2191162109375,1108.6123046875,665.8453369140625,1025.1558837890625,714.3634643554688,1123.35498046875,715.6179809570312,1048.838134765625,744.134033203125,1126.5201416015625,757.8418579101562,1056.5355224609375,764.798583984375,1103.640869140625,764.271728515625,1057.7227783203125,841.714111328125,1092.0283203125,838.71240234375,1053.324462890625,918.8984985351562,1081.7451171875,909.2525634765625
1070.099365234375,628.1555786132812,1065.325927734375,621.029052734375,1069.730712890625,621.7998046875,1050.3193359375,625.829345703125,1084.702392578125,626.0803833007812,1035.5496826171875,666.7061767578125,1103.438720703125,666.0737915039062,1017.6292724609375,711.6072998046875,1118.534423828125,718.6598510742188,1033.5848388671875,733.1629028320312,1124.748291015625,761.3360595703125,1052.548828125,762.4129638671875,1096.3690185546875,762.7459716796875,1057.5560302734375,841.0169677734375,1082.0850830078125,838.517578125,1055.6707763671875,918.0635986328125,1065.9114990234375,908.614013671875
1066.9913330078125,627.9212646484375,1063.2259521484375,621.2972412109375,1067.602783203125,622.0369262695312,1048.1834716796875,625.5900268554688,1082.7271728515625,627.1780395507812,1032.806884765625,666.767822265625,1097.1639404296875,668.1571655273438,1011.5004272460938,707.3526611328125,1113.9320068359375,721.097412109375,1027.399169921875,732.4301147460938,1125.3900146484375,767.27490234375,1048.0291748046875,765.8366088867188,1089.12109375,765.6373901367188,1054.7578125,844.7452392578125,1069.361083984375,841.9235229492188,1058.2296142578125,922.8359375,1057.435302734375,916.0755615234375
1065.4229736328125,626.0391845703125,1061.60986328125,619.1574096679688,1065.7213134765625,619.9151000976562,1046.71630859375,624.5164794921875,1080.094482421875,625.9449462890625,1029.155517578125,666.305908203125,1095.8389892578125,668.44091796875,1010.47900390625,710.2569580078125,1110.857177734375,718.802978515625,1026.3043212890625,736.3434448242188,1118.5389404296875,759.7626342773438,1043.734130859375,762.6837158203125,1086.1611328125,764.3139038085938,1047.7432861328125,839.2432861328125,1066.96044921875,839.2662353515625,1057.255615234375,917.6539306640625,1058.6600341796875,913.256103515625
1063.14013671875,623.2779541015625,1059.855224609375,616.859130859375,1063.9320068359375,617.62353515625,1045.6607666015625,622.4453735351562,1077.501220703125,624.2565307617188,1027.136474609375,661.820068359375,1091.8310546875,665.536865234375,1007.8175048828125,708.1768188476562,1105.0443115234375,717.7045288085938,1023.63330078125,735.6329956054688,1114.7138671875,760.704345703125,1040.4366455078125,756.5736083984375,1081.525634765625,758.9310302734375,1040.89013671875,831.6637573242188,1061.21044921875,832.4218139648438,1054.82275390625,905.6489868164062,1056.251220703125,901.7459106445312
1061.5714111328125,619.1281127929688,1058.580810546875,612.86669921875,1063.03955078125,613.594482421875,1045.372802734375,618.0438842773438,1077.5263671875,619.9981689453125,1027.419189453125,656.3920288085938,1090.99951171875,660.6085205078125,1005.5318603515625,702.55712890625,1102.319091796875,713.465576171875,1016.2765502929688,733.4038696289062,1112.7174072265625,760.918212890625,1038.6988525390625,751.64404296875,1078.9091796875,753.9230346679688,1032.5450439453125,824.796142578125,1053.5673828125,825.6769409179688,1053.0443115234375,893.6643676757812,1055.570556640625,890.0729370117188
1055.476318359375,613.3805541992188,1052.936279296875,607.8986206054688,1057.8966064453125,607.5740966796875,1041.1739501953125,613.6973266601562,1074.9996337890625,613.343994140625,1025.3984375,654.280517578125,1088.0621337890625,655.3236694335938,1006.45166015625,698.45068359375,1103.9208984375,711.5648803710938,1007.8062744140625,728.8609619140625,1108.182373046875,759.3997802734375,1037.9119873046875,750.3406982421875,1077.706787109375,750.18212890625,1028.80615234375,819.23388671875,1051.073974609375,819.01025390625,1049.1732177734375,882.6807861328125,1054.077880859375,880.91650390625
1058.65234375,606.47265625,1055.13916015625,600.865234375,1060.2314453125,600.7970581054688,1039.5206298828125,606.1469116210938,1071.472900390625,606.50927734375,1022.4856567382812,646.4056396484375,1081.9725341796875,647.9042358398438,1004.8909912109375,695.3027954101562,1097.111572265625,702.811767578125,1002.9867553710938,734.9584350585938,1100.5804443359375,749.259033203125,1034.3486328125,743.2391357421875,1072.398681640625,743.7160034179688,1027.448486328125,812.5975341796875,1052.20361328125,813.6884765625,1043.689208984375,874.9774169921875,1051.67529296875,875.93701171875
1052.6138916015625,599.8673095703125,1049.4771728515625,594.300048828125,1054.51123046875,594.1632080078125,1035.0494384765625,599.3601684570312,1066.8504638671875,599.813720703125,1018.0966796875,640.5284423828125,1078.02490234375,642.0237426757812,1002.9957275390625,693.501220703125,1092.88232421875,697.3558349609375,1000.948974609375,737.5262451171875,1093.699462890625,741.212890625,1029.607421875,739.1064453125,1069.086181640625,739.824951171875,1021.9072265625,807.7840576171875,1055.0263671875,809.918701171875,1035.5782470703125,873.3872680664062,1056.28466796875,876.5462646484375
1047.558349609375,593.5930786132812,1044.9822998046875,587.2642822265625,1049.985595703125,587.6400146484375,1033.1063232421875,592.4584350585938,1064.886962890625,594.0048217773438,1016.72900390625,631.8895874023438,1079.0843505859375,636.455810546875,1000.751953125,682.22412109375,1092.177490234375,690.7827758789062,994.6705322265625,726.7037353515625,1091.798583984375,733.8162231445312,1024.7044677734375,728.9307861328125,1065.3048095703125,730.498779296875,1018.8367919921875,799.02978515625,1053.919189453125,802.7700805664062,1032.57080078125,864.680419921875,1054.4771728515625,870.8634033203125
1043.814697265625,591.4203491210938,1041.56787109375,585.0908203125,1046.318603515625,585.363037109375,1030.5166015625,589.69091796875,1061.5869140625,591.1162719726562,1014.8369750976562,627.5477294921875,1076.484619140625,632.6262817382812,999.4659423828125,677.0111083984375,1090.739990234375,686.1063232421875,991.0365600585938,721.4539794921875,1087.389404296875,727.3126220703125,1024.4200439453125,723.7772216796875,1065.103759765625,725.6063842773438,1013.4614868164062,793.6029052734375,1052.9910888671875,798.15380859375,1025.7056884765625,862.349853515625,1056.234375,870.0618896484375
1033.1356201171875,589.2847290039062,1032.162109375,583.3607177734375,1037.0263671875,583.223388671875,1025.494140625,587.667724609375,1057.499755859375,588.9981079101562,1008.034423828125,624.209228515625,1073.2913818359375,631.84765625,996.31689453125,673.6857299804688,1088.78271484375,685.1843872070312,986.4898681640625,719.5747680664062,1077.765380859375,723.4039306640625,1017.548095703125,719.7763671875,1061.9249267578125,723.54833984375,1005.12939453125,788.3084716796875,1054.260986328125,797.30078125,1009.7398681640625,856.0509033203125,1054.2119140625,871.2115478515625
1035.8341064453125,588.2744140625,1032.738525390625,582.2366333007812,1037.5233154296875,582.5619506835938,1021.578125,587.0586547851562,1052.4571533203125,587.9625854492188,1006.51025390625,623.9265747070312,1069.2598876953125,627.7296142578125,993.3733520507812,675.1455078125,1084.1663818359375,681.1259155273438,984.73681640625,720.0985717773438,1076.2991943359375,723.18359375,1014.8699340820312,718.8242797851562,1058.4854736328125,720.6719360351562,1000.3672485351562,789.3392944335938,1054.783935546875,793.6416015625,999.8173828125,860.3922729492188,1055.55810546875,865.865478515625
1031.4931640625,587.4239501953125,1028.383056640625,581.41259765625,1033.568115234375,581.488037109375,1016.3161010742188,586.7041015625,1048.8447265625,587.2537841796875,1000.498779296875,624.2803955078125,1062.2332763671875,629.6052856445312,990.820556640625,674.517822265625,1079.931884765625,682.8316650390625,981.3140258789062,720.2572021484375,1070.47998046875,718.7345581054688,1010.2055053710938,719.1617431640625,1053.300048828125,722.2088012695312,1000.5807495117188,787.6331787109375,1056.454345703125,795.2474365234375,989.121337890625,855.1012573242188,1052.6466064453125,866.8853759765625
1027.7310791015625,588.2501220703125,1024.8846435546875,582.0513916015625,1029.5177001953125,582.5202026367188,1012.9683837890625,586.707763671875,1043.3193359375,588.7655029296875,996.2235107421875,624.1111450195312,1058.2491455078125,631.108642578125,987.4453125,673.1273803710938,1075.651123046875,681.8189697265625,979.6906127929688,719.8460693359375,1068.0228271484375,717.4803466796875,1006.955322265625,718.1171875,1050.625244140625,721.8748779296875,995.5411376953125,784.4154052734375,1054.12841796875,792.6533203125,987.5667114257812,849.4287109375,1051.218505859375,863.311279296875
1024.8343505859375,588.0537109375,1020.8805541992188,582.0385131835938,1025.77197265625,582.480712890625,1007.3259887695312,587.2899169921875,1037.44482421875,587.9969482421875,992.3685302734375,624.4827880859375,1051.9747314453125,627.6676635742188,980.5679931640625,674.0994262695312,1070.377685546875,679.0153198242188,975.1825561523438,717.3890380859375,1069.4339599609375,719.4057006835938,1002.6498413085938,718.2864379882812,1044.4019775390625,720.2484741210938,993.182373046875,786.7034912109375,1049.3394775390625,790.4498291015625,983.0560913085938,854.5924072265625,1048.1778564453125,858.3169555664062
1016.6978759765625,588.0906982421875,1013.3245239257812,582.286865234375,1018.415283203125,582.5441284179688,1001.9305419921875,587.6668090820312,1032.261962890625,588.1325073242188,987.216552734375,625.2520751953125,1046.841064453125,627.842529296875,976.1339721679688,673.3968505859375,1066.4776611328125,677.01708984375,971.6170654296875,715.9090576171875,1069.2108154296875,716.7896728515625,996.918701171875,717.4702758789062,1038.5517578125,719.255126953125,990.873291015625,785.0597534179688,1045.892333984375,788.5288696289062,984.735107421875,852.85205078125,1048.2520751953125,856.5638427734375
1014.7406616210938,586.4097900390625,1012.2227783203125,580.50830078125,1017.1593017578125,580.8015747070312,999.8442993164062,583.7807006835938,1029.4615478515625,586.0186767578125,982.578369140625,620.482666015625,1041.8388671875,627.01416015625,972.1950073242188,668.9791259765625,1062.9442138671875,678.248046875,967.85791015625,715.440673828125,1068.4107666015625,716.7083129882812,995.31103515625,714.4826049804688,1036.5355224609375,718.2017211914062,990.734619140625,777.9680786132812,1044.5089111328125,785.1988525390625,988.9429321289062,839.9152221679688,1047.1375732421875,853.110595703125
1015.1497802734375,581.7818603515625,1011.8848876953125,575.9249267578125,1017.25048828125,576.29150390625,997.4947509765625,580.3602905273438,1028.2236328125,582.3701171875,979.4174194335938,618.5482177734375,1039.6822509765625,624.0689697265625,967.759765625,665.591064453125,1058.9664306640625,675.3167724609375,965.9921264648438,707.3863525390625,1065.7255859375,714.9158325195312,990.0863037109375,712.4068603515625,1032.19970703125,715.6454467773438,990.1220703125,774.3041381835938,1045.3016357421875,779.9393310546875,986.5196533203125,835.159423828125,1047.660400390625,845.593994140625
1011.6187744140625,579.026123046875,1008.9368896484375,573.3580322265625,1013.7318115234375,573.5879516601562,997.101806640625,577.8177490234375,1026.029541015625,579.18017578125,980.1641235351562,616.1051025390625,1038.000732421875,619.3836669921875,965.77587890625,662.360595703125,1055.21923828125,670.53125,964.292236328125,700.3560791015625,1064.3155517578125,712.203125,987.62158203125,708.1023559570312,1028.7083740234375,710.11083984375,986.3658447265625,766.0131225585938,1045.46435546875,769.0629272460938,981.6600952148438,829.926025390625,1051.7122802734375,835.44921875
1013.5418701171875,580.310791015625,1009.8966064453125,573.9878540039062,1014.6998291015625,574.77880859375,996.231201171875,577.3784790039062,1024.647216796875,579.5637817382812,978.938232421875,613.7950439453125,1038.2965087890625,617.48388671875,963.4287109375,658.436279296875,1055.234619140625,666.0892333984375,961.8555908203125,697.8941040039062,1066.4173583984375,708.7252197265625,984.5118408203125,702.4835815429688,1027.643798828125,704.60888671875,978.5136108398438,761.64501953125,1050.461181640625,764.011962890625,970.2595825195312,828.186279296875,1061.73974609375,831.1070556640625
1013.8690185546875,581.4288330078125,1009.9580078125,575.1497802734375,1014.75341796875,575.888916015625,995.3054809570312,578.2371215820312,1023.2147827148438,580.124755859375,977.737060546875,614.3214721679688,1036.5831298828125,617.15576171875,961.1409912109375,658.6638793945312,1054.903076171875,664.8511962890625,957.2147216796875,699.617919921875,1066.572998046875,708.6751708984375,982.1802978515625,701.3941650390625,1026.1162109375,703.0736694335938,972.4775390625,759.1137084960938,1054.3465576171875,760.8165893554688,960.859619140625,823.9813232421875,1071.364990234375,826.2833862304688
1013.1417846679688,582.3003540039062,1009.84423828125,576.771240234375,1014.561279296875,577.1009521484375,994.9345092773438,580.7118530273438,1023.7764892578125,582.220703125,975.42041015625,618.1221923828125,1035.502685546875,620.4201049804688,953.6237182617188,661.7279052734375,1055.71875,670.57958984375,948.982177734375,699.82666015625,1070.73095703125,717.1178588867188,975.11083984375,704.8536376953125,1020.925537109375,706.1353759765625,959.8126220703125,760.9088134765625,1054.553466796875,761.67333984375,947.3975830078125,824.6217041015625,1080.89453125,825.3839111328125
1009.28955078125,588.2086181640625,1006.7647705078125,582.8865356445312,1011.773193359375,583.1495361328125,994.9879760742188,586.20166015625,1024.6951904296875,587.8445434570312,976.1678466796875,622.0606689453125,1036.9259033203125,625.484130859375,951.2802734375,664.3126831054688,1058.0816650390625,676.46826171875,942.699462890625,700.885498046875,1072.47265625,721.7547607421875,971.9344482421875,709.3411254882812,1019.7618408203125,710.8900146484375,948.7999267578125,763.6419067382812,1058.2239990234375,765.4068603515625,929.0169677734375,822.735595703125,1089.85546875,825.1995849609375
1006.549560546875,597.2120361328125,1003.283447265625,591.3876342773438,1007.423583984375,591.8515625,989.224853515625,594.42138671875,1016.3530883789062,595.872802734375,971.4283447265625,631.0147705078125,1028.53125,632.6624755859375,948.6168823242188,676.0943603515625,1054.0037841796875,681.4035034179688,939.4739990234375,718.2355346679688,1069.970947265625,724.048583984375,971.3739013671875,716.0343627929688,1019.2843017578125,716.491455078125,939.9163818359375,771.2628173828125,1063.264404296875,771.3960571289062,911.7050170898438,829.0350341796875,1102.5328369140625,827.655029296875
997.3262329101562,607.7598266601562,994.42041015625,601.8453369140625,999.7783813476562,602.06494140625,983.5699462890625,603.8314819335938,1012.278076171875,605.0012817382812,966.7688598632812,637.55224609375,1028.264892578125,640.1066284179688,945.051025390625,685.2744140625,1053.13720703125,688.5718994140625,934.0369873046875,730.2420654296875,1061.311767578125,724.4259033203125,971.7589111328125,723.9150390625,1021.3194580078125,724.6585083007812,933.1213989257812,772.010498046875,1058.098876953125,774.59130859375,899.1351318359375,822.9371337890625,1083.800048828125,825.6358642578125
980.6136474609375,618.769287109375,979.6190185546875,613.2869873046875,984.2142333984375,613.2432250976562,976.9963989257812,616.70361328125,1003.7660522460938,617.0886840820312,964.207763671875,650.079345703125,1023.48779296875,652.2447509765625,944.1885986328125,693.5310668945312,1047.788330078125,697.7630615234375,930.3907470703125,732.7135009765625,1052.3515625,729.2581176757812,971.234619140625,730.643310546875,1020.0516357421875,731.0487060546875,929.0562744140625,771.971435546875,1057.53369140625,774.995361328125,894.7371826171875,824.220947265625,1087.553466796875,828.3934326171875
968.7533569335938,631.500732421875,967.5397338867188,625.988525390625,972.0772705078125,626.0773315429688,965.9496459960938,629.5333251953125,993.3109130859375,629.8109130859375,956.14111328125,662.7310180664062,1015.0248413085938,664.8047485351562,939.1862182617188,706.96484375,1038.9927978515625,710.9872436523438,922.132568359375,748.0697021484375,1036.6114501953125,742.1214599609375,965.6163330078125,740.7742919921875,1015.56201171875,741.2423095703125,922.9520263671875,776.1484375,1057.374267578125,779.4254150390625,888.2001342773438,827.0143432617188,1093.745361328125,830.922119140625
949.5543823242188,642.7213134765625,948.8927001953125,636.8619384765625,953.724365234375,636.1873779296875,949.3764038085938,637.6427001953125,977.1990966796875,635.2252197265625,947.5345458984375,667.7506103515625,997.4234619140625,664.8690185546875,934.2879638671875,716.9471435546875,1015.3067626953125,711.2685546875,916.3975830078125,759.2470092773438,1003.7232666015625,745.0545043945312,965.8712158203125,744.424072265625,1010.097412109375,743.2073364257812,920.6873779296875,775.93505859375,1044.395751953125,777.5982666015625,897.322021484375,823.8594360351562,1090.523681640625,829.7517700195312
926.9046630859375,649.0037231445312,927.5709228515625,642.9088134765625,931.4266357421875,641.487548828125,930.55322265625,642.3287963867188,955.916259765625,638.0084838867188,931.0680541992188,671.94775390625,975.7560424804688,665.6522216796875,918.5967407226562,725.9623413085938,984.368896484375,713.37255859375,900.7150268554688,774.577880859375,964.3090209960938,754.1318359375,962.953369140625,747.1829833984375,1003.3536987304688,744.55712890625,918.0082397460938,777.0662841796875,1032.6279296875,776.8145141601562,908.169189453125,825.0758056640625,1086.859130859375,828.268310546875
902.049072265625,649.8514404296875,903.1591796875,644.5321044921875,905.8727416992188,643.3633422851562,908.34130859375,647.0113525390625,933.615966796875,643.1514892578125,915.480224609375,678.3809814453125,951.2457275390625,673.117919921875,914.7313842773438,724.480712890625,941.8604736328125,716.1175537109375,905.9148559570312,772.965087890625,907.765869140625,759.0548095703125,950.2149658203125,746.9608154296875,990.10546875,744.844970703125,897.52001953125,781.8145751953125,1025.052001953125,780.6106567382812,877.8350830078125,828.35546875,1094.151123046875,826.0200805664062
877.329833984375,650.6712036132812,878.983642578125,645.2151489257812,881.8123779296875,644.42529296875,889.21630859375,647.103271484375,912.3331298828125,644.000732421875,904.0657958984375,677.3028564453125,930.3092651367188,674.038330078125,905.872314453125,723.6788940429688,916.5286865234375,718.6865844726562,887.3560791015625,771.5386962890625,879.344482421875,760.0101928710938,944.012939453125,745.5862426757812,978.2889404296875,744.3927612304688,884.783203125,780.1444702148438,1015.509033203125,780.7691650390625,867.7919921875,824.3818359375,1094.414794921875,824.6072387695312
854.9061279296875,656.6275024414062,857.5640869140625,651.4005737304688,856.9486083984375,651.04345703125,870.5771484375,652.8905029296875,878.2877197265625,651.1568603515625,888.3060302734375,679.084228515625,898.3570556640625,675.7886962890625,892.4351806640625,718.426513671875,862.7757568359375,709.1638793945312,869.803955078125,742.7608642578125,813.4783935546875,728.9853515625,944.5867919921875,738.7130126953125,967.48095703125,737.16748046875,881.892333984375,777.8289794921875,1002.8223266601562,776.9617919921875,876.667236328125,822.6395263671875,1078.437255859375,819.0931396484375
836.2454223632812,668.9369506835938,839.9041748046875,663.31103515625,835.963623046875,663.8995361328125,856.5855102539062,663.805908203125,849.2118530273438,664.35107421875,875.495849609375,688.1426391601562,871.3702392578125,683.3082885742188,871.2955322265625,731.708251953125,828.940673828125,703.5164794921875,843.6619262695312,774.2952880859375,777.1475830078125,720.125732421875,942.2703857421875,740.9176025390625,951.98046875,739.4899291992188,884.243408203125,770.1710205078125,976.3287353515625,768.71240234375,886.119873046875,818.6676025390625,1044.013427734375,812.9000244140625
820.9099731445312,678.1815795898438,823.4263916015625,672.875244140625,822.0496215820312,673.5118408203125,840.728271484375,671.5455322265625,841.2647705078125,671.9432373046875,865.0409545898438,690.8138427734375,865.4895629882812,685.71240234375,863.8941650390625,733.0147705078125,819.5634765625,701.7601928710938,831.235107421875,775.5487060546875,753.57177734375,712.50732421875,932.0092163085938,733.815673828125,943.6612548828125,732.4026489257812,879.1856689453125,772.32958984375,960.2877197265625,771.834716796875,885.53564453125,821.719482421875,1023.488525390625,817.7098388671875
808.2958374023438,686.654052734375,812.0787963867188,681.2307739257812,808.8135986328125,681.19384765625,828.2136840820312,678.3184814453125,823.2186279296875,678.2857666015625,849.4417724609375,693.7798461914062,846.509033203125,689.79248046875,861.3436889648438,729.6744384765625,802.3108520507812,704.6104736328125,833.5380249023438,772.2540283203125,741.4827880859375,717.0447387695312,921.509765625,721.7774658203125,932.7789306640625,720.2108154296875,866.2333374023438,769.7823486328125,962.6708984375,770.1539306640625,879.3473510742188,814.0966796875,1037.6195068359375,813.5711059570312
799.28271484375,698.0839233398438,801.12841796875,692.4266357421875,799.2086791992188,692.966796875,815.3651733398438,685.8292846679688,820.57763671875,685.911376953125,837.948974609375,695.12060546875,855.6812744140625,690.5367431640625,845.6336669921875,727.2628173828125,823.36572265625,698.7685546875,818.3521728515625,773.999755859375,752.4550170898438,710.4173583984375,917.1317138671875,721.3292236328125,940.12646484375,720.6474609375,864.689453125,767.8768310546875,954.4568481445312,767.9622802734375,882.2490234375,816.672119140625,1023.4967041015625,811.421630859375
795.6781005859375,698.051025390625,795.6187744140625,692.1008911132812,794.8712158203125,692.797607421875,805.7640380859375,685.5350341796875,809.79736328125,685.1524047851562,830.8302001953125,696.8935546875,836.5211181640625,687.7200317382812,839.3245239257812,737.88330078125,802.0343627929688,705.1505737304688,821.7144775390625,785.8020629882812,745.3880004882812,722.8026123046875,917.713623046875,718.0162963867188,929.716796875,713.9248046875,871.9188232421875,765.2382202148438,931.2515258789062,760.7803955078125,889.8407592773438,813.8322143554688,984.9834594726562,802.58544921875
787.2197265625,698.1064453125,786.2708129882812,692.083984375,786.45947265625,693.0984497070312,795.0528564453125,684.8369140625,802.5430908203125,684.81494140625,822.966796875,691.2935180664062,831.13232421875,684.679931640625,837.347900390625,729.4661254882812,804.6104736328125,708.5299682617188,828.8653564453125,772.9388427734375,760.1932373046875,734.8460083007812,919.2625122070312,702.7157592773438,932.6099853515625,699.9622802734375,867.2056274414062,757.501220703125,931.4152221679688,752.832763671875,890.8350219726562,811.8426513671875,991.9033813476562,797.9271240234375
779.8309326171875,696.0166015625,779.2052001953125,689.4193115234375,776.2058715820312,691.56494140625,788.374755859375,679.1447143554688,786.3286743164062,682.3634033203125,820.9795532226562,680.1806640625,814.9376220703125,681.4588012695312,839.6032104492188,715.3812866210938,803.7024536132812,711.5875244140625,837.4559326171875,762.2271728515625,767.2885131835938,750.040283203125,913.8814697265625,696.9553833007812,912.33056640625,699.0580444335938,871.4837036132812,751.8847045898438,889.105712890625,751.6880493164062,904.568359375,810.28466796875,931.1136474609375,800.5103759765625
774.0543823242188,684.291015625,774.6241455078125,677.484619140625,771.1275634765625,679.6741943359375,785.3350830078125,669.7164306640625,779.2801513671875,673.8389892578125,816.33447265625,671.4733276367188,803.7984619140625,678.2581787109375,840.903076171875,705.4431762695312,798.6220092773438,714.8776245117188,843.0989990234375,748.2960205078125,785.0875244140625,752.93603515625,909.34765625,680.0316162109375,902.093994140625,684.2152099609375,864.3700561523438,741.2861938476562,870.929443359375,744.4969482421875,893.0841064453125,802.39306640625,904.5404052734375,799.1057739257812
767.5517578125,675.3478393554688,767.8463134765625,669.0682373046875,764.80419921875,671.081298828125,778.2083129882812,662.791259765625,772.9689331054688,666.1709594726562,812.4757690429688,665.686767578125,795.1078491210938,673.9268798828125,843.3506469726562,696.3480834960938,805.189697265625,713.9815673828125,855.2442626953125,733.3965454101562,796.6463623046875,751.1304931640625,900.370849609375,680.9181518554688,888.5773315429688,685.863525390625,860.2098999023438,734.8619384765625,857.7640380859375,738.39892578125,892.2718505859375,799.6387939453125,892.5628051757812,796.1973876953125
758.6107788085938,666.9599609375,759.0902099609375,660.8984375,755.7559814453125,662.4111938476562,768.5067138671875,656.2894287109375,763.1756591796875,658.3624877929688,801.181640625,659.9882202148438,784.8305053710938,667.7462158203125,840.982666015625,688.3394775390625,799.865234375,709.161376953125,858.634765625,721.3839111328125,796.632568359375,750.8470458984375,887.9031982421875,676.7232666015625,876.697021484375,681.3179931640625,847.68310546875,729.2565307617188,840.637939453125,732.0711669921875,876.2470092773438,802.7066650390625,870.5198364257812,798.998046875
753.1050415039062,655.4375,752.6388549804688,649.9541015625,751.4367065429688,651.1458129882812,761.3554077148438,646.92138671875,761.2855224609375,648.1043701171875,797.7803955078125,655.5283203125,778.9081420898438,661.2088012695312,838.5743408203125,681.2874755859375,797.9580688476562,701.6898803710938,861.3245849609375,714.8840942382812,796.4306030273438,743.8226318359375,875.0933837890625,684.4268188476562,860.7401733398438,688.1160888671875,842.4743041992188,738.3169555664062,819.6297607421875,740.136474609375,876.5467529296875,802.8491821289062,847.48046875,797.9324340820312
750.0241088867188,645.3489990234375,749.6825561523438,639.473876953125,747.3897094726562,640.9769287109375,757.8199462890625,636.1836547851562,755.3072509765625,638.337158203125,791.4541015625,647.463623046875,774.205322265625,654.791259765625,834.4103393554688,670.3737182617188,789.343017578125,694.06982421875,855.96826171875,706.9505004882812,786.3949584960938,737.99560546875,860.7069091796875,686.810791015625,847.6840209960938,690.8036499023438,829.36962890625,739.1409912109375,804.457763671875,741.702880859375,860.805419921875,799.7515869140625,824.03173828125,795.4930419921875
743.9039916992188,636.7978515625,744.2110595703125,631.3635864257812,741.5323486328125,631.5404052734375,752.8690185546875,629.1575927734375,749.5285034179688,627.4843139648438,786.2679443359375,644.1640014648438,765.7850341796875,644.4937744140625,823.3760375976562,674.130859375,782.7122802734375,690.313232421875,848.4578857421875,704.421630859375,778.677734375,747.4697265625,854.7467651367188,688.1021728515625,835.4630126953125,688.907470703125,840.1950073242188,746.6334228515625,773.013427734375,743.2761840820312,879.6226806640625,806.61376953125,774.30322265625,793.669677734375
740.48046875,628.8722534179688,739.9585571289062,623.797607421875,738.7544555664062,623.9501342773438,747.0975952148438,623.6732177734375,749.0525512695312,621.541015625,781.0523681640625,643.6481323242188,763.9124755859375,639.8320922851562,814.13720703125,679.9392700195312,780.7132568359375,679.7008056640625,835.10498046875,712.2145385742188,779.2860717773438,721.1026000976562,846.600341796875,693.6015625,829.3895263671875,692.6966552734375,833.439208984375,751.421875,764.8461303710938,746.8897705078125,872.1157836914062,810.4830322265625,766.787353515625,796.9674072265625
744.1681518554688,625.917236328125,744.1053466796875,620.6973266601562,741.70263671875,620.6694946289062,750.8438720703125,619.9674072265625,750.5338134765625,617.426025390625,781.2288208007812,642.0805053710938,766.2679443359375,634.6428833007812,806.35791015625,683.3053588867188,780.1273193359375,672.987060546875,811.853759765625,713.5781860351562,777.2686767578125,712.535400390625,835.715576171875,699.8517456054688,820.437255859375,696.5782470703125,824.1447143554688,753.66455078125,758.64599609375,745.5005493164062,864.5037841796875,810.5861206054688,764.2766723632812,791.1798706054688
744.3301391601562,616.9210815429688,744.2122192382812,611.922607421875,743.7981567382812,611.4485473632812,750.375732421875,613.4134521484375,757.7249755859375,609.8126220703125,778.2869873046875,637.7913208007812,768.9652099609375,631.2498779296875,805.48681640625,684.39306640625,788.6306762695312,674.6900634765625,807.7769775390625,719.5577392578125,793.5250854492188,715.1214599609375,824.381103515625,700.816650390625,812.7169189453125,698.7628173828125,815.0568237304688,749.8428955078125,759.251953125,745.1910400390625,851.9364624023438,810.106689453125,768.2154541015625,798.0931396484375
749.1242065429688,615.8101806640625,748.607177734375,610.6265258789062,748.7429809570312,610.0430297851562,752.8002319335938,610.0701293945312,762.947998046875,606.1778564453125,778.2418212890625,632.8671264648438,774.1268310546875,625.1156616210938,800.4583740234375,680.7431030273438,793.2639770507812,667.6394653320312,804.0081787109375,723.2098999023438,795.5172729492188,709.4445190429688,821.2662963867188,699.5006713867188,813.05517578125,696.7867431640625,807.712646484375,747.2118530273438,754.054931640625,742.1592407226562,848.1282958984375,807.0584106445312,765.7152709960938,794.2271728515625
746.6278686523438,606.3679809570312,747.0540771484375,601.7757568359375,747.316162109375,600.2824096679688,752.79443359375,603.2239379882812,764.4859008789062,597.0828857421875,776.168701171875,630.107666015625,776.131103515625,617.435791015625,788.9042358398438,679.7446899414062,789.9293212890625,660.88818359375,792.81298828125,723.001220703125,788.3604125976562,708.2696533203125,813.3887329101562,701.3469848632812,808.5494384765625,695.3010864257812,800.4592895507812,757.0464477539062,747.6671142578125,746.8489990234375,850.8034057617188,809.6358642578125,765.4352416992188,788.8131103515625
749.45703125,601.1532592773438,749.4261474609375,596.516357421875,750.6602172851562,594.750244140625,753.7379150390625,598.4995727539062,770.8251953125,591.4426879882812,774.955322265625,626.3757934570312,783.1536865234375,613.07470703125,786.3667602539062,676.6012573242188,796.6576538085938,658.6817626953125,787.5445556640625,720.3636474609375,790.7423095703125,709.6408081054688,811.3302612304688,699.130859375,811.9541015625,692.8258666992188,800.8424072265625,757.0684814453125,751.0772705078125,746.7991333007812,847.4345703125,814.4280395507812,763.9075317382812,793.27734375
756.7506103515625,599.730712890625,756.3201904296875,594.7864379882812,757.4561157226562,593.3297119140625,759.358642578125,596.1324462890625,777.16845703125,589.7274780273438,779.0059204101562,624.4502563476562,788.995849609375,611.3319091796875,785.9368286132812,676.602294921875,798.8311157226562,658.9281616210938,784.8469848632812,717.9520263671875,790.155517578125,708.091064453125,811.1629028320312,698.0326538085938,813.2872314453125,691.6412353515625,801.16796875,758.440673828125,753.8636474609375,747.9306640625,842.997314453125,819.4317626953125,763.0385131835938,797.4028930664062
761.2596435546875,599.4586181640625,760.85302734375,594.3253173828125,760.9821166992188,592.9737548828125,763.3895263671875,593.9381713867188,778.1812133789062,587.6195678710938,781.2747802734375,622.067626953125,793.174560546875,607.5352783203125,784.5767822265625,677.4043579101562,801.7255859375,655.5545654296875,780.3165893554688,718.9607543945312,789.9028930664062,707.06591796875,817.5673828125,698.1797485351562,820.556396484375,691.1403198242188,801.896484375,761.845458984375,755.614990234375,749.9000244140625,846.0027465820312,824.3743896484375,761.4593505859375,799.6689453125
763.0326538085938,596.1668701171875,762.0784301757812,591.0188598632812,763.48876953125,589.6465454101562,764.6328125,590.994140625,782.8306884765625,584.4327392578125,783.8289794921875,620.1820068359375,796.275390625,604.99365234375,786.1181640625,676.791259765625,800.7647094726562,654.0174560546875,778.07177734375,719.7552490234375,785.6201171875,707.54345703125,817.3093872070312,698.452880859375,820.5360107421875,691.3272705078125,808.5032958984375,762.908203125,758.3928833007812,750.9049072265625,852.5340576171875,825.69189453125,762.863037109375,800.649169921875
770.8244018554688,591.5064086914062,768.9647216796875,586.2639770507812,772.2914428710938,584.822998046875,769.946533203125,587.5831298828125,794.0406494140625,580.829345703125,787.8848876953125,617.09130859375,805.6539306640625,603.689453125,792.0281982421875,670.468017578125,809.8170166015625,651.8355712890625,781.3123779296875,714.677490234375,791.608154296875,704.1386108398438,819.0418701171875,696.3410034179688,825.4732666015625,690.0906372070312,819.5009765625,759.9188232421875,767.4866333007812,750.5711669921875,855.678955078125,819.7626342773438,763.7614135742188,799.8550415039062
771.5000610351562,586.90869140625,769.8297729492188,581.6783447265625,773.2489013671875,580.1710815429688,772.3062744140625,584.219482421875,797.6262817382812,577.102783203125,788.800537109375,615.3767700195312,812.44091796875,601.8340454101562,793.4354248046875,668.0491943359375,816.157470703125,650.0030517578125,781.9788208007812,707.4019775390625,796.3826904296875,700.00390625,819.2528076171875,695.7680053710938,829.5221557617188,689.6265869140625,823.2117919921875,762.41162109375,774.9702758789062,753.4000854492188,856.1668701171875,821.8392333984375,765.2390747070312,802.66357421875
770.55517578125,583.537109375,767.931640625,577.970703125,771.3762817382812,576.82421875,768.7645263671875,579.3690185546875,796.5833129882812,572.4586791992188,785.1290283203125,611.4688720703125,816.9889526367188,596.3046875,790.7323608398438,665.605224609375,821.885009765625,643.720703125,783.7263793945312,708.8955078125,799.8585205078125,696.078857421875,820.707275390625,692.3292236328125,836.6251220703125,686.1575927734375,825.4456787109375,762.1636962890625,781.3145141601562,752.4044189453125,864.2433471679688,826.01025390625,772.9840087890625,804.8142700195312
770.124755859375,578.6222534179688,768.2883911132812,572.9530029296875,771.6590576171875,572.1072998046875,772.315673828125,573.855712890625,799.0068359375,568.4514770507812,788.07421875,606.3172607421875,824.0487060546875,592.5751953125,791.3350830078125,660.7703857421875,830.0125122070312,639.1800537109375,783.0057373046875,706.2918701171875,806.3658447265625,691.5288696289062,822.9747314453125,686.22998046875,842.4918212890625,680.1865234375,820.3818359375,759.0804443359375,790.12451171875,749.9393920898438,861.64990234375,820.4710693359375,789.403564453125,801.5498657226562
773.9038696289062,573.187255859375,772.113525390625,567.4660034179688,775.749755859375,566.7291259765625,774.92724609375,568.8836669921875,802.6380615234375,564.3788452148438,789.1349487304688,601.5889282226562,825.4517211914062,590.9713134765625,793.8319702148438,655.2071533203125,834.482421875,638.300537109375,784.86279296875,701.84619140625,811.947998046875,687.357666015625,824.8130493164062,682.2215576171875,845.5420532226562,677.9917602539062,820.60498046875,757.9246215820312,801.95166015625,752.0556640625,860.4270629882812,822.5531616210938,808.5320434570312,809.6006469726562
783.24169921875,569.1132202148438,781.0208129882812,563.325927734375,784.0914916992188,562.61328125,779.1053466796875,566.18994140625,806.6202392578125,562.133056640625,788.72802734375,600.373046875,827.8207397460938,591.614501953125,794.4006958007812,652.65087890625,838.8198852539062,637.4656982421875,784.48291015625,701.35498046875,812.9207763671875,684.636962890625,826.694091796875,680.1358032226562,850.2398681640625,677.1103515625,819.5678100585938,756.1898803710938,814.1654663085938,752.39697265625,859.5364379882812,821.6511840820312,827.4219360351562,812.1182861328125
776.29638671875,572.8035278320312,776.344482421875,567.70361328125,779.4373779296875,565.4633178710938,779.4461059570312,570.1640625,804.496826171875,562.93603515625,789.035400390625,600.6783447265625,822.06298828125,592.1791381835938,798.8717041015625,653.8302612304688,834.9149780273438,641.4589233398438,784.8638305664062,699.565185546875,810.7091674804688,686.1616821289062,835.2581787109375,681.2535400390625,856.1259765625,678.5281372070312,821.9517822265625,755.3080444335938,825.9027099609375,753.530029296875,856.4020385742188,824.2802124023438,846.4720458984375,819.1539916992188
778.2470703125,576.48974609375,777.6771240234375,571.51953125,781.2412719726562,569.0830078125,779.5416259765625,574.9552001953125,806.9073486328125,566.3746948242188,790.2904052734375,606.865478515625,824.823486328125,593.5174560546875,799.0702514648438,660.1429443359375,833.3851318359375,642.1510009765625,786.6397705078125,703.8828735351562,808.9879150390625,691.587646484375,833.2342529296875,686.7947387695312,857.7081298828125,680.8091430664062,806.3428344726562,754.6746826171875,830.0255126953125,747.0455322265625,838.186279296875,821.247802734375,864.1492309570312,805.4954223632812
778.958740234375,586.048583984375,778.452392578125,580.5770263671875,780.9472045898438,578.682373046875,780.9237060546875,583.1465454101562,804.3909912109375,575.6463623046875,793.9114379882812,614.04345703125,825.1668090820312,601.2495727539062,801.5087890625,671.040283203125,830.0133056640625,653.3811645507812,786.332763671875,712.4935302734375,802.875732421875,700.7435913085938,841.8964233398438,696.24072265625,865.2343139648438,689.7813110351562,797.7156372070312,756.215576171875,829.7916870117188,747.7137451171875,834.0179443359375,820.4793090820312,873.5643310546875,802.917236328125
778.0277099609375,596.622802734375,778.4102783203125,591.0730590820312,779.6292114257812,589.3394775390625,782.96923828125,592.9856567382812,801.088134765625,586.4005737304688,798.177490234375,621.3140869140625,821.7481689453125,610.0908203125,807.188232421875,678.9790649414062,824.209716796875,663.3360595703125,789.6302490234375,720.50537109375,797.619140625,708.764892578125,845.11376953125,699.679443359375,865.3602294921875,693.96142578125,796.537353515625,760.2771606445312,839.705810546875,753.0979614257812,826.5650024414062,824.2307739257812,887.89892578125,810.0631103515625
777.3690185546875,610.2946166992188,779.32763671875,604.9551391601562,779.0828247070312,603.0008544921875,787.1553955078125,605.5897216796875,799.614501953125,599.1607666015625,801.3218994140625,630.68896484375,820.7653198242188,620.7258911132812,808.1954956054688,687.4124755859375,824.1199951171875,672.485107421875,784.8330688476562,729.2051391601562,795.2274169921875,712.841796875,846.87646484375,706.0294189453125,865.7606201171875,700.6749267578125,791.133544921875,764.593994140625,846.12060546875,759.044921875,816.6337280273438,824.51416015625,899.9166870117188,814.2222900390625
777.189697265625,616.9451904296875,777.1094970703125,612.4117431640625,778.556396484375,609.9423828125,781.5624389648438,615.6893310546875,800.575439453125,606.487548828125,798.3876953125,646.945068359375,822.3677978515625,629.111083984375,807.5377807617188,698.6888427734375,828.8648681640625,668.2427368164062,780.9365234375,730.4736328125,798.8968505859375,702.3517456054688,839.263916015625,716.1682739257812,861.3055419921875,707.8870849609375,795.796142578125,769.9542846679688,849.9686279296875,758.27099609375,809.6719970703125,832.2097778320312,895.9769287109375,810.0247802734375
768.6895751953125,620.7862548828125,768.35791015625,616.37451171875,770.1082763671875,613.8868408203125,772.5540771484375,621.7333374023438,792.529052734375,612.1455078125,787.3699951171875,654.6226806640625,816.9256591796875,635.0792846679688,793.8367919921875,704.6874389648438,833.817138671875,670.1572875976562,766.2979736328125,732.1166381835938,810.5274658203125,698.6990356445312,834.5467529296875,719.8819580078125,859.164306640625,710.53662109375,796.3734130859375,773.4032592773438,855.468017578125,759.8953857421875,812.8402099609375,835.743896484375,904.2313842773438,809.9814453125
761.6070556640625,624.0869750976562,760.29150390625,620.1002197265625,762.5884399414062,617.4246826171875,762.159423828125,624.933349609375,783.376220703125,613.8895874023438,774.6636962890625,656.7247314453125,811.9124755859375,631.5042114257812,777.8292846679688,701.9656982421875,847.159912109375,656.9588623046875,761.9583740234375,717.7171630859375,851.076416015625,681.3741455078125,827.7544555664062,718.5499877929688,855.7548828125,706.9725341796875,791.8115234375,778.3946533203125,853.431884765625,759.1046142578125,809.9624633789062,840.2612915039062,901.5726318359375,805.614013671875
757.3353881835938,618.6084594726562,755.8504638671875,614.8866577148438,757.9776611328125,611.8698120117188,755.1429443359375,622.6439819335938,778.6946411132812,610.1492919921875,764.47021484375,658.4462890625,805.952392578125,631.379638671875,763.72216796875,702.077880859375,843.3389892578125,663.0026245117188,757.8303833007812,700.380615234375,854.8028564453125,691.803955078125,819.768310546875,723.0267333984375,850.0911254882812,710.0056762695312,782.1112060546875,782.3343505859375,842.1993408203125,758.93408203125,806.96826171875,841.481201171875,895.3068237304688,801.0067749023438
759.4680786132812,610.6544189453125,755.3248291015625,606.8341674804688,759.2593994140625,604.5994873046875,746.802001953125,615.6253662109375,772.4422607421875,605.7035522460938,751.8897705078125,652.8974609375,801.8836669921875,628.9715576171875,759.7056884765625,700.78662109375,835.8836669921875,659.3892211914062,766.6590576171875,704.9173583984375,842.8906860351562,674.2316284179688,807.3509521484375,724.5482177734375,844.67236328125,713.5070190429688,774.106689453125,781.5394287109375,846.7999877929688,762.1993408203125,797.3801879882812,840.913330078125,890.42333984375,807.4198608398438
745.514892578125,611.970703125,743.0147705078125,607.6652221679688,747.0823364257812,605.2941284179688,740.2455444335938,612.7600708007812,766.4398803710938,603.1749877929688,746.5240478515625,647.090087890625,796.2286376953125,625.1702880859375,759.8350830078125,695.205810546875,830.9258422851562,659.0553588867188,778.0992431640625,695.8619384765625,842.7703857421875,673.3314208984375,800.9097290039062,720.1950073242188,837.9933471679688,710.2449951171875,770.803955078125,778.3714599609375,839.8177490234375,760.7975463867188,796.6565551757812,840.415771484375,881.3885498046875,810.30322265625
749.7482299804688,606.9532470703125,744.08935546875,601.9848022460938,749.4097900390625,599.7252197265625,730.117431640625,606.7960205078125,758.3807373046875,596.957763671875,734.30810546875,641.039306640625,784.1324462890625,620.5450439453125,770.20654296875,685.8397827148438,822.3486328125,655.4967041015625,813.2103881835938,672.0468139648438,838.294921875,664.2545166015625,780.5699462890625,717.2196044921875,817.462158203125,709.6085205078125,777.452392578125,779.0454711914062,830.593505859375,762.1859130859375,806.30859375,846.1646118164062,865.4954833984375,818.19140625
749.4239501953125,600.8759765625,742.973388671875,595.627197265625,746.8976440429688,594.8419799804688,726.17236328125,603.45751953125,754.1339721679688,597.0167236328125,727.1233520507812,644.2838134765625,777.7523803710938,629.7706298828125,769.361328125,677.0501708984375,815.4435424804688,662.515625,816.3451538085938,666.2071533203125,836.5233154296875,669.18798828125,765.794677734375,726.2488403320312,803.1557006835938,720.6932373046875,771.3499755859375,780.7838745117188,821.6907348632812,767.1302490234375,799.3424072265625,845.9366455078125,851.5406494140625,822.023193359375
750.0936279296875,600.0199584960938,742.7501831054688,594.0450439453125,747.4759521484375,594.8038330078125,723.831298828125,600.8585815429688,751.9197387695312,599.5043334960938,721.0870361328125,639.5982666015625,770.4051513671875,634.6087646484375,749.1536254882812,667.8359375,805.4287109375,671.819091796875,790.3001708984375,652.023681640625,832.0341796875,674.4057006835938,747.203857421875,722.2728271484375,782.3443603515625,721.145263671875,771.2748413085938,777.68017578125,810.3916625976562,770.6136474609375,786.660400390625,846.6875,824.440185546875,833.3853149414062
747.4519653320312,599.5364990234375,740.1683959960938,593.1834106445312,744.8602294921875,594.95703125,720.9791870117188,600.37841796875,746.2255249023438,602.4887084960938,717.419921875,638.3779907226562,762.3676147460938,639.2101440429688,742.5631103515625,675.7476196289062,795.7651977539062,680.55322265625,790.308349609375,666.477783203125,829.5086059570312,676.48583984375,739.6411743164062,720.708984375,770.985107421875,722.8023681640625,767.4139404296875,779.578125,800.444091796875,777.7576904296875,771.07470703125,852.2034301757812,800.4515991210938,848.4625854492188
745.3828735351562,599.95361328125,737.639404296875,593.332275390625,742.353271484375,595.8024291992188,717.51611328125,600.419921875,741.7523193359375,604.3591918945312,712.1516723632812,635.8610229492188,757.78955078125,639.9629516601562,736.8588256835938,674.943359375,788.3014526367188,684.4591674804688,786.5616455078125,668.5850219726562,820.2826538085938,679.7777099609375,727.4973754882812,724.2249145507812,758.8674926757812,727.5183715820312,758.269287109375,792.57421875,792.2711791992188,792.4674072265625,750.536865234375,865.7133178710938,776.1939697265625,862.9639892578125
736.0123291015625,613.003173828125,727.266845703125,606.0565795898438,731.810791015625,609.4222412109375,706.7643432617188,611.1595458984375,730.73974609375,616.906982421875,707.7587890625,644.141357421875,738.6416625976562,652.3772583007812,737.3779907226562,672.9757080078125,768.1031494140625,697.9517211914062,784.74560546875,663.7576293945312,805.1666259765625,699.072998046875,719.6028442382812,735.572265625,741.2322998046875,740.9752807617188,769.8345947265625,799.4189453125,788.2952270507812,801.7868041992188,740.8172607421875,858.8721923828125,756.0230712890625,859.3189697265625
730.716552734375,615.9725341796875,720.849365234375,608.655517578125,725.2105712890625,613.1915283203125,698.7451171875,615.6820068359375,721.4397583007812,624.1477661132812,704.7655029296875,648.308837890625,725.275390625,663.7507934570312,726.4848022460938,669.4720458984375,754.0615234375,713.12109375,759.2174072265625,645.2133178710938,787.6365966796875,705.9749755859375,717.7225341796875,745.0922241210938,729.8863525390625,753.4639892578125,773.0555419921875,813.171875,769.1414794921875,819.3258056640625,735.392822265625,869.459228515625,723.5802001953125,873.2567138671875
724.0879516601562,624.4673461914062,716.7177734375,616.8033447265625,718.7754516601562,621.0588989257812,696.1514892578125,622.06396484375,711.8158569335938,631.2172241210938,695.4476318359375,655.3966674804688,712.0980834960938,672.6741333007812,715.8758544921875,686.965087890625,736.2210693359375,729.1710205078125,757.1643676757812,680.7694091796875,777.8234252929688,731.7109375,707.6458740234375,750.9969482421875,716.4110717773438,760.242431640625,763.4252319335938,821.5496826171875,749.1708374023438,829.7120361328125,734.5460205078125,878.37451171875,702.8594360351562,887.3955688476562
714.359375,628.6849365234375,711.5003662109375,621.3674926757812,707.7686767578125,625.5284423828125,699.2263793945312,626.5799560546875,696.6494140625,636.5274658203125,693.4803466796875,657.088134765625,698.877197265625,679.1862182617188,713.0626220703125,691.2716064453125,723.6534423828125,736.66259765625,745.7088012695312,688.6525268554688,767.20556640625,735.2898559570312,704.517578125,752.7207641601562,704.4921875,764.3267211914062,746.7664794921875,819.1777954101562,724.5093994140625,831.6729125976562,740.783935546875,881.6806640625,690.6532592773438,896.94775390625
704.991943359375,637.0160522460938,704.7974243164062,629.319091796875,698.1759033203125,633.013671875,695.9335327148438,631.4203491210938,688.91552734375,641.6309204101562,683.4490356445312,659.6638793945312,688.4225463867188,685.8950805664062,695.7294921875,684.8995361328125,707.1427612304688,746.47314453125,727.6947631835938,686.5260620117188,741.0859985351562,761.7381591796875,696.408935546875,756.95556640625,694.7530517578125,770.9564208984375,746.6607666015625,823.4710693359375,706.9259643554688,840.7315673828125,740.1173095703125,874.3822021484375,660.5299682617188,898.72314453125
698.722412109375,643.0679931640625,697.240966796875,635.1256713867188,691.0786743164062,638.6946411132812,685.2264404296875,639.3282470703125,677.8038940429688,647.9881591796875,671.4711303710938,669.9518432617188,679.9295654296875,692.995849609375,683.511474609375,695.409912109375,698.4905395507812,754.1708984375,711.3287353515625,686.6976318359375,735.3895874023438,773.0059204101562,679.7705078125,766.29541015625,682.0774536132812,778.4356689453125,722.8445434570312,829.69091796875,702.90283203125,841.8048706054688,716.1406860351562,883.410888671875,667.3971557617188,897.2353515625
689.071533203125,644.65576171875,689.4207763671875,636.3081665039062,679.9761352539062,639.6277465820312,682.0313720703125,641.0478515625,665.37109375,649.2886352539062,666.5305786132812,674.5892333984375,668.2412719726562,694.2304077148438,676.3931884765625,696.5513916015625,683.8043212890625,749.9104614257812,696.5933837890625,702.711181640625,708.2442626953125,783.9302978515625,662.1007080078125,768.9713134765625,661.351806640625,779.336669921875,706.9229736328125,835.778564453125,699.18408203125,846.5030517578125,689.1810302734375,898.4005737304688,661.4619140625,911.3927001953125
677.380859375,643.4320678710938,674.6427612304688,636.396728515625,670.6617431640625,638.9793701171875,660.9454956054688,641.5988159179688,657.8493041992188,646.82177734375,648.8670654296875,672.3406372070312,657.2367553710938,689.559326171875,669.8328247070312,699.8438720703125,664.8107299804688,751.5587768554688,690.24853515625,700.1953125,684.5870361328125,797.483642578125,645.6307373046875,766.515869140625,652.4188842773438,775.8973388671875,680.706298828125,837.2960815429688,687.9569091796875,844.1002197265625,671.2726440429688,909.693603515625,670.0096435546875,914.1185302734375
661.2137451171875,627.936279296875,660.72607421875,621.2539672851562,654.109375,623.98095703125,652.73388671875,631.361083984375,642.1543579101562,637.4971923828125,641.1861572265625,669.1649780273438,641.06591796875,686.5924072265625,660.2611694335938,698.45849609375,643.9529418945312,745.4225463867188,679.3616943359375,704.4588623046875,662.373291015625,785.328369140625,636.9518432617188,764.600341796875,638.300537109375,774.2360229492188,672.595703125,831.0604248046875,682.5297241210938,839.468017578125,657.9404907226562,905.3919067382812,661.77490234375,912.3305053710938
646.373779296875,626.7640991210938,646.0887451171875,620.08935546875,639.766357421875,622.14404296875,640.0799560546875,628.3407592773438,629.0335693359375,632.5394897460938,634.7623291015625,664.4375610351562,626.1788940429688,676.3683471679688,651.1529541015625,690.9459228515625,625.4295043945312,731.3057861328125,668.488525390625,696.36962890625,640.8710327148438,773.625244140625,634.4595947265625,759.5064697265625,631.267333984375,765.815185546875,655.4439086914062,830.4014892578125,670.387939453125,835.0352783203125,635.7221069335938,907.6893310546875,655.2937622070312,911.362548828125
630.8768310546875,626.952880859375,633.630126953125,620.736328125,624.3048706054688,621.7343139648438,633.136962890625,628.6927490234375,612.2610473632812,631.2071533203125,628.2421264648438,666.3641967773438,604.4090576171875,679.19873046875,636.0769653320312,684.8109741210938,600.2994384765625,740.6199951171875,654.8465576171875,688.7852783203125,607.7023315429688,794.3541870117188,632.263427734375,764.283935546875,622.0491333007812,769.6660766601562,631.6777954101562,836.4810791015625,662.1158447265625,841.79541015625,595.614013671875,903.778076171875,652.88623046875,910.3595581054688
619.6530151367188,628.650634765625,620.8101196289062,623.33544921875,613.5596313476562,623.7176513671875,616.5399169921875,632.243896484375,599.5271606445312,632.9205322265625,615.8943481445312,669.9901123046875,589.3228759765625,681.2291259765625,631.28564453125,688.5279541015625,585.4989013671875,745.3046875,649.674560546875,684.1790161132812,584.971923828125,799.6239624023438,624.599365234375,769.798095703125,614.8895874023438,774.3008422851562,614.5358276367188,843.2206420898438,657.3514404296875,846.8782958984375,572.3648681640625,905.7200317382812,653.6175537109375,909.6798095703125
606.4711303710938,643.7109985351562,606.880859375,637.6837158203125,599.7889404296875,638.515380859375,601.0926513671875,642.5785522460938,584.133056640625,643.9405517578125,602.9940185546875,676.73876953125,573.1499633789062,685.176513671875,623.5297241210938,697.2899780273438,567.512451171875,742.2193603515625,650.084716796875,704.53076171875,566.78125,793.542236328125,607.8325805664062,778.7635498046875,596.33642578125,781.666748046875,596.9471435546875,852.8468017578125,641.62744140625,853.7503662109375,552.183349609375,912.8259887695312,638.7222290039062,911.3204345703125
593.3948364257812,636.7035522460938,591.6497192382812,630.5964965820312,586.6049194335938,632.754150390625,584.065185546875,642.0280151367188,575.4930419921875,645.443603515625,586.7140502929688,681.7556762695312,570.5301513671875,690.2177124023438,610.5549926757812,702.7135009765625,549.3035888671875,743.127197265625,626.505615234375,706.1141357421875,548.469970703125,796.7589111328125,582.8848266601562,781.3877563476562,583.0172119140625,784.0867309570312,564.1832885742188,860.0489501953125,635.6038208007812,858.2926025390625,522.1427612304688,929.3751220703125,644.1336669921875,919.7493896484375
578.876708984375,648.9927368164062,578.080322265625,642.3572998046875,571.6552734375,644.782958984375,572.14306640625,650.886962890625,560.7110595703125,655.2594604492188,571.2552490234375,687.00244140625,557.2293701171875,696.6574096679688,593.1275024414062,706.5863037109375,534.00390625,747.2862548828125,616.1348266601562,715.0939331054688,531.3133544921875,805.7080078125,561.5498046875,781.8681640625,564.4105224609375,785.540771484375,542.5016479492188,859.002685546875,621.450927734375,858.1294555664062,506.6259765625,931.7166137695312,641.0162963867188,923.85302734375
569.93408203125,655.9656982421875,569.8433837890625,649.9805297851562,563.8079223632812,650.522705078125,562.3485717773438,658.4825439453125,548.3084106445312,658.9071044921875,559.76123046875,697.8707275390625,537.1722412109375,704.0406494140625,583.217529296875,711.4417114257812,518.6702270507812,756.1966552734375,613.893798828125,709.214111328125,515.6478271484375,815.0181884765625,557.5672607421875,794.6995849609375,556.1800537109375,796.8004760742188,538.9671020507812,866.4113159179688,622.623046875,864.3304443359375,498.37640380859375,937.5419921875,647.9656982421875,931.886474609375
557.4625244140625,660.4047241210938,558.7267456054688,654.4551391601562,552.5721435546875,654.6937866210938,552.2447509765625,660.8866577148438,539.9383544921875,662.0106811523438,545.2689208984375,696.0011596679688,525.957275390625,706.8058471679688,567.1697387695312,712.34130859375,507.5294494628906,762.6563720703125,597.469970703125,714.833251953125,506.7924499511719,818.5633544921875,550.9887084960938,796.9810180664062,539.7139892578125,802.4439697265625,575.2884521484375,868.3243408203125,564.9361572265625,872.9965209960938,571.7779541015625,935.6767578125,548.8919677734375,941.8760375976562
550.5029296875,664.0120239257812,550.478515625,658.61376953125,544.4495849609375,658.6737060546875,542.5240478515625,666.33056640625,528.47119140625,665.710693359375,540.3822021484375,706.1226196289062,515.67578125,708.3077392578125,560.0264892578125,728.5403442382812,499.33258056640625,759.1851196289062,587.28662109375,732.3271484375,495.1708984375,817.982421875,533.3556518554688,797.365966796875,528.2589721679688,798.4594116210938,526.23583984375,867.531005859375,590.9490966796875,864.1728515625,489.6024169921875,940.94482421875,609.2576293945312,934.5416259765625
540.5698852539062,661.794921875,541.1488037109375,655.5938110351562,534.1570434570312,655.8441772460938,533.6536865234375,661.1556396484375,516.6707153320312,661.3319091796875,529.0216064453125,700.11328125,502.7906494140625,703.3133544921875,545.2532958984375,733.8345336914062,483.76043701171875,756.9217529296875,566.966064453125,752.4578247070312,481.4270324707031,814.32958984375,521.3887939453125,795.9190673828125,512.3863525390625,798.697265625,528.1570434570312,863.0504150390625,572.1854858398438,863.314208984375,494.5110168457031,938.3699951171875,576.7042236328125,938.1728515625
533.6830444335938,656.9682006835938,533.351318359375,650.0360717773438,525.1224365234375,651.5708618164062,525.45751953125,658.7235717773438,504.0370788574219,661.4053344726562,526.4803466796875,699.65380859375,487.94818115234375,706.560302734375,538.81298828125,729.9837646484375,471.3548583984375,762.0850830078125,557.9899291992188,748.9312133789062,469.4208068847656,815.0652465820312,520.614013671875,791.1513061523438,500.4320068359375,795.0210571289062,536.6572265625,860.94189453125,550.9195556640625,863.09521484375,500.6076965332031,940.7700805664062,540.7039794921875,942.82177734375
525.2474365234375,661.24072265625,525.7584228515625,653.7750854492188,516.567626953125,655.3815307617188,520.3975219726562,658.5880737304688,496.65557861328125,661.4697875976562,520.2709350585938,694.8281860351562,481.83636474609375,701.3482666015625,521.310791015625,733.7726440429688,465.2381591796875,761.1143798828125,530.29248046875,754.6834716796875,463.3085632324219,814.6858520507812,512.9004516601562,789.467041015625,489.7630920410156,793.4309692382812,536.3125610351562,859.5543823242188,531.0323486328125,862.22607421875,500.43798828125,940.068359375,504.22735595703125,942.7874755859375
517.7578735351562,658.5562133789062,517.8355102539062,650.3543701171875,508.64215087890625,653.6548461914062,513.7252197265625,655.2763671875,490.5255126953125,662.2069091796875,515.2909545898438,693.7276611328125,477.05096435546875,701.9586181640625,507.9757080078125,733.9026489257812,450.0062255859375,753.421142578125,510.72076416015625,771.2942504882812,447.49127197265625,806.9291381835938,504.0997009277344,790.4461669921875,480.34564208984375,794.6339111328125,521.675048828125,866.7474365234375,510.1219482421875,870.0302734375,488.3140869140625,942.3861694335938,481.79736328125,945.7135620117188
515.1209716796875,665.788330078125,513.4749755859375,658.1094970703125,507.5400390625,661.6541748046875,505.7892150878906,662.5635375976562,491.00555419921875,669.8565063476562,506.195556640625,696.9254760742188,474.4741516113281,707.3006591796875,498.42974853515625,732.357666015625,438.6594543457031,755.9825439453125,502.56304931640625,769.5621337890625,438.19775390625,810.6710205078125,491.52960205078125,798.3565063476562,473.164306640625,803.4078369140625,502.124267578125,875.5875244140625,499.9049072265625,880.2393798828125,461.3625183105469,941.0833740234375,467.28790283203125,945.9589233398438
510.4072265625,673.8160400390625,509.387451171875,666.0419921875,502.4913330078125,669.8194580078125,503.17401123046875,671.808349609375,485.72705078125,679.8817749023438,504.8775329589844,707.2520141601562,466.333740234375,719.25390625,495.83636474609375,739.325439453125,428.20623779296875,762.530517578125,497.38232421875,775.85693359375,426.0533752441406,808.1911010742188,487.7262268066406,806.237548828125,458.4962158203125,812.3516235351562,513.1931762695312,878.3446044921875,455.42864990234375,886.3628540039062,488.93157958984375,941.0657958984375,398.93060302734375,953.5302734375
506.25128173828125,689.7908935546875,504.53668212890625,682.142333984375,500.3717041015625,684.7615356445312,490.7283935546875,684.142333984375,484.0802307128906,690.5143432617188,484.92449951171875,715.7909545898438,463.16455078125,728.0274658203125,475.5068664550781,753.531494140625,435.06610107421875,776.744384765625,477.7767333984375,796.3463745117188,425.39349365234375,820.6702880859375,466.68939208984375,812.208251953125,444.3092041015625,816.8292236328125,507.97265625,880.908935546875,424.91839599609375,888.5963745117188,496.25567626953125,951.4803466796875,352.16717529296875,965.7259521484375
500.9752197265625,702.860107421875,501.31475830078125,695.691162109375,494.148681640625,698.172119140625,493.8109130859375,697.9440307617188,476.36932373046875,703.7697143554688,487.70794677734375,727.78662109375,454.14068603515625,741.37841796875,477.39678955078125,768.482177734375,434.0459289550781,795.8043823242188,468.565185546875,810.1900634765625,435.43475341796875,840.4682006835938,460.47711181640625,819.136962890625,429.7398376464844,825.3422241210938,501.4874267578125,880.7760009765625,404.26519775390625,891.1614990234375,499.1673889160156,948.1334838867188,342.4367980957031,967.1152954101562
500.2072448730469,709.2215576171875,499.40789794921875,701.7967529296875,493.8966064453125,704.6728515625,485.78656005859375,703.2321166992188,474.8065185546875,710.8995361328125,470.2986145019531,732.0147705078125,454.275146484375,753.0277099609375,464.728271484375,776.20166015625,445.863525390625,820.1358642578125,462.164794921875,817.1004638671875,454.98822021484375,868.5496215820312,440.927001953125,825.0732421875,421.5903625488281,834.8223876953125,491.1211853027344,883.4315185546875,403.07305908203125,897.8330078125,492.38470458984375,946.676513671875,341.626220703125,970.6126098632812
502.3409423828125,709.2507934570312,501.332275390625,701.5123291015625,496.568115234375,704.642822265625,485.220458984375,700.7504272460938,479.90093994140625,710.2214965820312,467.149169921875,730.6704711914062,457.8226318359375,752.239501953125,463.1759033203125,777.1068115234375,457.757568359375,820.50634765625,473.26910400390625,827.5213623046875,470.33245849609375,865.6402587890625,429.52203369140625,821.4971923828125,414.5054931640625,831.0450439453125,486.80352783203125,882.8277587890625,400.98529052734375,897.9698486328125,489.3104553222656,946.0808715820312,341.10797119140625,973.2559204101562
505.9750671386719,700.9501953125,503.89849853515625,694.1588134765625,501.9893798828125,696.8228759765625,485.4220275878906,695.8818359375,488.656005859375,704.3809204101562,469.69598388671875,725.8472900390625,464.0545349121094,747.5196533203125,470.0204772949219,768.9759521484375,466.964111328125,816.1206665039062,480.7177734375,810.2235717773438,482.0281982421875,856.203125,434.73431396484375,812.849609375,422.3462219238281,822.0533447265625,483.2423400878906,879.1723022460938,401.10772705078125,894.2144165039062,482.70343017578125,942.98291015625,342.4884033203125,970.51708984375
506.632568359375,692.250244140625,503.6094970703125,685.09033203125,503.16656494140625,688.304931640625,483.802001953125,685.7584228515625,492.6459045410156,695.6144409179688,467.91485595703125,717.4697265625,471.67254638671875,739.1214599609375,460.97607421875,766.6732177734375,469.73651123046875,808.5357055664062,471.9039001464844,818.0015869140625,483.23760986328125,850.338623046875,437.8471984863281,812.7252197265625,433.24639892578125,821.4644165039062,474.02166748046875,879.132568359375,406.732177734375,893.7339477539062,464.34918212890625,939.79150390625,345.1842041015625,965.6243896484375
512.1826171875,685.8143310546875,507.4298400878906,677.608642578125,510.37261962890625,681.5213623046875,481.8846130371094,670.6327514648438,501.6415100097656,683.6625366210938,459.34527587890625,694.2574462890625,482.62847900390625,725.0162353515625,445.0572509765625,746.1234741210938,483.1182861328125,796.6944580078125,456.99005126953125,804.8345947265625,496.85430908203125,839.6720581054688,435.8799133300781,801.3612060546875,444.5631408691406,816.7869873046875,470.24749755859375,869.576416015625,417.93109130859375,892.564453125,457.4349060058594,927.0028076171875,357.94580078125,962.500244140625
512.9873046875,674.3955078125,506.8230285644531,665.86181640625,511.22259521484375,670.2489013671875,479.90704345703125,661.9263916015625,504.62347412109375,675.418212890625,455.23199462890625,691.2761840820312,492.6605224609375,718.38525390625,439.5731506347656,741.8756103515625,489.19146728515625,788.2978515625,464.61224365234375,792.5006103515625,510.32611083984375,831.35791015625,426.04364013671875,795.6185302734375,445.8175964355469,808.4185791015625,454.2032775878906,869.177734375,429.15087890625,886.3049926757812,431.5119323730469,934.048828125,364.4410400390625,958.65234375
514.148193359375,667.3270874023438,506.6034851074219,659.655029296875,511.85565185546875,662.9835205078125,476.2874755859375,659.82177734375,504.06768798828125,668.8775634765625,453.10748291015625,692.5699462890625,496.879150390625,710.5596923828125,424.16827392578125,733.7499389648438,501.3232421875,777.8297119140625,423.97625732421875,763.6891479492188,513.6953125,821.9785766601562,429.9894104003906,792.3885498046875,453.7689208984375,798.120849609375,456.74432373046875,870.0038452148438,441.0196533203125,876.99267578125,432.9401550292969,935.7947998046875,381.6142578125,947.2628173828125
518.4735717773438,656.821533203125,510.3212585449219,648.3016357421875,516.5140380859375,652.7415771484375,478.9361572265625,647.0704345703125,510.8196716308594,659.461669921875,458.5787658691406,677.5247192382812,501.4437255859375,705.5044555664062,430.05401611328125,712.2141723632812,506.90997314453125,771.7311401367188,420.5738525390625,745.3683471679688,512.964599609375,811.690185546875,441.45147705078125,787.25537109375,465.90142822265625,798.2650146484375,463.31201171875,859.210693359375,454.66778564453125,874.190185546875,436.0485534667969,919.9427490234375,404.78594970703125,941.6306762695312
521.5427856445312,645.68896484375,513.1185302734375,637.40087890625,520.27197265625,641.3111572265625,482.2889404296875,638.265625,515.57861328125,649.458740234375,458.7996826171875,669.4432983398438,509.19122314453125,695.1607666015625,425.8414306640625,703.0157470703125,513.9547119140625,760.2259521484375,413.3746337890625,729.4370727539062,524.1561279296875,804.09423828125,446.39556884765625,778.9691162109375,475.1903076171875,790.27880859375,470.85015869140625,854.3303833007812,471.21307373046875,868.530029296875,445.10760498046875,915.0772705078125,419.6038818359375,932.416015625
523.7297973632812,640.2620849609375,516.216064453125,632.11962890625,523.36865234375,635.8438720703125,486.7958679199219,631.4072265625,518.5303955078125,642.7921752929688,458.1479187011719,661.602783203125,513.9531860351562,689.4380493164062,423.1473388671875,696.0772705078125,519.6678466796875,752.50341796875,411.1212158203125,726.382080078125,533.8863525390625,800.3226928710938,448.79888916015625,774.544921875,482.04339599609375,787.56591796875,466.56640625,848.3270263671875,482.1766662597656,864.8831176757812,440.3597717285156,906.643798828125,433.083984375,927.8135375976562
527.0211791992188,627.745849609375,519.5934448242188,620.20947265625,526.1484985351562,623.1675415039062,489.68927001953125,622.98486328125,522.6082763671875,631.8030395507812,461.9215087890625,660.8068237304688,523.1747436523438,678.403564453125,422.796630859375,695.2426147460938,527.884521484375,741.097412109375,418.57635498046875,713.319580078125,544.763671875,784.6259765625,453.8839416503906,770.1073608398438,492.72393798828125,776.3375244140625,461.61810302734375,843.24951171875,489.81903076171875,849.5971069335938,439.1488037109375,912.0056762695312,454.82647705078125,919.6510009765625
531.5224609375,620.3619384765625,524.2235717773438,612.650634765625,530.4959716796875,615.166015625,494.17254638671875,615.58740234375,525.5169677734375,623.2487182617188,466.9686584472656,654.0060424804688,526.812744140625,669.1594848632812,433.9412841796875,693.0140380859375,532.1959228515625,728.6092529296875,429.56719970703125,721.0311279296875,548.2412719726562,774.516357421875,459.39898681640625,762.7987060546875,498.48468017578125,768.76904296875,463.08197021484375,837.9051513671875,502.35723876953125,843.861328125,445.04473876953125,916.913330078125,478.09808349609375,923.1696166992188
535.49658203125,617.3538208007812,528.4166259765625,609.6688842773438,534.4223022460938,611.457763671875,497.5930480957031,613.596923828125,528.6975708007812,618.73193359375,471.4178466796875,654.7376708984375,529.8109741210938,664.2169799804688,443.476318359375,699.5721435546875,541.2235107421875,724.1082763671875,447.3699951171875,726.574951171875,560.7210083007812,768.186279296875,464.6986083984375,759.970458984375,504.01531982421875,763.4869995117188,467.97943115234375,832.8707885742188,514.6116943359375,834.8265380859375,448.5723876953125,914.5790405273438,500.8918762207031,917.8555297851562
538.208740234375,616.3700561523438,530.8236694335938,609.4314575195312,537.03515625,611.6017456054688,502.8121032714844,613.9556884765625,532.572265625,619.6130981445312,479.0230712890625,651.0927734375,535.8048095703125,663.9757080078125,449.069580078125,693.605224609375,547.9973754882812,722.7804565429688,436.9039306640625,721.7061767578125,564.2213134765625,770.331787109375,472.2008972167969,757.8078002929688,511.3975524902344,763.88720703125,469.27618408203125,834.4639892578125,529.4552612304688,839.724853515625,452.40753173828125,911.9061279296875,523.7813720703125,915.2612915039062
543.7325439453125,617.710205078125,535.7049560546875,610.49951171875,541.7971801757812,612.0911254882812,506.4720153808594,615.2242431640625,535.7717895507812,618.7103271484375,486.62249755859375,656.1902465820312,539.5772705078125,661.5711669921875,457.7093811035156,698.0535278320312,554.17041015625,717.984619140625,445.71588134765625,726.6524047851562,574.6646728515625,766.5767822265625,481.09710693359375,757.57470703125,519.006103515625,759.3533935546875,474.2974548339844,833.4339599609375,537.7639770507812,832.6468505859375,457.497802734375,914.539794921875,542.09228515625,910.209228515625
549.7315673828125,621.5364990234375,542.4306030273438,614.3348388671875,548.2775268554688,615.9042358398438,513.9635620117188,618.5518798828125,543.33740234375,622.6142578125,491.78851318359375,658.9190673828125,545.746826171875,665.2523193359375,462.63739013671875,703.2166748046875,560.7760620117188,721.6395874023438,454.5386962890625,735.5205688476562,582.9644775390625,767.67724609375,484.9556884765625,758.6394653320312,523.77734375,761.0656127929688,480.7658386230469,833.6170654296875,546.58984375,834.1763305664062,460.1194152832031,912.7124633789062,549.203369140625,910.4266357421875
554.861083984375,621.14208984375,546.2645263671875,613.7359619140625,552.9392700195312,615.8775634765625,516.5880126953125,619.6936645507812,546.8921508789062,624.4315795898438,496.8208923339844,660.6732177734375,554.0767822265625,667.9396362304688,471.93023681640625,704.3480224609375,570.059814453125,720.4845581054688,462.572021484375,738.4217529296875,591.3893432617188,763.9659423828125,492.42510986328125,760.8359375,532.8787231445312,764.171142578125,485.7016296386719,834.8552856445312,554.8334350585938,836.67236328125,462.9764099121094,910.7239379882812,552.569580078125,910.9835205078125
558.9219360351562,619.097900390625,550.08056640625,612.0308227539062,557.1325073242188,614.23779296875,519.1075439453125,618.2014770507812,550.1631469726562,623.5613403320312,499.6015319824219,661.412841796875,557.2332763671875,669.472900390625,471.45452880859375,707.091552734375,576.6508178710938,723.76171875,462.747314453125,737.9522705078125,603.016357421875,760.479736328125,501.68267822265625,764.294189453125,542.711669921875,768.010009765625,489.0888977050781,837.0076904296875,559.45751953125,839.6572265625,460.866455078125,907.8598022460938,554.093017578125,910.2744140625
560.8681030273438,617.6079711914062,552.9489135742188,610.8723754882812,559.7682495117188,612.703369140625,524.0819091796875,616.0057373046875,553.9312744140625,620.98046875,504.5870361328125,657.1666259765625,559.991455078125,665.1407470703125,481.0086669921875,704.9507446289062,584.9189453125,717.9907836914062,472.8209228515625,739.5547485351562,613.9940185546875,750.4070434570312,506.2601318359375,761.034423828125,545.016845703125,765.0302124023438,497.85125732421875,833.304931640625,562.8782348632812,837.5238647460938,469.5103454589844,901.110107421875,552.7217407226562,906.7098388671875
564.3775024414062,617.318603515625,557.50927734375,610.5836791992188,563.2396850585938,611.7400512695312,529.5126953125,614.6533203125,556.7589111328125,618.546630859375,506.2161865234375,654.5765991210938,562.2896118164062,661.652587890625,487.2715759277344,706.5789184570312,591.4935302734375,713.8565673828125,483.84466552734375,749.0220947265625,617.4954833984375,744.2847290039062,509.23175048828125,758.37109375,547.1362915039062,762.2493896484375,508.156494140625,830.1322631835938,563.1675415039062,835.58203125,482.10125732421875,896.383056640625,543.218017578125,903.5306396484375
568.8236694335938,612.3760986328125,561.447509765625,605.3846435546875,567.1168823242188,607.026611328125,531.8963623046875,609.18359375,557.400634765625,614.3665161132812,510.5926513671875,649.365478515625,564.7262573242188,658.478271484375,496.1529541015625,702.9891357421875,598.6181640625,707.9017944335938,491.0071105957031,747.6025390625,627.9639892578125,729.3531494140625,517.1908569335938,754.113037109375,553.28076171875,759.1837158203125,513.899169921875,825.7548828125,565.2955322265625,833.2125244140625,492.06170654296875,891.9603271484375,547.0296020507812,904.06982421875
569.4081420898438,608.0693969726562,562.55908203125,601.26318359375,568.65771484375,602.5363159179688,534.3206176757812,605.5849609375,563.4007568359375,610.07275390625,513.0526123046875,646.40966796875,571.9306640625,653.7310180664062,499.63446044921875,699.319580078125,607.3245849609375,700.2880859375,497.9574279785156,743.4913330078125,634.4054565429688,719.5321655273438,521.0909423828125,749.1724853515625,559.2265014648438,753.3533935546875,518.3685913085938,823.0925903320312,562.1385498046875,829.460205078125,509.39544677734375,894.7824096679688,549.7994995117188,904.9375
572.0999145507812,605.4051513671875,566.0421142578125,598.2921142578125,571.5614624023438,599.8201904296875,539.4185180664062,601.3316650390625,567.676025390625,606.3091430664062,518.31005859375,643.56884765625,576.9802856445312,648.817138671875,499.59027099609375,699.8604125976562,611.4696655273438,691.4814453125,502.44464111328125,740.7613525390625,643.301513671875,698.177734375,524.7855834960938,750.4891357421875,561.8148803710938,753.2684326171875,526.3831787109375,823.789306640625,560.5731201171875,827.93017578125,519.1260986328125,895.4747314453125,548.4891967773438,903.0069580078125
571.6485595703125,606.7385864257812,565.7059326171875,599.879638671875,571.585205078125,601.1854858398438,540.306640625,601.873046875,570.115478515625,606.1539916992188,520.4901123046875,641.9481201171875,579.6470947265625,646.0865478515625,502.28436279296875,696.7772216796875,616.1553344726562,687.7213134765625,504.357421875,733.163330078125,646.1995239257812,691.6832885742188,528.5115966796875,746.097412109375,564.751953125,748.4185791015625,537.7221069335938,820.71044921875,562.197021484375,824.2518310546875,538.01904296875,892.8055419921875,550.8682861328125,899.56787109375
573.93212890625,605.0303955078125,567.9986572265625,598.205078125,573.9861450195312,599.131103515625,543.2782592773438,601.114990234375,570.67236328125,604.4893798828125,524.9461059570312,639.65869140625,579.9723510742188,645.20166015625,513.41650390625,692.5782470703125,621.3580322265625,688.9983520507812,509.3898010253906,730.3330688476562,648.5394287109375,689.6573486328125,535.1151733398438,743.0791015625,567.3167724609375,745.550537109375,545.9033813476562,817.821533203125,563.470703125,823.801513671875,549.7601928710938,884.3663330078125,546.12939453125,896.7302856445312
574.9443969726562,603.7922973632812,569.333251953125,597.232666015625,575.0443115234375,597.8042602539062,544.66259765625,600.2540283203125,571.3621826171875,602.89599609375,526.2833862304688,638.9630126953125,580.8248901367188,643.2798461914062,515.096435546875,693.0189208984375,625.68603515625,684.682373046875,506.9398193359375,732.701416015625,650.607666015625,680.5742797851562,537.6498413085938,742.1373291015625,569.0432739257812,744.059326171875,547.076171875,816.638916015625,561.4931640625,822.8270874023438,555.2807006835938,881.8408813476562,546.6879272460938,895.595458984375
576.6014404296875,605.2433471679688,570.847900390625,598.630859375,577.0134887695312,599.1699829101562,546.1419067382812,601.31640625,574.5574340820312,603.8534545898438,527.5435180664062,640.358642578125,584.2923583984375,643.9459228515625,514.8712768554688,694.1609497070312,626.3992919921875,684.718994140625,508.52313232421875,734.4854736328125,649.9483642578125,682.7239990234375,539.6366577148438,742.72314453125,572.5438232421875,744.2902221679688,551.013916015625,815.392578125,564.8392333984375,820.80615234375,559.6531982421875,879.9862060546875,548.73681640625,892.118408203125
578.8489990234375,602.8876342773438,573.368896484375,596.3385009765625,578.94921875,596.879638671875,548.5831909179688,599.6455078125,575.3450317382812,602.386474609375,528.556396484375,639.2825927734375,584.7813720703125,643.8099365234375,516.3645629882812,693.290283203125,624.853759765625,684.7054443359375,507.61297607421875,736.2296142578125,644.5123291015625,683.7219848632812,540.7481079101562,741.19873046875,573.4710693359375,743.3211669921875,553.7337646484375,813.1156005859375,568.245361328125,819.8118896484375,561.71240234375,875.9804077148438,550.5865478515625,890.710693359375
582.9625244140625,600.5714111328125,575.8767700195312,593.6846313476562,581.8865966796875,594.978271484375,548.0462646484375,596.1682739257812,577.994140625,599.7821655273438,528.7597045898438,637.88916015625,589.2508544921875,640.3544921875,511.9362487792969,695.81982421875,624.5468139648438,681.7828369140625,507.48004150390625,736.043212890625,644.1380615234375,685.6229248046875,538.5784912109375,740.494140625,575.135986328125,742.3609619140625,557.7807006835938,813.0616455078125,574.2236328125,816.25146484375,562.429931640625,882.784912109375,558.361328125,889.1767578125
582.417236328125,596.3502197265625,575.6104736328125,589.512939453125,581.82275390625,590.8082885742188,548.847412109375,592.9312133789062,579.82373046875,596.8050537109375,529.6226806640625,634.994140625,590.145751953125,639.9107666015625,516.2926025390625,692.5074462890625,625.7468872070312,684.3517456054688,510.24310302734375,734.2362670898438,641.6756591796875,690.496337890625,540.0821533203125,737.9815063476562,576.9664306640625,741.2195434570312,563.3101806640625,807.6961669921875,581.279052734375,813.576904296875,563.8323974609375,876.1380615234375,562.5111694335938,887.3161010742188
585.0655517578125,595.73779296875,576.8275756835938,589.153564453125,583.69970703125,590.1568603515625,548.1337280273438,593.8840942382812,580.003173828125,596.2683715820312,528.71142578125,636.3150024414062,591.0372924804688,638.591064453125,520.0584106445312,693.356689453125,622.9885864257812,684.9700317382812,517.80078125,734.8236083984375,637.154296875,701.8365478515625,540.7992553710938,737.9075927734375,580.0162353515625,740.7637939453125,564.349853515625,808.310791015625,589.9320068359375,812.916015625,560.5899047851562,875.6976318359375,566.0927124023438,883.2958374023438
583.8820190429688,594.4876708984375,576.2352294921875,587.9071655273438,582.994873046875,588.816650390625,549.6117553710938,592.736328125,583.294677734375,594.7944946289062,529.5917358398438,635.2413940429688,595.3381958007812,636.5771484375,518.5109252929688,691.63818359375,622.5636596679688,684.12841796875,520.3653564453125,733.426025390625,633.59716796875,707.4390258789062,542.0525512695312,736.5010986328125,583.95849609375,738.8221435546875,567.0651245117188,807.537841796875,594.9656372070312,811.0101318359375,561.724853515625,871.7999267578125,569.5897216796875,876.902587890625
582.6159057617188,596.8623046875,576.4066162109375,590.2220458984375,582.7230834960938,590.9653930664062,555.2658081054688,594.4127197265625,584.275390625,595.8397216796875,539.097900390625,634.2364501953125,596.0924072265625,635.5489501953125,529.4361572265625,687.6527099609375,620.486328125,684.10302734375,532.0670166015625,731.3438720703125,636.8057250976562,714.897705078125,553.1848754882812,734.6497192382812,589.2990112304688,735.6082763671875,571.7503662109375,800.9339599609375,598.8342895507812,802.72998046875,562.5393676757812,857.06103515625,570.316162109375,860.674560546875
